order_date,customer,product,category,region,quantity,unit_price,discount,revenue
2024-01-01 00:00:00.000000000,Customer_496,Tablet,Electronics,Punjab,3,60000,0.19813494190533418,144335.71045703985
2024-01-01 03:30:16.923384676,Customer_31,Keyboard,Accessories,Balochistan,4,5000,0.04672682411252954,19065.46351774941
2024-01-01 07:00:33.846769353,Customer_162,Mouse,Accessories,Sindh,5,3000,0.016664957455826523,14750.025638162602
2024-01-01 10:30:50.770154030,Customer_818,Tablet,Electronics,Sindh,3,60000,0.24964020164640716,135064.7637036467
2024-01-01 14:01:07.693538707,Customer_705,Headphones,Accessories,KPK,1,8000,0.006204302861287286,7950.365577109702
2024-01-01 17:31:24.616923384,Customer_722,Smartwatch,Wearables,KPK,4,25000,0.2088110150397164,79118.89849602836
2024-01-01 21:01:41.540308061,Customer_378,Mouse,Accessories,Islamabad,5,3000,0.0913417103876632,13629.874344185051
2024-01-02 00:31:58.463692738,Customer_446,Mouse,Accessories,Islamabad,1,3000,0.21040386493945382,2368.7884051816386
2024-01-02 04:02:15.387077415,Customer_744,Tablet,Electronics,KPK,1,60000,0.13865512280278625,51680.692631832826
2024-01-02 07:32:32.310462092,Customer_427,Smartphone,Electronics,Islamabad,1,90000,0.22540780737159002,69713.29733655689
2024-01-02 11:02:49.233846769,Customer_696,Headphones,Accessories,Punjab,1,8000,0.23154824660365667,6147.614027170746
2024-01-02 14:33:06.157231446,Customer_504,Tablet,Electronics,Punjab,3,60000,0.002274545320193999,179590.5818423651
2024-01-02 18:03:23.080616123,Customer_527,Headphones,Accessories,Islamabad,3,8000,0.018853043998197067,23547.52694404327
2024-01-02 21:33:40.004000800,Customer_944,Headphones,Accessories,KPK,3,8000,0.06258968239271387,22497.847622574867
2024-01-03 01:03:56.927385477,Customer_817,Smartwatch,Wearables,Punjab,5,25000,0.16732885409087542,104083.89323864058
2024-01-03 04:34:13.850770154,Customer_721,Mouse,Accessories,Sindh,5,3000,0.2220680491278765,11668.979263081852
2024-01-03 08:04:30.774154830,Customer_684,Keyboard,Accessories,KPK,5,5000,0.11498548782349069,22125.362804412733
2024-01-03 11:34:47.697539507,Customer_778,Smartwatch,Wearables,Balochistan,2,25000,0.15174327906856636,42412.83604657168
2024-01-03 15:05:04.620924184,Customer_532,Smartwatch,Wearables,Balochistan,5,25000,0.047124963198890285,119109.37960013872
2024-01-03 18:35:21.544308861,Customer_582,Headphones,Accessories,KPK,3,8000,0.20124170847042133,19170.19899670989
2024-01-03 22:05:38.467693538,Customer_520,Monitor,Electronics,Islamabad,3,45000,0.24183202783836744,102352.6762418204
2024-01-04 01:35:55.391078215,Customer_941,Mouse,Accessories,Punjab,2,3000,0.06714973322864937,5597.101600628103
2024-01-04 05:06:12.314462892,Customer_34,Smartphone,Electronics,Punjab,2,90000,0.12370648790013658,157732.83217797542
2024-01-04 08:36:29.237847569,Customer_736,Smartwatch,Wearables,KPK,5,25000,0.02152902762659345,122308.87154667581
2024-01-04 12:06:46.161232246,Customer_691,Keyboard,Accessories,Sindh,4,5000,0.1397841641157421,17204.316717685157
2024-01-04 15:37:03.084616923,Customer_758,Monitor,Electronics,Islamabad,2,45000,0.12569586046167014,78687.37255844969
2024-01-04 19:07:20.008001600,Customer_490,Monitor,Electronics,Sindh,1,45000,0.0361091210387694,43375.08955325538
2024-01-04 22:37:36.931386277,Customer_772,Smartphone,Electronics,KPK,3,90000,0.11051655327951876,240160.53061452994
2024-01-05 02:07:53.854770954,Customer_620,Smartwatch,Wearables,KPK,1,25000,0.08352616302164081,22911.84592445898
2024-01-05 05:38:10.778155631,Customer_754,Keyboard,Accessories,Sindh,3,5000,0.13045771882629734,13043.13421760554
2024-01-05 09:08:27.701540308,Customer_423,Mouse,Accessories,Balochistan,3,3000,0.1464135838571998,7682.2777452852015
2024-01-05 12:38:44.624924985,Customer_468,Laptop,Electronics,KPK,2,150000,0.002123894651802377,299362.83160445926
2024-01-05 16:09:01.548309661,Customer_24,Keyboard,Accessories,Islamabad,2,5000,0.19025149573738884,8097.485042626111
2024-01-05 19:39:18.471694338,Customer_216,Smartphone,Electronics,Sindh,1,90000,0.1782535729654352,73957.17843311084
2024-01-05 23:09:35.395079015,Customer_55,Monitor,Electronics,Balochistan,3,45000,0.09157159655163055,122637.83446552987
2024-01-06 02:39:52.318463692,Customer_26,Mouse,Accessories,Sindh,1,3000,0.013233983892204565,2960.2980483233864
2024-01-06 06:10:09.241848369,Customer_281,Keyboard,Accessories,Balochistan,4,5000,0.1887331349462626,16225.337301074747
2024-01-06 09:40:26.165233046,Customer_804,Laptop,Electronics,Balochistan,1,150000,0.2387937901195331,114180.93148207002
2024-01-06 13:10:43.088617723,Customer_327,Laptop,Electronics,Islamabad,5,150000,0.06003789900550355,704971.5757458723
2024-01-06 16:41:00.012002400,Customer_970,Headphones,Accessories,KPK,1,8000,0.08088115343425947,7352.950772525924
2024-01-06 20:11:16.935387077,Customer_186,Headphones,Accessories,Balochistan,5,8000,0.04595322237045374,38161.87110518185
2024-01-06 23:41:33.858771754,Customer_495,Tablet,Electronics,KPK,5,60000,0.14423403083620992,256729.79074913703
2024-01-07 03:11:50.782156431,Customer_12,Smartphone,Electronics,Islamabad,5,90000,0.038710348661863736,432580.3431021613
2024-01-07 06:42:07.705541108,Customer_641,Smartwatch,Wearables,KPK,4,25000,0.08904848586534486,91095.15141346552
2024-01-07 10:12:24.628925785,Customer_884,Keyboard,Accessories,Punjab,1,5000,0.17425325348356574,4128.733732582172
2024-01-07 13:42:41.552310462,Customer_434,Keyboard,Accessories,Balochistan,1,5000,0.1400289957523371,4299.855021238314
2024-01-07 17:12:58.475695139,Customer_921,Smartwatch,Wearables,Islamabad,4,25000,0.09661564108198381,90338.43589180162
2024-01-07 20:43:15.399079816,Customer_208,Tablet,Electronics,Sindh,3,60000,0.10506240045188547,161088.76791866063
2024-01-08 00:13:32.322464492,Customer_133,Monitor,Electronics,Islamabad,2,45000,0.14052772065580738,77352.50514097734
2024-01-08 03:43:49.245849169,Customer_339,Monitor,Electronics,Balochistan,1,45000,0.0014661819717903257,44934.021811269435
2024-01-08 07:14:06.169233846,Customer_196,Tablet,Electronics,Islamabad,2,60000,0.019627467113402464,117644.7039463917
2024-01-08 10:44:23.092618523,Customer_262,Monitor,Electronics,Sindh,4,45000,0.2203145169407529,140343.38695066448
2024-01-08 14:14:40.016003200,Customer_282,Headphones,Accessories,Punjab,3,8000,0.01946974727282269,23532.726065452254
2024-01-08 17:44:56.939387877,Customer_369,Keyboard,Accessories,Balochistan,3,5000,0.1767008990526263,12349.486514210605
2024-01-08 21:15:13.862772554,Customer_103,Tablet,Electronics,Balochistan,3,60000,0.23000954102726315,138598.28261509264
2024-01-09 00:45:30.786157231,Customer_632,Keyboard,Accessories,Islamabad,4,5000,0.06767090107543278,18646.581978491344
2024-01-09 04:15:47.709541908,Customer_183,Smartwatch,Wearables,KPK,5,25000,0.09262285926487857,113422.14259189018
2024-01-09 07:46:04.632926585,Customer_423,Laptop,Electronics,KPK,5,150000,0.14223035146117907,643327.2364041157
2024-01-09 11:16:21.556311262,Customer_9,Headphones,Accessories,Sindh,2,8000,0.22042724240964617,12473.164121445661
2024-01-09 14:46:38.479695939,Customer_557,Mouse,Accessories,Punjab,5,3000,0.23547639681510504,11467.854047773424
2024-01-09 18:16:55.403080616,Customer_244,Headphones,Accessories,Punjab,5,8000,0.18489081202781701,32604.36751888732
2024-01-09 21:47:12.326465293,Customer_782,Tablet,Electronics,Islamabad,3,60000,0.021654940213673507,176102.11076153876
2024-01-10 01:17:29.249849970,Customer_624,Mouse,Accessories,Islamabad,3,3000,0.1672885388837127,7494.403150046586
2024-01-10 04:47:46.173234647,Customer_567,Laptop,Electronics,KPK,2,150000,0.10257593046816552,269227.22085955035
2024-01-10 08:18:03.096619323,Customer_393,Tablet,Electronics,Punjab,1,60000,0.1176752498727654,52939.48500763408
2024-01-10 11:48:20.020004000,Customer_527,Smartphone,Electronics,Punjab,2,90000,0.01228709758629426,177788.32243446703
2024-01-10 15:18:36.943388677,Customer_37,Keyboard,Accessories,Punjab,2,5000,0.047765534836589546,9522.344651634105
2024-01-10 18:48:53.866773354,Customer_178,Laptop,Electronics,Sindh,4,150000,0.19762840188341194,481422.9588699529
2024-01-10 22:19:10.790158031,Customer_639,Keyboard,Accessories,Sindh,4,5000,0.11348970826196494,17730.2058347607
2024-01-11 01:49:27.713542708,Customer_629,Monitor,Electronics,Islamabad,2,45000,0.07541556040778721,83212.59956329915
2024-01-11 05:19:44.636927385,Customer_852,Smartphone,Electronics,KPK,2,90000,0.09600476849123954,162719.1416715769
2024-01-11 08:50:01.560312062,Customer_72,Smartphone,Electronics,Balochistan,2,90000,0.21359987833142005,141552.0219003444
2024-01-11 12:20:18.483696739,Customer_352,Laptop,Electronics,KPK,5,150000,0.18724975435123922,609562.6842365706
2024-01-11 15:50:35.407081416,Customer_623,Smartphone,Electronics,Sindh,4,90000,0.0680788492952707,335491.6142537026
2024-01-11 19:20:52.330466093,Customer_149,Mouse,Accessories,Sindh,2,3000,0.029375460053093327,5823.74723968144
2024-01-11 22:51:09.253850770,Customer_697,Smartphone,Electronics,Islamabad,3,90000,0.06299955541101793,252990.12003902518
2024-01-12 02:21:26.177235447,Customer_105,Keyboard,Accessories,Balochistan,3,5000,0.23018911276368342,11547.163308544748
2024-01-12 05:51:43.100620124,Customer_659,Keyboard,Accessories,Punjab,5,5000,0.14539720946243884,21365.06976343903
2024-01-12 09:22:00.024004801,Customer_221,Tablet,Electronics,Balochistan,5,60000,0.13337005218619571,259988.9843441413
2024-01-12 12:52:16.947389477,Customer_826,Keyboard,Accessories,Balochistan,1,5000,0.14909839992311538,4254.508000384423
2024-01-12 16:22:33.870774154,Customer_863,Tablet,Electronics,Balochistan,1,60000,0.09150706643662881,54509.57601380227
2024-01-12 19:52:50.794158831,Customer_374,Keyboard,Accessories,Islamabad,1,5000,0.2017767550798782,3991.1162246006093
2024-01-12 23:23:07.717543508,Customer_518,Mouse,Accessories,Sindh,5,3000,0.13082156232506245,13037.676565124062
2024-01-13 02:53:24.640928185,Customer_260,Smartwatch,Wearables,Punjab,5,25000,0.029186975692198885,121351.62803847514
2024-01-13 06:23:41.564312862,Customer_299,Tablet,Electronics,Balochistan,5,60000,0.03226628120726574,290320.1156378203
2024-01-13 09:53:58.487697539,Customer_861,Headphones,Accessories,Punjab,3,8000,0.1342147866256546,20778.84512098429
2024-01-13 13:24:15.411082216,Customer_42,Monitor,Electronics,Balochistan,5,45000,0.2341425545177098,172317.9252335153
2024-01-13 16:54:32.334466893,Customer_771,Laptop,Electronics,Sindh,3,150000,0.07708803041904969,415310.38631142763
2024-01-13 20:24:49.257851570,Customer_897,Keyboard,Accessories,Punjab,1,5000,0.21738529221480457,3913.0735389259776
2024-01-13 23:55:06.181236247,Customer_492,Smartphone,Electronics,KPK,1,90000,0.19102389664471983,72807.8493019752
2024-01-14 03:25:23.104620924,Customer_439,Smartwatch,Wearables,Sindh,1,25000,0.06195311072672671,23451.17223183183
2024-01-14 06:55:40.028005601,Customer_783,Keyboard,Accessories,Punjab,2,5000,0.009085187079060614,9909.148129209394
2024-01-14 10:25:56.951390278,Customer_47,Smartphone,Electronics,Balochistan,2,90000,0.025461816285595684,175416.87306859277
2024-01-14 13:56:13.874774955,Customer_85,Monitor,Electronics,Balochistan,4,45000,0.18212348346186005,147217.7729768652
2024-01-14 17:26:30.798159632,Customer_686,Monitor,Electronics,Sindh,4,45000,0.04991743451016167,171014.8617881709
2024-01-14 20:56:47.721544309,Customer_58,Monitor,Electronics,Sindh,4,45000,0.09281773012634845,163292.8085772573
2024-01-15 00:27:04.644928985,Customer_991,Smartphone,Electronics,Balochistan,2,90000,0.1254247915016062,157423.53752971088
2024-01-15 03:57:21.568313662,Customer_711,Keyboard,Accessories,Punjab,2,5000,0.1813670421125407,8186.329578874593
2024-01-15 07:27:38.491698339,Customer_209,Monitor,Electronics,KPK,4,45000,0.028307805814781345,174904.59495333937
2024-01-15 10:57:55.415083016,Customer_248,Mouse,Accessories,Islamabad,4,3000,0.10159160131936537,10780.900784167616
2024-01-15 14:28:12.338467693,Customer_211,Tablet,Electronics,Sindh,5,60000,0.12126822728567385,263619.53181429784
2024-01-15 17:58:29.261852370,Customer_39,Smartphone,Electronics,Balochistan,4,90000,0.13520676599288492,311325.5642425614
2024-01-15 21:28:46.185237047,Customer_252,Smartphone,Electronics,Punjab,5,90000,0.20459016034880417,357934.4278430381
2024-01-16 00:59:03.108621724,Customer_643,Keyboard,Accessories,Sindh,3,5000,0.04291954876080423,14356.206768587936
2024-01-16 04:29:20.032006401,Customer_926,Smartphone,Electronics,Punjab,2,90000,0.20195786295665558,143647.58466780197
2024-01-16 07:59:36.955391078,Customer_803,Smartphone,Electronics,Sindh,4,90000,0.17321960692416305,297640.9415073013
2024-01-16 11:29:53.878775755,Customer_762,Monitor,Electronics,Balochistan,2,45000,0.13896770354973983,77492.90668052342
2024-01-16 15:00:10.802160432,Customer_953,Keyboard,Accessories,Punjab,2,5000,0.17488196760064298,8251.18032399357
2024-01-16 18:30:27.725545109,Customer_413,Monitor,Electronics,Balochistan,2,45000,0.1030044347379141,80729.60087358773
2024-01-16 22:00:44.648929786,Customer_946,Tablet,Electronics,Punjab,3,60000,0.03459939649203114,173772.10863143438
2024-01-17 01:31:01.572314463,Customer_446,Smartwatch,Wearables,Sindh,1,25000,0.16644131006634183,20838.967248341454
2024-01-17 05:01:18.495699139,Customer_52,Tablet,Electronics,Islamabad,4,60000,0.13116807667140556,208519.66159886264
2024-01-17 08:31:35.419083816,Customer_374,Smartwatch,Wearables,Islamabad,1,25000,0.15984370013569388,21003.907496607655
2024-01-17 12:01:52.342468493,Customer_526,Monitor,Electronics,KPK,1,45000,0.0844996952571225,41197.513713429486
2024-01-17 15:32:09.265853170,Customer_931,Tablet,Electronics,KPK,1,60000,0.22671664433495897,46397.00133990246
2024-01-17 19:02:26.189237847,Customer_156,Keyboard,Accessories,Balochistan,2,5000,0.14684246714389423,8531.575328561057
2024-01-17 22:32:43.112622524,Customer_954,Laptop,Electronics,Punjab,5,150000,0.021350621072718456,733987.0341954612
2024-01-18 02:03:00.036007201,Customer_542,Monitor,Electronics,KPK,2,45000,0.11245099767610717,79879.41020915034
2024-01-18 05:33:16.959391878,Customer_90,Smartwatch,Wearables,Sindh,2,25000,0.18908901368590858,40545.54931570457
2024-01-18 09:03:33.882776555,Customer_903,Mouse,Accessories,Islamabad,1,3000,0.1985336404330681,2404.3990787007956
2024-01-18 12:33:50.806161232,Customer_679,Smartwatch,Wearables,Punjab,2,25000,0.12364926319093969,43817.536840453016
2024-01-18 16:04:07.729545909,Customer_351,Mouse,Accessories,Islamabad,1,3000,0.22368689270782527,2328.939321876524
2024-01-18 19:34:24.652930586,Customer_69,Smartphone,Electronics,Punjab,5,90000,0.06691710929857439,419887.30081564153
2024-01-18 23:04:41.576315263,Customer_163,Tablet,Electronics,KPK,4,60000,0.10264967430956665,215364.078165704
2024-01-19 02:34:58.499699940,Customer_242,Mouse,Accessories,KPK,1,3000,0.22464922764224252,2326.0523170732727
2024-01-19 06:05:15.423084617,Customer_495,Smartwatch,Wearables,Balochistan,5,25000,0.22406417911789472,96991.97761026316
2024-01-19 09:35:32.346469294,Customer_383,Smartphone,Electronics,Punjab,4,90000,0.17142819220617023,298285.8508057787
2024-01-19 13:05:49.269853970,Customer_52,Laptop,Electronics,Sindh,3,150000,0.21474513678055504,353364.68844875024
2024-01-19 16:36:06.193238647,Customer_654,Keyboard,Accessories,KPK,1,5000,0.022193316739058166,4889.033416304709
2024-01-19 20:06:23.116623324,Customer_63,Keyboard,Accessories,Balochistan,1,5000,0.21624874405194408,3918.7562797402798
2024-01-19 23:36:40.040008001,Customer_509,Keyboard,Accessories,KPK,3,5000,0.08015497663755669,13797.67535043665
2024-01-20 03:06:56.963392678,Customer_292,Mouse,Accessories,Islamabad,3,3000,0.04458287810705408,8598.754097036513
2024-01-20 06:37:13.886777355,Customer_91,Laptop,Electronics,KPK,1,150000,0.059842459085511585,141023.63113717327
2024-01-20 10:07:30.810162032,Customer_664,Mouse,Accessories,Punjab,3,3000,0.10449212700347177,8059.570856968754
2024-01-20 13:37:47.733546709,Customer_424,Tablet,Electronics,Balochistan,2,60000,0.0627980011511168,112464.239861866
2024-01-20 17:08:04.656931386,Customer_669,Mouse,Accessories,Punjab,4,3000,0.08014189650412476,11038.297241950504
2024-01-20 20:38:21.580316063,Customer_821,Laptop,Electronics,Sindh,4,150000,0.03374462151791052,579753.2270892537
2024-01-21 00:08:38.503700740,Customer_365,Laptop,Electronics,Sindh,4,150000,0.07404419138974963,555573.4851661503
2024-01-21 03:38:55.427085417,Customer_150,Tablet,Electronics,KPK,2,60000,0.1430709536355003,102831.48556373997
2024-01-21 07:09:12.350470094,Customer_840,Laptop,Electronics,Balochistan,3,150000,0.11046342702276599,400291.4578397553
2024-01-21 10:39:29.273854771,Customer_271,Smartwatch,Wearables,Balochistan,5,25000,0.08667969030897779,114165.03871137777
2024-01-21 14:09:46.197239448,Customer_881,Laptop,Electronics,Balochistan,3,150000,0.1866130322142785,366024.1355035747
2024-01-21 17:40:03.120624124,Customer_581,Keyboard,Accessories,Balochistan,1,5000,0.22337749284832947,3883.112535758353
2024-01-21 21:10:20.044008801,Customer_116,Smartwatch,Wearables,KPK,4,25000,0.18919730572559926,81080.26942744007
2024-01-22 00:40:36.967393478,Customer_704,Smartwatch,Wearables,Punjab,3,25000,0.0830001755294198,68774.98683529352
2024-01-22 04:10:53.890778155,Customer_516,Tablet,Electronics,KPK,5,60000,0.18611054195938842,244166.83741218346
2024-01-22 07:41:10.814162832,Customer_587,Headphones,Accessories,Punjab,1,8000,0.0379950456185128,7696.039635051898
2024-01-22 11:11:27.737547509,Customer_914,Headphones,Accessories,Islamabad,2,8000,0.03257949702282273,15478.728047634837
2024-01-22 14:41:44.660932186,Customer_810,Laptop,Electronics,Islamabad,2,150000,0.08640675925903973,274077.9722222881
2024-01-22 18:12:01.584316863,Customer_241,Smartwatch,Wearables,Punjab,5,25000,0.20192559226101425,99759.30096737322
2024-01-22 21:42:18.507701540,Customer_30,Headphones,Accessories,KPK,1,8000,0.061587061810575466,7507.303505515396
2024-01-23 01:12:35.431086217,Customer_143,Headphones,Accessories,Sindh,4,8000,0.015813352224669897,31493.97272881056
2024-01-23 04:42:52.354470894,Customer_326,Laptop,Electronics,KPK,3,150000,0.03292738380158877,435182.67728928506
2024-01-23 08:13:09.277855571,Customer_695,Headphones,Accessories,Sindh,1,8000,0.21468624213239504,6282.51006294084
2024-01-23 11:43:26.201240248,Customer_949,Mouse,Accessories,KPK,2,3000,0.1584458211868219,5049.325072879068
2024-01-23 15:13:43.124624925,Customer_16,Smartphone,Electronics,Balochistan,5,90000,0.06330029084249417,421514.8691208776
2024-01-23 18:44:00.048009602,Customer_111,Tablet,Electronics,Balochistan,5,60000,0.13882395633204533,258352.81310038638
2024-01-23 22:14:16.971394279,Customer_872,Smartphone,Electronics,Islamabad,3,90000,0.1318949056063376,234388.37548628883
2024-01-24 01:44:33.894778955,Customer_713,Laptop,Electronics,Islamabad,5,150000,0.16385899461016531,627105.7540423761
2024-01-24 05:14:50.818163632,Customer_107,Keyboard,Accessories,Punjab,5,5000,0.05829688860540408,23542.577784864898
2024-01-24 08:45:07.741548309,Customer_379,Tablet,Electronics,Sindh,1,60000,0.21610074679859942,47033.95519208404
2024-01-24 12:15:24.664932986,Customer_162,Laptop,Electronics,Balochistan,4,150000,0.07734214052000321,553594.7156879981
2024-01-24 15:45:41.588317663,Customer_283,Smartwatch,Wearables,KPK,3,25000,0.17353291349405922,61985.03148794556
2024-01-24 19:15:58.511702340,Customer_269,Keyboard,Accessories,Punjab,1,5000,0.004031161593053723,4979.844192034731
2024-01-24 22:46:15.435087017,Customer_484,Smartphone,Electronics,KPK,4,90000,0.09316428247353681,326460.85830952675
2024-01-25 02:16:32.358471694,Customer_667,Laptop,Electronics,Balochistan,1,150000,0.08792745448970207,136810.88182654468
2024-01-25 05:46:49.281856371,Customer_73,Smartwatch,Wearables,Balochistan,1,25000,0.13587110714575362,21603.22232135616
2024-01-25 09:17:06.205241048,Customer_197,Tablet,Electronics,Balochistan,5,60000,0.018184065444299125,294544.78036671027
2024-01-25 12:47:23.128625725,Customer_243,Tablet,Electronics,Balochistan,4,60000,0.19753284343152708,192592.1175764335
2024-01-25 16:17:40.052010402,Customer_598,Monitor,Electronics,KPK,3,45000,0.05444520044189213,127649.89794034456
2024-01-25 19:47:56.975395079,Customer_799,Smartwatch,Wearables,Punjab,3,25000,0.16925945372050255,62305.540970962305
2024-01-25 23:18:13.898779756,Customer_259,Mouse,Accessories,Balochistan,4,3000,0.2008030308110233,9590.36363026772
2024-01-26 02:48:30.822164433,Customer_798,Headphones,Accessories,Islamabad,5,8000,0.14046923906037828,34381.23043758487
2024-01-26 06:18:47.745549109,Customer_149,Keyboard,Accessories,Punjab,2,5000,0.18522080168049637,8147.791983195037
2024-01-26 09:49:04.668933786,Customer_867,Smartwatch,Wearables,Islamabad,1,25000,0.16546507805375138,20863.373048656213
2024-01-26 13:19:21.592318463,Customer_390,Monitor,Electronics,KPK,5,45000,0.0888824492880019,205001.44891019957
2024-01-26 16:49:38.515703140,Customer_988,Headphones,Accessories,Balochistan,4,8000,0.20221463475839133,25529.13168773148
2024-01-26 20:19:55.439087817,Customer_416,Headphones,Accessories,Punjab,1,8000,0.073675342471382,7410.597260228944
2024-01-26 23:50:12.362472494,Customer_426,Laptop,Electronics,Balochistan,3,150000,0.1428032294378793,385738.5467529543
2024-01-27 03:20:29.285857171,Customer_997,Headphones,Accessories,Balochistan,2,8000,0.18634943478538488,13018.409043433841
2024-01-27 06:50:46.209241848,Customer_702,Mouse,Accessories,Punjab,3,3000,0.0947389774531269,8147.349202921858
2024-01-27 10:21:03.132626525,Customer_217,Tablet,Electronics,Balochistan,4,60000,0.07569190190435626,221833.94354295448
2024-01-27 13:51:20.056011202,Customer_928,Monitor,Electronics,Balochistan,1,45000,0.11483650254320568,39832.35738555575
2024-01-27 17:21:36.979395879,Customer_867,Headphones,Accessories,Sindh,4,8000,0.2044908735872884,25456.292045206774
2024-01-27 20:51:53.902780556,Customer_86,Laptop,Electronics,Sindh,1,150000,0.2324804407864162,115127.93388203757
2024-01-28 00:22:10.826165233,Customer_216,Mouse,Accessories,Punjab,5,3000,0.13627085321497254,12955.937201775412
2024-01-28 03:52:27.749549910,Customer_423,Smartphone,Electronics,Punjab,2,90000,0.16536655133091296,150234.02076043567
2024-01-28 07:22:44.672934587,Customer_320,Tablet,Electronics,Balochistan,5,60000,0.22581840555972854,232254.47833208143
2024-01-28 10:53:01.596319264,Customer_118,Tablet,Electronics,Islamabad,5,60000,0.0246367128532356,292608.9861440293
2024-01-28 14:23:18.519703941,Customer_926,Monitor,Electronics,Punjab,4,45000,0.05801964446654126,169556.46399602256
2024-01-28 17:53:35.443088618,Customer_959,Tablet,Electronics,Balochistan,2,60000,0.1772250015628956,98732.99981245253
2024-01-28 21:23:52.366473294,Customer_882,Headphones,Accessories,Islamabad,1,8000,0.20593611547807492,6352.511076175401
2024-01-29 00:54:09.289857971,Customer_992,Laptop,Electronics,Sindh,1,150000,0.21425725708264448,117861.41143760334
2024-01-29 04:24:26.213242648,Customer_415,Tablet,Electronics,Punjab,3,60000,0.10377679421373315,161320.17704152805
2024-01-29 07:54:43.136627325,Customer_599,Tablet,Electronics,Balochistan,1,60000,0.02233497557296671,58659.901465621995
2024-01-29 11:25:00.060012002,Customer_40,Smartphone,Electronics,Sindh,4,90000,0.10944536932490498,320599.6670430342
2024-01-29 14:55:16.983396679,Customer_161,Smartphone,Electronics,KPK,5,90000,0.057683647551763445,424042.35860170645
2024-01-29 18:25:33.906781356,Customer_703,Keyboard,Accessories,Sindh,5,5000,0.07279911374915604,23180.022156271098
2024-01-29 21:55:50.830166033,Customer_537,Mouse,Accessories,Balochistan,5,3000,0.19306688920937645,12103.996661859353
2024-01-30 01:26:07.753550710,Customer_420,Headphones,Accessories,Islamabad,2,8000,0.018881771506471717,15697.891655896452
2024-01-30 04:56:24.676935387,Customer_664,Tablet,Electronics,KPK,1,60000,0.20689530437017553,47586.28173778947
2024-01-30 08:26:41.600320064,Customer_95,Smartwatch,Wearables,KPK,4,25000,0.10691727145604227,89308.27285439578
2024-01-30 11:56:58.523704741,Customer_442,Tablet,Electronics,KPK,2,60000,0.14901598277514877,102118.08206698216
2024-01-30 15:27:15.447089418,Customer_935,Laptop,Electronics,Punjab,3,150000,0.02241305780891975,439914.1239859861
2024-01-30 18:57:32.370474095,Customer_558,Keyboard,Accessories,Balochistan,4,5000,0.08433976958931991,18313.204608213604
2024-01-30 22:27:49.293858772,Customer_973,Mouse,Accessories,KPK,4,3000,0.022425229753711445,11730.897242955463
2024-01-31 01:58:06.217243448,Customer_650,Smartwatch,Wearables,Sindh,4,25000,0.2403859307202774,75961.40692797226
2024-01-31 05:28:23.140628125,Customer_983,Keyboard,Accessories,Islamabad,5,5000,0.2018154123315626,19954.614691710933
2024-01-31 08:58:40.064012802,Customer_466,Monitor,Electronics,Balochistan,4,45000,0.11490818858911506,159316.5260539593
2024-01-31 12:28:56.987397479,Customer_288,Mouse,Accessories,Sindh,1,3000,0.055900637080917776,2832.2980887572467
2024-01-31 15:59:13.910782156,Customer_865,Tablet,Electronics,Punjab,4,60000,0.23336377631246305,183992.69368500885
2024-01-31 19:29:30.834166833,Customer_676,Tablet,Electronics,KPK,5,60000,0.08614914893174294,274155.2553204771
2024-01-31 22:59:47.757551510,Customer_412,Mouse,Accessories,Sindh,4,3000,0.04024610792184369,11517.046704937875
2024-02-01 02:30:04.680936187,Customer_400,Tablet,Electronics,Balochistan,3,60000,0.14079109711348872,154657.60251957204
2024-02-01 06:00:21.604320864,Customer_528,Headphones,Accessories,Sindh,3,8000,0.23594353008620403,18337.355277931103
2024-02-01 09:30:38.527705541,Customer_18,Mouse,Accessories,Punjab,5,3000,0.0009575726250806438,14985.63641062379
2024-02-01 13:00:55.451090218,Customer_136,Keyboard,Accessories,Islamabad,1,5000,0.059531210813499685,4702.343945932502
2024-02-01 16:31:12.374474895,Customer_464,Mouse,Accessories,KPK,1,3000,0.2346119101026019,2296.1642696921945
2024-02-01 20:01:29.297859572,Customer_759,Smartwatch,Wearables,Balochistan,2,25000,0.04277149171429051,47861.42541428548
2024-02-01 23:31:46.221244249,Customer_248,Tablet,Electronics,KPK,5,60000,0.028310862909954965,291506.7411270135
2024-02-02 03:02:03.144628926,Customer_843,Headphones,Accessories,KPK,4,8000,0.14254680394995112,27438.502273601564
2024-02-02 06:32:20.068013603,Customer_710,Headphones,Accessories,KPK,5,8000,0.21546095582370747,31381.5617670517
2024-02-02 10:02:36.991398279,Customer_1,Monitor,Electronics,Sindh,2,45000,0.11927745442348153,79265.02910188666
2024-02-02 13:32:53.914782956,Customer_702,Keyboard,Accessories,Sindh,5,5000,0.2486410641711312,18783.97339572172
2024-02-02 17:03:10.838167633,Customer_381,Smartphone,Electronics,Islamabad,5,90000,0.1697929248844982,373593.1838019758
2024-02-02 20:33:27.761552310,Customer_509,Smartphone,Electronics,Punjab,2,90000,0.018518726802611934,176666.62917552984
2024-02-03 00:03:44.684936987,Customer_460,Mouse,Accessories,Balochistan,1,3000,0.24820803292049384,2255.3759012385185
2024-02-03 03:34:01.608321664,Customer_505,Monitor,Electronics,Sindh,4,45000,0.10197355919504761,161644.75934489144
2024-02-03 07:04:18.531706341,Customer_806,Laptop,Electronics,KPK,2,150000,0.07185063346137063,278444.8099615888
2024-02-03 10:34:35.455091018,Customer_476,Mouse,Accessories,Punjab,3,3000,0.1394697958944714,7744.771836949757
2024-02-03 14:04:52.378475695,Customer_557,Monitor,Electronics,Balochistan,1,45000,0.07607689795521608,41576.53959201527
2024-02-03 17:35:09.301860372,Customer_954,Keyboard,Accessories,Balochistan,3,5000,0.02161437678003808,14675.784348299429
2024-02-03 21:05:26.225245049,Customer_849,Keyboard,Accessories,Balochistan,1,5000,0.00035708576979417983,4998.214571151029
2024-02-04 00:35:43.148629726,Customer_897,Keyboard,Accessories,Balochistan,4,5000,0.11239583823006558,17752.083235398688
2024-02-04 04:06:00.072014403,Customer_32,Keyboard,Accessories,Islamabad,4,5000,0.20921585555664807,15815.682888867037
2024-02-04 07:36:16.995399080,Customer_904,Keyboard,Accessories,Balochistan,5,5000,0.14307879640751914,21423.030089812022
2024-02-04 11:06:33.918783757,Customer_118,Monitor,Electronics,Punjab,3,45000,0.2498018247358602,101276.75366065887
2024-02-04 14:36:50.842168433,Customer_808,Monitor,Electronics,Sindh,1,45000,0.07171166141179999,41772.975236469
2024-02-04 18:07:07.765553110,Customer_184,Headphones,Accessories,Punjab,4,8000,0.07011376619001383,29756.359481919557
2024-02-04 21:37:24.688937787,Customer_191,Smartwatch,Wearables,KPK,2,25000,0.03993736505848605,48003.1317470757
2024-02-05 01:07:41.612322464,Customer_747,Smartphone,Electronics,Islamabad,4,90000,0.041015897066333795,345234.2770561198
2024-02-05 04:37:58.535707141,Customer_750,Tablet,Electronics,Islamabad,2,60000,0.07129664900251195,111444.40211969856
2024-02-05 08:08:15.459091818,Customer_728,Keyboard,Accessories,KPK,1,5000,0.19821001131838178,4008.9499434080913
2024-02-05 11:38:32.382476495,Customer_74,Laptop,Electronics,Punjab,4,150000,0.22643919765911197,464136.4814045328
2024-02-05 15:08:49.305861172,Customer_623,Tablet,Electronics,Punjab,4,60000,0.24377179242692032,181494.76981753914
2024-02-05 18:39:06.229245849,Customer_103,Monitor,Electronics,KPK,1,45000,0.05807241352411316,42386.74139141491
2024-02-05 22:09:23.152630526,Customer_871,Laptop,Electronics,Balochistan,4,150000,0.22032438640352292,467805.36815788626
2024-02-06 01:39:40.076015203,Customer_586,Laptop,Electronics,Balochistan,2,150000,0.08206377231933426,275380.8683041997
2024-02-06 05:09:56.999399880,Customer_420,Laptop,Electronics,Sindh,4,150000,0.028210136129221103,583073.9183224674
2024-02-06 08:40:13.922784557,Customer_473,Headphones,Accessories,Punjab,3,8000,0.2175062313800414,18779.850446879005
2024-02-06 12:10:30.846169234,Customer_764,Monitor,Electronics,Punjab,5,45000,0.15902640866090464,189219.05805129645
2024-02-06 15:40:47.769553911,Customer_114,Laptop,Electronics,KPK,2,150000,0.04118272402026543,287645.18279392034
2024-02-06 19:11:04.692938588,Customer_379,Keyboard,Accessories,KPK,3,5000,0.10745781437825064,13388.13278432624
2024-02-06 22:41:21.616323264,Customer_313,Mouse,Accessories,Balochistan,1,3000,0.07181442371926691,2784.5567288421994
2024-02-07 02:11:38.539707941,Customer_330,Laptop,Electronics,Punjab,2,150000,0.18419864217754925,244740.40734673524
2024-02-07 05:41:55.463092618,Customer_339,Headphones,Accessories,Punjab,5,8000,0.11335405765606701,35465.83769375732
2024-02-07 09:12:12.386477295,Customer_238,Tablet,Electronics,Islamabad,5,60000,0.24731998627659624,225804.00411702113
2024-02-07 12:42:29.309861972,Customer_173,Monitor,Electronics,Sindh,1,45000,0.01368624556489878,44384.118949579555
2024-02-07 16:12:46.233246649,Customer_79,Smartwatch,Wearables,Sindh,1,25000,0.08875381653406167,22781.15458664846
2024-02-07 19:43:03.156631326,Customer_464,Headphones,Accessories,Balochistan,2,8000,0.12047504177749435,14072.399331560091
2024-02-07 23:13:20.080016003,Customer_898,Laptop,Electronics,Punjab,4,150000,0.12578338868707994,524529.966787752
2024-02-08 02:43:37.003400680,Customer_605,Monitor,Electronics,Islamabad,1,45000,0.0789839555964092,41445.721998161585
2024-02-08 06:13:53.926785357,Customer_964,Mouse,Accessories,Punjab,4,3000,0.182310062274392,9812.279252707296
2024-02-08 09:44:10.850170034,Customer_501,Laptop,Electronics,KPK,3,150000,0.21868676837224368,351590.95423249033
2024-02-08 13:14:27.773554711,Customer_562,Headphones,Accessories,Balochistan,5,8000,0.23467982549446575,30612.80698022137
2024-02-08 16:44:44.696939388,Customer_285,Smartphone,Electronics,Sindh,4,90000,0.20127334419988155,287541.59608804266
2024-02-08 20:15:01.620324065,Customer_223,Keyboard,Accessories,Punjab,5,5000,0.21264504932664985,19683.873766833753
2024-02-08 23:45:18.543708742,Customer_593,Smartwatch,Wearables,Balochistan,4,25000,0.13763632515499888,86236.36748450011
2024-02-09 03:15:35.467093418,Customer_266,Tablet,Electronics,Sindh,3,60000,0.20647205660670365,142835.02981079335
2024-02-09 06:45:52.390478095,Customer_667,Headphones,Accessories,Punjab,1,8000,0.07587597728698806,7392.992181704096
2024-02-09 10:16:09.313862772,Customer_373,Monitor,Electronics,Islamabad,3,45000,0.0996196905273036,121551.34177881402
2024-02-09 13:46:26.237247449,Customer_233,Smartwatch,Wearables,Balochistan,1,25000,0.07922825345463608,23019.2936636341
2024-02-09 17:16:43.160632126,Customer_911,Smartwatch,Wearables,Punjab,1,25000,0.11684683386198136,22078.829153450468
2024-02-09 20:47:00.084016803,Customer_828,Smartwatch,Wearables,Sindh,5,25000,0.07139490405965909,116075.63699254261
2024-02-10 00:17:17.007401480,Customer_236,Laptop,Electronics,Sindh,3,150000,0.2404028605636117,341818.7127463747
2024-02-10 03:47:33.930786157,Customer_671,Keyboard,Accessories,Islamabad,4,5000,0.07821115700141704,18435.77685997166
2024-02-10 07:17:50.854170834,Customer_917,Laptop,Electronics,Balochistan,3,150000,0.024511134527734957,438969.9894625193
2024-02-10 10:48:07.777555511,Customer_828,Monitor,Electronics,Balochistan,5,45000,0.13170429151260335,195366.53440966425
2024-02-10 14:18:24.700940188,Customer_763,Laptop,Electronics,Punjab,1,150000,0.014274769611294091,147858.78455830587
2024-02-10 17:48:41.624324865,Customer_314,Smartphone,Electronics,Sindh,5,90000,0.02763579157714513,437563.8937902847
2024-02-10 21:18:58.547709542,Customer_937,Keyboard,Accessories,Sindh,2,5000,0.05484734729906157,9451.526527009384
2024-02-11 00:49:15.471094219,Customer_942,Keyboard,Accessories,Islamabad,2,5000,0.11608756247053542,8839.124375294647
2024-02-11 04:19:32.394478896,Customer_813,Monitor,Electronics,Islamabad,4,45000,0.10831273307725697,160503.70804609376
2024-02-11 07:49:49.317863573,Customer_380,Tablet,Electronics,Balochistan,5,60000,0.1999229655006978,240023.11034979066
2024-02-11 11:20:06.241248249,Customer_794,Smartphone,Electronics,Sindh,4,90000,0.18486866347102834,293447.2811504298
2024-02-11 14:50:23.164632926,Customer_614,Headphones,Accessories,Punjab,4,8000,0.10657957349767533,28589.45364807439
2024-02-11 18:20:40.088017603,Customer_563,Laptop,Electronics,KPK,2,150000,0.08342605189390748,274972.18443182774
2024-02-11 21:50:57.011402280,Customer_420,Mouse,Accessories,Punjab,4,3000,0.07911719601537465,11050.593647815504
2024-02-12 01:21:13.934786957,Customer_52,Laptop,Electronics,Islamabad,2,150000,0.19349877182350225,241950.3684529493
2024-02-12 04:51:30.858171634,Customer_721,Smartwatch,Wearables,Punjab,1,25000,0.013018101555317435,24674.547461117065
2024-02-12 08:21:47.781556311,Customer_819,Laptop,Electronics,Sindh,5,150000,0.0032054123776514565,747595.9407167614
2024-02-12 11:52:04.704940988,Customer_643,Headphones,Accessories,Balochistan,4,8000,0.198886097981662,25635.644864586815
2024-02-12 15:22:21.628325665,Customer_509,Laptop,Electronics,KPK,2,150000,0.11928659399726232,264214.0218008213
2024-02-12 18:52:38.551710342,Customer_782,Smartphone,Electronics,Balochistan,3,90000,0.03272028463839399,261165.52314763362
2024-02-12 22:22:55.475095019,Customer_945,Smartphone,Electronics,KPK,4,90000,0.058891483648625315,338799.0658864949
2024-02-13 01:53:12.398479696,Customer_205,Keyboard,Accessories,KPK,1,5000,0.23312598827434564,3834.370058628272
2024-02-13 05:23:29.321864373,Customer_731,Monitor,Electronics,Sindh,1,45000,0.2148757439062245,35330.5915242199
2024-02-13 08:53:46.245249050,Customer_257,Tablet,Electronics,Sindh,3,60000,0.17744626255599313,148059.67273992123
2024-02-13 12:24:03.168633727,Customer_185,Mouse,Accessories,Islamabad,2,3000,0.12055630758433164,5276.66215449401
2024-02-13 15:54:20.092018403,Customer_145,Smartwatch,Wearables,Islamabad,4,25000,0.13008090654784643,86991.90934521536
2024-02-13 19:24:37.015403080,Customer_690,Laptop,Electronics,KPK,2,150000,0.24381113382098965,226856.6598537031
2024-02-13 22:54:53.938787757,Customer_994,Laptop,Electronics,Islamabad,1,150000,0.24144261097107178,113783.60835433923
2024-02-14 02:25:10.862172434,Customer_14,Headphones,Accessories,Sindh,2,8000,0.05381726144645857,15138.923816856663
2024-02-14 05:55:27.785557111,Customer_246,Monitor,Electronics,Islamabad,1,45000,0.20277614157632953,35875.07362906517
2024-02-14 09:25:44.708941788,Customer_187,Smartphone,Electronics,KPK,2,90000,0.0493106665417542,171124.08002248424
2024-02-14 12:56:01.632326465,Customer_337,Mouse,Accessories,Balochistan,3,3000,0.05338436947098785,8519.540674761109
2024-02-14 16:26:18.555711142,Customer_259,Keyboard,Accessories,Punjab,5,5000,0.1690232585411442,20774.418536471396
2024-02-14 19:56:35.479095819,Customer_866,Smartphone,Electronics,Islamabad,3,90000,0.1012502746468871,242662.42584534048
2024-02-14 23:26:52.402480496,Customer_40,Smartwatch,Wearables,Sindh,3,25000,0.23288610177663005,57533.54236675274
2024-02-15 02:57:09.325865173,Customer_601,Monitor,Electronics,Balochistan,5,45000,0.022252433724002207,219993.2024120995
2024-02-15 06:27:26.249249850,Customer_637,Smartwatch,Wearables,Sindh,5,25000,0.12788141020237326,109014.82372470334
2024-02-15 09:57:43.172634527,Customer_962,Tablet,Electronics,Islamabad,4,60000,0.2296303826107803,184888.70817341274
2024-02-15 13:28:00.096019204,Customer_418,Keyboard,Accessories,KPK,4,5000,0.22602841511987629,15479.431697602475
2024-02-15 16:58:17.019403881,Customer_986,Tablet,Electronics,Punjab,3,60000,0.039132303353935305,172956.18539629166
2024-02-15 20:28:33.942788558,Customer_351,Headphones,Accessories,Punjab,3,8000,0.09165942502411412,21800.173799421264
2024-02-15 23:58:50.866173234,Customer_9,Smartwatch,Wearables,Balochistan,1,25000,0.15478035001167406,21130.49124970815
2024-02-16 03:29:07.789557911,Customer_350,Headphones,Accessories,Punjab,1,8000,0.039848721192850545,7681.210230457195
2024-02-16 06:59:24.712942588,Customer_84,Laptop,Electronics,KPK,4,150000,0.24200554301143468,454796.6741931392
2024-02-16 10:29:41.636327265,Customer_533,Tablet,Electronics,Sindh,4,60000,0.2286873321819151,185115.04027634038
2024-02-16 13:59:58.559711942,Customer_989,Monitor,Electronics,KPK,1,45000,0.041737544758617295,43121.810485862225
2024-02-16 17:30:15.483096619,Customer_793,Smartwatch,Wearables,Balochistan,1,25000,0.030288865315246355,24242.77836711884
2024-02-16 21:00:32.406481296,Customer_358,Mouse,Accessories,Balochistan,2,3000,0.021352120702066324,5871.8872757876015
2024-02-17 00:30:49.329865973,Customer_378,Keyboard,Accessories,Punjab,2,5000,0.22736091600915778,7726.390839908422
2024-02-17 04:01:06.253250650,Customer_172,Smartphone,Electronics,KPK,1,90000,0.0484059524488652,85643.46427960214
2024-02-17 07:31:23.176635327,Customer_25,Monitor,Electronics,Sindh,2,45000,0.10407123213608868,80633.58910775202
2024-02-17 11:01:40.100020004,Customer_393,Monitor,Electronics,KPK,5,45000,0.11221284141300075,199752.11068207482
2024-02-17 14:31:57.023404681,Customer_103,Headphones,Accessories,Sindh,4,8000,0.1497527610533919,27207.91164629146
2024-02-17 18:02:13.946789358,Customer_702,Tablet,Electronics,Sindh,4,60000,0.01793383593685624,235695.8793751545
2024-02-17 21:32:30.870174035,Customer_236,Smartwatch,Wearables,KPK,1,25000,0.05668965435012899,23582.758641246775
2024-02-18 01:02:47.793558712,Customer_410,Smartwatch,Wearables,Islamabad,3,25000,0.2328725967297315,57534.55524527014
2024-02-18 04:33:04.716943388,Customer_825,Laptop,Electronics,KPK,1,150000,0.22710252681714238,115934.62097742864
2024-02-18 08:03:21.640328065,Customer_549,Laptop,Electronics,Sindh,2,150000,0.19532266185142305,241403.2014445731
2024-02-18 11:33:38.563712742,Customer_784,Keyboard,Accessories,Balochistan,3,5000,0.004850311404553859,14927.245328931693
2024-02-18 15:03:55.487097419,Customer_805,Headphones,Accessories,Balochistan,2,8000,0.08175169212402553,14691.972926015591
2024-02-18 18:34:12.410482096,Customer_332,Monitor,Electronics,Punjab,5,45000,0.15698968383572695,189677.32113696143
2024-02-18 22:04:29.333866773,Customer_664,Smartwatch,Wearables,Balochistan,2,25000,0.06879755294336892,46560.12235283155
2024-02-19 01:34:46.257251450,Customer_794,Mouse,Accessories,Islamabad,5,3000,0.22739667376344433,11589.049893548336
2024-02-19 05:05:03.180636127,Customer_532,Headphones,Accessories,Sindh,5,8000,0.15847236545811047,33661.10538167558
2024-02-19 08:35:20.104020804,Customer_649,Keyboard,Accessories,KPK,2,5000,0.0179766793291114,9820.233206708886
2024-02-19 12:05:37.027405481,Customer_983,Keyboard,Accessories,KPK,2,5000,0.22725139720892576,7727.486027910742
2024-02-19 15:35:53.950790158,Customer_871,Headphones,Accessories,Islamabad,5,8000,0.23944166454405563,30422.333418237777
2024-02-19 19:06:10.874174835,Customer_29,Keyboard,Accessories,Balochistan,3,5000,0.019428104597931373,14708.578431031028
2024-02-19 22:36:27.797559512,Customer_543,Headphones,Accessories,Sindh,5,8000,0.13309005871532872,34676.39765138685
2024-02-20 02:06:44.720944189,Customer_19,Smartphone,Electronics,Balochistan,4,90000,0.07584107055354261,332697.21460072463
2024-02-20 05:37:01.644328866,Customer_148,Headphones,Accessories,Punjab,5,8000,0.09820976912035059,36071.60923518598
2024-02-20 09:07:18.567713543,Customer_471,Tablet,Electronics,Balochistan,3,60000,0.04491280448883547,171915.69519200962
2024-02-20 12:37:35.491098219,Customer_491,Headphones,Accessories,Punjab,4,8000,0.14451802550310314,27375.4231839007
2024-02-20 16:07:52.414482896,Customer_283,Keyboard,Accessories,KPK,1,5000,0.23949483831222265,3802.525808438887
2024-02-20 19:38:09.337867573,Customer_862,Smartwatch,Wearables,Sindh,1,25000,0.12576815006790226,21855.796248302446
2024-02-20 23:08:26.261252250,Customer_853,Tablet,Electronics,Punjab,3,60000,0.02072864534862029,176268.84383724834
2024-02-21 02:38:43.184636927,Customer_812,Keyboard,Accessories,Balochistan,5,5000,0.1550003333693521,21124.991665766196
2024-02-21 06:09:00.108021604,Customer_675,Laptop,Electronics,Balochistan,2,150000,0.08505574861281426,274483.2754161557
2024-02-21 09:39:17.031406281,Customer_113,Laptop,Electronics,KPK,3,150000,0.21398129739782445,353708.416170979
2024-02-21 13:09:33.954790958,Customer_455,Smartwatch,Wearables,Islamabad,4,25000,0.10866953707911756,89133.04629208824
2024-02-21 16:39:50.878175635,Customer_662,Smartwatch,Wearables,Islamabad,4,25000,0.0482099022355614,95179.00977644385
2024-02-21 20:10:07.801560312,Customer_330,Tablet,Electronics,Balochistan,1,60000,0.04777640567278624,57133.415659632825
2024-02-21 23:40:24.724944989,Customer_255,Smartphone,Electronics,Islamabad,4,90000,0.1921910451802901,290811.2237350956
2024-02-22 03:10:41.648329666,Customer_599,Smartwatch,Wearables,Sindh,3,25000,0.06639689957683997,70020.232531737
2024-02-22 06:40:58.571714343,Customer_399,Laptop,Electronics,Islamabad,4,150000,0.19180834853980575,484914.99087611656
2024-02-22 10:11:15.495099020,Customer_862,Headphones,Accessories,Sindh,3,8000,0.051471827691649846,22764.676135400405
2024-02-22 13:41:32.418483697,Customer_610,Keyboard,Accessories,Balochistan,2,5000,0.08042159217532735,9195.784078246726
2024-02-22 17:11:49.341868374,Customer_909,Laptop,Electronics,Balochistan,1,150000,0.11637174310992485,132544.23853351126
2024-02-22 20:42:06.265253051,Customer_508,Laptop,Electronics,Balochistan,4,150000,0.23579896242336268,458520.62254598236
2024-02-23 00:12:23.188637728,Customer_644,Smartphone,Electronics,KPK,3,90000,0.23293285618845616,207108.12882911685
2024-02-23 03:42:40.112022405,Customer_466,Tablet,Electronics,Islamabad,5,60000,0.05171796885557195,284484.6093433284
2024-02-23 07:12:57.035407081,Customer_824,Tablet,Electronics,Punjab,1,60000,0.0895547603107682,54626.71438135391
2024-02-23 10:43:13.958791758,Customer_407,Monitor,Electronics,Punjab,2,45000,0.03734984711344308,86638.51375979013
2024-02-23 14:13:30.882176435,Customer_609,Smartphone,Electronics,Balochistan,3,90000,0.12749626982837428,235576.00714633896
2024-02-23 17:43:47.805561112,Customer_98,Headphones,Accessories,Islamabad,2,8000,0.11514563767366665,14157.669797221335
2024-02-23 21:14:04.728945789,Customer_290,Tablet,Electronics,Sindh,2,60000,0.2251900406126831,92977.19512647802
2024-02-24 00:44:21.652330466,Customer_868,Keyboard,Accessories,Punjab,4,5000,0.23250134444776815,15349.973111044637
2024-02-24 04:14:38.575715143,Customer_739,Smartwatch,Wearables,Balochistan,4,25000,0.09589184775182302,90410.81522481769
2024-02-24 07:44:55.499099820,Customer_657,Smartphone,Electronics,Punjab,3,90000,0.12293448575474736,236807.6888462182
2024-02-24 11:15:12.422484497,Customer_156,Smartwatch,Wearables,Punjab,5,25000,0.22405906228653327,96992.61721418334
2024-02-24 14:45:29.345869174,Customer_782,Laptop,Electronics,Punjab,3,150000,0.20167695193626536,359245.3716286806
2024-02-24 18:15:46.269253851,Customer_162,Keyboard,Accessories,Balochistan,5,5000,0.0009140778361623192,24977.148054095942
2024-02-24 21:46:03.192638528,Customer_624,Keyboard,Accessories,Balochistan,2,5000,0.08001489104589563,9199.851089541044
2024-02-25 01:16:20.116023205,Customer_843,Laptop,Electronics,KPK,1,150000,0.10544356048403147,134183.46592739527
2024-02-25 04:46:37.039407882,Customer_697,Smartphone,Electronics,KPK,3,90000,0.05742907092080793,254494.15085138186
2024-02-25 08:16:53.962792559,Customer_717,Laptop,Electronics,KPK,3,150000,0.04989290397398469,427548.1932117069
2024-02-25 11:47:10.886177236,Customer_97,Smartwatch,Wearables,Punjab,5,25000,0.009446126648919917,123819.23416888501
2024-02-25 15:17:27.809561912,Customer_377,Monitor,Electronics,Islamabad,2,45000,0.16084243126744013,75524.18118593039
2024-02-25 18:47:44.732946589,Customer_567,Keyboard,Accessories,Balochistan,2,5000,0.06562757262079141,9343.724273792086
2024-02-25 22:18:01.656331266,Customer_450,Mouse,Accessories,KPK,5,3000,0.013086794607828273,14803.698080882576
2024-02-26 01:48:18.579715943,Customer_994,Mouse,Accessories,Islamabad,2,3000,0.05774482763201591,5653.531034207905
2024-02-26 05:18:35.503100620,Customer_117,Smartwatch,Wearables,KPK,4,25000,0.20047848820903164,79952.15117909684
2024-02-26 08:48:52.426485297,Customer_605,Headphones,Accessories,KPK,1,8000,0.21287229541163666,6297.021636706907
2024-02-26 12:19:09.349869974,Customer_805,Tablet,Electronics,Islamabad,3,60000,0.12076656129832566,158262.01896630137
2024-02-26 15:49:26.273254651,Customer_964,Laptop,Electronics,KPK,1,150000,0.10401766760217154,134397.34985967426
2024-02-26 19:19:43.196639328,Customer_716,Laptop,Electronics,Punjab,3,150000,0.24446342337544544,339991.45948104956
2024-02-26 22:50:00.120024005,Customer_794,Headphones,Accessories,Punjab,4,8000,0.050141164897017476,30395.48272329544
2024-02-27 02:20:17.043408682,Customer_506,Headphones,Accessories,Punjab,2,8000,0.05383982071365212,15138.562868581566
2024-02-27 05:50:33.966793359,Customer_189,Smartwatch,Wearables,Sindh,5,25000,0.07296679425909994,115879.15071761252
2024-02-27 09:20:50.890178036,Customer_476,Smartwatch,Wearables,KPK,4,25000,0.04318932957027183,95681.0670429728
2024-02-27 12:51:07.813562713,Customer_323,Headphones,Accessories,Sindh,1,8000,0.09484139955104665,7241.268803591627
2024-02-27 16:21:24.736947390,Customer_596,Keyboard,Accessories,Balochistan,5,5000,0.22770855674743845,19307.28608131404
2024-02-27 19:51:41.660332066,Customer_970,Smartwatch,Wearables,Islamabad,2,25000,0.15383696015714357,42308.151992142826
2024-02-27 23:21:58.583716743,Customer_180,Monitor,Electronics,Balochistan,4,45000,0.10298663715306591,161462.40531244813
2024-02-28 02:52:15.507101420,Customer_786,Smartwatch,Wearables,Sindh,5,25000,0.2336026986428037,95799.66266964954
2024-02-28 06:22:32.430486097,Customer_181,Laptop,Electronics,Punjab,4,150000,0.01211605811895558,592730.3651286267
2024-02-28 09:52:49.353870774,Customer_959,Smartwatch,Wearables,KPK,4,25000,0.05256904447546534,94743.09555245347
2024-02-28 13:23:06.277255451,Customer_693,Keyboard,Accessories,KPK,2,5000,0.14147215127543974,8585.278487245603
2024-02-28 16:53:23.200640128,Customer_795,Headphones,Accessories,Punjab,3,8000,0.1538881557982948,20306.684260840928
2024-02-28 20:23:40.124024805,Customer_287,Laptop,Electronics,KPK,5,150000,0.009889376640653286,742582.9675195101
2024-02-28 23:53:57.047409482,Customer_475,Smartwatch,Wearables,Islamabad,2,25000,0.10075968947678304,44962.015526160845
2024-02-29 03:24:13.970794159,Customer_618,Keyboard,Accessories,Islamabad,4,5000,0.16228849120771818,16754.230175845638
2024-02-29 06:54:30.894178836,Customer_641,Monitor,Electronics,Islamabad,2,45000,0.1745176366008504,74293.41270592346
2024-02-29 10:24:47.817563513,Customer_262,Smartwatch,Wearables,Balochistan,3,25000,0.15953497562906732,63034.87682781995
2024-02-29 13:55:04.740948190,Customer_523,Keyboard,Accessories,Punjab,5,5000,0.08014080609023114,22996.479847744224
2024-02-29 17:25:21.664332867,Customer_162,Monitor,Electronics,Islamabad,3,45000,0.023380030899477378,131843.69582857055
2024-02-29 20:55:38.587717544,Customer_487,Headphones,Accessories,Sindh,1,8000,0.10677811160483353,7145.775107161332
2024-03-01 00:25:55.511102221,Customer_980,Smartwatch,Wearables,Islamabad,5,25000,0.03218860934201387,120976.42383224827
2024-03-01 03:56:12.434486897,Customer_959,Monitor,Electronics,Balochistan,3,45000,0.23690591463016678,103017.70152492748
2024-03-01 07:26:29.357871574,Customer_181,Laptop,Electronics,Sindh,4,150000,0.11879271650565706,528724.3700966057
2024-03-01 10:56:46.281256251,Customer_725,Headphones,Accessories,Punjab,5,8000,0.07931479358921689,36827.40825643132
2024-03-01 14:27:03.204640928,Customer_469,Laptop,Electronics,Punjab,5,150000,0.19157601777972502,606317.9866652063
2024-03-01 17:57:20.128025605,Customer_786,Mouse,Accessories,Islamabad,2,3000,0.12448714814556597,5253.077111126604
2024-03-01 21:27:37.051410282,Customer_21,Smartphone,Electronics,Sindh,4,90000,0.07750850600311252,332096.9378388795
2024-03-02 00:57:53.974794959,Customer_275,Smartwatch,Wearables,Sindh,1,25000,0.20299193559770043,19925.201610057487
2024-03-02 04:28:10.898179636,Customer_260,Monitor,Electronics,Islamabad,3,45000,0.2167880377502805,105733.61490371214
2024-03-02 07:58:27.821564313,Customer_333,Smartphone,Electronics,Islamabad,2,90000,0.16825204157216925,149714.63251700954
2024-03-02 11:28:44.744948990,Customer_466,Smartphone,Electronics,KPK,3,90000,0.011741105601916824,266829.9014874825
2024-03-02 14:59:01.668333667,Customer_116,Monitor,Electronics,KPK,1,45000,0.14158072004163302,38628.86759812651
2024-03-02 18:29:18.591718344,Customer_413,Headphones,Accessories,Islamabad,1,8000,0.1908237279993204,6473.410176005437
2024-03-02 21:59:35.515103021,Customer_537,Smartwatch,Wearables,Balochistan,5,25000,0.034125753020895544,120734.28087238804
2024-03-03 01:29:52.438487698,Customer_952,Mouse,Accessories,KPK,1,3000,0.05716768784615084,2828.496936461547
2024-03-03 05:00:09.361872375,Customer_845,Laptop,Electronics,Islamabad,3,150000,0.2206237762670341,350719.3006798347
2024-03-03 08:30:26.285257051,Customer_766,Keyboard,Accessories,Sindh,4,5000,0.005030430463268509,19899.391390734632
2024-03-03 12:00:43.208641728,Customer_959,Laptop,Electronics,KPK,4,150000,0.188181784456494,487090.9293261036
2024-03-03 15:31:00.132026405,Customer_923,Keyboard,Accessories,Balochistan,5,5000,0.11844332312860573,22038.916921784858
2024-03-03 19:01:17.055411082,Customer_956,Laptop,Electronics,Punjab,3,150000,0.11169303970990171,399738.1321305442
2024-03-03 22:31:33.978795759,Customer_723,Monitor,Electronics,Sindh,3,45000,0.0017741331237217939,134760.49202829757
2024-03-04 02:01:50.902180436,Customer_817,Mouse,Accessories,Balochistan,1,3000,0.2048495577416232,2385.4513267751304
2024-03-04 05:32:07.825565113,Customer_833,Smartwatch,Wearables,Balochistan,3,25000,0.08995622515914162,68253.28311306438
2024-03-04 09:02:24.748949790,Customer_934,Keyboard,Accessories,Balochistan,2,5000,0.13519140782513572,8648.085921748643
2024-03-04 12:32:41.672334467,Customer_851,Smartwatch,Wearables,Sindh,1,25000,0.16932517158391486,20766.87071040213
2024-03-04 16:02:58.595719144,Customer_948,Smartwatch,Wearables,Balochistan,2,25000,0.17565739410947895,41217.13029452605
2024-03-04 19:33:15.519103821,Customer_257,Smartwatch,Wearables,Punjab,5,25000,0.23899501470651807,95125.62316168525
2024-03-04 23:03:32.442488498,Customer_168,Tablet,Electronics,KPK,4,60000,0.13283498830915227,208119.60280580344
2024-03-05 02:33:49.365873175,Customer_849,Headphones,Accessories,Sindh,5,8000,0.0999298877436069,36002.80449025572
2024-03-05 06:04:06.289257852,Customer_533,Laptop,Electronics,Balochistan,4,150000,0.23842590662292698,456944.4560262438
2024-03-05 09:34:23.212642529,Customer_598,Smartwatch,Wearables,Islamabad,5,25000,0.16052755875638028,104934.05515545247
2024-03-05 13:04:40.136027206,Customer_15,Laptop,Electronics,KPK,3,150000,0.0745375890691389,416458.0849188875
2024-03-05 16:34:57.059411882,Customer_50,Smartwatch,Wearables,Sindh,2,25000,0.03161606135089279,48419.19693245536
2024-03-05 20:05:13.982796559,Customer_999,Keyboard,Accessories,Islamabad,4,5000,0.21063862536629532,15787.227492674094
2024-03-05 23:35:30.906181236,Customer_304,Headphones,Accessories,Islamabad,1,8000,0.09054540069853789,7275.636794411696
2024-03-06 03:05:47.829565913,Customer_487,Headphones,Accessories,Balochistan,2,8000,0.1651174303411078,13358.121114542275
2024-03-06 06:36:04.752950590,Customer_416,Monitor,Electronics,Sindh,1,45000,0.11770410484147453,39703.31528213365
2024-03-06 10:06:21.676335267,Customer_305,Tablet,Electronics,Balochistan,2,60000,0.049732444948759585,114032.10660614885
2024-03-06 13:36:38.599719944,Customer_196,Monitor,Electronics,Punjab,2,45000,0.15042165215511627,76462.05130603953
2024-03-06 17:06:55.523104621,Customer_876,Monitor,Electronics,Islamabad,5,45000,0.01517076723767058,221586.5773715241
2024-03-06 20:37:12.446489298,Customer_813,Monitor,Electronics,Punjab,4,45000,0.10333561496779806,161399.58930579634
2024-03-07 00:07:29.369873975,Customer_800,Monitor,Electronics,Balochistan,4,45000,0.13665373491591776,155402.3277151348
2024-03-07 03:37:46.293258652,Customer_388,Monitor,Electronics,KPK,2,45000,0.10901174352964477,80188.94308233197
2024-03-07 07:08:03.216643329,Customer_757,Mouse,Accessories,Islamabad,3,3000,0.1871680438127477,7315.487605685271
2024-03-07 10:38:20.140028006,Customer_961,Headphones,Accessories,KPK,3,8000,0.2069812386363281,19032.450272728125
2024-03-07 14:08:37.063412683,Customer_865,Monitor,Electronics,Sindh,1,45000,0.1928107685082945,36323.51541712675
2024-03-07 17:38:53.986797360,Customer_455,Smartwatch,Wearables,Islamabad,1,25000,0.009703236952950528,24757.419076176237
2024-03-07 21:09:10.910182036,Customer_713,Headphones,Accessories,Punjab,5,8000,0.04853219261149305,38058.71229554028
2024-03-08 00:39:27.833566713,Customer_705,Headphones,Accessories,KPK,2,8000,0.13415187731594358,13853.569962944903
2024-03-08 04:09:44.756951390,Customer_848,Smartphone,Electronics,Sindh,1,90000,0.2337055101109503,68966.50409001447
2024-03-08 07:40:01.680336067,Customer_658,Mouse,Accessories,Islamabad,1,3000,0.2087391937630292,2373.782418710912
2024-03-08 11:10:18.603720744,Customer_310,Monitor,Electronics,Sindh,2,45000,0.21063362708795041,71042.97356208446
2024-03-08 14:40:35.527105421,Customer_127,Laptop,Electronics,Punjab,5,150000,0.07580204843991872,693148.463670061
2024-03-08 18:10:52.450490098,Customer_175,Keyboard,Accessories,Islamabad,1,5000,0.10736197426967564,4463.190128651622
2024-03-08 21:41:09.373874775,Customer_134,Tablet,Electronics,Sindh,5,60000,0.11767648682898435,264697.0539513047
2024-03-09 01:11:26.297259452,Customer_66,Smartwatch,Wearables,Balochistan,4,25000,0.039342895837477604,96065.71041625223
2024-03-09 04:41:43.220644129,Customer_393,Laptop,Electronics,Islamabad,5,150000,0.007767032561114079,744174.7255791645
2024-03-09 08:12:00.144028806,Customer_964,Mouse,Accessories,Islamabad,3,3000,0.23672572486512922,6869.468476213837
2024-03-09 11:42:17.067413483,Customer_365,Keyboard,Accessories,Islamabad,3,5000,0.06017814641587668,14097.32780376185
2024-03-09 15:12:33.990798160,Customer_279,Mouse,Accessories,Islamabad,5,3000,0.05998722593090783,14100.191611036384
2024-03-09 18:42:50.914182837,Customer_758,Smartwatch,Wearables,Balochistan,3,25000,0.020844763442189884,73436.64274183576
2024-03-09 22:13:07.837567514,Customer_363,Headphones,Accessories,Punjab,4,8000,0.23212693798594464,24571.93798444977
2024-03-10 01:43:24.760952191,Customer_749,Keyboard,Accessories,Balochistan,2,5000,0.144934278734943,8550.657212650569
2024-03-10 05:13:41.684336867,Customer_171,Headphones,Accessories,Balochistan,3,8000,0.16675921428133847,19997.77885724788
2024-03-10 08:43:58.607721544,Customer_51,Smartwatch,Wearables,Sindh,3,25000,0.22789422181576313,57907.93336381776
2024-03-10 12:14:15.531106221,Customer_328,Laptop,Electronics,KPK,5,150000,0.08640504222519738,685196.2183311019
2024-03-10 15:44:32.454490898,Customer_871,Smartwatch,Wearables,KPK,4,25000,0.15537682778452103,84462.3172215479
2024-03-10 19:14:49.377875575,Customer_665,Laptop,Electronics,Sindh,2,150000,0.009699863682221865,297090.04089533346
2024-03-10 22:45:06.301260252,Customer_592,Keyboard,Accessories,Balochistan,5,5000,0.04669313205778233,23832.67169855544
2024-03-11 02:15:23.224644929,Customer_931,Keyboard,Accessories,Sindh,5,5000,0.20781145127248563,19804.71371818786
2024-03-11 05:45:40.148029606,Customer_145,Monitor,Electronics,Islamabad,4,45000,0.19169208908458393,145495.4239647749
2024-03-11 09:15:57.071414283,Customer_274,Mouse,Accessories,Sindh,2,3000,0.08766067286428672,5474.03596281428
2024-03-11 12:46:13.994798960,Customer_155,Monitor,Electronics,Sindh,4,45000,0.09420265694355312,163043.52175016043
2024-03-11 16:16:30.918183637,Customer_911,Mouse,Accessories,Islamabad,2,3000,0.13338860838839486,5199.668349669631
2024-03-11 19:46:47.841568314,Customer_508,Monitor,Electronics,KPK,4,45000,6.025117128363733e-05,179989.15478916894
2024-03-11 23:17:04.764952991,Customer_849,Headphones,Accessories,Islamabad,5,8000,0.060311084009506966,37587.556639619725
2024-03-12 02:47:21.688337668,Customer_363,Keyboard,Accessories,Punjab,5,5000,0.05205795215205361,23698.55119619866
2024-03-12 06:17:38.611722345,Customer_325,Laptop,Electronics,Sindh,1,150000,0.06262073668744086,140606.88949688387
2024-03-12 09:47:55.535107021,Customer_848,Mouse,Accessories,Sindh,3,3000,0.20147646063336033,7186.711854299757
2024-03-12 13:18:12.458491698,Customer_655,Smartwatch,Wearables,KPK,4,25000,0.06991846413661079,93008.15358633891
2024-03-12 16:48:29.381876375,Customer_298,Mouse,Accessories,Balochistan,1,3000,0.04788033051253704,2856.359008462389
2024-03-12 20:18:46.305261052,Customer_494,Laptop,Electronics,Islamabad,3,150000,0.12606586519825788,393270.36066078395
2024-03-12 23:49:03.228645729,Customer_546,Monitor,Electronics,Balochistan,4,45000,0.21641125909318298,141045.97336322707
2024-03-13 03:19:20.152030406,Customer_304,Mouse,Accessories,Punjab,2,3000,0.06033742595937497,5637.97544424375
2024-03-13 06:49:37.075415083,Customer_467,Tablet,Electronics,Islamabad,3,60000,0.019634060698199673,176465.86907432406
2024-03-13 10:19:53.998799760,Customer_904,Headphones,Accessories,Punjab,5,8000,0.08910118396241617,36435.952641503354
2024-03-13 13:50:10.922184437,Customer_239,Keyboard,Accessories,Punjab,1,5000,0.18691295614124445,4065.4352192937777
2024-03-13 17:20:27.845569114,Customer_650,Laptop,Electronics,Punjab,3,150000,0.13767263617369865,388047.3137218356
2024-03-13 20:50:44.768953791,Customer_766,Keyboard,Accessories,Islamabad,3,5000,0.20419834239358686,11937.024864096196
2024-03-14 00:21:01.692338468,Customer_517,Tablet,Electronics,Islamabad,5,60000,0.2398980369023085,228030.58892930744
2024-03-14 03:51:18.615723145,Customer_884,Mouse,Accessories,KPK,4,3000,0.19816561918790426,9622.01256974515
2024-03-14 07:21:35.539107822,Customer_176,Mouse,Accessories,Sindh,2,3000,0.15095076971093835,5094.29538173437
2024-03-14 10:51:52.462492499,Customer_885,Smartwatch,Wearables,Balochistan,5,25000,0.12333539701309512,109583.0753733631
2024-03-14 14:22:09.385877176,Customer_410,Tablet,Electronics,Balochistan,2,60000,0.010017271587066667,118797.927409552
2024-03-14 17:52:26.309261852,Customer_726,Laptop,Electronics,Punjab,4,150000,0.24608049470351032,452351.70317789377
2024-03-14 21:22:43.232646529,Customer_364,Smartwatch,Wearables,Islamabad,3,25000,0.09587028064376063,67809.72895171796
2024-03-15 00:53:00.156031206,Customer_23,Headphones,Accessories,Islamabad,2,8000,0.0380570534792167,15391.087144332532
2024-03-15 04:23:17.079415883,Customer_318,Smartwatch,Wearables,Punjab,1,25000,0.1666772138491142,20833.069653772145
2024-03-15 07:53:34.002800560,Customer_525,Smartphone,Electronics,Sindh,1,90000,0.07107207227386483,83603.51349535216
2024-03-15 11:23:50.926185237,Customer_905,Laptop,Electronics,Balochistan,5,150000,0.1464445677327619,640166.5742004286
2024-03-15 14:54:07.849569914,Customer_753,Smartphone,Electronics,KPK,4,90000,0.1466919769611478,307190.8882939868
2024-03-15 18:24:24.772954591,Customer_276,Tablet,Electronics,Sindh,5,60000,0.11143245522571729,266570.2634322848
2024-03-15 21:54:41.696339268,Customer_604,Monitor,Electronics,Islamabad,5,45000,0.20902965388626066,177968.32787559138
2024-03-16 01:24:58.619723945,Customer_620,Smartphone,Electronics,Punjab,5,90000,0.06624176538886076,420191.20557501266
2024-03-16 04:55:15.543108622,Customer_953,Headphones,Accessories,Balochistan,1,8000,0.11215814790443354,7102.734816764531
2024-03-16 08:25:32.466493299,Customer_229,Smartwatch,Wearables,Punjab,1,25000,0.13442303214774287,21639.424196306427
2024-03-16 11:55:49.389877976,Customer_664,Monitor,Electronics,Islamabad,5,45000,0.1659061801918249,187671.1094568394
2024-03-16 15:26:06.313262653,Customer_108,Smartwatch,Wearables,Punjab,1,25000,0.19599296262639737,20100.175934340063
2024-03-16 18:56:23.236647330,Customer_801,Smartphone,Electronics,Balochistan,4,90000,0.09870182071956402,324467.34454095695
2024-03-16 22:26:40.160032006,Customer_916,Smartwatch,Wearables,Punjab,5,25000,0.161511736024149,104811.03299698138
2024-03-17 01:56:57.083416683,Customer_956,Tablet,Electronics,Balochistan,1,60000,0.03765273826712978,57740.83570397221
2024-03-17 05:27:14.006801360,Customer_176,Monitor,Electronics,Punjab,2,45000,0.23316202513561965,69015.41773779423
2024-03-17 08:57:30.930186037,Customer_320,Tablet,Electronics,Punjab,5,60000,0.09576470160525088,271270.58951842476
2024-03-17 12:27:47.853570714,Customer_286,Smartphone,Electronics,Balochistan,5,90000,0.1823803554941096,367928.8400276507
2024-03-17 15:58:04.776955391,Customer_876,Tablet,Electronics,Punjab,4,60000,0.005085270470544412,238779.53508706935
2024-03-17 19:28:21.700340068,Customer_329,Headphones,Accessories,Sindh,3,8000,0.05129678572620175,22768.877142571157
2024-03-17 22:58:38.623724745,Customer_877,Smartphone,Electronics,KPK,3,90000,0.1217706360808945,237121.92825815847
2024-03-18 02:28:55.547109422,Customer_753,Smartphone,Electronics,Sindh,4,90000,0.21956311693308664,280957.27790408884
2024-03-18 05:59:12.470494099,Customer_657,Smartphone,Electronics,KPK,4,90000,0.13181378748766928,312547.0365044391
2024-03-18 09:29:29.393878776,Customer_356,Laptop,Electronics,Sindh,4,150000,0.23246762057346976,460519.4276559182
2024-03-18 12:59:46.317263453,Customer_14,Smartwatch,Wearables,KPK,3,25000,0.12094922414569909,65928.80818907257
2024-03-18 16:30:03.240648130,Customer_275,Laptop,Electronics,Punjab,4,150000,0.12261227418398749,526432.6354896076
2024-03-18 20:00:20.164032807,Customer_71,Laptop,Electronics,Balochistan,1,150000,0.02993669712513297,145509.49543123005
2024-03-18 23:30:37.087417484,Customer_827,Headphones,Accessories,Balochistan,5,8000,0.20066406103805495,31973.4375584778
2024-03-19 03:00:54.010802161,Customer_195,Monitor,Electronics,Islamabad,5,45000,0.061741353116765624,211108.19554872773
2024-03-19 06:31:10.934186837,Customer_865,Smartwatch,Wearables,KPK,2,25000,0.22490312234307877,38754.843882846064
2024-03-19 10:01:27.857571514,Customer_812,Tablet,Electronics,Islamabad,2,60000,0.22770605508259903,92675.27339008811
2024-03-19 13:31:44.780956191,Customer_928,Mouse,Accessories,Islamabad,5,3000,0.23582752796853743,11462.587080471938
2024-03-19 17:02:01.704340868,Customer_879,Smartphone,Electronics,KPK,1,90000,0.1300576222757725,78294.81399518048
2024-03-19 20:32:18.627725545,Customer_523,Tablet,Electronics,Balochistan,3,60000,0.1692734461959111,149530.779684736
2024-03-20 00:02:35.551110222,Customer_106,Smartphone,Electronics,KPK,3,90000,0.19462897001541588,217450.1780958377
2024-03-20 03:32:52.474494899,Customer_770,Headphones,Accessories,Punjab,1,8000,0.0327536546626164,7737.970762699069
2024-03-20 07:03:09.397879576,Customer_986,Smartphone,Electronics,Islamabad,3,90000,0.1502392987493743,229435.38933766892
2024-03-20 10:33:26.321264253,Customer_893,Laptop,Electronics,Islamabad,4,150000,0.008574475325827918,594855.3148045032
2024-03-20 14:03:43.244648930,Customer_196,Smartwatch,Wearables,KPK,5,25000,0.12439152084718147,109451.0598941023
2024-03-20 17:34:00.168033607,Customer_145,Mouse,Accessories,Islamabad,5,3000,0.03871067040505685,14419.339943924148
2024-03-20 21:04:17.091418284,Customer_977,Keyboard,Accessories,Balochistan,1,5000,0.045730731490521176,4771.346342547394
2024-03-21 00:34:34.014802961,Customer_732,Smartphone,Electronics,Islamabad,3,90000,0.09126189167315038,245359.2892482494
2024-03-21 04:04:50.938187638,Customer_350,Tablet,Electronics,KPK,2,60000,0.10810929167912575,107026.88499850492
2024-03-21 07:35:07.861572315,Customer_424,Laptop,Electronics,Balochistan,2,150000,0.1557931061330468,253262.06816008594
2024-03-21 11:05:24.784956991,Customer_471,Keyboard,Accessories,Balochistan,3,5000,0.018607104609628916,14720.893430855567
2024-03-21 14:35:41.708341668,Customer_686,Mouse,Accessories,Islamabad,2,3000,0.12592294030936116,5244.462358143834
2024-03-21 18:05:58.631726345,Customer_216,Keyboard,Accessories,KPK,1,5000,0.04565628256327528,4771.718587183624
2024-03-21 21:36:15.555111022,Customer_93,Laptop,Electronics,Islamabad,1,150000,0.14349379375793547,128475.93093630968
2024-03-22 01:06:32.478495699,Customer_260,Smartwatch,Wearables,Punjab,3,25000,0.15935115306529588,63048.663520102804
2024-03-22 04:36:49.401880376,Customer_934,Smartwatch,Wearables,Punjab,2,25000,0.13917731413821346,43041.13429308933
2024-03-22 08:07:06.325265053,Customer_575,Monitor,Electronics,Balochistan,1,45000,0.18457387761957691,36694.17550711904
2024-03-22 11:37:23.248649730,Customer_541,Smartwatch,Wearables,Islamabad,1,25000,0.08390231106022533,22902.442223494367
2024-03-22 15:07:40.172034407,Customer_787,Monitor,Electronics,Punjab,4,45000,0.19127664790828272,145570.2033765091
2024-03-22 18:37:57.095419084,Customer_859,Keyboard,Accessories,Sindh,4,5000,0.10819177042704842,17836.16459145903
2024-03-22 22:08:14.018803761,Customer_285,Headphones,Accessories,Punjab,1,8000,0.1210461245806492,7031.631003354806
2024-03-23 01:38:30.942188438,Customer_484,Tablet,Electronics,Islamabad,3,60000,0.16202553181526785,150835.40427325177
2024-03-23 05:08:47.865573115,Customer_931,Tablet,Electronics,Islamabad,5,60000,0.00458959599980599,298623.1212000582
2024-03-23 08:39:04.788957792,Customer_372,Keyboard,Accessories,Punjab,5,5000,0.16349855535506208,20912.536116123447
2024-03-23 12:09:21.712342469,Customer_70,Smartphone,Electronics,Islamabad,1,90000,0.15464628726802884,76081.83414587741
2024-03-23 15:39:38.635727146,Customer_379,Smartphone,Electronics,Islamabad,1,90000,0.07746177918831998,83028.4398730512
2024-03-23 19:09:55.559111822,Customer_279,Smartwatch,Wearables,Sindh,1,25000,0.02144857122487237,24463.78571937819
2024-03-23 22:40:12.482496499,Customer_743,Tablet,Electronics,Balochistan,3,60000,0.022733862478260286,175907.90475391314
2024-03-24 02:10:29.405881176,Customer_302,Tablet,Electronics,Islamabad,4,60000,0.23080593674630714,184606.57518088628
2024-03-24 05:40:46.329265853,Customer_255,Monitor,Electronics,KPK,1,45000,0.17231983030645928,37245.60763620933
2024-03-24 09:11:03.252650530,Customer_684,Headphones,Accessories,Balochistan,1,8000,0.0317756534426851,7745.794772458519
2024-03-24 12:41:20.176035207,Customer_944,Laptop,Electronics,Balochistan,2,150000,0.08918079232722659,273245.76230183203
2024-03-24 16:11:37.099419884,Customer_692,Smartphone,Electronics,KPK,3,90000,0.1481207484753991,230007.39791164224
2024-03-24 19:41:54.022804561,Customer_264,Tablet,Electronics,Punjab,1,60000,0.20889292627266218,47466.42442364027
2024-03-24 23:12:10.946189238,Customer_695,Monitor,Electronics,Sindh,2,45000,0.010915232178252132,89017.6291039573
2024-03-25 02:42:27.869573915,Customer_834,Mouse,Accessories,Islamabad,5,3000,0.059158282867502215,14112.625756987467
2024-03-25 06:12:44.792958592,Customer_717,Monitor,Electronics,Punjab,1,45000,0.222437247573845,34990.32385917698
2024-03-25 09:43:01.716343269,Customer_424,Smartphone,Electronics,KPK,1,90000,0.002291387545954121,89793.77512086413
2024-03-25 13:13:18.639727946,Customer_761,Smartphone,Electronics,Sindh,2,90000,0.05034977569847185,170937.04037427506
2024-03-25 16:43:35.563112623,Customer_213,Monitor,Electronics,Sindh,3,45000,0.2397560439932415,102632.9340609124
2024-03-25 20:13:52.486497300,Customer_671,Laptop,Electronics,Sindh,1,150000,0.15335046163054278,126997.43075541858
2024-03-25 23:44:09.409881976,Customer_944,Keyboard,Accessories,KPK,5,5000,0.06541784165937661,23364.553958515586
2024-03-26 03:14:26.333266653,Customer_100,Smartphone,Electronics,Punjab,1,90000,0.0167477735989619,88492.70037609343
2024-03-26 06:44:43.256651330,Customer_829,Monitor,Electronics,Islamabad,5,45000,0.007047835111805539,223414.23709984377
2024-03-26 10:15:00.180036007,Customer_112,Tablet,Electronics,Sindh,4,60000,0.061186269909231816,225315.29522178436
2024-03-26 13:45:17.103420684,Customer_308,Monitor,Electronics,Sindh,4,45000,0.22037145489722762,140333.13811849902
2024-03-26 17:15:34.026805361,Customer_678,Headphones,Accessories,Punjab,5,8000,0.10397841357437737,35840.863457024905
2024-03-26 20:45:50.950190038,Customer_475,Keyboard,Accessories,Sindh,3,5000,0.18008334229149825,12298.749865627526
2024-03-27 00:16:07.873574715,Customer_548,Mouse,Accessories,Sindh,1,3000,0.22957125884498944,2311.286223465032
2024-03-27 03:46:24.796959392,Customer_112,Laptop,Electronics,KPK,1,150000,0.10201011540070415,134698.4826898944
2024-03-27 07:16:41.720344069,Customer_87,Smartwatch,Wearables,Balochistan,4,25000,0.047819342759349265,95218.06572406508
2024-03-27 10:46:58.643728746,Customer_183,Mouse,Accessories,Punjab,5,3000,0.12927948271422987,13060.807759286552
2024-03-27 14:17:15.567113423,Customer_597,Keyboard,Accessories,Punjab,1,5000,0.2270209217649636,3864.895391175182
2024-03-27 17:47:32.490498100,Customer_781,Keyboard,Accessories,Punjab,1,5000,0.20109360353442515,3994.531982327874
2024-03-27 21:17:49.413882777,Customer_165,Keyboard,Accessories,KPK,3,5000,0.016457460840788446,14753.138087388174
2024-03-28 00:48:06.337267454,Customer_815,Mouse,Accessories,KPK,2,3000,0.17314320001939545,4961.140799883628
2024-03-28 04:18:23.260652131,Customer_90,Tablet,Electronics,Islamabad,4,60000,0.14297438061473844,205686.14865246278
2024-03-28 07:48:40.184036807,Customer_1000,Keyboard,Accessories,KPK,4,5000,0.22686579408660637,15462.684118267873
2024-03-28 11:18:57.107421484,Customer_455,Monitor,Electronics,Punjab,2,45000,0.030620354212574308,87244.16812086831
2024-03-28 14:49:14.030806161,Customer_238,Mouse,Accessories,Islamabad,1,3000,0.13350902830116415,2599.4729150965077
2024-03-28 18:19:30.954190838,Customer_999,Smartwatch,Wearables,Balochistan,3,25000,0.21986567337797308,58510.074496652014
2024-03-28 21:49:47.877575515,Customer_534,Keyboard,Accessories,Sindh,3,5000,0.10250594668543575,13462.410799718464
2024-03-29 01:20:04.800960192,Customer_679,Monitor,Electronics,Sindh,4,45000,0.12049872943321677,158310.228702021
2024-03-29 04:50:21.724344869,Customer_727,Tablet,Electronics,Islamabad,3,60000,0.017615169416739573,176829.26950498688
2024-03-29 08:20:38.647729546,Customer_58,Headphones,Accessories,Balochistan,2,8000,0.0695359101122277,14887.425438204356
2024-03-29 11:50:55.571114223,Customer_542,Tablet,Electronics,Sindh,1,60000,0.08112666229223683,55132.40026246579
2024-03-29 15:21:12.494498900,Customer_914,Smartwatch,Wearables,Islamabad,2,25000,0.23628061218622173,38185.969390688915
2024-03-29 18:51:29.417883577,Customer_618,Keyboard,Accessories,KPK,5,5000,0.07066684013528976,23233.328996617754
2024-03-29 22:21:46.341268254,Customer_402,Smartwatch,Wearables,Punjab,4,25000,0.115217183817413,88478.2816182587
2024-03-30 01:52:03.264652931,Customer_842,Mouse,Accessories,Balochistan,3,3000,0.16782610589106994,7489.56504698037
2024-03-30 05:22:20.188037608,Customer_679,Smartphone,Electronics,Sindh,5,90000,0.04054584310196935,431754.3706041138
2024-03-30 08:52:37.111422285,Customer_862,Keyboard,Accessories,Punjab,3,5000,0.12161059678546862,13175.841048217972
2024-03-30 12:22:54.034806961,Customer_666,Smartphone,Electronics,Islamabad,1,90000,0.1846347598689769,73382.87161179207
2024-03-30 15:53:10.958191638,Customer_839,Monitor,Electronics,Sindh,1,45000,0.2167138032567665,35247.87885344551
2024-03-30 19:23:27.881576315,Customer_519,Headphones,Accessories,Punjab,1,8000,0.15656481866560668,6747.481450675146
2024-03-30 22:53:44.804960992,Customer_197,Laptop,Electronics,KPK,3,150000,0.16726337882923697,374731.47952684335
2024-03-31 02:24:01.728345669,Customer_833,Smartwatch,Wearables,Balochistan,5,25000,0.03157086814614224,121053.64148173222
2024-03-31 05:54:18.651730346,Customer_46,Tablet,Electronics,Islamabad,1,60000,0.2364441243115868,45813.35254130479
2024-03-31 09:24:35.575115023,Customer_530,Headphones,Accessories,Sindh,5,8000,0.03314351937112059,38674.259225155176
2024-03-31 12:54:52.498499700,Customer_397,Keyboard,Accessories,KPK,3,5000,0.19366823429544958,12094.976485568257
2024-03-31 16:25:09.421884377,Customer_665,Smartphone,Electronics,Balochistan,5,90000,0.0662040804445797,420208.16379993915
2024-03-31 19:55:26.345269054,Customer_1000,Tablet,Electronics,Balochistan,3,60000,0.2333982859253129,137988.3085334437
2024-03-31 23:25:43.268653731,Customer_776,Smartphone,Electronics,KPK,3,90000,0.17998988484236988,221402.73109256013
2024-04-01 02:56:00.192038408,Customer_74,Mouse,Accessories,Sindh,4,3000,0.18845342824459224,9738.558861064894
2024-04-01 06:26:17.115423085,Customer_416,Smartphone,Electronics,Balochistan,3,90000,0.05476479326497083,255213.50581845787
2024-04-01 09:56:34.038807762,Customer_657,Mouse,Accessories,Islamabad,3,3000,0.1107599941587902,8003.160052570888
2024-04-01 13:26:50.962192439,Customer_614,Monitor,Electronics,Punjab,2,45000,0.1544532986473216,76099.20312174105
2024-04-01 16:57:07.885577116,Customer_335,Tablet,Electronics,Islamabad,1,60000,0.19249340455165023,48450.395726900984
2024-04-01 20:27:24.808961792,Customer_847,Tablet,Electronics,Balochistan,4,60000,0.025989843978097393,233762.43744525663
2024-04-01 23:57:41.732346469,Customer_633,Laptop,Electronics,Punjab,4,150000,0.2405913291136321,455645.20253182075
2024-04-02 03:27:58.655731146,Customer_688,Keyboard,Accessories,KPK,4,5000,0.222555167638639,15548.896647227219
2024-04-02 06:58:15.579115823,Customer_575,Mouse,Accessories,Punjab,2,3000,0.06758714762389609,5594.477114256623
2024-04-02 10:28:32.502500500,Customer_296,Laptop,Electronics,Punjab,3,150000,0.205690060758083,357439.47265886265
2024-04-02 13:58:49.425885177,Customer_84,Smartphone,Electronics,Punjab,1,90000,0.12958098075995586,78337.71173160398
2024-04-02 17:29:06.349269854,Customer_15,Smartphone,Electronics,Balochistan,5,90000,0.11545162039050466,398046.7708242729
2024-04-02 20:59:23.272654531,Customer_867,Laptop,Electronics,Sindh,3,150000,0.07860852645285135,414626.1630962169
2024-04-03 00:29:40.196039208,Customer_134,Tablet,Electronics,Balochistan,2,60000,0.1452421466578981,102570.94240105222
2024-04-03 03:59:57.119423885,Customer_478,Smartphone,Electronics,Sindh,3,90000,0.18247227942589944,220732.48455500713
2024-04-03 07:30:14.042808562,Customer_633,Smartwatch,Wearables,KPK,3,25000,0.10273322624068956,67295.00803194828
2024-04-03 11:00:30.966193239,Customer_319,Monitor,Electronics,KPK,2,45000,0.15730479825207302,75842.56815731344
2024-04-03 14:30:47.889577916,Customer_392,Monitor,Electronics,KPK,4,45000,0.17482823028882594,148530.9185480113
2024-04-03 18:01:04.812962593,Customer_479,Smartwatch,Wearables,KPK,4,25000,0.17778045425382147,82221.95457461785
2024-04-03 21:31:21.736347270,Customer_640,Laptop,Electronics,KPK,1,150000,0.012991524532795062,148051.27132008073
2024-04-04 01:01:38.659731946,Customer_368,Smartwatch,Wearables,Islamabad,1,25000,0.21493695142126673,19626.576214468332
2024-04-04 04:31:55.583116623,Customer_367,Mouse,Accessories,Balochistan,4,3000,0.11456332869126198,10625.240055704857
2024-04-04 08:02:12.506501300,Customer_288,Mouse,Accessories,Sindh,5,3000,0.06560402042405361,14015.939693639197
2024-04-04 11:32:29.429885977,Customer_813,Laptop,Electronics,KPK,3,150000,0.0604411268699204,422801.4929085358
2024-04-04 15:02:46.353270654,Customer_378,Smartwatch,Wearables,Islamabad,5,25000,0.12075352821098762,109905.80897362655
2024-04-04 18:33:03.276655331,Customer_692,Mouse,Accessories,Islamabad,3,3000,0.2217078848672398,7004.629036194842
2024-04-04 22:03:20.200040008,Customer_463,Tablet,Electronics,Islamabad,4,60000,0.09458689542066173,217299.1450990412
2024-04-05 01:33:37.123424685,Customer_594,Smartwatch,Wearables,Balochistan,1,25000,0.18743143669588583,20314.214082602855
2024-04-05 05:03:54.046809362,Customer_13,Tablet,Electronics,KPK,1,60000,0.02420468274680465,58547.71903519172
2024-04-05 08:34:10.970194039,Customer_536,Mouse,Accessories,Islamabad,5,3000,0.11901417553776544,13214.787366933519
2024-04-05 12:04:27.893578716,Customer_168,Monitor,Electronics,Islamabad,1,45000,0.2479215350981839,33843.530920581725
2024-04-05 15:34:44.816963393,Customer_270,Mouse,Accessories,KPK,4,3000,0.19260945069808424,9688.686591622989
2024-04-05 19:05:01.740348070,Customer_988,Tablet,Electronics,Balochistan,5,60000,0.05263212211015325,284210.363366954
2024-04-05 22:35:18.663732747,Customer_971,Headphones,Accessories,Islamabad,3,8000,0.12536036842447768,20991.351157812536
2024-04-06 02:05:35.587117424,Customer_70,Keyboard,Accessories,Sindh,1,5000,0.05840619091214164,4707.969045439292
2024-04-06 05:35:52.510502101,Customer_318,Smartphone,Electronics,Punjab,2,90000,0.10239023181562731,161569.75827318706
2024-04-06 09:06:09.433886777,Customer_376,Smartwatch,Wearables,Punjab,1,25000,0.1950210059337412,20124.474851656472
2024-04-06 12:36:26.357271454,Customer_89,Headphones,Accessories,Punjab,3,8000,0.1928062038226009,19372.651108257578
2024-04-06 16:06:43.280656131,Customer_701,Mouse,Accessories,Balochistan,5,3000,0.05702509447559628,14144.623582866056
2024-04-06 19:37:00.204040808,Customer_257,Monitor,Electronics,Islamabad,3,45000,0.23055582953871503,103874.96301227347
2024-04-06 23:07:17.127425485,Customer_217,Laptop,Electronics,Punjab,2,150000,0.1481420456912067,255557.386292638
2024-04-07 02:37:34.050810162,Customer_450,Mouse,Accessories,Punjab,4,3000,0.09498107274050363,10860.227127113956
2024-04-07 06:07:50.974194839,Customer_894,Monitor,Electronics,KPK,1,45000,0.12548389519521516,39353.224716215314
2024-04-07 09:38:07.897579516,Customer_544,Keyboard,Accessories,Islamabad,5,5000,0.15126781335943593,21218.3046660141
2024-04-07 13:08:24.820964193,Customer_141,Mouse,Accessories,Islamabad,4,3000,0.13997263296144635,10320.328404462643
2024-04-07 16:38:41.744348870,Customer_161,Tablet,Electronics,KPK,3,60000,0.12160125888404455,158111.77340087199
2024-04-07 20:08:58.667733547,Customer_32,Laptop,Electronics,Islamabad,5,150000,0.12623320102235003,655325.0992332374
2024-04-07 23:39:15.591118224,Customer_824,Monitor,Electronics,Sindh,4,45000,0.044102977606971544,172061.46403074512
2024-04-08 03:09:32.514502901,Customer_152,Monitor,Electronics,Balochistan,5,45000,0.20318322607616984,179283.77413286178
2024-04-08 06:39:49.437887578,Customer_859,Monitor,Electronics,KPK,2,45000,0.13544007998525384,77810.39280132715
2024-04-08 10:10:06.361272255,Customer_260,Keyboard,Accessories,Punjab,2,5000,0.03276996542617577,9672.300345738242
2024-04-08 13:40:23.284656931,Customer_728,Mouse,Accessories,Islamabad,1,3000,0.19153927539569449,2425.3821738129163
2024-04-08 17:10:40.208041608,Customer_279,Keyboard,Accessories,Sindh,1,5000,0.2331109945943377,3834.4450270283114
2024-04-08 20:40:57.131426285,Customer_285,Smartwatch,Wearables,Sindh,2,25000,0.23682672480924052,38158.66375953797
2024-04-09 00:11:14.054810962,Customer_610,Smartphone,Electronics,Balochistan,5,90000,0.09225443310279319,408485.50510374305
2024-04-09 03:41:30.978195639,Customer_917,Smartphone,Electronics,Sindh,2,90000,0.03387921839018851,173901.74068976607
2024-04-09 07:11:47.901580316,Customer_542,Smartwatch,Wearables,Islamabad,1,25000,0.1295999066582663,21760.002333543343
2024-04-09 10:42:04.824964993,Customer_602,Mouse,Accessories,Islamabad,2,3000,0.02815230733730517,5831.08615597617
2024-04-09 14:12:21.748349670,Customer_148,Tablet,Electronics,Sindh,2,60000,0.2334968546281543,91980.37744462148
2024-04-09 17:42:38.671734347,Customer_656,Keyboard,Accessories,Islamabad,5,5000,0.0458949068387865,23852.627329030336
2024-04-09 21:12:55.595119024,Customer_67,Laptop,Electronics,Islamabad,4,150000,0.06319146498779102,562085.1210073254
2024-04-10 00:43:12.518503701,Customer_945,Monitor,Electronics,Punjab,1,45000,0.10165913172124261,40425.339072544084
2024-04-10 04:13:29.441888378,Customer_869,Monitor,Electronics,KPK,5,45000,0.09579111713978145,203446.9986435492
2024-04-10 07:43:46.365273055,Customer_570,Mouse,Accessories,Islamabad,2,3000,0.19866572309947225,4808.005661403166
2024-04-10 11:14:03.288657732,Customer_1000,Tablet,Electronics,Islamabad,2,60000,0.11407920513774059,106310.49538347112
2024-04-10 14:44:20.212042409,Customer_940,Smartphone,Electronics,Balochistan,4,90000,0.04269206500083422,344630.8565996997
2024-04-10 18:14:37.135427086,Customer_793,Smartphone,Electronics,KPK,1,90000,0.06680247387151853,83987.77735156333
2024-04-10 21:44:54.058811762,Customer_279,Monitor,Electronics,KPK,1,45000,0.1272783462968805,39272.474416640376
2024-04-11 01:15:10.982196439,Customer_748,Mouse,Accessories,KPK,3,3000,0.036863479356533724,8668.228685791197
2024-04-11 04:45:27.905581116,Customer_443,Keyboard,Accessories,Sindh,1,5000,0.15291391891150352,4235.430405442482
2024-04-11 08:15:44.828965793,Customer_897,Smartphone,Electronics,Punjab,4,90000,0.14143682663778648,309082.74241039687
2024-04-11 11:46:01.752350470,Customer_865,Keyboard,Accessories,Punjab,3,5000,0.17867557909556442,12319.866313566534
2024-04-11 15:16:18.675735147,Customer_399,Tablet,Electronics,Balochistan,3,60000,0.23442615384484192,137803.29230792847
2024-04-11 18:46:35.599119824,Customer_128,Smartphone,Electronics,KPK,2,90000,0.22806364027528891,138948.544750448
2024-04-11 22:16:52.522504501,Customer_337,Smartphone,Electronics,KPK,2,90000,0.23651890451720783,137426.5971869026
2024-04-12 01:47:09.445889178,Customer_482,Headphones,Accessories,Islamabad,1,8000,0.061178899255925234,7510.568805952598
2024-04-12 05:17:26.369273855,Customer_721,Smartphone,Electronics,Sindh,3,90000,0.032891326659838654,261119.34180184358
2024-04-12 08:47:43.292658532,Customer_948,Smartwatch,Wearables,Sindh,2,25000,0.07556917512411213,46221.541243794396
2024-04-12 12:18:00.216043209,Customer_186,Laptop,Electronics,Balochistan,4,150000,0.22377129319157865,465737.22408505285
2024-04-12 15:48:17.139427886,Customer_169,Smartwatch,Wearables,Punjab,2,25000,0.24301336865587206,37849.3315672064
2024-04-12 19:18:34.062812563,Customer_684,Mouse,Accessories,KPK,2,3000,0.214831237767619,4711.012573394286
2024-04-12 22:48:50.986197240,Customer_260,Mouse,Accessories,Balochistan,3,3000,0.0275044302818859,8752.460127463028
2024-04-13 02:19:07.909581916,Customer_717,Keyboard,Accessories,Sindh,3,5000,0.2368569995149483,11447.145007275774
2024-04-13 05:49:24.832966593,Customer_964,Smartwatch,Wearables,Sindh,5,25000,0.1058395068376965,111770.06164528793
2024-04-13 09:19:41.756351270,Customer_647,Smartwatch,Wearables,Sindh,4,25000,0.0023275726905884198,99767.24273094116
2024-04-13 12:49:58.679735947,Customer_558,Smartwatch,Wearables,KPK,3,25000,0.1105984351870484,66705.11736097137
2024-04-13 16:20:15.603120624,Customer_507,Tablet,Electronics,KPK,1,60000,0.011517292418866898,59308.962454867986
2024-04-13 19:50:32.526505301,Customer_521,Smartphone,Electronics,KPK,4,90000,0.1359694802902794,311050.98709549947
2024-04-13 23:20:49.449889978,Customer_471,Laptop,Electronics,Islamabad,4,150000,0.08463850685926283,549216.8958844424
2024-04-14 02:51:06.373274655,Customer_161,Keyboard,Accessories,Punjab,3,5000,0.11835873339851219,13224.618999022317
2024-04-14 06:21:23.296659332,Customer_289,Smartwatch,Wearables,Sindh,4,25000,0.15329259018577926,84670.74098142207
2024-04-14 09:51:40.220044008,Customer_340,Smartwatch,Wearables,Sindh,3,25000,0.21720027395445507,58709.97945341587
2024-04-14 13:21:57.143428686,Customer_900,Headphones,Accessories,Islamabad,2,8000,0.16547539411798215,13352.393694112285
2024-04-14 16:52:14.066813362,Customer_833,Keyboard,Accessories,Sindh,5,5000,0.10851221711954517,22287.19457201137
2024-04-14 20:22:30.990198040,Customer_502,Smartwatch,Wearables,Sindh,2,25000,0.20485696341759127,39757.151829120434
2024-04-14 23:52:47.913582716,Customer_106,Keyboard,Accessories,KPK,3,5000,0.22639553439328305,11604.066984100753
2024-04-15 03:23:04.836967394,Customer_802,Smartphone,Electronics,KPK,3,90000,0.029939991608049304,261916.2022658267
2024-04-15 06:53:21.760352070,Customer_475,Headphones,Accessories,Punjab,2,8000,0.13298324438819786,13872.268089788835
2024-04-15 10:23:38.683736748,Customer_853,Keyboard,Accessories,Sindh,1,5000,0.07112798993561104,4644.360050321945
2024-04-15 13:53:55.607121424,Customer_600,Laptop,Electronics,Balochistan,1,150000,0.01176529946923685,148235.20507961448
2024-04-15 17:24:12.530506102,Customer_463,Laptop,Electronics,Sindh,1,150000,0.16713667377849634,124929.49893322556
2024-04-15 20:54:29.453890778,Customer_483,Mouse,Accessories,Sindh,3,3000,0.2156926943648064,7058.765750716742
2024-04-16 00:24:46.377275456,Customer_704,Headphones,Accessories,Punjab,4,8000,0.04072566361934851,30696.77876418085
2024-04-16 03:55:03.300660132,Customer_153,Headphones,Accessories,Balochistan,3,8000,0.20310341440597512,19125.518054256598
2024-04-16 07:25:20.224044810,Customer_823,Mouse,Accessories,Sindh,4,3000,0.2133489333842354,9439.812799389174
2024-04-16 10:55:37.147429486,Customer_649,Keyboard,Accessories,Balochistan,2,5000,0.22858511066662088,7714.1488933337905
2024-04-16 14:25:54.070814162,Customer_785,Headphones,Accessories,KPK,5,8000,0.0663212722715131,37347.14910913948
2024-04-16 17:56:10.994198840,Customer_149,Laptop,Electronics,KPK,4,150000,0.22598826629747232,464407.04022151657
2024-04-16 21:26:27.917583516,Customer_188,Laptop,Electronics,Balochistan,1,150000,0.08016568868410806,137975.1466973838
2024-04-17 00:56:44.840968194,Customer_653,Smartwatch,Wearables,Sindh,3,25000,0.1380845033638757,64643.662247709326
2024-04-17 04:27:01.764352870,Customer_131,Smartphone,Electronics,Balochistan,2,90000,0.012626867708070533,177727.1638125473
2024-04-17 07:57:18.687737548,Customer_452,Headphones,Accessories,Balochistan,1,8000,0.010970272092185901,7912.237823262512
2024-04-17 11:27:35.611122224,Customer_516,Keyboard,Accessories,KPK,2,5000,0.18009330318305072,8199.066968169493
2024-04-17 14:57:52.534506902,Customer_491,Mouse,Accessories,Balochistan,5,3000,0.11111999449444776,13333.200082583284
2024-04-17 18:28:09.457891578,Customer_476,Mouse,Accessories,Islamabad,3,3000,0.06407309384230439,8423.342155419261
2024-04-17 21:58:26.381276256,Customer_263,Keyboard,Accessories,Islamabad,3,5000,0.04760337400622755,14285.949389906586
2024-04-18 01:28:43.304660932,Customer_538,Tablet,Electronics,KPK,5,60000,0.16748837271480452,249753.48818555864
2024-04-18 04:59:00.228045610,Customer_459,Monitor,Electronics,Sindh,3,45000,0.00010038600633496819,134986.44788914477
2024-04-18 08:29:17.151430286,Customer_536,Smartphone,Electronics,Sindh,4,90000,0.20147279229921355,287469.7947722831
2024-04-18 11:59:34.074814964,Customer_778,Mouse,Accessories,KPK,2,3000,0.019812401532482204,5881.125590805107
2024-04-18 15:29:50.998199640,Customer_741,Headphones,Accessories,Sindh,1,8000,0.04787240372702986,7617.020770183762
2024-04-18 19:00:07.921584316,Customer_781,Smartphone,Electronics,Punjab,5,90000,0.0965590988247724,406548.4055288524
2024-04-18 22:30:24.844968994,Customer_637,Headphones,Accessories,Islamabad,4,8000,0.1212146849290259,28121.13008227117
2024-04-19 02:00:41.768353670,Customer_684,Tablet,Electronics,Punjab,1,60000,0.08874877895348546,54675.07326279087
2024-04-19 05:30:58.691738348,Customer_746,Laptop,Electronics,Punjab,1,150000,0.08017804124607347,137973.29381308897
2024-04-19 09:01:15.615123024,Customer_295,Smartphone,Electronics,Punjab,5,90000,0.2409790030182971,341559.4486417663
2024-04-19 12:31:32.538507702,Customer_915,Smartwatch,Wearables,KPK,4,25000,0.16039492031084857,83960.50796891515
2024-04-19 16:01:49.461892378,Customer_435,Mouse,Accessories,Punjab,1,3000,0.005858238841847052,2982.425283474459
2024-04-19 19:32:06.385277056,Customer_275,Smartphone,Electronics,Balochistan,1,90000,0.1075439771110783,80321.04206000295
2024-04-19 23:02:23.308661732,Customer_588,Smartphone,Electronics,Sindh,4,90000,0.21875217493599255,281249.2170230427
2024-04-20 02:32:40.232046410,Customer_308,Smartphone,Electronics,KPK,3,90000,0.07536404660266699,249651.7074172799
2024-04-20 06:02:57.155431086,Customer_726,Monitor,Electronics,Balochistan,1,45000,0.02363908619359706,43936.24112128813
2024-04-20 09:33:14.078815764,Customer_943,Smartphone,Electronics,Balochistan,2,90000,0.18959619289747945,145872.68527845372
2024-04-20 13:03:31.002200440,Customer_997,Headphones,Accessories,Islamabad,4,8000,0.15150345798402032,27151.88934451135
2024-04-20 16:33:47.925585118,Customer_376,Laptop,Electronics,Islamabad,1,150000,0.14257812695662597,128613.2809565061
2024-04-20 20:04:04.848969794,Customer_158,Tablet,Electronics,Balochistan,5,60000,0.013394139901851981,295981.7580294444
2024-04-20 23:34:21.772354472,Customer_814,Keyboard,Accessories,Islamabad,2,5000,0.03512475244887933,9648.752475511206
2024-04-21 03:04:38.695739148,Customer_204,Smartphone,Electronics,Sindh,1,90000,0.15563734905327845,75992.63858520494
2024-04-21 06:34:55.619123824,Customer_989,Mouse,Accessories,Sindh,2,3000,0.05195596036470895,5688.264237811746
2024-04-21 10:05:12.542508502,Customer_661,Smartphone,Electronics,Islamabad,2,90000,0.12601751993710608,157316.8464113209
2024-04-21 13:35:29.465893178,Customer_75,Mouse,Accessories,Punjab,3,3000,0.13622042150734837,7774.016206433865
2024-04-21 17:05:46.389277856,Customer_380,Headphones,Accessories,Balochistan,2,8000,0.07087679756773485,14865.971238916241
2024-04-21 20:36:03.312662532,Customer_741,Mouse,Accessories,Sindh,3,3000,0.23710628888537322,6866.043400031641
2024-04-22 00:06:20.236047210,Customer_304,Smartwatch,Wearables,Islamabad,4,25000,0.2106160267088938,78938.39732911062
2024-04-22 03:36:37.159431886,Customer_62,Keyboard,Accessories,Islamabad,3,5000,0.18059337690819963,12291.099346377005
2024-04-22 07:06:54.082816564,Customer_570,Laptop,Electronics,Sindh,5,150000,0.01949846660235227,735376.1500482358
2024-04-22 10:37:11.006201240,Customer_786,Mouse,Accessories,Sindh,1,3000,0.02653250482725486,2920.402485518235
2024-04-22 14:07:27.929585918,Customer_108,Mouse,Accessories,Punjab,4,3000,0.12319533646623892,10521.655962405133
2024-04-22 17:37:44.852970594,Customer_187,Laptop,Electronics,Islamabad,4,150000,0.04017833729774642,575892.9976213521
2024-04-22 21:08:01.776355272,Customer_987,Keyboard,Accessories,Islamabad,5,5000,0.24456636588236852,18885.84085294079
2024-04-23 00:38:18.699739948,Customer_229,Smartphone,Electronics,KPK,3,90000,0.03963005850685236,259299.88420314988
2024-04-23 04:08:35.623124626,Customer_48,Mouse,Accessories,Punjab,1,3000,0.1218669588659935,2634.3991234020195
2024-04-23 07:38:52.546509302,Customer_831,Laptop,Electronics,Sindh,3,150000,0.09103026421037635,409036.3811053306
2024-04-23 11:09:09.469893978,Customer_268,Smartwatch,Wearables,Sindh,2,25000,0.1598466053635245,42007.66973182378
2024-04-23 14:39:26.393278656,Customer_727,Smartwatch,Wearables,Balochistan,3,25000,0.03225910222235623,72580.56733332328
2024-04-23 18:09:43.316663332,Customer_802,Headphones,Accessories,Sindh,4,8000,0.10757910701059772,28557.468575660874
2024-04-23 21:40:00.240048010,Customer_254,Laptop,Electronics,Islamabad,1,150000,0.06867625820178591,139698.5612697321
2024-04-24 01:10:17.163432686,Customer_957,Headphones,Accessories,Sindh,3,8000,0.221937881167922,18673.490851969873
2024-04-24 04:40:34.086817364,Customer_870,Smartwatch,Wearables,Islamabad,1,25000,0.010146428033673771,24746.339299158153
2024-04-24 08:10:51.010202040,Customer_87,Keyboard,Accessories,Islamabad,1,5000,0.2284318735016148,3857.8406324919256
2024-04-24 11:41:07.933586718,Customer_181,Smartphone,Electronics,Punjab,2,90000,0.2082485346382501,142515.26376511497
2024-04-24 15:11:24.856971394,Customer_25,Laptop,Electronics,Sindh,2,150000,0.07439267911020386,277682.1962669388
2024-04-24 18:41:41.780356072,Customer_958,Tablet,Electronics,Punjab,4,60000,0.19732266366927617,192642.56071937372
2024-04-24 22:11:58.703740748,Customer_388,Smartwatch,Wearables,Islamabad,5,25000,0.00780339008468689,124024.57623941413
2024-04-25 01:42:15.627125426,Customer_222,Smartwatch,Wearables,Sindh,1,25000,0.2417163875733484,18957.09031066629
2024-04-25 05:12:32.550510102,Customer_990,Tablet,Electronics,Sindh,5,60000,0.13164873564744733,260505.3793057658
2024-04-25 08:42:49.473894780,Customer_397,Monitor,Electronics,Punjab,4,45000,0.07582025651636132,166352.35382705496
2024-04-25 12:13:06.397279456,Customer_938,Smartwatch,Wearables,Punjab,1,25000,0.09064580314866927,22733.85492128327
2024-04-25 15:43:23.320664132,Customer_511,Mouse,Accessories,Islamabad,1,3000,0.01660133836512434,2950.195984904627
2024-04-25 19:13:40.244048810,Customer_561,Keyboard,Accessories,Islamabad,5,5000,0.2473373785105098,18816.565537237257
2024-04-25 22:43:57.167433486,Customer_846,Laptop,Electronics,Sindh,3,150000,0.009822986287673113,445579.6561705471
2024-04-26 02:14:14.090818164,Customer_440,Tablet,Electronics,Sindh,2,60000,0.16372678078696476,100352.78630556422
2024-04-26 05:44:31.014202840,Customer_175,Mouse,Accessories,KPK,3,3000,0.11068398192661458,8003.844162660469
2024-04-26 09:14:47.937587518,Customer_904,Tablet,Electronics,KPK,5,60000,0.23722905454717877,228831.28363584637
2024-04-26 12:45:04.860972194,Customer_311,Laptop,Electronics,Balochistan,2,150000,0.06149993507669879,281550.01947699033
2024-04-26 16:15:21.784356872,Customer_984,Headphones,Accessories,Islamabad,3,8000,0.13302170598450283,20807.479056371933
2024-04-26 19:45:38.707741548,Customer_274,Laptop,Electronics,Balochistan,2,150000,0.12058905214568824,263823.2843562935
2024-04-26 23:15:55.631126226,Customer_35,Monitor,Electronics,Balochistan,1,45000,0.17571661101252534,37092.75250443636
2024-04-27 02:46:12.554510902,Customer_217,Laptop,Electronics,Punjab,3,150000,0.017002557988105127,442348.8489053527
2024-04-27 06:16:29.477895580,Customer_721,Laptop,Electronics,Punjab,2,150000,0.04844728250583871,285465.8152482484
2024-04-27 09:46:46.401280256,Customer_672,Monitor,Electronics,KPK,2,45000,0.05364120502321246,85172.29154791088
2024-04-27 13:17:03.324664934,Customer_408,Keyboard,Accessories,Balochistan,2,5000,0.18453768871042242,8154.623112895776
2024-04-27 16:47:20.248049610,Customer_519,Smartwatch,Wearables,KPK,3,25000,0.04728467408168502,71453.64944387363
2024-04-27 20:17:37.171434286,Customer_269,Laptop,Electronics,Islamabad,4,150000,0.14337294097274417,513976.23541635345
2024-04-27 23:47:54.094818964,Customer_638,Monitor,Electronics,Sindh,3,45000,0.053810955125238424,127735.52105809283
2024-04-28 03:18:11.018203640,Customer_475,Mouse,Accessories,Punjab,5,3000,0.2154062375209946,11768.90643718508
2024-04-28 06:48:27.941588318,Customer_880,Headphones,Accessories,Islamabad,3,8000,0.23554636362240963,18346.88727306217
2024-04-28 10:18:44.864972994,Customer_325,Headphones,Accessories,Islamabad,2,8000,0.1296232437355601,13926.028100231038
2024-04-28 13:49:01.788357672,Customer_356,Laptop,Electronics,Punjab,1,150000,0.08807722105229457,136788.41684215583
2024-04-28 17:19:18.711742348,Customer_90,Keyboard,Accessories,Punjab,3,5000,0.058514443754374784,14122.28334368438
2024-04-28 20:49:35.635127026,Customer_42,Keyboard,Accessories,Balochistan,3,5000,0.012445250380760942,14813.321244288585
2024-04-29 00:19:52.558511702,Customer_365,Mouse,Accessories,KPK,2,3000,0.06712501904937385,5597.249885703757
2024-04-29 03:50:09.481896380,Customer_671,Laptop,Electronics,Islamabad,1,150000,0.16355894498632947,125466.15825205058
2024-04-29 07:20:26.405281056,Customer_202,Headphones,Accessories,Balochistan,1,8000,0.1334042328273027,6932.766137381578
2024-04-29 10:50:43.328665734,Customer_366,Keyboard,Accessories,Balochistan,5,5000,0.23601031957023186,19099.7420107442
2024-04-29 14:21:00.252050410,Customer_794,Laptop,Electronics,Islamabad,3,150000,0.09906931562292515,405418.80796968366
2024-04-29 17:51:17.175435088,Customer_982,Tablet,Electronics,Islamabad,1,60000,0.17346583558209863,49592.049865074085
2024-04-29 21:21:34.098819764,Customer_844,Keyboard,Accessories,Sindh,1,5000,0.12233068686878035,4388.346565656098
2024-04-30 00:51:51.022204442,Customer_288,Monitor,Electronics,KPK,4,45000,0.1281440539810529,156934.0702834105
2024-04-30 04:22:07.945589118,Customer_603,Tablet,Electronics,Islamabad,4,60000,0.06694357865102937,223933.54112375295
2024-04-30 07:52:24.868973794,Customer_481,Smartwatch,Wearables,Punjab,1,25000,0.11373769421049992,22156.557644737502
2024-04-30 11:22:41.792358472,Customer_637,Keyboard,Accessories,Sindh,5,5000,0.11769624925317682,22057.59376867058
2024-04-30 14:52:58.715743148,Customer_501,Headphones,Accessories,KPK,1,8000,0.17666063043723348,6586.714956502133
2024-04-30 18:23:15.639127826,Customer_638,Smartphone,Electronics,Punjab,2,90000,0.23515999979652846,137671.20003662488
2024-04-30 21:53:32.562512502,Customer_52,Tablet,Electronics,Punjab,3,60000,0.08233031937062607,165180.5425132873
2024-05-01 01:23:49.485897180,Customer_916,Smartwatch,Wearables,KPK,5,25000,0.010550117145324611,123681.23535683443
2024-05-01 04:54:06.409281856,Customer_103,Mouse,Accessories,Sindh,2,3000,0.12407378137515993,5255.55731174904
2024-05-01 08:24:23.332666534,Customer_361,Mouse,Accessories,Punjab,5,3000,0.13611533303729215,12958.270004440617
2024-05-01 11:54:40.256051210,Customer_424,Headphones,Accessories,Balochistan,2,8000,0.04211013778297881,15326.23779547234
2024-05-01 15:24:57.179435888,Customer_699,Keyboard,Accessories,KPK,3,5000,0.19011615156901668,12148.25772646475
2024-05-01 18:55:14.102820564,Customer_205,Laptop,Electronics,KPK,3,150000,0.2462322771103729,339195.4753003322
2024-05-01 22:25:31.026205242,Customer_14,Keyboard,Accessories,Islamabad,4,5000,0.23644367925211524,15271.126414957696
2024-05-02 01:55:47.949589918,Customer_940,Headphones,Accessories,Sindh,2,8000,0.049276509705913046,15211.575844705392
2024-05-02 05:26:04.872974596,Customer_616,Mouse,Accessories,Balochistan,4,3000,0.21884080997519018,9373.910280297718
2024-05-02 08:56:21.796359272,Customer_629,Keyboard,Accessories,Balochistan,2,5000,0.17612340910292118,8238.765908970789
2024-05-02 12:26:38.719743948,Customer_470,Mouse,Accessories,Islamabad,4,3000,0.1134616409517279,10638.460308579264
2024-05-02 15:56:55.643128626,Customer_466,Tablet,Electronics,Punjab,3,60000,0.13515274858118226,155672.5052553872
2024-05-02 19:27:12.566513302,Customer_304,Smartwatch,Wearables,Punjab,5,25000,0.21240004374561453,98449.99453179819
2024-05-02 22:57:29.489897980,Customer_605,Laptop,Electronics,Balochistan,4,150000,0.12003373490959329,527979.759054244
2024-05-03 02:27:46.413282656,Customer_427,Tablet,Electronics,Sindh,2,60000,0.09330184227628172,108803.7789268462
2024-05-03 05:58:03.336667334,Customer_656,Mouse,Accessories,Punjab,2,3000,0.12331187325649645,5260.128760461022
2024-05-03 09:28:20.260052010,Customer_110,Mouse,Accessories,KPK,3,3000,0.14478245100876228,7696.957940921139
2024-05-03 12:58:37.183436688,Customer_675,Smartphone,Electronics,Islamabad,2,90000,0.04726941344458721,171491.5055799743
2024-05-03 16:28:54.106821364,Customer_565,Smartphone,Electronics,Sindh,1,90000,0.22522693256674767,69729.57606899271
2024-05-03 19:59:11.030206042,Customer_930,Tablet,Electronics,Punjab,5,60000,0.16854673720740346,249435.97883777897
2024-05-03 23:29:27.953590718,Customer_515,Monitor,Electronics,Balochistan,4,45000,0.15831722933437223,151502.898719813
2024-05-04 02:59:44.876975396,Customer_68,Tablet,Electronics,Islamabad,5,60000,0.024874056545159534,292537.78303645214
2024-05-04 06:30:01.800360072,Customer_246,Smartphone,Electronics,Punjab,3,90000,0.15104348454314795,229218.25917335006
2024-05-04 10:00:18.723744750,Customer_389,Mouse,Accessories,Balochistan,4,3000,0.030240165559623083,11637.118013284524
2024-05-04 13:30:35.647129426,Customer_650,Headphones,Accessories,Punjab,4,8000,0.019674418798849763,31370.418598436805
2024-05-04 17:00:52.570514102,Customer_308,Tablet,Electronics,Islamabad,1,60000,0.13182772391059833,52090.3365653641
2024-05-04 20:31:09.493898780,Customer_925,Mouse,Accessories,KPK,3,3000,0.10069638351162374,8093.732548395386
2024-05-05 00:01:26.417283456,Customer_352,Headphones,Accessories,KPK,2,8000,0.1472025675390558,13644.758919375106
2024-05-05 03:31:43.340668134,Customer_799,Headphones,Accessories,Balochistan,1,8000,0.02230554201430965,7821.555663885522
2024-05-05 07:02:00.264052810,Customer_66,Smartphone,Electronics,KPK,1,90000,0.1077457657118146,80302.8810859367
2024-05-05 10:32:17.187437488,Customer_460,Tablet,Electronics,Islamabad,5,60000,0.04369667876128949,286890.9963716132
2024-05-05 14:02:34.110822164,Customer_347,Keyboard,Accessories,Balochistan,5,5000,0.24677502148102914,18830.624462974272
2024-05-05 17:32:51.034206842,Customer_325,Laptop,Electronics,Punjab,5,150000,0.1402875531087936,644784.3351684049
2024-05-05 21:03:07.957591518,Customer_933,Smartphone,Electronics,Sindh,1,90000,0.17185921523521683,74532.67062883048
2024-05-06 00:33:24.880976196,Customer_667,Smartphone,Electronics,Punjab,2,90000,0.08135457017065195,165356.17736928264
2024-05-06 04:03:41.804360872,Customer_599,Keyboard,Accessories,Islamabad,4,5000,0.023684728694836038,19526.305426103278
2024-05-06 07:33:58.727745550,Customer_33,Laptop,Electronics,Balochistan,5,150000,0.24396771569588416,567024.2132280868
2024-05-06 11:04:15.651130226,Customer_68,Mouse,Accessories,Punjab,2,3000,0.0715647588457958,5570.611446925225
2024-05-06 14:34:32.574514904,Customer_187,Monitor,Electronics,Balochistan,3,45000,0.10595204629339355,120696.47375039186
2024-05-06 18:04:49.497899580,Customer_192,Tablet,Electronics,KPK,5,60000,0.16246598042564375,251260.20587230686
2024-05-06 21:35:06.421284256,Customer_213,Monitor,Electronics,Sindh,4,45000,0.0061743244215278215,178888.62160412502
2024-05-07 01:05:23.344668934,Customer_600,Mouse,Accessories,Islamabad,3,3000,0.20256478262932173,7176.916956336104
2024-05-07 04:35:40.268053610,Customer_428,Smartwatch,Wearables,Punjab,3,25000,0.13414454750715507,64939.158936963366
2024-05-07 08:05:57.191438288,Customer_351,Smartphone,Electronics,Sindh,4,90000,0.06955429676720554,334960.453163806
2024-05-07 11:36:14.114822964,Customer_108,Laptop,Electronics,Islamabad,5,150000,0.015401996323117312,738448.502757662
2024-05-07 15:06:31.038207642,Customer_240,Smartphone,Electronics,Islamabad,1,90000,0.04062460386861036,86343.78565182508
2024-05-07 18:36:47.961592318,Customer_216,Headphones,Accessories,KPK,4,8000,0.22375846471335922,24839.729129172505
2024-05-07 22:07:04.884976996,Customer_177,Smartphone,Electronics,Balochistan,4,90000,0.17150605598397275,298257.81984576985
2024-05-08 01:37:21.808361672,Customer_565,Smartphone,Electronics,Balochistan,4,90000,0.06247543040922246,337508.84505267994
2024-05-08 05:07:38.731746350,Customer_330,Mouse,Accessories,Sindh,3,3000,0.016400191236257383,8852.398278873683
2024-05-08 08:37:55.655131026,Customer_561,Mouse,Accessories,KPK,2,3000,0.17265382809665908,4964.077031420045
2024-05-08 12:08:12.578515704,Customer_881,Mouse,Accessories,Islamabad,1,3000,0.14310193149194128,2570.694205524176
2024-05-08 15:38:29.501900380,Customer_626,Monitor,Electronics,KPK,5,45000,0.10112988111455876,202245.7767492243
2024-05-08 19:08:46.425285058,Customer_450,Headphones,Accessories,KPK,5,8000,0.09090286229751596,36363.88550809936
2024-05-08 22:39:03.348669734,Customer_607,Smartwatch,Wearables,Sindh,2,25000,0.05420356898227707,47289.82155088615
2024-05-09 02:09:20.272054412,Customer_447,Smartwatch,Wearables,Balochistan,4,25000,0.1674028141343794,83259.71858656206
2024-05-09 05:39:37.195439088,Customer_537,Mouse,Accessories,KPK,1,3000,0.24266700694846763,2271.9989791545972
2024-05-09 09:09:54.118823764,Customer_644,Laptop,Electronics,KPK,5,150000,0.04392881145920646,717053.3914055951
2024-05-09 12:40:11.042208442,Customer_179,Monitor,Electronics,KPK,5,45000,0.14927915500387584,191412.19012412793
2024-05-09 16:10:27.965593118,Customer_395,Keyboard,Accessories,Punjab,4,5000,0.10604626393649405,17879.074721270117
2024-05-09 19:40:44.888977796,Customer_145,Laptop,Electronics,KPK,2,150000,0.11167218043616622,266498.34586915013
2024-05-09 23:11:01.812362472,Customer_876,Tablet,Electronics,KPK,1,60000,0.0635368200319536,56187.79079808278
2024-05-10 02:41:18.735747150,Customer_962,Tablet,Electronics,Islamabad,2,60000,0.20628371891535477,95245.95373015743
2024-05-10 06:11:35.659131826,Customer_198,Laptop,Electronics,Punjab,2,150000,0.12131390103681028,263605.8296889569
2024-05-10 09:41:52.582516504,Customer_969,Mouse,Accessories,KPK,1,3000,0.13585146304956602,2592.4456108513023
2024-05-10 13:12:09.505901180,Customer_837,Keyboard,Accessories,KPK,1,5000,0.07619022819933144,4619.048859003343
2024-05-10 16:42:26.429285858,Customer_84,Keyboard,Accessories,Sindh,5,5000,0.04545211641673744,23863.697089581565
2024-05-10 20:12:43.352670534,Customer_669,Monitor,Electronics,Sindh,5,45000,0.02147759705070512,220167.54066359135
2024-05-10 23:43:00.276055212,Customer_85,Keyboard,Accessories,Punjab,1,5000,0.17852978523122898,4107.351073843855
2024-05-11 03:13:17.199439888,Customer_457,Tablet,Electronics,Islamabad,3,60000,0.049058570421963904,171169.4573240465
2024-05-11 06:43:34.122824566,Customer_476,Headphones,Accessories,Punjab,5,8000,0.17251883854719943,33099.24645811202
2024-05-11 10:13:51.046209242,Customer_253,Mouse,Accessories,Punjab,3,3000,0.09759411151173847,8121.652996394354
2024-05-11 13:44:07.969593918,Customer_887,Keyboard,Accessories,Sindh,1,5000,0.10394370024741287,4480.281498762935
2024-05-11 17:14:24.892978596,Customer_72,Monitor,Electronics,Sindh,5,45000,0.11729437402319293,198608.7658447816
2024-05-11 20:44:41.816363272,Customer_223,Tablet,Electronics,Islamabad,2,60000,0.0919271270318858,108968.7447561737
2024-05-12 00:14:58.739747950,Customer_276,Headphones,Accessories,KPK,1,8000,0.02515499430564752,7798.76004555482
2024-05-12 03:45:15.663132626,Customer_795,Smartphone,Electronics,Islamabad,4,90000,0.07740795250071145,332133.1370997439
2024-05-12 07:15:32.586517304,Customer_776,Smartphone,Electronics,KPK,3,90000,0.1659335901734846,225197.93065315916
2024-05-12 10:45:49.509901980,Customer_246,Headphones,Accessories,Balochistan,1,8000,0.16644610036721774,6668.431197062258
2024-05-12 14:16:06.433286658,Customer_341,Tablet,Electronics,Sindh,1,60000,0.07155607680999859,55706.63539140009
2024-05-12 17:46:23.356671334,Customer_573,Monitor,Electronics,Balochistan,5,45000,0.11502565663942199,199119.22725613005
2024-05-12 21:16:40.280056012,Customer_924,Headphones,Accessories,Balochistan,5,8000,0.04836180700298437,38065.52771988063
2024-05-13 00:46:57.203440688,Customer_471,Mouse,Accessories,Sindh,5,3000,0.052593020382458944,14211.104694263116
2024-05-13 04:17:14.126825366,Customer_454,Mouse,Accessories,Balochistan,4,3000,0.005761772101651852,11930.858734780179
2024-05-13 07:47:31.050210042,Customer_771,Smartphone,Electronics,Punjab,5,90000,0.22418663747693615,349116.0131353788
2024-05-13 11:17:47.973594720,Customer_965,Keyboard,Accessories,KPK,1,5000,0.05267666626872655,4736.616668656367
2024-05-13 14:48:04.896979396,Customer_969,Monitor,Electronics,Islamabad,5,45000,0.05688346923411583,212201.21942232395
2024-05-13 18:18:21.820364072,Customer_7,Smartphone,Electronics,Sindh,2,90000,0.06990035816128295,167417.9355309691
2024-05-13 21:48:38.743748750,Customer_188,Keyboard,Accessories,Punjab,5,5000,0.03185201792385725,24203.699551903566
2024-05-14 01:18:55.667133426,Customer_4,Keyboard,Accessories,Islamabad,4,5000,0.1598157207953407,16803.685584093186
2024-05-14 04:49:12.590518104,Customer_743,Smartwatch,Wearables,Islamabad,2,25000,0.018785738294396642,49060.713085280164
2024-05-14 08:19:29.513902780,Customer_645,Mouse,Accessories,Islamabad,1,3000,0.033550606581587566,2899.3481802552374
2024-05-14 11:49:46.437287458,Customer_907,Tablet,Electronics,Balochistan,1,60000,0.16118918164752322,50328.64910114861
2024-05-14 15:20:03.360672134,Customer_125,Laptop,Electronics,Balochistan,3,150000,0.08491515512036069,411788.1801958377
2024-05-14 18:50:20.284056812,Customer_15,Tablet,Electronics,Balochistan,2,60000,0.17698695667529726,98761.56519896432
2024-05-14 22:20:37.207441488,Customer_960,Laptop,Electronics,Balochistan,3,150000,0.1393561861675355,387289.716224609
2024-05-15 01:50:54.130826166,Customer_994,Headphones,Accessories,Punjab,2,8000,0.06400529326537827,14975.915307753947
2024-05-15 05:21:11.054210842,Customer_525,Mouse,Accessories,Balochistan,2,3000,0.16270698762233202,5023.7580742660075
2024-05-15 08:51:27.977595520,Customer_630,Keyboard,Accessories,Sindh,4,5000,0.029068420073220164,19418.631598535598
2024-05-15 12:21:44.900980196,Customer_240,Monitor,Electronics,Islamabad,3,45000,0.1341025957700076,116896.14957104897
2024-05-15 15:52:01.824364874,Customer_775,Laptop,Electronics,Punjab,4,150000,0.10928702626125866,534427.7842432448
2024-05-15 19:22:18.747749550,Customer_360,Tablet,Electronics,Balochistan,2,60000,0.0669683957043602,111963.79251547677
2024-05-15 22:52:35.671134226,Customer_518,Keyboard,Accessories,Islamabad,1,5000,0.15100124943487503,4244.993752825625
2024-05-16 02:22:52.594518904,Customer_952,Laptop,Electronics,Punjab,2,150000,0.21783339808507063,234649.9805744788
2024-05-16 05:53:09.517903580,Customer_320,Laptop,Electronics,Islamabad,4,150000,0.24972617494076918,450164.2950355385
2024-05-16 09:23:26.441288258,Customer_231,Smartwatch,Wearables,Punjab,3,25000,0.15194069218585612,63604.44808606079
2024-05-16 12:53:43.364672934,Customer_946,Laptop,Electronics,KPK,3,150000,0.10117646858229254,404470.5891379683
2024-05-16 16:24:00.288057612,Customer_30,Monitor,Electronics,Punjab,4,45000,0.0563017750540504,169865.68049027093
2024-05-16 19:54:17.211442288,Customer_534,Mouse,Accessories,Balochistan,3,3000,0.06427402234877794,8421.533798860999
2024-05-16 23:24:34.134826966,Customer_921,Monitor,Electronics,Islamabad,5,45000,0.11986374453744142,198030.6574790757
2024-05-17 02:54:51.058211642,Customer_156,Smartphone,Electronics,Islamabad,1,90000,0.09181942532017731,81736.25172118405
2024-05-17 06:25:07.981596320,Customer_630,Keyboard,Accessories,Islamabad,1,5000,0.22845363065623606,3857.7318467188197
2024-05-17 09:55:24.904980996,Customer_852,Mouse,Accessories,Sindh,1,3000,0.09207386691392738,2723.7783992582176
2024-05-17 13:25:41.828365674,Customer_935,Smartwatch,Wearables,Sindh,3,25000,0.09336114778635887,67997.91391602308
2024-05-17 16:55:58.751750350,Customer_963,Mouse,Accessories,Balochistan,3,3000,0.09588362810849424,8137.047347023552
2024-05-17 20:26:15.675135028,Customer_901,Mouse,Accessories,KPK,2,3000,0.20915505259191453,4745.069684448513
2024-05-17 23:56:32.598519704,Customer_705,Tablet,Electronics,Sindh,2,60000,0.16269708021172546,100476.35037459295
2024-05-18 03:26:49.521904382,Customer_399,Mouse,Accessories,Punjab,1,3000,0.15354221257972317,2539.37336226083
2024-05-18 06:57:06.445289058,Customer_346,Smartwatch,Wearables,Balochistan,5,25000,0.08353575559596554,114558.0305505043
2024-05-18 10:27:23.368673734,Customer_195,Monitor,Electronics,KPK,2,45000,0.20447604420810986,71597.15602127012
2024-05-18 13:57:40.292058412,Customer_168,Mouse,Accessories,Punjab,2,3000,0.009590965338925284,5942.454207966449
2024-05-18 17:27:57.215443088,Customer_377,Headphones,Accessories,Islamabad,3,8000,0.2176992930845283,18775.21696597132
2024-05-18 20:58:14.138827766,Customer_489,Keyboard,Accessories,Sindh,5,5000,0.1281874749484824,21795.31312628794
2024-05-19 00:28:31.062212442,Customer_751,Mouse,Accessories,Punjab,1,3000,0.0995625587158532,2701.3123238524404
2024-05-19 03:58:47.985597120,Customer_362,Keyboard,Accessories,KPK,2,5000,0.12429182017942142,8757.081798205785
2024-05-19 07:29:04.908981796,Customer_482,Headphones,Accessories,Balochistan,5,8000,0.16685388263345777,33325.84469466169
2024-05-19 10:59:21.832366474,Customer_244,Headphones,Accessories,Punjab,5,8000,0.00319135662947434,39872.34573482103
2024-05-19 14:29:38.755751150,Customer_581,Keyboard,Accessories,Balochistan,1,5000,0.21788796411456193,3910.5601794271906
2024-05-19 17:59:55.679135828,Customer_607,Laptop,Electronics,Islamabad,5,150000,0.1116848813278482,666236.3390041139
2024-05-19 21:30:12.602520504,Customer_589,Smartphone,Electronics,KPK,5,90000,0.08574162992501955,411416.2665337412
2024-05-20 01:00:29.525905182,Customer_171,Tablet,Electronics,KPK,5,60000,0.034561391408514275,289631.5825774457
2024-05-20 04:30:46.449289858,Customer_513,Laptop,Electronics,Sindh,2,150000,0.10986634358961053,267040.0969231168
2024-05-20 08:01:03.372674536,Customer_406,Laptop,Electronics,KPK,1,150000,0.12408069282109471,131387.8960768358
2024-05-20 11:31:20.296059212,Customer_574,Monitor,Electronics,Punjab,5,45000,0.10091167362336945,202294.87343474186
2024-05-20 15:01:37.219443888,Customer_207,Tablet,Electronics,Punjab,5,60000,0.16966502345672427,249100.4929629827
2024-05-20 18:31:54.142828566,Customer_154,Tablet,Electronics,Punjab,2,60000,0.1052241321898065,107373.10413722321
2024-05-20 22:02:11.066213242,Customer_786,Laptop,Electronics,Islamabad,1,150000,0.24035439446164333,113946.8408307535
2024-05-21 01:32:27.989597920,Customer_48,Mouse,Accessories,KPK,3,3000,0.14981937945589796,7651.625584896919
2024-05-21 05:02:44.912982596,Customer_649,Monitor,Electronics,KPK,2,45000,0.20186948391297724,71831.74644783205
2024-05-21 08:33:01.836367274,Customer_1,Monitor,Electronics,Punjab,1,45000,0.027338975777369712,43769.746090018365
2024-05-21 12:03:18.759751950,Customer_747,Headphones,Accessories,Sindh,5,8000,0.09932282323647643,36027.08707054094
2024-05-21 15:33:35.683136628,Customer_905,Smartwatch,Wearables,Sindh,1,25000,0.08421192536178818,22894.701865955296
2024-05-21 19:03:52.606521304,Customer_768,Tablet,Electronics,KPK,1,60000,0.14237059703414795,51457.76417795112
2024-05-21 22:34:09.529905982,Customer_407,Laptop,Electronics,KPK,1,150000,0.2152783800153564,117708.24299769655
2024-05-22 02:04:26.453290658,Customer_107,Headphones,Accessories,Balochistan,3,8000,0.019584554440501667,23529.97069342796
2024-05-22 05:34:43.376675336,Customer_173,Keyboard,Accessories,KPK,1,5000,0.018143699511177697,4909.2815024441115
2024-05-22 09:05:00.300060012,Customer_506,Smartphone,Electronics,Punjab,3,90000,0.21257942703939972,212603.55469936208
2024-05-22 12:35:17.223444690,Customer_130,Smartwatch,Wearables,Islamabad,5,25000,0.053212521509589356,118348.43481130134
2024-05-22 16:05:34.146829366,Customer_398,Smartwatch,Wearables,KPK,3,25000,0.16718831361245343,62460.87647906599
2024-05-22 19:35:51.070214042,Customer_294,Smartwatch,Wearables,KPK,5,25000,0.1357195330902013,108035.05836372485
2024-05-22 23:06:07.993598720,Customer_552,Monitor,Electronics,Punjab,5,45000,0.20822339872180737,178149.73528759333
2024-05-23 02:36:24.916983396,Customer_447,Keyboard,Accessories,Balochistan,3,5000,0.03127222745910088,14530.916588113487
2024-05-23 06:06:41.840368074,Customer_850,Smartwatch,Wearables,KPK,2,25000,0.03244574143065282,48377.71292846736
2024-05-23 09:36:58.763752750,Customer_16,Keyboard,Accessories,Sindh,4,5000,0.1392045900695769,17215.908198608464
2024-05-23 13:07:15.687137428,Customer_639,Mouse,Accessories,Sindh,1,3000,0.23659466333959273,2290.2160099812218
2024-05-23 16:37:32.610522104,Customer_885,Smartwatch,Wearables,Sindh,4,25000,0.10374943959268856,89625.05604073114
2024-05-23 20:07:49.533906782,Customer_349,Smartphone,Electronics,Islamabad,1,90000,0.08173552506367374,82643.80274426936
2024-05-23 23:38:06.457291458,Customer_203,Keyboard,Accessories,Islamabad,1,5000,0.15167233079947146,4241.638346002643
2024-05-24 03:08:23.380676136,Customer_134,Keyboard,Accessories,KPK,5,5000,0.23261215013625777,19184.696246593554
2024-05-24 06:38:40.304060812,Customer_771,Smartphone,Electronics,KPK,1,90000,0.20923195821115592,71169.12376099596
2024-05-24 10:08:57.227445490,Customer_526,Smartwatch,Wearables,KPK,1,25000,0.24887090268330497,18778.227432917378
2024-05-24 13:39:14.150830166,Customer_508,Smartphone,Electronics,Islamabad,3,90000,0.005642145800594273,268476.6206338395
2024-05-24 17:09:31.074214844,Customer_66,Keyboard,Accessories,KPK,4,5000,0.028214536178190558,19435.709276436188
2024-05-24 20:39:47.997599520,Customer_480,Smartphone,Electronics,Punjab,3,90000,0.1523669408416555,228860.92597275303
2024-05-25 00:10:04.920984196,Customer_863,Keyboard,Accessories,Balochistan,1,5000,0.20514410983346243,3974.279450832688
2024-05-25 03:40:21.844368874,Customer_459,Keyboard,Accessories,Sindh,5,5000,0.07131108557669164,23217.222860582708
2024-05-25 07:10:38.767753550,Customer_342,Mouse,Accessories,Sindh,3,3000,0.05980277200855469,8461.775051923009
2024-05-25 10:40:55.691138228,Customer_707,Laptop,Electronics,Punjab,3,150000,0.19674394984530022,361465.22256961494
2024-05-25 14:11:12.614522904,Customer_626,Keyboard,Accessories,KPK,2,5000,0.014095463463307895,9859.045365366921
2024-05-25 17:41:29.537907582,Customer_159,Smartwatch,Wearables,Islamabad,1,25000,0.09234566189564627,22691.35845260884
2024-05-25 21:11:46.461292258,Customer_161,Headphones,Accessories,KPK,5,8000,0.12645230564808244,34941.9077740767
2024-05-26 00:42:03.384676936,Customer_254,Monitor,Electronics,KPK,3,45000,0.14008716858758086,116088.23224067659
2024-05-26 04:12:20.308061612,Customer_984,Tablet,Electronics,Sindh,3,60000,0.18215378919819422,147212.31794432504
2024-05-26 07:42:37.231446290,Customer_897,Laptop,Electronics,Sindh,5,150000,0.08871143085766456,683466.4268567516
2024-05-26 11:12:54.154830966,Customer_940,Laptop,Electronics,Islamabad,1,150000,0.1531710861686518,127024.33707470223
2024-05-26 14:43:11.078215644,Customer_527,Laptop,Electronics,Sindh,2,150000,0.14634385569773908,256096.84329067825
2024-05-26 18:13:28.001600320,Customer_549,Mouse,Accessories,KPK,3,3000,0.13690402516343678,7767.863773529069
2024-05-26 21:43:44.924984998,Customer_155,Keyboard,Accessories,Punjab,2,5000,0.16012082328555305,8398.791767144468
2024-05-27 01:14:01.848369674,Customer_486,Mouse,Accessories,Islamabad,4,3000,0.06486229276701908,11221.65248679577
2024-05-27 04:44:18.771754352,Customer_432,Keyboard,Accessories,Punjab,1,5000,0.021162188396157244,4894.189058019214
2024-05-27 08:14:35.695139028,Customer_27,Smartwatch,Wearables,KPK,4,25000,0.029817918009935857,97018.20819900642
2024-05-27 11:44:52.618523704,Customer_12,Mouse,Accessories,Islamabad,4,3000,0.05614559566347527,11326.252852038297
2024-05-27 15:15:09.541908382,Customer_67,Mouse,Accessories,Punjab,4,3000,0.1250494838806963,10499.406193431643
2024-05-27 18:45:26.465293058,Customer_542,Monitor,Electronics,Islamabad,1,45000,0.21011068763650503,35545.01905635727
2024-05-27 22:15:43.388677736,Customer_96,Headphones,Accessories,KPK,1,8000,0.17532333552209603,6597.413315823232
2024-05-28 01:46:00.312062412,Customer_215,Mouse,Accessories,Islamabad,5,3000,0.19726015105051178,12041.097734242323
2024-05-28 05:16:17.235447090,Customer_194,Monitor,Electronics,KPK,2,45000,0.08774390598152285,82103.04846166294
2024-05-28 08:46:34.158831766,Customer_647,Smartphone,Electronics,Islamabad,2,90000,0.10116343541213754,161790.58162581525
2024-05-28 12:16:51.082216444,Customer_290,Headphones,Accessories,Islamabad,5,8000,0.0984204714976532,36063.181140093875
2024-05-28 15:47:08.005601120,Customer_544,Smartwatch,Wearables,Sindh,5,25000,0.04796829610112538,119003.96298735932
2024-05-28 19:17:24.928985798,Customer_885,Mouse,Accessories,KPK,4,3000,0.015304164535893006,11816.350025569283
2024-05-28 22:47:41.852370474,Customer_39,Tablet,Electronics,Balochistan,5,60000,0.1477290232068067,255681.29303795798
2024-05-29 02:17:58.775755152,Customer_864,Laptop,Electronics,Islamabad,3,150000,0.24730417085514653,338713.1231151841
2024-05-29 05:48:15.699139828,Customer_939,Smartphone,Electronics,Punjab,2,90000,0.04170742623756571,172492.66327723817
2024-05-29 09:18:32.622524506,Customer_939,Smartphone,Electronics,Sindh,5,90000,0.011671204974818439,444747.9577613317
2024-05-29 12:48:49.545909182,Customer_206,Smartwatch,Wearables,Sindh,3,25000,0.19488292045598324,60383.780965801256
2024-05-29 16:19:06.469293858,Customer_899,Monitor,Electronics,Islamabad,3,45000,0.06314650167118105,126475.22227439056
2024-05-29 19:49:23.392678536,Customer_942,Smartphone,Electronics,Balochistan,3,90000,0.2074109513382321,213999.04313867734
2024-05-29 23:19:40.316063212,Customer_928,Headphones,Accessories,Sindh,3,8000,0.17598416675862885,19776.37999779291
2024-05-30 02:49:57.239447890,Customer_555,Mouse,Accessories,KPK,4,3000,0.23641838426270115,9162.979388847587
2024-05-30 06:20:14.162832566,Customer_484,Mouse,Accessories,Islamabad,3,3000,0.102231808939168,8079.913719547488
2024-05-30 09:50:31.086217244,Customer_337,Tablet,Electronics,Islamabad,4,60000,0.16549245986265854,200281.80963296193
2024-05-30 13:20:48.009601920,Customer_496,Smartwatch,Wearables,Balochistan,4,25000,0.11621369520331767,88378.63047966822
2024-05-30 16:51:04.932986598,Customer_771,Laptop,Electronics,KPK,3,150000,0.15764717432713587,379058.77155278885
2024-05-30 20:21:21.856371274,Customer_249,Monitor,Electronics,KPK,2,45000,0.11239972650193433,79884.02461482592
2024-05-30 23:51:38.779755952,Customer_74,Laptop,Electronics,Balochistan,3,150000,0.04715806160601871,428778.87227729155
2024-05-31 03:21:55.703140628,Customer_373,Smartphone,Electronics,Punjab,3,90000,0.12697435400084522,235716.9244197718
2024-05-31 06:52:12.626525306,Customer_831,Smartwatch,Wearables,KPK,3,25000,0.13214605035936058,65089.04622304796
2024-05-31 10:22:29.549909982,Customer_879,Tablet,Electronics,Punjab,2,60000,0.20265096206504027,95681.88455219516
2024-05-31 13:52:46.473294660,Customer_808,Laptop,Electronics,Punjab,1,150000,0.1838801764483953,122417.97353274071
2024-05-31 17:23:03.396679336,Customer_786,Headphones,Accessories,Islamabad,1,8000,0.16594790598536102,6672.416752117112
2024-05-31 20:53:20.320064012,Customer_835,Mouse,Accessories,Islamabad,4,3000,0.028346773888143134,11659.838713342282
2024-06-01 00:23:37.243448690,Customer_871,Smartphone,Electronics,Sindh,4,90000,0.18015407266592876,295144.53384026565
2024-06-01 03:53:54.166833366,Customer_702,Tablet,Electronics,Islamabad,2,60000,0.1250762890886287,104990.84530936457
2024-06-01 07:24:11.090218044,Customer_138,Laptop,Electronics,KPK,5,150000,0.2235248840265398,582356.3369800951
2024-06-01 10:54:28.013602720,Customer_948,Monitor,Electronics,KPK,1,45000,0.2299677335326357,34651.4519910314
2024-06-01 14:24:44.936987398,Customer_457,Headphones,Accessories,Punjab,4,8000,0.013789147650446365,31558.747275185717
2024-06-01 17:55:01.860372074,Customer_814,Headphones,Accessories,KPK,1,8000,0.2051603900886197,6358.7168792910425
2024-06-01 21:25:18.783756752,Customer_823,Laptop,Electronics,Islamabad,2,150000,0.009424347605667655,297172.6957182997
2024-06-02 00:55:35.707141428,Customer_942,Mouse,Accessories,Islamabad,2,3000,0.09179240642375566,5449.2455614574665
2024-06-02 04:25:52.630526106,Customer_843,Laptop,Electronics,Islamabad,5,150000,0.13557499390526978,648318.7545710477
2024-06-02 07:56:09.553910782,Customer_444,Smartphone,Electronics,Balochistan,5,90000,0.03702519965678186,433338.6601544482
2024-06-02 11:26:26.477295460,Customer_353,Laptop,Electronics,KPK,2,150000,0.1865784531422692,244026.46405731924
2024-06-02 14:56:43.400680136,Customer_996,Headphones,Accessories,Sindh,4,8000,0.002088676043034643,31933.16236662289
2024-06-02 18:27:00.324064814,Customer_794,Tablet,Electronics,KPK,1,60000,0.04214976210850921,57471.01427348945
2024-06-02 21:57:17.247449490,Customer_411,Laptop,Electronics,KPK,3,150000,0.14519920746336892,384660.356641484
2024-06-03 01:27:34.170834168,Customer_678,Mouse,Accessories,Balochistan,5,3000,0.1785968905093231,12321.046642360152
2024-06-03 04:57:51.094218844,Customer_790,Smartwatch,Wearables,KPK,3,25000,0.22916077567347903,57812.94182448907
2024-06-03 08:28:08.017603520,Customer_538,Tablet,Electronics,Punjab,4,60000,0.17637416298365596,197670.20088392257
2024-06-03 11:58:24.940988198,Customer_982,Monitor,Electronics,Islamabad,5,45000,0.1679448175637165,187212.41604816378
2024-06-03 15:28:41.864372874,Customer_453,Keyboard,Accessories,Islamabad,3,5000,0.09858528658766608,13521.22070118501
2024-06-03 18:58:58.787757552,Customer_419,Laptop,Electronics,Balochistan,4,150000,0.00032110638170035344,599807.3361709798
2024-06-03 22:29:15.711142228,Customer_450,Mouse,Accessories,Islamabad,1,3000,0.030039814683905486,2909.8805559482835
2024-06-04 01:59:32.634526906,Customer_995,Tablet,Electronics,Punjab,4,60000,0.13363863618900979,207926.72731463762
2024-06-04 05:29:49.557911582,Customer_585,Mouse,Accessories,Balochistan,5,3000,0.16878247146110492,12468.262928083426
2024-06-04 09:00:06.481296260,Customer_115,Monitor,Electronics,Sindh,2,45000,0.10436207097411562,80607.41361232959
2024-06-04 12:30:23.404680936,Customer_51,Headphones,Accessories,Islamabad,1,8000,0.18266975288209755,6538.64197694322
2024-06-04 16:00:40.328065614,Customer_369,Mouse,Accessories,KPK,3,3000,0.1304655738330447,7825.809835502598
2024-06-04 19:30:57.251450290,Customer_914,Tablet,Electronics,Punjab,5,60000,0.018544048898578053,294436.7853304266
2024-06-04 23:01:14.174834968,Customer_683,Mouse,Accessories,Punjab,2,3000,0.04800406274198721,5711.975623548076
2024-06-05 02:31:31.098219644,Customer_780,Mouse,Accessories,Islamabad,4,3000,0.20999955581098573,9480.005330268172
2024-06-05 06:01:48.021604322,Customer_515,Mouse,Accessories,Sindh,2,3000,0.18122818665610987,4912.630880063341
2024-06-05 09:32:04.944988998,Customer_210,Smartphone,Electronics,KPK,5,90000,0.22369049675312375,349339.2764610943
2024-06-05 13:02:21.868373674,Customer_888,Smartphone,Electronics,Sindh,5,90000,0.029389312280234142,436774.80947389465
2024-06-05 16:32:38.791758352,Customer_998,Headphones,Accessories,Sindh,2,8000,0.24755563365376848,12039.109861539704
2024-06-05 20:02:55.715143028,Customer_903,Laptop,Electronics,Islamabad,4,150000,0.0523516784874834,568588.99290751
2024-06-05 23:33:12.638527706,Customer_993,Mouse,Accessories,KPK,2,3000,0.0029449690716605026,5982.3301855700365
2024-06-06 03:03:29.561912382,Customer_902,Monitor,Electronics,Islamabad,5,45000,0.24935573476338854,168894.95967823756
2024-06-06 06:33:46.485297060,Customer_850,Laptop,Electronics,Islamabad,5,150000,0.07026847136127828,697298.6464790413
2024-06-06 10:04:03.408681736,Customer_813,Monitor,Electronics,Punjab,3,45000,0.16700486312813997,112454.3434777011
2024-06-06 13:34:20.332066414,Customer_895,Laptop,Electronics,Islamabad,3,150000,0.0441705785440763,430123.2396551657
2024-06-06 17:04:37.255451090,Customer_854,Headphones,Accessories,Balochistan,1,8000,0.14505713304978543,6839.542935601717
2024-06-06 20:34:54.178835768,Customer_627,Mouse,Accessories,KPK,5,3000,0.22600874661363982,11609.868800795402
2024-06-07 00:05:11.102220444,Customer_679,Mouse,Accessories,Punjab,3,3000,0.08004529185710965,8279.592373286014
2024-06-07 03:35:28.025605122,Customer_435,Keyboard,Accessories,KPK,2,5000,0.1675634940110898,8324.365059889102
2024-06-07 07:05:44.948989798,Customer_777,Monitor,Electronics,Punjab,4,45000,0.04697589719960413,171544.33850407126
2024-06-07 10:36:01.872374476,Customer_227,Laptop,Electronics,Balochistan,2,150000,0.1561988496796813,253140.3450960956
2024-06-07 14:06:18.795759152,Customer_663,Laptop,Electronics,Islamabad,4,150000,0.08411258795437754,549532.4472273735
2024-06-07 17:36:35.719143828,Customer_268,Smartwatch,Wearables,Punjab,3,25000,0.05280206464698792,71039.8451514759
2024-06-07 21:06:52.642528506,Customer_116,Smartwatch,Wearables,Punjab,1,25000,0.07829551267590878,23042.61218310228
2024-06-08 00:37:09.565913182,Customer_600,Smartphone,Electronics,Punjab,2,90000,0.04471026712694984,171952.15191714902
2024-06-08 04:07:26.489297860,Customer_830,Keyboard,Accessories,Balochistan,2,5000,0.2254790269594707,7745.209730405293
2024-06-08 07:37:43.412682536,Customer_754,Tablet,Electronics,KPK,2,60000,0.09929672157928221,108084.39341048614
2024-06-08 11:08:00.336067214,Customer_360,Smartwatch,Wearables,Balochistan,4,25000,0.061319826243591835,93868.0173756408
2024-06-08 14:38:17.259451890,Customer_329,Tablet,Electronics,Punjab,3,60000,0.11210196025398322,159821.647154283
2024-06-08 18:08:34.182836568,Customer_845,Smartphone,Electronics,Punjab,2,90000,0.08013404170162389,165575.8724937077
2024-06-08 21:38:51.106221244,Customer_40,Smartphone,Electronics,Islamabad,2,90000,0.1861048134533315,146501.13357840033
2024-06-09 01:09:08.029605922,Customer_182,Smartphone,Electronics,Balochistan,1,90000,0.2428049779713736,68147.55198257638
2024-06-09 04:39:24.952990598,Customer_490,Monitor,Electronics,Balochistan,1,45000,0.1095084141744117,40072.121362151476
2024-06-09 08:09:41.876375276,Customer_209,Monitor,Electronics,Sindh,3,45000,0.2152583499930601,105940.12275093689
2024-06-09 11:39:58.799759952,Customer_903,Headphones,Accessories,KPK,3,8000,0.14146576838990488,20604.82155864228
2024-06-09 15:10:15.723144630,Customer_273,Headphones,Accessories,Sindh,5,8000,0.03930891627355837,38427.64334905767
2024-06-09 18:40:32.646529306,Customer_119,Smartphone,Electronics,Sindh,1,90000,0.1726556855203354,74460.98830316981
2024-06-09 22:10:49.569913982,Customer_382,Keyboard,Accessories,KPK,5,5000,0.12835862428145503,21791.034392963622
2024-06-10 01:41:06.493298660,Customer_946,Laptop,Electronics,Islamabad,4,150000,0.16265163081302586,502409.02151218447
2024-06-10 05:11:23.416683336,Customer_536,Monitor,Electronics,Islamabad,5,45000,0.22242185314291624,174955.08304284382
2024-06-10 08:41:40.340068014,Customer_258,Keyboard,Accessories,KPK,2,5000,0.11010864266401152,8898.913573359885
2024-06-10 12:11:57.263452690,Customer_483,Mouse,Accessories,KPK,5,3000,0.2252944058043389,11620.583912934917
2024-06-10 15:42:14.186837368,Customer_509,Monitor,Electronics,Balochistan,3,45000,0.18766725357041372,109664.92076799415
2024-06-10 19:12:31.110222044,Customer_92,Monitor,Electronics,Balochistan,4,45000,0.12215123146949619,158012.7783354907
2024-06-10 22:42:48.033606722,Customer_979,Headphones,Accessories,Balochistan,2,8000,0.15080553391449092,13587.111457368146
2024-06-11 02:13:04.956991398,Customer_161,Laptop,Electronics,Balochistan,5,150000,0.08139528312975286,688953.5376526853
2024-06-11 05:43:21.880376076,Customer_149,Laptop,Electronics,Punjab,4,150000,0.24589932493469355,452460.40503918385
2024-06-11 09:13:38.803760752,Customer_117,Smartwatch,Wearables,Punjab,4,25000,0.166837790762599,83316.2209237401
2024-06-11 12:43:55.727145430,Customer_458,Tablet,Electronics,Islamabad,2,60000,0.010961713124157474,118684.5944251011
2024-06-11 16:14:12.650530106,Customer_565,Tablet,Electronics,Punjab,5,60000,0.08165547643700219,275503.3570688993
2024-06-11 19:44:29.573914784,Customer_814,Tablet,Electronics,Punjab,4,60000,0.15582860843976437,202601.13397445655
2024-06-11 23:14:46.497299460,Customer_45,Tablet,Electronics,Balochistan,4,60000,0.01408331944980995,236620.0033320456
2024-06-12 02:45:03.420684138,Customer_777,Mouse,Accessories,Balochistan,1,3000,0.005971047829785692,2982.086856510643
2024-06-12 06:15:20.344068814,Customer_998,Mouse,Accessories,KPK,4,3000,0.11250605988195064,10649.927281416592
2024-06-12 09:45:37.267453490,Customer_774,Monitor,Electronics,Balochistan,1,45000,0.0831725449231675,41257.23547845746
2024-06-12 13:15:54.190838168,Customer_819,Smartphone,Electronics,KPK,5,90000,0.10957465200829147,400691.4065962689
2024-06-12 16:46:11.114222844,Customer_234,Headphones,Accessories,KPK,5,8000,0.06567332747000129,37373.06690119995
2024-06-12 20:16:28.037607522,Customer_375,Headphones,Accessories,Punjab,5,8000,0.04117943673574523,38352.82253057019
2024-06-12 23:46:44.960992198,Customer_547,Tablet,Electronics,Balochistan,3,60000,0.17228583924508442,148988.5489358848
2024-06-13 03:17:01.884376876,Customer_850,Monitor,Electronics,Punjab,5,45000,0.12864277906695012,196055.37470993624
2024-06-13 06:47:18.807761552,Customer_949,Smartwatch,Wearables,Balochistan,4,25000,0.05003855281234171,94996.14471876583
2024-06-13 10:17:35.731146230,Customer_915,Keyboard,Accessories,Punjab,2,5000,0.07989735656499958,9201.026434350004
2024-06-13 13:47:52.654530906,Customer_197,Smartphone,Electronics,Punjab,1,90000,0.14795197691583148,76684.32207757517
2024-06-13 17:18:09.577915584,Customer_25,Monitor,Electronics,Punjab,3,45000,0.01805733706811946,132562.25949580388
2024-06-13 20:48:26.501300260,Customer_395,Smartphone,Electronics,Islamabad,5,90000,0.03686325231654489,433411.5364575548
2024-06-14 00:18:43.424684938,Customer_714,Smartphone,Electronics,Punjab,5,90000,0.01831140102684753,441759.86953791865
2024-06-14 03:49:00.348069614,Customer_785,Smartphone,Electronics,Sindh,2,90000,0.20307933317852972,143445.72002786465
2024-06-14 07:19:17.271454292,Customer_36,Monitor,Electronics,Sindh,2,45000,0.1881023083030023,73070.79225272979
2024-06-14 10:49:34.194838968,Customer_474,Tablet,Electronics,Sindh,3,60000,0.18832823296981427,146100.91806543342
2024-06-14 14:19:51.118223644,Customer_223,Headphones,Accessories,KPK,1,8000,0.179081335869007,6567.349313047944
2024-06-14 17:50:08.041608322,Customer_864,Headphones,Accessories,Punjab,5,8000,0.1673463559174673,33306.14576330131
2024-06-14 21:20:24.964992998,Customer_789,Tablet,Electronics,Sindh,3,60000,0.11924797884454374,158535.36380798212
2024-06-15 00:50:41.888377676,Customer_530,Smartphone,Electronics,KPK,4,90000,0.16056954087677874,302194.96528435964
2024-06-15 04:20:58.811762352,Customer_188,Keyboard,Accessories,Sindh,4,5000,0.009590388696993662,19808.192226060128
2024-06-15 07:51:15.735147030,Customer_402,Laptop,Electronics,Balochistan,3,150000,0.15536610566419615,380085.25245111174
2024-06-15 11:21:32.658531706,Customer_257,Monitor,Electronics,Islamabad,5,45000,0.1944694263842193,181244.37906355067
2024-06-15 14:51:49.581916384,Customer_654,Laptop,Electronics,Punjab,3,150000,0.12508959009609755,393709.6844567561
2024-06-15 18:22:06.505301060,Customer_136,Smartwatch,Wearables,Islamabad,5,25000,0.08937833210680923,113827.70848664884
2024-06-15 21:52:23.428685738,Customer_962,Tablet,Electronics,Islamabad,2,60000,0.06935668370024478,111677.19795597062
2024-06-16 01:22:40.352070414,Customer_819,Keyboard,Accessories,Balochistan,3,5000,0.16070051254052062,12589.49231189219
2024-06-16 04:52:57.275455092,Customer_591,Monitor,Electronics,Balochistan,5,45000,0.17320029965747719,186029.93257706764
2024-06-16 08:23:14.198839768,Customer_444,Tablet,Electronics,Balochistan,3,60000,0.21774189996563564,140806.4580061856
2024-06-16 11:53:31.122224446,Customer_418,Smartphone,Electronics,KPK,3,90000,0.08558352061524768,246892.44943388313
2024-06-16 15:23:48.045609122,Customer_292,Headphones,Accessories,Sindh,5,8000,0.1924430768463964,32302.276926144146
2024-06-16 18:54:04.968993798,Customer_574,Laptop,Electronics,Punjab,5,150000,0.14033895604733448,644745.7829644991
2024-06-16 22:24:21.892378476,Customer_129,Mouse,Accessories,Balochistan,1,3000,0.22070912266951978,2337.8726319914404
2024-06-17 01:54:38.815763152,Customer_341,Mouse,Accessories,Punjab,3,3000,0.1319530270739052,7812.422756334853
2024-06-17 05:24:55.739147830,Customer_810,Keyboard,Accessories,Punjab,4,5000,0.1294074570994918,17411.850858010162
2024-06-17 08:55:12.662532506,Customer_257,Smartphone,Electronics,Punjab,3,90000,0.14446927036022728,230993.29700273863
2024-06-17 12:25:29.585917184,Customer_992,Smartwatch,Wearables,Balochistan,3,25000,0.1873288387856086,60950.33709107936
2024-06-17 15:55:46.509301860,Customer_724,Laptop,Electronics,Balochistan,5,150000,0.24117261970711523,569120.5352196635
2024-06-17 19:26:03.432686538,Customer_566,Smartphone,Electronics,Sindh,3,90000,0.018390838553941413,265034.4735904358
2024-06-17 22:56:20.356071214,Customer_687,Laptop,Electronics,Balochistan,3,150000,0.01335865059775429,443988.60723101057
2024-06-18 02:26:37.279455892,Customer_100,Keyboard,Accessories,Balochistan,4,5000,0.23438758435183463,15312.248312963307
2024-06-18 05:56:54.202840568,Customer_39,Keyboard,Accessories,Punjab,5,5000,0.13246890637955153,21688.27734051121
2024-06-18 09:27:11.126225246,Customer_926,Smartwatch,Wearables,Sindh,3,25000,0.15372575364173402,63470.56847686995
2024-06-18 12:57:28.049609922,Customer_263,Mouse,Accessories,Islamabad,2,3000,0.12060590039868221,5276.364597607907
2024-06-18 16:27:44.972994600,Customer_150,Smartphone,Electronics,Balochistan,1,90000,0.023414363151868622,87892.70731633183
2024-06-18 19:58:01.896379276,Customer_633,Monitor,Electronics,Balochistan,4,45000,0.19202234460466663,145435.97797116
2024-06-18 23:28:18.819763952,Customer_690,Mouse,Accessories,Islamabad,3,3000,0.18680616127214672,7318.744548550679
2024-06-19 02:58:35.743148630,Customer_813,Smartphone,Electronics,Punjab,2,90000,0.077925830373203,165973.35053282345
2024-06-19 06:28:52.666533306,Customer_330,Mouse,Accessories,Sindh,3,3000,0.0765598113071001,8310.961698236099
2024-06-19 09:59:09.589917984,Customer_120,Monitor,Electronics,Punjab,3,45000,0.20946034522637963,106722.85339443875
2024-06-19 13:29:26.513302660,Customer_584,Headphones,Accessories,KPK,5,8000,0.018089314435331655,39276.427422586734
2024-06-19 16:59:43.436687338,Customer_219,Headphones,Accessories,Balochistan,5,8000,0.22027628708914146,31188.948516434342
2024-06-19 20:30:00.360072014,Customer_906,Smartwatch,Wearables,KPK,5,25000,0.0641654224739786,116979.32219075267
2024-06-20 00:00:17.283456692,Customer_910,Headphones,Accessories,Balochistan,2,8000,0.14824618693887348,13628.061008978024
2024-06-20 03:30:34.206841368,Customer_814,Headphones,Accessories,KPK,3,8000,0.23399854475044443,18384.034925989334
2024-06-20 07:00:51.130226046,Customer_123,Tablet,Electronics,Islamabad,1,60000,0.1695306253841616,49828.1624769503
2024-06-20 10:31:08.053610722,Customer_244,Laptop,Electronics,Balochistan,4,150000,0.10360745311675915,537835.5281299446
2024-06-20 14:01:24.976995400,Customer_886,Tablet,Electronics,Balochistan,5,60000,0.1723835522263538,248284.93433209386
2024-06-20 17:31:41.900380076,Customer_587,Tablet,Electronics,KPK,5,60000,0.08599490907909255,274201.52727627225
2024-06-20 21:01:58.823764754,Customer_518,Smartwatch,Wearables,Sindh,3,25000,0.06931460408729653,69801.40469345276
2024-06-21 00:32:15.747149430,Customer_21,Tablet,Electronics,KPK,3,60000,0.24917081948366993,135149.2524929394
2024-06-21 04:02:32.670534108,Customer_190,Headphones,Accessories,Balochistan,2,8000,0.18769755779494693,12996.83907528085
2024-06-21 07:32:49.593918784,Customer_225,Monitor,Electronics,Balochistan,2,45000,0.1611799943454544,75493.8005089091
2024-06-21 11:03:06.517303460,Customer_915,Smartwatch,Wearables,Sindh,5,25000,0.0888224108048297,113897.19864939629
2024-06-21 14:33:23.440688138,Customer_615,Smartwatch,Wearables,Punjab,3,25000,0.01229020728876204,74078.23445334284
2024-06-21 18:03:40.364072814,Customer_856,Keyboard,Accessories,Sindh,1,5000,0.007764219008788903,4961.178904956056
2024-06-21 21:33:57.287457492,Customer_466,Smartwatch,Wearables,Punjab,4,25000,0.1385453138621997,86145.46861378003
2024-06-22 01:04:14.210842168,Customer_99,Keyboard,Accessories,Balochistan,3,5000,0.19050818025976277,12142.377296103557
2024-06-22 04:34:31.134226846,Customer_830,Smartwatch,Wearables,Islamabad,3,25000,0.13434479761096377,64924.14017917772
2024-06-22 08:04:48.057611522,Customer_363,Laptop,Electronics,Islamabad,2,150000,0.21019626798477864,236941.1196045664
2024-06-22 11:35:04.980996200,Customer_997,Headphones,Accessories,KPK,4,8000,0.008356633273305408,31732.587735254227
2024-06-22 15:05:21.904380876,Customer_83,Smartwatch,Wearables,Sindh,5,25000,0.09168801910648502,113538.99761168937
2024-06-22 18:35:38.827765554,Customer_693,Headphones,Accessories,Sindh,3,8000,0.05926759779354451,22577.577652954933
2024-06-22 22:05:55.751150230,Customer_664,Headphones,Accessories,Islamabad,5,8000,0.11181824203928051,35527.27031842878
2024-06-23 01:36:12.674534908,Customer_56,Mouse,Accessories,Punjab,3,3000,0.01809409829853062,8837.153115313225
2024-06-23 05:06:29.597919584,Customer_702,Smartwatch,Wearables,Sindh,5,25000,0.23853291039276814,95183.38620090399
2024-06-23 08:36:46.521304262,Customer_930,Smartphone,Electronics,Punjab,4,90000,0.05581385026734023,339907.0139037575
2024-06-23 12:07:03.444688938,Customer_22,Mouse,Accessories,Punjab,2,3000,0.2305769438708962,4616.538336774623
2024-06-23 15:37:20.368073614,Customer_580,Smartphone,Electronics,Punjab,4,90000,0.10647328875917045,321669.61604669865
2024-06-23 19:07:37.291458292,Customer_185,Headphones,Accessories,Punjab,1,8000,0.2463810333138045,6028.951733489564
2024-06-23 22:37:54.214842968,Customer_522,Headphones,Accessories,KPK,2,8000,0.1385145958650527,13783.766466159157
2024-06-24 02:08:11.138227646,Customer_578,Mouse,Accessories,KPK,4,3000,0.23270821604395187,9207.501407472577
2024-06-24 05:38:28.061612322,Customer_264,Mouse,Accessories,Islamabad,1,3000,0.0013372471735557112,2995.9882584793327
2024-06-24 09:08:44.984997000,Customer_225,Smartphone,Electronics,KPK,3,90000,0.18705970154522503,219493.88058278925
2024-06-24 12:39:01.908381676,Customer_635,Keyboard,Accessories,Sindh,3,5000,0.22576266327562886,11613.560050865566
2024-06-24 16:09:18.831766354,Customer_38,Smartphone,Electronics,KPK,5,90000,0.03493014174473852,434281.4362148677
2024-06-24 19:39:35.755151030,Customer_123,Mouse,Accessories,Sindh,2,3000,0.024031462933037873,5855.811222401773
2024-06-24 23:09:52.678535708,Customer_830,Monitor,Electronics,Sindh,3,45000,0.1061431517964889,120670.67450747399
2024-06-25 02:40:09.601920384,Customer_156,Mouse,Accessories,Punjab,2,3000,0.23341972653323378,4599.481640800597
2024-06-25 06:10:26.525305062,Customer_906,Monitor,Electronics,Islamabad,3,45000,0.13559664004760968,116694.4535935727
2024-06-25 09:40:43.448689738,Customer_301,Laptop,Electronics,Punjab,5,150000,0.13186411593043304,651101.9130521752
2024-06-25 13:11:00.372074416,Customer_833,Mouse,Accessories,Punjab,4,3000,0.03528152957483047,11576.621645102035
2024-06-25 16:41:17.295459092,Customer_994,Laptop,Electronics,KPK,5,150000,0.00019737777330469664,749851.9666700215
2024-06-25 20:11:34.218843768,Customer_67,Keyboard,Accessories,KPK,1,5000,0.2025350226863653,3987.324886568173
2024-06-25 23:41:51.142228446,Customer_905,Smartphone,Electronics,Sindh,3,90000,0.021893640746559556,264088.7169984289
2024-06-26 03:12:08.065613122,Customer_645,Monitor,Electronics,KPK,1,45000,0.158462454683831,37869.189539227606
2024-06-26 06:42:24.988997800,Customer_874,Smartphone,Electronics,KPK,1,90000,0.22865411362879787,69421.12977340819
2024-06-26 10:12:41.912382476,Customer_394,Laptop,Electronics,Balochistan,2,150000,0.05216297828960775,284351.1065131177
2024-06-26 13:42:58.835767154,Customer_652,Monitor,Electronics,Sindh,3,45000,0.1663182090592277,112547.04177700427
2024-06-26 17:13:15.759151830,Customer_594,Smartphone,Electronics,Sindh,1,90000,0.019674644176877365,88229.28202408104
2024-06-26 20:43:32.682536508,Customer_570,Mouse,Accessories,Balochistan,4,3000,0.15093878595940324,10188.734568487162
2024-06-27 00:13:49.605921184,Customer_661,Headphones,Accessories,Sindh,1,8000,0.040982930238300685,7672.136558093594
2024-06-27 03:44:06.529305862,Customer_405,Laptop,Electronics,Islamabad,4,150000,0.1839883901287945,489606.9659227233
2024-06-27 07:14:23.452690538,Customer_449,Smartphone,Electronics,Islamabad,2,90000,0.07530782369847705,166444.59173427414
2024-06-27 10:44:40.376075216,Customer_131,Laptop,Electronics,Balochistan,1,150000,0.11584775220116156,132622.83716982577
2024-06-27 14:14:57.299459892,Customer_69,Tablet,Electronics,KPK,5,60000,0.14985763550690542,255042.70934792835
2024-06-27 17:45:14.222844570,Customer_345,Laptop,Electronics,Islamabad,2,150000,0.042818352666559895,287154.49420003203
2024-06-27 21:15:31.146229246,Customer_762,Monitor,Electronics,Balochistan,4,45000,0.18540945465440523,146626.29816220707
2024-06-28 00:45:48.069613922,Customer_320,Tablet,Electronics,Islamabad,2,60000,0.07566008515920364,110920.78978089556
2024-06-28 04:16:04.992998600,Customer_177,Smartwatch,Wearables,Punjab,1,25000,0.16559296497818837,20860.17587554529
2024-06-28 07:46:21.916383276,Customer_584,Monitor,Electronics,Balochistan,3,45000,0.03957076267484341,129657.94703889615
2024-06-28 11:16:38.839767954,Customer_529,Headphones,Accessories,Sindh,3,8000,0.17202941480158757,19871.2940447619
2024-06-28 14:46:55.763152630,Customer_841,Tablet,Electronics,Islamabad,4,60000,0.032047018202615435,232308.7156313723
2024-06-28 18:17:12.686537308,Customer_160,Smartwatch,Wearables,Sindh,4,25000,0.1063391240674959,89366.08759325041
2024-06-28 21:47:29.609921984,Customer_582,Mouse,Accessories,Balochistan,3,3000,0.061801518434719205,8443.786334087528
2024-06-29 01:17:46.533306662,Customer_625,Laptop,Electronics,Islamabad,4,150000,0.18709381235704564,487743.7125857726
2024-06-29 04:48:03.456691338,Customer_744,Smartphone,Electronics,Sindh,2,90000,0.06550875112671864,168208.42479719064
2024-06-29 08:18:20.380076016,Customer_533,Keyboard,Accessories,KPK,5,5000,0.22042932659884906,19489.266835028775
2024-06-29 11:48:37.303460692,Customer_135,Laptop,Electronics,KPK,5,150000,0.2229550528516532,582783.7103612601
2024-06-29 15:18:54.226845370,Customer_775,Smartwatch,Wearables,Punjab,2,25000,0.04911032880569646,47544.483559715176
2024-06-29 18:49:11.150230046,Customer_111,Laptop,Electronics,Balochistan,5,150000,0.15346148625193107,634903.8853110517
2024-06-29 22:19:28.073614724,Customer_999,Headphones,Accessories,Sindh,1,8000,0.02192941042999108,7824.564716560071
2024-06-30 01:49:44.996999400,Customer_758,Mouse,Accessories,Punjab,2,3000,0.0978842749004073,5412.694350597556
2024-06-30 05:20:01.920384078,Customer_283,Keyboard,Accessories,Balochistan,4,5000,0.17833043237531807,16433.39135249364
2024-06-30 08:50:18.843768754,Customer_520,Tablet,Electronics,KPK,2,60000,0.16485581171247907,100217.30259450251
2024-06-30 12:20:35.767153430,Customer_969,Tablet,Electronics,Sindh,3,60000,0.156175167351652,151888.46987670264
2024-06-30 15:50:52.690538108,Customer_796,Tablet,Electronics,Islamabad,4,60000,0.0706352159156109,223047.54818025336
2024-06-30 19:21:09.613922784,Customer_719,Smartwatch,Wearables,KPK,3,25000,0.0945062373586005,67912.03219810496
2024-06-30 22:51:26.537307462,Customer_194,Monitor,Electronics,Islamabad,4,45000,0.025736536175071545,175367.4234884871
2024-07-01 02:21:43.460692138,Customer_967,Monitor,Electronics,Islamabad,5,45000,0.17975570510840025,184554.96635060996
2024-07-01 05:52:00.384076816,Customer_47,Smartphone,Electronics,Sindh,2,90000,0.12597219919781838,157325.00414439267
2024-07-01 09:22:17.307461492,Customer_978,Keyboard,Accessories,Sindh,1,5000,0.17719140808641365,4114.042959567932
2024-07-01 12:52:34.230846170,Customer_342,Tablet,Electronics,Islamabad,4,60000,0.06223588119921819,225063.38851218764
2024-07-01 16:22:51.154230846,Customer_242,Monitor,Electronics,Punjab,4,45000,0.08110955715876655,165400.27971142202
2024-07-01 19:53:08.077615524,Customer_522,Smartwatch,Wearables,Islamabad,3,25000,0.08355383431502866,68733.46242637285
2024-07-01 23:23:25.001000200,Customer_370,Smartphone,Electronics,Islamabad,5,90000,0.00643560243680405,447103.97890343814
2024-07-02 02:53:41.924384878,Customer_801,Mouse,Accessories,Sindh,3,3000,0.08526196820765589,8232.642286131097
2024-07-02 06:23:58.847769554,Customer_903,Smartphone,Electronics,Balochistan,3,90000,0.20082614337950838,215776.9412875327
2024-07-02 09:54:15.771154232,Customer_131,Monitor,Electronics,KPK,5,45000,0.22432462393743463,174526.95961407723
2024-07-02 13:24:32.694538908,Customer_270,Headphones,Accessories,Sindh,1,8000,0.12955457890898187,6963.563368728145
2024-07-02 16:54:49.617923584,Customer_940,Smartwatch,Wearables,Punjab,3,25000,0.11387542380480506,66459.34321463962
2024-07-02 20:25:06.541308262,Customer_814,Headphones,Accessories,KPK,3,8000,0.0077061546748425636,23815.052287803777
2024-07-02 23:55:23.464692938,Customer_61,Tablet,Electronics,Sindh,4,60000,0.21980108439634566,187247.73974487706
2024-07-03 03:25:40.388077616,Customer_164,Headphones,Accessories,Sindh,5,8000,0.0032525533564681797,39869.89786574127
2024-07-03 06:55:57.311462292,Customer_525,Tablet,Electronics,Balochistan,2,60000,0.23618752005255295,91657.49759369365
2024-07-03 10:26:14.234846970,Customer_272,Tablet,Electronics,Punjab,1,60000,0.12230406217202267,52661.75626967864
2024-07-03 13:56:31.158231646,Customer_720,Monitor,Electronics,Punjab,1,45000,0.08548362339368165,41153.23694728433
2024-07-03 17:26:48.081616324,Customer_758,Headphones,Accessories,Sindh,5,8000,0.23105460871066502,30757.815651573397
2024-07-03 20:57:05.005001000,Customer_133,Tablet,Electronics,Balochistan,4,60000,0.006097748277524184,238536.5404133942
2024-07-04 00:27:21.928385678,Customer_244,Keyboard,Accessories,Sindh,4,5000,0.14535622371727178,17092.875525654566
2024-07-04 03:57:38.851770354,Customer_985,Mouse,Accessories,Islamabad,5,3000,0.1372331311248344,12941.503033127485
2024-07-04 07:27:55.775155032,Customer_806,Smartphone,Electronics,Islamabad,4,90000,0.05483010030284552,340261.1638909756
2024-07-04 10:58:12.698539708,Customer_998,Smartphone,Electronics,Balochistan,1,90000,0.10722185783755264,80350.03279462026
2024-07-04 14:28:29.621924386,Customer_434,Monitor,Electronics,Sindh,1,45000,0.16306600148594255,37662.02993313259
2024-07-04 17:58:46.545309062,Customer_38,Headphones,Accessories,Balochistan,2,8000,0.18178279922048188,13091.475212472289
2024-07-04 21:29:03.468693738,Customer_871,Headphones,Accessories,Sindh,5,8000,0.0001792146766449454,39992.8314129342
2024-07-05 00:59:20.392078416,Customer_568,Tablet,Electronics,Sindh,3,60000,0.23421335752275382,137841.5956459043
2024-07-05 04:29:37.315463092,Customer_319,Smartwatch,Wearables,Islamabad,3,25000,0.0411313430982031,71915.14926763477
2024-07-05 07:59:54.238847770,Customer_510,Laptop,Electronics,KPK,2,150000,0.0583951085555898,282481.46743332304
2024-07-05 11:30:11.162232446,Customer_376,Tablet,Electronics,Punjab,2,60000,0.06586836142346206,112095.79662918455
2024-07-05 15:00:28.085617124,Customer_560,Mouse,Accessories,Punjab,4,3000,0.009455034138008828,11886.539590343893
2024-07-05 18:30:45.009001800,Customer_617,Keyboard,Accessories,Balochistan,2,5000,0.03076303089758123,9692.369691024187
2024-07-05 22:01:01.932386478,Customer_474,Smartphone,Electronics,Punjab,2,90000,0.2465874807360405,135614.2534675127
2024-07-06 01:31:18.855771154,Customer_59,Tablet,Electronics,Islamabad,3,60000,0.07880418434432152,165815.24681802213
2024-07-06 05:01:35.779155832,Customer_589,Laptop,Electronics,KPK,4,150000,0.028825272584762335,582704.8364491427
2024-07-06 08:31:52.702540508,Customer_940,Laptop,Electronics,Sindh,2,150000,0.02674781529365583,291975.6554119033
2024-07-06 12:02:09.625925186,Customer_499,Tablet,Electronics,Sindh,2,60000,0.17986499191749297,98416.20096990085
2024-07-06 15:32:26.549309862,Customer_218,Monitor,Electronics,Islamabad,4,45000,0.21364216600816022,141544.41011853117
2024-07-06 19:02:43.472694540,Customer_895,Smartphone,Electronics,Punjab,5,90000,0.06423807487711747,421092.8663052972
2024-07-06 22:33:00.396079216,Customer_567,Monitor,Electronics,Sindh,4,45000,0.0052273780838087425,179059.0719449144
2024-07-07 02:03:17.319463892,Customer_567,Keyboard,Accessories,Punjab,3,5000,0.05577250461133895,14163.412430829916
2024-07-07 05:33:34.242848570,Customer_129,Laptop,Electronics,Islamabad,5,150000,0.014128922699189334,739403.307975608
2024-07-07 09:03:51.166233246,Customer_904,Laptop,Electronics,Sindh,1,150000,0.025848734157510378,146122.68987637342
2024-07-07 12:34:08.089617924,Customer_383,Mouse,Accessories,Balochistan,4,3000,0.10787702996191059,10705.475640457073
2024-07-07 16:04:25.013002600,Customer_388,Keyboard,Accessories,KPK,3,5000,0.057479592715408145,14137.806109268879
2024-07-07 19:34:41.936387278,Customer_85,Laptop,Electronics,Punjab,5,150000,0.12898646963135585,653260.1477764831
2024-07-07 23:04:58.859771954,Customer_510,Keyboard,Accessories,Punjab,4,5000,0.06337343831429759,18732.531233714046
2024-07-08 02:35:15.783156632,Customer_726,Smartphone,Electronics,Punjab,2,90000,0.2351343252757369,137675.82145036734
2024-07-08 06:05:32.706541308,Customer_627,Headphones,Accessories,Punjab,4,8000,0.22648599198156613,24752.448256589883
2024-07-08 09:35:49.629925986,Customer_437,Laptop,Electronics,Islamabad,1,150000,0.1417015262526165,128744.77106210754
2024-07-08 13:06:06.553310662,Customer_826,Mouse,Accessories,Islamabad,4,3000,0.08860599799684654,10936.728024037842
2024-07-08 16:36:23.476695340,Customer_293,Smartphone,Electronics,Islamabad,5,90000,0.09528672050868389,407120.9757710922
2024-07-08 20:06:40.400080016,Customer_49,Tablet,Electronics,Islamabad,5,60000,0.10296307078612424,269111.0787641627
2024-07-08 23:36:57.323464694,Customer_67,Keyboard,Accessories,Sindh,4,5000,0.181894830533736,16362.10338932528
2024-07-09 03:07:14.246849370,Customer_787,Tablet,Electronics,Islamabad,5,60000,0.11290974887970948,266127.07533608715
2024-07-09 06:37:31.170234048,Customer_129,Monitor,Electronics,Sindh,2,45000,0.21418248662647435,70723.57620361731
2024-07-09 10:07:48.093618724,Customer_29,Smartphone,Electronics,Balochistan,4,90000,0.23602369648259114,275031.4692662672
2024-07-09 13:38:05.017003400,Customer_343,Tablet,Electronics,Islamabad,2,60000,0.08398653834473346,109921.61539863198
2024-07-09 17:08:21.940388078,Customer_545,Smartwatch,Wearables,Balochistan,2,25000,0.14017362034392003,42991.318982804
2024-07-09 20:38:38.863772754,Customer_119,Smartwatch,Wearables,Islamabad,3,25000,0.023764134208141108,73217.68993438942
2024-07-10 00:08:55.787157432,Customer_692,Laptop,Electronics,Balochistan,4,150000,0.05011726194158975,569929.6428350462
2024-07-10 03:39:12.710542108,Customer_937,Keyboard,Accessories,KPK,5,5000,0.10336644167754003,22415.8389580615
2024-07-10 07:09:29.633926786,Customer_663,Headphones,Accessories,Balochistan,2,8000,0.051550678975444714,15175.189136392884
2024-07-10 10:39:46.557311462,Customer_133,Smartphone,Electronics,Sindh,3,90000,0.2191401226971794,210832.16687176155
2024-07-10 14:10:03.480696140,Customer_327,Laptop,Electronics,Punjab,4,150000,0.03957156401477452,576257.0615911353
2024-07-10 17:40:20.404080816,Customer_185,Mouse,Accessories,Balochistan,4,3000,0.11391520538827299,10633.017535340723
2024-07-10 21:10:37.327465494,Customer_506,Monitor,Electronics,Punjab,1,45000,0.15142481011496892,38185.8835448264
2024-07-11 00:40:54.250850170,Customer_646,Keyboard,Accessories,KPK,1,5000,0.1729659770402111,4135.170114798944
2024-07-11 04:11:11.174234848,Customer_689,Smartphone,Electronics,KPK,2,90000,0.09576734243162668,162761.8783623072
2024-07-11 07:41:28.097619524,Customer_534,Smartwatch,Wearables,Sindh,1,25000,0.21727476718118213,19568.130820470447
2024-07-11 11:11:45.021004202,Customer_241,Smartphone,Electronics,Sindh,2,90000,0.14207978776948138,154425.63820149336
2024-07-11 14:42:01.944388878,Customer_589,Headphones,Accessories,Balochistan,5,8000,0.10987694511188795,35604.92219552448
2024-07-11 18:12:18.867773554,Customer_716,Smartwatch,Wearables,Islamabad,2,25000,0.016810158513009155,49159.492074349546
2024-07-11 21:42:35.791158232,Customer_516,Headphones,Accessories,KPK,1,8000,0.11617236711129125,7070.621063109669
2024-07-12 01:12:52.714542908,Customer_840,Mouse,Accessories,Punjab,5,3000,0.20518396020393256,11922.240596941012
2024-07-12 04:43:09.637927586,Customer_960,Monitor,Electronics,Islamabad,1,45000,0.15363525455532887,38086.4135450102
2024-07-12 08:13:26.561312262,Customer_165,Mouse,Accessories,KPK,2,3000,0.2080406134322796,4751.756319406322
2024-07-12 11:43:43.484696940,Customer_927,Laptop,Electronics,Balochistan,3,150000,0.1235029176498264,394423.6870575781
2024-07-12 15:14:00.408081616,Customer_933,Laptop,Electronics,KPK,4,150000,0.02961542627362046,582230.7442358277
2024-07-12 18:44:17.331466294,Customer_640,Mouse,Accessories,Sindh,1,3000,0.0034099614589702676,2989.770115623089
2024-07-12 22:14:34.254850970,Customer_557,Monitor,Electronics,Punjab,2,45000,0.0758048866796478,83177.56019883169
2024-07-13 01:44:51.178235648,Customer_218,Mouse,Accessories,Punjab,5,3000,0.17449761787444812,12382.535731883278
2024-07-13 05:15:08.101620324,Customer_747,Monitor,Electronics,Sindh,1,45000,0.19756497598542344,36109.57608065595
2024-07-13 08:45:25.025005002,Customer_648,Monitor,Electronics,Islamabad,1,45000,0.07393820865508235,41672.780610521295
2024-07-13 12:15:41.948389678,Customer_680,Tablet,Electronics,Sindh,4,60000,0.12391348022081178,210260.7647470052
2024-07-13 15:45:58.871774356,Customer_993,Smartwatch,Wearables,Punjab,2,25000,0.1052797261085204,44736.01369457398
2024-07-13 19:16:15.795159032,Customer_749,Keyboard,Accessories,Balochistan,3,5000,0.10263069608785697,13460.539558682147
2024-07-13 22:46:32.718543708,Customer_605,Monitor,Electronics,Islamabad,5,45000,0.05783717830003762,211986.63488249152
2024-07-14 02:16:49.641928386,Customer_5,Headphones,Accessories,KPK,2,8000,0.03409277625736459,15454.515579882165
2024-07-14 05:47:06.565313062,Customer_668,Monitor,Electronics,Balochistan,5,45000,0.04917213955780328,213936.26859949424
2024-07-14 09:17:23.488697740,Customer_757,Monitor,Electronics,Islamabad,1,45000,0.013833096790836524,44377.51064441235
2024-07-14 12:47:40.412082416,Customer_872,Monitor,Electronics,Punjab,4,45000,0.04953268545589426,171084.11661793903
2024-07-14 16:17:57.335467094,Customer_81,Tablet,Electronics,Punjab,4,60000,0.002300224406344864,239447.94614247725
2024-07-14 19:48:14.258851770,Customer_247,Smartwatch,Wearables,Balochistan,3,25000,0.15681460015899457,63238.90498807541
2024-07-14 23:18:31.182236448,Customer_855,Tablet,Electronics,Islamabad,4,60000,0.07909385184692072,221017.47555673902
2024-07-15 02:48:48.105621124,Customer_493,Laptop,Electronics,KPK,1,150000,0.24328617785672715,113507.07332149093
2024-07-15 06:19:05.029005802,Customer_649,Tablet,Electronics,KPK,3,60000,0.048429262694074465,171282.7327150666
2024-07-15 09:49:21.952390478,Customer_386,Headphones,Accessories,Sindh,2,8000,0.08645714257739848,14616.685718761624
2024-07-15 13:19:38.875775156,Customer_575,Headphones,Accessories,Balochistan,4,8000,0.0894602896603833,29137.270730867735
2024-07-15 16:49:55.799159832,Customer_992,Tablet,Electronics,Islamabad,3,60000,0.002112874015615135,179619.68267718927
2024-07-15 20:20:12.722544510,Customer_307,Smartwatch,Wearables,Balochistan,1,25000,0.20980198825986474,19754.95029350338
2024-07-15 23:50:29.645929186,Customer_628,Mouse,Accessories,KPK,5,3000,0.00799861503608118,14880.020774458782
2024-07-16 03:20:46.569313862,Customer_625,Keyboard,Accessories,Islamabad,5,5000,0.23504495868231035,19123.87603294224
2024-07-16 06:51:03.492698540,Customer_543,Smartwatch,Wearables,Punjab,1,25000,0.22301858777340516,19424.53530566487
2024-07-16 10:21:20.416083216,Customer_7,Tablet,Electronics,Punjab,1,60000,0.1338804790214909,51967.17125871054
2024-07-16 13:51:37.339467894,Customer_926,Monitor,Electronics,Islamabad,5,45000,0.13589889372782302,194422.74891123982
2024-07-16 17:21:54.262852570,Customer_954,Smartphone,Electronics,Balochistan,3,90000,0.16344448073903908,225869.99020045946
2024-07-16 20:52:11.186237248,Customer_515,Keyboard,Accessories,Balochistan,5,5000,0.09676250298372174,22580.937425406955
2024-07-17 00:22:28.109621924,Customer_819,Keyboard,Accessories,Punjab,1,5000,0.16180557084946387,4190.97214575268
2024-07-17 03:52:45.033006602,Customer_755,Headphones,Accessories,Punjab,4,8000,0.011192097172121718,31641.852890492104
2024-07-17 07:23:01.956391278,Customer_568,Keyboard,Accessories,KPK,2,5000,0.013511906837431642,9864.880931625683
2024-07-17 10:53:18.879775956,Customer_73,Tablet,Electronics,Islamabad,4,60000,0.11430760490488609,212566.17482282734
2024-07-17 14:23:35.803160632,Customer_10,Monitor,Electronics,Balochistan,4,45000,0.13740557527650873,155266.9964502284
2024-07-17 17:53:52.726545310,Customer_573,Monitor,Electronics,KPK,1,45000,0.22195441008395475,35012.051546222036
2024-07-17 21:24:09.649929986,Customer_562,Laptop,Electronics,Balochistan,5,150000,0.026165158476974065,730376.1311422695
2024-07-18 00:54:26.573314664,Customer_122,Monitor,Electronics,Punjab,3,45000,0.20566198179847234,107235.63245720623
2024-07-18 04:24:43.496699340,Customer_687,Smartwatch,Wearables,Islamabad,4,25000,0.0525118343230174,94748.81656769826
2024-07-18 07:55:00.420084018,Customer_986,Monitor,Electronics,Sindh,5,45000,0.09852091212750796,202832.79477131073
2024-07-18 11:25:17.343468694,Customer_513,Headphones,Accessories,Islamabad,3,8000,0.07915060870685323,22100.385391035525
2024-07-18 14:55:34.266853370,Customer_990,Monitor,Electronics,Sindh,4,45000,0.10003881821634975,161993.01272105705
2024-07-18 18:25:51.190238048,Customer_441,Laptop,Electronics,KPK,3,150000,0.03762387451814639,433069.2564668341
2024-07-18 21:56:08.113622724,Customer_38,Smartphone,Electronics,Sindh,5,90000,0.12589251860088874,393348.36662960006
2024-07-19 01:26:25.037007402,Customer_702,Tablet,Electronics,Sindh,2,60000,0.20041064745784182,95950.72230505898
2024-07-19 04:56:41.960392078,Customer_591,Headphones,Accessories,KPK,5,8000,0.11038350259472424,35584.65989621103
2024-07-19 08:26:58.883776756,Customer_345,Smartwatch,Wearables,Islamabad,1,25000,0.12265339397454977,21933.665150636254
2024-07-19 11:57:15.807161432,Customer_966,Smartphone,Electronics,KPK,3,90000,0.21219189632032856,212708.1879935113
2024-07-19 15:27:32.730546110,Customer_338,Headphones,Accessories,Punjab,2,8000,0.1765145286595077,13175.767541447878
2024-07-19 18:57:49.653930786,Customer_961,Mouse,Accessories,Punjab,3,3000,0.12261360212994618,7896.477580830484
2024-07-19 22:28:06.577315464,Customer_702,Keyboard,Accessories,Sindh,3,5000,0.06442391204729492,14033.641319290577
2024-07-20 01:58:23.500700140,Customer_184,Mouse,Accessories,KPK,4,3000,0.22123168671124166,9345.2197594651
2024-07-20 05:28:40.424084818,Customer_67,Monitor,Electronics,KPK,1,45000,0.1442551004226396,38508.52048098122
2024-07-20 08:58:57.347469494,Customer_17,Smartphone,Electronics,KPK,3,90000,0.05528690252767335,255072.5363175282
2024-07-20 12:29:14.270854172,Customer_383,Monitor,Electronics,Islamabad,5,45000,0.06727993815950259,209862.0139141119
2024-07-20 15:59:31.194238848,Customer_368,Keyboard,Accessories,Balochistan,5,5000,0.20078327223406148,19980.418194148464
2024-07-20 19:29:48.117623524,Customer_904,Headphones,Accessories,Balochistan,4,8000,0.011036390521863865,31646.835503300357
2024-07-20 23:00:05.041008202,Customer_316,Keyboard,Accessories,Balochistan,1,5000,0.24802304675720502,3759.884766213975
2024-07-21 02:30:21.964392878,Customer_497,Laptop,Electronics,Islamabad,1,150000,0.032587919928697945,145111.8120106953
2024-07-21 06:00:38.887777556,Customer_808,Keyboard,Accessories,KPK,5,5000,0.19901713134923435,20024.57171626914
2024-07-21 09:30:55.811162232,Customer_721,Laptop,Electronics,Balochistan,2,150000,0.09869382919292072,270391.8512421238
2024-07-21 13:01:12.734546910,Customer_345,Keyboard,Accessories,KPK,4,5000,0.12305404582186671,17538.919083562665
2024-07-21 16:31:29.657931586,Customer_958,Tablet,Electronics,Sindh,4,60000,0.22016264436614447,187160.96535212535
2024-07-21 20:01:46.581316264,Customer_553,Laptop,Electronics,Balochistan,5,150000,0.10322779739730331,672579.1519520226
2024-07-21 23:32:03.504700940,Customer_908,Smartphone,Electronics,Sindh,5,90000,0.13437343841830862,389531.9527117611
2024-07-22 03:02:20.428085618,Customer_989,Monitor,Electronics,Islamabad,2,45000,0.012324915602292486,88890.75759579368
2024-07-22 06:32:37.351470294,Customer_473,Smartwatch,Wearables,Punjab,2,25000,0.0005868684668632884,49970.65657665684
2024-07-22 10:02:54.274854972,Customer_115,Monitor,Electronics,Islamabad,1,45000,0.061199968250431475,42246.00142873058
2024-07-22 13:33:11.198239648,Customer_100,Mouse,Accessories,Islamabad,4,3000,0.17014577322969182,9958.250721243698
2024-07-22 17:03:28.121624326,Customer_885,Monitor,Electronics,Islamabad,4,45000,0.030316223339784176,174543.07979883885
2024-07-22 20:33:45.045009002,Customer_438,Headphones,Accessories,Balochistan,5,8000,0.028440489701137356,38862.38041195451
2024-07-23 00:04:01.968393678,Customer_345,Tablet,Electronics,Sindh,1,60000,0.10274015200897582,53835.59087946145
2024-07-23 03:34:18.891778356,Customer_349,Keyboard,Accessories,Balochistan,4,5000,0.16195925965205663,16760.814806958868
2024-07-23 07:04:35.815163032,Customer_139,Mouse,Accessories,Punjab,1,3000,0.17801799806198262,2465.946005814052
2024-07-23 10:34:52.738547710,Customer_828,Headphones,Accessories,Islamabad,1,8000,0.044612668524593696,7643.0986518032505
2024-07-23 14:05:09.661932386,Customer_324,Headphones,Accessories,KPK,5,8000,0.019897036843010613,39204.11852627958
2024-07-23 17:35:26.585317064,Customer_846,Laptop,Electronics,Punjab,1,150000,0.23509925848638605,114735.1112270421
2024-07-23 21:05:43.508701740,Customer_302,Monitor,Electronics,Sindh,2,45000,0.06516659564052543,84135.00639235272
2024-07-24 00:36:00.432086418,Customer_294,Smartphone,Electronics,Punjab,2,90000,0.21333662440218096,141599.40760760743
2024-07-24 04:06:17.355471094,Customer_957,Smartwatch,Wearables,Balochistan,3,25000,0.21587286261570457,58809.53530382216
2024-07-24 07:36:34.278855772,Customer_529,Smartphone,Electronics,KPK,5,90000,0.1931306479406361,363091.20842671377
2024-07-24 11:06:51.202240448,Customer_834,Mouse,Accessories,Balochistan,3,3000,0.04220840166314252,8620.124385031717
2024-07-24 14:37:08.125625126,Customer_968,Tablet,Electronics,Islamabad,2,60000,0.20545036481355008,95345.95622237399
2024-07-24 18:07:25.049009802,Customer_292,Smartphone,Electronics,Islamabad,3,90000,0.19231263981039667,218075.5872511929
2024-07-24 21:37:41.972394480,Customer_74,Keyboard,Accessories,Punjab,5,5000,0.14918074752655427,21270.48131183614
2024-07-25 01:07:58.895779156,Customer_775,Smartphone,Electronics,Islamabad,5,90000,0.08430050879223819,412064.77104349283
2024-07-25 04:38:15.819163832,Customer_484,Mouse,Accessories,Islamabad,1,3000,0.06562715106663602,2803.118546800092
2024-07-25 08:08:32.742548510,Customer_16,Smartwatch,Wearables,Sindh,4,25000,0.03047230302008974,96952.76969799103
2024-07-25 11:38:49.665933186,Customer_526,Smartphone,Electronics,Sindh,1,90000,0.12743926672521785,78530.46599473039
2024-07-25 15:09:06.589317864,Customer_336,Keyboard,Accessories,Balochistan,5,5000,0.14631521887746163,21342.119528063457
2024-07-25 18:39:23.512702540,Customer_793,Laptop,Electronics,Balochistan,2,150000,0.0898347476289468,273049.57571131596
2024-07-25 22:09:40.436087218,Customer_873,Tablet,Electronics,Sindh,2,60000,0.11883976692021714,105739.22796957394
2024-07-26 01:39:57.359471894,Customer_516,Mouse,Accessories,Punjab,1,3000,0.09087861434231667,2727.36415697305
2024-07-26 05:10:14.282856572,Customer_925,Laptop,Electronics,Sindh,5,150000,0.16025151433017532,629811.3642523686
2024-07-26 08:40:31.206241248,Customer_127,Laptop,Electronics,Balochistan,2,150000,0.22531480194914083,232405.55941525774
2024-07-26 12:10:48.129625926,Customer_824,Laptop,Electronics,KPK,5,150000,0.04098006551173622,719264.9508661978
2024-07-26 15:41:05.053010602,Customer_518,Headphones,Accessories,Islamabad,2,8000,0.09535220247578086,14474.364760387505
2024-07-26 19:11:21.976395280,Customer_129,Tablet,Electronics,KPK,5,60000,0.03521715098771533,289434.85470368544
2024-07-26 22:41:38.899779956,Customer_511,Smartwatch,Wearables,KPK,3,25000,0.156235942601958,63282.304304853154
2024-07-27 02:11:55.823164634,Customer_423,Monitor,Electronics,Islamabad,5,45000,0.18221762737214894,184001.03384126647
2024-07-27 05:42:12.746549310,Customer_385,Tablet,Electronics,Sindh,5,60000,0.23297818314936397,230106.5450551908
2024-07-27 09:12:29.669933988,Customer_883,Headphones,Accessories,Punjab,1,8000,0.06971798156524123,7442.2561474780705
2024-07-27 12:42:46.593318664,Customer_232,Monitor,Electronics,KPK,3,45000,0.23755280146635754,102930.37180204174
2024-07-27 16:13:03.516703340,Customer_959,Tablet,Electronics,Punjab,4,60000,0.0158156679551687,236204.23969075954
2024-07-27 19:43:20.440088016,Customer_825,Laptop,Electronics,Balochistan,1,150000,0.15075346584114704,127386.98012382795
2024-07-27 23:13:37.363472696,Customer_195,Mouse,Accessories,KPK,4,3000,0.014283179835832494,11828.60184197001
2024-07-28 02:43:54.286857372,Customer_65,Monitor,Electronics,Balochistan,2,45000,0.2234435469404862,69890.08077535624
2024-07-28 06:14:11.210242048,Customer_833,Keyboard,Accessories,Sindh,4,5000,0.13245226426751353,17350.954714649728
2024-07-28 09:44:28.133626724,Customer_615,Keyboard,Accessories,KPK,5,5000,0.16733708769069902,20816.572807732526
2024-07-28 13:14:45.057011404,Customer_277,Smartphone,Electronics,Balochistan,4,90000,0.20789348147761313,285158.3466680593
2024-07-28 16:45:01.980396080,Customer_670,Monitor,Electronics,Balochistan,1,45000,0.03757765562099219,43309.005497055354
2024-07-28 20:15:18.903780756,Customer_224,Mouse,Accessories,Sindh,1,3000,0.009647890484533461,2971.0563285464
2024-07-28 23:45:35.827165432,Customer_801,Smartwatch,Wearables,Punjab,4,25000,0.21972028647821304,78027.97135217869
2024-07-29 03:15:52.750550112,Customer_944,Headphones,Accessories,Punjab,1,8000,0.07873330686473312,7370.133545082135
2024-07-29 06:46:09.673934788,Customer_278,Laptop,Electronics,KPK,1,150000,0.032244726981791316,145163.2909527313
2024-07-29 10:16:26.597319464,Customer_990,Smartphone,Electronics,Sindh,4,90000,0.11711530927177163,317838.4886621622
2024-07-29 13:46:43.520704140,Customer_694,Keyboard,Accessories,KPK,3,5000,0.1495765189240047,12756.352216139929
2024-07-29 17:17:00.444088816,Customer_366,Headphones,Accessories,Punjab,3,8000,0.007742650855627531,23814.176379464938
2024-07-29 20:47:17.367473496,Customer_516,Headphones,Accessories,Sindh,2,8000,0.06872391456427193,14900.41736697165
2024-07-30 00:17:34.290858172,Customer_215,Laptop,Electronics,Islamabad,1,150000,0.008199968569224003,148770.0047146164
2024-07-30 03:47:51.214242848,Customer_439,Smartwatch,Wearables,Sindh,4,25000,0.10508384729887474,89491.61527011252
2024-07-30 07:18:08.137627524,Customer_428,Smartwatch,Wearables,Sindh,1,25000,0.22377500726656108,19405.624818335975
2024-07-30 10:48:25.061012204,Customer_729,Monitor,Electronics,Islamabad,5,45000,0.2456631028733923,169725.80185348672
2024-07-30 14:18:41.984396880,Customer_396,Keyboard,Accessories,Balochistan,1,5000,0.15926188837590688,4203.6905581204655
2024-07-30 17:48:58.907781556,Customer_209,Smartwatch,Wearables,Balochistan,1,25000,0.04040942344614795,23989.7644138463
2024-07-30 21:19:15.831166232,Customer_501,Mouse,Accessories,Balochistan,3,3000,0.22646234749982644,6961.838872501562
2024-07-31 00:49:32.754550912,Customer_463,Smartwatch,Wearables,Punjab,4,25000,0.12906195580001512,87093.80441999849
2024-07-31 04:19:49.677935588,Customer_586,Headphones,Accessories,Sindh,1,8000,0.03843732802572952,7692.501375794164
2024-07-31 07:50:06.601320264,Customer_227,Laptop,Electronics,Islamabad,3,150000,0.23043166736291534,346305.7496866881
2024-07-31 11:20:23.524704940,Customer_375,Mouse,Accessories,Punjab,2,3000,0.18936726268077575,4863.796423915345
2024-07-31 14:50:40.448089620,Customer_500,Monitor,Electronics,Islamabad,3,45000,0.1829263181807879,110304.94704559364
2024-07-31 18:20:57.371474296,Customer_948,Keyboard,Accessories,Punjab,3,5000,0.17729517594860117,12340.572360770982
2024-07-31 21:51:14.294858972,Customer_93,Monitor,Electronics,Punjab,3,45000,0.05008495527411058,128238.53103799507
2024-08-01 01:21:31.218243648,Customer_460,Headphones,Accessories,Punjab,1,8000,0.052751672926881515,7577.986616584948
2024-08-01 04:51:48.141628324,Customer_577,Mouse,Accessories,Islamabad,1,3000,0.17207324960681375,2483.7802511795585
2024-08-01 08:22:05.065013004,Customer_321,Mouse,Accessories,KPK,2,3000,0.05493068752759922,5670.415874834404
2024-08-01 11:52:21.988397680,Customer_10,Mouse,Accessories,Punjab,5,3000,0.10966792420076221,13354.981136988567
2024-08-01 15:22:38.911782356,Customer_914,Headphones,Accessories,Balochistan,5,8000,0.19550045639848534,32179.981744060588
2024-08-01 18:52:55.835167032,Customer_303,Headphones,Accessories,Sindh,5,8000,0.19598812952446024,32160.47481902159
2024-08-01 22:23:12.758551712,Customer_322,Monitor,Electronics,KPK,2,45000,0.11331544313146491,79801.61011816816
2024-08-02 01:53:29.681936388,Customer_817,Smartphone,Electronics,KPK,5,90000,0.19804748456881127,360878.63194403495
2024-08-02 05:23:46.605321064,Customer_456,Monitor,Electronics,Islamabad,5,45000,0.2096554490495142,177827.5239638593
2024-08-02 08:54:03.528705740,Customer_278,Keyboard,Accessories,KPK,3,5000,0.16369393782106506,12544.590932684023
2024-08-02 12:24:20.452090420,Customer_598,Laptop,Electronics,Islamabad,1,150000,0.05710646307710504,141434.03053843425
2024-08-02 15:54:37.375475096,Customer_538,Mouse,Accessories,Islamabad,1,3000,0.06850294509638688,2794.4911647108393
2024-08-02 19:24:54.298859772,Customer_730,Smartphone,Electronics,Balochistan,3,90000,0.07871028885218384,248748.2220099104
2024-08-02 22:55:11.222244448,Customer_393,Laptop,Electronics,Punjab,3,150000,0.029201026933488,436859.5378799304
2024-08-03 02:25:28.145629128,Customer_917,Smartphone,Electronics,KPK,3,90000,0.06828990509248628,251561.7256250287
2024-08-03 05:55:45.069013804,Customer_95,Smartwatch,Wearables,Punjab,1,25000,0.05237980607813303,23690.504848046672
2024-08-03 09:26:01.992398480,Customer_756,Smartwatch,Wearables,Punjab,5,25000,0.11383218745215054,110770.97656848119
2024-08-03 12:56:18.915783156,Customer_959,Tablet,Electronics,Punjab,3,60000,0.22710938696806623,139120.31034574806
2024-08-03 16:26:35.839167832,Customer_107,Smartwatch,Wearables,Islamabad,2,25000,0.02612007918848952,48693.99604057553
2024-08-03 19:56:52.762552512,Customer_390,Monitor,Electronics,Punjab,3,45000,0.1800669809868489,110690.9575667754
2024-08-03 23:27:09.685937188,Customer_760,Smartwatch,Wearables,KPK,4,25000,0.17182075110328193,82817.9248896718
2024-08-04 02:57:26.609321864,Customer_526,Headphones,Accessories,Islamabad,3,8000,0.023938549665839415,23425.474808019855
2024-08-04 06:27:43.532706540,Customer_673,Mouse,Accessories,KPK,1,3000,0.23064310122645001,2308.07069632065
2024-08-04 09:58:00.456091220,Customer_71,Monitor,Electronics,Islamabad,3,45000,0.1421180505392049,115814.06317720734
2024-08-04 13:28:17.379475896,Customer_664,Laptop,Electronics,Sindh,4,150000,0.09093138028392106,545441.1718296474
2024-08-04 16:58:34.302860572,Customer_969,Tablet,Electronics,Sindh,2,60000,0.18913464587382667,97303.8424951408
2024-08-04 20:28:51.226245248,Customer_587,Tablet,Electronics,Sindh,5,60000,0.06434136460040851,280697.59061987745
2024-08-04 23:59:08.149629928,Customer_376,Tablet,Electronics,Sindh,3,60000,0.1733774592615801,148792.05733291557
2024-08-05 03:29:25.073014604,Customer_727,Laptop,Electronics,Islamabad,4,150000,0.009927801893061805,594043.3188641629
2024-08-05 06:59:41.996399280,Customer_368,Laptop,Electronics,Punjab,4,150000,0.209852009402318,474088.79435860924
2024-08-05 10:29:58.919783956,Customer_51,Laptop,Electronics,Balochistan,2,150000,0.11204271175532962,266387.1864734011
2024-08-05 14:00:15.843168632,Customer_898,Laptop,Electronics,Balochistan,1,150000,0.15917322858948543,126124.01571157719
2024-08-05 17:30:32.766553312,Customer_143,Tablet,Electronics,Sindh,3,60000,0.05530945495167092,170044.29810869924
2024-08-05 21:00:49.689937988,Customer_419,Tablet,Electronics,Punjab,4,60000,0.169268428164612,199375.57724049312
2024-08-06 00:31:06.613322664,Customer_548,Smartphone,Electronics,KPK,2,90000,0.19306006897331915,145249.18758480254
2024-08-06 04:01:23.536707340,Customer_500,Monitor,Electronics,Punjab,5,45000,0.11830329672109968,198381.75823775257
2024-08-06 07:31:40.460092020,Customer_886,Mouse,Accessories,KPK,4,3000,0.15443173101544858,10146.819227814616
2024-08-06 11:01:57.383476696,Customer_988,Smartwatch,Wearables,Balochistan,2,25000,0.11408148095559964,44295.925952220015
2024-08-06 14:32:14.306861372,Customer_167,Smartwatch,Wearables,Punjab,1,25000,0.22352284231446137,19411.928942138464
2024-08-06 18:02:31.230246048,Customer_748,Headphones,Accessories,Punjab,1,8000,0.12446729512857979,7004.261638971362
2024-08-06 21:32:48.153630728,Customer_260,Tablet,Electronics,Balochistan,4,60000,0.21045217725720472,189491.47745827085
2024-08-07 01:03:05.077015404,Customer_192,Headphones,Accessories,Punjab,4,8000,0.20033801456756214,25589.18353383801
2024-08-07 04:33:22.000400080,Customer_202,Monitor,Electronics,KPK,3,45000,0.10262620533708913,121145.46227949297
2024-08-07 08:03:38.923784756,Customer_774,Monitor,Electronics,Punjab,2,45000,0.05752112296436876,84823.09893320681
2024-08-07 11:33:55.847169436,Customer_185,Headphones,Accessories,KPK,4,8000,0.10152053313994275,28751.342939521834
2024-08-07 15:04:12.770554112,Customer_158,Tablet,Electronics,Sindh,3,60000,0.20655434394380504,142820.2180901151
2024-08-07 18:34:29.693938788,Customer_758,Headphones,Accessories,Punjab,3,8000,0.05690813395484809,22634.204785083646
2024-08-07 22:04:46.617323464,Customer_622,Smartwatch,Wearables,KPK,4,25000,0.13110908646443734,86889.09135355627
2024-08-08 01:35:03.540708140,Customer_99,Smartphone,Electronics,Balochistan,1,90000,0.20152418699018687,71862.82317088317
2024-08-08 05:05:20.464092820,Customer_241,Smartwatch,Wearables,Sindh,2,25000,0.0883693687820947,45581.531560895266
2024-08-08 08:35:37.387477496,Customer_491,Keyboard,Accessories,Punjab,2,5000,0.16055240925067435,8394.475907493255
2024-08-08 12:05:54.310862172,Customer_202,Tablet,Electronics,KPK,1,60000,0.06140789351220363,56315.52638926778
2024-08-08 15:36:11.234246848,Customer_634,Tablet,Electronics,Punjab,4,60000,0.02731986134203998,233443.2332779104
2024-08-08 19:06:28.157631528,Customer_509,Mouse,Accessories,KPK,2,3000,0.19859605627321408,4808.423662360716
2024-08-08 22:36:45.081016204,Customer_629,Laptop,Electronics,Punjab,4,150000,0.024742155852176706,585154.706488694
2024-08-09 02:07:02.004400880,Customer_96,Keyboard,Accessories,Sindh,4,5000,0.06784534876989615,18643.093024602076
2024-08-09 05:37:18.927785556,Customer_746,Monitor,Electronics,Sindh,3,45000,0.21377735549936003,106140.0570075864
2024-08-09 09:07:35.851170236,Customer_490,Tablet,Electronics,Punjab,1,60000,0.0866173217696668,54802.96069381999
2024-08-09 12:37:52.774554912,Customer_579,Headphones,Accessories,Punjab,4,8000,0.24326133737854028,24215.637203886712
2024-08-09 16:08:09.697939588,Customer_888,Keyboard,Accessories,Islamabad,5,5000,0.24493358369346493,18876.660407663378
2024-08-09 19:38:26.621324264,Customer_218,Mouse,Accessories,Punjab,1,3000,0.06706900511338917,2798.792984659832
2024-08-09 23:08:43.544708944,Customer_527,Monitor,Electronics,Punjab,2,45000,0.010244555562472613,89077.98999937746
2024-08-10 02:39:00.468093620,Customer_273,Laptop,Electronics,Sindh,3,150000,0.17626582105134478,370680.3805268948
2024-08-10 06:09:17.391478296,Customer_219,Laptop,Electronics,Punjab,2,150000,0.11274662566208593,266176.0123013742
2024-08-10 09:39:34.314862972,Customer_786,Mouse,Accessories,Balochistan,2,3000,0.025188210989894072,5848.870734060635
2024-08-10 13:09:51.238247648,Customer_883,Mouse,Accessories,Punjab,1,3000,0.1768807047445107,2469.357885766468
2024-08-10 16:40:08.161632328,Customer_659,Headphones,Accessories,Islamabad,2,8000,0.007793727277980306,15875.300363552315
2024-08-10 20:10:25.085017004,Customer_332,Tablet,Electronics,KPK,4,60000,0.21754917262306053,187788.19857046547
2024-08-10 23:40:42.008401680,Customer_856,Laptop,Electronics,Sindh,2,150000,0.03466313227832593,289601.06031650223
2024-08-11 03:10:58.931786356,Customer_453,Monitor,Electronics,Balochistan,3,45000,0.03182796968668125,130703.22409229804
2024-08-11 06:41:15.855171036,Customer_152,Keyboard,Accessories,KPK,3,5000,0.04391807449214613,14341.228882617808
2024-08-11 10:11:32.778555712,Customer_347,Monitor,Electronics,Balochistan,5,45000,0.24006658962301664,170985.01733482126
2024-08-11 13:41:49.701940388,Customer_816,Smartphone,Electronics,Sindh,3,90000,0.1732923400634615,223211.0681828654
2024-08-11 17:12:06.625325064,Customer_414,Smartphone,Electronics,Islamabad,2,90000,0.20034288386590918,143938.28090413637
2024-08-11 20:42:23.548709744,Customer_527,Mouse,Accessories,Sindh,3,3000,0.09940874643318826,8105.321282101305
2024-08-12 00:12:40.472094420,Customer_431,Headphones,Accessories,Balochistan,1,8000,0.08407818187623889,7327.374544990089
2024-08-12 03:42:57.395479096,Customer_379,Smartphone,Electronics,Balochistan,3,90000,0.058621001695792485,254172.32954213605
2024-08-12 07:13:14.318863772,Customer_998,Laptop,Electronics,Sindh,4,150000,0.12016200707810223,527902.7957531387
2024-08-12 10:43:31.242248448,Customer_895,Monitor,Electronics,Punjab,1,45000,0.13795718338354213,38791.9267477406
2024-08-12 14:13:48.165633128,Customer_428,Monitor,Electronics,Sindh,5,45000,0.15794371091318885,189462.6650445325
2024-08-12 17:44:05.089017804,Customer_866,Mouse,Accessories,Islamabad,4,3000,0.06427962599967363,11228.644488003916
2024-08-12 21:14:22.012402480,Customer_923,Tablet,Electronics,Sindh,2,60000,0.23716352022574766,91540.37757291029
2024-08-13 00:44:38.935787156,Customer_84,Tablet,Electronics,KPK,2,60000,0.04243962455178396,114907.24505378593
2024-08-13 04:14:55.859171836,Customer_192,Keyboard,Accessories,Punjab,2,5000,0.24141329369160308,7585.867063083969
2024-08-13 07:45:12.782556512,Customer_41,Mouse,Accessories,KPK,4,3000,0.003714030626875947,11955.431632477488
2024-08-13 11:15:29.705941188,Customer_864,Smartwatch,Wearables,Sindh,4,25000,0.1202814229542114,87971.85770457886
2024-08-13 14:45:46.629325864,Customer_836,Keyboard,Accessories,Punjab,4,5000,0.0833419595291407,18333.160809417186
2024-08-13 18:16:03.552710544,Customer_773,Smartwatch,Wearables,KPK,1,25000,0.1122808534825627,22192.978662935933
2024-08-13 21:46:20.476095220,Customer_309,Tablet,Electronics,KPK,1,60000,0.14266614474519726,51440.031315288164
2024-08-14 01:16:37.399479896,Customer_378,Mouse,Accessories,Punjab,2,3000,0.10889728950317726,5346.616262980937
2024-08-14 04:46:54.322864572,Customer_136,Smartwatch,Wearables,Punjab,3,25000,0.10371171257539874,67221.62155684509
2024-08-14 08:17:11.246249252,Customer_790,Mouse,Accessories,Balochistan,2,3000,0.18318085385332664,4900.9148768800405
2024-08-14 11:47:28.169633928,Customer_106,Mouse,Accessories,Punjab,5,3000,0.17146906877161616,12427.963968425758
2024-08-14 15:17:45.093018604,Customer_519,Tablet,Electronics,Sindh,1,60000,0.20831782050896197,47500.930769462284
2024-08-14 18:48:02.016403280,Customer_918,Keyboard,Accessories,Islamabad,4,5000,0.06248974530987389,18750.205093802524
2024-08-14 22:18:18.939787956,Customer_814,Keyboard,Accessories,Balochistan,1,5000,0.1523821274385159,4238.089362807421
2024-08-15 01:48:35.863172636,Customer_542,Mouse,Accessories,Punjab,4,3000,0.14629869634821346,10244.415643821438
2024-08-15 05:18:52.786557312,Customer_126,Smartphone,Electronics,Islamabad,5,90000,0.09243445271817219,408404.4962768225
2024-08-15 08:49:09.709941988,Customer_357,Headphones,Accessories,Balochistan,5,8000,0.12151438547567023,35139.424580973195
2024-08-15 12:19:26.633326664,Customer_400,Tablet,Electronics,Sindh,1,60000,0.07844553582643218,55293.267850414064
2024-08-15 15:49:43.556711344,Customer_79,Headphones,Accessories,Islamabad,4,8000,0.0354610994042463,30865.244819064115
2024-08-15 19:20:00.480096020,Customer_389,Headphones,Accessories,Punjab,5,8000,0.05345030266568321,37861.98789337267
2024-08-15 22:50:17.403480696,Customer_579,Keyboard,Accessories,Punjab,2,5000,0.026378411600300272,9736.215883996996
2024-08-16 02:20:34.326865372,Customer_535,Keyboard,Accessories,Sindh,2,5000,0.17076739379753103,8292.32606202469
2024-08-16 05:50:51.250250052,Customer_701,Smartphone,Electronics,Balochistan,4,90000,0.16518184827728788,300534.53462017636
2024-08-16 09:21:08.173634728,Customer_74,Headphones,Accessories,Islamabad,1,8000,0.2376515928949682,6098.7872568402545
2024-08-16 12:51:25.097019404,Customer_5,Headphones,Accessories,Sindh,5,8000,0.18241960341181032,32703.21586352759
2024-08-16 16:21:42.020404080,Customer_919,Mouse,Accessories,Balochistan,1,3000,0.013011459689032862,2960.9656209329014
2024-08-16 19:51:58.943788760,Customer_463,Keyboard,Accessories,KPK,2,5000,0.22106129348223855,7789.387065177614
2024-08-16 23:22:15.867173436,Customer_82,Headphones,Accessories,KPK,5,8000,0.21566879073643144,31373.248370542744
2024-08-17 02:52:32.790558112,Customer_537,Monitor,Electronics,Balochistan,1,45000,0.11083008019317467,40012.64639130714
2024-08-17 06:22:49.713942788,Customer_776,Smartphone,Electronics,Punjab,3,90000,0.14646576263198038,230454.2440893653
2024-08-17 09:53:06.637327464,Customer_991,Smartwatch,Wearables,Punjab,4,25000,0.2440195831181297,75598.04168818702
2024-08-17 13:23:23.560712144,Customer_405,Monitor,Electronics,KPK,4,45000,0.13307609096204157,156046.30362683252
2024-08-17 16:53:40.484096820,Customer_514,Monitor,Electronics,Punjab,3,45000,0.22633045709402244,104445.38829230698
2024-08-17 20:23:57.407481496,Customer_278,Smartwatch,Wearables,Punjab,2,25000,0.02075968945254661,48962.01552737267
2024-08-17 23:54:14.330866172,Customer_840,Tablet,Electronics,Balochistan,5,60000,0.04776296717717071,285671.1098468488
2024-08-18 03:24:31.254250852,Customer_855,Tablet,Electronics,Balochistan,4,60000,0.11018873586032946,213554.7033935209
2024-08-18 06:54:48.177635528,Customer_224,Smartphone,Electronics,Punjab,3,90000,0.14618920208432618,230528.91543723195
2024-08-18 10:25:05.101020204,Customer_584,Monitor,Electronics,Balochistan,3,45000,0.20405696296570006,107452.3099996305
2024-08-18 13:55:22.024404880,Customer_68,Headphones,Accessories,Islamabad,2,8000,0.2470655287857967,12046.951539427253
2024-08-18 17:25:38.947789560,Customer_320,Keyboard,Accessories,KPK,2,5000,0.09721287411852911,9027.87125881471
2024-08-18 20:55:55.871174236,Customer_606,Smartphone,Electronics,Islamabad,1,90000,0.011853909035021232,88933.14818684809
2024-08-19 00:26:12.794558912,Customer_19,Mouse,Accessories,Islamabad,4,3000,0.2002928758238312,9596.485490114026
2024-08-19 03:56:29.717943588,Customer_640,Smartwatch,Wearables,Punjab,1,25000,0.15109517977070203,21222.620505732448
2024-08-19 07:26:46.641328264,Customer_343,Monitor,Electronics,Punjab,3,45000,0.049635714717050416,128299.17851319819
2024-08-19 10:57:03.564712944,Customer_594,Smartphone,Electronics,Islamabad,5,90000,0.12370711415535504,394331.7986300902
2024-08-19 14:27:20.488097620,Customer_766,Laptop,Electronics,Islamabad,5,150000,0.1855775613834311,610816.8289624267
2024-08-19 17:57:37.411482296,Customer_949,Laptop,Electronics,Sindh,2,150000,0.19260294676716094,242219.11596985173
2024-08-19 21:27:54.334866972,Customer_733,Tablet,Electronics,Sindh,5,60000,0.1249046029996905,262528.61910009285
2024-08-20 00:58:11.258251652,Customer_343,Smartwatch,Wearables,KPK,5,25000,0.07630363253221478,115462.04593347314
2024-08-20 04:28:28.181636328,Customer_97,Keyboard,Accessories,Islamabad,5,5000,0.24343564550962338,18914.108862259414
2024-08-20 07:58:45.105021004,Customer_52,Headphones,Accessories,Balochistan,3,8000,0.1658406527391232,20019.824334261044
2024-08-20 11:29:02.028405680,Customer_175,Keyboard,Accessories,Sindh,5,5000,0.10205937983657468,22448.515504085633
2024-08-20 14:59:18.951790360,Customer_338,Keyboard,Accessories,Punjab,5,5000,0.0701158060511631,23247.104848720923
2024-08-20 18:29:35.875175036,Customer_694,Keyboard,Accessories,Islamabad,5,5000,0.18277574575089053,20430.606356227738
2024-08-20 21:59:52.798559712,Customer_940,Smartwatch,Wearables,Balochistan,1,25000,0.060545861398441925,23486.353465038952
2024-08-21 01:30:09.721944388,Customer_353,Keyboard,Accessories,Balochistan,3,5000,0.04292749724342204,14356.08754134867
2024-08-21 05:00:26.645329068,Customer_391,Mouse,Accessories,Balochistan,2,3000,0.13245847224051757,5205.249166556895
2024-08-21 08:30:43.568713744,Customer_115,Smartwatch,Wearables,Punjab,1,25000,0.07249684816103547,23187.578795974114
2024-08-21 12:01:00.492098420,Customer_348,Mouse,Accessories,Sindh,4,3000,0.15722628623090376,10113.284565229154
2024-08-21 15:31:17.415483096,Customer_1,Smartwatch,Wearables,Balochistan,3,25000,0.02948466871855837,72788.64984610812
2024-08-21 19:01:34.338867772,Customer_63,Tablet,Electronics,Sindh,3,60000,0.1637352761418304,150527.65029447054
2024-08-21 22:31:51.262252452,Customer_760,Smartphone,Electronics,KPK,4,90000,0.07082413199942555,334503.3124802068
2024-08-22 02:02:08.185637128,Customer_743,Laptop,Electronics,Punjab,4,150000,6.073360862818289e-05,599963.559834823
2024-08-22 05:32:25.109021804,Customer_226,Keyboard,Accessories,Sindh,4,5000,0.03173401441854409,19365.31971162912
2024-08-22 09:02:42.032406480,Customer_423,Tablet,Electronics,Sindh,2,60000,0.23340384445877352,91991.53866494718
2024-08-22 12:32:58.955791160,Customer_19,Smartphone,Electronics,Balochistan,5,90000,0.21683865977883945,352422.60309952224
2024-08-22 16:03:15.879175836,Customer_31,Laptop,Electronics,Balochistan,3,150000,0.05840225800905921,423718.98389592336
2024-08-22 19:33:32.802560512,Customer_845,Monitor,Electronics,Punjab,5,45000,0.1945929761363728,181216.5803693161
2024-08-22 23:03:49.725945188,Customer_633,Headphones,Accessories,Sindh,5,8000,0.15214289829349356,33914.284068260255
2024-08-23 02:34:06.649329868,Customer_24,Mouse,Accessories,Islamabad,4,3000,0.24272617786246736,9087.28586565039
2024-08-23 06:04:23.572714544,Customer_837,Monitor,Electronics,Balochistan,2,45000,0.09340141488351478,81593.87266048367
2024-08-23 09:34:40.496099220,Customer_983,Smartwatch,Wearables,Balochistan,1,25000,0.17036515312929282,20740.87117176768
2024-08-23 13:04:57.419483896,Customer_211,Laptop,Electronics,KPK,2,150000,0.015883930605979646,295234.82081820606
2024-08-23 16:35:14.342868572,Customer_961,Monitor,Electronics,Punjab,5,45000,0.09906183670410149,202711.08674157716
2024-08-23 20:05:31.266253252,Customer_161,Headphones,Accessories,Sindh,2,8000,0.24095441529704512,12144.729355247278
2024-08-23 23:35:48.189637928,Customer_255,Tablet,Electronics,Sindh,4,60000,0.13474521861253014,207661.14753299276
2024-08-24 03:06:05.113022604,Customer_571,Laptop,Electronics,Sindh,1,150000,0.07196987583371114,139204.51862494333
2024-08-24 06:36:22.036407280,Customer_114,Monitor,Electronics,Balochistan,4,45000,0.030067740782151714,174587.80665921269
2024-08-24 10:06:38.959791960,Customer_504,Mouse,Accessories,Punjab,1,3000,0.1758820850453826,2472.353744863852
2024-08-24 13:36:55.883176636,Customer_929,Mouse,Accessories,Sindh,5,3000,0.1612140108574317,12581.789837138525
2024-08-24 17:07:12.806561312,Customer_672,Smartphone,Electronics,Islamabad,1,90000,0.09348467840094365,81586.37894391507
2024-08-24 20:37:29.729945988,Customer_955,Monitor,Electronics,KPK,1,45000,0.23773533796645857,34301.90979150936
2024-08-25 00:07:46.653330668,Customer_220,Keyboard,Accessories,KPK,1,5000,0.0055507032469625794,4972.246483765187
2024-08-25 03:38:03.576715344,Customer_357,Monitor,Electronics,Sindh,2,45000,0.07593096290795645,83166.21333828392
2024-08-25 07:08:20.500100020,Customer_169,Tablet,Electronics,Balochistan,2,60000,0.23026737157489535,92367.91541101257
2024-08-25 10:38:37.423484696,Customer_524,Laptop,Electronics,KPK,5,150000,0.0802338595798601,689824.605315105
2024-08-25 14:08:54.346869376,Customer_969,Laptop,Electronics,KPK,1,150000,0.0630632084637926,140540.51873043113
2024-08-25 17:39:11.270254052,Customer_242,Tablet,Electronics,KPK,3,60000,0.13355510248281183,155960.08155309386
2024-08-25 21:09:28.193638728,Customer_375,Monitor,Electronics,KPK,5,45000,0.20595043748013447,178661.15156696975
2024-08-26 00:39:45.117023404,Customer_139,Tablet,Electronics,Sindh,1,60000,0.025786690219590264,58452.79858682459
2024-08-26 04:10:02.040408080,Customer_97,Headphones,Accessories,Punjab,1,8000,0.23575517741143404,6113.958580708528
2024-08-26 07:40:18.963792760,Customer_147,Smartwatch,Wearables,Punjab,2,25000,0.198768220295291,40061.58898523545
2024-08-26 11:10:35.887177436,Customer_182,Tablet,Electronics,Balochistan,5,60000,0.045312563887887986,286406.2308336336
2024-08-26 14:40:52.810562112,Customer_57,Mouse,Accessories,Islamabad,1,3000,0.17800199029954067,2465.994029101378
2024-08-26 18:11:09.733946788,Customer_42,Tablet,Electronics,Punjab,1,60000,0.09623968065938929,54225.61916043665
2024-08-26 21:41:26.657331468,Customer_866,Laptop,Electronics,Islamabad,5,150000,0.10057366951907967,674569.7478606902
2024-08-27 01:11:43.580716144,Customer_711,Mouse,Accessories,Punjab,3,3000,0.1958225231097166,7237.5972920125505
2024-08-27 04:42:00.504100820,Customer_543,Laptop,Electronics,Punjab,5,150000,0.24069620199518305,569477.8485036127
2024-08-27 08:12:17.427485496,Customer_692,Smartphone,Electronics,Balochistan,5,90000,0.03166396821179848,435751.21430469066
2024-08-27 11:42:34.350870176,Customer_2,Keyboard,Accessories,KPK,3,5000,0.10515755921970485,13422.636611704427
2024-08-27 15:12:51.274254852,Customer_979,Laptop,Electronics,Balochistan,5,150000,0.12023540202107588,659823.4484841931
2024-08-27 18:43:08.197639528,Customer_934,Mouse,Accessories,Punjab,1,3000,0.0940779542387494,2717.7661372837515
2024-08-27 22:13:25.121024204,Customer_288,Smartphone,Electronics,KPK,5,90000,0.09079728092905626,409141.2235819247
2024-08-28 01:43:42.044408884,Customer_138,Laptop,Electronics,KPK,3,150000,0.013067166890399134,444119.7748993204
2024-08-28 05:13:58.967793560,Customer_617,Headphones,Accessories,KPK,4,8000,0.17138465514065582,26515.691035499014
2024-08-28 08:44:15.891178236,Customer_512,Tablet,Electronics,Islamabad,5,60000,0.10905360428001135,267283.9187159966
2024-08-28 12:14:32.814562912,Customer_904,Keyboard,Accessories,Punjab,2,5000,0.04869845066098169,9513.015493390183
2024-08-28 15:44:49.737947588,Customer_730,Laptop,Electronics,Sindh,1,150000,0.2040083755755171,119398.74366367243
2024-08-28 19:15:06.661332268,Customer_222,Smartphone,Electronics,Balochistan,1,90000,0.20064018703790698,71942.38316658838
2024-08-28 22:45:23.584716944,Customer_331,Headphones,Accessories,Islamabad,2,8000,0.12159790702222345,14054.433487644425
2024-08-29 02:15:40.508101620,Customer_617,Monitor,Electronics,Balochistan,2,45000,0.07461266528694013,83284.8601241754
2024-08-29 05:45:57.431486296,Customer_404,Smartphone,Electronics,Sindh,5,90000,0.1595231814491131,378214.56834789907
2024-08-29 09:16:14.354870976,Customer_508,Tablet,Electronics,KPK,2,60000,0.07203803394435077,111355.43592667792
2024-08-29 12:46:31.278255652,Customer_916,Smartphone,Electronics,Sindh,4,90000,0.05900198258092801,338759.2862708659
2024-08-29 16:16:48.201640328,Customer_127,Headphones,Accessories,Balochistan,3,8000,0.18262866350658166,19616.91207584204
2024-08-29 19:47:05.125025004,Customer_265,Smartphone,Electronics,Sindh,2,90000,0.010081309930237675,178185.3642125572
2024-08-29 23:17:22.048409684,Customer_712,Headphones,Accessories,Punjab,2,8000,0.02369211775864849,15620.926115861625
2024-08-30 02:47:38.971794360,Customer_764,Laptop,Electronics,Sindh,4,150000,0.0016970435058974442,598981.7738964616
2024-08-30 06:17:55.895179036,Customer_15,Smartwatch,Wearables,Punjab,1,25000,0.03823579661885654,24044.105084528586
2024-08-30 09:48:12.818563712,Customer_226,Headphones,Accessories,Sindh,1,8000,0.017247502177614865,7862.019982579081
2024-08-30 13:18:29.741948388,Customer_984,Headphones,Accessories,Punjab,5,8000,0.24895059194497965,30041.97632220081
2024-08-30 16:48:46.665333068,Customer_865,Keyboard,Accessories,Punjab,4,5000,0.0722024924885224,18555.950150229553
2024-08-30 20:19:03.588717744,Customer_105,Headphones,Accessories,Sindh,3,8000,0.03731700316731182,23104.391923984516
2024-08-30 23:49:20.512102420,Customer_745,Headphones,Accessories,Islamabad,3,8000,0.06024906449897949,22554.022452024492
2024-08-31 03:19:37.435487096,Customer_493,Monitor,Electronics,KPK,4,45000,0.23403139288503366,137874.34928069392
2024-08-31 06:49:54.358871776,Customer_319,Smartwatch,Wearables,KPK,3,25000,0.13004005575609892,65246.995818292584
2024-08-31 10:20:11.282256452,Customer_1000,Laptop,Electronics,KPK,1,150000,0.09120452407696422,136319.32138845537
2024-08-31 13:50:28.205641128,Customer_219,Tablet,Electronics,Punjab,3,60000,0.21834786447730484,140697.38439408512
2024-08-31 17:20:45.129025804,Customer_277,Keyboard,Accessories,KPK,3,5000,0.09874756763725812,13518.78648544113
2024-08-31 20:51:02.052410484,Customer_773,Monitor,Electronics,Punjab,4,45000,0.08375214248942395,164924.61435190367
2024-09-01 00:21:18.975795160,Customer_893,Mouse,Accessories,Islamabad,4,3000,0.05182063063743389,11378.152432350793
2024-09-01 03:51:35.899179836,Customer_931,Smartwatch,Wearables,Sindh,3,25000,0.09444920597735287,67916.30955169853
2024-09-01 07:21:52.822564512,Customer_341,Laptop,Electronics,Sindh,2,150000,0.0791710890042315,276248.6732987305
2024-09-01 10:52:09.745949192,Customer_452,Laptop,Electronics,Punjab,4,150000,0.16932598982453526,498404.4061052788
2024-09-01 14:22:26.669333868,Customer_369,Mouse,Accessories,Punjab,5,3000,0.07239567616768178,13914.064857484773
2024-09-01 17:52:43.592718544,Customer_944,Tablet,Electronics,Islamabad,5,60000,0.14429993660564036,256710.0190183079
2024-09-01 21:23:00.516103220,Customer_848,Headphones,Accessories,KPK,1,8000,0.016473041257993176,7868.215669936054
2024-09-02 00:53:17.439487896,Customer_991,Monitor,Electronics,Islamabad,3,45000,0.04782228917412859,128543.99096149264
2024-09-02 04:23:34.362872576,Customer_474,Smartphone,Electronics,Sindh,2,90000,0.10185131790283719,161666.76277748932
2024-09-02 07:53:51.286257252,Customer_190,Keyboard,Accessories,Sindh,1,5000,0.23423731347717386,3828.8134326141308
2024-09-02 11:24:08.209641928,Customer_884,Smartphone,Electronics,KPK,3,90000,0.09431299642892385,244535.49096419054
2024-09-02 14:54:25.133026604,Customer_419,Mouse,Accessories,Sindh,4,3000,0.16601853029995853,10007.777636400499
2024-09-02 18:24:42.056411284,Customer_710,Laptop,Electronics,Punjab,5,150000,0.06377180560534954,702171.1457959878
2024-09-02 21:54:58.979795960,Customer_865,Tablet,Electronics,Sindh,2,60000,0.03175839399330793,116188.99272080304
2024-09-03 01:25:15.903180636,Customer_789,Laptop,Electronics,Balochistan,5,150000,0.014634150020012532,739024.3874849905
2024-09-03 04:55:32.826565312,Customer_848,Keyboard,Accessories,KPK,4,5000,0.07635337463568784,18472.932507286245
2024-09-03 08:25:49.749949992,Customer_495,Laptop,Electronics,KPK,3,150000,0.03941525669922699,432263.1344853479
2024-09-03 11:56:06.673334668,Customer_39,Laptop,Electronics,KPK,4,150000,0.04350261200403105,573898.4327975814
2024-09-03 15:26:23.596719344,Customer_162,Keyboard,Accessories,Balochistan,4,5000,0.1901898270967375,16196.20345806525
2024-09-03 18:56:40.520104020,Customer_121,Monitor,Electronics,Islamabad,5,45000,0.003959517736218554,224109.1085093508
2024-09-03 22:26:57.443488700,Customer_892,Monitor,Electronics,Punjab,2,45000,0.1394525314338586,77449.27217095272
2024-09-04 01:57:14.366873376,Customer_399,Keyboard,Accessories,KPK,4,5000,0.0948653451483662,18102.693097032676
2024-09-04 05:27:31.290258052,Customer_262,Tablet,Electronics,Sindh,5,60000,0.1266374999771368,262008.75000685896
2024-09-04 08:57:48.213642728,Customer_962,Mouse,Accessories,Punjab,2,3000,0.14070755930365073,5155.754644178095
2024-09-04 12:28:05.137027404,Customer_728,Smartwatch,Wearables,Sindh,3,25000,0.07834192361431955,69124.35572892604
2024-09-04 15:58:22.060412084,Customer_824,Laptop,Electronics,Punjab,3,150000,0.07377721504607132,416800.2532292679
2024-09-04 19:28:38.983796760,Customer_561,Tablet,Electronics,Punjab,1,60000,0.18335046233372643,48998.97225997641
2024-09-04 22:58:55.907181436,Customer_604,Laptop,Electronics,Sindh,5,150000,0.2178192470302893,586635.564727283
2024-09-05 02:29:12.830566112,Customer_129,Smartwatch,Wearables,Sindh,2,25000,0.04814540811463197,47592.7295942684
2024-09-05 05:59:29.753950792,Customer_833,Mouse,Accessories,Punjab,4,3000,0.024404690133787238,11707.143718394553
2024-09-05 09:29:46.677335468,Customer_540,Monitor,Electronics,KPK,3,45000,0.22444895159800649,104699.39153426912
2024-09-05 13:00:03.600720144,Customer_356,Tablet,Electronics,Sindh,2,60000,0.08747386591184966,109503.13609057803
2024-09-05 16:30:20.524104820,Customer_660,Headphones,Accessories,Balochistan,5,8000,0.13782934766570354,34486.826093371856
2024-09-05 20:00:37.447489500,Customer_432,Headphones,Accessories,Balochistan,1,8000,0.08988578613000087,7280.913710959993
2024-09-05 23:30:54.370874176,Customer_840,Smartwatch,Wearables,Punjab,3,25000,0.03145058408651283,72641.20619351153
2024-09-06 03:01:11.294258852,Customer_65,Headphones,Accessories,Islamabad,2,8000,0.147332911236932,13642.673420209087
2024-09-06 06:31:28.217643528,Customer_218,Monitor,Electronics,Punjab,2,45000,0.13128521294240741,78184.33083518334
2024-09-06 10:01:45.141028204,Customer_563,Smartwatch,Wearables,Punjab,2,25000,0.050748389797799304,47462.580510110034
2024-09-06 13:32:02.064412884,Customer_427,Monitor,Electronics,KPK,5,45000,0.11296726116306946,199582.3662383094
2024-09-06 17:02:18.987797560,Customer_817,Mouse,Accessories,KPK,5,3000,0.19923687600391146,12011.446859941329
2024-09-06 20:32:35.911182236,Customer_921,Laptop,Electronics,Islamabad,5,150000,0.14760652577697284,639295.1056672704
2024-09-07 00:02:52.834566912,Customer_74,Mouse,Accessories,Islamabad,4,3000,0.024229331766748713,11709.248018799015
2024-09-07 03:33:09.757951592,Customer_460,Mouse,Accessories,Islamabad,2,3000,0.13700537430728377,5177.967754156298
2024-09-07 07:03:26.681336268,Customer_425,Monitor,Electronics,Islamabad,3,45000,0.17568457482239672,111282.58239897645
2024-09-07 10:33:43.604720944,Customer_711,Smartwatch,Wearables,Islamabad,5,25000,0.19817585144518785,100228.01856935151
2024-09-07 14:04:00.528105620,Customer_192,Smartwatch,Wearables,Punjab,5,25000,0.1572793946585667,105340.07566767916
2024-09-07 17:34:17.451490300,Customer_189,Headphones,Accessories,Punjab,2,8000,0.038164541135195934,15389.367341836865
2024-09-07 21:04:34.374874976,Customer_12,Smartphone,Electronics,Balochistan,5,90000,0.17754331664754017,370105.50750860694
2024-09-08 00:34:51.298259652,Customer_239,Laptop,Electronics,Balochistan,4,150000,0.1693354615203791,498398.72308777255
2024-09-08 04:05:08.221644328,Customer_872,Monitor,Electronics,Sindh,4,45000,0.006106720735158305,178900.79026767152
2024-09-08 07:35:25.145029008,Customer_593,Headphones,Accessories,Punjab,5,8000,0.10293691689756079,35882.523324097565
2024-09-08 11:05:42.068413684,Customer_453,Tablet,Electronics,Islamabad,2,60000,0.08323756174059332,110011.4925911288
2024-09-08 14:35:58.991798360,Customer_383,Smartphone,Electronics,Sindh,2,90000,0.16735301606341085,149876.45710858604
2024-09-08 18:06:15.915183036,Customer_782,Smartphone,Electronics,KPK,2,90000,0.05403395307773018,170273.88844600855
2024-09-08 21:36:32.838567712,Customer_802,Monitor,Electronics,Punjab,1,45000,0.14771798074356463,38352.69086653959
2024-09-09 01:06:49.761952392,Customer_48,Keyboard,Accessories,Balochistan,5,5000,0.2283014904535431,19292.462738661423
2024-09-09 04:37:06.685337068,Customer_317,Laptop,Electronics,Punjab,2,150000,0.19945059305215193,240164.8220843544
2024-09-09 08:07:23.608721744,Customer_209,Smartphone,Electronics,Punjab,4,90000,0.2303644340541326,277068.80374051223
2024-09-09 11:37:40.532106420,Customer_547,Monitor,Electronics,Punjab,3,45000,0.2446264917331725,101975.42361602171
2024-09-09 15:07:57.455491100,Customer_119,Monitor,Electronics,Punjab,3,45000,0.0026675317515406916,134639.88321354202
2024-09-09 18:38:14.378875776,Customer_577,Headphones,Accessories,KPK,2,8000,0.1556853190943694,13509.034894490089
2024-09-09 22:08:31.302260452,Customer_315,Tablet,Electronics,Balochistan,3,60000,0.10320984943972661,161422.2271008492
2024-09-10 01:38:48.225645128,Customer_754,Keyboard,Accessories,Punjab,3,5000,0.21496362258378043,11775.545661243294
2024-09-10 05:09:05.149029808,Customer_36,Laptop,Electronics,KPK,1,150000,0.06295367550228292,140556.94867465756
2024-09-10 08:39:22.072414484,Customer_463,Smartwatch,Wearables,Sindh,4,25000,0.24525737227876904,75474.2627721231
2024-09-10 12:09:38.995799160,Customer_764,Mouse,Accessories,Punjab,4,3000,0.15342699238593682,10158.876091368758
2024-09-10 15:39:55.919183836,Customer_915,Tablet,Electronics,KPK,1,60000,0.19838435055720774,48096.93896656754
2024-09-10 19:10:12.842568512,Customer_755,Tablet,Electronics,Islamabad,1,60000,0.02139988820569208,58716.006707658475
2024-09-10 22:40:29.765953192,Customer_554,Headphones,Accessories,Sindh,3,8000,0.04586447118971626,22899.25269144681
2024-09-11 02:10:46.689337868,Customer_581,Smartwatch,Wearables,Balochistan,5,25000,0.1896009182585508,101299.88521768116
2024-09-11 05:41:03.612722544,Customer_403,Smartphone,Electronics,Punjab,3,90000,0.005496630509830902,268515.90976234566
2024-09-11 09:11:20.536107220,Customer_107,Smartphone,Electronics,Punjab,1,90000,0.2042194964734457,71620.24531738988
2024-09-11 12:41:37.459491900,Customer_39,Headphones,Accessories,KPK,4,8000,0.003487254672977863,31888.407850464708
2024-09-11 16:11:54.382876576,Customer_581,Monitor,Electronics,Balochistan,3,45000,0.16427970976531833,112822.23918168202
2024-09-11 19:42:11.306261252,Customer_180,Smartphone,Electronics,Islamabad,5,90000,0.09127348005795147,408926.93397392187
2024-09-11 23:12:28.229645928,Customer_12,Keyboard,Accessories,Sindh,3,5000,0.15287371317979978,12706.894302303002
2024-09-12 02:42:45.153030608,Customer_339,Laptop,Electronics,Balochistan,2,150000,0.17400785174727842,247797.6444758165
2024-09-12 06:13:02.076415284,Customer_943,Tablet,Electronics,Punjab,3,60000,0.08561880479657605,164588.6151366163
2024-09-12 09:43:18.999799960,Customer_716,Tablet,Electronics,KPK,1,60000,0.026990612027708888,58380.56327833747
2024-09-12 13:13:35.923184636,Customer_548,Keyboard,Accessories,Islamabad,4,5000,0.01741146693706641,19651.770661258673
2024-09-12 16:43:52.846569316,Customer_126,Smartwatch,Wearables,KPK,4,25000,0.14723400564063696,85276.59943593631
2024-09-12 20:14:09.769953992,Customer_63,Smartphone,Electronics,Sindh,1,90000,0.13016383843352788,78285.2545409825
2024-09-12 23:44:26.693338668,Customer_844,Tablet,Electronics,Balochistan,2,60000,0.18555025228028313,97733.96972636603
2024-09-13 03:14:43.616723344,Customer_82,Mouse,Accessories,KPK,1,3000,0.12743387750098428,2617.6983674970475
2024-09-13 06:45:00.540108020,Customer_819,Smartwatch,Wearables,KPK,3,25000,0.10561144750771978,67079.14143692101
2024-09-13 10:15:17.463492700,Customer_299,Laptop,Electronics,Punjab,1,150000,0.09952179455905771,135071.73081614135
2024-09-13 13:45:34.386877376,Customer_34,Laptop,Electronics,KPK,1,150000,0.006611725649416866,149008.24115258746
2024-09-13 17:15:51.310262052,Customer_752,Tablet,Electronics,Islamabad,2,60000,0.08388930042416429,109933.28394910028
2024-09-13 20:46:08.233646728,Customer_609,Headphones,Accessories,Balochistan,3,8000,0.24400503938112356,18143.879054853034
2024-09-14 00:16:25.157031408,Customer_49,Smartwatch,Wearables,Sindh,5,25000,0.2183888940567722,97701.38824290347
2024-09-14 03:46:42.080416084,Customer_658,Tablet,Electronics,KPK,5,60000,0.08234451675855442,275296.6449724337
2024-09-14 07:16:59.003800760,Customer_637,Headphones,Accessories,Islamabad,4,8000,0.14694885126659304,27297.63675946902
2024-09-14 10:47:15.927185436,Customer_701,Tablet,Electronics,Sindh,1,60000,0.2118241863838735,47290.548816967595
2024-09-14 14:17:32.850570116,Customer_57,Mouse,Accessories,Islamabad,4,3000,0.11031858418751717,10676.176989749794
2024-09-14 17:47:49.773954792,Customer_861,Smartwatch,Wearables,KPK,2,25000,0.00448946593753774,49775.52670312311
2024-09-14 21:18:06.697339468,Customer_109,Monitor,Electronics,KPK,5,45000,0.018627615454660018,220808.78652270147
2024-09-15 00:48:23.620724144,Customer_517,Laptop,Electronics,Balochistan,1,150000,0.12759818033717665,130860.27294942351
2024-09-15 04:18:40.544108824,Customer_985,Tablet,Electronics,Punjab,2,60000,0.2423598439189696,90916.81872972364
2024-09-15 07:48:57.467493500,Customer_24,Mouse,Accessories,Islamabad,2,3000,0.17330238555471694,4960.185686671699
2024-09-15 11:19:14.390878176,Customer_221,Headphones,Accessories,Punjab,1,8000,0.017729047859642383,7858.167617122861
2024-09-15 14:49:31.314262852,Customer_960,Headphones,Accessories,Punjab,2,8000,0.047340218947965695,15242.556496832549
2024-09-15 18:19:48.237647528,Customer_315,Laptop,Electronics,Sindh,1,150000,0.1928307858042125,121075.38212936812
2024-09-15 21:50:05.161032208,Customer_294,Keyboard,Accessories,Sindh,1,5000,0.2103599399890612,3948.200300054694
2024-09-16 01:20:22.084416884,Customer_929,Tablet,Electronics,Islamabad,3,60000,0.1544236465471477,152203.74362151342
2024-09-16 04:50:39.007801560,Customer_10,Smartwatch,Wearables,Punjab,4,25000,0.16110579240745415,83889.42075925459
2024-09-16 08:20:55.931186236,Customer_677,Smartphone,Electronics,Balochistan,2,90000,0.007084362595846161,178724.8147327477
2024-09-16 11:51:12.854570916,Customer_481,Headphones,Accessories,Punjab,2,8000,0.20713256489537712,12685.878961673967
2024-09-16 15:21:29.777955592,Customer_727,Smartwatch,Wearables,Sindh,3,25000,0.1970688020427074,60219.839846796945
2024-09-16 18:51:46.701340268,Customer_638,Smartwatch,Wearables,Punjab,3,25000,0.06475878602583679,70143.09104806224
2024-09-16 22:22:03.624724944,Customer_267,Monitor,Electronics,KPK,3,45000,0.17716917999137674,111082.16070116415
2024-09-17 01:52:20.548109624,Customer_792,Smartwatch,Wearables,KPK,5,25000,0.053713651606249524,118285.79354921881
2024-09-17 05:22:37.471494300,Customer_88,Smartwatch,Wearables,Balochistan,5,25000,0.010082540262878248,123739.68246714021
2024-09-17 08:52:54.394878976,Customer_455,Monitor,Electronics,Islamabad,5,45000,0.05028413564759432,213686.0694792913
2024-09-17 12:23:11.318263652,Customer_626,Headphones,Accessories,Punjab,1,8000,0.044657219188574876,7642.742246491401
2024-09-17 15:53:28.241648328,Customer_533,Smartwatch,Wearables,KPK,2,25000,0.08443699918371181,45778.150040814406
2024-09-17 19:23:45.165033008,Customer_148,Keyboard,Accessories,Islamabad,4,5000,0.10461237429386452,17907.75251412271
2024-09-17 22:54:02.088417684,Customer_757,Keyboard,Accessories,KPK,1,5000,0.12713472287442698,4364.326385627865
2024-09-18 02:24:19.011802360,Customer_778,Mouse,Accessories,Islamabad,2,3000,0.11918846887708204,5284.869186737508
2024-09-18 05:54:35.935187036,Customer_729,Monitor,Electronics,Islamabad,2,45000,0.06766865149132234,83909.821365781
2024-09-18 09:24:52.858571716,Customer_431,Mouse,Accessories,KPK,3,3000,0.007292667143518616,8934.365995708333
2024-09-18 12:55:09.781956392,Customer_996,Monitor,Electronics,Sindh,3,45000,0.15127540555928767,114577.82024949617
2024-09-18 16:25:26.705341068,Customer_752,Tablet,Electronics,Islamabad,1,60000,0.0989362074618386,54063.82755228968
2024-09-18 19:55:43.628725744,Customer_943,Tablet,Electronics,Punjab,3,60000,0.07466803934688743,166559.75291756025
2024-09-18 23:26:00.552110424,Customer_911,Smartwatch,Wearables,KPK,2,25000,0.21673526070762808,39163.2369646186
2024-09-19 02:56:17.475495100,Customer_940,Smartphone,Electronics,Sindh,3,90000,0.18668582694953995,219594.82672362422
2024-09-19 06:26:34.398879776,Customer_744,Tablet,Electronics,KPK,5,60000,0.21444138709311056,235667.58387206684
2024-09-19 09:56:51.322264452,Customer_744,Smartphone,Electronics,Balochistan,3,90000,0.12374569867811525,236588.66135690888
2024-09-19 13:27:08.245649132,Customer_242,Tablet,Electronics,Punjab,2,60000,0.03273281303169437,116072.06243619668
2024-09-19 16:57:25.169033808,Customer_702,Laptop,Electronics,Balochistan,1,150000,0.1740553590303181,123891.69614545228
2024-09-19 20:27:42.092418484,Customer_902,Tablet,Electronics,Islamabad,4,60000,0.05151844498429381,227635.57320376948
2024-09-19 23:57:59.015803160,Customer_741,Mouse,Accessories,Islamabad,3,3000,0.1103074172729292,8007.233244543637
2024-09-20 03:28:15.939187836,Customer_66,Headphones,Accessories,Balochistan,2,8000,0.016250197237222125,15739.996844204446
2024-09-20 06:58:32.862572516,Customer_972,Smartwatch,Wearables,Balochistan,4,25000,0.2063271006057456,79367.28993942543
2024-09-20 10:28:49.785957192,Customer_378,Mouse,Accessories,Islamabad,4,3000,0.031485160261875145,11622.178076857499
2024-09-20 13:59:06.709341868,Customer_388,Headphones,Accessories,Sindh,5,8000,0.22577437676232742,30969.0249295069
2024-09-20 17:29:23.632726544,Customer_791,Keyboard,Accessories,Punjab,4,5000,0.21605765056538928,15678.846988692214
2024-09-20 20:59:40.556111224,Customer_781,Mouse,Accessories,KPK,2,3000,0.11614569110981152,5303.125853341131
2024-09-21 00:29:57.479495900,Customer_209,Keyboard,Accessories,Balochistan,2,5000,0.18609205107599766,8139.079489240023
2024-09-21 04:00:14.402880576,Customer_415,Smartphone,Electronics,Punjab,3,90000,0.15486126845453832,228187.45751727466
2024-09-21 07:30:31.326265252,Customer_16,Smartphone,Electronics,KPK,3,90000,0.20076891058443622,215792.39414220222
2024-09-21 11:00:48.249649932,Customer_297,Laptop,Electronics,KPK,3,150000,0.10795127519647801,401421.9261615849
2024-09-21 14:31:05.173034608,Customer_986,Tablet,Electronics,Balochistan,4,60000,0.1964521210610875,192851.490945339
2024-09-21 18:01:22.096419284,Customer_220,Mouse,Accessories,Sindh,4,3000,0.11561420426628699,10612.629548804556
2024-09-21 21:31:39.019803960,Customer_769,Keyboard,Accessories,Sindh,5,5000,0.23524144696069846,19118.963825982537
2024-09-22 01:01:55.943188640,Customer_367,Headphones,Accessories,Punjab,3,8000,0.1215930252062869,21081.767395049115
2024-09-22 04:32:12.866573316,Customer_780,Smartphone,Electronics,Punjab,1,90000,0.11565481798343238,79591.0663814911
2024-09-22 08:02:29.789957992,Customer_229,Tablet,Electronics,Islamabad,5,60000,0.19626796539087818,241119.61038273654
2024-09-22 11:32:46.713342668,Customer_631,Smartphone,Electronics,Sindh,1,90000,0.2053944229402095,71514.50193538115
2024-09-22 15:03:03.636727344,Customer_440,Headphones,Accessories,Punjab,4,8000,0.1386222785802927,27564.087085430634
2024-09-22 18:33:20.560112024,Customer_690,Tablet,Electronics,Islamabad,5,60000,0.04494945337376885,286515.16398786934
2024-09-22 22:03:37.483496700,Customer_532,Tablet,Electronics,KPK,5,60000,0.11693955773939488,264918.1326781815
2024-09-23 01:33:54.406881376,Customer_450,Keyboard,Accessories,Punjab,2,5000,0.2420181257274196,7579.8187427258035
2024-09-23 05:04:11.330266052,Customer_36,Keyboard,Accessories,Islamabad,4,5000,0.18824654825979628,16235.069034804075
2024-09-23 08:34:28.253650732,Customer_847,Mouse,Accessories,Sindh,4,3000,0.20279065096978305,9566.512188362603
2024-09-23 12:04:45.177035408,Customer_422,Mouse,Accessories,KPK,5,3000,0.008206374704810032,14876.90437942785
2024-09-23 15:35:02.100420084,Customer_918,Monitor,Electronics,Punjab,4,45000,0.11696486565853997,158946.32418146278
2024-09-23 19:05:19.023804760,Customer_620,Smartwatch,Wearables,Sindh,5,25000,0.16165528341438884,104793.08957320139
2024-09-23 22:35:35.947189440,Customer_189,Monitor,Electronics,KPK,2,45000,0.20750817090701867,71324.26461836832
2024-09-24 02:05:52.870574116,Customer_178,Laptop,Electronics,Balochistan,5,150000,0.012318413395692868,740761.1899532303
2024-09-24 05:36:09.793958792,Customer_608,Smartphone,Electronics,Sindh,4,90000,0.21310972141046827,283280.50029223145
2024-09-24 09:06:26.717343468,Customer_315,Mouse,Accessories,Balochistan,4,3000,0.13710023418547793,10354.797189774265
2024-09-24 12:36:43.640728144,Customer_20,Keyboard,Accessories,Punjab,5,5000,0.04932849264401498,23766.787683899627
2024-09-24 16:07:00.564112824,Customer_676,Headphones,Accessories,Islamabad,5,8000,0.079313804112425,36827.447835503
2024-09-24 19:37:17.487497500,Customer_382,Keyboard,Accessories,Punjab,5,5000,0.07048238793789019,23237.940301552746
2024-09-24 23:07:34.410882176,Customer_609,Smartphone,Electronics,Sindh,3,90000,0.13271475857211895,234167.0151855279
2024-09-25 02:37:51.334266852,Customer_143,Monitor,Electronics,Balochistan,4,45000,0.012921419977782955,177674.14440399906
2024-09-25 06:08:08.257651532,Customer_62,Keyboard,Accessories,Balochistan,4,5000,0.03963403962498088,19207.319207500383
2024-09-25 09:38:25.181036208,Customer_242,Smartwatch,Wearables,KPK,3,25000,0.2031732608439456,59762.00543670408
2024-09-25 13:08:42.104420884,Customer_238,Laptop,Electronics,Punjab,5,150000,0.033150997686702766,725136.7517349729
2024-09-25 16:38:59.027805560,Customer_131,Smartphone,Electronics,Punjab,2,90000,0.05834906736453174,169497.1678743843
2024-09-25 20:09:15.951190240,Customer_605,Monitor,Electronics,Sindh,5,45000,0.11334265140103933,199497.90343476614
2024-09-25 23:39:32.874574916,Customer_603,Smartwatch,Wearables,Balochistan,5,25000,0.12928022202833261,108839.97224645842
2024-09-26 03:09:49.797959592,Customer_645,Headphones,Accessories,Sindh,3,8000,0.19090261990353966,19418.33712231505
2024-09-26 06:40:06.721344268,Customer_123,Monitor,Electronics,Sindh,4,45000,0.11183310666654694,159870.04080002155
2024-09-26 10:10:23.644728948,Customer_440,Tablet,Electronics,Balochistan,5,60000,0.1974661552588847,240760.1534223346
2024-09-26 13:40:40.568113624,Customer_927,Smartwatch,Wearables,Sindh,4,25000,0.15458657676136436,84541.34232386357
2024-09-26 17:10:57.491498300,Customer_342,Smartwatch,Wearables,Balochistan,1,25000,0.028274934855955614,24293.12662860111
2024-09-26 20:41:14.414882976,Customer_419,Laptop,Electronics,Sindh,4,150000,0.039082859598209646,576550.2842410742
2024-09-27 00:11:31.338267652,Customer_630,Smartphone,Electronics,Islamabad,2,90000,0.1092584313624427,160333.48235476032
2024-09-27 03:41:48.261652332,Customer_455,Headphones,Accessories,Sindh,2,8000,0.0992223482722599,14412.442427643842
2024-09-27 07:12:05.185037008,Customer_198,Laptop,Electronics,Sindh,5,150000,0.18588606740932365,610585.4494430072
2024-09-27 10:42:22.108421684,Customer_282,Monitor,Electronics,Islamabad,4,45000,0.14518428494933797,153866.82870911917
2024-09-27 14:12:39.031806360,Customer_886,Laptop,Electronics,Punjab,5,150000,0.09703327025056233,677225.0473120783
2024-09-27 17:42:55.955191040,Customer_1,Smartwatch,Wearables,Balochistan,3,25000,0.04269007086259641,71798.24468530527
2024-09-27 21:13:12.878575716,Customer_723,Smartphone,Electronics,KPK,2,90000,0.056709275581373786,169792.3303953527
2024-09-28 00:43:29.801960392,Customer_775,Mouse,Accessories,Islamabad,5,3000,0.14387525461726475,12841.871180741027
2024-09-28 04:13:46.725345068,Customer_932,Laptop,Electronics,Punjab,3,150000,0.10585970122494812,402363.13444877334
2024-09-28 07:44:03.648729748,Customer_332,Tablet,Electronics,Sindh,5,60000,0.12873187721516802,261380.4368354496
2024-09-28 11:14:20.572114424,Customer_212,Laptop,Electronics,Punjab,4,150000,0.04266935882555842,574398.3847046649
2024-09-28 14:44:37.495499100,Customer_87,Monitor,Electronics,Islamabad,4,45000,0.16572656308614145,150169.21864449454
2024-09-28 18:14:54.418883776,Customer_665,Monitor,Electronics,Sindh,4,45000,0.21313468521399176,141635.7566614815
2024-09-28 21:45:11.342268452,Customer_862,Headphones,Accessories,Punjab,4,8000,0.06448487669672515,29936.483945704793
2024-09-29 01:15:28.265653132,Customer_699,Monitor,Electronics,KPK,1,45000,0.12287855645795664,39470.46495939195
2024-09-29 04:45:45.189037808,Customer_61,Keyboard,Accessories,Balochistan,3,5000,0.24388183225522544,11341.772516171619
2024-09-29 08:16:02.112422484,Customer_797,Smartphone,Electronics,Balochistan,3,90000,0.08331043513768191,247506.18251282588
2024-09-29 11:46:19.035807160,Customer_95,Smartphone,Electronics,Islamabad,4,90000,0.1487615862309403,306445.8289568615
2024-09-29 15:16:35.959191840,Customer_786,Mouse,Accessories,Sindh,1,3000,0.02254892505006109,2932.353224849817
2024-09-29 18:46:52.882576516,Customer_553,Mouse,Accessories,Sindh,4,3000,0.1515037506198608,10181.95499256167
2024-09-29 22:17:09.805961192,Customer_147,Smartphone,Electronics,Balochistan,1,90000,0.022407943326154478,87983.2851006461
2024-09-30 01:47:26.729345868,Customer_246,Tablet,Electronics,Punjab,4,60000,0.2398088588309555,182445.8738805707
2024-09-30 05:17:43.652730548,Customer_644,Mouse,Accessories,Sindh,2,3000,0.17891566301807785,4926.506021891533
2024-09-30 08:48:00.576115224,Customer_961,Headphones,Accessories,KPK,2,8000,0.1970399470339266,12847.360847457176
2024-09-30 12:18:17.499499900,Customer_297,Monitor,Electronics,KPK,5,45000,0.1760260901929092,185394.12970659544
2024-09-30 15:48:34.422884576,Customer_123,Smartphone,Electronics,Sindh,4,90000,0.14743225901911644,306924.3867531181
2024-09-30 19:18:51.346269256,Customer_655,Smartwatch,Wearables,Sindh,3,25000,0.11247819527137634,66564.13535464677
2024-09-30 22:49:08.269653932,Customer_694,Mouse,Accessories,Balochistan,5,3000,0.2145933449402656,11781.099825896015
2024-10-01 02:19:25.193038608,Customer_704,Smartphone,Electronics,Islamabad,2,90000,0.23920891688576576,136942.39496056217
2024-10-01 05:49:42.116423284,Customer_456,Keyboard,Accessories,Balochistan,4,5000,0.12475904322602033,17504.819135479593
2024-10-01 09:19:59.039807960,Customer_399,Laptop,Electronics,Islamabad,5,150000,0.2328837622888155,575337.1782833884
2024-10-01 12:50:15.963192640,Customer_719,Monitor,Electronics,KPK,4,45000,0.14583322749712938,153750.0190505167
2024-10-01 16:20:32.886577316,Customer_946,Smartphone,Electronics,Islamabad,2,90000,0.1345960467241083,155772.7115896605
2024-10-01 19:50:49.809961992,Customer_231,Laptop,Electronics,Balochistan,5,150000,0.11362068323883917,664784.4875708707
2024-10-01 23:21:06.733346668,Customer_534,Mouse,Accessories,Sindh,2,3000,0.05232194038252996,5686.06835770482
2024-10-02 02:51:23.656731348,Customer_402,Laptop,Electronics,Islamabad,1,150000,0.0009299152045147974,149860.51271932278
2024-10-02 06:21:40.580116024,Customer_592,Monitor,Electronics,Balochistan,2,45000,0.06037655671401532,84566.10989573863
2024-10-02 09:51:57.503500700,Customer_130,Smartphone,Electronics,KPK,4,90000,0.1274307929008913,314124.91455567913
2024-10-02 13:22:14.426885376,Customer_292,Keyboard,Accessories,Islamabad,3,5000,0.09498998806493814,13575.150179025928
2024-10-02 16:52:31.350270056,Customer_276,Tablet,Electronics,KPK,2,60000,0.11212130700065845,106545.44315992098
2024-10-02 20:22:48.273654732,Customer_912,Mouse,Accessories,KPK,3,3000,0.2451620548910124,6793.541505980888
2024-10-02 23:53:05.197039408,Customer_835,Smartphone,Electronics,Punjab,1,90000,0.0875680926673319,82118.87165994012
2024-10-03 03:23:22.120424084,Customer_376,Monitor,Electronics,Islamabad,5,45000,0.11304573484002697,199564.70966099392
2024-10-03 06:53:39.043808764,Customer_926,Mouse,Accessories,Balochistan,5,3000,0.03337888783820489,14499.316682426926
2024-10-03 10:23:55.967193440,Customer_55,Headphones,Accessories,Islamabad,3,8000,0.01198943310924691,23712.253605378075
2024-10-03 13:54:12.890578116,Customer_578,Laptop,Electronics,Islamabad,5,150000,0.19385237864812366,604610.7160139072
2024-10-03 17:24:29.813962792,Customer_739,Tablet,Electronics,KPK,2,60000,0.14267079376799466,102879.50474784065
2024-10-03 20:54:46.737347468,Customer_26,Monitor,Electronics,KPK,3,45000,0.19017620151097375,109326.21279601853
2024-10-04 00:25:03.660732148,Customer_441,Headphones,Accessories,KPK,4,8000,0.03746569972163791,30801.097608907585
2024-10-04 03:55:20.584116824,Customer_765,Smartwatch,Wearables,KPK,2,25000,0.14295719279567273,42852.14036021636
2024-10-04 07:25:37.507501500,Customer_197,Smartphone,Electronics,Balochistan,2,90000,0.06341061858534389,168586.0886546381
2024-10-04 10:55:54.430886176,Customer_642,Keyboard,Accessories,Sindh,2,5000,0.05701545422500498,9429.84545774995
2024-10-04 14:26:11.354270856,Customer_243,Mouse,Accessories,Punjab,4,3000,0.002881503513246314,11965.421957841045
2024-10-04 17:56:28.277655532,Customer_824,Laptop,Electronics,KPK,1,150000,0.03258518089226797,145112.2228661598
2024-10-04 21:26:45.201040208,Customer_724,Mouse,Accessories,KPK,5,3000,0.07731702787492384,13840.244581876143
2024-10-05 00:57:02.124424884,Customer_190,Tablet,Electronics,Punjab,3,60000,0.02921969014773476,174740.45577340774
2024-10-05 04:27:19.047809564,Customer_802,Smartphone,Electronics,KPK,1,90000,0.24646461010273438,67818.1850907539
2024-10-05 07:57:35.971194240,Customer_738,Mouse,Accessories,Sindh,3,3000,0.07715816213098767,8305.57654082111
2024-10-05 11:27:52.894578916,Customer_758,Laptop,Electronics,Islamabad,5,150000,0.03258098667558204,725564.2599933135
2024-10-05 14:58:09.817963592,Customer_568,Smartphone,Electronics,Punjab,4,90000,0.049770578206989435,342082.5918454838
2024-10-05 18:28:26.741348268,Customer_567,Mouse,Accessories,Balochistan,2,3000,0.14692580708536912,5118.445157487785
2024-10-05 21:58:43.664732948,Customer_276,Keyboard,Accessories,Punjab,2,5000,0.016010880966197127,9839.891190338029
2024-10-06 01:29:00.588117624,Customer_818,Monitor,Electronics,Sindh,4,45000,0.21560853253528922,141190.46414364793
2024-10-06 04:59:17.511502300,Customer_409,Smartphone,Electronics,Balochistan,1,90000,0.24037491980928682,68366.25721716418
2024-10-06 08:29:34.434886976,Customer_340,Monitor,Electronics,Islamabad,1,45000,0.06168685516684522,42224.091517491965
2024-10-06 11:59:51.358271656,Customer_153,Smartwatch,Wearables,KPK,3,25000,0.11252381714771484,66560.71371392139
2024-10-06 15:30:08.281656332,Customer_565,Smartphone,Electronics,Punjab,4,90000,0.005533612757374268,358007.8994073453
2024-10-06 19:00:25.205041008,Customer_398,Keyboard,Accessories,Balochistan,1,5000,0.16017755618180538,4199.112219090973
2024-10-06 22:30:42.128425684,Customer_444,Monitor,Electronics,Punjab,4,45000,0.10348151451314722,161373.3273876335
2024-10-07 02:00:59.051810364,Customer_623,Headphones,Accessories,Islamabad,5,8000,0.06751461652538893,37299.41533898444
2024-10-07 05:31:15.975195040,Customer_427,Laptop,Electronics,Punjab,2,150000,0.05170927765415212,284487.2167037544
2024-10-07 09:01:32.898579716,Customer_958,Headphones,Accessories,Balochistan,2,8000,0.1635057694146901,13383.907689364958
2024-10-07 12:31:49.821964392,Customer_487,Mouse,Accessories,Sindh,2,3000,0.10405425775807861,5375.674453451528
2024-10-07 16:02:06.745349072,Customer_204,Keyboard,Accessories,Balochistan,4,5000,0.044914822257478004,19101.70355485044
2024-10-07 19:32:23.668733748,Customer_112,Headphones,Accessories,Punjab,4,8000,0.172277270371706,26487.12734810541
2024-10-07 23:02:40.592118424,Customer_325,Smartphone,Electronics,Islamabad,3,90000,0.14126807075917341,231857.6208950232
2024-10-08 02:32:57.515503100,Customer_959,Mouse,Accessories,KPK,2,3000,0.21466801373237404,4711.9919176057565
2024-10-08 06:03:14.438887776,Customer_258,Mouse,Accessories,KPK,3,3000,0.029368974719123225,8735.679227527891
2024-10-08 09:33:31.362272456,Customer_950,Headphones,Accessories,Islamabad,2,8000,0.19641665048611404,12857.333592222176
2024-10-08 13:03:48.285657132,Customer_528,Smartwatch,Wearables,Punjab,3,25000,0.16837919670431475,62371.56024717639
2024-10-08 16:34:05.209041808,Customer_951,Headphones,Accessories,Islamabad,3,8000,0.028752734207024455,23309.934379031416
2024-10-08 20:04:22.132426484,Customer_350,Smartwatch,Wearables,Punjab,5,25000,0.17370518246793018,103286.85219150872
2024-10-08 23:34:39.055811164,Customer_939,Keyboard,Accessories,Balochistan,3,5000,0.1103868222199576,13344.197666700637
2024-10-09 03:04:55.979195840,Customer_957,Laptop,Electronics,Sindh,4,150000,0.23624619638896077,458252.2821666235
2024-10-09 06:35:12.902580516,Customer_678,Headphones,Accessories,Punjab,3,8000,0.03540283765447483,23150.331896292602
2024-10-09 10:05:29.825965192,Customer_813,Tablet,Electronics,KPK,2,60000,0.1607083477039345,100714.99827552786
2024-10-09 13:35:46.749349872,Customer_894,Smartwatch,Wearables,KPK,3,25000,0.09549501136573649,67837.87414756976
2024-10-09 17:06:03.672734548,Customer_435,Headphones,Accessories,Sindh,1,8000,0.23920366764771944,6086.370658818245
2024-10-09 20:36:20.596119224,Customer_426,Monitor,Electronics,Punjab,2,45000,0.08249372382256911,82575.56485596878
2024-10-10 00:06:37.519503900,Customer_280,Smartphone,Electronics,Sindh,1,90000,0.24054647737295004,68350.8170364345
2024-10-10 03:36:54.442888580,Customer_371,Tablet,Electronics,Balochistan,2,60000,0.22537146277518727,92955.42446697752
2024-10-10 07:07:11.366273256,Customer_670,Tablet,Electronics,Sindh,4,60000,0.06759580882766408,223777.00588136064
2024-10-10 10:37:28.289657932,Customer_933,Smartwatch,Wearables,Balochistan,4,25000,0.20088544420660692,79911.45557933931
2024-10-10 14:07:45.213042608,Customer_249,Monitor,Electronics,KPK,4,45000,0.2489010504508765,135197.81091884224
2024-10-10 17:38:02.136427284,Customer_891,Monitor,Electronics,Balochistan,1,45000,0.06316575054282059,42157.54122557308
2024-10-10 21:08:19.059811964,Customer_181,Mouse,Accessories,Punjab,5,3000,0.10919429233082992,13362.085615037551
2024-10-11 00:38:35.983196640,Customer_703,Smartwatch,Wearables,Punjab,2,25000,0.13004518414168992,43497.74079291551
2024-10-11 04:08:52.906581316,Customer_999,Laptop,Electronics,Punjab,4,150000,0.07373278395096608,555760.3296294204
2024-10-11 07:39:09.829965992,Customer_651,Smartphone,Electronics,Punjab,2,90000,0.00381620991150744,179313.08221592865
2024-10-11 11:09:26.753350672,Customer_78,Keyboard,Accessories,Islamabad,1,5000,0.055032311049381666,4724.838444753092
2024-10-11 14:39:43.676735348,Customer_919,Tablet,Electronics,Balochistan,5,60000,0.07048422108543961,278854.7336743681
2024-10-11 18:10:00.600120024,Customer_885,Keyboard,Accessories,Punjab,1,5000,0.11089992532954679,4445.500373352265
2024-10-11 21:40:17.523504700,Customer_336,Headphones,Accessories,Sindh,2,8000,0.04277561960335047,15315.590086346394
2024-10-12 01:10:34.446889380,Customer_50,Headphones,Accessories,Sindh,5,8000,0.21831358917291815,31267.456433083273
2024-10-12 04:40:51.370274056,Customer_85,Keyboard,Accessories,Islamabad,5,5000,0.17622778318283402,20594.305420429147
2024-10-12 08:11:08.293658732,Customer_695,Headphones,Accessories,Balochistan,1,8000,0.021300119389915495,7829.599044880676
2024-10-12 11:41:25.217043408,Customer_695,Laptop,Electronics,Balochistan,4,150000,0.16252311278498285,502486.1323290103
2024-10-12 15:11:42.140428084,Customer_4,Monitor,Electronics,Balochistan,2,45000,0.1634141191014051,75292.72928087354
2024-10-12 18:41:59.063812764,Customer_993,Headphones,Accessories,Islamabad,3,8000,0.23905529341090692,18262.672958138235
2024-10-12 22:12:15.987197440,Customer_950,Mouse,Accessories,Balochistan,3,3000,0.0007552178390403119,8993.203039448637
2024-10-13 01:42:32.910582116,Customer_317,Headphones,Accessories,Balochistan,1,8000,0.0619831124514518,7504.135100388386
2024-10-13 05:12:49.833966792,Customer_111,Smartphone,Electronics,Punjab,2,90000,0.23194786984382887,138249.3834281108
2024-10-13 08:43:06.757351472,Customer_334,Laptop,Electronics,Balochistan,2,150000,0.23303347884957076,230089.9563451288
2024-10-13 12:13:23.680736148,Customer_851,Smartphone,Electronics,Punjab,1,90000,0.18014660484265935,73786.80556416066
2024-10-13 15:43:40.604120824,Customer_763,Smartphone,Electronics,Punjab,2,90000,0.191440830261885,145540.6505528607
2024-10-13 19:13:57.527505500,Customer_133,Mouse,Accessories,Balochistan,4,3000,0.022870739482411778,11725.551126211058
2024-10-13 22:44:14.450890180,Customer_612,Laptop,Electronics,Sindh,1,150000,0.1284689586945584,130729.65619581623
2024-10-14 02:14:31.374274856,Customer_991,Laptop,Electronics,KPK,4,150000,0.05789574782224985,565262.5513066502
2024-10-14 05:44:48.297659532,Customer_914,Smartwatch,Wearables,Sindh,2,25000,0.045304510903404316,47734.774454829785
2024-10-14 09:15:05.221044208,Customer_684,Laptop,Electronics,Balochistan,1,150000,0.20257582478083314,119613.62628287503
2024-10-14 12:45:22.144428888,Customer_799,Laptop,Electronics,Balochistan,2,150000,0.03375953417013686,289872.1397489589
2024-10-14 16:15:39.067813564,Customer_119,Laptop,Electronics,Sindh,1,150000,0.11716290924909631,132425.56361263554
2024-10-14 19:45:55.991198240,Customer_350,Mouse,Accessories,Balochistan,2,3000,0.23464455989650826,4592.132640620951
2024-10-14 23:16:12.914582916,Customer_917,Headphones,Accessories,Punjab,4,8000,0.04645801389133564,30513.34355547726
2024-10-15 02:46:29.837967592,Customer_687,Smartwatch,Wearables,Islamabad,4,25000,0.24449835593455865,75550.16440654414
2024-10-15 06:16:46.761352272,Customer_542,Smartphone,Electronics,Balochistan,2,90000,0.24857199644026476,135257.04064075236
2024-10-15 09:47:03.684736948,Customer_55,Laptop,Electronics,Balochistan,1,150000,0.13890428867060073,129164.3566994099
2024-10-15 13:17:20.608121624,Customer_361,Tablet,Electronics,Sindh,3,60000,0.04253568504428948,172343.57669202788
2024-10-15 16:47:37.531506300,Customer_708,Headphones,Accessories,Punjab,4,8000,0.07902622198522391,29471.160896472837
2024-10-15 20:17:54.454890980,Customer_453,Headphones,Accessories,Sindh,4,8000,0.10612320816913379,28604.057338587718
2024-10-15 23:48:11.378275656,Customer_553,Smartphone,Electronics,Sindh,3,90000,0.07733105608955573,249120.61485581996
2024-10-16 03:18:28.301660332,Customer_685,Mouse,Accessories,Balochistan,2,3000,0.07015889496912894,5579.046630185227
2024-10-16 06:48:45.225045008,Customer_330,Keyboard,Accessories,Punjab,1,5000,0.24305742730408939,3784.712863479553
2024-10-16 10:19:02.148429688,Customer_219,Keyboard,Accessories,Balochistan,2,5000,0.03834120685393641,9616.587931460635
2024-10-16 13:49:19.071814364,Customer_208,Headphones,Accessories,Balochistan,5,8000,0.18333197717921557,32666.720912831377
2024-10-16 17:19:35.995199040,Customer_670,Monitor,Electronics,Balochistan,4,45000,0.00010257235979371782,179981.53697523713
2024-10-16 20:49:52.918583716,Customer_845,Monitor,Electronics,Balochistan,5,45000,0.1490456673505942,191464.7248461163
2024-10-17 00:20:09.841968392,Customer_740,Smartphone,Electronics,Islamabad,4,90000,0.2289857509885131,277565.12964413525
2024-10-17 03:50:26.765353072,Customer_85,Keyboard,Accessories,KPK,4,5000,0.07198352352330475,18560.329529533905
2024-10-17 07:20:43.688737748,Customer_685,Headphones,Accessories,Punjab,5,8000,0.0463814938144298,38144.74024742281
2024-10-17 10:51:00.612122424,Customer_245,Mouse,Accessories,Islamabad,5,3000,0.16291994871960674,12556.2007692059
2024-10-17 14:21:17.535507100,Customer_872,Keyboard,Accessories,KPK,2,5000,0.1781503518245983,8218.496481754017
2024-10-17 17:51:34.458891780,Customer_685,Headphones,Accessories,KPK,5,8000,0.17200762973799533,33119.694810480185
2024-10-17 21:21:51.382276456,Customer_335,Headphones,Accessories,KPK,2,8000,0.07982922000534351,14722.732479914503
2024-10-18 00:52:08.305661132,Customer_212,Laptop,Electronics,Islamabad,2,150000,0.06305060053983272,281084.81983805017
2024-10-18 04:22:25.229045808,Customer_596,Mouse,Accessories,Punjab,2,3000,0.23897969999051105,4566.121800056933
2024-10-18 07:52:42.152430488,Customer_685,Laptop,Electronics,Sindh,4,150000,0.23082487706748236,461505.0737595106
2024-10-18 11:22:59.075815164,Customer_183,Smartphone,Electronics,KPK,4,90000,0.11432915247320508,318841.5051096462
2024-10-18 14:53:15.999199840,Customer_955,Laptop,Electronics,Sindh,5,150000,0.21154846653859335,591338.650096055
2024-10-18 18:23:32.922584516,Customer_133,Tablet,Electronics,Sindh,4,60000,0.11308086940857401,212860.59134194226
2024-10-18 21:53:49.845969196,Customer_892,Laptop,Electronics,Balochistan,5,150000,0.1060972545181276,670427.0591114043
2024-10-19 01:24:06.769353872,Customer_800,Tablet,Electronics,Sindh,4,60000,0.039190736899823664,230594.22314404233
2024-10-19 04:54:23.692738548,Customer_774,Keyboard,Accessories,Balochistan,1,5000,0.10660151412299321,4466.992429385034
2024-10-19 08:24:40.616123224,Customer_350,Monitor,Electronics,Punjab,1,45000,0.13435423464995175,38954.05944075217
2024-10-19 11:54:57.539507900,Customer_282,Smartwatch,Wearables,Punjab,5,25000,0.0056260818571716165,124296.73976785355
2024-10-19 15:25:14.462892580,Customer_293,Smartwatch,Wearables,Balochistan,4,25000,0.1110282512938516,88897.17487061484
2024-10-19 18:55:31.386277256,Customer_269,Headphones,Accessories,Punjab,4,8000,0.19533905459880008,25749.150252838397
2024-10-19 22:25:48.309661932,Customer_861,Smartwatch,Wearables,KPK,2,25000,0.17001151409356746,41499.42429532163
2024-10-20 01:56:05.233046608,Customer_197,Tablet,Electronics,Punjab,3,60000,0.15878924721598375,151417.93550112293
2024-10-20 05:26:22.156431288,Customer_537,Mouse,Accessories,Balochistan,5,3000,0.22738885710930062,11589.167143360492
2024-10-20 08:56:39.079815964,Customer_653,Laptop,Electronics,KPK,3,150000,0.004508002456307503,447971.3988946616
2024-10-20 12:26:56.003200640,Customer_984,Tablet,Electronics,Sindh,3,60000,0.13926189654805854,154932.85862134947
2024-10-20 15:57:12.926585316,Customer_735,Mouse,Accessories,Sindh,5,3000,0.19683721210242677,12047.441818463598
2024-10-20 19:27:29.849969996,Customer_20,Monitor,Electronics,Sindh,4,45000,0.1353338456753168,155639.90777844298
2024-10-20 22:57:46.773354672,Customer_759,Smartwatch,Wearables,Balochistan,5,25000,0.08097388814509479,114878.26398186316
2024-10-21 02:28:03.696739348,Customer_840,Monitor,Electronics,Sindh,3,45000,0.034062641272994465,130401.54342814574
2024-10-21 05:58:20.620124024,Customer_956,Smartwatch,Wearables,Punjab,4,25000,0.22189076795404783,77810.92320459522
2024-10-21 09:28:37.543508704,Customer_713,Laptop,Electronics,Sindh,1,150000,0.11769059809690074,132346.4102854649
2024-10-21 12:58:54.466893380,Customer_405,Smartphone,Electronics,Islamabad,5,90000,0.21952879924642535,351212.0403391086
2024-10-21 16:29:11.390278056,Customer_115,Laptop,Electronics,Islamabad,5,150000,0.14646303060829208,640152.7270437808
2024-10-21 19:59:28.313662732,Customer_895,Keyboard,Accessories,Sindh,4,5000,0.1685480291537502,16629.039416924996
2024-10-21 23:29:45.237047408,Customer_701,Tablet,Electronics,Sindh,1,60000,0.2010652885946125,47936.08268432325
2024-10-22 03:00:02.160432088,Customer_980,Headphones,Accessories,Islamabad,1,8000,0.1647888861500336,6681.688910799731
2024-10-22 06:30:19.083816764,Customer_975,Smartphone,Electronics,Sindh,4,90000,0.09951371016973443,324175.0643388956
2024-10-22 10:00:36.007201440,Customer_26,Laptop,Electronics,KPK,2,150000,0.12840834598216275,261477.49620535117
2024-10-22 13:30:52.930586116,Customer_566,Mouse,Accessories,Islamabad,5,3000,0.20076138116896997,11988.57928246545
2024-10-22 17:01:09.853970796,Customer_682,Smartphone,Electronics,Balochistan,5,90000,0.09341257409324605,407964.34165803925
2024-10-22 20:31:26.777355472,Customer_395,Tablet,Electronics,Islamabad,3,60000,0.09703036419212427,162534.53444541764
2024-10-23 00:01:43.700740148,Customer_933,Smartwatch,Wearables,Punjab,4,25000,0.023922529014500288,97607.74709854997
2024-10-23 03:32:00.624124824,Customer_381,Smartphone,Electronics,KPK,3,90000,0.22864610880543693,208265.55062253203
2024-10-23 07:02:17.547509504,Customer_523,Smartwatch,Wearables,Balochistan,3,25000,0.022759078736360433,73293.06909477297
2024-10-23 10:32:34.470894180,Customer_539,Tablet,Electronics,Sindh,1,60000,0.16205229436213897,50276.86233827166
2024-10-23 14:02:51.394278856,Customer_862,Laptop,Electronics,Punjab,5,150000,0.10329861970069942,672526.0352244754
2024-10-23 17:33:08.317663532,Customer_83,Tablet,Electronics,Punjab,3,60000,0.10140484756386059,161747.1274385051
2024-10-23 21:03:25.241048208,Customer_802,Smartphone,Electronics,KPK,1,90000,0.16988795914317098,74710.08367711461
2024-10-24 00:33:42.164432888,Customer_550,Mouse,Accessories,Balochistan,4,3000,0.01677343315746968,11798.718802110363
2024-10-24 04:03:59.087817564,Customer_445,Monitor,Electronics,Punjab,3,45000,0.14842644573785865,114962.42982538907
2024-10-24 07:34:16.011202240,Customer_87,Smartphone,Electronics,Balochistan,5,90000,0.1930079464930887,363146.4240781101
2024-10-24 11:04:32.934586916,Customer_949,Tablet,Electronics,Balochistan,3,60000,0.20705318947164855,142730.42589510325
2024-10-24 14:34:49.857971596,Customer_833,Monitor,Electronics,Punjab,4,45000,0.042632597348443824,172326.1324772801
2024-10-24 18:05:06.781356272,Customer_387,Tablet,Electronics,Balochistan,3,60000,0.22435476251954342,139616.1427464822
2024-10-24 21:35:23.704740948,Customer_963,Mouse,Accessories,KPK,5,3000,0.16403652296186055,12539.452155572091
2024-10-25 01:05:40.628125624,Customer_668,Tablet,Electronics,Punjab,1,60000,0.2204637002051707,46772.177987689756
2024-10-25 04:35:57.551510304,Customer_398,Laptop,Electronics,KPK,5,150000,0.12132017927754957,659009.8655418379
2024-10-25 08:06:14.474894980,Customer_820,Headphones,Accessories,KPK,1,8000,0.1355083362743005,6915.933309805596
2024-10-25 11:36:31.398279656,Customer_286,Smartwatch,Wearables,Balochistan,2,25000,0.22975956925716778,38512.02153714161
2024-10-25 15:06:48.321664332,Customer_698,Smartwatch,Wearables,Balochistan,5,25000,0.22497738583866794,96877.82677016652
2024-10-25 18:37:05.245049012,Customer_694,Smartphone,Electronics,Punjab,5,90000,0.1120402183422505,399581.90174598724
2024-10-25 22:07:22.168433688,Customer_965,Headphones,Accessories,Sindh,4,8000,0.06860315790892044,29804.698946914545
2024-10-26 01:37:39.091818364,Customer_369,Tablet,Electronics,Punjab,3,60000,0.09829260864106604,162307.33044460812
2024-10-26 05:07:56.015203040,Customer_655,Mouse,Accessories,KPK,1,3000,0.09694108213243743,2709.1767536026878
2024-10-26 08:38:12.938587716,Customer_422,Smartphone,Electronics,Balochistan,1,90000,0.07171671874569849,83545.49531288713
2024-10-26 12:08:29.861972396,Customer_718,Tablet,Electronics,KPK,4,60000,0.06714490108324164,223885.223740022
2024-10-26 15:38:46.785357072,Customer_654,Monitor,Electronics,Islamabad,4,45000,0.21526573411992986,141252.16785841263
2024-10-26 19:09:03.708741748,Customer_697,Keyboard,Accessories,Islamabad,3,5000,0.01746548017116542,14738.017797432518
2024-10-26 22:39:20.632126424,Customer_443,Tablet,Electronics,KPK,3,60000,0.16940279552489854,149507.49680551825
2024-10-27 02:09:37.555511104,Customer_753,Headphones,Accessories,Sindh,5,8000,0.043205012864113074,38271.79948543548
2024-10-27 05:39:54.478895780,Customer_520,Smartphone,Electronics,Sindh,2,90000,0.08612647334851581,164497.23479726716
2024-10-27 09:10:11.402280456,Customer_584,Headphones,Accessories,Punjab,3,8000,0.015385758533709215,23630.74179519098
2024-10-27 12:40:28.325665132,Customer_915,Smartphone,Electronics,Punjab,4,90000,0.06749340921386551,335702.37268300843
2024-10-27 16:10:45.249049812,Customer_288,Tablet,Electronics,Punjab,3,60000,0.19210526777931053,145421.0517997241
2024-10-27 19:41:02.172434488,Customer_95,Laptop,Electronics,Balochistan,1,150000,0.22125383113681465,116811.9253294778
2024-10-27 23:11:19.095819164,Customer_669,Monitor,Electronics,Sindh,2,45000,0.05538178797559176,85015.63908219674
2024-10-28 02:41:36.019203840,Customer_41,Tablet,Electronics,KPK,5,60000,0.11588695981473046,265233.9120555808
2024-10-28 06:11:52.942588520,Customer_331,Smartwatch,Wearables,Islamabad,1,25000,0.1175810119843016,22060.47470039246
2024-10-28 09:42:09.865973196,Customer_813,Headphones,Accessories,Sindh,1,8000,0.21839382643993355,6252.849388480532
2024-10-28 13:12:26.789357872,Customer_781,Keyboard,Accessories,Sindh,2,5000,0.19069976321895135,8093.002367810487
2024-10-28 16:42:43.712742548,Customer_155,Keyboard,Accessories,Sindh,5,5000,0.12826930459201247,21793.267385199688
2024-10-28 20:13:00.636127224,Customer_504,Mouse,Accessories,Punjab,4,3000,0.16768680011794335,9987.75839858468
2024-10-28 23:43:17.559511904,Customer_275,Smartphone,Electronics,Balochistan,5,90000,0.2118387634773417,354672.5564351962
2024-10-29 03:13:34.482896580,Customer_666,Headphones,Accessories,KPK,3,8000,0.002384738506386236,23942.76627584673
2024-10-29 06:43:51.406281256,Customer_565,Mouse,Accessories,Punjab,1,3000,0.10072250776251215,2697.8324767124636
2024-10-29 10:14:08.329665932,Customer_179,Headphones,Accessories,Balochistan,3,8000,0.22681079181926966,18556.540996337528
2024-10-29 13:44:25.253050612,Customer_933,Smartwatch,Wearables,Sindh,4,25000,0.18507825771098785,81492.17422890122
2024-10-29 17:14:42.176435288,Customer_752,Smartphone,Electronics,Balochistan,3,90000,0.13571034358351866,233358.20723244996
2024-10-29 20:44:59.099819964,Customer_137,Tablet,Electronics,Punjab,5,60000,0.13241113175878336,260276.66047236498
2024-10-30 00:15:16.023204640,Customer_767,Tablet,Electronics,Sindh,3,60000,0.08694252440110944,164350.3456078003
2024-10-30 03:45:32.946589320,Customer_988,Keyboard,Accessories,Punjab,4,5000,0.13013013341037863,17397.39733179243
2024-10-30 07:15:49.869973996,Customer_736,Tablet,Electronics,KPK,4,60000,0.1638457998658633,200677.0080321928
2024-10-30 10:46:06.793358672,Customer_180,Tablet,Electronics,Sindh,4,60000,0.10459075960719827,214898.21769427243
2024-10-30 14:16:23.716743348,Customer_182,Smartwatch,Wearables,Balochistan,5,25000,0.1785382865980435,102682.71417524456
2024-10-30 17:46:40.640128024,Customer_259,Laptop,Electronics,Punjab,4,150000,0.21530805681509646,470815.16591094213
2024-10-30 21:16:57.563512704,Customer_243,Keyboard,Accessories,Islamabad,1,5000,0.03867121204621529,4806.643939768924
2024-10-31 00:47:14.486897380,Customer_96,Mouse,Accessories,Balochistan,4,3000,0.1128867557043561,10645.358931547726
2024-10-31 04:17:31.410282056,Customer_197,Monitor,Electronics,Balochistan,3,45000,0.10200502282127027,121229.3219191285
2024-10-31 07:47:48.333666732,Customer_904,Laptop,Electronics,Sindh,3,150000,0.17186620101243202,372660.2095444056
2024-10-31 11:18:05.257051412,Customer_526,Mouse,Accessories,Balochistan,3,3000,0.06246686631448234,8437.79820316966
2024-10-31 14:48:22.180436088,Customer_632,Smartphone,Electronics,Punjab,5,90000,0.16006272873806907,377971.7720678689
2024-10-31 18:18:39.103820764,Customer_387,Laptop,Electronics,Islamabad,3,150000,0.219372310432872,351282.4603052076
2024-10-31 21:48:56.027205440,Customer_408,Smartwatch,Wearables,KPK,5,25000,0.10453289994840567,111933.38750644929
2024-11-01 01:19:12.950590120,Customer_269,Mouse,Accessories,Islamabad,5,3000,0.227753924994805,11583.691125077925
2024-11-01 04:49:29.873974796,Customer_171,Smartphone,Electronics,Punjab,4,90000,0.2482909347333696,270615.26349598693
2024-11-01 08:19:46.797359472,Customer_925,Keyboard,Accessories,Sindh,1,5000,0.026523012486988018,4867.38493756506
2024-11-01 11:50:03.720744148,Customer_584,Monitor,Electronics,Punjab,4,45000,0.05826329699621466,169512.60654068136
2024-11-01 15:20:20.644128828,Customer_691,Smartphone,Electronics,Balochistan,4,90000,0.2375949378705233,274465.8223666116
2024-11-01 18:50:37.567513504,Customer_170,Tablet,Electronics,Sindh,5,60000,0.2395819216203467,228125.42351389598
2024-11-01 22:20:54.490898180,Customer_159,Headphones,Accessories,KPK,5,8000,0.024426818846689624,39022.927246132414
2024-11-02 01:51:11.414282856,Customer_509,Smartphone,Electronics,KPK,3,90000,0.0037496250942841702,268987.6012245433
2024-11-02 05:21:28.337667532,Customer_447,Smartphone,Electronics,Punjab,3,90000,0.04027500581410556,259125.74843019148
2024-11-02 08:51:45.261052212,Customer_666,Monitor,Electronics,Balochistan,4,45000,0.24900319584556208,135179.42474779882
2024-11-02 12:22:02.184436888,Customer_914,Headphones,Accessories,KPK,2,8000,0.044999904152671716,15280.001533557252
2024-11-02 15:52:19.107821564,Customer_82,Tablet,Electronics,Islamabad,2,60000,0.12563690168050579,104923.57179833931
2024-11-02 19:22:36.031206240,Customer_57,Mouse,Accessories,Sindh,3,3000,0.21210443160762776,7091.060115531351
2024-11-02 22:52:52.954590920,Customer_519,Mouse,Accessories,Islamabad,2,3000,0.005100402672051585,5969.3975839676905
2024-11-03 02:23:09.877975596,Customer_112,Smartphone,Electronics,KPK,3,90000,0.15112224556461487,229196.993697554
2024-11-03 05:53:26.801360272,Customer_998,Smartwatch,Wearables,KPK,5,25000,0.06925636221740608,116342.95472282424
2024-11-03 09:23:43.724744948,Customer_48,Smartwatch,Wearables,Punjab,4,25000,0.2155837291099329,78441.62708900671
2024-11-03 12:54:00.648129628,Customer_592,Headphones,Accessories,Punjab,1,8000,0.07086528731601979,7433.0777014718415
2024-11-03 16:24:17.571514304,Customer_887,Headphones,Accessories,Sindh,4,8000,0.17168893007047722,26505.95423774473
2024-11-03 19:54:34.494898980,Customer_376,Tablet,Electronics,Punjab,3,60000,0.16855490811184923,149660.11653986713
2024-11-03 23:24:51.418283656,Customer_828,Monitor,Electronics,Balochistan,3,45000,0.05537338721491,127524.59272598714
2024-11-04 02:55:08.341668336,Customer_33,Keyboard,Accessories,Sindh,4,5000,0.00869979996708753,19826.00400065825
2024-11-04 06:25:25.265053012,Customer_504,Mouse,Accessories,Balochistan,3,3000,0.10231239344634932,8079.188458982856
2024-11-04 09:55:42.188437688,Customer_627,Monitor,Electronics,Punjab,2,45000,0.07229828799146742,83493.15408076793
2024-11-04 13:25:59.111822364,Customer_896,Laptop,Electronics,Sindh,2,150000,0.20224443740342715,239326.66877897186
2024-11-04 16:56:16.035207040,Customer_3,Mouse,Accessories,KPK,3,3000,0.20009104711383632,7199.180575975473
2024-11-04 20:26:32.958591720,Customer_486,Monitor,Electronics,Islamabad,3,45000,0.11425598804815637,119575.44161349889
2024-11-04 23:56:49.881976396,Customer_516,Mouse,Accessories,KPK,2,3000,0.15162805633080473,5090.231662015171
2024-11-05 03:27:06.805361072,Customer_868,Keyboard,Accessories,Balochistan,3,5000,0.1510648789967313,12734.02681504903
2024-11-05 06:57:23.728745748,Customer_772,Laptop,Electronics,KPK,3,150000,0.20678953710690584,356944.7083018924
2024-11-05 10:27:40.652130428,Customer_42,Smartwatch,Wearables,KPK,4,25000,0.10625060353079938,89374.93964692006
2024-11-05 13:57:57.575515104,Customer_9,Smartwatch,Wearables,Islamabad,1,25000,0.06886166994762727,23278.45825130932
2024-11-05 17:28:14.498899780,Customer_1000,Keyboard,Accessories,Islamabad,2,5000,0.06625872953513687,9337.412704648632
2024-11-05 20:58:31.422284456,Customer_819,Tablet,Electronics,KPK,4,60000,0.13404806982055104,207828.46324306773
2024-11-06 00:28:48.345669136,Customer_657,Laptop,Electronics,Islamabad,1,150000,0.11228705068305314,133156.94239754204
2024-11-06 03:59:05.269053812,Customer_913,Smartphone,Electronics,KPK,3,90000,0.11003019274623405,240291.8479585168
2024-11-06 07:29:22.192438488,Customer_609,Monitor,Electronics,Sindh,3,45000,0.022784334772426806,131924.11480572238
2024-11-06 10:59:39.115823164,Customer_788,Laptop,Electronics,KPK,4,150000,0.1796509351725489,492209.43889647064
2024-11-06 14:29:56.039207840,Customer_142,Tablet,Electronics,Punjab,3,60000,0.053434171995477675,170381.84904081404
2024-11-06 18:00:12.962592520,Customer_790,Tablet,Electronics,Islamabad,5,60000,0.04923840755218034,285228.4777343459
2024-11-06 21:30:29.885977196,Customer_436,Keyboard,Accessories,Islamabad,4,5000,0.10318958006934836,17936.208398613035
2024-11-07 01:00:46.809361872,Customer_27,Mouse,Accessories,Balochistan,1,3000,0.056944585404450354,2829.166243786649
2024-11-07 04:31:03.732746548,Customer_43,Laptop,Electronics,Balochistan,4,150000,0.14596456682700384,512421.2599037977
2024-11-07 08:01:20.656131228,Customer_131,Monitor,Electronics,Punjab,2,45000,0.09286583483361788,81642.07486497439
2024-11-07 11:31:37.579515904,Customer_216,Laptop,Electronics,Islamabad,4,150000,0.11222793064819753,532663.2416110815
2024-11-07 15:01:54.502900580,Customer_606,Headphones,Accessories,Islamabad,3,8000,0.13429233040100721,20776.984070375827
2024-11-07 18:32:11.426285256,Customer_520,Mouse,Accessories,Balochistan,3,3000,0.05088388062045121,8542.045074415939
2024-11-07 22:02:28.349669936,Customer_598,Monitor,Electronics,Balochistan,5,45000,0.03893790571638245,216238.97121381396
2024-11-08 01:32:45.273054612,Customer_345,Smartwatch,Wearables,KPK,5,25000,0.2201054757184012,97486.81553519984
2024-11-08 05:03:02.196439288,Customer_508,Monitor,Electronics,Islamabad,5,45000,0.10843092570785526,200603.04171573257
2024-11-08 08:33:19.119823964,Customer_650,Smartphone,Electronics,Islamabad,1,90000,0.10302340240813479,80727.89378326786
2024-11-08 12:03:36.043208644,Customer_881,Keyboard,Accessories,KPK,5,5000,0.00890303756821037,24777.42406079474
2024-11-08 15:33:52.966593320,Customer_413,Smartphone,Electronics,Islamabad,1,90000,0.1244940756468483,78795.53319178364
2024-11-08 19:04:09.889977996,Customer_936,Monitor,Electronics,Punjab,5,45000,0.13854243040275002,193827.95315938123
2024-11-08 22:34:26.813362672,Customer_246,Mouse,Accessories,Balochistan,1,3000,0.13971021773866663,2580.869346784
2024-11-09 02:04:43.736747348,Customer_449,Laptop,Electronics,Balochistan,4,150000,0.1767577923307211,493945.32460156735
2024-11-09 05:35:00.660132028,Customer_21,Smartwatch,Wearables,Balochistan,4,25000,0.044370458747752944,95562.95412522471
2024-11-09 09:05:17.583516704,Customer_999,Laptop,Electronics,Sindh,3,150000,0.0630557835576547,421624.89739905536
2024-11-09 12:35:34.506901380,Customer_408,Mouse,Accessories,Punjab,1,3000,0.20268261630760318,2391.9521510771906
2024-11-09 16:05:51.430286056,Customer_457,Monitor,Electronics,Punjab,2,45000,0.2367926542108485,68688.66112102363
2024-11-09 19:36:08.353670736,Customer_444,Tablet,Electronics,KPK,3,60000,0.03398318684183016,173883.02636847057
2024-11-09 23:06:25.277055412,Customer_922,Laptop,Electronics,Sindh,4,150000,0.12441238862630455,525352.5668242173
2024-11-10 02:36:42.200440088,Customer_265,Tablet,Electronics,Islamabad,1,60000,0.05354406318489671,56787.356208906196
2024-11-10 06:06:59.123824764,Customer_660,Laptop,Electronics,Punjab,5,150000,0.01501829208874561,738736.2809334408
2024-11-10 09:37:16.047209444,Customer_184,Laptop,Electronics,Sindh,2,150000,0.08137583453153385,275587.24964053987
2024-11-10 13:07:32.970594120,Customer_227,Smartwatch,Wearables,Sindh,4,25000,0.035921906296053185,96407.80937039468
2024-11-10 16:37:49.893978796,Customer_804,Keyboard,Accessories,Punjab,3,5000,0.17748326835856157,12337.750974621576
2024-11-10 20:08:06.817363472,Customer_548,Keyboard,Accessories,KPK,1,5000,0.1334313534178611,4332.8432329106945
2024-11-10 23:38:23.740748148,Customer_246,Headphones,Accessories,Sindh,2,8000,0.03595861774757772,15424.662116038757
2024-11-11 03:08:40.664132828,Customer_73,Smartphone,Electronics,Balochistan,1,90000,0.0023103971013785918,89792.06426087592
2024-11-11 06:38:57.587517504,Customer_150,Mouse,Accessories,Sindh,5,3000,0.20203926225605318,11969.411066159202
2024-11-11 10:09:14.510902180,Customer_513,Mouse,Accessories,Islamabad,3,3000,0.04404860154106188,8603.562586130443
2024-11-11 13:39:31.434286856,Customer_69,Mouse,Accessories,Punjab,1,3000,0.1515541605551915,2545.3375183344256
2024-11-11 17:09:48.357671536,Customer_969,Headphones,Accessories,Islamabad,4,8000,0.08423047826918639,29304.624695386035
2024-11-11 20:40:05.281056212,Customer_805,Keyboard,Accessories,KPK,3,5000,0.1463714845787589,12804.427731318616
2024-11-12 00:10:22.204440888,Customer_230,Monitor,Electronics,Balochistan,4,45000,0.078913406745581,165795.58678579543
2024-11-12 03:40:39.127825564,Customer_723,Tablet,Electronics,Punjab,1,60000,0.021734890173063542,58695.90658961619
2024-11-12 07:10:56.051210244,Customer_72,Smartwatch,Wearables,Sindh,3,25000,0.0557375021394384,70819.68733954211
2024-11-12 10:41:12.974594920,Customer_875,Tablet,Electronics,Balochistan,4,60000,0.0470146416197689,228716.48601125547
2024-11-12 14:11:29.897979596,Customer_608,Monitor,Electronics,Sindh,5,45000,0.10700483810991096,200923.91142527005
2024-11-12 17:41:46.821364272,Customer_397,Smartwatch,Wearables,KPK,5,25000,0.16457094585653934,104428.63176793259
2024-11-12 21:12:03.744748952,Customer_84,Headphones,Accessories,Punjab,1,8000,0.06595151873658939,7472.387850107285
2024-11-13 00:42:20.668133628,Customer_740,Monitor,Electronics,KPK,3,45000,0.0030174838251544878,134592.63968360415
2024-11-13 04:12:37.591518304,Customer_299,Mouse,Accessories,KPK,2,3000,0.12973434106618922,5221.5939536028645
2024-11-13 07:42:54.514902980,Customer_748,Smartphone,Electronics,KPK,3,90000,0.15143987233974301,229111.2344682694
2024-11-13 11:13:11.438287656,Customer_293,Laptop,Electronics,KPK,5,150000,0.24071762350045242,569461.7823746607
2024-11-13 14:43:28.361672336,Customer_734,Tablet,Electronics,Sindh,4,60000,0.1473677007733117,204631.75181440517
2024-11-13 18:13:45.285057012,Customer_970,Keyboard,Accessories,Islamabad,2,5000,0.11779313984453546,8822.068601554645
2024-11-13 21:44:02.208441688,Customer_223,Keyboard,Accessories,Sindh,1,5000,0.14335040647442596,4283.24796762787
2024-11-14 01:14:19.131826364,Customer_793,Headphones,Accessories,Balochistan,2,8000,0.23197515746550676,12288.397480551892
2024-11-14 04:44:36.055211044,Customer_733,Smartwatch,Wearables,KPK,1,25000,0.20709453640041156,19822.63658998971
2024-11-14 08:14:52.978595720,Customer_216,Keyboard,Accessories,Balochistan,2,5000,0.080744683340952,9192.55316659048
2024-11-14 11:45:09.901980396,Customer_231,Mouse,Accessories,Sindh,1,3000,0.059313590914284314,2822.059227257147
2024-11-14 15:15:26.825365072,Customer_405,Tablet,Electronics,KPK,1,60000,0.06565840309151841,56060.4958145089
2024-11-14 18:45:43.748749752,Customer_169,Monitor,Electronics,Sindh,2,45000,0.12610525992880325,78650.5266064077
2024-11-14 22:16:00.672134428,Customer_329,Mouse,Accessories,KPK,2,3000,0.18601236280714445,4883.925823157134
2024-11-15 01:46:17.595519104,Customer_426,Headphones,Accessories,Sindh,1,8000,0.12580480179574052,6993.561585634076
2024-11-15 05:16:34.518903780,Customer_554,Mouse,Accessories,Punjab,5,3000,0.016949098957028147,14745.763515644578
2024-11-15 08:46:51.442288460,Customer_770,Monitor,Electronics,Islamabad,2,45000,0.18089517510999523,73719.43424010043
2024-11-15 12:17:08.365673136,Customer_196,Smartphone,Electronics,Islamabad,3,90000,0.20149253216773846,215597.01631471064
2024-11-15 15:47:25.289057812,Customer_904,Headphones,Accessories,KPK,4,8000,0.07237446627992991,29684.01707904224
2024-11-15 19:17:42.212442488,Customer_608,Smartphone,Electronics,Punjab,1,90000,0.1660314348208376,75057.17086612462
2024-11-15 22:47:59.135827164,Customer_829,Laptop,Electronics,Balochistan,1,150000,0.10664797526359834,134002.80371046026
2024-11-16 02:18:16.059211844,Customer_526,Smartphone,Electronics,Punjab,4,90000,0.2222798389318607,279979.2579845301
2024-11-16 05:48:32.982596520,Customer_625,Laptop,Electronics,KPK,5,150000,0.21130638954018496,591520.2078448612
2024-11-16 09:18:49.905981196,Customer_77,Laptop,Electronics,Punjab,4,150000,0.13135799957741057,521185.2002535537
2024-11-16 12:49:06.829365872,Customer_277,Smartphone,Electronics,Balochistan,2,90000,0.17287638645339862,148882.25043838823
2024-11-16 16:19:23.752750552,Customer_920,Headphones,Accessories,KPK,4,8000,0.220837425255526,24933.202391823168
2024-11-16 19:49:40.676135228,Customer_946,Smartwatch,Wearables,Islamabad,1,25000,0.12392925251956888,21901.76868701078
2024-11-16 23:19:57.599519904,Customer_466,Monitor,Electronics,Punjab,4,45000,0.07831268512220549,165903.71667800302
2024-11-17 02:50:14.522904580,Customer_941,Mouse,Accessories,Islamabad,3,3000,0.18841653447739531,7304.251189703442
2024-11-17 06:20:31.446289260,Customer_448,Mouse,Accessories,Islamabad,2,3000,0.05501656369617294,5669.900617822963
2024-11-17 09:50:48.369673936,Customer_320,Monitor,Electronics,Sindh,4,45000,0.09713278700151051,162516.0983397281
2024-11-17 13:21:05.293058612,Customer_1000,Tablet,Electronics,Balochistan,1,60000,0.21643180927669842,47014.0914433981
2024-11-17 16:51:22.216443288,Customer_922,Tablet,Electronics,Punjab,2,60000,0.18110558506732877,98267.32979192055
2024-11-17 20:21:39.139827964,Customer_160,Laptop,Electronics,Islamabad,1,150000,0.10095275131187481,134857.08730321878
2024-11-17 23:51:56.063212644,Customer_492,Laptop,Electronics,Islamabad,5,150000,0.05368612560208935,709735.405798433
2024-11-18 03:22:12.986597320,Customer_313,Headphones,Accessories,Balochistan,3,8000,0.08899209770805913,21864.18965500658
2024-11-18 06:52:29.909981996,Customer_631,Keyboard,Accessories,Islamabad,5,5000,0.07102603730685825,23224.34906732854
2024-11-18 10:22:46.833366672,Customer_949,Smartphone,Electronics,Islamabad,3,90000,0.04402232198596348,258113.97306378986
2024-11-18 13:53:03.756751352,Customer_161,Laptop,Electronics,Islamabad,4,150000,0.18583322839141417,488500.0629651515
2024-11-18 17:23:20.680136028,Customer_308,Mouse,Accessories,Islamabad,2,3000,0.06301747171254288,5621.895169724742
2024-11-18 20:53:37.603520704,Customer_863,Headphones,Accessories,Sindh,4,8000,0.11354186754194096,28366.66023865789
2024-11-19 00:23:54.526905380,Customer_146,Smartphone,Electronics,Sindh,3,90000,0.09646486170902727,243954.48733856264
2024-11-19 03:54:11.450290060,Customer_675,Headphones,Accessories,KPK,3,8000,0.2455193446589077,18107.535728186216
2024-11-19 07:24:28.373674736,Customer_396,Smartphone,Electronics,Punjab,3,90000,0.09777306103705513,243601.27351999513
2024-11-19 10:54:45.297059412,Customer_691,Smartphone,Electronics,Balochistan,1,90000,0.0199956206991887,88200.39413707302
2024-11-19 14:25:02.220444088,Customer_89,Monitor,Electronics,KPK,2,45000,0.022456438143021007,87978.92056712811
2024-11-19 17:55:19.143828768,Customer_735,Laptop,Electronics,Sindh,4,150000,0.1476884303382662,511386.9417970403
2024-11-19 21:25:36.067213444,Customer_778,Smartwatch,Wearables,Sindh,4,25000,0.1498408879345664,85015.91120654336
2024-11-20 00:55:52.990598120,Customer_751,Headphones,Accessories,Sindh,5,8000,0.10468974762066374,35812.41009517345
2024-11-20 04:26:09.913982796,Customer_308,Smartwatch,Wearables,KPK,3,25000,0.10796092307800742,66902.93076914945
2024-11-20 07:56:26.837367472,Customer_546,Headphones,Accessories,Sindh,3,8000,0.013483145710217803,23676.404502954774
2024-11-20 11:26:43.760752152,Customer_371,Monitor,Electronics,KPK,3,45000,0.12913662759731556,117566.5552743624
2024-11-20 14:57:00.684136828,Customer_451,Mouse,Accessories,Sindh,4,3000,0.12618486884508792,10485.781573858945
2024-11-20 18:27:17.607521504,Customer_167,Smartwatch,Wearables,Islamabad,5,25000,0.03738732963923613,120326.58379509547
2024-11-20 21:57:34.530906180,Customer_392,Mouse,Accessories,Islamabad,1,3000,0.025959846527731895,2922.1204604168042
2024-11-21 01:27:51.454290860,Customer_637,Tablet,Electronics,Punjab,2,60000,0.030893122649872623,116292.82528201528
2024-11-21 04:58:08.377675536,Customer_736,Laptop,Electronics,Sindh,1,150000,0.02525706162281463,146211.44075657782
2024-11-21 08:28:25.301060212,Customer_491,Laptop,Electronics,Punjab,4,150000,0.15242704888418995,508543.7706694861
2024-11-21 11:58:42.224444888,Customer_925,Keyboard,Accessories,KPK,3,5000,0.049120663100729656,14263.190053489054
2024-11-21 15:28:59.147829568,Customer_150,Monitor,Electronics,Punjab,2,45000,0.06285753804686586,84342.82157578207
2024-11-21 18:59:16.071214244,Customer_468,Mouse,Accessories,Sindh,4,3000,0.04339303603785993,11479.28356754568
2024-11-21 22:29:32.994598920,Customer_966,Smartphone,Electronics,KPK,4,90000,0.23945882611212577,273794.8225996347
2024-11-22 01:59:49.917983596,Customer_701,Headphones,Accessories,KPK,4,8000,0.21365436578795885,25163.06029478532
2024-11-22 05:30:06.841368276,Customer_43,Laptop,Electronics,Islamabad,2,150000,0.05762370933788022,282712.88719863596
2024-11-22 09:00:23.764752952,Customer_945,Smartwatch,Wearables,KPK,2,25000,0.0818915734805315,45905.421325973424
2024-11-22 12:30:40.688137628,Customer_29,Headphones,Accessories,KPK,5,8000,0.05247321057624929,37901.071576950024
2024-11-22 16:00:57.611522304,Customer_874,Headphones,Accessories,Punjab,5,8000,0.12296898986520594,35081.24040539176
2024-11-22 19:31:14.534906980,Customer_632,Keyboard,Accessories,KPK,1,5000,0.004902633118563399,4975.486834407183
2024-11-22 23:01:31.458291660,Customer_849,Mouse,Accessories,Balochistan,2,3000,0.16784200222419893,4992.947986654807
2024-11-23 02:31:48.381676336,Customer_31,Laptop,Electronics,Islamabad,2,150000,0.1307895374544104,260763.1387636769
2024-11-23 06:02:05.305061012,Customer_693,Headphones,Accessories,Islamabad,2,8000,0.22465973207527581,12405.444286795588
2024-11-23 09:32:22.228445688,Customer_674,Laptop,Electronics,KPK,5,150000,0.041098171082103535,719176.3716884223
2024-11-23 13:02:39.151830368,Customer_128,Smartphone,Electronics,Punjab,4,90000,0.2010273115152829,287630.16785449814
2024-11-23 16:32:56.075215044,Customer_767,Keyboard,Accessories,Islamabad,3,5000,0.19799025361667894,12030.146195749818
2024-11-23 20:03:12.998599720,Customer_294,Smartphone,Electronics,Islamabad,5,90000,0.03179529730422173,435692.1162131002
2024-11-23 23:33:29.921984396,Customer_441,Laptop,Electronics,Balochistan,2,150000,0.0996398060360319,270108.0581891904
2024-11-24 03:03:46.845369076,Customer_869,Tablet,Electronics,KPK,5,60000,0.04253816028612922,287238.55191416125
2024-11-24 06:34:03.768753752,Customer_388,Smartwatch,Wearables,Islamabad,1,25000,0.06368012511438723,23407.99687214032
2024-11-24 10:04:20.692138428,Customer_766,Laptop,Electronics,Islamabad,2,150000,0.06581154370763609,280256.53688770917
2024-11-24 13:34:37.615523104,Customer_642,Mouse,Accessories,Islamabad,1,3000,0.13905909850644319,2582.8227044806704
2024-11-24 17:04:54.538907780,Customer_524,Headphones,Accessories,Islamabad,2,8000,0.10285273294011638,14354.356272958139
2024-11-24 20:35:11.462292460,Customer_547,Headphones,Accessories,Punjab,5,8000,0.23693320100157633,30522.671959936946
2024-11-25 00:05:28.385677136,Customer_710,Smartphone,Electronics,Sindh,4,90000,0.03159253548675128,348626.68722476956
2024-11-25 03:35:45.309061812,Customer_760,Smartwatch,Wearables,Balochistan,3,25000,0.2434230337125497,56743.272471558776
2024-11-25 07:06:02.232446488,Customer_110,Keyboard,Accessories,Punjab,1,5000,0.057659660053565986,4711.701699732171
2024-11-25 10:36:19.155831168,Customer_328,Tablet,Electronics,Balochistan,5,60000,0.19321848409546327,242034.45477136102
2024-11-25 14:06:36.079215844,Customer_405,Monitor,Electronics,Islamabad,4,45000,0.08474248154320535,164746.35332222303
2024-11-25 17:36:53.002600520,Customer_245,Smartwatch,Wearables,Balochistan,5,25000,0.035770348854328476,120528.70639320894
2024-11-25 21:07:09.925985196,Customer_762,Headphones,Accessories,KPK,1,8000,0.21447229631155998,6284.22162950752
2024-11-26 00:37:26.849369876,Customer_878,Mouse,Accessories,KPK,3,3000,0.0772152248091158,8305.062976717958
2024-11-26 04:07:43.772754552,Customer_829,Smartwatch,Wearables,Sindh,5,25000,0.16471385105671055,104410.76861791118
2024-11-26 07:38:00.696139228,Customer_163,Smartphone,Electronics,Sindh,2,90000,0.14161092127165664,154510.0341711018
2024-11-26 11:08:17.619523904,Customer_560,Smartphone,Electronics,Balochistan,4,90000,0.11793907734771858,317541.9321548213
2024-11-26 14:38:34.542908584,Customer_399,Monitor,Electronics,Punjab,5,45000,0.12395486816213477,197110.15466351967
2024-11-26 18:08:51.466293260,Customer_583,Mouse,Accessories,Punjab,4,3000,0.1830594785230719,9803.286257723137
2024-11-26 21:39:08.389677936,Customer_399,Keyboard,Accessories,Islamabad,2,5000,0.021943228530860143,9780.567714691399
2024-11-27 01:09:25.313062612,Customer_493,Smartwatch,Wearables,Punjab,3,25000,0.1670451654894763,62471.61258828928
2024-11-27 04:39:42.236447288,Customer_646,Mouse,Accessories,Sindh,3,3000,0.22395302534964467,6984.422771853198
2024-11-27 08:09:59.159831968,Customer_239,Keyboard,Accessories,Punjab,2,5000,0.014447049254966038,9855.529507450341
2024-11-27 11:40:16.083216644,Customer_465,Mouse,Accessories,Islamabad,4,3000,0.035163334808416685,11578.039982299
2024-11-27 15:10:33.006601320,Customer_580,Mouse,Accessories,KPK,5,3000,0.17915798417550785,12312.630237367383
2024-11-27 18:40:49.929985996,Customer_790,Laptop,Electronics,Punjab,2,150000,0.10932041206115439,267203.8763816537
2024-11-27 22:11:06.853370676,Customer_32,Smartphone,Electronics,Punjab,1,90000,0.10088715520342209,80920.15603169201
2024-11-28 01:41:23.776755352,Customer_123,Smartwatch,Wearables,Sindh,4,25000,0.034241658636058964,96575.8341363941
2024-11-28 05:11:40.700140028,Customer_534,Mouse,Accessories,Balochistan,3,3000,0.12669251017944702,7859.767408384977
2024-11-28 08:41:57.623524704,Customer_667,Smartwatch,Wearables,KPK,2,25000,0.03163632779909431,48418.183610045286
2024-11-28 12:12:14.546909384,Customer_110,Monitor,Electronics,Balochistan,3,45000,0.1191551140776351,118914.05959951926
2024-11-28 15:42:31.470294060,Customer_271,Mouse,Accessories,Islamabad,4,3000,0.19090382474041417,9709.15410311503
2024-11-28 19:12:48.393678736,Customer_380,Headphones,Accessories,Islamabad,3,8000,0.06456608947179088,22450.41385267702
2024-11-28 22:43:05.317063412,Customer_300,Smartphone,Electronics,Balochistan,2,90000,0.12019654204493183,158364.62243191228
2024-11-29 02:13:22.240448088,Customer_627,Headphones,Accessories,Sindh,4,8000,0.24800399234920892,24063.872244825314
2024-11-29 05:43:39.163832768,Customer_982,Smartwatch,Wearables,Sindh,1,25000,0.1716626058385093,20708.434854037267
2024-11-29 09:13:56.087217444,Customer_732,Smartwatch,Wearables,Sindh,2,25000,0.21033919282629965,39483.040358685015
2024-11-29 12:44:13.010602120,Customer_742,Smartphone,Electronics,KPK,5,90000,0.10371190164013644,403329.6442619386
2024-11-29 16:14:29.933986796,Customer_764,Smartwatch,Wearables,Islamabad,2,25000,0.19196523078146382,40401.738460926805
2024-11-29 19:44:46.857371476,Customer_249,Headphones,Accessories,Islamabad,4,8000,0.010127293235330459,31675.926616469424
2024-11-29 23:15:03.780756152,Customer_521,Mouse,Accessories,Islamabad,2,3000,0.030727795635561245,5815.633226186633
2024-11-30 02:45:20.704140828,Customer_34,Mouse,Accessories,KPK,1,3000,0.05076764823001553,2847.697055309953
2024-11-30 06:15:37.627525504,Customer_228,Laptop,Electronics,Islamabad,1,150000,0.10048798115380489,134926.80282692928
2024-11-30 09:45:54.550910184,Customer_585,Monitor,Electronics,Balochistan,5,45000,0.2114362195814408,177426.85059417583
2024-11-30 13:16:11.474294860,Customer_399,Smartwatch,Wearables,Punjab,3,25000,0.08656651269698262,68507.5115477263
2024-11-30 16:46:28.397679536,Customer_958,Headphones,Accessories,KPK,4,8000,0.16365529837886572,26763.030451876297
2024-11-30 20:16:45.321064212,Customer_813,Smartwatch,Wearables,Punjab,4,25000,0.17732857370087085,82267.14262991291
2024-11-30 23:47:02.244448892,Customer_724,Smartwatch,Wearables,Balochistan,3,25000,0.14654558852208535,64009.0808608436
2024-12-01 03:17:19.167833568,Customer_584,Keyboard,Accessories,Sindh,1,5000,0.08931049204253405,4553.447539787329
2024-12-01 06:47:36.091218244,Customer_570,Laptop,Electronics,Sindh,1,150000,0.14426333542838607,128360.49968574209
2024-12-01 10:17:53.014602920,Customer_220,Headphones,Accessories,Sindh,2,8000,0.08556639819743656,14630.937628841015
2024-12-01 13:48:09.937987596,Customer_371,Headphones,Accessories,KPK,5,8000,0.02096843463800302,39161.26261447988
2024-12-01 17:18:26.861372276,Customer_787,Smartwatch,Wearables,Sindh,5,25000,0.2482009945465036,93974.87568168706
2024-12-01 20:48:43.784756952,Customer_761,Laptop,Electronics,KPK,5,150000,0.031795613408127726,726153.2899439042
2024-12-02 00:19:00.708141628,Customer_528,Mouse,Accessories,KPK,2,3000,0.018087095959014338,5891.477424245913
2024-12-02 03:49:17.631526304,Customer_75,Headphones,Accessories,Punjab,5,8000,0.21963268730178898,31214.69250792844
2024-12-02 07:19:34.554910984,Customer_618,Mouse,Accessories,Sindh,3,3000,0.07545866522322378,8320.872012990987
2024-12-02 10:49:51.478295660,Customer_136,Laptop,Electronics,Islamabad,2,150000,0.1625742435183769,251227.72694448693
2024-12-02 14:20:08.401680336,Customer_929,Mouse,Accessories,Sindh,3,3000,0.08225143241555821,8259.737108259977
2024-12-02 17:50:25.325065012,Customer_74,Smartphone,Electronics,Sindh,2,90000,0.09786356769861779,162384.55781424878
2024-12-02 21:20:42.248449692,Customer_254,Keyboard,Accessories,Sindh,5,5000,0.06552824300419913,23361.79392489502
2024-12-03 00:50:59.171834368,Customer_18,Tablet,Electronics,Islamabad,3,60000,0.08576100144825255,164563.01973931454
2024-12-03 04:21:16.095219044,Customer_931,Headphones,Accessories,Islamabad,3,8000,0.10267510014663578,21535.79759648074
2024-12-03 07:51:33.018603720,Customer_43,Monitor,Electronics,KPK,3,45000,0.18010401727308573,110685.95766813343
2024-12-03 11:21:49.941988400,Customer_50,Keyboard,Accessories,Islamabad,2,5000,0.12788404855869795,8721.15951441302
2024-12-03 14:52:06.865373076,Customer_515,Tablet,Electronics,KPK,4,60000,0.23589130428924424,183386.08697058138
2024-12-03 18:22:23.788757752,Customer_744,Mouse,Accessories,Punjab,5,3000,0.010470098459693877,14842.948523104591
2024-12-03 21:52:40.712142428,Customer_731,Headphones,Accessories,KPK,3,8000,0.12576708065800704,20981.59006420783
2024-12-04 01:22:57.635527104,Customer_571,Mouse,Accessories,Sindh,4,3000,0.14605619720792953,10247.325633504846
2024-12-04 04:53:14.558911784,Customer_796,Smartphone,Electronics,Balochistan,5,90000,0.23004924651856848,346477.8390666442
2024-12-04 08:23:31.482296460,Customer_814,Laptop,Electronics,Balochistan,5,150000,0.012289630905356896,740782.7768209823
2024-12-04 11:53:48.405681136,Customer_576,Headphones,Accessories,Sindh,3,8000,0.143374896233804,20559.002490388706
2024-12-04 15:24:05.329065812,Customer_582,Tablet,Electronics,KPK,3,60000,0.21340748213198926,141586.65321624195
2024-12-04 18:54:22.252450492,Customer_303,Tablet,Electronics,Sindh,2,60000,0.06048193202980914,112742.16815642291
2024-12-04 22:24:39.175835168,Customer_142,Smartphone,Electronics,Islamabad,4,90000,0.21907308713098436,281133.68863284565
2024-12-05 01:54:56.099219844,Customer_903,Smartphone,Electronics,KPK,4,90000,0.004760852318572956,358286.09316531377
2024-12-05 05:25:13.022604520,Customer_202,Smartwatch,Wearables,Sindh,3,25000,0.18311365728343243,61266.475703742566
2024-12-05 08:55:29.945989200,Customer_207,Headphones,Accessories,Islamabad,5,8000,0.23327830529216326,30668.867788313473
2024-12-05 12:25:46.869373876,Customer_415,Mouse,Accessories,Islamabad,3,3000,0.16429941541001555,7521.30526130986
2024-12-05 15:56:03.792758552,Customer_221,Monitor,Electronics,KPK,5,45000,0.10975731099511199,200304.6050260998
2024-12-05 19:26:20.716143228,Customer_362,Tablet,Electronics,Punjab,5,60000,0.011220254118179507,296633.92376454617
2024-12-05 22:56:37.639527904,Customer_758,Tablet,Electronics,Punjab,3,60000,0.2300284533306572,138594.8784004817
2024-12-06 02:26:54.562912584,Customer_81,Smartphone,Electronics,Islamabad,1,90000,0.1175740556728937,79418.33498943957
2024-12-06 05:57:11.486297260,Customer_763,Keyboard,Accessories,Punjab,4,5000,0.007249186083987003,19855.01627832026
2024-12-06 09:27:28.409681936,Customer_563,Smartphone,Electronics,Islamabad,5,90000,0.17245526783219048,372395.1294755143
2024-12-06 12:57:45.333066612,Customer_285,Monitor,Electronics,Punjab,5,45000,0.12045931339406454,197896.65448633546
2024-12-06 16:28:02.256451292,Customer_369,Mouse,Accessories,Islamabad,1,3000,0.031086329360602682,2906.741011918192
2024-12-06 19:58:19.179835968,Customer_492,Mouse,Accessories,Islamabad,2,3000,0.053567952327564894,5678.59228603461
2024-12-06 23:28:36.103220644,Customer_911,Keyboard,Accessories,Islamabad,1,5000,0.016122670113961568,4919.386649430192
2024-12-07 02:58:53.026605320,Customer_896,Tablet,Electronics,Islamabad,1,60000,0.1435733849271434,51385.59690437139
2024-12-07 06:29:09.949990000,Customer_346,Smartphone,Electronics,Balochistan,5,90000,0.1555073698130023,380021.683584149
2024-12-07 09:59:26.873374676,Customer_204,Smartwatch,Wearables,Punjab,4,25000,0.1264355745888611,87356.4425411139
2024-12-07 13:29:43.796759352,Customer_25,Mouse,Accessories,Islamabad,1,3000,0.20427553325065373,2387.173400248039
2024-12-07 17:00:00.720144028,Customer_957,Monitor,Electronics,Sindh,2,45000,0.2152522053270034,70627.3015205697
2024-12-07 20:30:17.643528708,Customer_553,Headphones,Accessories,KPK,3,8000,0.15390609917078166,20306.25361990124
2024-12-08 00:00:34.566913384,Customer_69,Laptop,Electronics,Sindh,1,150000,0.0031891199268576365,149521.63201097134
2024-12-08 03:30:51.490298060,Customer_516,Laptop,Electronics,Sindh,1,150000,0.1738074139369339,123928.88790945991
2024-12-08 07:01:08.413682736,Customer_492,Laptop,Electronics,Balochistan,2,150000,0.1044998042300879,268650.05873097363
2024-12-08 10:31:25.337067412,Customer_240,Smartwatch,Wearables,Punjab,4,25000,0.14138937080659675,85861.06291934033
2024-12-08 14:01:42.260452092,Customer_361,Tablet,Electronics,Balochistan,1,60000,0.1622701505047211,50263.790969716734
2024-12-08 17:31:59.183836768,Customer_441,Smartphone,Electronics,Punjab,1,90000,0.08755915358176919,82119.67617764077
2024-12-08 21:02:16.107221444,Customer_31,Keyboard,Accessories,Islamabad,4,5000,0.22927462629294856,15414.507474141028
2024-12-09 00:32:33.030606120,Customer_899,Smartwatch,Wearables,Balochistan,2,25000,0.0334937166874453,48325.31416562774
2024-12-09 04:02:49.953990800,Customer_629,Smartwatch,Wearables,KPK,1,25000,0.16787795182025936,20803.051204493517
2024-12-09 07:33:06.877375476,Customer_707,Mouse,Accessories,Punjab,4,3000,0.001089894989145107,11986.921260130259
2024-12-09 11:03:23.800760152,Customer_602,Headphones,Accessories,Balochistan,1,8000,0.2311627763512952,6150.697789189639
2024-12-09 14:33:40.724144828,Customer_690,Smartwatch,Wearables,KPK,3,25000,0.028126033309522874,72890.54750178578
2024-12-09 18:03:57.647529508,Customer_657,Monitor,Electronics,Sindh,5,45000,0.023721057536893658,219662.76205419892
2024-12-09 21:34:14.570914184,Customer_956,Headphones,Accessories,Islamabad,3,8000,0.08325190826306106,22001.954201686534
2024-12-10 01:04:31.494298860,Customer_714,Monitor,Electronics,Islamabad,1,45000,0.09339157150977015,40797.37928206034
2024-12-10 04:34:48.417683536,Customer_322,Tablet,Electronics,Sindh,2,60000,0.053575018080719655,113570.99783031364
2024-12-10 08:05:05.341068216,Customer_344,Smartphone,Electronics,Balochistan,5,90000,0.14628041523178117,384173.81314569846
2024-12-10 11:35:22.264452892,Customer_715,Laptop,Electronics,Sindh,3,150000,0.1107285245104909,400172.1639702791
2024-12-10 15:05:39.187837568,Customer_536,Smartwatch,Wearables,KPK,4,25000,0.008543897260271854,99145.61027397282
2024-12-10 18:35:56.111222244,Customer_355,Smartphone,Electronics,Punjab,2,90000,0.07991301556382516,165615.65719851147
2024-12-10 22:06:13.034606920,Customer_471,Tablet,Electronics,Balochistan,3,60000,0.20260822839329262,143530.51888920733
2024-12-11 01:36:29.957991600,Customer_928,Keyboard,Accessories,Punjab,4,5000,0.17242538371546715,16551.49232569066
2024-12-11 05:06:46.881376276,Customer_983,Keyboard,Accessories,Sindh,1,5000,0.18121771339497011,4093.911433025149
2024-12-11 08:37:03.804760952,Customer_994,Tablet,Electronics,Islamabad,4,60000,0.1745292310208809,198112.9845549886
2024-12-11 12:07:20.728145628,Customer_105,Monitor,Electronics,Punjab,3,45000,0.07774325534575832,124504.66052832262
2024-12-11 15:37:37.651530308,Customer_787,Mouse,Accessories,Punjab,3,3000,0.02491598051919397,8775.756175327255
2024-12-11 19:07:54.574914984,Customer_322,Mouse,Accessories,Islamabad,1,3000,0.068116796008274,2795.649611975178
2024-12-11 22:38:11.498299660,Customer_572,Monitor,Electronics,Punjab,4,45000,0.20794632504628982,142569.66149166782
2024-12-12 02:08:28.421684336,Customer_883,Keyboard,Accessories,Punjab,4,5000,0.24511769944576778,15097.646011084644
2024-12-12 05:38:45.345069016,Customer_962,Keyboard,Accessories,Islamabad,1,5000,0.12346175368539034,4382.691231573048
2024-12-12 09:09:02.268453692,Customer_527,Smartwatch,Wearables,Islamabad,4,25000,0.002425088730760555,99757.49112692395
2024-12-12 12:39:19.191838368,Customer_504,Keyboard,Accessories,Sindh,1,5000,0.03501120303355726,4824.943984832214
2024-12-12 16:09:36.115223044,Customer_85,Smartphone,Electronics,Sindh,2,90000,0.08052014382906644,165506.37411076803
2024-12-12 19:39:53.038607720,Customer_931,Keyboard,Accessories,Punjab,3,5000,0.14464633714823744,12830.30494277644
2024-12-12 23:10:09.961992400,Customer_709,Headphones,Accessories,Balochistan,2,8000,0.018773411451328492,15699.625416778745
2024-12-13 02:40:26.885377076,Customer_235,Smartwatch,Wearables,Sindh,5,25000,0.2358393246774704,95520.0844153162
2024-12-13 06:10:43.808761752,Customer_923,Laptop,Electronics,Sindh,5,150000,0.09127091832110018,681546.8112591748
2024-12-13 09:41:00.732146428,Customer_856,Keyboard,Accessories,Balochistan,5,5000,0.22814605448120576,19296.348637969855
2024-12-13 13:11:17.655531108,Customer_263,Monitor,Electronics,Balochistan,1,45000,0.19513045068925544,36219.1297189835
2024-12-13 16:41:34.578915784,Customer_6,Laptop,Electronics,Islamabad,4,150000,0.18885931812889528,486684.4091226628
2024-12-13 20:11:51.502300460,Customer_494,Smartphone,Electronics,Sindh,2,90000,0.151679894945558,152697.61890979955
2024-12-13 23:42:08.425685136,Customer_893,Monitor,Electronics,KPK,2,45000,0.15669595426296115,75897.3641163335
2024-12-14 03:12:25.349069816,Customer_289,Laptop,Electronics,KPK,2,150000,0.15950080880406203,252149.75735878138
2024-12-14 06:42:42.272454492,Customer_570,Monitor,Electronics,Punjab,2,45000,0.15718034675639553,75853.7687919244
2024-12-14 10:12:59.195839168,Customer_945,Smartphone,Electronics,Sindh,5,90000,0.1384320578495903,387705.57396768435
2024-12-14 13:43:16.119223844,Customer_657,Smartwatch,Wearables,KPK,2,25000,0.24660350462072222,37669.82476896389
2024-12-14 17:13:33.042608524,Customer_878,Headphones,Accessories,Sindh,4,8000,0.18307264185642402,26141.67546059443
2024-12-14 20:43:49.965993200,Customer_554,Smartphone,Electronics,Sindh,5,90000,0.1942365970981303,362593.53130584134
2024-12-15 00:14:06.889377876,Customer_350,Smartphone,Electronics,KPK,2,90000,0.21811570377091855,140739.17332123467
2024-12-15 03:44:23.812762552,Customer_200,Monitor,Electronics,Sindh,1,45000,0.05390994068146229,42574.052669334196
2024-12-15 07:14:40.736147228,Customer_936,Smartwatch,Wearables,Balochistan,3,25000,0.020951039773765195,73428.67201696761
2024-12-15 10:44:57.659531908,Customer_686,Tablet,Electronics,Punjab,3,60000,0.12072360914964966,158269.75035306308
2024-12-15 14:15:14.582916584,Customer_967,Mouse,Accessories,Islamabad,3,3000,0.1285201739048183,7843.318434856636
2024-12-15 17:45:31.506301260,Customer_966,Keyboard,Accessories,KPK,5,5000,0.20729544498747943,19817.613875313014
2024-12-15 21:15:48.429685936,Customer_964,Keyboard,Accessories,Islamabad,2,5000,0.11094589482058392,8890.54105179416
2024-12-16 00:46:05.353070616,Customer_897,Headphones,Accessories,Punjab,5,8000,0.14271325638607818,34291.46974455687
2024-12-16 04:16:22.276455292,Customer_335,Headphones,Accessories,Balochistan,4,8000,0.13176773462836458,27783.432491892334
2024-12-16 07:46:39.199839968,Customer_607,Keyboard,Accessories,Balochistan,1,5000,0.009550695939347764,4952.246520303262
2024-12-16 11:16:56.123224644,Customer_217,Mouse,Accessories,Balochistan,1,3000,0.1538037241492285,2538.5888275523143
2024-12-16 14:47:13.046609324,Customer_623,Keyboard,Accessories,Balochistan,3,5000,0.20701082144356306,11894.837678346554
2024-12-16 18:17:29.969994000,Customer_353,Tablet,Electronics,KPK,3,60000,0.039375137018950956,172912.47533658883
2024-12-16 21:47:46.893378676,Customer_692,Mouse,Accessories,KPK,3,3000,0.14858293348164894,7662.753598665159
2024-12-17 01:18:03.816763352,Customer_675,Headphones,Accessories,Sindh,2,8000,0.1484026361116036,13625.557822214343
2024-12-17 04:48:20.740148028,Customer_631,Laptop,Electronics,Sindh,4,150000,0.041046241014089685,575372.2553915462
2024-12-17 08:18:37.663532708,Customer_325,Monitor,Electronics,Punjab,4,45000,0.030865893432684005,174444.1391821169
2024-12-17 11:48:54.586917384,Customer_901,Tablet,Electronics,Sindh,4,60000,0.2450129857441212,181196.8834214109
2024-12-17 15:19:11.510302060,Customer_228,Tablet,Electronics,Punjab,4,60000,0.09842979241325939,216376.84982081776
2024-12-17 18:49:28.433686736,Customer_145,Smartwatch,Wearables,Punjab,3,25000,0.05685543218088232,70735.84258643384
2024-12-17 22:19:45.357071416,Customer_949,Headphones,Accessories,Punjab,1,8000,0.04283113611359374,7657.35091109125
2024-12-18 01:50:02.280456092,Customer_308,Headphones,Accessories,Balochistan,3,8000,0.16690042839580876,19994.389718500588
2024-12-18 05:20:19.203840768,Customer_654,Smartphone,Electronics,Islamabad,4,90000,0.1523613243318197,305149.9232405449
2024-12-18 08:50:36.127225444,Customer_634,Tablet,Electronics,Islamabad,3,60000,0.16088803074685437,151040.15446556621
2024-12-18 12:20:53.050610124,Customer_285,Smartphone,Electronics,KPK,4,90000,0.022001506877863064,352079.4575239693
2024-12-18 15:51:09.973994800,Customer_392,Smartphone,Electronics,Punjab,5,90000,0.22338364587460924,349477.3593564258
2024-12-18 19:21:26.897379476,Customer_738,Monitor,Electronics,Balochistan,1,45000,0.09731659920226207,40620.753035898204
2024-12-18 22:51:43.820764152,Customer_360,Smartphone,Electronics,Sindh,5,90000,0.07834235160758948,414745.9417765847
2024-12-19 02:22:00.744148832,Customer_769,Mouse,Accessories,Sindh,2,3000,0.1155903618119348,5306.457829128391
2024-12-19 05:52:17.667533508,Customer_797,Keyboard,Accessories,KPK,3,5000,0.09751651643690706,13537.252253446393
2024-12-19 09:22:34.590918184,Customer_932,Laptop,Electronics,KPK,2,150000,0.21589425078478647,235231.72476456405
2024-12-19 12:52:51.514302860,Customer_947,Headphones,Accessories,Punjab,3,8000,0.23231524379947302,18424.43414881265
2024-12-19 16:23:08.437687536,Customer_165,Mouse,Accessories,Punjab,5,3000,0.07586330411240155,13862.050438313978
2024-12-19 19:53:25.361072216,Customer_733,Laptop,Electronics,Sindh,4,150000,0.2159839518649887,470409.6288810068
2024-12-19 23:23:42.284456892,Customer_581,Tablet,Electronics,Sindh,4,60000,0.19538078238326678,193108.612228016
2024-12-20 02:53:59.207841568,Customer_821,Tablet,Electronics,Sindh,3,60000,0.23270191808619045,138113.6547444857
2024-12-20 06:24:16.131226244,Customer_224,Tablet,Electronics,Sindh,4,60000,0.06143757804647196,225254.98126884672
2024-12-20 09:54:33.054610924,Customer_124,Mouse,Accessories,Islamabad,5,3000,0.14423978753024477,12836.403187046328
2024-12-20 13:24:49.977995600,Customer_948,Mouse,Accessories,Punjab,4,3000,0.06863614618511116,11176.366245778667
2024-12-20 16:55:06.901380276,Customer_344,Headphones,Accessories,Punjab,5,8000,0.20602362262109356,31759.055095156258
2024-12-20 20:25:23.824764952,Customer_851,Keyboard,Accessories,Sindh,2,5000,0.0013310476427660645,9986.68952357234
2024-12-20 23:55:40.748149632,Customer_524,Smartwatch,Wearables,Balochistan,5,25000,0.14120479072159903,107349.40115980012
2024-12-21 03:25:57.671534308,Customer_52,Smartphone,Electronics,Sindh,1,90000,0.0848008578179795,82367.92279638184
2024-12-21 06:56:14.594918984,Customer_129,Tablet,Electronics,KPK,1,60000,0.08067092676945506,55159.7443938327
2024-12-21 10:26:31.518303660,Customer_135,Monitor,Electronics,Balochistan,1,45000,0.16122658096622924,37744.803856519684
2024-12-21 13:56:48.441688340,Customer_657,Keyboard,Accessories,KPK,3,5000,0.21287111232849848,11806.933315072522
2024-12-21 17:27:05.365073016,Customer_127,Monitor,Electronics,Balochistan,3,45000,0.15229884784833156,114439.65554047523
2024-12-21 20:57:22.288457692,Customer_738,Headphones,Accessories,KPK,3,8000,0.21329324466168062,18880.962128119663
2024-12-22 00:27:39.211842368,Customer_939,Headphones,Accessories,Sindh,5,8000,0.06614927797025749,37354.0288811897
2024-12-22 03:57:56.135227044,Customer_71,Headphones,Accessories,Sindh,3,8000,0.12987546369124528,20882.988871410114
2024-12-22 07:28:13.058611724,Customer_273,Laptop,Electronics,Balochistan,2,150000,0.112634134766769,266209.7595699693
2024-12-22 10:58:29.981996400,Customer_187,Monitor,Electronics,KPK,1,45000,0.0029112248757740544,44868.994880590166
2024-12-22 14:28:46.905381076,Customer_3,Keyboard,Accessories,Islamabad,5,5000,0.13920303578518503,21519.924105370374
2024-12-22 17:59:03.828765752,Customer_285,Smartwatch,Wearables,Balochistan,1,25000,0.16538108103654373,20865.472974086406
2024-12-22 21:29:20.752150432,Customer_22,Keyboard,Accessories,Balochistan,3,5000,0.14797860110476752,12780.320983428488
2024-12-23 00:59:37.675535108,Customer_166,Mouse,Accessories,Punjab,5,3000,0.18406997469585537,12238.95037956217
2024-12-23 04:29:54.598919784,Customer_310,Mouse,Accessories,Balochistan,4,3000,0.14283488211326928,10285.98141464077
2024-12-23 08:00:11.522304460,Customer_875,Tablet,Electronics,Islamabad,2,60000,0.01668756371268923,117997.49235447729
2024-12-23 11:30:28.445689140,Customer_477,Smartwatch,Wearables,Sindh,3,25000,0.029111381021177857,72816.64642341166
2024-12-23 15:00:45.369073816,Customer_498,Mouse,Accessories,KPK,3,3000,0.1491186443859881,7657.932200526107
2024-12-23 18:31:02.292458492,Customer_434,Headphones,Accessories,Punjab,2,8000,0.06874479799341005,14900.083232105439
2024-12-23 22:01:19.215843168,Customer_758,Keyboard,Accessories,KPK,2,5000,0.01991128225869146,9800.887177413086
2024-12-24 01:31:36.139227844,Customer_234,Monitor,Electronics,Sindh,4,45000,0.10740068586213669,160667.8765448154
2024-12-24 05:01:53.062612524,Customer_837,Headphones,Accessories,Balochistan,3,8000,0.13858064952091384,20674.064411498068
2024-12-24 08:32:09.985997200,Customer_670,Laptop,Electronics,Islamabad,3,150000,0.08218649708740164,413016.07631066925
2024-12-24 12:02:26.909381876,Customer_663,Mouse,Accessories,Punjab,1,3000,0.1801084255564445,2459.6747233306664
2024-12-24 15:32:43.832766552,Customer_725,Headphones,Accessories,Islamabad,5,8000,0.16094265202531116,33562.293918987554
2024-12-24 19:03:00.756151232,Customer_376,Headphones,Accessories,Islamabad,5,8000,0.08320459027291799,36671.81638908328
2024-12-24 22:33:17.679535908,Customer_730,Laptop,Electronics,Islamabad,1,150000,0.18871813222714015,121692.28016592897
2024-12-25 02:03:34.602920584,Customer_246,Smartphone,Electronics,Islamabad,5,90000,0.16217376063325886,377021.80771503353
2024-12-25 05:33:51.526305260,Customer_303,Keyboard,Accessories,Sindh,2,5000,0.15936134467947552,8406.386553205246
2024-12-25 09:04:08.449689940,Customer_405,Monitor,Electronics,Islamabad,5,45000,0.138356925196767,193869.69183072742
2024-12-25 12:34:25.373074616,Customer_788,Tablet,Electronics,Islamabad,5,60000,0.002847417022138199,299145.7748933585
2024-12-25 16:04:42.296459292,Customer_663,Smartphone,Electronics,Sindh,1,90000,0.17412679586922228,74328.58837176999
2024-12-25 19:34:59.219843968,Customer_708,Mouse,Accessories,KPK,4,3000,0.09401044777728912,10871.87462667253
2024-12-25 23:05:16.143228648,Customer_917,Headphones,Accessories,Sindh,5,8000,0.2356524275396639,30573.902898413446
2024-12-26 02:35:33.066613324,Customer_21,Smartwatch,Wearables,Balochistan,5,25000,0.20449619276930134,99437.97590383733
2024-12-26 06:05:49.989998000,Customer_257,Laptop,Electronics,Sindh,4,150000,0.14692361738282805,511845.82957030315
2024-12-26 09:36:06.913382676,Customer_399,Laptop,Electronics,KPK,1,150000,0.06304549545481736,140543.1756817774
2024-12-26 13:06:23.836767352,Customer_529,Smartwatch,Wearables,Balochistan,4,25000,0.050929348319416645,94907.06516805834
2024-12-26 16:36:40.760152032,Customer_51,Keyboard,Accessories,Balochistan,1,5000,0.08509620941938728,4574.518952903064
2024-12-26 20:06:57.683536708,Customer_447,Smartphone,Electronics,Punjab,2,90000,0.11914198589500463,158554.44253889917
2024-12-26 23:37:14.606921384,Customer_270,Tablet,Electronics,Islamabad,1,60000,0.07401637750973677,55559.01734941579
2024-12-27 03:07:31.530306060,Customer_827,Keyboard,Accessories,Balochistan,2,5000,0.1287323738481207,8712.676261518793
2024-12-27 06:37:48.453690740,Customer_595,Smartwatch,Wearables,Balochistan,2,25000,0.04134260637829648,47932.869681085176
2024-12-27 10:08:05.377075416,Customer_818,Headphones,Accessories,KPK,1,8000,0.24442820320637498,6044.574374349
2024-12-27 13:38:22.300460092,Customer_636,Smartwatch,Wearables,Balochistan,3,25000,0.026981138741248467,72976.41459440636
2024-12-27 17:08:39.223844768,Customer_802,Keyboard,Accessories,KPK,1,5000,0.23298603491359302,3835.0698254320346
2024-12-27 20:38:56.147229448,Customer_262,Monitor,Electronics,Islamabad,5,45000,0.22839450285067373,173611.2368585984
2024-12-28 00:09:13.070614124,Customer_365,Laptop,Electronics,Punjab,5,150000,0.1313401204548745,651494.9096588441
2024-12-28 03:39:29.993998800,Customer_49,Laptop,Electronics,Punjab,3,150000,0.1812275679590211,368447.59441844054
2024-12-28 07:09:46.917383476,Customer_518,Mouse,Accessories,Islamabad,2,3000,0.10901207449314695,5345.927553041118
2024-12-28 10:40:03.840768156,Customer_629,Mouse,Accessories,Islamabad,3,3000,0.15750864438560955,7582.422200529514
2024-12-28 14:10:20.764152832,Customer_118,Smartwatch,Wearables,Sindh,5,25000,0.08514398435527967,114357.00195559004
2024-12-28 17:40:37.687537508,Customer_453,Tablet,Electronics,Balochistan,3,60000,0.07528975494636134,166447.84410965495
2024-12-28 21:10:54.610922184,Customer_775,Headphones,Accessories,Balochistan,1,8000,0.14455744654237843,6843.5404276609725
2024-12-29 00:41:11.534306860,Customer_865,Monitor,Electronics,Balochistan,3,45000,0.12453241854599509,118188.12349629066
2024-12-29 04:11:28.457691540,Customer_973,Smartphone,Electronics,KPK,2,90000,0.14488409228749527,153920.86338825087
2024-12-29 07:41:45.381076216,Customer_947,Keyboard,Accessories,Sindh,1,5000,0.07166514532175575,4641.6742733912215
2024-12-29 11:12:02.304460892,Customer_886,Tablet,Electronics,Balochistan,4,60000,0.09173945795424882,217982.5300909803
2024-12-29 14:42:19.227845568,Customer_641,Headphones,Accessories,KPK,5,8000,0.020974490157227327,39161.02039371091
2024-12-29 18:12:36.151230248,Customer_397,Mouse,Accessories,KPK,5,3000,0.01306909306805143,14803.963603979228
2024-12-29 21:42:53.074614924,Customer_683,Smartwatch,Wearables,Punjab,3,25000,0.06336428241825406,70247.67881863094
2024-12-30 01:13:09.997999600,Customer_27,Keyboard,Accessories,KPK,1,5000,0.01856171483263644,4907.191425836818
2024-12-30 04:43:26.921384276,Customer_711,Mouse,Accessories,Islamabad,4,3000,0.025943677158685174,11688.675874095778
2024-12-30 08:13:43.844768956,Customer_372,Smartwatch,Wearables,KPK,1,25000,0.20323210134848427,19919.197466287893
2024-12-30 11:44:00.768153632,Customer_899,Keyboard,Accessories,Islamabad,5,5000,0.009718424254172325,24757.03939364569
2024-12-30 15:14:17.691538308,Customer_826,Smartphone,Electronics,Islamabad,1,90000,0.1647356984836857,75173.7871364683
2024-12-30 18:44:34.614922984,Customer_857,Headphones,Accessories,Punjab,4,8000,0.06813943720385013,29819.538009476793
2024-12-30 22:14:51.538307660,Customer_97,Keyboard,Accessories,Punjab,3,5000,0.2178864201770316,11731.703697344525
2024-12-31 01:45:08.461692340,Customer_1000,Monitor,Electronics,KPK,2,45000,0.12124807114437489,79087.67359700626
2024-12-31 05:15:25.385077016,Customer_529,Tablet,Electronics,Punjab,1,60000,0.07639411483195643,55416.353110082615
2024-12-31 08:45:42.308461692,Customer_685,Laptop,Electronics,Punjab,2,150000,0.12940973392235863,261177.0798232924
2024-12-31 12:15:59.231846368,Customer_974,Monitor,Electronics,Balochistan,5,45000,0.0954895047613172,203514.86142870362
2024-12-31 15:46:16.155231048,Customer_613,Monitor,Electronics,KPK,3,45000,0.14107526616745755,115954.83906739323
2024-12-31 19:16:33.078615724,Customer_186,Tablet,Electronics,KPK,3,60000,0.02863321708158706,174846.02092531434
2024-12-31 22:46:50.002000400,Customer_696,Laptop,Electronics,KPK,1,150000,0.24924762570313777,112612.85614452935
2025-01-01 02:17:06.925385076,Customer_950,Monitor,Electronics,Punjab,3,45000,0.10638896942417939,120637.48912773578
2025-01-01 05:47:23.848769756,Customer_215,Keyboard,Accessories,Punjab,1,5000,0.08705765992684217,4564.711700365789
2025-01-01 09:17:40.772154432,Customer_251,Keyboard,Accessories,Islamabad,1,5000,0.17755246207906622,4112.237689604669
2025-01-01 12:47:57.695539108,Customer_216,Keyboard,Accessories,Sindh,2,5000,0.09097485162383312,9090.251483761669
2025-01-01 16:18:14.618923784,Customer_29,Laptop,Electronics,Sindh,3,150000,0.20831857625718941,356256.64068426477
2025-01-01 19:48:31.542308464,Customer_102,Monitor,Electronics,Sindh,1,45000,0.11356768109010631,39889.45435094522
2025-01-01 23:18:48.465693140,Customer_123,Smartwatch,Wearables,Balochistan,2,25000,0.17988960331635873,41005.519834182065
2025-01-02 02:49:05.389077816,Customer_54,Laptop,Electronics,Punjab,4,150000,0.026863304110471636,583882.017533717
2025-01-02 06:19:22.312462492,Customer_283,Keyboard,Accessories,Islamabad,2,5000,0.21152979638877795,7884.702036112221
2025-01-02 09:49:39.235847168,Customer_614,Tablet,Electronics,Islamabad,2,60000,0.18392949669452746,97928.4603966567
2025-01-02 13:19:56.159231848,Customer_117,Monitor,Electronics,Sindh,1,45000,0.05292919461549142,42618.18624230289
2025-01-02 16:50:13.082616524,Customer_616,Monitor,Electronics,Balochistan,5,45000,0.03632150243644666,216827.6619517995
2025-01-02 20:20:30.006001200,Customer_557,Mouse,Accessories,Balochistan,5,3000,0.0790730871814061,13813.90369227891
2025-01-02 23:50:46.929385876,Customer_114,Mouse,Accessories,Sindh,5,3000,0.24401764650797608,11339.735302380359
2025-01-03 03:21:03.852770556,Customer_855,Smartphone,Electronics,Sindh,2,90000,0.06420789364176466,168442.57914448236
2025-01-03 06:51:20.776155232,Customer_543,Smartwatch,Wearables,Punjab,1,25000,0.11403180223665832,22149.204944083544
2025-01-03 10:21:37.699539908,Customer_676,Smartwatch,Wearables,Balochistan,3,25000,0.007505056429334078,74437.12076779995
2025-01-03 13:51:54.622924584,Customer_977,Headphones,Accessories,Islamabad,2,8000,0.09930688239155813,14411.08988173507
2025-01-03 17:22:11.546309264,Customer_701,Smartwatch,Wearables,Sindh,2,25000,0.14283000385827568,42858.49980708621
2025-01-03 20:52:28.469693940,Customer_293,Mouse,Accessories,Punjab,1,3000,0.23828115312699127,2285.156540619026
2025-01-04 00:22:45.393078616,Customer_195,Laptop,Electronics,Islamabad,4,150000,0.1291840112350161,522489.5932589903
2025-01-04 03:53:02.316463292,Customer_292,Smartwatch,Wearables,Balochistan,2,25000,0.20477683154442194,39761.158422778906
2025-01-04 07:23:19.239847968,Customer_887,Mouse,Accessories,Sindh,4,3000,0.13678191064222514,10358.617072293298
2025-01-04 10:53:36.163232648,Customer_261,Smartphone,Electronics,Sindh,4,90000,0.010196253358879526,356329.34879080334
2025-01-04 14:23:53.086617324,Customer_942,Monitor,Electronics,Punjab,5,45000,0.07875206879744351,207280.78452057522
2025-01-04 17:54:10.010002000,Customer_207,Smartwatch,Wearables,Punjab,1,25000,0.14388737695777581,21402.815576055607
2025-01-04 21:24:26.933386676,Customer_564,Smartphone,Electronics,Balochistan,4,90000,0.23764849148278108,274446.5430661988
2025-01-05 00:54:43.856771356,Customer_49,Monitor,Electronics,Sindh,1,45000,0.21478258993780833,35334.78345279863
2025-01-05 04:25:00.780156032,Customer_6,Tablet,Electronics,Punjab,5,60000,0.05708890354471191,282873.3289365864
2025-01-05 07:55:17.703540708,Customer_379,Tablet,Electronics,Sindh,1,60000,0.05502745750479088,56698.352549712545
2025-01-05 11:25:34.626925384,Customer_394,Monitor,Electronics,Balochistan,2,45000,0.05029324177847519,85473.60823993724
2025-01-05 14:55:51.550310064,Customer_886,Smartwatch,Wearables,Sindh,4,25000,0.2306247240756258,76937.52759243741
2025-01-05 18:26:08.473694740,Customer_224,Headphones,Accessories,Islamabad,1,8000,0.21316653827543017,6294.6676937965585
2025-01-05 21:56:25.397079416,Customer_23,Mouse,Accessories,Sindh,3,3000,0.1937208580632372,7256.512277430865
2025-01-06 01:26:42.320464092,Customer_657,Laptop,Electronics,KPK,1,150000,0.0981837785560569,135272.43321659148
2025-01-06 04:56:59.243848772,Customer_110,Laptop,Electronics,KPK,4,150000,0.1260951760746917,524342.894355185
2025-01-06 08:27:16.167233448,Customer_724,Keyboard,Accessories,Balochistan,5,5000,0.1160829361987882,22097.926595030294
2025-01-06 11:57:33.090618124,Customer_812,Monitor,Electronics,Balochistan,5,45000,0.06334952688984316,210746.3564497853
2025-01-06 15:27:50.014002800,Customer_553,Laptop,Electronics,Balochistan,4,150000,0.12625701153719174,524245.793077685
2025-01-06 18:58:06.937387476,Customer_399,Smartwatch,Wearables,Islamabad,2,25000,0.007624136963188616,49618.79315184057
2025-01-06 22:28:23.860772156,Customer_172,Headphones,Accessories,Islamabad,2,8000,0.03295259337436479,15472.758506010163
2025-01-07 01:58:40.784156832,Customer_698,Monitor,Electronics,Sindh,5,45000,0.2216473990422366,175129.33521549677
2025-01-07 05:28:57.707541508,Customer_726,Headphones,Accessories,Punjab,5,8000,0.1879199417578558,32483.202329685766
2025-01-07 08:59:14.630926184,Customer_306,Smartwatch,Wearables,KPK,4,25000,0.10571710226477177,89428.28977352282
2025-01-07 12:29:31.554310864,Customer_564,Laptop,Electronics,KPK,2,150000,0.1292875905709693,261213.72282870923
2025-01-07 15:59:48.477695540,Customer_582,Laptop,Electronics,KPK,5,150000,0.09249972148999436,680625.2088825043
2025-01-07 19:30:05.401080216,Customer_708,Keyboard,Accessories,Sindh,2,5000,0.18519496679016811,8148.050332098319
2025-01-07 23:00:22.324464892,Customer_959,Laptop,Electronics,Sindh,5,150000,0.1960467948080199,602964.9038939851
2025-01-08 02:30:39.247849572,Customer_954,Monitor,Electronics,Balochistan,1,45000,0.19082129755078978,36413.04161021446
2025-01-08 06:00:56.171234248,Customer_151,Smartwatch,Wearables,Punjab,3,25000,0.1806529312086124,61451.03015935407
2025-01-08 09:31:13.094618924,Customer_428,Tablet,Electronics,Balochistan,1,60000,0.05112608467319896,56932.434919608066
2025-01-08 13:01:30.018003600,Customer_621,Smartwatch,Wearables,Sindh,5,25000,0.0844924948101197,114438.43814873505
2025-01-08 16:31:46.941388280,Customer_467,Monitor,Electronics,Islamabad,3,45000,0.11746135874591873,119142.71656930096
2025-01-08 20:02:03.864772956,Customer_630,Monitor,Electronics,Balochistan,3,45000,0.0826982478569139,123835.73653931663
2025-01-08 23:32:20.788157632,Customer_877,Keyboard,Accessories,Sindh,5,5000,0.18873505003958224,20281.623749010443
2025-01-09 03:02:37.711542308,Customer_607,Keyboard,Accessories,Sindh,5,5000,0.08233838106248867,22941.540473437784
2025-01-09 06:32:54.634926984,Customer_768,Laptop,Electronics,Islamabad,2,150000,0.03455802169633429,289632.5934910997
2025-01-09 10:03:11.558311664,Customer_556,Smartphone,Electronics,Islamabad,5,90000,0.09976011301207602,405107.9491445658
2025-01-09 13:33:28.481696340,Customer_948,Smartwatch,Wearables,Islamabad,4,25000,0.24497860819559508,75502.13918044048
2025-01-09 17:03:45.405081016,Customer_67,Smartwatch,Wearables,Punjab,5,25000,0.05647035323339397,117941.20584582575
2025-01-09 20:34:02.328465692,Customer_156,Smartphone,Electronics,Sindh,4,90000,0.15303966473580727,304905.7206951094
2025-01-10 00:04:19.251850372,Customer_835,Keyboard,Accessories,Islamabad,5,5000,0.10824326245992658,22293.918438501838
2025-01-10 03:34:36.175235048,Customer_206,Laptop,Electronics,Punjab,2,150000,0.017756141912331658,294673.1574263005
2025-01-10 07:04:53.098619724,Customer_786,Smartphone,Electronics,KPK,4,90000,0.12196915149951487,316091.1054601746
2025-01-10 10:35:10.022004400,Customer_155,Laptop,Electronics,KPK,1,150000,0.17554108216207812,123668.8376756883
2025-01-10 14:05:26.945389080,Customer_691,Laptop,Electronics,KPK,4,150000,0.1283049939569547,523017.00362582714
2025-01-10 17:35:43.868773756,Customer_509,Laptop,Electronics,Sindh,2,150000,0.21802651593664527,234592.04521900642
2025-01-10 21:06:00.792158432,Customer_572,Mouse,Accessories,Punjab,4,3000,0.07223425416439566,11133.188950027252
2025-01-11 00:36:17.715543108,Customer_74,Monitor,Electronics,Punjab,5,45000,0.02156229282599123,220148.48411415197
2025-01-11 04:06:34.638927784,Customer_49,Laptop,Electronics,KPK,5,150000,0.23414140291450153,574393.9478141239
2025-01-11 07:36:51.562312464,Customer_783,Mouse,Accessories,Balochistan,2,3000,0.09454908738205475,5432.705475707672
2025-01-11 11:07:08.485697140,Customer_467,Keyboard,Accessories,KPK,3,5000,0.14410138786340834,12838.479182048875
2025-01-11 14:37:25.409081816,Customer_585,Smartphone,Electronics,Sindh,5,90000,0.198000781532549,360899.648310353
2025-01-11 18:07:42.332466492,Customer_708,Monitor,Electronics,KPK,1,45000,0.08107841596889515,41351.47128139972
2025-01-11 21:37:59.255851172,Customer_911,Tablet,Electronics,KPK,2,60000,0.1790411345444028,98515.06385467167
2025-01-12 01:08:16.179235848,Customer_179,Smartphone,Electronics,Punjab,4,90000,0.03385471245445701,347812.30351639545
2025-01-12 04:38:33.102620524,Customer_48,Monitor,Electronics,KPK,4,45000,0.07282343680137632,166891.78137575227
2025-01-12 08:08:50.026005200,Customer_72,Tablet,Electronics,Islamabad,1,60000,0.03617765903412998,57829.3404579522
2025-01-12 11:39:06.949389880,Customer_113,Smartphone,Electronics,Islamabad,5,90000,0.20280763960033946,358736.5621798473
2025-01-12 15:09:23.872774556,Customer_757,Monitor,Electronics,Balochistan,2,45000,0.05566230880669634,84990.39220739734
2025-01-12 18:39:40.796159232,Customer_897,Smartphone,Electronics,Sindh,1,90000,0.17935088885130257,73858.42000338277
2025-01-12 22:09:57.719543908,Customer_903,Smartphone,Electronics,Sindh,5,90000,0.23582459931141314,343878.93030986405
2025-01-13 01:40:14.642928588,Customer_821,Tablet,Electronics,Punjab,2,60000,0.13194305226721925,104166.83372793368
2025-01-13 05:10:31.566313264,Customer_159,Smartphone,Electronics,Sindh,4,90000,0.13500729806517192,311397.3726965381
2025-01-13 08:40:48.489697940,Customer_786,Smartphone,Electronics,Balochistan,2,90000,0.11525839202445301,159253.48943559846
2025-01-13 12:11:05.413082616,Customer_780,Tablet,Electronics,Islamabad,3,60000,0.08147253584841069,165334.94354728606
2025-01-13 15:41:22.336467292,Customer_816,Keyboard,Accessories,Punjab,2,5000,0.11891375773122928,8810.862422687707
2025-01-13 19:11:39.259851972,Customer_30,Laptop,Electronics,Islamabad,3,150000,0.15070188306668986,382184.1526199896
2025-01-13 22:41:56.183236648,Customer_97,Smartwatch,Wearables,Balochistan,2,25000,0.24649789304266484,37675.10534786675
2025-01-14 02:12:13.106621324,Customer_251,Headphones,Accessories,Punjab,3,8000,0.23444113982955606,18373.412644090655
2025-01-14 05:42:30.030006000,Customer_519,Mouse,Accessories,KPK,4,3000,0.21553823957328044,9413.541125120635
2025-01-14 09:12:46.953390680,Customer_92,Headphones,Accessories,Sindh,5,8000,0.22228263392621458,31108.694642951414
2025-01-14 12:43:03.876775356,Customer_113,Headphones,Accessories,Balochistan,3,8000,0.11696229582301074,21192.90490024774
2025-01-14 16:13:20.800160032,Customer_259,Monitor,Electronics,Punjab,3,45000,0.1643610817943662,112811.25395776056
2025-01-14 19:43:37.723544708,Customer_107,Laptop,Electronics,Islamabad,4,150000,0.22376668073405354,465739.9915595679
2025-01-14 23:13:54.646929388,Customer_575,Monitor,Electronics,Punjab,3,45000,0.09823769124783827,121737.91168154184
2025-01-15 02:44:11.570314064,Customer_390,Laptop,Electronics,KPK,1,150000,0.2404406195863672,113933.90706204492
2025-01-15 06:14:28.493698740,Customer_991,Tablet,Electronics,Balochistan,4,60000,0.10394651551729575,215052.83627584903
2025-01-15 09:44:45.417083416,Customer_358,Tablet,Electronics,Punjab,1,60000,0.1502706663483039,50983.76001910177
2025-01-15 13:15:02.340468096,Customer_783,Smartwatch,Wearables,Balochistan,4,25000,0.17745117831809298,82254.8821681907
2025-01-15 16:45:19.263852772,Customer_199,Laptop,Electronics,Balochistan,3,150000,0.23764800326898458,343058.3985289569
2025-01-15 20:15:36.187237448,Customer_427,Smartphone,Electronics,Islamabad,1,90000,0.06115406851306651,84496.13383382402
2025-01-15 23:45:53.110622124,Customer_478,Keyboard,Accessories,Sindh,3,5000,0.18653274455966057,12202.008831605091
2025-01-16 03:16:10.034006800,Customer_859,Smartwatch,Wearables,KPK,4,25000,0.13020389653602055,86979.61034639794
2025-01-16 06:46:26.957391480,Customer_849,Smartwatch,Wearables,Punjab,3,25000,0.06713928515516027,69964.55361336298
2025-01-16 10:16:43.880776156,Customer_503,Smartphone,Electronics,Sindh,1,90000,0.19415170994909764,72526.34610458121
2025-01-16 13:47:00.804160832,Customer_658,Keyboard,Accessories,Islamabad,1,5000,0.13805557004346164,4309.722149782692
2025-01-16 17:17:17.727545508,Customer_918,Monitor,Electronics,Sindh,3,45000,0.16524345516241895,112692.13355307345
2025-01-16 20:47:34.650930188,Customer_573,Keyboard,Accessories,Balochistan,2,5000,0.08072526714447525,9192.747328555248
2025-01-17 00:17:51.574314864,Customer_120,Monitor,Electronics,Balochistan,4,45000,0.12031848795690125,158342.6721677578
2025-01-17 03:48:08.497699540,Customer_573,Tablet,Electronics,KPK,4,60000,0.15433856274701677,202958.744940716
2025-01-17 07:18:25.421084216,Customer_309,Headphones,Accessories,Punjab,3,8000,0.101227703567461,21570.535114380935
2025-01-17 10:48:42.344468896,Customer_538,Tablet,Electronics,Punjab,2,60000,0.04959313496192533,114048.82380456896
2025-01-17 14:18:59.267853572,Customer_627,Tablet,Electronics,Islamabad,1,60000,0.240410123078826,45575.39261527044
2025-01-17 17:49:16.191238248,Customer_475,Headphones,Accessories,KPK,5,8000,0.12786688501065435,34885.324599573825
2025-01-17 21:19:33.114622924,Customer_552,Keyboard,Accessories,Punjab,5,5000,0.18348009257192513,20412.997685701874
2025-01-18 00:49:50.038007600,Customer_344,Smartwatch,Wearables,Balochistan,3,25000,0.10276179838901453,67292.8651208239
2025-01-18 04:20:06.961392280,Customer_628,Keyboard,Accessories,KPK,2,5000,0.08878294100642908,9112.17058993571
2025-01-18 07:50:23.884776956,Customer_136,Monitor,Electronics,Sindh,2,45000,0.10179107461678125,80838.80328448968
2025-01-18 11:20:40.808161632,Customer_277,Smartphone,Electronics,KPK,4,90000,0.10229916094641245,323172.3020592915
2025-01-18 14:50:57.731546308,Customer_989,Monitor,Electronics,KPK,1,45000,0.1360450289854884,38877.97369565302
2025-01-18 18:21:14.654930988,Customer_811,Smartphone,Electronics,Punjab,2,90000,0.1358674674953408,155543.85585083865
2025-01-18 21:51:31.578315664,Customer_533,Tablet,Electronics,Islamabad,5,60000,0.12428845397071792,262713.46380878467
2025-01-19 01:21:48.501700340,Customer_899,Headphones,Accessories,Islamabad,1,8000,0.03369644622935952,7730.428430165124
2025-01-19 04:52:05.425085016,Customer_31,Tablet,Electronics,Punjab,1,60000,0.12401886962513278,52558.86782249204
2025-01-19 08:22:22.348469696,Customer_247,Laptop,Electronics,Punjab,3,150000,0.04227597510516287,430975.8112026767
2025-01-19 11:52:39.271854372,Customer_411,Keyboard,Accessories,Punjab,2,5000,0.03153394657394129,9684.660534260587
2025-01-19 15:22:56.195239048,Customer_27,Smartphone,Electronics,Islamabad,3,90000,0.23316142933529194,207046.41407947117
2025-01-19 18:53:13.118623724,Customer_73,Monitor,Electronics,Punjab,2,45000,0.15123750328692606,76388.62470417665
2025-01-19 22:23:30.042008404,Customer_953,Headphones,Accessories,Sindh,4,8000,0.16487251453114607,26724.079535003326
2025-01-20 01:53:46.965393080,Customer_97,Smartphone,Electronics,Sindh,3,90000,0.10044841758334094,242878.92725249796
2025-01-20 05:24:03.888777756,Customer_673,Monitor,Electronics,Balochistan,3,45000,0.22724522297871605,104321.89489787332
2025-01-20 08:54:20.812162432,Customer_346,Keyboard,Accessories,Sindh,5,5000,0.15948262239491637,21012.93444012709
2025-01-20 12:24:37.735547108,Customer_476,Tablet,Electronics,KPK,3,60000,0.19229246738089686,145387.35587143857
2025-01-20 15:54:54.658931788,Customer_300,Keyboard,Accessories,Balochistan,2,5000,0.09214061725692846,9078.593827430715
2025-01-20 19:25:11.582316464,Customer_299,Mouse,Accessories,Sindh,5,3000,0.24000297020478137,11399.95544692828
2025-01-20 22:55:28.505701140,Customer_287,Laptop,Electronics,KPK,3,150000,0.20511532253957876,357698.1048571896
2025-01-21 02:25:45.429085816,Customer_885,Mouse,Accessories,Sindh,3,3000,0.2134871157536359,7078.615958217277
2025-01-21 05:56:02.352470496,Customer_449,Headphones,Accessories,KPK,4,8000,0.04304856685643857,30622.445860593965
2025-01-21 09:26:19.275855172,Customer_212,Smartphone,Electronics,Punjab,3,90000,0.06774080196780488,251709.9834686927
2025-01-21 12:56:36.199239848,Customer_76,Headphones,Accessories,KPK,1,8000,0.07140664992089427,7428.746800632845
2025-01-21 16:26:53.122624524,Customer_401,Tablet,Electronics,Punjab,5,60000,0.06772730581171779,279681.8082564846
2025-01-21 19:57:10.046009204,Customer_655,Monitor,Electronics,KPK,1,45000,0.21385204052607198,35376.65817632676
2025-01-21 23:27:26.969393880,Customer_34,Keyboard,Accessories,KPK,5,5000,0.007971198802148027,24800.7200299463
2025-01-22 02:57:43.892778556,Customer_498,Mouse,Accessories,Sindh,4,3000,0.019024997245193576,11771.700033057678
2025-01-22 06:28:00.816163232,Customer_848,Smartwatch,Wearables,KPK,3,25000,0.06847871765747593,69864.09617568931
2025-01-22 09:58:17.739547912,Customer_516,Mouse,Accessories,Sindh,3,3000,0.04996824366236091,8550.285807038752
2025-01-22 13:28:34.662932588,Customer_328,Tablet,Electronics,KPK,3,60000,0.05796490347071209,169566.3173752718
2025-01-22 16:58:51.586317264,Customer_98,Mouse,Accessories,Islamabad,5,3000,0.199485797313325,12007.713040300125
2025-01-22 20:29:08.509701940,Customer_366,Tablet,Electronics,Balochistan,3,60000,0.14078164847301172,154659.30327485787
2025-01-22 23:59:25.433086616,Customer_729,Smartwatch,Wearables,Sindh,1,25000,0.0014426653232419984,24963.93336691895
2025-01-23 03:29:42.356471296,Customer_463,Headphones,Accessories,Sindh,3,8000,0.10733069142604881,21424.06340577483
2025-01-23 06:59:59.279855972,Customer_28,Keyboard,Accessories,Punjab,4,5000,0.10197123171258973,17960.575365748206
2025-01-23 10:30:16.203240648,Customer_713,Smartphone,Electronics,Islamabad,1,90000,0.028486317361135882,87436.23143749777
2025-01-23 14:00:33.126625324,Customer_386,Monitor,Electronics,Punjab,3,45000,0.16903544715036428,112180.21463470081
2025-01-23 17:30:50.050010004,Customer_273,Smartphone,Electronics,Islamabad,3,90000,0.17552429709487277,222608.43978438436
2025-01-23 21:01:06.973394680,Customer_826,Headphones,Accessories,Islamabad,2,8000,0.18022330476302442,13116.42712379161
2025-01-24 00:31:23.896779356,Customer_127,Monitor,Electronics,KPK,5,45000,0.182117736389648,184023.5093123292
2025-01-24 04:01:40.820164032,Customer_202,Mouse,Accessories,Punjab,1,3000,1.3206733074200283e-05,2999.9603798007774
2025-01-24 07:31:57.743548712,Customer_521,Smartwatch,Wearables,Balochistan,2,25000,0.23848020096168054,38075.98995191597
2025-01-24 11:02:14.666933388,Customer_287,Smartwatch,Wearables,Islamabad,4,25000,0.20355219176366576,79644.78082363342
2025-01-24 14:32:31.590318064,Customer_450,Laptop,Electronics,Islamabad,5,150000,0.22599542414732132,580503.431889509
2025-01-24 18:02:48.513702740,Customer_88,Headphones,Accessories,Sindh,1,8000,0.003910823826858534,7968.713409385131
2025-01-24 21:33:05.437087416,Customer_318,Headphones,Accessories,KPK,3,8000,0.23346469894643485,18396.847225285564
2025-01-25 01:03:22.360472096,Customer_19,Keyboard,Accessories,Balochistan,1,5000,0.20244713217202617,3987.764339139869
2025-01-25 04:33:39.283856772,Customer_593,Smartphone,Electronics,Islamabad,3,90000,0.20930478573967465,213487.70785028787
2025-01-25 08:03:56.207241448,Customer_107,Headphones,Accessories,Sindh,5,8000,0.02332184618049213,39067.126152780314
2025-01-25 11:34:13.130626124,Customer_458,Headphones,Accessories,Punjab,3,8000,0.18469450722964942,19567.331826488415
2025-01-25 15:04:30.054010804,Customer_311,Mouse,Accessories,Islamabad,4,3000,0.23997917241052275,9120.249931073728
2025-01-25 18:34:46.977395480,Customer_412,Mouse,Accessories,Sindh,3,3000,0.16963683535454016,7473.268481809139
2025-01-25 22:05:03.900780156,Customer_742,Monitor,Electronics,Punjab,4,45000,0.14264035115615162,154324.7367918927
2025-01-26 01:35:20.824164832,Customer_624,Tablet,Electronics,KPK,5,60000,0.23640741943724924,229077.77416882524
2025-01-26 05:05:37.747549512,Customer_732,Tablet,Electronics,Punjab,5,60000,0.110734280433609,266779.7158699173
2025-01-26 08:35:54.670934188,Customer_635,Laptop,Electronics,Islamabad,1,150000,0.14982339157761967,127526.49126335705
2025-01-26 12:06:11.594318864,Customer_498,Tablet,Electronics,Balochistan,4,60000,0.11908457337359155,211419.70239033803
2025-01-26 15:36:28.517703540,Customer_244,Keyboard,Accessories,Punjab,4,5000,0.2332115553400748,15335.768893198505
2025-01-26 19:06:45.441088220,Customer_690,Laptop,Electronics,Balochistan,2,150000,0.019021181691376815,294293.64549258695
2025-01-26 22:37:02.364472896,Customer_577,Monitor,Electronics,Balochistan,2,45000,0.12527992520633704,78724.80673142966
2025-01-27 02:07:19.287857572,Customer_380,Mouse,Accessories,Punjab,2,3000,0.17173811034635958,4969.571337921842
2025-01-27 05:37:36.211242248,Customer_515,Tablet,Electronics,KPK,3,60000,0.19797663460555923,144364.20577099934
2025-01-27 09:07:53.134626924,Customer_207,Smartphone,Electronics,Punjab,2,90000,0.14575466186103408,153764.16086501387
2025-01-27 12:38:10.058011604,Customer_948,Mouse,Accessories,Sindh,4,3000,0.2272294360303635,9273.246767635637
2025-01-27 16:08:26.981396280,Customer_394,Smartwatch,Wearables,Balochistan,3,25000,0.23549786172096793,57337.6603709274
2025-01-27 19:38:43.904780956,Customer_21,Keyboard,Accessories,Islamabad,5,5000,0.01607980579839588,24598.004855040104
2025-01-27 23:09:00.828165632,Customer_805,Mouse,Accessories,Balochistan,1,3000,0.10059263488534359,2698.222095343969
2025-01-28 02:39:17.751550312,Customer_527,Keyboard,Accessories,Islamabad,2,5000,0.00586475543028861,9941.352445697114
2025-01-28 06:09:34.674934988,Customer_343,Keyboard,Accessories,Sindh,5,5000,0.08235416434361073,22941.14589140973
2025-01-28 09:39:51.598319664,Customer_718,Keyboard,Accessories,Sindh,4,5000,0.13421705449265053,17315.65891014699
2025-01-28 13:10:08.521704340,Customer_975,Monitor,Electronics,Sindh,1,45000,0.22769873262748722,34753.55703176308
2025-01-28 16:40:25.445089020,Customer_202,Keyboard,Accessories,Punjab,5,5000,0.2116385806163507,19709.03548459123
2025-01-28 20:10:42.368473696,Customer_120,Keyboard,Accessories,Balochistan,1,5000,0.03187493166799643,4840.6253416600175
2025-01-28 23:40:59.291858372,Customer_649,Smartwatch,Wearables,Islamabad,2,25000,0.023257593685223926,48837.1203157388
2025-01-29 03:11:16.215243048,Customer_812,Smartphone,Electronics,Sindh,4,90000,0.14731683468916676,306965.93951189995
2025-01-29 06:41:33.138627724,Customer_807,Laptop,Electronics,Sindh,1,150000,0.13302949311469567,130045.57603279565
2025-01-29 10:11:50.062012404,Customer_389,Headphones,Accessories,Islamabad,5,8000,0.06659441035750596,37336.22358569976
2025-01-29 13:42:06.985397080,Customer_537,Smartwatch,Wearables,Balochistan,2,25000,0.2248632711384588,38756.83644307706
2025-01-29 17:12:23.908781756,Customer_824,Laptop,Electronics,Balochistan,2,150000,0.23184160236538837,230447.51929038347
2025-01-29 20:42:40.832166432,Customer_234,Keyboard,Accessories,Islamabad,5,5000,0.10065285958504067,22483.678510373982
2025-01-30 00:12:57.755551112,Customer_633,Smartphone,Electronics,KPK,5,90000,0.22257563927838006,349840.96232472896
2025-01-30 03:43:14.678935788,Customer_602,Mouse,Accessories,Balochistan,1,3000,0.09598722356574316,2712.0383293027703
2025-01-30 07:13:31.602320464,Customer_320,Smartphone,Electronics,Islamabad,3,90000,0.18420420795742504,220264.86385149523
2025-01-30 10:43:48.525705140,Customer_712,Smartwatch,Wearables,Islamabad,2,25000,0.11898555438693104,44050.72228065345
2025-01-30 14:14:05.449089820,Customer_982,Keyboard,Accessories,Sindh,1,5000,0.030645789126795747,4846.771054366021
2025-01-30 17:44:22.372474496,Customer_180,Smartphone,Electronics,Islamabad,5,90000,0.23198355030925538,345607.4023608351
2025-01-30 21:14:39.295859172,Customer_857,Tablet,Electronics,Punjab,1,60000,0.11352414834438415,53188.551099336946
2025-01-31 00:44:56.219243848,Customer_368,Smartphone,Electronics,Sindh,5,90000,0.1836217600806009,367370.20796372957
2025-01-31 04:15:13.142628528,Customer_76,Keyboard,Accessories,Sindh,4,5000,0.09179345360782304,18164.130927843536
2025-01-31 07:45:30.066013204,Customer_649,Monitor,Electronics,Balochistan,5,45000,0.004720219644058665,223937.9505800868
2025-01-31 11:15:46.989397880,Customer_650,Tablet,Electronics,KPK,5,60000,0.025132589672958977,292460.2230981123
2025-01-31 14:46:03.912782556,Customer_496,Smartphone,Electronics,Balochistan,5,90000,0.1240548698724811,394175.30855738354
2025-01-31 18:16:20.836167232,Customer_522,Headphones,Accessories,Punjab,3,8000,0.1724910892815906,19860.213857241826
2025-01-31 21:46:37.759551912,Customer_201,Headphones,Accessories,Sindh,5,8000,0.08368383164481977,36652.646734207214
2025-02-01 01:16:54.682936588,Customer_830,Smartphone,Electronics,Sindh,2,90000,0.17387211479441259,148703.01933700574
2025-02-01 04:47:11.606321264,Customer_346,Monitor,Electronics,Islamabad,2,45000,0.174658897357989,74280.699237781
2025-02-01 08:17:28.529705940,Customer_483,Mouse,Accessories,KPK,1,3000,0.1759839768319577,2472.0480695041265
2025-02-01 11:47:45.453090620,Customer_219,Keyboard,Accessories,KPK,3,5000,0.1231304635051271,13153.043047423093
2025-02-01 15:18:02.376475296,Customer_60,Headphones,Accessories,Islamabad,1,8000,0.228721537530376,6170.2276997569925
2025-02-01 18:48:19.299859972,Customer_991,Mouse,Accessories,Punjab,2,3000,0.1222991294951539,5266.2052230290765
2025-02-01 22:18:36.223244648,Customer_659,Smartphone,Electronics,KPK,2,90000,0.11256629837415955,159738.0662926513
2025-02-02 01:48:53.146629328,Customer_619,Smartwatch,Wearables,Sindh,4,25000,0.04984520475265675,95015.47952473433
2025-02-02 05:19:10.070014004,Customer_550,Mouse,Accessories,Punjab,5,3000,0.07691377183908413,13846.293422413739
2025-02-02 08:49:26.993398680,Customer_646,Tablet,Electronics,Balochistan,2,60000,0.010583623129575837,118729.9652244509
2025-02-02 12:19:43.916783356,Customer_911,Laptop,Electronics,Balochistan,1,150000,0.15838382340404256,126242.42648939362
2025-02-02 15:50:00.840168036,Customer_221,Headphones,Accessories,Punjab,1,8000,0.06213393598177322,7502.928512145814
2025-02-02 19:20:17.763552712,Customer_815,Smartphone,Electronics,Sindh,5,90000,0.07603881362136627,415782.53387038514
2025-02-02 22:50:34.686937388,Customer_941,Smartwatch,Wearables,Balochistan,5,25000,0.1927036304160803,100912.04619798997
2025-02-03 02:20:51.610322064,Customer_502,Keyboard,Accessories,Sindh,4,5000,0.08180529579036347,18363.894084192732
2025-02-03 05:51:08.533706740,Customer_133,Smartwatch,Wearables,Islamabad,3,25000,0.060548973003285544,70458.82702475358
2025-02-03 09:21:25.457091420,Customer_846,Monitor,Electronics,KPK,1,45000,0.04226443728342644,43098.10032224581
2025-02-03 12:51:42.380476096,Customer_53,Tablet,Electronics,Punjab,5,60000,0.19371460054548897,241885.61983635332
2025-02-03 16:21:59.303860772,Customer_450,Smartphone,Electronics,KPK,1,90000,0.03242656449750672,87081.6091952244
2025-02-03 19:52:16.227245448,Customer_62,Keyboard,Accessories,Islamabad,5,5000,0.11343844006258838,22164.03899843529
2025-02-03 23:22:33.150630128,Customer_23,Monitor,Electronics,Balochistan,2,45000,0.1267325290192986,78594.07238826311
2025-02-04 02:52:50.074014804,Customer_44,Monitor,Electronics,Sindh,1,45000,0.17184747817142865,37266.86348228571
2025-02-04 06:23:06.997399480,Customer_820,Smartphone,Electronics,Sindh,2,90000,0.15832087058324887,151502.2432950152
2025-02-04 09:53:23.920784156,Customer_558,Tablet,Electronics,Islamabad,1,60000,0.2026801682362937,47839.18990582237
2025-02-04 13:23:40.844168836,Customer_659,Mouse,Accessories,Punjab,3,3000,0.011187858481559537,8899.309273665964
2025-02-04 16:53:57.767553512,Customer_728,Mouse,Accessories,KPK,4,3000,0.0741101811948493,11110.677825661809
2025-02-04 20:24:14.690938188,Customer_852,Monitor,Electronics,Balochistan,2,45000,0.07003352969384494,83696.98232755395
2025-02-04 23:54:31.614322864,Customer_47,Mouse,Accessories,Punjab,5,3000,0.036504226398027056,14452.436604029594
2025-02-05 03:24:48.537707540,Customer_859,Laptop,Electronics,Islamabad,3,150000,0.07229456346411078,417467.44644115015
2025-02-05 06:55:05.461092220,Customer_820,Monitor,Electronics,Islamabad,1,45000,0.07744132853572586,41515.14021589234
2025-02-05 10:25:22.384476896,Customer_24,Monitor,Electronics,Sindh,2,45000,0.13047111548186957,78257.59960663173
2025-02-05 13:55:39.307861572,Customer_657,Keyboard,Accessories,Balochistan,1,5000,0.16592611973156401,4170.36940134218
2025-02-05 17:25:56.231246248,Customer_89,Mouse,Accessories,Punjab,1,3000,0.09527512840295352,2714.1746147911394
2025-02-05 20:56:13.154630928,Customer_174,Tablet,Electronics,Sindh,1,60000,0.1798675578283453,49207.94653029928
2025-02-06 00:26:30.078015604,Customer_576,Monitor,Electronics,Balochistan,4,45000,0.084041334644895,164872.55976391892
2025-02-06 03:56:47.001400280,Customer_119,Smartwatch,Wearables,KPK,4,25000,0.07257091932869009,92742.908067131
2025-02-06 07:27:03.924784956,Customer_735,Tablet,Electronics,KPK,5,60000,0.13529701396425609,259410.8958107232
2025-02-06 10:57:20.848169636,Customer_668,Laptop,Electronics,Sindh,2,150000,0.005929090076447652,298221.2729770657
2025-02-06 14:27:37.771554312,Customer_178,Keyboard,Accessories,Punjab,3,5000,0.019947280908500092,14700.7907863725
2025-02-06 17:57:54.694938988,Customer_832,Smartphone,Electronics,Balochistan,3,90000,0.10449238589663176,241787.0558079094
2025-02-06 21:28:11.618323664,Customer_924,Tablet,Electronics,KPK,3,60000,0.23572817784793912,137568.92798737096
2025-02-07 00:58:28.541708344,Customer_342,Monitor,Electronics,KPK,1,45000,0.1803779449608559,36882.99247676149
2025-02-07 04:28:45.465093020,Customer_568,Laptop,Electronics,Punjab,4,150000,0.022031642375139437,586781.0145749163
2025-02-07 07:59:02.388477696,Customer_59,Headphones,Accessories,Sindh,2,8000,0.21157950319521843,12614.727948876505
2025-02-07 11:29:19.311862372,Customer_901,Laptop,Electronics,Islamabad,1,150000,0.18307519265204525,122538.7211021932
2025-02-07 14:59:36.235247048,Customer_438,Laptop,Electronics,Balochistan,4,150000,0.1527366314256633,508358.02114460204
2025-02-07 18:29:53.158631728,Customer_428,Keyboard,Accessories,KPK,4,5000,0.20507324015229433,15898.535196954113
2025-02-07 22:00:10.082016404,Customer_426,Smartphone,Electronics,Islamabad,2,90000,0.10102746193573928,161815.05685156691
2025-02-08 01:30:27.005401080,Customer_968,Headphones,Accessories,Punjab,2,8000,0.055375262713463186,15113.99579658459
2025-02-08 05:00:43.928785756,Customer_381,Mouse,Accessories,Sindh,2,3000,0.12800584727718983,5231.96491633686
2025-02-08 08:31:00.852170436,Customer_486,Mouse,Accessories,Balochistan,1,3000,0.13721043889836845,2588.3686833048946
2025-02-08 12:01:17.775555112,Customer_732,Tablet,Electronics,Punjab,5,60000,0.13458159300247802,259625.52209925657
2025-02-08 15:31:34.698939788,Customer_185,Laptop,Electronics,Sindh,2,150000,0.14126844787002632,257619.4656389921
2025-02-08 19:01:51.622324464,Customer_559,Smartwatch,Wearables,Punjab,5,25000,0.2371762295597952,95352.9713050256
2025-02-08 22:32:08.545709144,Customer_460,Keyboard,Accessories,KPK,1,5000,0.22556140577405784,3872.192971129711
2025-02-09 02:02:25.469093820,Customer_889,Smartwatch,Wearables,KPK,5,25000,0.21892925913973485,97633.84260753315
2025-02-09 05:32:42.392478496,Customer_921,Keyboard,Accessories,Islamabad,3,5000,0.2003542027271568,11994.686959092649
2025-02-09 09:02:59.315863172,Customer_102,Mouse,Accessories,Punjab,5,3000,0.23585702681632134,11462.14459775518
2025-02-09 12:33:16.239247852,Customer_556,Tablet,Electronics,KPK,2,60000,0.024623660419850812,117045.16074961789
2025-02-09 16:03:33.162632528,Customer_15,Tablet,Electronics,Sindh,1,60000,0.06628081536143487,56023.1510783139
2025-02-09 19:33:50.086017204,Customer_748,Tablet,Electronics,Islamabad,2,60000,0.12376398641364622,105148.32163036246
2025-02-09 23:04:07.009401880,Customer_873,Headphones,Accessories,Balochistan,3,8000,0.2116336232808513,18920.793041259567
2025-02-10 02:34:23.932786556,Customer_51,Smartphone,Electronics,Punjab,2,90000,0.12629142788068312,157267.54298147705
2025-02-10 06:04:40.856171236,Customer_309,Headphones,Accessories,KPK,2,8000,0.18700868483539718,13007.861042633645
2025-02-10 09:34:57.779555912,Customer_34,Monitor,Electronics,Sindh,2,45000,0.034739976312229054,86873.40213189939
2025-02-10 13:05:14.702940588,Customer_636,Monitor,Electronics,Punjab,4,45000,0.06310345324414005,168641.3784160548
2025-02-10 16:35:31.626325264,Customer_589,Smartwatch,Wearables,Sindh,3,25000,0.1829440237594181,61279.198218043646
2025-02-10 20:05:48.549709944,Customer_904,Smartphone,Electronics,Islamabad,2,90000,0.04118350222193101,172586.96960005243
2025-02-10 23:36:05.473094620,Customer_635,Mouse,Accessories,KPK,2,3000,0.08783898366373169,5472.96609801761
2025-02-11 03:06:22.396479296,Customer_205,Smartphone,Electronics,KPK,2,90000,0.06621656445339286,168081.01839838928
2025-02-11 06:36:39.319863972,Customer_740,Keyboard,Accessories,Islamabad,1,5000,0.08746542355561962,4562.672882221902
2025-02-11 10:06:56.243248652,Customer_70,Monitor,Electronics,Sindh,4,45000,0.17708101226949258,148125.41779149135
2025-02-11 13:37:13.166633328,Customer_230,Laptop,Electronics,Punjab,1,150000,0.09196179528570025,136205.73070714498
2025-02-11 17:07:30.090018004,Customer_480,Laptop,Electronics,Sindh,4,150000,0.13881583065198505,516710.50160880893
2025-02-11 20:37:47.013402680,Customer_533,Mouse,Accessories,Punjab,2,3000,0.02498296926360241,5850.102184418385
2025-02-12 00:08:03.936787356,Customer_108,Keyboard,Accessories,Islamabad,3,5000,0.20125442330865695,11981.183650370145
2025-02-12 03:38:20.860172036,Customer_876,Smartwatch,Wearables,Balochistan,5,25000,0.09247215641203121,113440.98044849609
2025-02-12 07:08:37.783556712,Customer_241,Headphones,Accessories,Punjab,5,8000,0.1621335397583356,33514.658409666576
2025-02-12 10:38:54.706941388,Customer_251,Keyboard,Accessories,KPK,2,5000,0.18134740041545816,8186.525995845418
2025-02-12 14:09:11.630326064,Customer_135,Laptop,Electronics,KPK,1,150000,0.0524152305279251,142137.71542081123
2025-02-12 17:39:28.553710744,Customer_90,Laptop,Electronics,KPK,3,150000,0.2211687462383375,350474.0641927481
2025-02-12 21:09:45.477095420,Customer_591,Smartwatch,Wearables,Sindh,4,25000,0.15405606290173823,84594.39370982618
2025-02-13 00:40:02.400480096,Customer_440,Monitor,Electronics,Sindh,2,45000,0.10718128543787037,80353.68431059166
2025-02-13 04:10:19.323864772,Customer_689,Keyboard,Accessories,Sindh,3,5000,0.045583795894554885,14316.243061581677
2025-02-13 07:40:36.247249452,Customer_298,Keyboard,Accessories,KPK,3,5000,0.23557523447530168,11466.371482870474
2025-02-13 11:10:53.170634128,Customer_407,Laptop,Electronics,Punjab,4,150000,0.18876705103290628,486739.76938025624
2025-02-13 14:41:10.094018804,Customer_308,Headphones,Accessories,KPK,3,8000,0.05200614068331222,22751.852623600505
2025-02-13 18:11:27.017403480,Customer_102,Mouse,Accessories,Punjab,1,3000,0.08442769368105613,2746.7169189568313
2025-02-13 21:41:43.940788160,Customer_361,Tablet,Electronics,Sindh,1,60000,0.2024185645220183,47854.886128678896
2025-02-14 01:12:00.864172836,Customer_847,Mouse,Accessories,Balochistan,1,3000,0.17391941580383474,2478.2417525884957
2025-02-14 04:42:17.787557512,Customer_624,Keyboard,Accessories,Sindh,3,5000,0.1914460731789311,12128.308902316034
2025-02-14 08:12:34.710942188,Customer_693,Mouse,Accessories,Islamabad,1,3000,0.1103002755532331,2669.0991733403007
2025-02-14 11:42:51.634326864,Customer_616,Laptop,Electronics,Punjab,4,150000,0.17911906566054173,492528.56060367497
2025-02-14 15:13:08.557711544,Customer_528,Laptop,Electronics,Balochistan,3,150000,0.09662343071597843,406519.4561778097
2025-02-14 18:43:25.481096220,Customer_608,Smartwatch,Wearables,Sindh,5,25000,0.05281572923454911,118398.03384568136
2025-02-14 22:13:42.404480896,Customer_293,Keyboard,Accessories,Balochistan,3,5000,0.15816925871034,12627.4611193449
2025-02-15 01:43:59.327865572,Customer_146,Smartwatch,Wearables,KPK,4,25000,0.24400348139969855,75599.65186003015
2025-02-15 05:14:16.251250252,Customer_404,Keyboard,Accessories,Punjab,5,5000,0.0776502428488324,23058.74392877919
2025-02-15 08:44:33.174634928,Customer_814,Tablet,Electronics,Islamabad,3,60000,0.11524239805313491,159256.36835043572
2025-02-15 12:14:50.098019604,Customer_2,Tablet,Electronics,KPK,1,60000,0.1685003427674634,49889.9794339522
2025-02-15 15:45:07.021404280,Customer_119,Monitor,Electronics,Balochistan,2,45000,0.13537657053062196,77816.10865224402
2025-02-15 19:15:23.944788960,Customer_855,Keyboard,Accessories,Sindh,2,5000,0.2108569489272623,7891.430510727378
2025-02-15 22:45:40.868173636,Customer_606,Headphones,Accessories,Punjab,1,8000,0.19043567661737898,6476.514587060969
2025-02-16 02:15:57.791558312,Customer_191,Mouse,Accessories,Islamabad,2,3000,0.01457430096558926,5912.554194206465
2025-02-16 05:46:14.714942988,Customer_3,Keyboard,Accessories,Sindh,2,5000,0.2496053084809435,7503.946915190565
2025-02-16 09:16:31.638327664,Customer_942,Smartphone,Electronics,Islamabad,1,90000,0.1881006134298668,73070.94479131198
2025-02-16 12:46:48.561712344,Customer_487,Monitor,Electronics,Punjab,1,45000,0.2159758290735283,35281.087691691224
2025-02-16 16:17:05.485097020,Customer_623,Smartphone,Electronics,Balochistan,3,90000,0.1627994280238366,226044.1544335641
2025-02-16 19:47:22.408481696,Customer_177,Laptop,Electronics,Islamabad,3,150000,0.21407128201169057,353667.92309473926
2025-02-16 23:17:39.331866372,Customer_257,Tablet,Electronics,Punjab,1,60000,0.028095743732177353,58314.255376069355
2025-02-17 02:47:56.255251052,Customer_873,Mouse,Accessories,Islamabad,4,3000,0.0869344588898289,10956.786493322054
2025-02-17 06:18:13.178635728,Customer_534,Keyboard,Accessories,Sindh,2,5000,0.21910523590112319,7808.947640988768
2025-02-17 09:48:30.102020404,Customer_477,Smartphone,Electronics,Islamabad,3,90000,0.05041380281672306,256388.27323948478
2025-02-17 13:18:47.025405080,Customer_398,Mouse,Accessories,Sindh,2,3000,0.019560524645005684,5882.6368521299655
2025-02-17 16:49:03.948789760,Customer_496,Laptop,Electronics,Sindh,5,150000,0.19702973498630474,602227.6987602714
2025-02-17 20:19:20.872174436,Customer_220,Tablet,Electronics,Punjab,1,60000,0.20887153891082405,47467.70766535056
2025-02-17 23:49:37.795559112,Customer_981,Headphones,Accessories,KPK,4,8000,0.04066305454747515,30698.782254480797
2025-02-18 03:19:54.718943788,Customer_173,Monitor,Electronics,Islamabad,5,45000,0.21358649569567886,176943.03846847225
2025-02-18 06:50:11.642328468,Customer_736,Mouse,Accessories,Balochistan,5,3000,0.1716919488992924,12424.620766510614
2025-02-18 10:20:28.565713144,Customer_390,Mouse,Accessories,Sindh,5,3000,0.13002067080414598,13049.68993793781
2025-02-18 13:50:45.489097820,Customer_502,Headphones,Accessories,KPK,1,8000,0.20756254819534625,6339.49961443723
2025-02-18 17:21:02.412482496,Customer_577,Mouse,Accessories,Sindh,3,3000,0.10481231232974145,8056.689189032327
2025-02-18 20:51:19.335867172,Customer_789,Laptop,Electronics,KPK,1,150000,0.0484984890558493,142725.2266416226
2025-02-19 00:21:36.259251852,Customer_761,Laptop,Electronics,KPK,3,150000,0.07121316915265341,417954.073881306
2025-02-19 03:51:53.182636528,Customer_260,Headphones,Accessories,Balochistan,5,8000,0.1262910045733287,34948.35981706685
2025-02-19 07:22:10.106021204,Customer_131,Monitor,Electronics,KPK,5,45000,0.13283269816829393,195112.64291213386
2025-02-19 10:52:27.029405880,Customer_113,Keyboard,Accessories,Balochistan,4,5000,0.2013952066103084,15972.095867793832
2025-02-19 14:22:43.952790560,Customer_798,Smartphone,Electronics,Punjab,3,90000,0.1978381809130836,216583.69115346743
2025-02-19 17:53:00.876175236,Customer_799,Keyboard,Accessories,Sindh,5,5000,0.14534163930114372,21366.459017471407
2025-02-19 21:23:17.799559912,Customer_930,Mouse,Accessories,Balochistan,2,3000,0.1951963708413691,4828.821774951785
2025-02-20 00:53:34.722944588,Customer_723,Smartphone,Electronics,Sindh,4,90000,0.047943364573417746,342740.3887535696
2025-02-20 04:23:51.646329268,Customer_20,Smartwatch,Wearables,Islamabad,1,25000,0.012516131773323586,24687.09670566691
2025-02-20 07:54:08.569713944,Customer_215,Headphones,Accessories,Punjab,4,8000,0.21840845565867503,25010.9294189224
2025-02-20 11:24:25.493098620,Customer_310,Headphones,Accessories,Islamabad,2,8000,0.018888623440692393,15697.782024948921
2025-02-20 14:54:42.416483296,Customer_251,Monitor,Electronics,Islamabad,3,45000,0.061672107435999324,126674.26549614008
2025-02-20 18:24:59.339867976,Customer_488,Smartphone,Electronics,KPK,1,90000,0.17382973740609614,74355.32363345135
2025-02-20 21:55:16.263252652,Customer_382,Laptop,Electronics,KPK,1,150000,0.10236198440682728,134645.7023389759
2025-02-21 01:25:33.186637328,Customer_409,Smartphone,Electronics,Islamabad,3,90000,0.2190784924788772,210848.80703070314
2025-02-21 04:55:50.110022008,Customer_271,Mouse,Accessories,KPK,4,3000,0.07449494866556738,11106.060616013192
2025-02-21 08:26:07.033406680,Customer_934,Laptop,Electronics,Sindh,5,150000,0.0029678366673398238,747774.1224994952
2025-02-21 11:56:23.956791360,Customer_407,Tablet,Electronics,KPK,4,60000,0.07516391014018603,221960.66156635535
2025-02-21 15:26:40.880176032,Customer_692,Tablet,Electronics,Islamabad,2,60000,0.14451876229620791,102657.74852445506
2025-02-21 18:56:57.803560712,Customer_194,Smartwatch,Wearables,KPK,5,25000,0.09398459385082333,113251.92576864708
2025-02-21 22:27:14.726945392,Customer_441,Tablet,Electronics,KPK,4,60000,0.13371818893968881,207907.63465447468
2025-02-22 01:57:31.650330064,Customer_313,Headphones,Accessories,Balochistan,3,8000,0.21914952970875468,18740.41128698989
2025-02-22 05:27:48.573714744,Customer_79,Smartphone,Electronics,Balochistan,2,90000,0.22812126355759213,138938.1725596334
2025-02-22 08:58:05.497099424,Customer_180,Tablet,Electronics,Islamabad,2,60000,0.06649351616352803,112020.77806037663
2025-02-22 12:28:22.420484096,Customer_675,Keyboard,Accessories,Sindh,2,5000,0.11553511831747518,8844.648816825247
2025-02-22 15:58:39.343868776,Customer_714,Monitor,Electronics,Punjab,5,45000,0.1372860038103628,194110.64914266838
2025-02-22 19:28:56.267253448,Customer_14,Keyboard,Accessories,Punjab,1,5000,0.23727811422206177,3813.609428889691
2025-02-22 22:59:13.190638128,Customer_859,Tablet,Electronics,Islamabad,5,60000,0.24965432979109617,225103.70106267117
2025-02-23 02:29:30.114022808,Customer_246,Smartwatch,Wearables,Sindh,4,25000,0.05885181221038166,94114.81877896184
2025-02-23 05:59:47.037407480,Customer_14,Monitor,Electronics,Sindh,1,45000,0.18174496783645386,36821.47644735958
2025-02-23 09:30:03.960792160,Customer_99,Mouse,Accessories,Sindh,4,3000,0.09450776555829879,10865.906813300415
2025-02-23 13:00:20.884176832,Customer_33,Keyboard,Accessories,Balochistan,1,5000,0.0020270492215533065,4989.864753892233
2025-02-23 16:30:37.807561512,Customer_436,Smartwatch,Wearables,Islamabad,5,25000,0.0023131306089755888,124710.85867387804
2025-02-23 20:00:54.730946192,Customer_257,Smartphone,Electronics,Punjab,2,90000,0.11514150189056394,159274.52965969848
2025-02-23 23:31:11.654330864,Customer_34,Smartphone,Electronics,Sindh,3,90000,0.12208372825108366,237037.3933722074
2025-02-24 03:01:28.577715544,Customer_19,Keyboard,Accessories,Islamabad,2,5000,0.005642424143360664,9943.575758566392
2025-02-24 06:31:45.501100224,Customer_664,Tablet,Electronics,Punjab,5,60000,0.17173185419357562,248480.4437419273
2025-02-24 10:02:02.424484896,Customer_260,Smartwatch,Wearables,Balochistan,1,25000,0.07350084714873828,23162.478821281544
2025-02-24 13:32:19.347869576,Customer_676,Smartphone,Electronics,KPK,2,90000,0.13997327538398735,154804.8104308823
2025-02-24 17:02:36.271254248,Customer_589,Mouse,Accessories,Punjab,5,3000,0.07522976829135469,13871.553475629678
2025-02-24 20:32:53.194638928,Customer_826,Laptop,Electronics,Punjab,4,150000,0.0417835787173268,574929.8527696038
2025-02-25 00:03:10.118023608,Customer_416,Tablet,Electronics,Punjab,3,60000,0.10179343464971882,161677.1817630506
2025-02-25 03:33:27.041408280,Customer_137,Smartwatch,Wearables,KPK,2,25000,0.05806834119762519,47096.582940118744
2025-02-25 07:03:43.964792960,Customer_359,Mouse,Accessories,Sindh,1,3000,0.13370024422979201,2598.899267310624
2025-02-25 10:34:00.888177632,Customer_720,Smartwatch,Wearables,KPK,4,25000,0.04970713257161999,95029.286742838
2025-02-25 14:04:17.811562312,Customer_754,Monitor,Electronics,Punjab,5,45000,0.12710149416115676,196402.16381373972
2025-02-25 17:34:34.734946992,Customer_579,Mouse,Accessories,Balochistan,3,3000,0.03934462871721689,8645.898341545048
2025-02-25 21:04:51.658331664,Customer_116,Tablet,Electronics,Punjab,1,60000,0.16774367737144624,49935.379357713224
2025-02-26 00:35:08.581716344,Customer_404,Monitor,Electronics,Balochistan,5,45000,0.18848442111035602,182591.0052501699
2025-02-26 04:05:25.505101024,Customer_202,Tablet,Electronics,Islamabad,5,60000,0.027598558562483444,291720.432431255
2025-02-26 07:35:42.428485696,Customer_376,Smartphone,Electronics,Balochistan,2,90000,0.1169506030093348,158948.89145831973
2025-02-26 11:05:59.351870376,Customer_250,Laptop,Electronics,Punjab,2,150000,0.017717925163718395,294684.6224508845
2025-02-26 14:36:16.275255048,Customer_446,Tablet,Electronics,KPK,1,60000,0.1495456113855006,51027.26331686996
2025-02-26 18:06:33.198639728,Customer_954,Tablet,Electronics,Punjab,5,60000,0.06610107448241134,280169.6776552766
2025-02-26 21:36:50.122024408,Customer_278,Smartphone,Electronics,Punjab,2,90000,0.13190611420967696,156256.89944225815
2025-02-27 01:07:07.045409080,Customer_112,Headphones,Accessories,Islamabad,3,8000,0.1293652523460728,20895.233943694253
2025-02-27 04:37:23.968793760,Customer_963,Smartphone,Electronics,Sindh,3,90000,0.2310885865484501,207606.08163191847
2025-02-27 08:07:40.892178440,Customer_843,Monitor,Electronics,Punjab,5,45000,0.13727080564218072,194114.06873050935
2025-02-27 11:37:57.815563112,Customer_473,Smartphone,Electronics,Islamabad,2,90000,0.1457496199295789,153765.06841267578
2025-02-27 15:08:14.738947792,Customer_746,Smartphone,Electronics,KPK,1,90000,0.10041328144109507,80962.80467030144
2025-02-27 18:38:31.662332464,Customer_688,Laptop,Electronics,Islamabad,1,150000,0.2372699007957042,114409.51488064438
2025-02-27 22:08:48.585717144,Customer_392,Smartphone,Electronics,Islamabad,1,90000,0.1942964773599024,72513.31703760878
2025-02-28 01:39:05.509101824,Customer_969,Smartwatch,Wearables,Balochistan,3,25000,0.07135132257571039,69648.65080682172
2025-02-28 05:09:22.432486496,Customer_143,Tablet,Electronics,Sindh,2,60000,0.21105239644405802,94673.71242671303
2025-02-28 08:39:39.355871176,Customer_32,Smartwatch,Wearables,Sindh,2,25000,0.1080990900462725,44595.04549768638
2025-02-28 12:09:56.279255848,Customer_181,Laptop,Electronics,KPK,3,150000,0.20716678588339849,356774.94635247067
2025-02-28 15:40:13.202640528,Customer_579,Keyboard,Accessories,Islamabad,1,5000,0.2057220170733755,3971.3899146331223
2025-02-28 19:10:30.126025208,Customer_516,Headphones,Accessories,KPK,1,8000,0.0472175466907136,7622.259626474291
2025-02-28 22:40:47.049409880,Customer_798,Smartwatch,Wearables,KPK,5,25000,0.17528528284589423,103089.33964426322
2025-03-01 02:11:03.972794560,Customer_269,Laptop,Electronics,Sindh,4,150000,0.07266074232663278,556403.5546040203
2025-03-01 05:41:20.896179240,Customer_236,Monitor,Electronics,Sindh,2,45000,0.07437316749816705,83306.41492516497
2025-03-01 09:11:37.819563912,Customer_277,Keyboard,Accessories,Sindh,2,5000,0.07408701922014518,9259.129807798548
2025-03-01 12:41:54.742948592,Customer_553,Laptop,Electronics,Punjab,2,150000,0.18139206188998705,245582.3814330039
2025-03-01 16:12:11.666333264,Customer_633,Laptop,Electronics,Islamabad,4,150000,0.05745651044813402,565526.0937311195
2025-03-01 19:42:28.589717944,Customer_275,Headphones,Accessories,KPK,5,8000,0.00022645881152255631,39990.9416475391
2025-03-01 23:12:45.513102624,Customer_743,Tablet,Electronics,Islamabad,4,60000,0.17880921337065828,197085.78879104202
2025-03-02 02:43:02.436487296,Customer_816,Smartwatch,Wearables,KPK,1,25000,0.04279618595878132,23930.095351030468
2025-03-02 06:13:19.359871976,Customer_86,Monitor,Electronics,KPK,1,45000,0.026120598826958663,43824.573052786865
2025-03-02 09:43:36.283256648,Customer_63,Mouse,Accessories,KPK,2,3000,0.05937903014851503,5643.7258191089095
2025-03-02 13:13:53.206641328,Customer_404,Smartwatch,Wearables,KPK,3,25000,0.094975130580676,67876.8652064493
2025-03-02 16:44:10.130026008,Customer_192,Mouse,Accessories,Balochistan,2,3000,0.11897658186830018,5286.1405087901985
2025-03-02 20:14:27.053410680,Customer_293,Laptop,Electronics,Balochistan,3,150000,0.011142510178157705,444985.87041982904
2025-03-02 23:44:43.976795360,Customer_31,Smartphone,Electronics,Punjab,4,90000,0.2426433331568401,272648.4000635376
2025-03-03 03:15:00.900180040,Customer_330,Monitor,Electronics,Sindh,1,45000,0.17901576335488953,36944.29064902997
2025-03-03 06:45:17.823564712,Customer_658,Keyboard,Accessories,KPK,3,5000,0.08079851633108404,13788.02225503374
2025-03-03 10:15:34.746949392,Customer_107,Smartphone,Electronics,Islamabad,4,90000,0.07967431432134933,331317.2468443143
2025-03-03 13:45:51.670334064,Customer_871,Smartphone,Electronics,Balochistan,1,90000,0.11213563734211485,79907.79263920967
2025-03-03 17:16:08.593718744,Customer_622,Smartwatch,Wearables,Sindh,3,25000,0.15656120569075824,63257.90957319313
2025-03-03 20:46:25.517103424,Customer_276,Monitor,Electronics,Punjab,2,45000,0.03659326664724194,86706.60600174822
2025-03-04 00:16:42.440488096,Customer_722,Tablet,Electronics,Sindh,2,60000,0.04723245344123808,114332.10558705144
2025-03-04 03:46:59.363872776,Customer_651,Laptop,Electronics,KPK,2,150000,0.21485864570838772,235542.40628748367
2025-03-04 07:17:16.287257448,Customer_598,Laptop,Electronics,Sindh,4,150000,0.06406373097226814,561561.7614166391
2025-03-04 10:47:33.210642128,Customer_556,Laptop,Electronics,KPK,2,150000,0.09504874949379438,271485.3751518617
2025-03-04 14:17:50.134026808,Customer_82,Laptop,Electronics,Balochistan,5,150000,0.21781796273752926,586636.5279468531
2025-03-04 17:48:07.057411480,Customer_64,Smartwatch,Wearables,Balochistan,1,25000,0.16578695734995563,20855.32606625111
2025-03-04 21:18:23.980796160,Customer_890,Mouse,Accessories,KPK,4,3000,0.08542796983542209,10974.864361974935
2025-03-05 00:48:40.904180840,Customer_930,Laptop,Electronics,Islamabad,2,150000,0.1709248864311552,248722.53407065343
2025-03-05 04:18:57.827565512,Customer_855,Mouse,Accessories,Balochistan,1,3000,0.0049208038453534275,2985.2375884639396
2025-03-05 07:49:14.750950192,Customer_833,Mouse,Accessories,Islamabad,3,3000,0.1839106650028413,7344.804014974428
2025-03-05 11:19:31.674334864,Customer_567,Tablet,Electronics,KPK,2,60000,0.12175401012905987,105389.51878451282
2025-03-05 14:49:48.597719544,Customer_586,Laptop,Electronics,KPK,1,150000,0.2032955368211153,119505.6694768327
2025-03-05 18:20:05.521104224,Customer_885,Headphones,Accessories,Balochistan,5,8000,0.23865941300161708,30453.623479935315
2025-03-05 21:50:22.444488896,Customer_129,Keyboard,Accessories,Islamabad,3,5000,0.2314471373736421,11528.29293939537
2025-03-06 01:20:39.367873576,Customer_256,Smartphone,Electronics,KPK,5,90000,0.2273162608638352,347707.6826112742
2025-03-06 04:50:56.291258256,Customer_934,Mouse,Accessories,Balochistan,1,3000,0.12804248898347179,2615.8725330495845
2025-03-06 08:21:13.214642928,Customer_231,Monitor,Electronics,KPK,5,45000,0.09003552853473451,204742.00607968474
2025-03-06 11:51:30.138027608,Customer_497,Monitor,Electronics,Sindh,1,45000,0.11625883118266819,39768.35259677993
2025-03-06 15:21:47.061412280,Customer_137,Keyboard,Accessories,Sindh,1,5000,0.1724740008283402,4137.6299958582995
2025-03-06 18:52:03.984796960,Customer_863,Monitor,Electronics,Balochistan,5,45000,0.2209994442177967,175275.12505099573
2025-03-06 22:22:20.908181640,Customer_455,Headphones,Accessories,KPK,1,8000,0.05174657575002989,7586.0273939997605
2025-03-07 01:52:37.831566312,Customer_913,Monitor,Electronics,Balochistan,2,45000,0.22954828961542575,69340.65393461169
2025-03-07 05:22:54.754950992,Customer_355,Smartphone,Electronics,Punjab,1,90000,0.20379505799247227,71658.44478067748
2025-03-07 08:53:11.678335664,Customer_624,Smartphone,Electronics,Balochistan,4,90000,0.24471400379455865,271902.9586339589
2025-03-07 12:23:28.601720344,Customer_485,Mouse,Accessories,Balochistan,1,3000,0.22006294332042178,2339.811170038735
2025-03-07 15:53:45.525105024,Customer_820,Laptop,Electronics,Sindh,4,150000,0.06998433242297666,558009.400546214
2025-03-07 19:24:02.448489696,Customer_146,Tablet,Electronics,Sindh,1,60000,0.026488977836011923,58410.661329839284
2025-03-07 22:54:19.371874376,Customer_959,Headphones,Accessories,KPK,1,8000,0.028060267997897154,7775.517856016822
2025-03-08 02:24:36.295259056,Customer_33,Mouse,Accessories,Balochistan,5,3000,0.07280582964456903,13907.912555331464
2025-03-08 05:54:53.218643728,Customer_260,Headphones,Accessories,Balochistan,2,8000,0.1535459309961348,13543.265104061844
2025-03-08 09:25:10.142028408,Customer_87,Laptop,Electronics,KPK,2,150000,0.20108008152429313,239675.97554271205
2025-03-08 12:55:27.065413080,Customer_843,Smartwatch,Wearables,Islamabad,3,25000,0.22481257674539118,58139.05674409566
2025-03-08 16:25:43.988797760,Customer_948,Monitor,Electronics,KPK,5,45000,0.1559383460923082,189913.87212923067
2025-03-08 19:56:00.912182440,Customer_265,Monitor,Electronics,Sindh,5,45000,0.0014078281870134324,224683.23865792196
2025-03-08 23:26:17.835567112,Customer_832,Tablet,Electronics,Sindh,2,60000,0.04657919412963338,114410.496704444
2025-03-09 02:56:34.758951792,Customer_542,Laptop,Electronics,Balochistan,5,150000,0.024931550963341986,731301.3367774935
2025-03-09 06:26:51.682336464,Customer_392,Mouse,Accessories,Sindh,2,3000,0.09083111889225251,5455.0132866464855
2025-03-09 09:57:08.605721144,Customer_232,Tablet,Electronics,KPK,5,60000,0.12533774840843648,262398.67547746905
2025-03-09 13:27:25.529105824,Customer_901,Laptop,Electronics,Balochistan,1,150000,0.010849294644640212,148372.60580330397
2025-03-09 16:57:42.452490496,Customer_588,Keyboard,Accessories,KPK,2,5000,0.08711949394891383,9128.805060510862
2025-03-09 20:27:59.375875176,Customer_447,Smartphone,Electronics,KPK,2,90000,0.044794918656330646,171936.91464186047
2025-03-09 23:58:16.299259856,Customer_129,Tablet,Electronics,Balochistan,4,60000,0.16176754156471848,201175.79002446757
2025-03-10 03:28:33.222644528,Customer_271,Tablet,Electronics,Islamabad,5,60000,0.116068092331085,265179.5723006745
2025-03-10 06:58:50.146029208,Customer_89,Mouse,Accessories,Sindh,5,3000,0.1238294117334772,13142.558823997842
2025-03-10 10:29:07.069413880,Customer_466,Headphones,Accessories,Punjab,2,8000,0.10692294700836527,14289.232847866157
2025-03-10 13:59:23.992798560,Customer_934,Keyboard,Accessories,Punjab,1,5000,0.23900492762164174,3804.9753618917916
2025-03-10 17:29:40.916183240,Customer_170,Mouse,Accessories,Punjab,1,3000,0.05368378128039081,2838.948656158828
2025-03-10 20:59:57.839567912,Customer_128,Laptop,Electronics,Sindh,1,150000,0.12916606496096858,130625.09025585471
2025-03-11 00:30:14.762952592,Customer_174,Laptop,Electronics,Islamabad,5,150000,0.18400434209133398,611996.7434314995
2025-03-11 04:00:31.686337264,Customer_949,Laptop,Electronics,KPK,4,150000,0.13921110328364064,516473.33802981564
2025-03-11 07:30:48.609721944,Customer_26,Smartwatch,Wearables,Balochistan,2,25000,0.23225522142920027,38387.238928539984
2025-03-11 11:01:05.533106624,Customer_573,Laptop,Electronics,Islamabad,3,150000,0.09449208891032104,407478.55999035557
2025-03-11 14:31:22.456491296,Customer_511,Headphones,Accessories,Punjab,4,8000,0.1159189514432945,28290.593553814575
2025-03-11 18:01:39.379875976,Customer_488,Keyboard,Accessories,Sindh,3,5000,0.022130578803682105,14668.04131794477
2025-03-11 21:31:56.303260656,Customer_891,Monitor,Electronics,Sindh,4,45000,0.15224977776298212,152595.0400026632
2025-03-12 01:02:13.226645328,Customer_579,Smartphone,Electronics,Balochistan,1,90000,0.07205299211202651,83515.23070991761
2025-03-12 04:32:30.150030008,Customer_950,Headphones,Accessories,KPK,5,8000,0.04007725987889221,38396.90960484431
2025-03-12 08:02:47.073414680,Customer_406,Headphones,Accessories,Islamabad,3,8000,0.13613282322612702,20732.812242572953
2025-03-12 11:33:03.996799360,Customer_26,Smartwatch,Wearables,Islamabad,4,25000,0.13307756584497765,86692.24341550223
2025-03-12 15:03:20.920184040,Customer_83,Monitor,Electronics,Islamabad,5,45000,0.018967910306011887,220732.22018114734
2025-03-12 18:33:37.843568712,Customer_364,Monitor,Electronics,KPK,3,45000,0.1745538633736182,111435.22844456154
2025-03-12 22:03:54.766953392,Customer_367,Smartphone,Electronics,KPK,2,90000,0.15594304766271322,151930.2514207116
2025-03-13 01:34:11.690338072,Customer_60,Smartphone,Electronics,KPK,4,90000,0.0472543206866243,342988.4445528153
2025-03-13 05:04:28.613722744,Customer_551,Monitor,Electronics,Balochistan,2,45000,0.11735871553851096,79437.71560153402
2025-03-13 08:34:45.537107424,Customer_635,Laptop,Electronics,Sindh,1,150000,0.18008072911964,122987.890632054
2025-03-13 12:05:02.460492096,Customer_292,Headphones,Accessories,Punjab,2,8000,0.13235893513531913,13882.257037834894
2025-03-13 15:35:19.383876776,Customer_789,Mouse,Accessories,KPK,2,3000,0.09887226904589255,5406.766385724645
2025-03-13 19:05:36.307261456,Customer_937,Smartphone,Electronics,Sindh,4,90000,0.08058461452023591,330989.5387727151
2025-03-13 22:35:53.230646128,Customer_886,Smartwatch,Wearables,KPK,1,25000,0.1525984666610134,21185.038333474666
2025-03-14 02:06:10.154030808,Customer_816,Smartwatch,Wearables,Punjab,2,25000,0.23477717457756014,38261.14127112199
2025-03-14 05:36:27.077415480,Customer_794,Smartphone,Electronics,KPK,5,90000,0.16793621011937085,374428.7054462831
2025-03-14 09:06:44.000800160,Customer_191,Monitor,Electronics,Sindh,3,45000,0.018686475909078876,132477.32575227434
2025-03-14 12:37:00.924184840,Customer_461,Keyboard,Accessories,Balochistan,2,5000,0.11517124337053344,8848.287566294666
2025-03-14 16:07:17.847569512,Customer_804,Mouse,Accessories,Punjab,1,3000,0.2227060328776569,2331.8819013670295
2025-03-14 19:37:34.770954192,Customer_664,Mouse,Accessories,Sindh,2,3000,0.02361560645027172,5858.30636129837
2025-03-14 23:07:51.694338872,Customer_896,Smartphone,Electronics,Islamabad,3,90000,0.24721892803438583,203250.88943071582
2025-03-15 02:38:08.617723544,Customer_233,Laptop,Electronics,Islamabad,1,150000,0.23726734841135533,114409.8977382967
2025-03-15 06:08:25.541108224,Customer_474,Keyboard,Accessories,Islamabad,4,5000,0.019568620182468965,19608.62759635062
2025-03-15 09:38:42.464492896,Customer_405,Mouse,Accessories,Balochistan,1,3000,0.23335333011238873,2299.9400096628337
2025-03-15 13:08:59.387877576,Customer_658,Smartphone,Electronics,KPK,4,90000,0.09078314756486555,327318.0668766484
2025-03-15 16:39:16.311262256,Customer_271,Smartwatch,Wearables,KPK,1,25000,0.21117729176896563,19720.56770577586
2025-03-15 20:09:33.234646928,Customer_847,Mouse,Accessories,KPK,3,3000,0.10459583442831788,8058.637490145139
2025-03-15 23:39:50.158031608,Customer_134,Tablet,Electronics,Balochistan,3,60000,0.11021377817562897,160161.51992838678
2025-03-16 03:10:07.081416280,Customer_171,Keyboard,Accessories,Islamabad,1,5000,0.15856077274438565,4207.196136278072
2025-03-16 06:40:24.004800960,Customer_415,Keyboard,Accessories,KPK,2,5000,0.19361935481899584,8063.806451810042
2025-03-16 10:10:40.928185640,Customer_28,Tablet,Electronics,Balochistan,3,60000,0.008447287737062159,178479.4882073288
2025-03-16 13:40:57.851570312,Customer_136,Headphones,Accessories,Balochistan,4,8000,0.14828899888178357,27254.752035782923
2025-03-16 17:11:14.774954992,Customer_925,Smartwatch,Wearables,Sindh,4,25000,0.046683248524342746,95331.67514756574
2025-03-16 20:41:31.698339672,Customer_405,Tablet,Electronics,KPK,5,60000,0.08648737946580073,274053.7861602598
2025-03-17 00:11:48.621724344,Customer_977,Monitor,Electronics,Islamabad,4,45000,0.08699216653880412,164341.41002301525
2025-03-17 03:42:05.545109024,Customer_888,Monitor,Electronics,Punjab,5,45000,0.1172650850552884,198615.3558625601
2025-03-17 07:12:22.468493696,Customer_505,Smartphone,Electronics,Balochistan,1,90000,0.08353410296904334,82481.9307327861
2025-03-17 10:42:39.391878376,Customer_241,Keyboard,Accessories,Sindh,1,5000,0.02684027961266694,4865.798601936665
2025-03-17 14:12:56.315263056,Customer_856,Headphones,Accessories,Punjab,1,8000,0.03640718463136286,7708.742522949097
2025-03-17 17:43:13.238647728,Customer_954,Headphones,Accessories,Balochistan,2,8000,0.008359496390274418,15866.248057755609
2025-03-17 21:13:30.162032408,Customer_444,Mouse,Accessories,Sindh,2,3000,0.11756227133218858,5294.626372006869
2025-03-18 00:43:47.085417080,Customer_434,Mouse,Accessories,KPK,5,3000,0.23861192371324713,11420.821144301293
2025-03-18 04:14:04.008801760,Customer_228,Tablet,Electronics,Sindh,4,60000,0.02891880591202914,233059.48658111301
2025-03-18 07:44:20.932186440,Customer_509,Headphones,Accessories,Balochistan,4,8000,0.2365661232507705,24429.884055975344
2025-03-18 11:14:37.855571112,Customer_799,Tablet,Electronics,KPK,1,60000,0.1833403786830234,48999.577279018595
2025-03-18 14:44:54.778955792,Customer_303,Smartwatch,Wearables,Islamabad,3,25000,0.1593747007335408,63046.897444984446
2025-03-18 18:15:11.702340472,Customer_34,Tablet,Electronics,Sindh,2,60000,0.16131943883089073,100641.66734029312
2025-03-18 21:45:28.625725144,Customer_2,Mouse,Accessories,Punjab,2,3000,0.20668191209907052,4759.908527405577
2025-03-19 01:15:45.549109824,Customer_362,Keyboard,Accessories,KPK,1,5000,0.026729966094955343,4866.3501695252235
2025-03-19 04:46:02.472494496,Customer_195,Tablet,Electronics,KPK,2,60000,0.12618858089138543,104857.37029303375
2025-03-19 08:16:19.395879176,Customer_606,Laptop,Electronics,Islamabad,1,150000,0.17427278456518963,123859.08231522155
2025-03-19 11:46:36.319263856,Customer_840,Keyboard,Accessories,Sindh,5,5000,0.14670511126839092,21332.372218290227
2025-03-19 15:16:53.242648528,Customer_308,Headphones,Accessories,Punjab,4,8000,0.20819476775582366,25337.76743181364
2025-03-19 18:47:10.166033208,Customer_647,Headphones,Accessories,Islamabad,3,8000,0.018067927252837873,23566.36974593189
2025-03-19 22:17:27.089417888,Customer_716,Tablet,Electronics,Sindh,4,60000,0.1726752598747915,198557.93763005003
2025-03-20 01:47:44.012802560,Customer_250,Keyboard,Accessories,Punjab,4,5000,0.13350693259617943,17329.86134807641
2025-03-20 05:18:00.936187240,Customer_147,Mouse,Accessories,Punjab,5,3000,0.09479021599498585,13578.146760075213
2025-03-20 08:48:17.859571912,Customer_346,Mouse,Accessories,Balochistan,2,3000,0.08506874555850771,5489.587526648954
2025-03-20 12:18:34.782956592,Customer_348,Monitor,Electronics,Punjab,3,45000,0.15520815819354822,114046.89864387098
2025-03-20 15:48:51.706341272,Customer_254,Headphones,Accessories,Sindh,2,8000,0.2227488436610662,12436.018501422941
2025-03-20 19:19:08.629725944,Customer_399,Smartphone,Electronics,Islamabad,4,90000,0.12404398152527882,315344.1666508996
2025-03-20 22:49:25.553110624,Customer_334,Monitor,Electronics,Islamabad,1,45000,0.20618079101923004,35721.86440413465
2025-03-21 02:19:42.476495296,Customer_176,Mouse,Accessories,Balochistan,4,3000,0.10053909546099188,10793.530854468097
2025-03-21 05:49:59.399879976,Customer_125,Keyboard,Accessories,Sindh,2,5000,0.025598615698294136,9744.01384301706
2025-03-21 09:20:16.323264656,Customer_763,Smartwatch,Wearables,Punjab,4,25000,0.015376434114659637,98462.35658853404
2025-03-21 12:50:33.246649328,Customer_398,Mouse,Accessories,Balochistan,1,3000,0.012833592830919394,2961.499221507242
2025-03-21 16:20:50.170034008,Customer_131,Keyboard,Accessories,KPK,5,5000,0.09503753548941749,22624.061612764563
2025-03-21 19:51:07.093418688,Customer_562,Monitor,Electronics,Sindh,2,45000,0.08430943770896052,82412.15060619355
2025-03-21 23:21:24.016803360,Customer_605,Headphones,Accessories,Balochistan,4,8000,0.17948425590564238,26256.503811019444
2025-03-22 02:51:40.940188040,Customer_892,Mouse,Accessories,Islamabad,2,3000,0.18570537539621645,4885.767747622701
2025-03-22 06:21:57.863572712,Customer_822,Tablet,Electronics,Balochistan,5,60000,0.012713492208434957,296185.9523374695
2025-03-22 09:52:14.786957392,Customer_902,Keyboard,Accessories,KPK,4,5000,0.05528081572225374,18894.383685554923
2025-03-22 13:22:31.710342072,Customer_945,Headphones,Accessories,Sindh,4,8000,0.06856546253972493,29805.9051987288
2025-03-22 16:52:48.633726744,Customer_407,Smartwatch,Wearables,Balochistan,2,25000,0.13690299603570236,43154.85019821488
2025-03-22 20:23:05.557111424,Customer_732,Smartwatch,Wearables,Punjab,2,25000,0.036128805976737566,48193.559701163125
2025-03-22 23:53:22.480496096,Customer_846,Smartphone,Electronics,Sindh,1,90000,0.03348530485000009,86986.32256349998
2025-03-23 03:23:39.403880776,Customer_334,Keyboard,Accessories,Balochistan,5,5000,0.2359472223019895,19101.31944245026
2025-03-23 06:53:56.327265456,Customer_20,Monitor,Electronics,Balochistan,1,45000,0.20105072682444525,35952.717292899964
2025-03-23 10:24:13.250650128,Customer_205,Smartphone,Electronics,Sindh,4,90000,0.045163725522792575,343741.0588117947
2025-03-23 13:54:30.174034808,Customer_603,Smartphone,Electronics,Islamabad,2,90000,0.10164195197637274,161704.4486442529
2025-03-23 17:24:47.097419488,Customer_956,Laptop,Electronics,Punjab,4,150000,0.08890549981439139,546656.7001113652
2025-03-23 20:55:04.020804160,Customer_355,Mouse,Accessories,Sindh,4,3000,0.19775101851635182,9626.987777803779
2025-03-24 00:25:20.944188840,Customer_173,Keyboard,Accessories,Punjab,3,5000,0.12755322911953051,13086.701563207043
2025-03-24 03:55:37.867573512,Customer_189,Smartphone,Electronics,Punjab,3,90000,0.031962434248366756,261370.14275294097
2025-03-24 07:25:54.790958192,Customer_824,Laptop,Electronics,Sindh,4,150000,0.18474801578906097,489151.19052656344
2025-03-24 10:56:11.714342872,Customer_2,Monitor,Electronics,Balochistan,2,45000,0.09922199455622974,81070.02048993933
2025-03-24 14:26:28.637727544,Customer_873,Headphones,Accessories,Islamabad,4,8000,0.06573106190803676,29896.606018942824
2025-03-24 17:56:45.561112224,Customer_941,Tablet,Electronics,Punjab,3,60000,0.09387465550518004,163102.5620090676
2025-03-24 21:27:02.484496896,Customer_168,Tablet,Electronics,Punjab,2,60000,0.12443914090172409,105067.30309179312
2025-03-25 00:57:19.407881576,Customer_368,Keyboard,Accessories,Balochistan,4,5000,0.08577887910425236,18284.422417914953
2025-03-25 04:27:36.331266256,Customer_536,Smartphone,Electronics,Sindh,5,90000,0.06047644314793946,422785.60058342724
2025-03-25 07:57:53.254650928,Customer_925,Tablet,Electronics,Islamabad,5,60000,0.09962550720099508,270112.34783970146
2025-03-25 11:28:10.178035608,Customer_963,Mouse,Accessories,Punjab,4,3000,0.0047932276874745605,11942.481267750305
2025-03-25 14:58:27.101420288,Customer_877,Tablet,Electronics,Punjab,2,60000,0.19312446152407847,96825.06461711058
2025-03-25 18:28:44.024804960,Customer_580,Tablet,Electronics,Sindh,4,60000,0.04273622339189645,229743.30638594486
2025-03-25 21:59:00.948189640,Customer_370,Tablet,Electronics,Balochistan,4,60000,0.010976153407659311,237365.72318216175
2025-03-26 01:29:17.871574312,Customer_706,Smartwatch,Wearables,KPK,3,25000,0.1634246732262698,62743.14950802976
2025-03-26 04:59:34.794958992,Customer_596,Laptop,Electronics,Balochistan,5,150000,0.19348403220591806,604886.9758455615
2025-03-26 08:29:51.718343672,Customer_950,Smartphone,Electronics,Punjab,3,90000,0.2034572828982108,215066.53361748307
2025-03-26 12:00:08.641728344,Customer_437,Mouse,Accessories,Punjab,3,3000,0.12337729566514999,7889.60433901365
2025-03-26 15:30:25.565113024,Customer_207,Smartphone,Electronics,Islamabad,4,90000,0.051342046172496325,341516.8633779013
2025-03-26 19:00:42.488497704,Customer_49,Smartwatch,Wearables,Balochistan,3,25000,0.18430691931245669,61176.98105156575
2025-03-26 22:30:59.411882376,Customer_544,Keyboard,Accessories,KPK,5,5000,0.1749282692885843,20626.793267785393
2025-03-27 02:01:16.335267056,Customer_829,Keyboard,Accessories,Islamabad,3,5000,0.06156768352579331,14076.4847471131
2025-03-27 05:31:33.258651728,Customer_682,Keyboard,Accessories,KPK,5,5000,0.22585193896569825,19353.701525857545
2025-03-27 09:01:50.182036408,Customer_129,Monitor,Electronics,Islamabad,3,45000,0.02609286452070725,131477.46328970452
2025-03-27 12:32:07.105421088,Customer_447,Tablet,Electronics,Balochistan,5,60000,0.24567205989783142,226298.38203065057
2025-03-27 16:02:24.028805760,Customer_614,Monitor,Electronics,Punjab,3,45000,0.21506195274436615,105966.63637951057
2025-03-27 19:32:40.952190440,Customer_35,Laptop,Electronics,KPK,3,150000,0.1719746613697688,372611.402383604
2025-03-27 23:02:57.875575112,Customer_819,Keyboard,Accessories,Balochistan,2,5000,0.23468747206995821,7653.125279300418
2025-03-28 02:33:14.798959792,Customer_199,Smartwatch,Wearables,KPK,5,25000,0.18057779208092695,102427.77598988413
2025-03-28 06:03:31.722344472,Customer_813,Mouse,Accessories,Balochistan,5,3000,0.04761424925751148,14285.786261137328
2025-03-28 09:33:48.645729144,Customer_77,Smartphone,Electronics,Islamabad,5,90000,0.11053903452820293,400257.4344623087
2025-03-28 13:04:05.569113824,Customer_369,Tablet,Electronics,Balochistan,1,60000,0.01787575608290884,58927.45463502547
2025-03-28 16:34:22.492498504,Customer_833,Headphones,Accessories,Islamabad,3,8000,0.09741435557202885,21662.055466271308
2025-03-28 20:04:39.415883176,Customer_526,Mouse,Accessories,Punjab,5,3000,0.18540075493430216,12218.988675985467
2025-03-28 23:34:56.339267856,Customer_349,Tablet,Electronics,Islamabad,1,60000,0.09661083773270435,54203.34973603774
2025-03-29 03:05:13.262652528,Customer_506,Monitor,Electronics,Sindh,2,45000,0.08257354386703353,82568.38105196698
2025-03-29 06:35:30.186037208,Customer_643,Monitor,Electronics,Punjab,5,45000,0.14883893062757797,191511.24060879496
2025-03-29 10:05:47.109421888,Customer_238,Mouse,Accessories,Balochistan,5,3000,0.21805113224972375,11729.233016254144
2025-03-29 13:36:04.032806560,Customer_280,Monitor,Electronics,Balochistan,1,45000,0.011895798136528107,44464.68908385624
2025-03-29 17:06:20.956191240,Customer_577,Keyboard,Accessories,Sindh,3,5000,0.09636760867493385,13554.485869875993
2025-03-29 20:36:37.879575912,Customer_432,Laptop,Electronics,Balochistan,2,150000,0.03956018545381568,288131.9443638553
2025-03-30 00:06:54.802960592,Customer_138,Smartphone,Electronics,Punjab,5,90000,0.1738385626829674,371772.64679266466
2025-03-30 03:37:11.726345272,Customer_269,Laptop,Electronics,Punjab,3,150000,0.026431140107783718,438105.9869514973
2025-03-30 07:07:28.649729944,Customer_740,Tablet,Electronics,Islamabad,2,60000,0.16620193964506114,100055.76724259266
2025-03-30 10:37:45.573114624,Customer_201,Smartphone,Electronics,KPK,4,90000,0.07154521769947683,334243.72162818833
2025-03-30 14:08:02.496499304,Customer_142,Smartwatch,Wearables,Balochistan,4,25000,0.049729203434306174,95027.07965656937
2025-03-30 17:38:19.419883976,Customer_612,Smartphone,Electronics,Sindh,2,90000,0.23408813945624635,137864.13489787566
2025-03-30 21:08:36.343268656,Customer_650,Laptop,Electronics,Punjab,1,150000,0.004631144186488967,149305.32837202665
2025-03-31 00:38:53.266653328,Customer_680,Mouse,Accessories,Punjab,2,3000,0.10944431797239224,5343.334092165646
2025-03-31 04:09:10.190038008,Customer_919,Smartphone,Electronics,Punjab,2,90000,0.005406748115448445,179026.78533921926
2025-03-31 07:39:27.113422688,Customer_611,Smartwatch,Wearables,KPK,1,25000,0.12089826202608225,21977.543449347944
2025-03-31 11:09:44.036807360,Customer_823,Smartwatch,Wearables,KPK,1,25000,0.12526184444860455,21868.453888784887
2025-03-31 14:40:00.960192040,Customer_831,Smartwatch,Wearables,Balochistan,3,25000,0.08041561784868675,68968.8286613485
2025-03-31 18:10:17.883576712,Customer_839,Laptop,Electronics,Sindh,3,150000,0.03304044438125592,435131.80002843484
2025-03-31 21:40:34.806961392,Customer_938,Smartphone,Electronics,KPK,1,90000,0.09409688443361883,81531.2804009743
2025-04-01 01:10:51.730346072,Customer_355,Headphones,Accessories,Islamabad,4,8000,0.1680657349831415,26621.89648053947
2025-04-01 04:41:08.653730744,Customer_578,Mouse,Accessories,KPK,4,3000,0.19559895216111478,9652.812574066622
2025-04-01 08:11:25.577115424,Customer_847,Keyboard,Accessories,Punjab,2,5000,0.13268765059703558,8673.123494029644
2025-04-01 11:41:42.500500104,Customer_329,Smartphone,Electronics,Sindh,5,90000,0.1474585986099389,383643.63062552747
2025-04-01 15:11:59.423884776,Customer_559,Smartwatch,Wearables,Balochistan,2,25000,0.05015409278116317,47492.29536094184
2025-04-01 18:42:16.347269456,Customer_849,Headphones,Accessories,KPK,2,8000,0.07183258330691236,14850.678667089403
2025-04-01 22:12:33.270654128,Customer_894,Keyboard,Accessories,Punjab,5,5000,0.040473902513089605,23988.15243717276
2025-04-02 01:42:50.194038808,Customer_231,Keyboard,Accessories,Islamabad,1,5000,0.062323837501152834,4688.380812494236
2025-04-02 05:13:07.117423488,Customer_308,Tablet,Electronics,Islamabad,4,60000,0.05622169505638294,226506.7931864681
2025-04-02 08:43:24.040808160,Customer_658,Smartphone,Electronics,Balochistan,2,90000,0.1298621965978094,156624.8046123943
2025-04-02 12:13:40.964192840,Customer_719,Laptop,Electronics,Balochistan,5,150000,0.14067218894768235,644495.8582892383
2025-04-02 15:43:57.887577520,Customer_146,Smartphone,Electronics,KPK,3,90000,0.23623685520537613,206216.04909454842
2025-04-02 19:14:14.810962192,Customer_152,Headphones,Accessories,Balochistan,2,8000,0.048892661775380764,15217.717411593907
2025-04-02 22:44:31.734346872,Customer_791,Keyboard,Accessories,Punjab,4,5000,0.16041892754037398,16791.62144919252
2025-04-03 02:14:48.657731544,Customer_140,Smartphone,Electronics,Punjab,1,90000,0.20431481724688072,71611.66644778074
2025-04-03 05:45:05.581116224,Customer_663,Laptop,Electronics,Punjab,2,150000,0.14006036594576313,257981.89021627107
2025-04-03 09:15:22.504500904,Customer_21,Tablet,Electronics,KPK,2,60000,0.06375091312526893,112349.89042496773
2025-04-03 12:45:39.427885576,Customer_254,Smartphone,Electronics,KPK,5,90000,0.06563755750500005,420463.09912274993
2025-04-03 16:15:56.351270256,Customer_64,Mouse,Accessories,Balochistan,3,3000,0.009813263267749978,8911.68063059025
2025-04-03 19:46:13.274654928,Customer_218,Tablet,Electronics,KPK,3,60000,0.07636105663712042,166255.00980531832
2025-04-03 23:16:30.198039608,Customer_72,Laptop,Electronics,Punjab,1,150000,0.18615091975084502,122077.36203737324
2025-04-04 02:46:47.121424288,Customer_990,Headphones,Accessories,Sindh,4,8000,0.011879439301777595,31619.85794234312
2025-04-04 06:17:04.044808960,Customer_162,Keyboard,Accessories,Punjab,1,5000,0.054823820626207664,4725.880896868962
2025-04-04 09:47:20.968193640,Customer_130,Smartphone,Electronics,Sindh,2,90000,0.17655812463294548,148219.5375660698
2025-04-04 13:17:37.891578320,Customer_581,Laptop,Electronics,Balochistan,2,150000,0.19566289070571916,241301.13278828425
2025-04-04 16:47:54.814962992,Customer_927,Tablet,Electronics,Islamabad,3,60000,0.1138296025154821,159510.67154721322
2025-04-04 20:18:11.738347672,Customer_225,Mouse,Accessories,KPK,4,3000,0.17451858461966221,9905.776984564054
2025-04-04 23:48:28.661732344,Customer_758,Laptop,Electronics,KPK,5,150000,0.096988042163723,677258.9683772078
2025-04-05 03:18:45.585117024,Customer_580,Monitor,Electronics,Punjab,4,45000,0.03997831125603188,172803.90397391425
2025-04-05 06:49:02.508501704,Customer_454,Smartwatch,Wearables,Punjab,2,25000,0.09953737338072663,45023.13133096367
2025-04-05 10:19:19.431886376,Customer_983,Mouse,Accessories,Sindh,5,3000,0.14499195505078571,12825.120674238215
2025-04-05 13:49:36.355271056,Customer_915,Tablet,Electronics,KPK,4,60000,0.23701332046322257,183116.8030888266
2025-04-05 17:19:53.278655728,Customer_384,Headphones,Accessories,Balochistan,4,8000,0.01718773802216933,31449.99238329058
2025-04-05 20:50:10.202040408,Customer_107,Keyboard,Accessories,Punjab,5,5000,0.12684852346124015,21828.786913468994
2025-04-06 00:20:27.125425088,Customer_621,Tablet,Electronics,KPK,2,60000,0.0822299445526811,110132.40665367828
2025-04-06 03:50:44.048809760,Customer_840,Smartwatch,Wearables,Islamabad,4,25000,0.12707792356917363,87292.20764308263
2025-04-06 07:21:00.972194440,Customer_103,Headphones,Accessories,Sindh,5,8000,0.0059938618441329194,39760.245526234685
2025-04-06 10:51:17.895579120,Customer_141,Smartphone,Electronics,Punjab,2,90000,0.07825633867539533,165913.85903842884
2025-04-06 14:21:34.818963792,Customer_577,Laptop,Electronics,Punjab,5,150000,0.20496703688175125,596274.7223386866
2025-04-06 17:51:51.742348472,Customer_134,Monitor,Electronics,Balochistan,5,45000,0.13848543346365938,193840.77747067664
2025-04-06 21:22:08.665733144,Customer_199,Mouse,Accessories,Punjab,4,3000,0.11264562320402935,10648.252521551647
2025-04-07 00:52:25.589117824,Customer_880,Mouse,Accessories,KPK,2,3000,0.0713812679288349,5571.712392426991
2025-04-07 04:22:42.512502504,Customer_510,Laptop,Electronics,KPK,4,150000,0.07451063069783898,555293.6215812967
2025-04-07 07:52:59.435887176,Customer_667,Monitor,Electronics,KPK,1,45000,0.09577535839764612,40690.10887210592
2025-04-07 11:23:16.359271856,Customer_79,Laptop,Electronics,Islamabad,1,150000,0.2088926774911401,118666.09837632897
2025-04-07 14:53:33.282656528,Customer_948,Smartphone,Electronics,Islamabad,2,90000,0.2418033017020671,136475.40569362792
2025-04-07 18:23:50.206041208,Customer_894,Smartwatch,Wearables,Punjab,5,25000,0.10966384533759363,111292.01933280079
2025-04-07 21:54:07.129425888,Customer_482,Headphones,Accessories,Islamabad,4,8000,0.09833820968694046,28853.177290017902
2025-04-08 01:24:24.052810560,Customer_512,Tablet,Electronics,Islamabad,4,60000,0.2116376939549657,189206.95345080824
2025-04-08 04:54:40.976195240,Customer_250,Mouse,Accessories,Balochistan,2,3000,0.1067263301590759,5359.642019045545
2025-04-08 08:24:57.899579920,Customer_889,Smartphone,Electronics,Islamabad,2,90000,0.1380045430739128,155159.1822466957
2025-04-08 11:55:14.822964592,Customer_599,Headphones,Accessories,Sindh,1,8000,0.05773541614968611,7538.116670802511
2025-04-08 15:25:31.746349272,Customer_816,Smartphone,Electronics,Sindh,3,90000,0.1858756339447688,219813.57883491242
2025-04-08 18:55:48.669733944,Customer_753,Monitor,Electronics,Sindh,2,45000,0.13299707956769546,78030.26283890741
2025-04-08 22:26:05.593118624,Customer_600,Mouse,Accessories,Punjab,3,3000,0.2022586375600854,7179.672261959231
2025-04-09 01:56:22.516503304,Customer_975,Tablet,Electronics,KPK,2,60000,0.19518318250716743,96578.0180991399
2025-04-09 05:26:39.439887976,Customer_483,Laptop,Electronics,Balochistan,5,150000,0.05375119206750714,709686.6059493696
2025-04-09 08:56:56.363272656,Customer_836,Laptop,Electronics,Punjab,5,150000,0.1789088876394406,615818.3342704196
2025-04-09 12:27:13.286657328,Customer_172,Headphones,Accessories,KPK,1,8000,0.20001360198784285,6399.891184097257
2025-04-09 15:57:30.210042008,Customer_869,Tablet,Electronics,Balochistan,1,60000,0.08652681019559877,54808.39138826408
2025-04-09 19:27:47.133426688,Customer_17,Smartwatch,Wearables,Balochistan,3,25000,0.043152278225568635,71763.57913308236
2025-04-09 22:58:04.056811360,Customer_735,Keyboard,Accessories,Balochistan,2,5000,0.000658038894897045,9993.41961105103
2025-04-10 02:28:20.980196040,Customer_294,Monitor,Electronics,Sindh,4,45000,0.11272591327328704,159709.33561080834
2025-04-10 05:58:37.903580720,Customer_394,Headphones,Accessories,Sindh,1,8000,0.0881081828847104,7295.134536922317
2025-04-10 09:28:54.826965392,Customer_822,Keyboard,Accessories,Sindh,4,5000,0.13872745845635223,17225.450830872956
2025-04-10 12:59:11.750350072,Customer_498,Smartphone,Electronics,Balochistan,4,90000,0.04701027314719644,343076.3016670093
2025-04-10 16:29:28.673734744,Customer_219,Monitor,Electronics,Balochistan,2,45000,0.2149163869166188,70657.5251775043
2025-04-10 19:59:45.597119424,Customer_234,Smartphone,Electronics,Sindh,3,90000,0.06443880390702741,252601.5229451026
2025-04-10 23:30:02.520504104,Customer_390,Smartwatch,Wearables,Balochistan,2,25000,0.056607401271912494,47169.62993640438
2025-04-11 03:00:19.443888776,Customer_248,Tablet,Electronics,Sindh,1,60000,0.12017851412108899,52789.289152734666
2025-04-11 06:30:36.367273456,Customer_902,Mouse,Accessories,Sindh,4,3000,0.12471275593606856,10503.446928767176
2025-04-11 10:00:53.290658136,Customer_52,Monitor,Electronics,Sindh,2,45000,0.05377130719627321,85160.5823523354
2025-04-11 13:31:10.214042808,Customer_15,Keyboard,Accessories,KPK,2,5000,0.06796518168147894,9320.348183185211
2025-04-11 17:01:27.137427488,Customer_324,Smartwatch,Wearables,Balochistan,2,25000,0.042426309788811234,47878.68451055944
2025-04-11 20:31:44.060812160,Customer_441,Mouse,Accessories,Punjab,1,3000,0.1796150445807917,2461.154866257625
2025-04-12 00:02:00.984196840,Customer_112,Laptop,Electronics,Sindh,3,150000,0.19252225781352048,363364.98398391576
2025-04-12 03:32:17.907581520,Customer_696,Keyboard,Accessories,Punjab,2,5000,0.11558212436482065,8844.178756351794
2025-04-12 07:02:34.830966192,Customer_872,Headphones,Accessories,KPK,1,8000,0.17852175567125436,6571.825954629965
2025-04-12 10:32:51.754350872,Customer_7,Laptop,Electronics,Balochistan,4,150000,0.18398384798436138,489609.69120938313
2025-04-12 14:03:08.677735544,Customer_563,Smartwatch,Wearables,Sindh,5,25000,0.03456888191945215,120678.88976006847
2025-04-12 17:33:25.601120224,Customer_826,Laptop,Electronics,Sindh,1,150000,0.24154450620863419,113768.32406870487
2025-04-12 21:03:42.524504904,Customer_753,Headphones,Accessories,Sindh,5,8000,0.20525798677410775,31789.68052903569
2025-04-13 00:33:59.447889576,Customer_245,Monitor,Electronics,Punjab,2,45000,0.051120865298955875,85399.12212309397
2025-04-13 04:04:16.371274256,Customer_448,Laptop,Electronics,KPK,2,150000,0.04654125893651756,286037.6223190447
2025-04-13 07:34:33.294658936,Customer_365,Tablet,Electronics,Balochistan,1,60000,0.031415286394895686,58115.08281630626
2025-04-13 11:04:50.218043608,Customer_367,Keyboard,Accessories,KPK,5,5000,0.034594640635479595,24135.13398411301
2025-04-13 14:35:07.141428288,Customer_922,Mouse,Accessories,Sindh,2,3000,0.18704044975717404,4877.757301456956
2025-04-13 18:05:24.064812960,Customer_698,Laptop,Electronics,KPK,4,150000,0.11741356423790589,529551.8614572565
2025-04-13 21:35:40.988197640,Customer_287,Keyboard,Accessories,Punjab,3,5000,0.1957335431849668,12063.996852225497
2025-04-14 01:05:57.911582320,Customer_962,Smartphone,Electronics,Islamabad,3,90000,0.18656372358755136,219627.79463136115
2025-04-14 04:36:14.834966992,Customer_604,Keyboard,Accessories,Islamabad,2,5000,0.1511531783763054,8488.468216236946
2025-04-14 08:06:31.758351672,Customer_106,Mouse,Accessories,Balochistan,5,3000,0.17159165164466988,12426.125225329952
2025-04-14 11:36:48.681736344,Customer_13,Keyboard,Accessories,Balochistan,2,5000,0.004588931094785448,9954.110689052146
2025-04-14 15:07:05.605121024,Customer_146,Headphones,Accessories,KPK,5,8000,0.07794441170125549,36882.22353194978
2025-04-14 18:37:22.528505704,Customer_478,Smartwatch,Wearables,Balochistan,4,25000,0.15945554481485255,84054.44551851474
2025-04-14 22:07:39.451890376,Customer_631,Mouse,Accessories,Punjab,5,3000,0.00233623837156105,14964.956424426584
2025-04-15 01:37:56.375275056,Customer_715,Smartwatch,Wearables,Sindh,2,25000,0.008244235920648352,49587.78820396758
2025-04-15 05:08:13.298659736,Customer_653,Monitor,Electronics,Sindh,4,45000,0.2129719956175958,141665.04078883276
2025-04-15 08:38:30.222044408,Customer_115,Smartwatch,Wearables,KPK,1,25000,0.17100621542301794,20724.84461442455
2025-04-15 12:08:47.145429088,Customer_509,Smartphone,Electronics,Sindh,3,90000,0.06634243328008599,252087.5430143768
2025-04-15 15:39:04.068813760,Customer_152,Headphones,Accessories,KPK,2,8000,0.17199071002967725,13248.148639525163
2025-04-15 19:09:20.992198440,Customer_57,Monitor,Electronics,Balochistan,2,45000,0.19811416728481582,72169.72494436658
2025-04-15 22:39:37.915583120,Customer_382,Keyboard,Accessories,Balochistan,2,5000,0.07669857077752532,9233.014292224747
2025-04-16 02:09:54.838967792,Customer_157,Mouse,Accessories,Punjab,4,3000,0.009009344374796863,11891.887867502437
2025-04-16 05:40:11.762352472,Customer_952,Smartphone,Electronics,Sindh,1,90000,0.23319478117193362,69012.46969452598
2025-04-16 09:10:28.685737144,Customer_822,Headphones,Accessories,Punjab,5,8000,0.08629495957390762,36548.20161704369
2025-04-16 12:40:45.609121824,Customer_133,Monitor,Electronics,Islamabad,1,45000,0.026620440821176594,43802.08016304705
2025-04-16 16:11:02.532506504,Customer_163,Monitor,Electronics,Punjab,4,45000,0.12296421784828684,157866.44078730838
2025-04-16 19:41:19.455891176,Customer_275,Smartphone,Electronics,KPK,2,90000,0.19211694891603345,145418.94919511396
2025-04-16 23:11:36.379275856,Customer_695,Tablet,Electronics,KPK,3,60000,0.05541182865438979,170025.87084220984
2025-04-17 02:41:53.302660536,Customer_77,Keyboard,Accessories,Punjab,2,5000,0.06737251253334084,9326.274874666591
2025-04-17 06:12:10.226045208,Customer_837,Smartphone,Electronics,Balochistan,5,90000,0.06067874669964579,422694.5639851594
2025-04-17 09:42:27.149429888,Customer_44,Monitor,Electronics,Islamabad,3,45000,0.24791826320791954,101531.03446693087
2025-04-17 13:12:44.072814560,Customer_718,Laptop,Electronics,Punjab,2,150000,0.049350933432635635,285194.7199702093
2025-04-17 16:43:00.996199240,Customer_550,Headphones,Accessories,Balochistan,3,8000,0.143880054241531,20546.878698203254
2025-04-17 20:13:17.919583920,Customer_318,Smartphone,Electronics,Punjab,1,90000,0.23131616041424108,69181.5455627183
2025-04-17 23:43:34.842968592,Customer_534,Tablet,Electronics,Sindh,4,60000,0.03672414221944481,231186.20586733322
2025-04-18 03:13:51.766353272,Customer_585,Monitor,Electronics,KPK,2,45000,0.24271354946692505,68155.78054797674
2025-04-18 06:44:08.689737952,Customer_753,Keyboard,Accessories,Sindh,5,5000,0.23686930859890615,19078.267285027345
2025-04-18 10:14:25.613122624,Customer_936,Smartwatch,Wearables,Sindh,1,25000,0.22114299676456564,19471.42508088586
2025-04-18 13:44:42.536507304,Customer_154,Monitor,Electronics,Islamabad,2,45000,0.05363913033250056,85172.47827007495
2025-04-18 17:14:59.459891976,Customer_237,Keyboard,Accessories,Balochistan,1,5000,0.15851376400274583,4207.431179986271
2025-04-18 20:45:16.383276656,Customer_893,Smartphone,Electronics,KPK,5,90000,0.19022286824031004,364399.7092918605
2025-04-19 00:15:33.306661336,Customer_517,Keyboard,Accessories,Sindh,2,5000,0.24650698204910743,7534.930179508925
2025-04-19 03:45:50.230046008,Customer_221,Mouse,Accessories,KPK,5,3000,0.045105955520342605,14323.410667194861
2025-04-19 07:16:07.153430688,Customer_310,Mouse,Accessories,Balochistan,3,3000,0.1915064748798241,7276.4417260815835
2025-04-19 10:46:24.076815360,Customer_598,Mouse,Accessories,Punjab,5,3000,0.08470029248177824,13729.495612773326
2025-04-19 14:16:41.000200040,Customer_177,Tablet,Electronics,Sindh,3,60000,0.04390661639200058,172096.8090494399
2025-04-19 17:46:57.923584720,Customer_771,Tablet,Electronics,Balochistan,2,60000,0.10534423530346373,107358.69176358436
2025-04-19 21:17:14.846969392,Customer_220,Laptop,Electronics,KPK,3,150000,0.1984589780371541,360693.4598832807
2025-04-20 00:47:31.770354072,Customer_38,Tablet,Electronics,Balochistan,2,60000,0.11621245092601304,106054.50588887843
2025-04-20 04:17:48.693738752,Customer_654,Smartwatch,Wearables,Punjab,2,25000,0.13438077505076212,43280.96124746189
2025-04-20 07:48:05.617123424,Customer_431,Smartphone,Electronics,Balochistan,4,90000,0.2487898525500303,270435.6530819891
2025-04-20 11:18:22.540508104,Customer_910,Monitor,Electronics,KPK,2,45000,0.0997773248893565,81020.0407599579
2025-04-20 14:48:39.463892776,Customer_747,Monitor,Electronics,Sindh,3,45000,0.15385018867730996,114230.22452856317
2025-04-20 18:18:56.387277456,Customer_203,Laptop,Electronics,Sindh,4,150000,0.09131105040384296,545213.3697576942
2025-04-20 21:49:13.310662136,Customer_841,Tablet,Electronics,Islamabad,4,60000,0.09819641158217624,216432.8612202777
2025-04-21 01:19:30.234046808,Customer_806,Smartwatch,Wearables,KPK,2,25000,0.17391018836135202,41304.4905819324
2025-04-21 04:49:47.157431488,Customer_448,Keyboard,Accessories,Islamabad,5,5000,0.23447174402372087,19138.20639940698
2025-04-21 08:20:04.080816160,Customer_495,Laptop,Electronics,Islamabad,5,150000,0.13558973762308035,648307.6967826898
2025-04-21 11:50:21.004200840,Customer_684,Smartwatch,Wearables,Punjab,4,25000,0.19209998223719496,80790.00177628051
2025-04-21 15:20:37.927585520,Customer_125,Keyboard,Accessories,KPK,2,5000,0.022301639704240955,9776.98360295759
2025-04-21 18:50:54.850970192,Customer_838,Smartwatch,Wearables,Sindh,5,25000,0.05278950935798174,118401.31133025228
2025-04-21 22:21:11.774354872,Customer_65,Keyboard,Accessories,KPK,2,5000,0.1255329102298831,8744.67089770117
2025-04-22 01:51:28.697739552,Customer_793,Headphones,Accessories,Punjab,2,8000,0.005002930907193698,15919.953105484901
2025-04-22 05:21:45.621124224,Customer_784,Smartwatch,Wearables,KPK,4,25000,0.0632137446906397,93678.62553093603
2025-04-22 08:52:02.544508904,Customer_244,Monitor,Electronics,KPK,4,45000,0.12935032245624153,156716.94195787652
2025-04-22 12:22:19.467893576,Customer_527,Mouse,Accessories,Islamabad,1,3000,0.003740299564075178,2988.7791013077745
2025-04-22 15:52:36.391278256,Customer_226,Tablet,Electronics,KPK,5,60000,0.06613657155651043,280159.0285330469
2025-04-22 19:22:53.314662936,Customer_465,Keyboard,Accessories,Islamabad,5,5000,0.12850770486896737,21787.307378275815
2025-04-22 22:53:10.238047608,Customer_643,Headphones,Accessories,Islamabad,5,8000,0.14328731199531142,34268.507520187544
2025-04-23 02:23:27.161432288,Customer_707,Smartwatch,Wearables,Balochistan,3,25000,0.23143792326382637,57642.15575521302
2025-04-23 05:53:44.084816960,Customer_293,Monitor,Electronics,Punjab,2,45000,0.16133640581265196,75479.72347686133
2025-04-23 09:24:01.008201640,Customer_721,Mouse,Accessories,Islamabad,4,3000,0.10368395063249844,10755.792592410018
2025-04-23 12:54:17.931586320,Customer_951,Keyboard,Accessories,KPK,5,5000,0.23258779428326695,19185.305142918325
2025-04-23 16:24:34.854970992,Customer_381,Smartwatch,Wearables,Islamabad,1,25000,0.19622074584694857,20094.481353826286
2025-04-23 19:54:51.778355672,Customer_625,Smartwatch,Wearables,Islamabad,5,25000,0.0500022302781869,118749.72121522664
2025-04-23 23:25:08.701740352,Customer_756,Keyboard,Accessories,Islamabad,2,5000,0.03271059033720494,9672.894096627952
2025-04-24 02:55:25.625125024,Customer_166,Laptop,Electronics,Sindh,2,150000,0.16895290893568324,249314.12731929502
2025-04-24 06:25:42.548509704,Customer_703,Laptop,Electronics,Sindh,4,150000,0.13997079139424595,516017.52516345243
2025-04-24 09:55:59.471894376,Customer_769,Monitor,Electronics,Sindh,3,45000,0.19741840344818892,108348.5155344945
2025-04-24 13:26:16.395279056,Customer_839,Mouse,Accessories,Sindh,4,3000,0.18470126251967162,9783.584849763942
2025-04-24 16:56:33.318663736,Customer_218,Keyboard,Accessories,Balochistan,5,5000,0.15630288346437876,21092.427913390533
2025-04-24 20:26:50.242048408,Customer_871,Monitor,Electronics,Islamabad,1,45000,0.24659554290722305,33903.20056917496
2025-04-24 23:57:07.165433088,Customer_275,Monitor,Electronics,Balochistan,4,45000,0.13339743252760217,155988.4621450316
2025-04-25 03:27:24.088817768,Customer_52,Smartphone,Electronics,KPK,3,90000,0.02827643912542996,262365.3614361339
2025-04-25 06:57:41.012202440,Customer_374,Smartwatch,Wearables,Punjab,4,25000,0.2070683912039971,79293.16087960028
2025-04-25 10:27:57.935587120,Customer_670,Tablet,Electronics,Balochistan,2,60000,0.06296334058642725,112444.39912962873
2025-04-25 13:58:14.858971792,Customer_363,Smartwatch,Wearables,Sindh,5,25000,0.19432553703597957,100709.30787050255
2025-04-25 17:28:31.782356472,Customer_567,Laptop,Electronics,Sindh,5,150000,0.23927677400001285,570542.4194999904
2025-04-25 20:58:48.705741152,Customer_14,Mouse,Accessories,KPK,5,3000,0.1741988784910853,12387.016822633721
2025-04-26 00:29:05.629125824,Customer_781,Smartwatch,Wearables,Islamabad,5,25000,0.14900754023745028,106374.05747031872
2025-04-26 03:59:22.552510504,Customer_340,Keyboard,Accessories,Punjab,5,5000,0.11509654391876015,22122.586402030996
2025-04-26 07:29:39.475895176,Customer_602,Monitor,Electronics,Balochistan,5,45000,0.09110246649885081,204501.94503775856
2025-04-26 10:59:56.399279856,Customer_539,Keyboard,Accessories,Islamabad,1,5000,0.08825118774295906,4558.744061285205
2025-04-26 14:30:13.322664536,Customer_89,Smartphone,Electronics,Islamabad,3,90000,0.15909317642739765,227044.84236460263
2025-04-26 18:00:30.246049208,Customer_905,Mouse,Accessories,Balochistan,5,3000,0.18781827923443647,12182.725811483453
2025-04-26 21:30:47.169433888,Customer_41,Monitor,Electronics,Balochistan,3,45000,0.1696292673711036,112100.048904901
2025-04-27 01:01:04.092818568,Customer_304,Keyboard,Accessories,Balochistan,5,5000,0.04960252529839068,23759.936867540233
2025-04-27 04:31:21.016203240,Customer_268,Laptop,Electronics,Balochistan,4,150000,0.1234967950358728,525901.9229784764
2025-04-27 08:01:37.939587920,Customer_138,Tablet,Electronics,Sindh,5,60000,0.19791001804576575,240626.99458627027
2025-04-27 11:31:54.862972592,Customer_6,Smartphone,Electronics,Islamabad,2,90000,0.11892601954726406,158593.31648149245
2025-04-27 15:02:11.786357272,Customer_242,Mouse,Accessories,Islamabad,1,3000,0.13415581993387346,2597.5325401983796
2025-04-27 18:32:28.709741952,Customer_162,Smartphone,Electronics,Sindh,4,90000,0.19278401204270554,290597.755664626
2025-04-27 22:02:45.633126624,Customer_692,Laptop,Electronics,Islamabad,4,150000,0.16531632656627288,500810.2040602362
2025-04-28 01:33:02.556511304,Customer_809,Mouse,Accessories,Balochistan,2,3000,0.10233623022059815,5385.982618676411
2025-04-28 05:03:19.479895976,Customer_979,Smartphone,Electronics,Punjab,5,90000,0.22385317779855474,349266.06999065034
2025-04-28 08:33:36.403280656,Customer_518,Headphones,Accessories,Islamabad,1,8000,0.04064176716586965,7674.865862673043
2025-04-28 12:03:53.326665336,Customer_898,Laptop,Electronics,Punjab,4,150000,0.24887911214758118,450672.5327114513
2025-04-28 15:34:10.250050008,Customer_783,Laptop,Electronics,Punjab,1,150000,0.0297131446190593,145543.0283071411
2025-04-28 19:04:27.173434688,Customer_401,Laptop,Electronics,Sindh,4,150000,0.0037374927760597254,597757.5043343642
2025-04-28 22:34:44.096819368,Customer_784,Headphones,Accessories,KPK,5,8000,0.22250472528719117,31099.810988512352
2025-04-29 02:05:01.020204040,Customer_156,Headphones,Accessories,Islamabad,4,8000,0.06123837709148902,30040.37193307235
2025-04-29 05:35:17.943588720,Customer_85,Keyboard,Accessories,Sindh,4,5000,0.18242490686168022,16351.501862766396
2025-04-29 09:05:34.866973392,Customer_712,Monitor,Electronics,Sindh,3,45000,0.20275384373301733,107628.23109604267
2025-04-29 12:35:51.790358072,Customer_10,Tablet,Electronics,Punjab,5,60000,0.2147465977580292,235576.02067259126
2025-04-29 16:06:08.713742752,Customer_138,Smartphone,Electronics,Islamabad,2,90000,0.24789855891604168,135378.25939511252
2025-04-29 19:36:25.637127424,Customer_754,Keyboard,Accessories,Sindh,2,5000,0.07350992750999977,9264.900724900002
2025-04-29 23:06:42.560512104,Customer_906,Smartphone,Electronics,Balochistan,5,90000,0.17756083548181478,370097.6240331833
2025-04-30 02:36:59.483896776,Customer_713,Tablet,Electronics,Sindh,2,60000,0.028849964570207054,116538.00425157516
2025-04-30 06:07:16.407281456,Customer_156,Monitor,Electronics,Balochistan,5,45000,0.10170232283921235,202116.97736117724
2025-04-30 09:37:33.330666136,Customer_408,Headphones,Accessories,KPK,2,8000,0.2119929233281476,12608.11322674964
2025-04-30 13:07:50.254050808,Customer_787,Monitor,Electronics,Balochistan,3,45000,0.09191451151477709,122591.5409455051
2025-04-30 16:38:07.177435488,Customer_225,Headphones,Accessories,Balochistan,2,8000,0.14777384513390351,13635.618477857544
2025-04-30 20:08:24.100820168,Customer_580,Tablet,Electronics,Punjab,4,60000,0.12594336093115852,209773.59337652195
2025-04-30 23:38:41.024204840,Customer_184,Monitor,Electronics,Sindh,5,45000,0.16148788277801127,188665.22637494747
2025-05-01 03:08:57.947589520,Customer_195,Keyboard,Accessories,KPK,1,5000,0.24322359734692373,3783.882013265382
2025-05-01 06:39:14.870974192,Customer_554,Mouse,Accessories,Sindh,1,3000,0.01393388162535053,2958.1983551239487
2025-05-01 10:09:31.794358872,Customer_396,Keyboard,Accessories,Balochistan,5,5000,0.14349037937540743,21412.740515614816
2025-05-01 13:39:48.717743552,Customer_914,Smartphone,Electronics,Balochistan,3,90000,0.2157571948125712,211745.5574006058
2025-05-01 17:10:05.641128224,Customer_663,Keyboard,Accessories,Sindh,2,5000,0.12034567793710688,8796.543220628932
2025-05-01 20:40:22.564512904,Customer_596,Tablet,Electronics,KPK,3,60000,0.019631796485393205,176466.27663262925
2025-05-02 00:10:39.487897584,Customer_134,Laptop,Electronics,KPK,1,150000,0.14013483810419272,128979.7742843711
2025-05-02 03:40:56.411282256,Customer_309,Smartphone,Electronics,Punjab,5,90000,0.08301847270595511,412641.6872823202
2025-05-02 07:11:13.334666936,Customer_866,Monitor,Electronics,Balochistan,5,45000,0.038735446334483975,216284.5245747411
2025-05-02 10:41:30.258051608,Customer_810,Smartphone,Electronics,Balochistan,3,90000,0.21225862832086825,212690.17035336557
2025-05-02 14:11:47.181436288,Customer_962,Mouse,Accessories,Punjab,3,3000,0.1303998782477804,7826.401095769977
2025-05-02 17:42:04.104820968,Customer_542,Headphones,Accessories,Sindh,2,8000,0.23331910309476667,12266.894350483733
2025-05-02 21:12:21.028205640,Customer_9,Monitor,Electronics,Balochistan,4,45000,0.20150412615076727,143729.25729286188
2025-05-03 00:42:37.951590320,Customer_987,Smartwatch,Wearables,Sindh,4,25000,0.17324294844341684,82675.70515565832
2025-05-03 04:12:54.874974992,Customer_170,Smartphone,Electronics,KPK,2,90000,0.0012563758413279835,179773.85234856096
2025-05-03 07:43:11.798359672,Customer_290,Monitor,Electronics,Islamabad,4,45000,0.10695586415956249,160747.94445127874
2025-05-03 11:13:28.721744352,Customer_168,Monitor,Electronics,Punjab,1,45000,0.049371570413008076,42778.27933141463
2025-05-03 14:43:45.645129024,Customer_344,Monitor,Electronics,Balochistan,4,45000,0.22769947776221694,139014.09400280094
2025-05-03 18:14:02.568513704,Customer_497,Headphones,Accessories,Punjab,2,8000,0.04364599616909007,15301.66406129456
2025-05-03 21:44:19.491898384,Customer_145,Smartwatch,Wearables,KPK,4,25000,0.07151501291482137,92848.49870851786
2025-05-04 01:14:36.415283056,Customer_413,Tablet,Electronics,KPK,5,60000,0.1292091919336248,261237.24241991257
2025-05-04 04:44:53.338667736,Customer_740,Keyboard,Accessories,KPK,3,5000,0.06584090474951981,14012.386428757201
2025-05-04 08:15:10.262052408,Customer_818,Monitor,Electronics,KPK,1,45000,0.05246616931978029,42639.02238060989
2025-05-04 11:45:27.185437088,Customer_588,Laptop,Electronics,Islamabad,5,150000,0.1497748312756881,637668.8765432339
2025-05-04 15:15:44.108821768,Customer_735,Tablet,Electronics,Sindh,5,60000,0.022232380688755965,293330.2857933732
2025-05-04 18:46:01.032206440,Customer_689,Mouse,Accessories,Sindh,2,3000,0.01454193968023118,5912.748361918612
2025-05-04 22:16:17.955591120,Customer_457,Headphones,Accessories,Islamabad,3,8000,0.09306132379651785,21766.52822888357
2025-05-05 01:46:34.878975792,Customer_701,Smartphone,Electronics,Sindh,3,90000,0.18016611362696558,221355.1493207193
2025-05-05 05:16:51.802360472,Customer_979,Headphones,Accessories,KPK,1,8000,0.138701689568487,6890.386483452105
2025-05-05 08:47:08.725745152,Customer_302,Smartphone,Electronics,Sindh,2,90000,0.10571911711669471,160970.55891899497
2025-05-05 12:17:25.649129824,Customer_46,Headphones,Accessories,Punjab,1,8000,0.1414378910561456,6868.496871550836
2025-05-05 15:47:42.572514504,Customer_894,Smartphone,Electronics,Sindh,4,90000,0.0913628711633184,327109.3663812054
2025-05-05 19:17:59.495899184,Customer_17,Monitor,Electronics,Punjab,5,45000,0.23403658385802822,172341.76863194365
2025-05-05 22:48:16.419283856,Customer_578,Keyboard,Accessories,Balochistan,1,5000,0.013726222727693582,4931.3688863615325
2025-05-06 02:18:33.342668536,Customer_360,Smartphone,Electronics,Punjab,5,90000,0.1683478697574588,374243.45860914356
2025-05-06 05:48:50.266053208,Customer_261,Smartwatch,Wearables,Punjab,2,25000,0.22282066620693763,38858.96668965312
2025-05-06 09:19:07.189437888,Customer_123,Smartphone,Electronics,KPK,4,90000,0.20097117718381335,287650.37621382717
2025-05-06 12:49:24.112822568,Customer_231,Laptop,Electronics,KPK,2,150000,0.046010258705361684,286196.9223883915
2025-05-06 16:19:41.036207240,Customer_950,Smartphone,Electronics,KPK,4,90000,0.07398158724507209,333366.62859177403
2025-05-06 19:49:57.959591920,Customer_637,Laptop,Electronics,Punjab,4,150000,0.17926198467677618,492442.80919393426
2025-05-06 23:20:14.882976592,Customer_112,Mouse,Accessories,Islamabad,5,3000,0.021067639795191384,14683.985403072129
2025-05-07 02:50:31.806361272,Customer_784,Monitor,Electronics,KPK,2,45000,0.202965424958146,71733.11175376685
2025-05-07 06:20:48.729745952,Customer_593,Laptop,Electronics,KPK,2,150000,0.17972673615119758,246081.97915464072
2025-05-07 09:51:05.653130624,Customer_246,Keyboard,Accessories,Punjab,1,5000,0.18240166230883564,4087.991688455822
2025-05-07 13:21:22.576515304,Customer_859,Tablet,Electronics,Balochistan,2,60000,0.025060342566897847,116992.75889197226
2025-05-07 16:51:39.499899984,Customer_391,Monitor,Electronics,Balochistan,1,45000,0.17944013620405772,36925.1938708174
2025-05-07 20:21:56.423284656,Customer_392,Laptop,Electronics,Sindh,3,150000,0.1699545313049925,373520.46091275336
2025-05-07 23:52:13.346669336,Customer_328,Monitor,Electronics,Balochistan,3,45000,0.20773062270546264,106956.36593476255
2025-05-08 03:22:30.270054008,Customer_215,Smartwatch,Wearables,KPK,3,25000,0.010398989064117375,74220.0758201912
2025-05-08 06:52:47.193438688,Customer_864,Monitor,Electronics,Islamabad,2,45000,0.005777667116948049,89480.00995947467
2025-05-08 10:23:04.116823368,Customer_747,Monitor,Electronics,Sindh,2,45000,0.09325177496964018,81607.34025273238
2025-05-08 13:53:21.040208040,Customer_367,Mouse,Accessories,Islamabad,1,3000,0.03719707096228822,2888.4087871131355
2025-05-08 17:23:37.963592720,Customer_82,Keyboard,Accessories,Islamabad,4,5000,0.13959611939255548,17208.077612148893
2025-05-08 20:53:54.886977400,Customer_806,Headphones,Accessories,KPK,1,8000,0.22933722537668721,6165.302196986502
2025-05-09 00:24:11.810362072,Customer_822,Headphones,Accessories,Punjab,3,8000,0.09786993258350393,21651.121617995905
2025-05-09 03:54:28.733746752,Customer_76,Laptop,Electronics,Punjab,1,150000,0.21123759431815103,118314.36085227734
2025-05-09 07:24:45.657131424,Customer_527,Monitor,Electronics,Punjab,4,45000,6.021862946661849e-05,179989.16064669602
2025-05-09 10:55:02.580516104,Customer_732,Laptop,Electronics,Balochistan,2,150000,0.04212866086479605,287361.4017405612
2025-05-09 14:25:19.503900784,Customer_503,Mouse,Accessories,Punjab,1,3000,0.007605884913521405,2977.182345259436
2025-05-09 17:55:36.427285456,Customer_742,Mouse,Accessories,KPK,3,3000,0.08203679512876716,8261.668843841095
2025-05-09 21:25:53.350670136,Customer_946,Smartphone,Electronics,Balochistan,3,90000,0.2270473989241257,208697.20229048605
2025-05-10 00:56:10.274054808,Customer_952,Smartwatch,Wearables,Punjab,2,25000,0.024238030899746937,48788.09845501265
2025-05-10 04:26:27.197439488,Customer_479,Mouse,Accessories,Islamabad,1,3000,0.1516024441859501,2545.1926674421497
2025-05-10 07:56:44.120824168,Customer_372,Smartphone,Electronics,KPK,4,90000,0.11287398477986105,319365.36547925003
2025-05-10 11:27:01.044208840,Customer_265,Keyboard,Accessories,KPK,2,5000,0.23461705309145311,7653.829469085469
2025-05-10 14:57:17.967593520,Customer_264,Laptop,Electronics,Sindh,1,150000,0.03062978563427346,145405.532154859
2025-05-10 18:27:34.890978200,Customer_110,Tablet,Electronics,KPK,5,60000,0.053006962625557236,284097.91121233284
2025-05-10 21:57:51.814362872,Customer_915,Keyboard,Accessories,Islamabad,3,5000,0.007385492152873319,14889.2176177069
2025-05-11 01:28:08.737747552,Customer_307,Mouse,Accessories,KPK,4,3000,0.10848381240784344,10698.194251105879
2025-05-11 04:58:25.661132224,Customer_200,Keyboard,Accessories,Sindh,4,5000,0.06945822489116357,18610.835502176727
2025-05-11 08:28:42.584516904,Customer_226,Keyboard,Accessories,KPK,4,5000,0.21747648347258022,15650.470330548396
2025-05-11 11:58:59.507901584,Customer_185,Smartwatch,Wearables,KPK,3,25000,0.15123520329943876,63657.35975254209
2025-05-11 15:29:16.431286256,Customer_964,Smartwatch,Wearables,Sindh,1,25000,0.15352268449392542,21161.932887651863
2025-05-11 18:59:33.354670936,Customer_31,Smartwatch,Wearables,KPK,2,25000,0.1329776742203256,43351.11628898372
2025-05-11 22:29:50.278055608,Customer_614,Keyboard,Accessories,Balochistan,1,5000,0.02296258430730025,4885.187078463498
2025-05-12 02:00:07.201440288,Customer_771,Mouse,Accessories,KPK,2,3000,0.11125467093133881,5332.4719744119675
2025-05-12 05:30:24.124824968,Customer_99,Tablet,Electronics,Punjab,4,60000,0.24987629742712913,180029.688617489
2025-05-12 09:00:41.048209640,Customer_339,Monitor,Electronics,Punjab,1,45000,0.2088073227115037,35603.670477982334
2025-05-12 12:30:57.971594320,Customer_811,Keyboard,Accessories,Balochistan,4,5000,0.22336476354177898,15532.70472916442
2025-05-12 16:01:14.894979000,Customer_797,Smartphone,Electronics,KPK,5,90000,0.20580658981162486,357387.0345847688
2025-05-12 19:31:31.818363672,Customer_266,Mouse,Accessories,Islamabad,4,3000,0.02576042335774567,11690.874919707052
2025-05-12 23:01:48.741748352,Customer_652,Keyboard,Accessories,KPK,4,5000,0.05686206351619991,18862.758729676003
2025-05-13 02:32:05.665133024,Customer_814,Tablet,Electronics,Punjab,2,60000,0.0007804128391024068,119906.35045930771
2025-05-13 06:02:22.588517704,Customer_798,Monitor,Electronics,Sindh,5,45000,0.07587753121952787,207927.55547560623
2025-05-13 09:32:39.511902384,Customer_350,Smartwatch,Wearables,Balochistan,4,25000,0.027151850586623144,97284.81494133768
2025-05-13 13:02:56.435287056,Customer_978,Mouse,Accessories,Sindh,4,3000,0.11819833632539575,10581.61996409525
2025-05-13 16:33:13.358671736,Customer_728,Headphones,Accessories,Islamabad,5,8000,0.16928187214347548,33228.72511426098
2025-05-13 20:03:30.282056408,Customer_544,Monitor,Electronics,KPK,5,45000,0.21862632375951926,175809.07715410815
2025-05-13 23:33:47.205441088,Customer_457,Smartphone,Electronics,Islamabad,1,90000,0.18730429127272455,73142.6137854548
2025-05-14 03:04:04.128825768,Customer_815,Keyboard,Accessories,Sindh,2,5000,0.2346463989446263,7653.536010553737
2025-05-14 06:34:21.052210440,Customer_88,Tablet,Electronics,KPK,5,60000,0.013474572598447199,295957.62822046585
2025-05-14 10:04:37.975595120,Customer_63,Headphones,Accessories,Islamabad,5,8000,0.00304495885413536,39878.20164583458
2025-05-14 13:34:54.898979800,Customer_922,Tablet,Electronics,Punjab,3,60000,0.16533452845905316,150239.78487737043
2025-05-14 17:05:11.822364472,Customer_387,Headphones,Accessories,Punjab,5,8000,0.07233810255556156,37106.475897777535
2025-05-14 20:35:28.745749152,Customer_791,Mouse,Accessories,Balochistan,2,3000,0.06337525402644328,5619.74847584134
2025-05-15 00:05:45.669133824,Customer_459,Headphones,Accessories,Punjab,4,8000,0.08272177192344857,29352.903298449648
2025-05-15 03:36:02.592518504,Customer_586,Smartphone,Electronics,Punjab,4,90000,0.06744901447309104,335718.3547896872
2025-05-15 07:06:19.515903184,Customer_818,Smartphone,Electronics,Sindh,4,90000,0.12785910157539682,313970.72343285714
2025-05-15 10:36:36.439287856,Customer_932,Laptop,Electronics,Punjab,4,150000,0.11003711180603312,533977.7329163802
2025-05-15 14:06:53.362672536,Customer_636,Smartphone,Electronics,Punjab,3,90000,0.12810713784416408,235411.0727820757
2025-05-15 17:37:10.286057208,Customer_269,Monitor,Electronics,Sindh,5,45000,0.16817840287510905,187159.85935310047
2025-05-15 21:07:27.209441888,Customer_894,Headphones,Accessories,Punjab,4,8000,0.09678262724278708,28902.955928230815
2025-05-16 00:37:44.132826568,Customer_797,Smartphone,Electronics,Punjab,1,90000,0.0628269217855392,84345.57703930147
2025-05-16 04:08:01.056211240,Customer_934,Mouse,Accessories,Balochistan,4,3000,0.04155013420218637,11501.398389573764
2025-05-16 07:38:17.979595920,Customer_973,Tablet,Electronics,Punjab,5,60000,0.08736852988315638,273789.4410350531
2025-05-16 11:08:34.902980600,Customer_633,Smartwatch,Wearables,Punjab,4,25000,0.185451618811543,81454.8381188457
2025-05-16 14:38:51.826365272,Customer_346,Tablet,Electronics,Balochistan,3,60000,0.1891762275278674,145948.27904498385
2025-05-16 18:09:08.749749952,Customer_724,Laptop,Electronics,Sindh,2,150000,0.16672634667105257,249982.09599868424
2025-05-16 21:39:25.673134624,Customer_901,Tablet,Electronics,Punjab,2,60000,0.05850704382671865,112979.15474079376
2025-05-17 01:09:42.596519304,Customer_660,Headphones,Accessories,Islamabad,5,8000,0.14702156146367443,34119.13754145303
2025-05-17 04:39:59.519903984,Customer_78,Laptop,Electronics,Sindh,2,150000,0.142672415394212,257198.2753817364
2025-05-17 08:10:16.443288656,Customer_365,Headphones,Accessories,Sindh,2,8000,0.12106654952743137,14062.935207561099
2025-05-17 11:40:33.366673336,Customer_14,Mouse,Accessories,Punjab,1,3000,0.13749474659596606,2587.5157602121017
2025-05-17 15:10:50.290058016,Customer_136,Laptop,Electronics,Balochistan,5,150000,0.12294765815591702,657789.2563830622
2025-05-17 18:41:07.213442688,Customer_304,Keyboard,Accessories,Sindh,5,5000,0.14136409151852705,21465.897712036825
2025-05-17 22:11:24.136827368,Customer_397,Monitor,Electronics,Balochistan,2,45000,0.1788764886552822,73901.1160210246
2025-05-18 01:41:41.060212040,Customer_792,Monitor,Electronics,Islamabad,2,45000,0.027407048600859935,87533.3656259226
2025-05-18 05:11:57.983596720,Customer_79,Headphones,Accessories,Balochistan,2,8000,0.18740643803725593,13001.496991403905
2025-05-18 08:42:14.906981400,Customer_755,Tablet,Electronics,KPK,3,60000,0.03397153753189855,173885.12324425825
2025-05-18 12:12:31.830366072,Customer_705,Smartwatch,Wearables,Balochistan,4,25000,0.016656999602593675,98334.30003974063
2025-05-18 15:42:48.753750752,Customer_982,Smartwatch,Wearables,Sindh,3,25000,0.2440199215553669,56698.50588334748
2025-05-18 19:13:05.677135424,Customer_418,Keyboard,Accessories,Balochistan,5,5000,0.23924794221761037,19018.80144455974
2025-05-18 22:43:22.600520104,Customer_242,Laptop,Electronics,Balochistan,1,150000,0.015109136235141013,147733.62956472885
2025-05-19 02:13:39.523904784,Customer_51,Keyboard,Accessories,KPK,4,5000,0.11081336036874054,17783.73279262519
2025-05-19 05:43:56.447289456,Customer_744,Keyboard,Accessories,KPK,1,5000,0.04656123457494368,4767.193827125282
2025-05-19 09:14:13.370674136,Customer_771,Tablet,Electronics,Punjab,5,60000,0.12133622428360452,263599.13271491864
2025-05-19 12:44:30.294058816,Customer_384,Smartwatch,Wearables,Sindh,5,25000,0.20754431074989685,99056.96115626289
2025-05-19 16:14:47.217443488,Customer_375,Laptop,Electronics,Punjab,1,150000,0.23765294368572257,114352.05844714162
2025-05-19 19:45:04.140828168,Customer_730,Mouse,Accessories,KPK,1,3000,0.15856316336288434,2524.310509911347
2025-05-19 23:15:21.064212840,Customer_206,Tablet,Electronics,Balochistan,1,60000,0.08847641680295426,54691.41499182274
2025-05-20 02:45:37.987597520,Customer_826,Keyboard,Accessories,KPK,5,5000,0.1508313914111496,21229.21521472126
2025-05-20 06:15:54.910982200,Customer_489,Keyboard,Accessories,Islamabad,2,5000,0.07800032652711258,9219.996734728875
2025-05-20 09:46:11.834366872,Customer_381,Mouse,Accessories,Balochistan,1,3000,0.2274559102080151,2317.6322693759544
2025-05-20 13:16:28.757751552,Customer_968,Keyboard,Accessories,Punjab,4,5000,0.21760011577645924,15647.997684470816
2025-05-20 16:46:45.681136224,Customer_881,Keyboard,Accessories,Balochistan,5,5000,0.13955793756991525,21511.05156075212
2025-05-20 20:17:02.604520904,Customer_311,Keyboard,Accessories,Islamabad,3,5000,0.08119972884509014,13782.004067323649
2025-05-20 23:47:19.527905584,Customer_375,Monitor,Electronics,KPK,3,45000,0.07334741889574459,125098.09844907447
2025-05-21 03:17:36.451290256,Customer_632,Tablet,Electronics,Sindh,4,60000,0.008354498676264865,237994.9203176964
2025-05-21 06:47:53.374674936,Customer_592,Smartphone,Electronics,Sindh,2,90000,0.2039552127563238,143288.06170386172
2025-05-21 10:18:10.298059616,Customer_42,Tablet,Electronics,Sindh,1,60000,0.11259580325975199,53244.251804414875
2025-05-21 13:48:27.221444288,Customer_533,Mouse,Accessories,KPK,5,3000,0.0812832321000661,13780.75151849901
2025-05-21 17:18:44.144828968,Customer_522,Keyboard,Accessories,Sindh,1,5000,0.11777758874943847,4411.112056252808
2025-05-21 20:49:01.068213640,Customer_825,Tablet,Electronics,Islamabad,5,60000,0.204684497613663,238594.65071590108
2025-05-22 00:19:17.991598320,Customer_153,Monitor,Electronics,KPK,3,45000,0.031153551926880296,130794.27048987117
2025-05-22 03:49:34.914983000,Customer_312,Smartwatch,Wearables,Sindh,1,25000,0.21441399706045683,19639.650073488578
2025-05-22 07:19:51.838367672,Customer_294,Mouse,Accessories,Punjab,4,3000,0.2243772087770885,9307.473494674938
2025-05-22 10:50:08.761752352,Customer_598,Headphones,Accessories,KPK,2,8000,0.23667697875847205,12213.168339864447
2025-05-22 14:20:25.685137024,Customer_113,Tablet,Electronics,KPK,4,60000,0.09937199810565694,216150.72045464235
2025-05-22 17:50:42.608521704,Customer_701,Headphones,Accessories,Balochistan,2,8000,0.05428510100941797,15131.438383849312
2025-05-22 21:20:59.531906384,Customer_112,Keyboard,Accessories,Sindh,1,5000,0.09341020461667462,4532.948976916627
2025-05-23 00:51:16.455291056,Customer_175,Monitor,Electronics,Punjab,1,45000,0.08322802405785082,41254.73891739672
2025-05-23 04:21:33.378675736,Customer_822,Monitor,Electronics,Islamabad,2,45000,0.044038478125715014,86036.53696868564
2025-05-23 07:51:50.302060416,Customer_302,Tablet,Electronics,KPK,3,60000,0.15181666752537198,152672.99984543302
2025-05-23 11:22:07.225445088,Customer_964,Mouse,Accessories,Islamabad,5,3000,0.11915604012715722,13212.659398092643
2025-05-23 14:52:24.148829768,Customer_516,Mouse,Accessories,Islamabad,4,3000,0.21642524808100091,9402.897023027988
2025-05-23 18:22:41.072214440,Customer_734,Monitor,Electronics,Islamabad,4,45000,0.008027395120514563,178555.0688783074
2025-05-23 21:52:57.995599120,Customer_962,Mouse,Accessories,Balochistan,4,3000,0.16096698188878159,10068.39621733462
2025-05-24 01:23:14.918983800,Customer_221,Monitor,Electronics,Islamabad,1,45000,0.19073721962789028,36416.82511674494
2025-05-24 04:53:31.842368472,Customer_171,Tablet,Electronics,Sindh,4,60000,0.18987164229707676,194430.80584870157
2025-05-24 08:23:48.765753152,Customer_318,Smartphone,Electronics,Sindh,5,90000,0.22151849177388128,350316.67870175344
2025-05-24 11:54:05.689137832,Customer_996,Monitor,Electronics,Punjab,5,45000,0.18225843570737352,183991.85196584096
2025-05-24 15:24:22.612522504,Customer_213,Headphones,Accessories,Punjab,2,8000,0.23195251541192408,12288.759753409215
2025-05-24 18:54:39.535907184,Customer_253,Mouse,Accessories,Islamabad,1,3000,0.08316414995522287,2750.5075501343313
2025-05-24 22:24:56.459291856,Customer_124,Monitor,Electronics,Islamabad,5,45000,0.12580235418788577,196694.4703077257
2025-05-25 01:55:13.382676536,Customer_640,Monitor,Electronics,Balochistan,3,45000,0.003519915820722669,134524.81136420244
2025-05-25 05:25:30.306061216,Customer_213,Tablet,Electronics,Islamabad,1,60000,0.0017393968258228032,59895.636190450634
2025-05-25 08:55:47.229445888,Customer_624,Mouse,Accessories,Islamabad,1,3000,0.06003165511287997,2819.90503466136
2025-05-25 12:26:04.152830568,Customer_85,Smartphone,Electronics,Islamabad,5,90000,0.025201799284771315,438659.1903218529
2025-05-25 15:56:21.076215240,Customer_516,Tablet,Electronics,KPK,3,60000,0.0650528419839384,168290.48844289107
2025-05-25 19:26:37.999599920,Customer_65,Smartphone,Electronics,KPK,2,90000,0.04426082363209935,172033.0517462221
2025-05-25 22:56:54.922984600,Customer_318,Smartwatch,Wearables,Balochistan,5,25000,0.00713000620966206,124108.74922379224
2025-05-26 02:27:11.846369272,Customer_346,Tablet,Electronics,Balochistan,3,60000,0.22732603660151235,139081.31341172778
2025-05-26 05:57:28.769753952,Customer_632,Mouse,Accessories,Sindh,1,3000,0.002055782847222881,2993.8326514583314
2025-05-26 09:27:45.693138632,Customer_243,Laptop,Electronics,Balochistan,3,150000,0.18402053608427135,367190.7587620779
2025-05-26 12:58:02.616523304,Customer_898,Mouse,Accessories,Sindh,1,3000,0.03803697172987913,2885.8890848103624
2025-05-26 16:28:19.539907984,Customer_137,Mouse,Accessories,Islamabad,5,3000,0.2280574054999,11579.1389175015
2025-05-26 19:58:36.463292656,Customer_247,Smartphone,Electronics,Balochistan,5,90000,0.22319898489747145,349560.45679613785
2025-05-26 23:28:53.386677336,Customer_441,Smartphone,Electronics,Balochistan,4,90000,0.16347528659231433,301148.89682676684
2025-05-27 02:59:10.310062016,Customer_45,Mouse,Accessories,Balochistan,4,3000,0.16805853745015129,9983.297550598185
2025-05-27 06:29:27.233446688,Customer_658,Mouse,Accessories,Sindh,4,3000,0.0013347854924221358,11983.982574090935
2025-05-27 09:59:44.156831368,Customer_880,Mouse,Accessories,Sindh,5,3000,0.2462178915284005,11306.731627073992
2025-05-27 13:30:01.080216040,Customer_688,Smartphone,Electronics,Punjab,2,90000,0.2194581508939536,140497.53283908835
2025-05-27 17:00:18.003600720,Customer_554,Mouse,Accessories,Sindh,5,3000,0.223776556432523,11643.351653512154
2025-05-27 20:30:34.926985400,Customer_809,Mouse,Accessories,Sindh,3,3000,0.16481113426271798,7516.6997916355385
2025-05-28 00:00:51.850370072,Customer_971,Smartwatch,Wearables,KPK,5,25000,0.08619673216363413,114225.40847954573
2025-05-28 03:31:08.773754752,Customer_89,Keyboard,Accessories,Balochistan,5,5000,0.2234121622726202,19414.695943184495
2025-05-28 07:01:25.697139432,Customer_730,Laptop,Electronics,Sindh,1,150000,0.07287923203779809,139068.11519433028
2025-05-28 10:31:42.620524104,Customer_954,Headphones,Accessories,Balochistan,1,8000,0.14067788583555071,6874.576913315594
2025-05-28 14:01:59.543908784,Customer_228,Laptop,Electronics,Balochistan,1,150000,0.0249327430859706,146260.0885371044
2025-05-28 17:32:16.467293456,Customer_810,Keyboard,Accessories,KPK,5,5000,0.23048890753318754,19237.777311670314
2025-05-28 21:02:33.390678136,Customer_291,Headphones,Accessories,Balochistan,2,8000,0.03519261444280333,15436.918168915146
2025-05-29 00:32:50.314062816,Customer_422,Tablet,Electronics,Sindh,3,60000,0.05622420143260182,169879.64374213168
2025-05-29 04:03:07.237447488,Customer_67,Mouse,Accessories,Balochistan,3,3000,0.13953353953205375,7744.198144211517
2025-05-29 07:33:24.160832168,Customer_251,Keyboard,Accessories,Punjab,2,5000,0.19102325005324539,8089.767499467546
2025-05-29 11:03:41.084216840,Customer_41,Smartwatch,Wearables,Punjab,2,25000,0.15483782648407474,42258.10867579626
2025-05-29 14:33:58.007601520,Customer_99,Tablet,Electronics,KPK,3,60000,0.05803347820003904,169553.97392399298
2025-05-29 18:04:14.930986200,Customer_306,Mouse,Accessories,Sindh,4,3000,0.00023576063187258356,11997.17087241753
2025-05-29 21:34:31.854370872,Customer_872,Smartphone,Electronics,KPK,1,90000,0.1892876450768598,72964.11194308262
2025-05-30 01:04:48.777755552,Customer_854,Monitor,Electronics,Punjab,1,45000,0.24630183147777343,33916.417583500195
2025-05-30 04:35:05.701140232,Customer_456,Keyboard,Accessories,Sindh,3,5000,0.2024782800765226,11962.825798852162
2025-05-30 08:05:22.624524904,Customer_591,Smartphone,Electronics,Balochistan,2,90000,0.11505165453915384,159290.70218295231
2025-05-30 11:35:39.547909584,Customer_301,Keyboard,Accessories,Sindh,4,5000,0.22594181534977664,15481.163693004468
2025-05-30 15:05:56.471294256,Customer_199,Smartwatch,Wearables,Islamabad,3,25000,0.1024619182795875,67315.35612903093
2025-05-30 18:36:13.394678936,Customer_659,Keyboard,Accessories,Sindh,1,5000,0.1312335210608669,4343.832394695666
2025-05-30 22:06:30.318063616,Customer_488,Smartphone,Electronics,Balochistan,5,90000,0.11928244184892081,396322.90116798563
2025-05-31 01:36:47.241448288,Customer_106,Smartwatch,Wearables,Islamabad,2,25000,0.11190596816638124,44404.70159168094
2025-05-31 05:07:04.164832968,Customer_401,Headphones,Accessories,KPK,5,8000,0.19379769232347643,32248.092307060942
2025-05-31 08:37:21.088217648,Customer_705,Laptop,Electronics,Sindh,3,150000,0.131692226817373,390738.49793218216
2025-05-31 12:07:38.011602320,Customer_477,Mouse,Accessories,KPK,1,3000,0.07917928050630402,2762.462158481088
2025-05-31 15:37:54.934987000,Customer_122,Keyboard,Accessories,Sindh,4,5000,0.06453954191461958,18709.20916170761
2025-05-31 19:08:11.858371672,Customer_77,Mouse,Accessories,Punjab,5,3000,0.009436829241858347,14858.447561372126
2025-05-31 22:38:28.781756352,Customer_312,Monitor,Electronics,Punjab,4,45000,0.1457987904707615,153756.21771526293
2025-06-01 02:08:45.705141032,Customer_112,Smartphone,Electronics,Balochistan,1,90000,0.05749035385025855,84825.86815347672
2025-06-01 05:39:02.628525704,Customer_861,Mouse,Accessories,Punjab,5,3000,0.03703348050409577,14444.497792438564
2025-06-01 09:09:19.551910384,Customer_809,Smartphone,Electronics,Islamabad,4,90000,0.16345749095691942,301155.303255509
2025-06-01 12:39:36.475295056,Customer_682,Mouse,Accessories,Islamabad,4,3000,0.1703023144553872,9956.372226535354
2025-06-01 16:09:53.398679736,Customer_518,Laptop,Electronics,Sindh,5,150000,0.1880387230644165,608970.9577016876
2025-06-01 19:40:10.322064416,Customer_197,Laptop,Electronics,KPK,1,150000,0.12589422408464787,131115.8663873028
2025-06-01 23:10:27.245449088,Customer_98,Smartwatch,Wearables,Islamabad,4,25000,0.22351365130097164,77648.63486990283
2025-06-02 02:40:44.168833768,Customer_459,Laptop,Electronics,Sindh,3,150000,0.23408568834955695,344661.44024269935
2025-06-02 06:11:01.092218448,Customer_841,Smartwatch,Wearables,KPK,5,25000,0.20184273494812235,99769.65813148471
2025-06-02 09:41:18.015603120,Customer_230,Laptop,Electronics,Punjab,2,150000,0.1588983705020468,252330.48884938596
2025-06-02 13:11:34.938987800,Customer_168,Laptop,Electronics,Sindh,2,150000,0.07593023839779717,277220.9284806609
2025-06-02 16:41:51.862372472,Customer_809,Laptop,Electronics,KPK,1,150000,0.2457362304050553,113139.5654392417
2025-06-02 20:12:08.785757152,Customer_777,Smartphone,Electronics,Balochistan,3,90000,0.06853404179798459,251495.80871454417
2025-06-02 23:42:25.709141832,Customer_8,Keyboard,Accessories,Balochistan,4,5000,0.050664230497607765,18986.715390047844
2025-06-03 03:12:42.632526504,Customer_172,Smartwatch,Wearables,Islamabad,2,25000,0.11053852844664569,44473.07357766772
2025-06-03 06:42:59.555911184,Customer_954,Mouse,Accessories,KPK,1,3000,0.014210142678097115,2957.3695719657085
2025-06-03 10:13:16.479295856,Customer_360,Laptop,Electronics,Balochistan,3,150000,0.2446236161679477,339919.37272442353
2025-06-03 13:43:33.402680536,Customer_195,Smartphone,Electronics,Islamabad,3,90000,0.1471083891041062,230280.73494189134
2025-06-03 17:13:50.326065216,Customer_269,Smartphone,Electronics,Sindh,1,90000,0.1392380229160438,77468.57793755605
2025-06-03 20:44:07.249449888,Customer_19,Smartphone,Electronics,Sindh,1,90000,0.16394906997492997,75244.5837022563
2025-06-04 00:14:24.172834568,Customer_354,Smartwatch,Wearables,KPK,4,25000,0.12425591194430166,87574.40880556984
2025-06-04 03:44:41.096219248,Customer_864,Keyboard,Accessories,KPK,1,5000,0.008015879273635396,4959.920603631824
2025-06-04 07:14:58.019603920,Customer_49,Smartwatch,Wearables,KPK,4,25000,0.1530778222100992,84692.21777899007
2025-06-04 10:45:14.942988600,Customer_464,Mouse,Accessories,KPK,4,3000,0.17904346923910766,9851.478369130708
2025-06-04 14:15:31.866373272,Customer_356,Keyboard,Accessories,Balochistan,5,5000,0.10418726515601329,22395.318371099667
2025-06-04 17:45:48.789757952,Customer_850,Headphones,Accessories,Balochistan,3,8000,0.18932389301779823,19456.22656757284
2025-06-04 21:16:05.713142632,Customer_974,Tablet,Electronics,Islamabad,3,60000,0.056750324834605154,169784.94152977108
2025-06-05 00:46:22.636527304,Customer_158,Smartphone,Electronics,Balochistan,3,90000,0.055319147766546006,255063.83010303258
2025-06-05 04:16:39.559911984,Customer_66,Smartwatch,Wearables,Sindh,5,25000,0.04035424692189349,119955.71913476332
2025-06-05 07:46:56.483296656,Customer_973,Headphones,Accessories,Islamabad,4,8000,0.09299868994729046,29024.041921686705
2025-06-05 11:17:13.406681336,Customer_859,Monitor,Electronics,Balochistan,4,45000,0.21175300884727088,141884.45840749124
2025-06-05 14:47:30.330066016,Customer_571,Smartwatch,Wearables,KPK,1,25000,0.20697801553726608,19825.54961156835
2025-06-05 18:17:47.253450688,Customer_821,Laptop,Electronics,Balochistan,5,150000,0.09570605199087595,678220.4610068431
2025-06-05 21:48:04.176835368,Customer_308,Tablet,Electronics,Punjab,1,60000,0.14727968399505914,51163.21896029645
2025-06-06 01:18:21.100220048,Customer_337,Laptop,Electronics,Islamabad,5,150000,0.1802040791187289,614846.9406609533
2025-06-06 04:48:38.023604720,Customer_671,Keyboard,Accessories,Balochistan,1,5000,0.060301693657005745,4698.491531714971
2025-06-06 08:18:54.946989400,Customer_783,Tablet,Electronics,Balochistan,2,60000,0.04203527147368677,114955.76742315758
2025-06-06 11:49:11.870374072,Customer_121,Smartwatch,Wearables,Sindh,3,25000,0.24302399830307775,56773.20012726917
2025-06-06 15:19:28.793758752,Customer_766,Mouse,Accessories,KPK,3,3000,0.15438932830240462,7610.496045278359
2025-06-06 18:49:45.717143432,Customer_404,Headphones,Accessories,KPK,4,8000,0.24535393045841597,24148.674225330687
2025-06-06 22:20:02.640528104,Customer_773,Mouse,Accessories,Sindh,2,3000,0.08443899678305727,5493.366019301657
2025-06-07 01:50:19.563912784,Customer_647,Smartwatch,Wearables,Sindh,3,25000,0.17575792499353288,61818.15562548504
2025-06-07 05:20:36.487297464,Customer_786,Keyboard,Accessories,Punjab,4,5000,0.05565090913530943,18886.98181729381
2025-06-07 08:50:53.410682136,Customer_568,Laptop,Electronics,Islamabad,2,150000,0.06530004281847823,280409.98715445655
2025-06-07 12:21:10.334066816,Customer_843,Tablet,Electronics,KPK,3,60000,0.127975530317406,156964.40454286692
2025-06-07 15:51:27.257451488,Customer_96,Mouse,Accessories,Sindh,1,3000,0.0799045313770178,2760.2864058689465
2025-06-07 19:21:44.180836168,Customer_114,Smartwatch,Wearables,Sindh,5,25000,0.041905390960146116,119761.82612998174
2025-06-07 22:52:01.104220848,Customer_987,Mouse,Accessories,Islamabad,2,3000,0.0657201754973315,5605.678947016011
2025-06-08 02:22:18.027605520,Customer_986,Smartwatch,Wearables,Sindh,4,25000,0.00893709861646616,99106.29013835338
2025-06-08 05:52:34.950990200,Customer_869,Laptop,Electronics,Punjab,2,150000,0.17610590536937165,247168.2283891885
2025-06-08 09:22:51.874374872,Customer_429,Tablet,Electronics,Islamabad,4,60000,0.1230291642714654,210473.00057484832
2025-06-08 12:53:08.797759552,Customer_540,Headphones,Accessories,Punjab,2,8000,0.023560766601131405,15623.027734381898
2025-06-08 16:23:25.721144232,Customer_818,Laptop,Electronics,Balochistan,4,150000,0.0429234982821228,574245.9010307263
2025-06-08 19:53:42.644528904,Customer_2,Mouse,Accessories,KPK,3,3000,0.025633634528161003,8769.297289246551
2025-06-08 23:23:59.567913584,Customer_212,Headphones,Accessories,Sindh,1,8000,0.15314820206896912,6774.814383448246
2025-06-09 02:54:16.491298264,Customer_580,Smartwatch,Wearables,Islamabad,3,25000,0.02355259090312345,73233.55568226574
2025-06-09 06:24:33.414682936,Customer_640,Headphones,Accessories,Punjab,1,8000,0.18857058325880402,6491.435333929568
2025-06-09 09:54:50.338067616,Customer_333,Smartwatch,Wearables,KPK,3,25000,0.005127729830097794,74615.42026274267
2025-06-09 13:25:07.261452288,Customer_24,Laptop,Electronics,KPK,3,150000,0.06234394699897303,421945.2238504621
2025-06-09 16:55:24.184836968,Customer_765,Mouse,Accessories,Sindh,2,3000,0.2226666689729768,4663.999986162139
2025-06-09 20:25:41.108221648,Customer_368,Keyboard,Accessories,KPK,5,5000,0.1796328295305615,20509.179261735964
2025-06-09 23:55:58.031606320,Customer_742,Mouse,Accessories,Sindh,4,3000,0.01824208323142193,11781.095001222937
2025-06-10 03:26:14.954991000,Customer_506,Smartwatch,Wearables,Balochistan,4,25000,0.20528152612129494,79471.84738787051
2025-06-10 06:56:31.878375672,Customer_1000,Smartphone,Electronics,Sindh,4,90000,0.1232587803850512,315626.8390613816
2025-06-10 10:26:48.801760352,Customer_176,Tablet,Electronics,Punjab,1,60000,0.2116957567922073,47298.25459246756
2025-06-10 13:57:05.725145032,Customer_429,Monitor,Electronics,KPK,4,45000,0.15018494361259835,152966.7101497323
2025-06-10 17:27:22.648529704,Customer_887,Keyboard,Accessories,KPK,4,5000,0.17045825800821468,16590.834839835705
2025-06-10 20:57:39.571914384,Customer_733,Headphones,Accessories,KPK,2,8000,0.24837539009892703,12025.993758417168
2025-06-11 00:27:56.495299064,Customer_442,Keyboard,Accessories,Sindh,3,5000,0.05808388648100454,14128.741702784933
2025-06-11 03:58:13.418683736,Customer_548,Tablet,Electronics,Islamabad,4,60000,0.15598639369034709,202563.2655143167
2025-06-11 07:28:30.342068416,Customer_514,Headphones,Accessories,Sindh,5,8000,0.11508034751434959,35396.78609942602
2025-06-11 10:58:47.265453088,Customer_895,Tablet,Electronics,Punjab,4,60000,0.009862988230672859,237632.8828246385
2025-06-11 14:29:04.188837768,Customer_361,Headphones,Accessories,Sindh,1,8000,0.0036176603757162584,7971.058716994269
2025-06-11 17:59:21.112222448,Customer_274,Keyboard,Accessories,KPK,1,5000,0.029807144454464668,4850.964277727677
2025-06-11 21:29:38.035607120,Customer_177,Headphones,Accessories,Balochistan,1,8000,0.16227293513463703,6701.816518922904
2025-06-12 00:59:54.958991800,Customer_264,Headphones,Accessories,Punjab,4,8000,0.14179077197834805,27462.695296692866
2025-06-12 04:30:11.882376472,Customer_186,Smartphone,Electronics,Balochistan,2,90000,0.13835739029093186,155095.66974763226
2025-06-12 08:00:28.805761152,Customer_527,Mouse,Accessories,Punjab,5,3000,0.007964190632065021,14880.537140519025
2025-06-12 11:30:45.729145832,Customer_913,Mouse,Accessories,Punjab,4,3000,0.11732574909000176,10592.09101091998
2025-06-12 15:01:02.652530504,Customer_279,Monitor,Electronics,KPK,2,45000,0.23115570446063213,69195.98659854311
2025-06-12 18:31:19.575915184,Customer_706,Monitor,Electronics,Sindh,2,45000,0.09939796732766165,81054.18294051045
2025-06-12 22:01:36.499299864,Customer_198,Smartwatch,Wearables,KPK,4,25000,0.15623061744711408,84376.9382552886
2025-06-13 01:31:53.422684536,Customer_349,Smartwatch,Wearables,KPK,4,25000,0.1949546689057859,80504.5331094214
2025-06-13 05:02:10.346069216,Customer_923,Smartwatch,Wearables,KPK,2,25000,0.1959813197854719,40200.93401072641
2025-06-13 08:32:27.269453888,Customer_421,Smartphone,Electronics,Balochistan,2,90000,0.12982002059881784,156632.3962922128
2025-06-13 12:02:44.192838568,Customer_305,Monitor,Electronics,Punjab,2,45000,0.21448798635058408,70696.08122844744
2025-06-13 15:33:01.116223248,Customer_64,Tablet,Electronics,Islamabad,4,60000,0.09784452334093674,216517.3143981752
2025-06-13 19:03:18.039607920,Customer_290,Smartwatch,Wearables,Sindh,2,25000,0.2221733036961996,38891.33481519002
2025-06-13 22:33:34.962992600,Customer_18,Smartwatch,Wearables,KPK,1,25000,0.06005679159888633,23498.58021002784
2025-06-14 02:03:51.886377280,Customer_64,Keyboard,Accessories,Punjab,4,5000,0.07005410174764276,18598.917965047145
2025-06-14 05:34:08.809761952,Customer_874,Laptop,Electronics,Sindh,1,150000,0.013280156049750275,148007.97659253745
2025-06-14 09:04:25.733146632,Customer_330,Tablet,Electronics,Islamabad,3,60000,0.19889545913557072,144198.81735559728
2025-06-14 12:34:42.656531304,Customer_870,Smartwatch,Wearables,Islamabad,4,25000,0.1042638090581764,89573.61909418236
2025-06-14 16:04:59.579915984,Customer_763,Smartwatch,Wearables,KPK,3,25000,0.05727915347784976,70704.06348916127
2025-06-14 19:35:16.503300664,Customer_940,Smartwatch,Wearables,Islamabad,2,25000,0.057947569404144916,47102.621529792756
2025-06-14 23:05:33.426685336,Customer_17,Laptop,Electronics,Islamabad,2,150000,0.2253499853073083,232395.00440780752
2025-06-15 02:35:50.350070016,Customer_443,Laptop,Electronics,Sindh,5,150000,0.20847915011525922,593640.6374135556
2025-06-15 06:06:07.273454688,Customer_141,Smartphone,Electronics,Sindh,2,90000,0.13838272133929583,155091.11015892675
2025-06-15 09:36:24.196839368,Customer_308,Tablet,Electronics,KPK,3,60000,0.15402770010393027,152275.01398129255
2025-06-15 13:06:41.120224048,Customer_444,Smartphone,Electronics,Punjab,2,90000,0.11858139263757275,158655.34932523692
2025-06-15 16:36:58.043608720,Customer_496,Headphones,Accessories,KPK,4,8000,0.09791663571970222,28866.66765696953
2025-06-15 20:07:14.966993400,Customer_426,Laptop,Electronics,Balochistan,2,150000,0.22886922030458287,231339.23390862512
2025-06-15 23:37:31.890378080,Customer_475,Keyboard,Accessories,Islamabad,5,5000,0.03140317588007552,24214.920602998114
2025-06-16 03:07:48.813762752,Customer_832,Monitor,Electronics,Punjab,2,45000,0.10461169742905699,80584.94723138487
2025-06-16 06:38:05.737147432,Customer_245,Keyboard,Accessories,Sindh,3,5000,0.08614047699696883,13707.892845045468
2025-06-16 10:08:22.660532104,Customer_450,Monitor,Electronics,Balochistan,3,45000,0.12453768006278709,118187.41319152374
2025-06-16 13:38:39.583916784,Customer_802,Laptop,Electronics,Balochistan,2,150000,0.11440796863629377,265677.60940911184
2025-06-16 17:08:56.507301464,Customer_351,Laptop,Electronics,Islamabad,3,150000,0.12972238291277036,391624.92768925335
2025-06-16 20:39:13.430686136,Customer_599,Laptop,Electronics,Sindh,3,150000,0.03497974430674852,434259.11506196315
2025-06-17 00:09:30.354070816,Customer_711,Smartphone,Electronics,Punjab,5,90000,0.12828537537831927,392271.5810797563
2025-06-17 03:39:47.277455488,Customer_870,Tablet,Electronics,Sindh,4,60000,0.06060470347180272,225454.87116676735
2025-06-17 07:10:04.200840168,Customer_960,Monitor,Electronics,Islamabad,5,45000,0.046082837247047814,214631.36161941424
2025-06-17 10:40:21.124224848,Customer_161,Tablet,Electronics,Balochistan,1,60000,0.016208554696547806,59027.48671820713
2025-06-17 14:10:38.047609520,Customer_140,Smartphone,Electronics,Islamabad,5,90000,0.19066313968903523,364201.5871399341
2025-06-17 17:40:54.970994200,Customer_493,Smartphone,Electronics,KPK,2,90000,0.10686048021413999,160765.1135614548
2025-06-17 21:11:11.894378880,Customer_588,Mouse,Accessories,Balochistan,4,3000,0.1566609208279396,10120.068950064724
2025-06-18 00:41:28.817763552,Customer_531,Keyboard,Accessories,Islamabad,2,5000,0.18189833582618584,8181.0166417381415
2025-06-18 04:11:45.741148232,Customer_393,Keyboard,Accessories,Punjab,1,5000,0.16982916632838838,4150.854168358058
2025-06-18 07:42:02.664532904,Customer_842,Headphones,Accessories,Punjab,4,8000,0.11762517977242057,28235.994247282542
2025-06-18 11:12:19.587917584,Customer_401,Smartwatch,Wearables,Punjab,3,25000,0.09697463223793246,67726.90258215506
2025-06-18 14:42:36.511302264,Customer_50,Smartphone,Electronics,KPK,5,90000,0.09398997741016593,407704.51016542537
2025-06-18 18:12:53.434686936,Customer_744,Monitor,Electronics,Sindh,2,45000,0.16001219923251409,75598.90206907374
2025-06-18 21:43:10.358071616,Customer_295,Mouse,Accessories,Punjab,1,3000,0.12369858873546835,2628.904233793595
2025-06-19 01:13:27.281456288,Customer_425,Mouse,Accessories,KPK,3,3000,0.21228306199712765,7089.452442025851
2025-06-19 04:43:44.204840968,Customer_906,Smartwatch,Wearables,Punjab,5,25000,0.21867549608167802,97665.56298979024
2025-06-19 08:14:01.128225648,Customer_12,Tablet,Electronics,KPK,3,60000,0.042640094501629616,172324.78298970667
2025-06-19 11:44:18.051610320,Customer_335,Smartwatch,Wearables,Punjab,5,25000,0.03405841288643141,120742.69838919607
2025-06-19 15:14:34.974995000,Customer_991,Smartwatch,Wearables,Sindh,4,25000,0.15760023150899988,84239.9768491
2025-06-19 18:44:51.898379680,Customer_15,Smartwatch,Wearables,Islamabad,3,25000,0.07530643701556985,69352.01722383226
2025-06-19 22:15:08.821764352,Customer_28,Keyboard,Accessories,Punjab,3,5000,0.004642679691274715,14930.359804630878
2025-06-20 01:45:25.745149032,Customer_388,Smartphone,Electronics,Islamabad,3,90000,0.22216066734073878,210016.61981800053
2025-06-20 05:15:42.668533704,Customer_292,Headphones,Accessories,Punjab,4,8000,0.056725191810952064,30184.793862049533
2025-06-20 08:45:59.591918384,Customer_887,Smartphone,Electronics,Sindh,1,90000,0.23232016292145227,69091.1853370693
2025-06-20 12:16:16.515303064,Customer_833,Tablet,Electronics,Islamabad,5,60000,0.1793586127195634,246192.41618413097
2025-06-20 15:46:33.438687736,Customer_250,Laptop,Electronics,KPK,3,150000,0.19066337247787107,364201.482384958
2025-06-20 19:16:50.362072416,Customer_505,Smartwatch,Wearables,Punjab,4,25000,0.050365373948290104,94963.462605171
2025-06-20 22:47:07.285457096,Customer_98,Smartphone,Electronics,Punjab,1,90000,0.05854860640420323,84730.6254236217
2025-06-21 02:17:24.208841768,Customer_815,Tablet,Electronics,KPK,5,60000,0.13031693845601644,260904.91846319506
2025-06-21 05:47:41.132226448,Customer_337,Laptop,Electronics,Sindh,4,150000,0.04302496316246554,574185.0221025207
2025-06-21 09:17:58.055611120,Customer_39,Laptop,Electronics,Balochistan,5,150000,0.07635792317075807,692731.5576219314
2025-06-21 12:48:14.978995800,Customer_38,Smartwatch,Wearables,Punjab,3,25000,0.08036561948695112,68972.57853847867
2025-06-21 16:18:31.902380480,Customer_300,Headphones,Accessories,KPK,1,8000,0.03990748331319102,7680.740133494472
2025-06-21 19:48:48.825765152,Customer_179,Monitor,Electronics,Balochistan,4,45000,0.05129570834879019,170766.77249721778
2025-06-21 23:19:05.749149832,Customer_609,Keyboard,Accessories,Punjab,1,5000,0.19713796050206414,4014.3101974896795
2025-06-22 02:49:22.672534504,Customer_892,Smartphone,Electronics,Islamabad,3,90000,0.041798963636817094,258714.27981805938
2025-06-22 06:19:39.595919184,Customer_469,Laptop,Electronics,KPK,1,150000,0.0071143479609806215,148932.8478058529
2025-06-22 09:49:56.519303864,Customer_282,Smartphone,Electronics,Islamabad,1,90000,0.1573387356572346,75839.51379084888
2025-06-22 13:20:13.442688536,Customer_750,Monitor,Electronics,Sindh,2,45000,0.2439957798481125,68040.37981366988
2025-06-22 16:50:30.366073216,Customer_164,Keyboard,Accessories,Balochistan,1,5000,0.08280345365578035,4585.982731721098
2025-06-22 20:20:47.289457896,Customer_453,Monitor,Electronics,KPK,5,45000,0.029663925799063073,218325.6166952108
2025-06-22 23:51:04.212842568,Customer_97,Keyboard,Accessories,Punjab,4,5000,0.1425968313418827,17148.063373162346
2025-06-23 03:21:21.136227248,Customer_769,Mouse,Accessories,Punjab,2,3000,0.22658855277391154,4640.468683356531
2025-06-23 06:51:38.059611920,Customer_309,Keyboard,Accessories,Balochistan,4,5000,0.1960154449571197,16079.691100857606
2025-06-23 10:21:54.982996600,Customer_262,Smartwatch,Wearables,Islamabad,4,25000,0.155628967103179,84437.1032896821
2025-06-23 13:52:11.906381280,Customer_293,Headphones,Accessories,Islamabad,3,8000,0.07876412415189984,22109.661020354404
2025-06-23 17:22:28.829765952,Customer_770,Monitor,Electronics,KPK,3,45000,0.135470043319055,116711.54415192758
2025-06-23 20:52:45.753150632,Customer_249,Laptop,Electronics,KPK,2,150000,0.02281121032606384,293156.63690218085
2025-06-24 00:23:02.676535304,Customer_245,Smartwatch,Wearables,Islamabad,3,25000,0.1697363560701675,62269.77329473744
2025-06-24 03:53:19.599919984,Customer_251,Mouse,Accessories,KPK,3,3000,0.1812740047244127,7368.533957480286
2025-06-24 07:23:36.523304664,Customer_123,Headphones,Accessories,Islamabad,3,8000,0.2412579057274797,18209.810262540486
2025-06-24 10:53:53.446689336,Customer_325,Smartphone,Electronics,Balochistan,4,90000,0.06509933968626791,336564.2377129436
2025-06-24 14:24:10.370074016,Customer_986,Smartwatch,Wearables,KPK,2,25000,0.004614104760755661,49769.29476196222
2025-06-24 17:54:27.293458696,Customer_681,Monitor,Electronics,Islamabad,4,45000,0.13640211610678765,155447.61910077822
2025-06-24 21:24:44.216843368,Customer_947,Tablet,Electronics,KPK,5,60000,0.17669762609920361,246990.71217023893
2025-06-25 00:55:01.140228048,Customer_501,Tablet,Electronics,Punjab,4,60000,0.197601868970747,192575.5514470207
2025-06-25 04:25:18.063612720,Customer_687,Laptop,Electronics,Punjab,5,150000,0.04843473325620265,713673.950057848
2025-06-25 07:55:34.986997400,Customer_781,Keyboard,Accessories,Sindh,1,5000,0.06543821725925592,4672.8089137037205
2025-06-25 11:25:51.910382080,Customer_716,Laptop,Electronics,Islamabad,1,150000,0.12814773131682408,130777.84030247638
2025-06-25 14:56:08.833766752,Customer_837,Tablet,Electronics,Sindh,5,60000,0.08265020249250046,275204.9392522499
2025-06-25 18:26:25.757151432,Customer_66,Smartphone,Electronics,Islamabad,5,90000,0.21512787164686126,353192.45775891247
2025-06-25 21:56:42.680536104,Customer_827,Mouse,Accessories,KPK,4,3000,0.11844003843468007,10578.719538783838
2025-06-26 01:26:59.603920784,Customer_836,Mouse,Accessories,Islamabad,5,3000,0.19989466102550074,12001.580084617488
2025-06-26 04:57:16.527305464,Customer_59,Monitor,Electronics,Punjab,2,45000,0.14515494012058844,76936.05538914703
2025-06-26 08:27:33.450690136,Customer_731,Mouse,Accessories,KPK,1,3000,0.193272535404278,2420.182393787166
2025-06-26 11:57:50.374074816,Customer_498,Monitor,Electronics,Punjab,1,45000,0.08316824663258096,41257.42890153386
2025-06-26 15:28:07.297459496,Customer_373,Smartwatch,Wearables,KPK,5,25000,0.2078541554825778,99018.23056467778
2025-06-26 18:58:24.220844168,Customer_266,Monitor,Electronics,Islamabad,3,45000,0.0686430788877554,125733.18435015301
2025-06-26 22:28:41.144228848,Customer_653,Smartwatch,Wearables,Islamabad,3,25000,0.1365247020008227,64760.6473499383
2025-06-27 01:58:58.067613520,Customer_236,Monitor,Electronics,Punjab,5,45000,0.053501778293468555,212962.09988396958
2025-06-27 05:29:14.990998200,Customer_898,Tablet,Electronics,Balochistan,2,60000,0.11888163040654834,105734.2043512142
2025-06-27 08:59:31.914382880,Customer_218,Tablet,Electronics,Islamabad,3,60000,0.07954380237717579,165682.11557210836
2025-06-27 12:29:48.837767552,Customer_527,Keyboard,Accessories,Balochistan,5,5000,0.06667585765930356,23333.10355851741
2025-06-27 16:00:05.761152232,Customer_814,Smartwatch,Wearables,KPK,2,25000,0.24174625450700937,37912.68727464953
2025-06-27 19:30:22.684536904,Customer_441,Headphones,Accessories,Balochistan,2,8000,0.040018526371682656,15359.703578053077
2025-06-27 23:00:39.607921584,Customer_650,Smartwatch,Wearables,Punjab,4,25000,0.19683145936434882,80316.85406356513
2025-06-28 02:30:56.531306264,Customer_406,Monitor,Electronics,Sindh,2,45000,0.24604123987080373,67856.28841162767
2025-06-28 06:01:13.454690936,Customer_744,Monitor,Electronics,Sindh,3,45000,0.0049753709350194575,134328.32492377236
2025-06-28 09:31:30.378075616,Customer_601,Headphones,Accessories,Punjab,3,8000,0.17475685351052375,19805.83551574743
2025-06-28 13:01:47.301460296,Customer_975,Laptop,Electronics,Sindh,5,150000,0.06322795138907178,702579.0364581961
2025-06-28 16:32:04.224844968,Customer_589,Monitor,Electronics,Punjab,5,45000,0.010121956082076111,222722.55988153288
2025-06-28 20:02:21.148229648,Customer_648,Keyboard,Accessories,Islamabad,2,5000,0.1007223947391577,8992.776052608424
2025-06-28 23:32:38.071614320,Customer_917,Mouse,Accessories,Balochistan,1,3000,0.23380445254271875,2298.586642371844
2025-06-29 03:02:54.994999000,Customer_469,Mouse,Accessories,Sindh,4,3000,0.0029412735917494215,11964.704716899007
2025-06-29 06:33:11.918383680,Customer_918,Smartphone,Electronics,Islamabad,1,90000,0.14697142298244542,76772.5719315799
2025-06-29 10:03:28.841768352,Customer_110,Smartphone,Electronics,Sindh,2,90000,0.12534911964883108,157437.1584632104
2025-06-29 13:33:45.765153032,Customer_353,Mouse,Accessories,KPK,2,3000,0.21834604109276187,4689.923753443429
2025-06-29 17:04:02.688537712,Customer_813,Mouse,Accessories,Punjab,1,3000,0.021000428630156415,2936.9987141095307
2025-06-29 20:34:19.611922384,Customer_91,Tablet,Electronics,Punjab,4,60000,0.17038150747166259,199108.438206801
2025-06-30 00:04:36.535307064,Customer_936,Keyboard,Accessories,Islamabad,1,5000,0.17002742460831932,4149.862876958404
2025-06-30 03:34:53.458691736,Customer_882,Headphones,Accessories,KPK,5,8000,0.1672700042155708,33309.19983137717
2025-06-30 07:05:10.382076416,Customer_918,Smartphone,Electronics,Balochistan,3,90000,0.23558362373375924,206392.421591885
2025-06-30 10:35:27.305461096,Customer_414,Tablet,Electronics,KPK,5,60000,0.2057718822517201,238268.435324484
2025-06-30 14:05:44.228845768,Customer_702,Tablet,Electronics,KPK,3,60000,0.010493181560876502,178111.22731904223
2025-06-30 17:36:01.152230448,Customer_73,Headphones,Accessories,Balochistan,2,8000,0.11777071267612829,14115.668597181948
2025-06-30 21:06:18.075615120,Customer_685,Tablet,Electronics,Balochistan,4,60000,0.09948826405033337,216122.81662792
2025-07-01 00:36:34.998999800,Customer_547,Smartwatch,Wearables,KPK,1,25000,0.07753680527270052,23061.579868182485
2025-07-01 04:06:51.922384480,Customer_722,Keyboard,Accessories,Sindh,4,5000,0.11283418128852432,17743.316374229515
2025-07-01 07:37:08.845769152,Customer_298,Mouse,Accessories,Sindh,1,3000,0.09604854623149436,2711.8543613055167
2025-07-01 11:07:25.769153832,Customer_645,Monitor,Electronics,KPK,5,45000,0.10808347496966633,200681.2181318251
2025-07-01 14:37:42.692538512,Customer_283,Headphones,Accessories,Sindh,5,8000,0.24481546640216062,30207.381343913574
2025-07-01 18:07:59.615923184,Customer_505,Mouse,Accessories,Balochistan,1,3000,0.02215824368739519,2933.5252689378144
2025-07-01 21:38:16.539307864,Customer_198,Mouse,Accessories,Balochistan,4,3000,0.23055771745968245,9233.307390483811
2025-07-02 01:08:33.462692536,Customer_958,Laptop,Electronics,Sindh,1,150000,0.12005917836775667,131991.1232448365
2025-07-02 04:38:50.386077216,Customer_32,Smartwatch,Wearables,Balochistan,2,25000,0.1559355613748853,42203.221931255735
2025-07-02 08:09:07.309461896,Customer_648,Headphones,Accessories,Punjab,5,8000,0.20754574165442347,31698.170333823058
2025-07-02 11:39:24.232846568,Customer_760,Tablet,Electronics,Balochistan,2,60000,0.09011575728731389,109186.10912552233
2025-07-02 15:09:41.156231248,Customer_871,Monitor,Electronics,KPK,5,45000,0.10760547702199172,200788.76767005186
2025-07-02 18:39:58.079615920,Customer_341,Headphones,Accessories,Islamabad,5,8000,0.10237962006967849,35904.81519721286
2025-07-02 22:10:15.003000600,Customer_658,Tablet,Electronics,Sindh,3,60000,0.09368275563393996,163137.1039858908
2025-07-03 01:40:31.926385280,Customer_334,Mouse,Accessories,Sindh,2,3000,0.23138233041172374,4611.706017529657
2025-07-03 05:10:48.849769952,Customer_143,Monitor,Electronics,Balochistan,2,45000,0.20723247279825302,71349.07744815723
2025-07-03 08:41:05.773154632,Customer_746,Tablet,Electronics,Balochistan,3,60000,0.027249997465744025,175095.00045616608
2025-07-03 12:11:22.696539312,Customer_410,Keyboard,Accessories,Islamabad,4,5000,0.02703083811927401,19459.383237614522
2025-07-03 15:41:39.619923984,Customer_949,Tablet,Electronics,Islamabad,2,60000,0.1069673787132478,107163.91455441026
2025-07-03 19:11:56.543308664,Customer_44,Laptop,Electronics,KPK,1,150000,0.024664344183202264,146300.34837251966
2025-07-03 22:42:13.466693336,Customer_32,Smartwatch,Wearables,Punjab,3,25000,0.15477327381777992,63392.004463666504
2025-07-04 02:12:30.390078016,Customer_743,Mouse,Accessories,KPK,2,3000,0.03592290181543348,5784.462589107399
2025-07-04 05:42:47.313462696,Customer_28,Tablet,Electronics,Sindh,4,60000,0.13059331599170027,208657.6041619919
2025-07-04 09:13:04.236847368,Customer_423,Smartwatch,Wearables,Balochistan,2,25000,0.0018049867509294382,49909.75066245353
2025-07-04 12:43:21.160232048,Customer_491,Smartphone,Electronics,KPK,5,90000,0.07914908710316168,414382.9108035772
2025-07-04 16:13:38.083616720,Customer_160,Smartphone,Electronics,Balochistan,1,90000,0.16929768091816386,74763.20871736525
2025-07-04 19:43:55.007001400,Customer_845,Smartwatch,Wearables,Balochistan,3,25000,0.12100973505696211,65924.26987072785
2025-07-04 23:14:11.930386080,Customer_207,Smartwatch,Wearables,KPK,5,25000,0.24456737149974703,94429.07856253162
2025-07-05 02:44:28.853770752,Customer_18,Laptop,Electronics,KPK,4,150000,0.2185259490165527,468884.43059006834
2025-07-05 06:14:45.777155432,Customer_103,Keyboard,Accessories,Islamabad,5,5000,0.0897676947607878,22755.807630980304
2025-07-05 09:45:02.700540112,Customer_582,Mouse,Accessories,Punjab,5,3000,0.01137163536806865,14829.42546947897
2025-07-05 13:15:19.623924784,Customer_631,Headphones,Accessories,Islamabad,4,8000,0.2114065750287547,25234.98959907985
2025-07-05 16:45:36.547309464,Customer_651,Laptop,Electronics,Punjab,5,150000,0.22780857757866785,579143.5668159991
2025-07-05 20:15:53.470694136,Customer_672,Keyboard,Accessories,KPK,3,5000,0.2051568483547592,11922.647274678611
2025-07-05 23:46:10.394078816,Customer_232,Smartwatch,Wearables,Punjab,2,25000,0.031987485229941215,48400.62573850294
2025-07-06 03:16:27.317463496,Customer_660,Headphones,Accessories,Sindh,5,8000,0.24947878360307194,30020.848655877122
2025-07-06 06:46:44.240848168,Customer_865,Smartwatch,Wearables,Islamabad,3,25000,0.06464605538819346,70151.54584588548
2025-07-06 10:17:01.164232848,Customer_424,Smartwatch,Wearables,Islamabad,2,25000,0.18105122820209252,40947.43858989538
2025-07-06 13:47:18.087617528,Customer_904,Smartphone,Electronics,Islamabad,2,90000,0.2270087190839304,139138.43056489254
2025-07-06 17:17:35.011002200,Customer_755,Smartphone,Electronics,Balochistan,5,90000,0.05892177858267736,423485.1996377952
2025-07-06 20:47:51.934386880,Customer_547,Headphones,Accessories,Balochistan,3,8000,0.22706463866926652,18550.448671937604
2025-07-07 00:18:08.857771552,Customer_837,Laptop,Electronics,KPK,5,150000,0.07737039479871674,691972.2039009624
2025-07-07 03:48:25.781156232,Customer_894,Smartphone,Electronics,KPK,4,90000,0.24410330559601404,272122.809985435
2025-07-07 07:18:42.704540912,Customer_867,Mouse,Accessories,Balochistan,2,3000,0.07031500509511865,5578.109969429288
2025-07-07 10:48:59.627925584,Customer_239,Smartwatch,Wearables,Islamabad,5,25000,0.2383589561894588,95205.13047631764
2025-07-07 14:19:16.551310264,Customer_334,Monitor,Electronics,Balochistan,2,45000,0.013386162723168726,88795.24535491482
2025-07-07 17:49:33.474694936,Customer_149,Tablet,Electronics,Punjab,3,60000,0.17731800291745325,148082.7594748584
2025-07-07 21:19:50.398079616,Customer_623,Headphones,Accessories,Islamabad,1,8000,0.13302778345925093,6935.7777323259925
2025-07-08 00:50:07.321464296,Customer_408,Headphones,Accessories,Balochistan,5,8000,0.11946926928068266,35221.229228772696
2025-07-08 04:20:24.244848968,Customer_17,Smartphone,Electronics,KPK,5,90000,0.05587357856396,424856.889646218
2025-07-08 07:50:41.168233648,Customer_914,Laptop,Electronics,Balochistan,2,150000,0.176398947444123,247080.31576676312
2025-07-08 11:20:58.091618328,Customer_226,Smartwatch,Wearables,Sindh,3,25000,0.047702372861576775,71422.32203538175
2025-07-08 14:51:15.015003000,Customer_652,Mouse,Accessories,Balochistan,4,3000,0.13821044899619206,10341.474612045695
2025-07-08 18:21:31.938387680,Customer_656,Laptop,Electronics,Islamabad,3,150000,0.0633113407600627,421509.8966579718
2025-07-08 21:51:48.861772352,Customer_260,Keyboard,Accessories,Balochistan,5,5000,0.23890534494533902,19027.366376366524
2025-07-09 01:22:05.785157032,Customer_729,Keyboard,Accessories,KPK,4,5000,0.007157798458913206,19856.844030821736
2025-07-09 04:52:22.708541712,Customer_674,Monitor,Electronics,Punjab,3,45000,0.04993207002780914,128259.17054624576
2025-07-09 08:22:39.631926384,Customer_604,Smartphone,Electronics,Sindh,1,90000,0.06057765159686193,84548.01135628243
2025-07-09 11:52:56.555311064,Customer_174,Smartphone,Electronics,Islamabad,2,90000,0.1035169564419541,161366.94784044827
2025-07-09 15:23:13.478695736,Customer_843,Smartphone,Electronics,KPK,3,90000,0.05818256046751338,254290.70867377138
2025-07-09 18:53:30.402080416,Customer_205,Monitor,Electronics,Sindh,3,45000,0.12283727256719632,118416.96820342849
2025-07-09 22:23:47.325465096,Customer_415,Keyboard,Accessories,Balochistan,1,5000,0.21811638081463475,3909.4180959268265
2025-07-10 01:54:04.248849768,Customer_508,Laptop,Electronics,Sindh,5,150000,0.1780158553522927,616488.1084857804
2025-07-10 05:24:21.172234448,Customer_153,Monitor,Electronics,Punjab,2,45000,0.14499049513377776,76950.85543796001
2025-07-10 08:54:38.095619128,Customer_103,Monitor,Electronics,Sindh,3,45000,0.022250794495669912,131996.14274308455
2025-07-10 12:24:55.019003800,Customer_714,Laptop,Electronics,Sindh,4,150000,0.1734980270973189,495901.1837416087
2025-07-10 15:55:11.942388480,Customer_792,Smartphone,Electronics,Balochistan,3,90000,0.04160357107773496,258767.03580901158
2025-07-10 19:25:28.865773152,Customer_65,Mouse,Accessories,Balochistan,2,3000,0.1965918464904245,4820.448921057453
2025-07-10 22:55:45.789157832,Customer_117,Laptop,Electronics,Islamabad,3,150000,0.0625141896275383,421868.61466760776
2025-07-11 02:26:02.712542512,Customer_665,Keyboard,Accessories,Balochistan,1,5000,0.10426218208022522,4478.689089598874
2025-07-11 05:56:19.635927184,Customer_156,Headphones,Accessories,Sindh,3,8000,0.08761755057948198,21897.178786092434
2025-07-11 09:26:36.559311864,Customer_676,Smartwatch,Wearables,Punjab,3,25000,0.2147034786687142,58897.23909984643
2025-07-11 12:56:53.482696536,Customer_82,Headphones,Accessories,Balochistan,4,8000,0.031636114678352034,30987.644330292736
2025-07-11 16:27:10.406081216,Customer_518,Tablet,Electronics,Islamabad,1,60000,0.14141122059619715,51515.32676422817
2025-07-11 19:57:27.329465896,Customer_834,Tablet,Electronics,Islamabad,1,60000,0.03551540236076556,57869.07585835407
2025-07-11 23:27:44.252850568,Customer_67,Monitor,Electronics,Sindh,3,45000,0.17619895903304666,111213.1405305387
2025-07-12 02:58:01.176235248,Customer_238,Smartwatch,Wearables,Balochistan,4,25000,0.2262695319486203,77373.04680513797
2025-07-12 06:28:18.099619928,Customer_584,Headphones,Accessories,Balochistan,3,8000,0.10865191346681335,21392.35407679648
2025-07-12 09:58:35.023004600,Customer_607,Mouse,Accessories,Islamabad,3,3000,0.12202306506624397,7901.792414403804
2025-07-12 13:28:51.946389280,Customer_816,Smartphone,Electronics,Balochistan,2,90000,0.23185570912069056,138265.9723582757
2025-07-12 16:59:08.869773952,Customer_979,Keyboard,Accessories,Sindh,2,5000,0.13024784716233928,8697.521528376607
2025-07-12 20:29:25.793158632,Customer_326,Tablet,Electronics,Punjab,4,60000,0.12189960951239023,210744.09371702635
2025-07-12 23:59:42.716543312,Customer_590,Mouse,Accessories,Sindh,5,3000,0.14458227567607604,12831.265864858859
2025-07-13 03:29:59.639927984,Customer_67,Keyboard,Accessories,Balochistan,2,5000,0.17230743409073798,8276.92565909262
2025-07-13 07:00:16.563312664,Customer_176,Keyboard,Accessories,Sindh,5,5000,0.026720843771757846,24331.97890570605
2025-07-13 10:30:33.486697344,Customer_833,Smartphone,Electronics,KPK,1,90000,0.205277631935379,71525.01312581588
2025-07-13 14:00:50.410082016,Customer_684,Smartwatch,Wearables,KPK,2,25000,0.10887625686331481,44556.18715683426
2025-07-13 17:31:07.333466696,Customer_478,Monitor,Electronics,Balochistan,2,45000,0.018087127474371384,88372.15852730657
2025-07-13 21:01:24.256851368,Customer_255,Headphones,Accessories,Balochistan,4,8000,0.19654566729955328,25710.538646414298
2025-07-14 00:31:41.180236048,Customer_63,Smartphone,Electronics,Punjab,5,90000,0.09423749292156802,407593.1281852944
2025-07-14 04:01:58.103620728,Customer_814,Mouse,Accessories,Sindh,2,3000,0.025091873773763484,5849.448757357419
2025-07-14 07:32:15.027005400,Customer_403,Monitor,Electronics,Punjab,2,45000,0.15844475988581264,75739.97161027686
2025-07-14 11:02:31.950390080,Customer_758,Mouse,Accessories,Balochistan,4,3000,0.22003283835841042,9359.605939699075
2025-07-14 14:32:48.873774752,Customer_192,Monitor,Electronics,Balochistan,4,45000,0.22193837735349659,140051.0920763706
2025-07-14 18:03:05.797159432,Customer_979,Smartwatch,Wearables,Islamabad,5,25000,0.2394158687022433,95073.01641221959
2025-07-14 21:33:22.720544112,Customer_329,Tablet,Electronics,Punjab,1,60000,0.216926364941672,46984.41810349968
2025-07-15 01:03:39.643928784,Customer_71,Mouse,Accessories,Balochistan,1,3000,0.0005352298363688057,2998.3943104908935
2025-07-15 04:33:56.567313464,Customer_878,Smartphone,Electronics,KPK,3,90000,0.09506029160334756,244333.72126709615
2025-07-15 08:04:13.490698144,Customer_741,Monitor,Electronics,Islamabad,2,45000,0.20463564497637576,71582.79195212618
2025-07-15 11:34:30.414082816,Customer_946,Monitor,Electronics,Sindh,5,45000,0.09156325149961855,204398.26841258584
2025-07-15 15:04:47.337467496,Customer_63,Keyboard,Accessories,Islamabad,2,5000,0.15038712659492653,8496.128734050733
2025-07-15 18:35:04.260852168,Customer_297,Keyboard,Accessories,Sindh,5,5000,0.151579236843633,21210.519078909172
2025-07-15 22:05:21.184236848,Customer_245,Laptop,Electronics,KPK,5,150000,0.09125632600970576,681557.7554927206
2025-07-16 01:35:38.107621528,Customer_519,Mouse,Accessories,Sindh,5,3000,0.2261184818203219,11608.222772695171
2025-07-16 05:05:55.031006200,Customer_393,Keyboard,Accessories,Punjab,2,5000,0.1258070863465294,8741.929136534707
2025-07-16 08:36:11.954390880,Customer_772,Laptop,Electronics,Sindh,4,150000,0.1161960514843752,530282.3691093749
2025-07-16 12:06:28.877775552,Customer_601,Tablet,Electronics,Sindh,2,60000,0.24937843641547397,90074.58763014313
2025-07-16 15:36:45.801160232,Customer_177,Tablet,Electronics,Islamabad,5,60000,0.12337509101815416,262987.4726945538
2025-07-16 19:07:02.724544912,Customer_204,Keyboard,Accessories,KPK,3,5000,0.04459956298214526,14331.00655526782
2025-07-16 22:37:19.647929584,Customer_646,Mouse,Accessories,Sindh,1,3000,0.1282673557158595,2615.197932852421
2025-07-17 02:07:36.571314264,Customer_594,Monitor,Electronics,Punjab,5,45000,0.2035041838799825,179211.55862700395
2025-07-17 05:37:53.494698944,Customer_1000,Headphones,Accessories,Islamabad,3,8000,0.19421508172457036,19338.838038610313
2025-07-17 09:08:10.418083616,Customer_533,Smartwatch,Wearables,KPK,4,25000,0.19714544127711775,80285.45587228822
2025-07-17 12:38:27.341468296,Customer_911,Mouse,Accessories,KPK,5,3000,0.17700594599947794,12344.91081000783
2025-07-17 16:08:44.264852968,Customer_128,Smartwatch,Wearables,Balochistan,3,25000,0.06355445726667205,70233.4157049996
2025-07-17 19:39:01.188237648,Customer_195,Smartphone,Electronics,Punjab,5,90000,0.21552102146005786,353015.540342974
2025-07-17 23:09:18.111622328,Customer_194,Tablet,Electronics,Islamabad,2,60000,0.22336086634406627,93196.69603871205
2025-07-18 02:39:35.035007000,Customer_184,Keyboard,Accessories,Islamabad,3,5000,0.048538174154637265,14271.927387680442
2025-07-18 06:09:51.958391680,Customer_247,Keyboard,Accessories,Punjab,2,5000,0.03261390913784848,9673.860908621515
2025-07-18 09:40:08.881776352,Customer_873,Smartwatch,Wearables,KPK,2,25000,0.243901242147278,37804.937892636095
2025-07-18 13:10:25.805161032,Customer_872,Monitor,Electronics,Sindh,3,45000,0.21708099091259198,105694.06622680009
2025-07-18 16:40:42.728545712,Customer_324,Smartwatch,Wearables,Punjab,1,25000,0.22330903680248668,19417.274079937833
2025-07-18 20:10:59.651930384,Customer_160,Smartphone,Electronics,Islamabad,3,90000,0.2215940961560988,210169.59403785333
2025-07-18 23:41:16.575315064,Customer_706,Monitor,Electronics,Punjab,1,45000,0.1354217060084321,38906.02322962056
2025-07-19 03:11:33.498699744,Customer_622,Smartphone,Electronics,KPK,5,90000,0.16160043416644992,377279.80462509755
2025-07-19 06:41:50.422084416,Customer_925,Headphones,Accessories,Balochistan,5,8000,0.13634071303341042,34546.37147866358
2025-07-19 10:12:07.345469096,Customer_66,Tablet,Electronics,Balochistan,3,60000,0.012801587297582268,177695.7142864352
2025-07-19 13:42:24.268853768,Customer_930,Keyboard,Accessories,Sindh,5,5000,0.18637577133819316,20340.60571654517
2025-07-19 17:12:41.192238448,Customer_254,Keyboard,Accessories,Sindh,4,5000,0.12633300833397007,17473.3398333206
2025-07-19 20:42:58.115623128,Customer_283,Headphones,Accessories,KPK,2,8000,0.16192726869755744,13409.16370083908
2025-07-20 00:13:15.039007800,Customer_60,Laptop,Electronics,Sindh,2,150000,0.12565995124388382,262302.01462683483
2025-07-20 03:43:31.962392480,Customer_118,Tablet,Electronics,Balochistan,1,60000,0.12295283058061399,52622.83016516316
2025-07-20 07:13:48.885777160,Customer_423,Monitor,Electronics,KPK,5,45000,0.042947277369441705,215336.86259187563
2025-07-20 10:44:05.809161832,Customer_556,Headphones,Accessories,KPK,1,8000,0.06967842878528724,7442.572569717702
2025-07-20 14:14:22.732546512,Customer_998,Monitor,Electronics,KPK,2,45000,0.03971317298598895,86425.814431261
2025-07-20 17:44:39.655931184,Customer_722,Smartwatch,Wearables,Punjab,2,25000,0.04891657390633561,47554.171304683216
2025-07-20 21:14:56.579315864,Customer_36,Mouse,Accessories,Sindh,5,3000,0.24324434510507623,11351.334823423857
2025-07-21 00:45:13.502700544,Customer_531,Keyboard,Accessories,Islamabad,4,5000,0.03827836144304961,19234.432771139007
2025-07-21 04:15:30.426085216,Customer_91,Monitor,Electronics,Balochistan,4,45000,0.06731760607630191,167882.83090626565
2025-07-21 07:45:47.349469896,Customer_301,Smartphone,Electronics,Sindh,5,90000,0.14764741443464624,383558.6635044092
2025-07-21 11:16:04.272854568,Customer_724,Monitor,Electronics,Balochistan,5,45000,0.15254464405916046,190677.4550866889
2025-07-21 14:46:21.196239248,Customer_917,Mouse,Accessories,Sindh,1,3000,0.03849353243595727,2884.5194026921286
2025-07-21 18:16:38.119623928,Customer_919,Tablet,Electronics,Islamabad,5,60000,0.19842935644630308,240471.19306610906
2025-07-21 21:46:55.043008600,Customer_734,Keyboard,Accessories,Balochistan,4,5000,0.19630071697820625,16073.985660435874
2025-07-22 01:17:11.966393280,Customer_217,Smartwatch,Wearables,Islamabad,5,25000,0.05932942605097277,117583.8217436284
2025-07-22 04:47:28.889777960,Customer_735,Headphones,Accessories,Balochistan,1,8000,0.07216657566886511,7422.667394649079
2025-07-22 08:17:45.813162632,Customer_923,Smartwatch,Wearables,Punjab,1,25000,0.23449696636487424,19137.575840878144
2025-07-22 11:48:02.736547312,Customer_98,Mouse,Accessories,Punjab,1,3000,0.20641786149486951,2380.7464155153916
2025-07-22 15:18:19.659931984,Customer_456,Keyboard,Accessories,Balochistan,1,5000,0.17444925826563096,4127.753708671845
2025-07-22 18:48:36.583316664,Customer_531,Monitor,Electronics,Balochistan,3,45000,0.020558305377650132,132224.62877401724
2025-07-22 22:18:53.506701344,Customer_809,Tablet,Electronics,Islamabad,5,60000,0.10456602022564393,268630.1939323068
2025-07-23 01:49:10.430086016,Customer_538,Laptop,Electronics,KPK,2,150000,0.13982546801920676,258052.35959423796
2025-07-23 05:19:27.353470696,Customer_28,Tablet,Electronics,Balochistan,5,60000,0.04685282199594423,285944.1534012167
2025-07-23 08:49:44.276855368,Customer_576,Laptop,Electronics,Sindh,3,150000,0.11205664552705613,399574.5095128247
2025-07-23 12:20:01.200240048,Customer_324,Smartphone,Electronics,Sindh,1,90000,0.1502564693721725,76476.91775650447
2025-07-23 15:50:18.123624728,Customer_223,Tablet,Electronics,Sindh,3,60000,0.0818441700288498,165268.04939480702
2025-07-23 19:20:35.047009400,Customer_80,Keyboard,Accessories,Punjab,4,5000,0.1952362047376218,16095.275905247563
2025-07-23 22:50:51.970394080,Customer_563,Laptop,Electronics,Islamabad,4,150000,0.21011239540970136,473932.5627541792
2025-07-24 02:21:08.893778760,Customer_458,Headphones,Accessories,Punjab,5,8000,0.08090236735851769,36763.9053056593
2025-07-24 05:51:25.817163432,Customer_614,Keyboard,Accessories,Sindh,5,5000,0.2096642886231143,19758.392784422143
2025-07-24 09:21:42.740548112,Customer_176,Headphones,Accessories,Balochistan,2,8000,0.025894141525753755,15585.69373558794
2025-07-24 12:51:59.663932784,Customer_522,Tablet,Electronics,Sindh,2,60000,0.20943227465566408,94868.12704132032
2025-07-24 16:22:16.587317464,Customer_749,Headphones,Accessories,Balochistan,4,8000,0.03818760791690415,30777.99654665907
2025-07-24 19:52:33.510702144,Customer_457,Laptop,Electronics,Islamabad,1,150000,0.02073178812743151,146890.23178088528
2025-07-24 23:22:50.434086816,Customer_423,Keyboard,Accessories,KPK,3,5000,0.1604438511102528,12593.342233346208
2025-07-25 02:53:07.357471496,Customer_100,Monitor,Electronics,Balochistan,2,45000,0.11798434143882358,79381.40927050589
2025-07-25 06:23:24.280856168,Customer_890,Mouse,Accessories,Punjab,2,3000,0.2269726501032082,4638.1640993807505
2025-07-25 09:53:41.204240848,Customer_740,Laptop,Electronics,Sindh,1,150000,0.0907972990227123,136380.40514659317
2025-07-25 13:23:58.127625528,Customer_403,Laptop,Electronics,Sindh,1,150000,0.07178806585940717,139231.7901210889
2025-07-25 16:54:15.051010200,Customer_576,Monitor,Electronics,Sindh,5,45000,0.1251837265360496,196833.66152938883
2025-07-25 20:24:31.974394880,Customer_380,Keyboard,Accessories,Balochistan,3,5000,0.11398654644216533,13290.20180336752
2025-07-25 23:54:48.897779560,Customer_531,Keyboard,Accessories,Islamabad,1,5000,0.08610701155429706,4569.464942228515
2025-07-26 03:25:05.821164232,Customer_332,Smartwatch,Wearables,Balochistan,2,25000,0.17343532467458214,41328.233766270896
2025-07-26 06:55:22.744548912,Customer_318,Tablet,Electronics,Punjab,2,60000,0.18989045847847708,97213.14498258274
2025-07-26 10:25:39.667933584,Customer_653,Headphones,Accessories,Sindh,4,8000,0.21324599225753416,25176.12824775891
2025-07-26 13:55:56.591318264,Customer_537,Tablet,Electronics,Balochistan,1,60000,0.2432141511775857,45407.150929344854
2025-07-26 17:26:13.514702944,Customer_740,Monitor,Electronics,Sindh,5,45000,0.06666404803312612,210000.58919254664
2025-07-26 20:56:30.438087616,Customer_89,Tablet,Electronics,Punjab,3,60000,0.17902337062249038,147775.79328795173
2025-07-27 00:26:47.361472296,Customer_604,Monitor,Electronics,KPK,5,45000,0.09856455887393631,202822.97425336431
2025-07-27 03:57:04.284856976,Customer_511,Keyboard,Accessories,KPK,2,5000,0.16927049298777702,8307.295070122229
2025-07-27 07:27:21.208241648,Customer_42,Headphones,Accessories,KPK,5,8000,0.11899542258730508,35240.1830965078
2025-07-27 10:57:38.131626328,Customer_885,Tablet,Electronics,Sindh,2,60000,0.2484432756919829,90186.80691696206
2025-07-27 14:27:55.055011000,Customer_807,Laptop,Electronics,Balochistan,2,150000,0.18222553394768748,245332.33981569376
2025-07-27 17:58:11.978395680,Customer_926,Smartphone,Electronics,Sindh,2,90000,0.23812282510858113,137137.89148045538
2025-07-27 21:28:28.901780360,Customer_389,Smartwatch,Wearables,Islamabad,2,25000,0.20874238737029643,39562.880631485175
2025-07-28 00:58:45.825165032,Customer_81,Mouse,Accessories,Balochistan,2,3000,0.22572525279084277,4645.648483254943
2025-07-28 04:29:02.748549712,Customer_402,Laptop,Electronics,Punjab,4,150000,0.20360479930366873,477837.12041779875
2025-07-28 07:59:19.671934384,Customer_107,Keyboard,Accessories,KPK,5,5000,0.11478978259397785,22130.255435150553
2025-07-28 11:29:36.595319064,Customer_111,Mouse,Accessories,Balochistan,4,3000,0.0629471133367211,11244.634639959348
2025-07-28 14:59:53.518703744,Customer_277,Smartphone,Electronics,Balochistan,4,90000,0.09258004386263055,326671.184209453
2025-07-28 18:30:10.442088416,Customer_214,Smartphone,Electronics,KPK,1,90000,0.005059058159987612,89544.68476560111
2025-07-28 22:00:27.365473096,Customer_743,Headphones,Accessories,Punjab,1,8000,0.1309982918661668,6952.013665070666
2025-07-29 01:30:44.288857776,Customer_818,Mouse,Accessories,Sindh,1,3000,0.12626445006760217,2621.206649797193
2025-07-29 05:01:01.212242448,Customer_506,Headphones,Accessories,Sindh,3,8000,0.13131261620762205,20848.49721101707
2025-07-29 08:31:18.135627128,Customer_121,Laptop,Electronics,Balochistan,1,150000,0.24350780624301596,113473.82906354762
2025-07-29 12:01:35.059011800,Customer_134,Monitor,Electronics,KPK,5,45000,0.22786350086370982,173730.7123056653
2025-07-29 15:31:51.982396480,Customer_818,Monitor,Electronics,Islamabad,4,45000,0.040428194582527,172722.92497514514
2025-07-29 19:02:08.905781160,Customer_720,Monitor,Electronics,Punjab,5,45000,0.0922206303889723,204250.35816248122
2025-07-29 22:32:25.829165832,Customer_962,Mouse,Accessories,Sindh,1,3000,0.10598904486581548,2682.0328654025534
2025-07-30 02:02:42.752550512,Customer_371,Monitor,Electronics,Punjab,3,45000,0.09013322946291194,122832.01402250689
2025-07-30 05:32:59.675935184,Customer_257,Laptop,Electronics,Punjab,3,150000,0.19962399090097827,360169.20409455977
2025-07-30 09:03:16.599319864,Customer_697,Headphones,Accessories,Punjab,4,8000,0.13100941746689673,27807.698641059305
2025-07-30 12:33:33.522704544,Customer_798,Mouse,Accessories,KPK,5,3000,0.14302495424290626,12854.625686356405
2025-07-30 16:03:50.446089216,Customer_954,Headphones,Accessories,KPK,2,8000,0.21325338974698138,12587.945764048298
2025-07-30 19:34:07.369473896,Customer_875,Mouse,Accessories,KPK,5,3000,0.20148203835383965,11977.769424692406
2025-07-30 23:04:24.292858576,Customer_180,Headphones,Accessories,Balochistan,1,8000,0.03305288070507492,7735.576954359401
2025-07-31 02:34:41.216243248,Customer_933,Smartphone,Electronics,KPK,2,90000,0.17847864602090857,147873.84371623647
2025-07-31 06:04:58.139627928,Customer_48,Headphones,Accessories,Balochistan,3,8000,0.10885903222550888,21387.383226587786
2025-07-31 09:35:15.063012600,Customer_599,Monitor,Electronics,Sindh,4,45000,0.07366222576562512,166740.79936218748
2025-07-31 13:05:31.986397280,Customer_897,Smartphone,Electronics,Sindh,4,90000,0.012504705225546586,355498.3061188032
2025-07-31 16:35:48.909781960,Customer_19,Headphones,Accessories,Sindh,3,8000,0.12181239008636274,21076.502637927293
2025-07-31 20:06:05.833166632,Customer_46,Mouse,Accessories,Sindh,1,3000,0.08885917018113285,2733.4224894566014
2025-07-31 23:36:22.756551312,Customer_451,Mouse,Accessories,Sindh,3,3000,0.0628782599191002,8434.095660728099
2025-08-01 03:06:39.679935984,Customer_898,Smartwatch,Wearables,KPK,1,25000,0.1736679323992394,20658.301690019016
2025-08-01 06:36:56.603320664,Customer_56,Mouse,Accessories,Islamabad,2,3000,0.19237134682889676,4845.771919026619
2025-08-01 10:07:13.526705344,Customer_741,Keyboard,Accessories,KPK,3,5000,0.0611973797573562,14082.039303639658
2025-08-01 13:37:30.450090016,Customer_657,Laptop,Electronics,Islamabad,1,150000,0.012361859169836814,148145.72112452448
2025-08-01 17:07:47.373474696,Customer_92,Mouse,Accessories,KPK,2,3000,0.21218817514130875,4726.870949152148
2025-08-01 20:38:04.296859376,Customer_82,Smartphone,Electronics,Sindh,3,90000,0.0024899353010758296,269327.7174687095
2025-08-02 00:08:21.220244048,Customer_737,Smartwatch,Wearables,Punjab,4,25000,0.234278123480368,76572.18765196319
2025-08-02 03:38:38.143628728,Customer_79,Mouse,Accessories,Islamabad,3,3000,0.15690496849567648,7587.855283538912
2025-08-02 07:08:55.067013400,Customer_662,Keyboard,Accessories,Punjab,5,5000,0.08046165880033007,22988.45852999175
2025-08-02 10:39:11.990398080,Customer_873,Monitor,Electronics,Sindh,3,45000,0.06161947739418405,126681.37055178515
2025-08-02 14:09:28.913782760,Customer_283,Smartphone,Electronics,Islamabad,5,90000,0.002251416066118811,448986.8627702466
2025-08-02 17:39:45.837167432,Customer_311,Keyboard,Accessories,Punjab,2,5000,0.05886785425271929,9411.321457472808
2025-08-02 21:10:02.760552112,Customer_997,Monitor,Electronics,KPK,3,45000,0.034432075379285276,130351.66982379649
2025-08-03 00:40:19.683936784,Customer_160,Tablet,Electronics,Sindh,2,60000,0.1530415551807864,101635.01337830562
2025-08-03 04:10:36.607321464,Customer_316,Tablet,Electronics,KPK,2,60000,0.04163639714845033,115003.63234218596
2025-08-03 07:40:53.530706144,Customer_877,Smartphone,Electronics,KPK,1,90000,0.13215745938415482,78105.82865542607
2025-08-03 11:11:10.454090816,Customer_979,Headphones,Accessories,Sindh,2,8000,0.1475291055861177,13639.534310622117
2025-08-03 14:41:27.377475496,Customer_668,Laptop,Electronics,Islamabad,2,150000,0.07451042458672863,277646.8726239814
2025-08-03 18:11:44.300860176,Customer_156,Smartwatch,Wearables,Balochistan,3,25000,0.008766237254679676,74342.53220589901
2025-08-03 21:42:01.224244848,Customer_888,Laptop,Electronics,Balochistan,3,150000,0.009313470153549025,445808.93843090296
2025-08-04 01:12:18.147629528,Customer_714,Keyboard,Accessories,Sindh,4,5000,0.006586833048479401,19868.26333903041
2025-08-04 04:42:35.071014200,Customer_468,Monitor,Electronics,Balochistan,1,45000,0.18478116678413656,36684.84749471385
2025-08-04 08:12:51.994398880,Customer_921,Laptop,Electronics,Punjab,2,150000,0.07950242620357453,276149.27213892766
2025-08-04 11:43:08.917783560,Customer_853,Monitor,Electronics,Islamabad,1,45000,0.1990750464919159,36041.622907863784
2025-08-04 15:13:25.841168232,Customer_462,Monitor,Electronics,KPK,5,45000,0.10793320596071229,200715.02865883973
2025-08-04 18:43:42.764552912,Customer_854,Keyboard,Accessories,KPK,2,5000,0.11324952520749096,8867.50474792509
2025-08-04 22:13:59.687937592,Customer_117,Keyboard,Accessories,Sindh,1,5000,0.12822065062739343,4358.896746863033
2025-08-05 01:44:16.611322264,Customer_666,Keyboard,Accessories,KPK,4,5000,0.17825786409377598,16434.84271812448
2025-08-05 05:14:33.534706944,Customer_364,Laptop,Electronics,Punjab,4,150000,0.06837571645742677,558974.570125544
2025-08-05 08:44:50.458091616,Customer_843,Tablet,Electronics,Punjab,2,60000,0.030396837383381725,116352.3795139942
2025-08-05 12:15:07.381476296,Customer_631,Keyboard,Accessories,Sindh,5,5000,0.13901433379786537,21524.64165505337
2025-08-05 15:45:24.304860976,Customer_711,Smartwatch,Wearables,KPK,4,25000,0.08174440581068482,91825.55941893152
2025-08-05 19:15:41.228245648,Customer_913,Laptop,Electronics,Balochistan,4,150000,0.11062282841700935,533626.3029497945
2025-08-05 22:45:58.151630328,Customer_466,Keyboard,Accessories,Balochistan,5,5000,0.16173667708432635,20956.58307289184
2025-08-06 02:16:15.075015000,Customer_775,Mouse,Accessories,Islamabad,1,3000,0.12353143528531765,2629.405694144047
2025-08-06 05:46:31.998399680,Customer_184,Monitor,Electronics,Sindh,4,45000,0.15506970427521072,152087.45323046207
2025-08-06 09:16:48.921784360,Customer_960,Smartwatch,Wearables,Islamabad,3,25000,0.13605000052840696,64796.249960369474
2025-08-06 12:47:05.845169032,Customer_660,Keyboard,Accessories,Balochistan,4,5000,0.1849490929840248,16301.018140319506
2025-08-06 16:17:22.768553712,Customer_166,Smartphone,Electronics,Balochistan,1,90000,0.176484154427905,74116.42610148856
2025-08-06 19:47:39.691938392,Customer_75,Monitor,Electronics,Balochistan,1,45000,0.1335474729521548,38990.36371715303
2025-08-06 23:17:56.615323064,Customer_748,Monitor,Electronics,Islamabad,2,45000,0.16972575521492672,74724.6820306566
2025-08-07 02:48:13.538707744,Customer_826,Keyboard,Accessories,Sindh,3,5000,0.2183899005681532,11724.151491477702
2025-08-07 06:18:30.462092416,Customer_272,Tablet,Electronics,Punjab,1,60000,0.10806782194704215,53515.930683177474
2025-08-07 09:48:47.385477096,Customer_691,Headphones,Accessories,Punjab,5,8000,0.10319076818719841,35872.36927251206
2025-08-07 13:19:04.308861776,Customer_503,Tablet,Electronics,Balochistan,3,60000,0.19106140521309503,145608.9470616429
2025-08-07 16:49:21.232246448,Customer_795,Keyboard,Accessories,Sindh,3,5000,0.1456384592604985,12815.423111092523
2025-08-07 20:19:38.155631128,Customer_563,Monitor,Electronics,Sindh,5,45000,0.017751695055647138,221005.8686124794
2025-08-07 23:49:55.079015800,Customer_587,Smartwatch,Wearables,KPK,4,25000,0.22302800392277033,77697.19960772297
2025-08-08 03:20:12.002400480,Customer_656,Smartphone,Electronics,KPK,5,90000,0.007695775559410034,446536.9009982655
2025-08-08 06:50:28.925785160,Customer_343,Smartwatch,Wearables,Islamabad,5,25000,0.18709908905243577,101612.61386844552
2025-08-08 10:20:45.849169832,Customer_700,Smartwatch,Wearables,KPK,4,25000,0.18969853567607822,81030.14643239218
2025-08-08 13:51:02.772554512,Customer_635,Monitor,Electronics,Islamabad,4,45000,0.2382777713204826,137110.00116231313
2025-08-08 17:21:19.695939192,Customer_844,Tablet,Electronics,Punjab,4,60000,0.013533602100580189,236751.93549586076
2025-08-08 20:51:36.619323864,Customer_251,Smartphone,Electronics,Balochistan,4,90000,0.14921421519612274,306282.8825293958
2025-08-09 00:21:53.542708544,Customer_808,Laptop,Electronics,Sindh,4,150000,0.10696014265676324,535823.9144059421
2025-08-09 03:52:10.466093216,Customer_835,Mouse,Accessories,Punjab,5,3000,0.0826582387148855,13760.126419276718
2025-08-09 07:22:27.389477896,Customer_130,Monitor,Electronics,Punjab,2,45000,0.02257964007476826,87967.83239327086
2025-08-09 10:52:44.312862576,Customer_764,Keyboard,Accessories,Islamabad,2,5000,0.1406635299178273,8593.364700821727
2025-08-09 14:23:01.236247248,Customer_358,Laptop,Electronics,Balochistan,1,150000,0.11976018141865341,132035.972787202
2025-08-09 17:53:18.159631928,Customer_944,Mouse,Accessories,Islamabad,2,3000,0.026138614537756066,5843.168312773464
2025-08-09 21:23:35.083016600,Customer_692,Keyboard,Accessories,Punjab,2,5000,0.15312237677427085,8468.77623225729
2025-08-10 00:53:52.006401280,Customer_408,Smartwatch,Wearables,Sindh,5,25000,0.18448828006323462,101938.96499209567
2025-08-10 04:24:08.929785960,Customer_861,Headphones,Accessories,KPK,4,8000,0.19181957526341206,25861.773591570814
2025-08-10 07:54:25.853170632,Customer_495,Keyboard,Accessories,Islamabad,4,5000,0.22634329706560685,15473.134058687863
2025-08-10 11:24:42.776555312,Customer_622,Smartphone,Electronics,Punjab,5,90000,0.1023676854721943,403934.54153751256
2025-08-10 14:54:59.699939992,Customer_482,Smartphone,Electronics,KPK,2,90000,0.23826819215553424,137111.7254120038
2025-08-10 18:25:16.623324664,Customer_980,Headphones,Accessories,KPK,5,8000,0.21635735127067152,31345.705949173138
2025-08-10 21:55:33.546709344,Customer_850,Laptop,Electronics,Punjab,1,150000,0.07412539275598476,138881.19108660228
2025-08-11 01:25:50.470094016,Customer_78,Mouse,Accessories,Balochistan,4,3000,0.03982075933736462,11522.150887951624
2025-08-11 04:56:07.393478696,Customer_978,Keyboard,Accessories,Punjab,3,5000,0.10884734903200335,13367.28976451995
2025-08-11 08:26:24.316863376,Customer_514,Smartphone,Electronics,Sindh,1,90000,0.10047467698899165,80957.27907099074
2025-08-11 11:56:41.240248048,Customer_321,Laptop,Electronics,KPK,1,150000,0.14392982633280108,128410.52605007985
2025-08-11 15:26:58.163632728,Customer_788,Headphones,Accessories,Sindh,5,8000,0.145846558081937,34166.137676722516
2025-08-11 18:57:15.087017408,Customer_290,Tablet,Electronics,Islamabad,2,60000,0.1874967460949938,97500.39046860074
2025-08-11 22:27:32.010402080,Customer_297,Monitor,Electronics,KPK,4,45000,0.12747248705140254,157054.95233074753
2025-08-12 01:57:48.933786760,Customer_681,Tablet,Electronics,Balochistan,3,60000,0.026205660235191386,175282.98115766555
2025-08-12 05:28:05.857171432,Customer_752,Tablet,Electronics,Punjab,1,60000,0.21457283388827653,47125.62996670341
2025-08-12 08:58:22.780556112,Customer_971,Smartphone,Electronics,Islamabad,3,90000,0.07744114579629677,249090.89063499987
2025-08-12 12:28:39.703940792,Customer_475,Smartwatch,Wearables,Sindh,2,25000,0.242824365076648,37858.7817461676
2025-08-12 15:58:56.627325464,Customer_23,Smartwatch,Wearables,Islamabad,2,25000,0.029465027169942537,48526.74864150287
2025-08-12 19:29:13.550710144,Customer_806,Headphones,Accessories,Balochistan,3,8000,0.2395627930581258,18250.492966604983
2025-08-12 22:59:30.474094816,Customer_172,Keyboard,Accessories,Punjab,4,5000,0.022752951720629244,19544.940965587415
2025-08-13 02:29:47.397479496,Customer_835,Smartwatch,Wearables,Islamabad,2,25000,0.057759034486764865,47112.04827566176
2025-08-13 06:00:04.320864176,Customer_318,Tablet,Electronics,Sindh,3,60000,0.011644985521635398,177903.90260610564
2025-08-13 09:30:21.244248848,Customer_908,Smartwatch,Wearables,Islamabad,1,25000,0.17627828665974873,20593.042833506282
2025-08-13 13:00:38.167633528,Customer_798,Tablet,Electronics,Punjab,3,60000,0.21257468414294795,141736.55685426938
2025-08-13 16:30:55.091018208,Customer_991,Mouse,Accessories,Islamabad,3,3000,0.1085177704539951,8023.340065914043
2025-08-13 20:01:12.014402880,Customer_855,Smartphone,Electronics,Sindh,5,90000,0.23213051876060742,345541.26655772666
2025-08-13 23:31:28.937787560,Customer_193,Smartphone,Electronics,Punjab,2,90000,0.1475747679388999,153436.541770998
2025-08-14 03:01:45.861172232,Customer_681,Keyboard,Accessories,Balochistan,4,5000,0.1575017838616308,16849.964322767384
2025-08-14 06:32:02.784556912,Customer_916,Smartwatch,Wearables,Balochistan,4,25000,0.21135480042519247,78864.51995748075
2025-08-14 10:02:19.707941592,Customer_118,Smartwatch,Wearables,KPK,5,25000,0.07420005126295973,115724.99359213003
2025-08-14 13:32:36.631326264,Customer_6,Monitor,Electronics,Islamabad,4,45000,0.08856643033190645,164058.04254025684
2025-08-14 17:02:53.554710944,Customer_843,Laptop,Electronics,Sindh,3,150000,0.2264879797986611,348080.40909060254
2025-08-14 20:33:10.478095616,Customer_483,Mouse,Accessories,Islamabad,5,3000,0.22524087400969095,11621.386889854635
2025-08-15 00:03:27.401480296,Customer_132,Smartphone,Electronics,Punjab,1,90000,0.24412069405021772,68029.1375354804
2025-08-15 03:33:44.324864976,Customer_93,Mouse,Accessories,KPK,2,3000,0.22545957911041778,4647.242525337493
2025-08-15 07:04:01.248249648,Customer_763,Smartphone,Electronics,Sindh,2,90000,0.03184300900834022,174268.25837849875
2025-08-15 10:34:18.171634328,Customer_522,Mouse,Accessories,Islamabad,2,3000,0.20593107153424683,4764.413570794519
2025-08-15 14:04:35.095019008,Customer_563,Headphones,Accessories,Sindh,3,8000,0.10245961952739852,21540.969131342434
2025-08-15 17:34:52.018403680,Customer_861,Tablet,Electronics,Punjab,1,60000,0.24770033898648447,45137.97966081093
2025-08-15 21:05:08.941788360,Customer_294,Smartphone,Electronics,KPK,5,90000,0.11807024108220027,396868.39151300985
2025-08-16 00:35:25.865173032,Customer_641,Mouse,Accessories,Sindh,5,3000,0.13845902062555515,12923.114690616672
2025-08-16 04:05:42.788557712,Customer_1000,Smartwatch,Wearables,Punjab,2,25000,0.13244372881419963,43377.81355929002
2025-08-16 07:35:59.711942392,Customer_392,Laptop,Electronics,Balochistan,1,150000,0.08043425746456945,137934.86138031457
2025-08-16 11:06:16.635327064,Customer_249,Headphones,Accessories,Sindh,1,8000,0.018755522223229543,7849.955822214164
2025-08-16 14:36:33.558711744,Customer_614,Headphones,Accessories,KPK,1,8000,0.22391280760047963,6208.697539196163
2025-08-16 18:06:50.482096416,Customer_849,Laptop,Electronics,Sindh,4,150000,0.2006689531315717,479598.62812105694
2025-08-16 21:37:07.405481096,Customer_595,Mouse,Accessories,Sindh,4,3000,0.03488169513991732,11581.419658320992
2025-08-17 01:07:24.328865776,Customer_703,Smartwatch,Wearables,Punjab,2,25000,0.19419206783751822,40290.39660812409
2025-08-17 04:37:41.252250448,Customer_417,Keyboard,Accessories,Islamabad,1,5000,0.1564616665126525,4217.691667436738
2025-08-17 08:07:58.175635128,Customer_143,Laptop,Electronics,Islamabad,1,150000,0.10228594697940557,134657.10795308917
2025-08-17 11:38:15.099019808,Customer_237,Mouse,Accessories,Sindh,5,3000,0.06350528727389068,14047.420690891639
2025-08-17 15:08:32.022404480,Customer_287,Laptop,Electronics,KPK,5,150000,0.21493219587555812,588800.8530933314
2025-08-17 18:38:48.945789160,Customer_277,Laptop,Electronics,KPK,2,150000,0.17504706482351326,247485.880552946
2025-08-17 22:09:05.869173832,Customer_387,Smartphone,Electronics,Punjab,1,90000,0.13693497736728422,77675.85203694442
2025-08-18 01:39:22.792558512,Customer_382,Mouse,Accessories,Sindh,2,3000,0.15239213347461603,5085.647199152304
2025-08-18 05:09:39.715943192,Customer_450,Keyboard,Accessories,Sindh,5,5000,0.022766545520545245,24430.83636198637
2025-08-18 08:39:56.639327864,Customer_291,Tablet,Electronics,Islamabad,5,60000,0.11847994022779798,264456.01793166064
2025-08-18 12:10:13.562712544,Customer_169,Smartphone,Electronics,Punjab,4,90000,0.0484250731964255,342566.9736492868
2025-08-18 15:40:30.486097224,Customer_443,Laptop,Electronics,Balochistan,2,150000,0.05209591975220634,284371.2240743381
2025-08-18 19:10:47.409481896,Customer_656,Tablet,Electronics,KPK,2,60000,0.16532599057171668,100160.881131394
2025-08-18 22:41:04.332866576,Customer_184,Monitor,Electronics,KPK,1,45000,0.22781403795857202,34748.36829186426
2025-08-19 02:11:21.256251248,Customer_45,Tablet,Electronics,Sindh,1,60000,0.10093915261958664,53943.650842824805
2025-08-19 05:41:38.179635928,Customer_755,Laptop,Electronics,Punjab,4,150000,0.05193731825304759,568837.6090481714
2025-08-19 09:11:55.103020608,Customer_827,Laptop,Electronics,Balochistan,3,150000,0.16218673430916355,377015.96956087643
2025-08-19 12:42:12.026405280,Customer_946,Smartwatch,Wearables,KPK,3,25000,0.21779676158757943,58665.24288093154
2025-08-19 16:12:28.949789960,Customer_981,Mouse,Accessories,Punjab,3,3000,0.1870797002806227,7316.282697474396
2025-08-19 19:42:45.873174632,Customer_268,Mouse,Accessories,Balochistan,2,3000,0.2171893076341468,4696.864154195119
2025-08-19 23:13:02.796559312,Customer_476,Smartphone,Electronics,Sindh,2,90000,0.13413866775269984,155855.03980451403
2025-08-20 02:43:19.719943992,Customer_253,Keyboard,Accessories,Islamabad,5,5000,0.18796906109229772,20300.773472692556
2025-08-20 06:13:36.643328664,Customer_396,Smartphone,Electronics,KPK,2,90000,0.03501613983973412,173697.09482884785
2025-08-20 09:43:53.566713344,Customer_289,Headphones,Accessories,KPK,2,8000,0.08706865384079787,14606.901538547234
2025-08-20 13:14:10.490098024,Customer_212,Laptop,Electronics,Balochistan,2,150000,0.09738729112038061,270783.8126638858
2025-08-20 16:44:27.413482696,Customer_1000,Tablet,Electronics,Islamabad,4,60000,0.12782393656150864,209322.25522523792
2025-08-20 20:14:44.336867376,Customer_689,Monitor,Electronics,Punjab,2,45000,0.23226909006420593,69095.78189422147
2025-08-20 23:45:01.260252048,Customer_21,Laptop,Electronics,Sindh,1,150000,0.21857414005554357,117213.87899166846
2025-08-21 03:15:18.183636728,Customer_316,Laptop,Electronics,Punjab,1,150000,0.033631373072296133,144955.2940391556
2025-08-21 06:45:35.107021408,Customer_564,Smartphone,Electronics,Balochistan,5,90000,0.0431974129706158,430561.1641632229
2025-08-21 10:15:52.030406080,Customer_438,Monitor,Electronics,KPK,4,45000,0.08941013739722783,163906.175268499
2025-08-21 13:46:08.953790760,Customer_423,Monitor,Electronics,KPK,1,45000,0.07268596647266848,41729.13150872992
2025-08-21 17:16:25.877175432,Customer_233,Monitor,Electronics,Punjab,4,45000,0.15369273828906557,152335.3071079682
2025-08-21 20:46:42.800560112,Customer_945,Smartphone,Electronics,Sindh,4,90000,0.22569401194113622,278750.15570119093
2025-08-22 00:16:59.723944792,Customer_123,Laptop,Electronics,Balochistan,5,150000,0.2405728854181467,569570.33593639
2025-08-22 03:47:16.647329464,Customer_874,Smartphone,Electronics,Sindh,4,90000,0.16340073813380662,301175.7342718296
2025-08-22 07:17:33.570714144,Customer_960,Mouse,Accessories,Balochistan,2,3000,0.20953980035027167,4742.7611978983705
2025-08-22 10:47:50.494098824,Customer_612,Mouse,Accessories,Sindh,4,3000,0.13130055005769928,10424.39339930761
2025-08-22 14:18:07.417483496,Customer_214,Smartphone,Electronics,Punjab,5,90000,0.05208173671500993,426563.21847824554
2025-08-22 17:48:24.340868176,Customer_922,Monitor,Electronics,Islamabad,5,45000,0.13117210302336935,195486.2768197419
2025-08-22 21:18:41.264252848,Customer_839,Smartwatch,Wearables,Balochistan,5,25000,0.13877065035941277,107653.6687050734
2025-08-23 00:48:58.187637528,Customer_647,Laptop,Electronics,Punjab,1,150000,0.18561439105338914,122157.84134199162
2025-08-23 04:19:15.111022208,Customer_968,Smartphone,Electronics,KPK,2,90000,0.054970747426837274,170105.2654631693
2025-08-23 07:49:32.034406880,Customer_830,Smartphone,Electronics,KPK,1,90000,0.09207759552168293,81713.01640304853
2025-08-23 11:19:48.957791560,Customer_730,Smartphone,Electronics,Sindh,3,90000,0.09100686730364158,245428.14582801677
2025-08-23 14:50:05.881176232,Customer_600,Smartwatch,Wearables,KPK,2,25000,0.23985989893529122,38007.005053235436
2025-08-23 18:20:22.804560912,Customer_792,Smartwatch,Wearables,Islamabad,4,25000,0.11098624008167973,88901.37599183203
2025-08-23 21:50:39.727945592,Customer_40,Headphones,Accessories,Balochistan,5,8000,0.18877349182453662,32449.060327018535
2025-08-24 01:20:56.651330264,Customer_752,Mouse,Accessories,Sindh,3,3000,0.18770284534360976,7310.674391907512
2025-08-24 04:51:13.574714944,Customer_332,Tablet,Electronics,Balochistan,2,60000,0.06638604620081034,112033.67445590276
2025-08-24 08:21:30.498099624,Customer_943,Monitor,Electronics,Balochistan,1,45000,0.14296742234293303,38566.46599456801
2025-08-24 11:51:47.421484296,Customer_648,Keyboard,Accessories,Punjab,5,5000,0.22357572332966202,19410.60691675845
2025-08-24 15:22:04.344868976,Customer_182,Smartwatch,Wearables,KPK,1,25000,0.11879942986423736,22030.014253394063
2025-08-24 18:52:21.268253648,Customer_265,Tablet,Electronics,Balochistan,2,60000,0.23627937683563652,91646.47477972362
2025-08-24 22:22:38.191638328,Customer_771,Smartwatch,Wearables,Islamabad,2,25000,0.0536145573310404,47319.27213344798
2025-08-25 01:52:55.115023008,Customer_694,Monitor,Electronics,Islamabad,3,45000,0.018539776443507683,132497.13018012646
2025-08-25 05:23:12.038407680,Customer_533,Keyboard,Accessories,KPK,4,5000,0.22286346828618733,15542.730634276253
2025-08-25 08:53:28.961792360,Customer_863,Headphones,Accessories,KPK,1,8000,0.21192029949055416,6304.637604075567
2025-08-25 12:23:45.885177040,Customer_432,Smartphone,Electronics,Sindh,3,90000,0.24814746898346118,203000.18337446547
2025-08-25 15:54:02.808561712,Customer_943,Headphones,Accessories,Sindh,5,8000,0.16984837202810651,33206.06511887574
2025-08-25 19:24:19.731946392,Customer_984,Smartwatch,Wearables,Sindh,4,25000,0.23417198166678738,76582.80183332127
2025-08-25 22:54:36.655331064,Customer_196,Headphones,Accessories,KPK,3,8000,0.2067372562710277,19038.305849495337
2025-08-26 02:24:53.578715744,Customer_724,Tablet,Electronics,Balochistan,1,60000,0.21110658328002171,47333.605003198696
2025-08-26 05:55:10.502100424,Customer_509,Laptop,Electronics,Punjab,2,150000,0.14228539261356707,257314.38221592986
2025-08-26 09:25:27.425485096,Customer_447,Smartwatch,Wearables,Sindh,5,25000,0.09559114947917771,113051.10631510279
2025-08-26 12:55:44.348869776,Customer_528,Smartwatch,Wearables,Punjab,1,25000,0.23363951813582046,19159.01204660449
2025-08-26 16:26:01.272254448,Customer_202,Tablet,Electronics,Islamabad,4,60000,0.10802929390397362,214072.96946304632
2025-08-26 19:56:18.195639128,Customer_875,Mouse,Accessories,KPK,4,3000,0.13470484181241726,10383.541898250993
2025-08-26 23:26:35.119023808,Customer_730,Keyboard,Accessories,Islamabad,2,5000,0.11152857678129693,8884.71423218703
2025-08-27 02:56:52.042408480,Customer_605,Smartphone,Electronics,Sindh,2,90000,0.14120457849004928,154583.1758717911
2025-08-27 06:27:08.965793160,Customer_133,Tablet,Electronics,Balochistan,5,60000,0.1176262697480818,264712.1190755755
2025-08-27 09:57:25.889177840,Customer_139,Keyboard,Accessories,Sindh,5,5000,0.01199188964486897,24700.202758878277
2025-08-27 13:27:42.812562512,Customer_669,Monitor,Electronics,Punjab,2,45000,0.22051204650192466,70153.91581482677
2025-08-27 16:57:59.735947192,Customer_493,Keyboard,Accessories,Sindh,2,5000,0.11109845472894245,8889.015452710575
2025-08-27 20:28:16.659331864,Customer_847,Monitor,Electronics,Balochistan,4,45000,0.14723591212683718,153497.53581716932
2025-08-27 23:58:33.582716544,Customer_70,Tablet,Electronics,Balochistan,2,60000,0.03479695068949676,115824.3659172604
2025-08-28 03:28:50.506101224,Customer_816,Smartwatch,Wearables,KPK,3,25000,0.000846961995659784,74936.47785032551
2025-08-28 06:59:07.429485896,Customer_15,Smartwatch,Wearables,KPK,1,25000,0.06132252341091074,23466.936914727234
2025-08-28 10:29:24.352870576,Customer_747,Mouse,Accessories,Balochistan,2,3000,0.17614650803333756,4943.120951799975
2025-08-28 13:59:41.276255248,Customer_212,Tablet,Electronics,Balochistan,5,60000,0.02479863252821965,292560.4102415341
2025-08-28 17:29:58.199639928,Customer_802,Monitor,Electronics,Punjab,3,45000,0.22722186009661696,104325.04888695672
2025-08-28 21:00:15.123024608,Customer_60,Keyboard,Accessories,Sindh,5,5000,0.053755642339046145,23656.108941523846
2025-08-29 00:30:32.046409280,Customer_252,Keyboard,Accessories,KPK,3,5000,0.05114840357294395,14232.773946405841
2025-08-29 04:00:48.969793960,Customer_446,Monitor,Electronics,Punjab,2,45000,0.04537699040537388,85916.07086351635
2025-08-29 07:31:05.893178640,Customer_2,Headphones,Accessories,Sindh,1,8000,0.0034954282428411865,7972.036574057271
2025-08-29 11:01:22.816563312,Customer_748,Mouse,Accessories,KPK,5,3000,0.19295136711955865,12105.72949320662
2025-08-29 14:31:39.739947992,Customer_336,Laptop,Electronics,Punjab,3,150000,0.21875863281131464,351558.6152349084
2025-08-29 18:01:56.663332664,Customer_19,Smartwatch,Wearables,Islamabad,4,25000,0.15354067565404972,84645.93243459503
2025-08-29 21:32:13.586717344,Customer_994,Smartphone,Electronics,Islamabad,2,90000,0.04704999541996557,171531.0008244062
2025-08-30 01:02:30.510102024,Customer_561,Keyboard,Accessories,KPK,1,5000,0.07131949923521994,4643.402503823901
2025-08-30 04:32:47.433486696,Customer_78,Smartphone,Electronics,Punjab,2,90000,0.11898167434124082,158583.29861857663
2025-08-30 08:03:04.356871376,Customer_472,Laptop,Electronics,Sindh,4,150000,0.2385864879058252,456848.1072565048
2025-08-30 11:33:21.280256048,Customer_28,Tablet,Electronics,Sindh,1,60000,0.0618378429544357,56289.72942273386
2025-08-30 15:03:38.203640728,Customer_560,Smartphone,Electronics,Punjab,4,90000,0.182911475979972,294151.86864721007
2025-08-30 18:33:55.127025408,Customer_608,Laptop,Electronics,Islamabad,2,150000,0.10986205582323008,267041.383253031
2025-08-30 22:04:12.050410080,Customer_165,Smartwatch,Wearables,Punjab,3,25000,0.07446183709000545,69415.36221824959
2025-08-31 01:34:28.973794760,Customer_458,Monitor,Electronics,Islamabad,2,45000,0.11397898425552844,79741.89141700244
2025-08-31 05:04:45.897179440,Customer_945,Headphones,Accessories,Islamabad,2,8000,0.017801679385308133,15715.17312983507
2025-08-31 08:35:02.820564112,Customer_877,Smartwatch,Wearables,Sindh,2,25000,0.19967184273259062,40016.40786337047
2025-08-31 12:05:19.743948792,Customer_176,Keyboard,Accessories,KPK,5,5000,0.06082548199574178,23479.362950106457
2025-08-31 15:35:36.667333464,Customer_585,Laptop,Electronics,Balochistan,4,150000,0.1813530307982426,491188.1815210544
2025-08-31 19:05:53.590718144,Customer_984,Smartphone,Electronics,Punjab,4,90000,0.01708709286204868,353848.6465696625
2025-08-31 22:36:10.514102824,Customer_868,Keyboard,Accessories,Islamabad,4,5000,0.23877463904142152,15224.50721917157
2025-09-01 02:06:27.437487496,Customer_29,Headphones,Accessories,Punjab,5,8000,0.04825374635142465,38069.85014594301
2025-09-01 05:36:44.360872176,Customer_956,Monitor,Electronics,KPK,3,45000,0.2206855190517701,105207.45492801104
2025-09-01 09:07:01.284256856,Customer_669,Tablet,Electronics,KPK,2,60000,0.2023683024038586,95715.80371153697
2025-09-01 12:37:18.207641528,Customer_826,Keyboard,Accessories,Balochistan,3,5000,0.241964981020354,11370.52528469469
2025-09-01 16:07:35.131026208,Customer_816,Tablet,Electronics,Balochistan,5,60000,0.1194726652364374,264158.20042906876
2025-09-01 19:37:52.054410880,Customer_279,Laptop,Electronics,Islamabad,4,150000,0.18184932346148788,490890.4059231073
2025-09-01 23:08:08.977795560,Customer_283,Headphones,Accessories,Balochistan,2,8000,0.09267766425944601,14517.157371848863
2025-09-02 02:38:25.901180240,Customer_479,Smartphone,Electronics,Islamabad,1,90000,0.046092059504923455,85851.7146445569
2025-09-02 06:08:42.824564912,Customer_519,Headphones,Accessories,Sindh,1,8000,0.1107689832333622,7113.848134133102
2025-09-02 09:38:59.747949592,Customer_305,Headphones,Accessories,Islamabad,3,8000,0.04143725384711372,23005.50590766927
2025-09-02 13:09:16.671334264,Customer_694,Mouse,Accessories,Balochistan,4,3000,0.24551115569659598,9053.866131640849
2025-09-02 16:39:33.594718944,Customer_109,Headphones,Accessories,Punjab,1,8000,0.024061622785179093,7807.507017718567
2025-09-02 20:09:50.518103624,Customer_324,Headphones,Accessories,Balochistan,3,8000,0.1473029308631551,20464.72965928428
2025-09-02 23:40:07.441488296,Customer_206,Smartwatch,Wearables,KPK,5,25000,0.15661596381351398,105423.00452331075
2025-09-03 03:10:24.364872976,Customer_234,Keyboard,Accessories,Balochistan,3,5000,0.13451988571851356,12982.201714222296
2025-09-03 06:40:41.288257656,Customer_938,Smartphone,Electronics,Sindh,3,90000,0.1655464714279584,225302.45271445124
2025-09-03 10:10:58.211642328,Customer_458,Smartwatch,Wearables,Islamabad,3,25000,0.029045193752972737,72821.61046852704
2025-09-03 13:41:15.135027008,Customer_187,Smartwatch,Wearables,KPK,2,25000,0.13875463105132277,43062.26844743386
2025-09-03 17:11:32.058411680,Customer_940,Keyboard,Accessories,Islamabad,3,5000,0.07180314278184038,13922.952858272394
2025-09-03 20:41:48.981796360,Customer_482,Keyboard,Accessories,Islamabad,3,5000,0.23504401582526416,11474.339762621037
2025-09-04 00:12:05.905181040,Customer_922,Laptop,Electronics,Balochistan,2,150000,0.19051791335993143,242844.6259920206
2025-09-04 03:42:22.828565712,Customer_407,Keyboard,Accessories,Punjab,2,5000,0.24312862053993567,7568.713794600643
2025-09-04 07:12:39.751950392,Customer_841,Mouse,Accessories,KPK,5,3000,0.009389017435047387,14859.16473847429
2025-09-04 10:42:56.675335064,Customer_509,Mouse,Accessories,Sindh,4,3000,0.07128329379517717,11144.600474457873
2025-09-04 14:13:13.598719744,Customer_869,Smartwatch,Wearables,Sindh,1,25000,0.04885564665958725,23778.608833510316
2025-09-04 17:43:30.522104424,Customer_520,Tablet,Electronics,Punjab,1,60000,0.002788646827957625,59832.68119032254
2025-09-04 21:13:47.445489096,Customer_53,Laptop,Electronics,Punjab,3,150000,0.060581432561580356,422738.35534728883
2025-09-05 00:44:04.368873776,Customer_398,Tablet,Electronics,Balochistan,5,60000,0.16969399588010722,249091.8012359678
2025-09-05 04:14:21.292258456,Customer_199,Tablet,Electronics,Sindh,3,60000,0.05777223053364214,169600.99850394443
2025-09-05 07:44:38.215643128,Customer_391,Smartwatch,Wearables,KPK,1,25000,0.12725086137065456,21818.728465733635
2025-09-05 11:14:55.139027808,Customer_649,Monitor,Electronics,Punjab,2,45000,0.22195452874124966,70024.09241328754
2025-09-05 14:45:12.062412480,Customer_771,Smartwatch,Wearables,Punjab,4,25000,0.1734394800872688,82656.05199127311
2025-09-05 18:15:28.985797160,Customer_846,Smartphone,Electronics,Punjab,5,90000,0.09865726747650799,405604.22963557136
2025-09-05 21:45:45.909181840,Customer_913,Smartphone,Electronics,KPK,2,90000,0.09311723472802708,163238.89774895512
2025-09-06 01:16:02.832566512,Customer_498,Keyboard,Accessories,Sindh,4,5000,0.11393395350212118,17721.320929957576
2025-09-06 04:46:19.755951192,Customer_172,Keyboard,Accessories,KPK,5,5000,0.044260360264976595,23893.490993375584
2025-09-06 08:16:36.679335864,Customer_86,Monitor,Electronics,KPK,5,45000,0.15850019185399702,189337.45683285067
2025-09-06 11:46:53.602720544,Customer_558,Keyboard,Accessories,Balochistan,1,5000,0.09103820477615138,4544.808976119243
2025-09-06 15:17:10.526105224,Customer_858,Smartphone,Electronics,Punjab,2,90000,0.21309133731551091,141643.55928320804
2025-09-06 18:47:27.449489896,Customer_186,Tablet,Electronics,Sindh,5,60000,0.18913816501445407,243258.55049566377
2025-09-06 22:17:44.372874576,Customer_156,Smartwatch,Wearables,Balochistan,5,25000,0.15262829102304,105921.46362212
2025-09-07 01:48:01.296259256,Customer_493,Headphones,Accessories,Balochistan,4,8000,0.09105055566237902,29086.38221880387
2025-09-07 05:18:18.219643928,Customer_910,Mouse,Accessories,Islamabad,1,3000,0.0524829579183711,2842.5511262448867
2025-09-07 08:48:35.143028608,Customer_521,Headphones,Accessories,Punjab,3,8000,0.19403796602640572,19343.08881536626
2025-09-07 12:18:52.066413280,Customer_627,Headphones,Accessories,Sindh,1,8000,0.12160227474777163,7027.181802017827
2025-09-07 15:49:08.989797960,Customer_666,Smartphone,Electronics,Sindh,3,90000,0.056187509544339376,254829.37242302837
2025-09-07 19:19:25.913182640,Customer_130,Headphones,Accessories,Sindh,2,8000,0.048793653760001554,15219.301539839975
2025-09-07 22:49:42.836567312,Customer_843,Smartwatch,Wearables,Punjab,2,25000,0.041350226125339756,47932.48869373301
2025-09-08 02:19:59.759951992,Customer_81,Monitor,Electronics,Sindh,5,45000,0.19429029905139875,181284.6827134353
2025-09-08 05:50:16.683336672,Customer_384,Laptop,Electronics,KPK,2,150000,0.057246796325077925,282825.96110247663
2025-09-08 09:20:33.606721344,Customer_802,Keyboard,Accessories,KPK,5,5000,0.13166056588129937,21708.485852967515
2025-09-08 12:50:50.530106024,Customer_659,Laptop,Electronics,Punjab,1,150000,0.11288659024326411,133067.0114635104
2025-09-08 16:21:07.453490696,Customer_295,Tablet,Electronics,Sindh,2,60000,0.14490272480707098,102611.67302315148
2025-09-08 19:51:24.376875376,Customer_978,Smartwatch,Wearables,Islamabad,1,25000,0.21928872509279856,19517.781872680036
2025-09-08 23:21:41.300260056,Customer_269,Smartwatch,Wearables,Islamabad,1,25000,0.21693684752043266,19576.578811989184
2025-09-09 02:51:58.223644728,Customer_645,Mouse,Accessories,Islamabad,2,3000,0.11276901795621491,5323.3858922627105
2025-09-09 06:22:15.147029408,Customer_562,Smartwatch,Wearables,KPK,1,25000,0.003841562683680827,24903.96093290798
2025-09-09 09:52:32.070414080,Customer_535,Keyboard,Accessories,Islamabad,2,5000,0.1066109514285758,8933.890485714242
2025-09-09 13:22:48.993798760,Customer_378,Smartwatch,Wearables,Sindh,2,25000,0.1515483843560351,42422.580782198245
2025-09-09 16:53:05.917183440,Customer_376,Headphones,Accessories,Sindh,2,8000,0.13944118977451544,13768.940963607753
2025-09-09 20:23:22.840568112,Customer_88,Mouse,Accessories,Islamabad,3,3000,0.16283402645005138,7534.493761949538
2025-09-09 23:53:39.763952792,Customer_925,Keyboard,Accessories,Balochistan,1,5000,0.03851893311827087,4807.405334408645
2025-09-10 03:23:56.687337472,Customer_624,Monitor,Electronics,Islamabad,4,45000,0.16163377469518314,150905.92055486704
2025-09-10 06:54:13.610722144,Customer_111,Monitor,Electronics,Balochistan,2,45000,0.045662904685943057,85890.33857826513
2025-09-10 10:24:30.534106824,Customer_584,Monitor,Electronics,Punjab,1,45000,0.18763099517418724,36556.605217161574
2025-09-10 13:54:47.457491496,Customer_154,Monitor,Electronics,Punjab,5,45000,0.08477190331567,205926.32175397425
2025-09-10 17:25:04.380876176,Customer_463,Headphones,Accessories,Sindh,2,8000,0.1774738583453634,13160.418266474186
2025-09-10 20:55:21.304260856,Customer_569,Smartwatch,Wearables,KPK,2,25000,0.011966399726526772,49401.68001367366
2025-09-11 00:25:38.227645528,Customer_769,Laptop,Electronics,Sindh,4,150000,0.10196500639772835,538820.996161363
2025-09-11 03:55:55.151030208,Customer_156,Keyboard,Accessories,Sindh,3,5000,0.17625863056583319,12356.120541512502
2025-09-11 07:26:12.074414880,Customer_625,Headphones,Accessories,KPK,3,8000,0.05671762908287353,22638.776902011035
2025-09-11 10:56:28.997799560,Customer_318,Monitor,Electronics,Sindh,2,45000,0.19882176119930564,72106.04149206249
2025-09-11 14:26:45.921184240,Customer_559,Tablet,Electronics,KPK,1,60000,0.157694933276233,50538.30400342602
2025-09-11 17:57:02.844568912,Customer_238,Smartwatch,Wearables,Sindh,5,25000,0.14689044303744958,106638.6946203188
2025-09-11 21:27:19.767953592,Customer_334,Laptop,Electronics,Punjab,5,150000,0.08838721355108428,683709.5898366868
2025-09-12 00:57:36.691338272,Customer_106,Tablet,Electronics,Balochistan,1,60000,0.1206128675952794,52763.22794428324
2025-09-12 04:27:53.614722944,Customer_482,Mouse,Accessories,Sindh,2,3000,0.14933732524446328,5103.97604853322
2025-09-12 07:58:10.538107624,Customer_699,Tablet,Electronics,Balochistan,5,60000,0.11811552847872261,264565.34145638323
2025-09-12 11:28:27.461492296,Customer_671,Mouse,Accessories,Islamabad,3,3000,0.17457833098514003,7428.795021133739
2025-09-12 14:58:44.384876976,Customer_710,Mouse,Accessories,Sindh,1,3000,0.10842423327673989,2674.7273001697804
2025-09-12 18:29:01.308261656,Customer_382,Monitor,Electronics,Punjab,4,45000,0.05056829543550759,170897.70682160865
2025-09-12 21:59:18.231646328,Customer_689,Mouse,Accessories,KPK,2,3000,0.05348344570026181,5679.099325798429
2025-09-13 01:29:35.155031008,Customer_261,Smartphone,Electronics,Punjab,1,90000,0.0014509422107352732,89869.41520103383
2025-09-13 04:59:52.078415680,Customer_799,Keyboard,Accessories,Balochistan,5,5000,0.07523942888966811,23119.0142777583
2025-09-13 08:30:09.001800360,Customer_293,Keyboard,Accessories,KPK,2,5000,0.1872294101196299,8127.705898803701
2025-09-13 12:00:25.925185040,Customer_335,Monitor,Electronics,Punjab,3,45000,0.19854067720940238,108197.00857673067
2025-09-13 15:30:42.848569712,Customer_655,Smartphone,Electronics,Punjab,2,90000,0.050616885523937505,170888.96060569125
2025-09-13 19:00:59.771954392,Customer_820,Tablet,Electronics,Punjab,2,60000,0.23976099921785193,91228.68009385777
2025-09-13 22:31:16.695339072,Customer_709,Headphones,Accessories,KPK,3,8000,0.12560069837003168,20985.583239119238
2025-09-14 02:01:33.618723744,Customer_476,Tablet,Electronics,Punjab,3,60000,0.22924468725462566,138735.95629416738
2025-09-14 05:31:50.542108424,Customer_225,Smartwatch,Wearables,Punjab,2,25000,0.17669132046540778,41165.43397672961
2025-09-14 09:02:07.465493096,Customer_907,Headphones,Accessories,Balochistan,3,8000,0.18060835575560327,19665.39946186552
2025-09-14 12:32:24.388877776,Customer_555,Mouse,Accessories,Punjab,1,3000,0.02126090532651778,2936.2172840204466
2025-09-14 16:02:41.312262456,Customer_454,Laptop,Electronics,Punjab,3,150000,0.05499778172423267,425250.9982240953
2025-09-14 19:32:58.235647128,Customer_663,Headphones,Accessories,Islamabad,3,8000,0.0022037083236181587,23947.111000233162
2025-09-14 23:03:15.159031808,Customer_296,Laptop,Electronics,KPK,2,150000,0.17903191011918437,246290.4269642447
2025-09-15 02:33:32.082416480,Customer_575,Keyboard,Accessories,Islamabad,1,5000,0.0861095721071275,4569.4521394643625
2025-09-15 06:03:49.005801160,Customer_642,Laptop,Electronics,Balochistan,4,150000,0.1966631290190867,482002.122588548
2025-09-15 09:34:05.929185840,Customer_767,Keyboard,Accessories,Islamabad,4,5000,0.08473405498425657,18305.31890031487
2025-09-15 13:04:22.852570512,Customer_463,Smartphone,Electronics,Sindh,5,90000,0.20483343807471527,357824.9528663782
2025-09-15 16:34:39.775955192,Customer_855,Smartphone,Electronics,KPK,3,90000,0.03267456343707825,261177.86787198888
2025-09-15 20:04:56.699339872,Customer_214,Monitor,Electronics,Punjab,3,45000,0.04334328918937705,129148.65595943411
2025-09-15 23:35:13.622724544,Customer_585,Monitor,Electronics,Islamabad,1,45000,0.08521913489598412,41165.13892968072
2025-09-16 03:05:30.546109224,Customer_943,Mouse,Accessories,Islamabad,4,3000,0.10212184722056833,10774.53783335318
2025-09-16 06:35:47.469493896,Customer_616,Headphones,Accessories,Punjab,5,8000,0.0871757027107446,36512.97189157022
2025-09-16 10:06:04.392878576,Customer_158,Mouse,Accessories,Punjab,1,3000,0.19091175813080496,2427.264725607585
2025-09-16 13:36:21.316263256,Customer_272,Keyboard,Accessories,Balochistan,3,5000,0.024237848156678676,14636.43227764982
2025-09-16 17:06:38.239647928,Customer_827,Mouse,Accessories,Islamabad,4,3000,0.08780425490962201,10946.348941084536
2025-09-16 20:36:55.163032608,Customer_238,Laptop,Electronics,Islamabad,5,150000,0.20930999987886484,593017.5000908514
2025-09-17 00:07:12.086417288,Customer_303,Keyboard,Accessories,Sindh,2,5000,0.016699269315542997,9833.00730684457
2025-09-17 03:37:29.009801960,Customer_884,Monitor,Electronics,Sindh,4,45000,0.23558587691783936,137594.5421547889
2025-09-17 07:07:45.933186640,Customer_670,Smartphone,Electronics,Islamabad,5,90000,0.24657921056800322,339039.3552443985
2025-09-17 10:38:02.856571312,Customer_621,Monitor,Electronics,Sindh,1,45000,0.022142043456270022,44003.60804446785
2025-09-17 14:08:19.779955992,Customer_521,Headphones,Accessories,Islamabad,2,8000,0.07281813056393424,14834.909910977052
2025-09-17 17:38:36.703340672,Customer_321,Keyboard,Accessories,KPK,5,5000,0.09310016650883904,22672.495837279024
2025-09-17 21:08:53.626725344,Customer_59,Keyboard,Accessories,Balochistan,5,5000,0.19409784216318152,20147.553945920463
2025-09-18 00:39:10.550110024,Customer_358,Laptop,Electronics,Sindh,3,150000,0.14898170302918345,382958.23363686743
2025-09-18 04:09:27.473494696,Customer_704,Headphones,Accessories,Islamabad,4,8000,0.16109142512314184,26845.07439605946
2025-09-18 07:39:44.396879376,Customer_648,Smartphone,Electronics,Sindh,3,90000,0.1893774557046265,218868.08695975086
2025-09-18 11:10:01.320264056,Customer_251,Tablet,Electronics,Balochistan,2,60000,0.02949474985925643,116460.63001688923
2025-09-18 14:40:18.243648728,Customer_891,Keyboard,Accessories,KPK,5,5000,0.2083023642275656,19792.440894310857
2025-09-18 18:10:35.167033408,Customer_436,Keyboard,Accessories,Punjab,3,5000,0.176404951045036,12353.925734324459
2025-09-18 21:40:52.090418088,Customer_146,Laptop,Electronics,Punjab,4,150000,0.14433543129909257,513398.7412205445
2025-09-19 01:11:09.013802760,Customer_859,Mouse,Accessories,Sindh,2,3000,0.22243383369576417,4665.3969978254145
2025-09-19 04:41:25.937187440,Customer_978,Smartwatch,Wearables,Islamabad,1,25000,0.17507658847095178,20623.085288226208
2025-09-19 08:11:42.860572112,Customer_352,Smartphone,Electronics,Balochistan,3,90000,0.05042499065775635,256385.2525224058
2025-09-19 11:41:59.783956792,Customer_570,Monitor,Electronics,KPK,2,45000,0.10743634526891668,80330.7289257975
2025-09-19 15:12:16.707341472,Customer_689,Headphones,Accessories,KPK,1,8000,0.12351071673393332,7011.914266128533
2025-09-19 18:42:33.630726144,Customer_800,Keyboard,Accessories,KPK,3,5000,0.013804406687601412,14792.933899685979
2025-09-19 22:12:50.554110824,Customer_245,Keyboard,Accessories,Punjab,2,5000,0.23865937834001394,7613.40621659986
2025-09-20 01:43:07.477495496,Customer_560,Monitor,Electronics,Balochistan,2,45000,0.03214431519921962,87107.01163207024
2025-09-20 05:13:24.400880176,Customer_301,Smartphone,Electronics,Punjab,3,90000,0.1743653168066817,222921.36446219595
2025-09-20 08:43:41.324264856,Customer_438,Smartwatch,Wearables,Sindh,2,25000,0.12655775902272004,43672.112048864
2025-09-20 12:13:58.247649528,Customer_868,Mouse,Accessories,KPK,5,3000,0.006408062471105647,14903.879062933416
2025-09-20 15:44:15.171034208,Customer_100,Keyboard,Accessories,Balochistan,3,5000,0.23118686896609042,11532.196965508643
2025-09-20 19:14:32.094418888,Customer_725,Smartwatch,Wearables,KPK,2,25000,0.2129592022047333,39352.039889763335
2025-09-20 22:44:49.017803560,Customer_814,Smartphone,Electronics,Punjab,1,90000,0.13106448197595888,78204.1966221637
2025-09-21 02:15:05.941188240,Customer_480,Monitor,Electronics,Punjab,1,45000,0.057235584034861314,42424.39871843124
2025-09-21 05:45:22.864572912,Customer_415,Laptop,Electronics,Punjab,5,150000,0.03040572267002356,727195.7079974823
2025-09-21 09:15:39.787957592,Customer_165,Mouse,Accessories,KPK,3,3000,0.09084811985803165,8182.366921277715
2025-09-21 12:45:56.711342272,Customer_912,Headphones,Accessories,Balochistan,2,8000,0.06385707026152262,14978.286875815638
2025-09-21 16:16:13.634726944,Customer_942,Keyboard,Accessories,Balochistan,2,5000,0.12667280025157468,8733.271997484253
2025-09-21 19:46:30.558111624,Customer_638,Smartphone,Electronics,Sindh,1,90000,0.24160232403085724,68255.79083722284
2025-09-21 23:16:47.481496296,Customer_302,Laptop,Electronics,KPK,5,150000,0.14373837330741035,642196.2200194423
2025-09-22 02:47:04.404880976,Customer_974,Headphones,Accessories,Sindh,1,8000,0.22248276397252448,6220.137888219805
2025-09-22 06:17:21.328265656,Customer_121,Tablet,Electronics,Sindh,1,60000,0.1627197093739443,50236.81743756334
2025-09-22 09:47:38.251650328,Customer_88,Smartphone,Electronics,Sindh,5,90000,0.11881163164680011,396534.76575893996
2025-09-22 13:17:55.175035008,Customer_217,Smartphone,Electronics,Sindh,3,90000,0.2136518906833428,212313.98951549744
2025-09-22 16:48:12.098419688,Customer_573,Headphones,Accessories,Punjab,2,8000,0.11784202754324938,14114.52755930801
2025-09-22 20:18:29.021804360,Customer_814,Laptop,Electronics,Sindh,3,150000,0.21715704262759025,352279.33081758436
2025-09-22 23:48:45.945189040,Customer_179,Tablet,Electronics,Balochistan,4,60000,0.07289419239394132,222505.39382545408
2025-09-23 03:19:02.868573712,Customer_702,Smartwatch,Wearables,Sindh,4,25000,0.03220326844074703,96779.6731559253
2025-09-23 06:49:19.791958392,Customer_163,Smartwatch,Wearables,Punjab,4,25000,0.21382861609073459,78617.13839092654
2025-09-23 10:19:36.715343072,Customer_593,Monitor,Electronics,Islamabad,5,45000,0.1468537909481667,191957.8970366625
2025-09-23 13:49:53.638727744,Customer_170,Laptop,Electronics,Islamabad,1,150000,0.22227309956224003,116659.035065664
2025-09-23 17:20:10.562112424,Customer_301,Mouse,Accessories,Islamabad,3,3000,0.2344568017480958,6889.888784267137
2025-09-23 20:50:27.485497104,Customer_374,Keyboard,Accessories,KPK,2,5000,0.013407097592862294,9865.929024071376
2025-09-24 00:20:44.408881776,Customer_708,Headphones,Accessories,Balochistan,4,8000,0.12524232546471709,27992.245585129054
2025-09-24 03:51:01.332266456,Customer_203,Monitor,Electronics,Punjab,3,45000,0.09374113726863231,122344.94646873463
2025-09-24 07:21:18.255651128,Customer_47,Tablet,Electronics,Islamabad,4,60000,0.1564645992675293,202448.49617579297
2025-09-24 10:51:35.179035808,Customer_463,Headphones,Accessories,Punjab,4,8000,0.19839779930058088,25651.27042238141
2025-09-24 14:21:52.102420488,Customer_670,Headphones,Accessories,Punjab,2,8000,0.07014755399359224,14877.639136102523
2025-09-24 17:52:09.025805160,Customer_408,Laptop,Electronics,KPK,5,150000,0.1391995960932929,645600.3029300303
2025-09-24 21:22:25.949189840,Customer_194,Keyboard,Accessories,Islamabad,1,5000,0.1771821449762249,4114.089275118876
2025-09-25 00:52:42.872574512,Customer_427,Mouse,Accessories,Sindh,5,3000,0.033607770708933504,14495.883439365998
2025-09-25 04:22:59.795959192,Customer_930,Smartwatch,Wearables,Punjab,3,25000,0.2035167264878167,59736.24551341375
2025-09-25 07:53:16.719343872,Customer_791,Smartphone,Electronics,Islamabad,5,90000,0.15152739996324327,381812.6700165405
2025-09-25 11:23:33.642728544,Customer_317,Smartphone,Electronics,Punjab,3,90000,0.23738435927841295,205906.2229948285
2025-09-25 14:53:50.566113224,Customer_479,Headphones,Accessories,KPK,3,8000,0.08488222978267332,21962.82648521584
2025-09-25 18:24:07.489497904,Customer_421,Smartwatch,Wearables,KPK,1,25000,0.027036485584299663,24324.08786039251
2025-09-25 21:54:24.412882576,Customer_269,Smartwatch,Wearables,Sindh,2,25000,0.12662530025923133,43668.734987038435
2025-09-26 01:24:41.336267256,Customer_481,Keyboard,Accessories,KPK,1,5000,0.021452692927359712,4892.736535363201
2025-09-26 04:54:58.259651928,Customer_711,Tablet,Electronics,Islamabad,5,60000,0.2423816308310017,227285.51075069947
2025-09-26 08:25:15.183036608,Customer_736,Tablet,Electronics,KPK,3,60000,0.009671239564297884,178259.17687842637
2025-09-26 11:55:32.106421288,Customer_263,Monitor,Electronics,Sindh,4,45000,0.188375975276827,146092.32445017115
2025-09-26 15:25:49.029805960,Customer_426,Laptop,Electronics,Balochistan,4,150000,0.131275599535561,521234.64027866337
2025-09-26 18:56:05.953190640,Customer_166,Keyboard,Accessories,Punjab,3,5000,0.09215516312457217,13617.672553131417
2025-09-26 22:26:22.876575312,Customer_692,Keyboard,Accessories,Punjab,1,5000,0.016460541127163664,4917.697294364181
2025-09-27 01:56:39.799959992,Customer_428,Laptop,Electronics,Islamabad,2,150000,0.15554173104340194,253337.4806869794
2025-09-27 05:26:56.723344672,Customer_704,Smartwatch,Wearables,Sindh,1,25000,0.1463050823477388,21342.37294130653
2025-09-27 08:57:13.646729344,Customer_397,Tablet,Electronics,Sindh,3,60000,0.07022081826689994,167360.25271195802
2025-09-27 12:27:30.570114024,Customer_216,Tablet,Electronics,Sindh,3,60000,0.22755542535257803,139040.02343653596
2025-09-27 15:57:47.493498704,Customer_796,Smartwatch,Wearables,Punjab,2,25000,0.07602750183570922,46198.62490821454
2025-09-27 19:28:04.416883376,Customer_864,Tablet,Electronics,KPK,5,60000,0.11243135264802653,266270.59420559206
2025-09-27 22:58:21.340268056,Customer_107,Headphones,Accessories,Punjab,5,8000,0.13594061397966392,34562.37544081344
2025-09-28 02:28:38.263652728,Customer_978,Keyboard,Accessories,Punjab,2,5000,0.025057969544071523,9749.420304559284
2025-09-28 05:58:55.187037408,Customer_98,Smartphone,Electronics,Punjab,5,90000,0.23304042980340808,345131.80658846634
2025-09-28 09:29:12.110422088,Customer_880,Laptop,Electronics,KPK,4,150000,0.09363403811276028,543819.5771323438
2025-09-28 12:59:29.033806760,Customer_482,Tablet,Electronics,Balochistan,5,60000,0.020194803468585903,293941.5589594242
2025-09-28 16:29:45.957191440,Customer_499,Monitor,Electronics,Islamabad,5,45000,0.09682279341883249,203214.8714807627
2025-09-28 20:00:02.880576112,Customer_230,Tablet,Electronics,Balochistan,5,60000,0.15005063677314517,254984.80896805646
2025-09-28 23:30:19.803960792,Customer_257,Tablet,Electronics,Balochistan,4,60000,0.1284131679553324,209180.83969072023
2025-09-29 03:00:36.727345472,Customer_43,Mouse,Accessories,Punjab,5,3000,0.1736354935093185,12395.467597360222
2025-09-29 06:30:53.650730144,Customer_242,Headphones,Accessories,Balochistan,4,8000,0.013870985516977657,31556.128463456716
2025-09-29 10:01:10.574114824,Customer_554,Laptop,Electronics,Punjab,2,150000,0.07113515256801403,278659.4542295958
2025-09-29 13:31:27.497499504,Customer_95,Mouse,Accessories,Punjab,1,3000,0.20480764421002556,2385.5770673699235
2025-09-29 17:01:44.420884176,Customer_946,Mouse,Accessories,Islamabad,2,3000,0.019973421947840214,5880.159468312959
2025-09-29 20:32:01.344268856,Customer_766,Monitor,Electronics,Sindh,1,45000,0.2138714886739894,35375.78300967048
2025-09-30 00:02:18.267653528,Customer_188,Keyboard,Accessories,Punjab,2,5000,0.022974023019276563,9770.259769807235
2025-09-30 03:32:35.191038208,Customer_385,Monitor,Electronics,Balochistan,1,45000,0.20861355372292406,35612.39008246842
2025-09-30 07:02:52.114422888,Customer_819,Keyboard,Accessories,Islamabad,1,5000,0.09019710026968167,4549.014498651592
2025-09-30 10:33:09.037807560,Customer_400,Keyboard,Accessories,Balochistan,3,5000,0.15305226581430395,12704.21601278544
2025-09-30 14:03:25.961192240,Customer_506,Laptop,Electronics,Sindh,1,150000,0.03822177891199954,144266.7331632001
2025-09-30 17:33:42.884576920,Customer_167,Tablet,Electronics,KPK,1,60000,0.01654218043129521,59007.46917412229
2025-09-30 21:03:59.807961592,Customer_783,Laptop,Electronics,Sindh,3,150000,0.05398455100503377,425706.9520477348
2025-10-01 00:34:16.731346272,Customer_125,Headphones,Accessories,Islamabad,5,8000,0.031963454477173886,38721.46182091304
2025-10-01 04:04:33.654730944,Customer_673,Keyboard,Accessories,Sindh,5,5000,0.07810147441990795,23047.4631395023
2025-10-01 07:34:50.578115624,Customer_87,Mouse,Accessories,Sindh,3,3000,0.12859581162775505,7842.637695350205
2025-10-01 11:05:07.501500304,Customer_821,Tablet,Electronics,Islamabad,4,60000,0.14718986589125238,204674.43218609944
2025-10-01 14:35:24.424884976,Customer_489,Smartphone,Electronics,Islamabad,1,90000,0.19746702684493572,72227.96758395579
2025-10-01 18:05:41.348269656,Customer_226,Headphones,Accessories,Balochistan,1,8000,0.16405997331208966,6687.520213503282
2025-10-01 21:35:58.271654328,Customer_657,Laptop,Electronics,Punjab,3,150000,0.15218958128238824,381514.6884229253
2025-10-02 01:06:15.195039008,Customer_345,Monitor,Electronics,KPK,3,45000,0.10294550687144366,121102.3565723551
2025-10-02 04:36:32.118423688,Customer_760,Headphones,Accessories,KPK,4,8000,0.11845210874003467,28209.53252031889
2025-10-02 08:06:49.041808360,Customer_874,Headphones,Accessories,KPK,5,8000,0.10363020734754527,35854.79170609819
2025-10-02 11:37:05.965193040,Customer_518,Tablet,Electronics,Sindh,2,60000,0.21054150751534578,94735.0190981585
2025-10-02 15:07:22.888577720,Customer_31,Headphones,Accessories,Islamabad,5,8000,0.05750011313709996,37699.995474516
2025-10-02 18:37:39.811962392,Customer_709,Headphones,Accessories,Islamabad,1,8000,0.0014302328854911561,7988.558136916071
2025-10-02 22:07:56.735347072,Customer_744,Smartphone,Electronics,Islamabad,3,90000,0.16282997430655982,226035.90693722886
2025-10-03 01:38:13.658731744,Customer_296,Smartwatch,Wearables,Punjab,4,25000,0.05061554590970785,94938.44540902921
2025-10-03 05:08:30.582116424,Customer_414,Monitor,Electronics,Islamabad,5,45000,0.22252878407745233,174931.02358257322
2025-10-03 08:38:47.505501104,Customer_837,Monitor,Electronics,Islamabad,4,45000,0.21476158242666402,141342.9151632005
2025-10-03 12:09:04.428885776,Customer_972,Monitor,Electronics,Sindh,5,45000,0.019181842982051472,220684.0853290384
2025-10-03 15:39:21.352270456,Customer_135,Keyboard,Accessories,Balochistan,1,5000,0.026597101353519337,4867.014493232404
2025-10-03 19:09:38.275655128,Customer_525,Mouse,Accessories,KPK,2,3000,0.12379289806166657,5257.24261163
2025-10-03 22:39:55.199039808,Customer_4,Smartwatch,Wearables,Sindh,4,25000,0.15230566569233867,84769.43343076613
2025-10-04 02:10:12.122424488,Customer_178,Monitor,Electronics,Sindh,4,45000,0.06872708437056019,167629.12481329916
2025-10-04 05:40:29.045809160,Customer_746,Headphones,Accessories,Sindh,2,8000,0.17919942917484266,13132.809133202518
2025-10-04 09:10:45.969193840,Customer_259,Headphones,Accessories,KPK,4,8000,0.14872900522971788,27240.671832649026
2025-10-04 12:41:02.892578520,Customer_652,Monitor,Electronics,Sindh,4,45000,0.08120602743713867,165382.91506131503
2025-10-04 16:11:19.815963192,Customer_65,Tablet,Electronics,Balochistan,5,60000,0.006342872010578898,298097.13839682634
2025-10-04 19:41:36.739347872,Customer_795,Monitor,Electronics,Islamabad,5,45000,0.18753757032462942,182804.0466769584
2025-10-04 23:11:53.662732544,Customer_363,Headphones,Accessories,Balochistan,2,8000,0.05368841645627068,15140.98533669967
2025-10-05 02:42:10.586117224,Customer_818,Keyboard,Accessories,Islamabad,1,5000,0.2086184358656571,3956.9078206717145
2025-10-05 06:12:27.509501904,Customer_717,Laptop,Electronics,Islamabad,4,150000,0.1050725650135638,536956.4609918618
2025-10-05 09:42:44.432886576,Customer_17,Laptop,Electronics,Sindh,1,150000,0.14426936065794135,128359.5959013088
2025-10-05 13:13:01.356271256,Customer_200,Smartwatch,Wearables,Sindh,2,25000,0.21823718260225047,39088.14086988748
2025-10-05 16:43:18.279655928,Customer_544,Smartwatch,Wearables,KPK,2,25000,0.21590575022998834,39204.71248850058
2025-10-05 20:13:35.203040608,Customer_212,Monitor,Electronics,Punjab,5,45000,0.09287989381089332,204102.023892549
2025-10-05 23:43:52.126425288,Customer_435,Smartphone,Electronics,Balochistan,4,90000,0.05222222317871078,341199.9996556641
2025-10-06 03:14:09.049809960,Customer_273,Monitor,Electronics,KPK,3,45000,0.19378651943214867,108838.81987665994
2025-10-06 06:44:25.973194640,Customer_290,Tablet,Electronics,KPK,2,60000,0.1082700509005328,107007.59389193606
2025-10-06 10:14:42.896579320,Customer_803,Monitor,Electronics,Balochistan,4,45000,0.04801049838975102,171358.11028984483
2025-10-06 13:44:59.819963992,Customer_483,Smartwatch,Wearables,Balochistan,1,25000,0.22610633557928755,19347.34161051781
2025-10-06 17:15:16.743348672,Customer_998,Laptop,Electronics,Islamabad,5,150000,0.049526048560271846,712855.4635797961
2025-10-06 20:45:33.666733344,Customer_234,Headphones,Accessories,Punjab,1,8000,0.0064517920478077695,7948.385663617538
2025-10-07 00:15:50.590118024,Customer_408,Monitor,Electronics,Sindh,2,45000,0.005069993441854992,89543.70059023306
2025-10-07 03:46:07.513502704,Customer_694,Headphones,Accessories,Punjab,2,8000,0.15557883911356607,13510.738574182942
2025-10-07 07:16:24.436887376,Customer_146,Headphones,Accessories,Punjab,1,8000,0.1654187651793826,6676.649878564939
2025-10-07 10:46:41.360272056,Customer_562,Smartphone,Electronics,Sindh,2,90000,0.07776042626424598,166003.12327243574
2025-10-07 14:16:58.283656736,Customer_430,Headphones,Accessories,Punjab,4,8000,0.08000274731176585,29439.912086023494
2025-10-07 17:47:15.207041408,Customer_432,Laptop,Electronics,KPK,2,150000,0.08487347876498569,274537.9563705043
2025-10-07 21:17:32.130426088,Customer_615,Keyboard,Accessories,KPK,5,5000,0.17003963668971966,20749.00908275701
2025-10-08 00:47:49.053810760,Customer_545,Keyboard,Accessories,Sindh,4,5000,0.014533447756707146,19709.331044865856
2025-10-08 04:18:05.977195440,Customer_497,Mouse,Accessories,Sindh,3,3000,0.2322790881728314,6909.488206444517
2025-10-08 07:48:22.900580120,Customer_983,Tablet,Electronics,Balochistan,2,60000,0.05563026104436161,113324.3686746766
2025-10-08 11:18:39.823964792,Customer_89,Monitor,Electronics,Balochistan,2,45000,0.24991830131052306,67507.35288205292
2025-10-08 14:48:56.747349472,Customer_997,Tablet,Electronics,Punjab,5,60000,0.042880673446796747,287135.797965961
2025-10-08 18:19:13.670734144,Customer_411,Laptop,Electronics,Punjab,5,150000,0.19288661432809437,605335.0392539292
2025-10-08 21:49:30.594118824,Customer_897,Headphones,Accessories,Sindh,1,8000,0.05585313623240626,7553.1749101407495
2025-10-09 01:19:47.517503504,Customer_853,Keyboard,Accessories,Punjab,1,5000,0.020211700410813493,4898.9414979459325
2025-10-09 04:50:04.440888176,Customer_827,Tablet,Electronics,Islamabad,1,60000,0.21873333108766221,46876.000134740265
2025-10-09 08:20:21.364272856,Customer_241,Laptop,Electronics,KPK,5,150000,0.21468781479772298,588984.1389017078
2025-10-09 11:50:38.287657536,Customer_778,Keyboard,Accessories,Punjab,1,5000,0.10089259811240034,4495.537009437998
2025-10-09 15:20:55.211042208,Customer_223,Headphones,Accessories,Punjab,1,8000,0.1755990356351067,6595.207714919146
2025-10-09 18:51:12.134426888,Customer_748,Tablet,Electronics,Balochistan,3,60000,0.13926648317097928,154932.0330292237
2025-10-09 22:21:29.057811560,Customer_665,Keyboard,Accessories,Islamabad,1,5000,0.2132390284184372,3933.804857907814
2025-10-10 01:51:45.981196240,Customer_468,Monitor,Electronics,Punjab,2,45000,0.0787639923296636,82911.24069033028
2025-10-10 05:22:02.904580920,Customer_569,Smartwatch,Wearables,KPK,5,25000,0.1309180999997463,108635.23750003171
2025-10-10 08:52:19.827965592,Customer_322,Monitor,Electronics,Punjab,4,45000,0.12134309280113761,158158.24329579523
2025-10-10 12:22:36.751350272,Customer_375,Mouse,Accessories,Sindh,3,3000,0.08847645656421468,8203.711890922068
2025-10-10 15:52:53.674734944,Customer_112,Mouse,Accessories,Islamabad,5,3000,0.22286376613909306,11657.043507913604
2025-10-10 19:23:10.598119624,Customer_527,Keyboard,Accessories,Punjab,5,5000,0.04146948116563387,23963.262970859152
2025-10-10 22:53:27.521504304,Customer_412,Smartwatch,Wearables,Islamabad,2,25000,0.03737715988017404,48131.1420059913
2025-10-11 02:23:44.444888976,Customer_269,Laptop,Electronics,Punjab,1,150000,0.14422738383068784,128365.89242539683
2025-10-11 05:54:01.368273656,Customer_626,Monitor,Electronics,KPK,2,45000,0.1643735574962355,75206.37982533881
2025-10-11 09:24:18.291658336,Customer_252,Laptop,Electronics,KPK,1,150000,0.04865481358114129,142701.7779628288
2025-10-11 12:54:35.215043008,Customer_374,Smartwatch,Wearables,Islamabad,1,25000,0.09767936056365603,22558.0159859086
2025-10-11 16:24:52.138427688,Customer_654,Laptop,Electronics,Balochistan,5,150000,0.23664096074468594,572519.2794414855
2025-10-11 19:55:09.061812360,Customer_626,Smartwatch,Wearables,Balochistan,1,25000,0.0616543556726685,23458.64110818329
2025-10-11 23:25:25.985197040,Customer_450,Keyboard,Accessories,Sindh,3,5000,0.16709017552934852,12493.647367059772
2025-10-12 02:55:42.908581720,Customer_802,Laptop,Electronics,Balochistan,3,150000,0.1850373484243977,366733.19320902106
2025-10-12 06:25:59.831966392,Customer_995,Monitor,Electronics,Islamabad,3,45000,0.11203217486628989,119875.65639305086
2025-10-12 09:56:16.755351072,Customer_869,Headphones,Accessories,Balochistan,5,8000,0.23438149668989575,30624.74013240417
2025-10-12 13:26:33.678735744,Customer_537,Mouse,Accessories,Sindh,2,3000,0.18416418380469762,4895.014897171814
2025-10-12 16:56:50.602120424,Customer_368,Headphones,Accessories,Punjab,4,8000,0.11448114496522446,28336.60336111282
2025-10-12 20:27:07.525505104,Customer_822,Laptop,Electronics,Balochistan,1,150000,0.1423338004440235,128649.92993339647
2025-10-12 23:57:24.448889776,Customer_255,Headphones,Accessories,Islamabad,4,8000,0.17315336085627517,26459.092452599194
2025-10-13 03:27:41.372274456,Customer_463,Monitor,Electronics,Islamabad,2,45000,0.14804754510730456,76675.7209403426
2025-10-13 06:57:58.295659136,Customer_268,Monitor,Electronics,Sindh,2,45000,0.21967439595651897,70229.3043639133
2025-10-13 10:28:15.219043808,Customer_126,Laptop,Electronics,Sindh,5,150000,0.08922216557010029,683083.3758224248
2025-10-13 13:58:32.142428488,Customer_393,Keyboard,Accessories,KPK,3,5000,0.07497143501395123,13875.428474790731
2025-10-13 17:28:49.065813160,Customer_762,Headphones,Accessories,KPK,3,8000,0.053459722373816077,22716.966663028415
2025-10-13 20:59:05.989197840,Customer_799,Keyboard,Accessories,KPK,2,5000,0.009445742016148784,9905.542579838511
2025-10-14 00:29:22.912582520,Customer_334,Keyboard,Accessories,Punjab,5,5000,0.010753491095013834,24731.162722624656
2025-10-14 03:59:39.835967192,Customer_989,Smartwatch,Wearables,Islamabad,5,25000,0.2175137982773207,97810.7752153349
2025-10-14 07:29:56.759351872,Customer_565,Smartphone,Electronics,KPK,1,90000,0.16959828660147683,74736.15420586709
2025-10-14 11:00:13.682736552,Customer_368,Laptop,Electronics,Islamabad,3,150000,0.16513310385912153,375690.1032633953
2025-10-14 14:30:30.606121224,Customer_555,Mouse,Accessories,Sindh,2,3000,0.1536607047337215,5078.035771597671
2025-10-14 18:00:47.529505904,Customer_678,Monitor,Electronics,Punjab,4,45000,0.21230478617352622,141785.13848876528
2025-10-14 21:31:04.452890576,Customer_554,Monitor,Electronics,Sindh,3,45000,0.12006673141640686,118790.99125878507
2025-10-15 01:01:21.376275256,Customer_892,Laptop,Electronics,Islamabad,1,150000,0.21760270713957508,117359.59392906373
2025-10-15 04:31:38.299659936,Customer_456,Smartwatch,Wearables,KPK,5,25000,0.08986125654555979,113767.34293180503
2025-10-15 08:01:55.223044608,Customer_688,Tablet,Electronics,Sindh,2,60000,0.23167687608477264,92198.77486982729
2025-10-15 11:32:12.146429288,Customer_67,Tablet,Electronics,Balochistan,3,60000,0.17466424502031003,148560.4358963442
2025-10-15 15:02:29.069813960,Customer_66,Tablet,Electronics,Punjab,4,60000,0.06429428400610682,224569.37183853437
2025-10-15 18:32:45.993198640,Customer_912,Smartwatch,Wearables,Islamabad,1,25000,0.14102123042215628,21474.46923944609
2025-10-15 22:03:02.916583320,Customer_595,Mouse,Accessories,KPK,1,3000,0.1332576403720639,2600.227078883808
2025-10-16 01:33:19.839967992,Customer_862,Monitor,Electronics,Sindh,3,45000,0.03447470543258349,130345.91476660123
2025-10-16 05:03:36.763352672,Customer_617,Laptop,Electronics,Punjab,4,150000,0.14781072643765353,511313.56413740787
2025-10-16 08:33:53.686737352,Customer_400,Smartwatch,Wearables,KPK,1,25000,0.07869640592923949,23032.589851769015
2025-10-16 12:04:10.610122024,Customer_287,Monitor,Electronics,Sindh,2,45000,0.013087191702400608,88822.15274678395
2025-10-16 15:34:27.533506704,Customer_886,Keyboard,Accessories,Islamabad,1,5000,0.23716403942664122,3814.179802866794
2025-10-16 19:04:44.456891376,Customer_186,Headphones,Accessories,Balochistan,4,8000,0.16037259226607195,26868.077047485698
2025-10-16 22:35:01.380276056,Customer_284,Headphones,Accessories,Balochistan,5,8000,0.21922973296771175,31230.81068129153
2025-10-17 02:05:18.303660736,Customer_516,Smartwatch,Wearables,Islamabad,5,25000,0.16901400125331328,103873.24984333584
2025-10-17 05:35:35.227045408,Customer_650,Monitor,Electronics,Punjab,3,45000,0.08924592303502824,122951.8003902712
2025-10-17 09:05:52.150430088,Customer_691,Smartphone,Electronics,Islamabad,4,90000,0.12817201808220285,313858.07349040697
2025-10-17 12:36:09.073814760,Customer_237,Mouse,Accessories,Sindh,1,3000,0.16893669008679427,2493.189929739617
2025-10-17 16:06:25.997199440,Customer_18,Tablet,Electronics,Punjab,1,60000,0.2400630813003594,45596.215121978435
2025-10-17 19:36:42.920584120,Customer_815,Mouse,Accessories,Balochistan,5,3000,0.06341736478042412,14048.739528293638
2025-10-17 23:06:59.843968792,Customer_928,Mouse,Accessories,Sindh,5,3000,0.21874426465602942,11718.83603015956
2025-10-18 02:37:16.767353472,Customer_414,Smartwatch,Wearables,KPK,2,25000,0.23101945132356735,38449.02743382163
2025-10-18 06:07:33.690738152,Customer_932,Keyboard,Accessories,KPK,5,5000,0.16760387866473914,20809.90303338152
2025-10-18 09:37:50.614122824,Customer_9,Mouse,Accessories,KPK,2,3000,0.23281665685033445,4603.100058897993
2025-10-18 13:08:07.537507504,Customer_420,Headphones,Accessories,Balochistan,1,8000,0.09946964686934212,7204.242825045263
2025-10-18 16:38:24.460892176,Customer_29,Keyboard,Accessories,Islamabad,2,5000,0.2382540440101107,7617.4595598988935
2025-10-18 20:08:41.384276856,Customer_656,Laptop,Electronics,Punjab,2,150000,0.17569571929149372,247291.28421255187
2025-10-18 23:38:58.307661536,Customer_348,Mouse,Accessories,Balochistan,3,3000,0.010501441854702975,8905.487023307674
2025-10-19 03:09:15.231046208,Customer_661,Mouse,Accessories,Sindh,5,3000,0.2267182079547632,11599.226880678552
2025-10-19 06:39:32.154430888,Customer_576,Laptop,Electronics,Sindh,2,150000,0.12111820225829814,263664.53932251054
2025-10-19 10:09:49.077815560,Customer_879,Mouse,Accessories,KPK,1,3000,0.11508174619445821,2654.7547614166256
2025-10-19 13:40:06.001200240,Customer_450,Laptop,Electronics,Punjab,4,150000,0.14161665149490857,515030.0091030549
2025-10-19 17:10:22.924584920,Customer_380,Keyboard,Accessories,KPK,2,5000,0.03734613669280698,9626.53863307193
2025-10-19 20:40:39.847969592,Customer_699,Headphones,Accessories,Sindh,5,8000,0.11729151214184966,35308.33951432601
2025-10-20 00:10:56.771354272,Customer_366,Laptop,Electronics,Sindh,3,150000,0.20778180417943642,356498.1881192536
2025-10-20 03:41:13.694738952,Customer_227,Smartphone,Electronics,Islamabad,1,90000,0.003870614784378834,89651.64466940591
2025-10-20 07:11:30.618123624,Customer_118,Smartwatch,Wearables,Islamabad,3,25000,0.06822929008109282,69882.80324391804
2025-10-20 10:41:47.541508304,Customer_412,Smartwatch,Wearables,Islamabad,4,25000,0.000613646610961055,99938.63533890388
2025-10-20 14:12:04.464892976,Customer_951,Laptop,Electronics,KPK,2,150000,0.10392782728746208,268821.6518137614
2025-10-20 17:42:21.388277656,Customer_356,Smartwatch,Wearables,Punjab,2,25000,0.18207887762343367,40896.05611882832
2025-10-20 21:12:38.311662336,Customer_254,Mouse,Accessories,Islamabad,5,3000,0.19969295727865713,12004.605640820144
2025-10-21 00:42:55.235047008,Customer_543,Tablet,Electronics,Balochistan,2,60000,0.23629744028175165,91644.3071661898
2025-10-21 04:13:12.158431688,Customer_673,Tablet,Electronics,Islamabad,1,60000,0.15212615324269663,50872.430805438205
2025-10-21 07:43:29.081816360,Customer_727,Smartwatch,Wearables,KPK,4,25000,0.06365671666322387,93634.32833367762
2025-10-21 11:13:46.005201040,Customer_444,Keyboard,Accessories,Punjab,3,5000,0.23103698728417474,11534.445190737379
2025-10-21 14:44:02.928585720,Customer_681,Monitor,Electronics,Islamabad,4,45000,0.19382893847009403,145110.79107538308
2025-10-21 18:14:19.851970392,Customer_81,Keyboard,Accessories,Punjab,2,5000,0.14360712075078613,8563.92879249214
2025-10-21 21:44:36.775355072,Customer_46,Monitor,Electronics,Balochistan,3,45000,0.173910053929734,111522.14271948591
2025-10-22 01:14:53.698739752,Customer_49,Tablet,Electronics,Sindh,5,60000,0.2310790887518573,230676.27337444283
2025-10-22 04:45:10.622124424,Customer_449,Tablet,Electronics,Punjab,4,60000,0.17809850711823041,197256.3582916247
2025-10-22 08:15:27.545509104,Customer_810,Laptop,Electronics,Islamabad,3,150000,0.0920936268961835,408557.86789671745
2025-10-22 11:45:44.468893776,Customer_407,Headphones,Accessories,KPK,3,8000,0.17825705057227417,19721.830786265422
2025-10-22 15:16:01.392278456,Customer_880,Smartphone,Electronics,KPK,3,90000,0.010069540683846967,267281.22401536134
2025-10-22 18:46:18.315663136,Customer_283,Keyboard,Accessories,KPK,1,5000,0.09660389045764531,4516.980547711773
2025-10-22 22:16:35.239047808,Customer_473,Mouse,Accessories,KPK,4,3000,0.10158075796139482,10781.030904463263
2025-10-23 01:46:52.162432488,Customer_416,Monitor,Electronics,Punjab,3,45000,0.04170955860520867,129369.20958829683
2025-10-23 05:17:09.085817168,Customer_979,Smartwatch,Wearables,KPK,4,25000,0.005771370137942544,99422.86298620576
2025-10-23 08:47:26.009201840,Customer_600,Mouse,Accessories,Sindh,3,3000,0.033345309159435704,8699.892217565079
2025-10-23 12:17:42.932586520,Customer_121,Headphones,Accessories,Balochistan,5,8000,0.16365537394926377,33453.78504202945
2025-10-23 15:47:59.855971192,Customer_3,Monitor,Electronics,Punjab,5,45000,0.20057220409092189,179871.25407954256
2025-10-23 19:18:16.779355872,Customer_316,Keyboard,Accessories,Punjab,5,5000,0.24705087318174354,18823.728170456412
2025-10-23 22:48:33.702740552,Customer_460,Laptop,Electronics,KPK,2,150000,0.08659087577712357,274022.73726686294
2025-10-24 02:18:50.626125224,Customer_227,Mouse,Accessories,KPK,3,3000,0.14984480556527544,7651.396749912521
2025-10-24 05:49:07.549509904,Customer_79,Headphones,Accessories,Punjab,2,8000,0.23428624170378048,12251.420132739511
2025-10-24 09:19:24.472894576,Customer_657,Keyboard,Accessories,KPK,4,5000,0.041760445334538154,19164.791093309235
2025-10-24 12:49:41.396279256,Customer_754,Tablet,Electronics,KPK,2,60000,0.17941139658568567,98470.63240971773
2025-10-24 16:19:58.319663936,Customer_544,Tablet,Electronics,KPK,4,60000,0.1887446832872908,194701.2760110502
2025-10-24 19:50:15.243048608,Customer_775,Keyboard,Accessories,KPK,4,5000,0.022243883967334593,19555.12232065331
2025-10-24 23:20:32.166433288,Customer_723,Keyboard,Accessories,KPK,4,5000,0.21531234629576626,15693.753074084676
2025-10-25 02:50:49.089817968,Customer_71,Keyboard,Accessories,Islamabad,2,5000,0.20327626177771096,7967.23738222289
2025-10-25 06:21:06.013202640,Customer_896,Monitor,Electronics,Islamabad,3,45000,0.008350751644358612,133872.64852801157
2025-10-25 09:51:22.936587320,Customer_197,Keyboard,Accessories,Islamabad,2,5000,0.02277110372001287,9772.28896279987
2025-10-25 13:21:39.859971992,Customer_58,Mouse,Accessories,Punjab,3,3000,0.01228172347296308,8889.464488743331
2025-10-25 16:51:56.783356672,Customer_424,Headphones,Accessories,Balochistan,3,8000,0.08368588294984056,21991.538809203827
2025-10-25 20:22:13.706741352,Customer_469,Monitor,Electronics,Punjab,4,45000,0.12732224766998154,157081.9954194033
2025-10-25 23:52:30.630126024,Customer_624,Keyboard,Accessories,Islamabad,2,5000,0.1330869319886572,8669.130680113429
2025-10-26 03:22:47.553510704,Customer_48,Smartphone,Electronics,Punjab,3,90000,0.06691668994236066,251932.49371556262
2025-10-26 06:53:04.476895376,Customer_435,Smartwatch,Wearables,Balochistan,5,25000,0.22789922164006854,96512.59729499143
2025-10-26 10:23:21.400280056,Customer_185,Smartphone,Electronics,KPK,3,90000,0.0920656974679783,245142.26168364586
2025-10-26 13:53:38.323664736,Customer_879,Headphones,Accessories,Sindh,5,8000,0.011387538991338125,39544.49844034648
2025-10-26 17:23:55.247049408,Customer_839,Tablet,Electronics,Islamabad,2,60000,0.07505677788534659,110993.18665375841
2025-10-26 20:54:12.170434088,Customer_165,Laptop,Electronics,Islamabad,2,150000,0.13277735563603887,260166.79330918833
2025-10-27 00:24:29.093818768,Customer_727,Laptop,Electronics,Balochistan,2,150000,0.10205545564705801,269383.3633058826
2025-10-27 03:54:46.017203440,Customer_331,Smartwatch,Wearables,KPK,3,25000,0.06846062977481479,69865.45276688889
2025-10-27 07:25:02.940588120,Customer_330,Tablet,Electronics,KPK,1,60000,0.032830812441079354,58030.15125353524
2025-10-27 10:55:19.863972792,Customer_121,Monitor,Electronics,Sindh,3,45000,0.20479112502405744,107353.19812175224
2025-10-27 14:25:36.787357472,Customer_213,Monitor,Electronics,KPK,3,45000,0.24903631053104797,101380.09807830851
2025-10-27 17:55:53.710742152,Customer_823,Monitor,Electronics,Balochistan,4,45000,0.08238553338097052,165170.6039914253
2025-10-27 21:26:10.634126824,Customer_507,Laptop,Electronics,KPK,4,150000,0.09540526104415098,542756.8433735095
2025-10-28 00:56:27.557511504,Customer_553,Smartphone,Electronics,Balochistan,3,90000,0.15450938116923926,228282.4670843054
2025-10-28 04:26:44.480896176,Customer_865,Laptop,Electronics,Islamabad,5,150000,0.17961036868388533,615292.223487086
2025-10-28 07:57:01.404280856,Customer_916,Mouse,Accessories,Islamabad,4,3000,0.09800738370089782,10823.911395589226
2025-10-28 11:27:18.327665536,Customer_801,Keyboard,Accessories,Islamabad,3,5000,0.2262323792454538,11606.514311318193
2025-10-28 14:57:35.251050208,Customer_168,Monitor,Electronics,Punjab,1,45000,0.1400009973072296,38699.955121174666
2025-10-28 18:27:52.174434888,Customer_995,Smartphone,Electronics,Islamabad,5,90000,0.11259751910148275,399331.11640433274
2025-10-28 21:58:09.097819568,Customer_546,Headphones,Accessories,Balochistan,2,8000,0.16166818828997628,13413.308987360379
2025-10-29 01:28:26.021204240,Customer_830,Smartwatch,Wearables,Sindh,3,25000,0.2382009620622933,57134.927845328
2025-10-29 04:58:42.944588920,Customer_996,Headphones,Accessories,KPK,3,8000,0.19863807360542637,19232.686233469765
2025-10-29 08:28:59.867973592,Customer_987,Keyboard,Accessories,Islamabad,5,5000,0.010003282633781085,24749.917934155474
2025-10-29 11:59:16.791358272,Customer_787,Smartphone,Electronics,Punjab,4,90000,0.08307747768498991,330092.10803340364
2025-10-29 15:29:33.714742952,Customer_427,Laptop,Electronics,Punjab,4,150000,0.11763617123780568,529418.2972573166
2025-10-29 18:59:50.638127624,Customer_709,Laptop,Electronics,Balochistan,4,150000,0.07862939305227631,552822.3641686342
2025-10-29 22:30:07.561512304,Customer_703,Mouse,Accessories,Sindh,2,3000,0.17504689020761413,4949.718658754316
2025-10-30 02:00:24.484896984,Customer_221,Mouse,Accessories,Islamabad,5,3000,0.20656728746564526,11901.490688015321
2025-10-30 05:30:41.408281656,Customer_10,Laptop,Electronics,Islamabad,5,150000,0.1828362737963179,612872.7946527617
2025-10-30 09:00:58.331666336,Customer_120,Headphones,Accessories,Punjab,4,8000,0.24733332170706882,24085.3337053738
2025-10-30 12:31:15.255051008,Customer_635,Smartwatch,Wearables,Balochistan,4,25000,0.06813691197325727,93186.30880267426
2025-10-30 16:01:32.178435688,Customer_247,Monitor,Electronics,Punjab,1,45000,0.21874737375610537,35156.36818097525
2025-10-30 19:31:49.101820368,Customer_360,Headphones,Accessories,Punjab,1,8000,0.19165566629362155,6466.754669651028
2025-10-30 23:02:06.025205040,Customer_909,Smartwatch,Wearables,Sindh,3,25000,0.09054468938953653,68209.14829578476
2025-10-31 02:32:22.948589720,Customer_221,Mouse,Accessories,Balochistan,3,3000,0.18353113591424217,7348.21977677182
2025-10-31 06:02:39.871974392,Customer_773,Keyboard,Accessories,Sindh,5,5000,0.02601898910456174,24349.52527238596
2025-10-31 09:32:56.795359072,Customer_506,Smartwatch,Wearables,Balochistan,5,25000,0.19733337058513808,100333.32867685774
2025-10-31 13:03:13.718743752,Customer_58,Laptop,Electronics,Islamabad,2,150000,0.13308265064677566,260075.20480596728
2025-10-31 16:33:30.642128424,Customer_827,Mouse,Accessories,KPK,2,3000,0.07307254317731329,5561.56474093612
2025-10-31 20:03:47.565513104,Customer_460,Mouse,Accessories,KPK,1,3000,0.16394432544604504,2508.1670236618647
2025-10-31 23:34:04.488897784,Customer_128,Monitor,Electronics,Balochistan,3,45000,0.16040499967860225,113345.3250433887
2025-11-01 03:04:21.412282456,Customer_699,Laptop,Electronics,KPK,1,150000,0.05237155567989993,142144.266648015
2025-11-01 06:34:38.335667136,Customer_717,Monitor,Electronics,Punjab,1,45000,0.007599353702881534,44658.02908337033
2025-11-01 10:04:55.259051808,Customer_86,Laptop,Electronics,Islamabad,3,150000,0.10840564672541847,401217.4589735617
2025-11-01 13:35:12.182436488,Customer_104,Monitor,Electronics,Islamabad,2,45000,0.1423779673361053,77185.98293975052
2025-11-01 17:05:29.105821168,Customer_143,Smartwatch,Wearables,KPK,3,25000,0.2191513195926496,58563.651030551286
2025-11-01 20:35:46.029205840,Customer_205,Headphones,Accessories,Balochistan,4,8000,0.2320541989118986,24574.265634819243
2025-11-02 00:06:02.952590520,Customer_641,Keyboard,Accessories,Punjab,4,5000,0.1322013045391916,17355.973909216165
2025-11-02 03:36:19.875975192,Customer_758,Keyboard,Accessories,Balochistan,4,5000,0.18845087094213622,16230.982581157275
2025-11-02 07:06:36.799359872,Customer_38,Laptop,Electronics,KPK,5,150000,0.10982581808199923,667630.6364385006
2025-11-02 10:36:53.722744552,Customer_363,Smartphone,Electronics,Islamabad,2,90000,0.18652053914322325,146426.30295421983
2025-11-02 14:07:10.646129224,Customer_621,Tablet,Electronics,Islamabad,2,60000,0.05120038123479173,113855.954251825
2025-11-02 17:37:27.569513904,Customer_309,Mouse,Accessories,Balochistan,5,3000,0.09276618370088285,13608.507244486756
2025-11-02 21:07:44.492898584,Customer_52,Mouse,Accessories,Sindh,1,3000,0.1585569997034037,2524.329000889789
2025-11-03 00:38:01.416283256,Customer_1,Laptop,Electronics,Balochistan,4,150000,0.0045394914017697074,597276.3051589382
2025-11-03 04:08:18.339667936,Customer_11,Smartwatch,Wearables,Sindh,4,25000,0.1806153275847385,81938.46724152614
2025-11-03 07:38:35.263052608,Customer_826,Monitor,Electronics,Balochistan,1,45000,0.2088838753170417,35600.22561073313
2025-11-03 11:08:52.186437288,Customer_747,Smartphone,Electronics,Sindh,3,90000,0.09978541527348786,243057.93787615828
2025-11-03 14:39:09.109821968,Customer_640,Headphones,Accessories,Sindh,3,8000,0.11198560429429108,21312.345496937014
2025-11-03 18:09:26.033206640,Customer_936,Monitor,Electronics,Sindh,2,45000,0.21282055305413275,70846.15022512806
2025-11-03 21:39:42.956591320,Customer_214,Monitor,Electronics,Sindh,5,45000,0.19391365883150835,181369.42676291062
2025-11-04 01:09:59.879975992,Customer_995,Laptop,Electronics,Punjab,2,150000,0.07203737225834375,278388.78832249687
2025-11-04 04:40:16.803360672,Customer_956,Laptop,Electronics,Sindh,3,150000,0.08099402664038474,413552.68801182683
2025-11-04 08:10:33.726745352,Customer_755,Smartwatch,Wearables,Sindh,1,25000,0.16971955809764916,20757.01104755877
2025-11-04 11:40:50.650130024,Customer_556,Mouse,Accessories,Islamabad,2,3000,0.1407995231120403,5155.202861327759
2025-11-04 15:11:07.573514704,Customer_518,Laptop,Electronics,Punjab,4,150000,0.040557392774124235,575665.5643355254
2025-11-04 18:41:24.496899384,Customer_668,Laptop,Electronics,Sindh,4,150000,0.0774824773072916,553510.513615625
2025-11-04 22:11:41.420284056,Customer_415,Laptop,Electronics,KPK,1,150000,0.22499581921966352,116250.62711705048
2025-11-05 01:41:58.343668736,Customer_8,Smartwatch,Wearables,Punjab,3,25000,0.17204360918056585,62096.729311457566
2025-11-05 05:12:15.267053408,Customer_5,Mouse,Accessories,Islamabad,4,3000,0.24649357942137987,9042.077046943443
2025-11-05 08:42:32.190438088,Customer_362,Headphones,Accessories,Balochistan,4,8000,0.19175313249519235,25863.899760153847
2025-11-05 12:12:49.113822768,Customer_694,Headphones,Accessories,Islamabad,5,8000,0.23549360803589756,30580.255678564095
2025-11-05 15:43:06.037207440,Customer_112,Tablet,Electronics,Islamabad,2,60000,0.05404714346761885,113514.34278388573
2025-11-05 19:13:22.960592120,Customer_273,Tablet,Electronics,Punjab,3,60000,0.19287121870423143,145283.18063323834
2025-11-05 22:43:39.883976800,Customer_422,Laptop,Electronics,Punjab,2,150000,0.0050543800369493574,298483.6859889152
2025-11-06 02:13:56.807361472,Customer_265,Tablet,Electronics,KPK,3,60000,0.16769000542788348,149815.79902298097
2025-11-06 05:44:13.730746152,Customer_458,Mouse,Accessories,KPK,4,3000,0.11732056953006034,10592.153165639276
2025-11-06 09:14:30.654130824,Customer_212,Smartwatch,Wearables,Punjab,5,25000,0.08669001798001716,114163.74775249785
2025-11-06 12:44:47.577515504,Customer_78,Headphones,Accessories,Punjab,2,8000,0.21560108807327227,12550.382590827643
2025-11-06 16:15:04.500900184,Customer_782,Monitor,Electronics,Punjab,4,45000,0.21356692316438267,141557.95383041113
2025-11-06 19:45:21.424284856,Customer_666,Headphones,Accessories,Balochistan,3,8000,0.0055754262246608954,23866.18977060814
2025-11-06 23:15:38.347669536,Customer_221,Headphones,Accessories,Islamabad,2,8000,0.15237628061235775,13561.979510202276
2025-11-07 02:45:55.271054208,Customer_369,Mouse,Accessories,KPK,2,3000,0.0919580560802391,5448.251663518566
2025-11-07 06:16:12.194438888,Customer_958,Tablet,Electronics,KPK,4,60000,0.10391525037511229,215060.33990997306
2025-11-07 09:46:29.117823568,Customer_347,Monitor,Electronics,Sindh,2,45000,0.208010184804694,71279.08336757754
2025-11-07 13:16:46.041208240,Customer_25,Mouse,Accessories,Balochistan,5,3000,0.07745994288191957,13838.100856771205
2025-11-07 16:47:02.964592920,Customer_976,Laptop,Electronics,Punjab,5,150000,0.23576220265940503,573178.3480054463
2025-11-07 20:17:19.887977600,Customer_420,Smartwatch,Wearables,Punjab,4,25000,0.04490845659303519,95509.15434069648
2025-11-07 23:47:36.811362272,Customer_354,Keyboard,Accessories,Balochistan,3,5000,0.16568060584204444,12514.790912369333
2025-11-08 03:17:53.734746952,Customer_720,Headphones,Accessories,KPK,4,8000,0.16802626675344118,26623.159463889882
2025-11-08 06:48:10.658131624,Customer_417,Keyboard,Accessories,Punjab,5,5000,0.06304879035697955,23423.78024107551
2025-11-08 10:18:27.581516304,Customer_515,Smartwatch,Wearables,Sindh,1,25000,0.0811876522418005,22970.308693954987
2025-11-08 13:48:44.504900984,Customer_215,Smartwatch,Wearables,KPK,1,25000,0.2086996231449851,19782.509421375373
2025-11-08 17:19:01.428285656,Customer_907,Mouse,Accessories,Islamabad,2,3000,0.1904513137387381,4857.292117567571
2025-11-08 20:49:18.351670336,Customer_112,Mouse,Accessories,Balochistan,2,3000,0.08227397007868989,5506.356179527861
2025-11-09 00:19:35.275055008,Customer_954,Mouse,Accessories,KPK,1,3000,0.13348913673373347,2599.5325897987996
2025-11-09 03:49:52.198439688,Customer_704,Keyboard,Accessories,Islamabad,5,5000,0.015420074063273864,24614.498148418155
2025-11-09 07:20:09.121824368,Customer_914,Mouse,Accessories,Sindh,2,3000,0.05218647059965731,5686.881176402057
2025-11-09 10:50:26.045209040,Customer_559,Smartwatch,Wearables,Balochistan,4,25000,0.12145513971509977,87854.48602849002
2025-11-09 14:20:42.968593720,Customer_428,Laptop,Electronics,Punjab,4,150000,0.0214934338198029,587103.9397081182
2025-11-09 17:50:59.891978400,Customer_733,Mouse,Accessories,Punjab,5,3000,0.21083308872298437,11837.503669155234
2025-11-09 21:21:16.815363072,Customer_699,Smartphone,Electronics,Islamabad,2,90000,0.17950155252691197,147689.72054515587
2025-11-10 00:51:33.738747752,Customer_562,Tablet,Electronics,KPK,4,60000,0.2359084176621237,183381.97976109033
2025-11-10 04:21:50.662132424,Customer_709,Keyboard,Accessories,Sindh,2,5000,0.1733667264910068,8266.332735089933
2025-11-10 07:52:07.585517104,Customer_216,Smartphone,Electronics,Islamabad,2,90000,0.2351003430655464,137681.93824820165
2025-11-10 11:22:24.508901784,Customer_413,Mouse,Accessories,Sindh,4,3000,0.13862813892274126,10336.462332927105
2025-11-10 14:52:41.432286456,Customer_733,Smartwatch,Wearables,Sindh,1,25000,0.15005465276549235,21248.63368086269
2025-11-10 18:22:58.355671136,Customer_380,Laptop,Electronics,Sindh,4,150000,0.24424276365656522,453454.3418060609
2025-11-10 21:53:15.279055808,Customer_602,Headphones,Accessories,Balochistan,5,8000,0.1605322867160651,33578.70853135739
2025-11-11 01:23:32.202440488,Customer_232,Monitor,Electronics,Islamabad,3,45000,0.00769664221518665,133960.9533009498
2025-11-11 04:53:49.125825168,Customer_835,Tablet,Electronics,Balochistan,4,60000,0.18095069415763082,196571.8334021686
2025-11-11 08:24:06.049209840,Customer_258,Monitor,Electronics,KPK,2,45000,0.2263671730343539,69626.95442690815
2025-11-11 11:54:22.972594520,Customer_665,Mouse,Accessories,KPK,2,3000,0.19889506244858166,4806.62962530851
2025-11-11 15:24:39.895979200,Customer_256,Tablet,Electronics,Punjab,4,60000,0.14595831815635565,204970.00364247465
2025-11-11 18:54:56.819363872,Customer_403,Tablet,Electronics,Punjab,3,60000,0.16782587827337908,149791.3419107918
2025-11-11 22:25:13.742748552,Customer_424,Laptop,Electronics,Punjab,4,150000,0.24754794731291793,451471.2316122492
2025-11-12 01:55:30.666133224,Customer_770,Tablet,Electronics,KPK,3,60000,0.02266552212733458,175920.20601707976
2025-11-12 05:25:47.589517904,Customer_979,Keyboard,Accessories,Sindh,3,5000,0.16681120715830988,12497.831892625352
2025-11-12 08:56:04.512902584,Customer_65,Smartphone,Electronics,Sindh,5,90000,0.07084942364264846,418117.7593608082
2025-11-12 12:26:21.436287256,Customer_190,Smartphone,Electronics,Islamabad,2,90000,0.16002259914654252,151195.93215362236
2025-11-12 15:56:38.359671936,Customer_603,Smartphone,Electronics,KPK,2,90000,0.1519058939709847,152656.93908522275
2025-11-12 19:26:55.283056616,Customer_950,Keyboard,Accessories,Punjab,3,5000,0.03836420802704052,14424.536879594392
2025-11-12 22:57:12.206441288,Customer_173,Monitor,Electronics,KPK,2,45000,0.05168666143505979,85348.20047084462
2025-11-13 02:27:29.129825968,Customer_759,Laptop,Electronics,Sindh,1,150000,0.15540739451080338,126688.89082337948
2025-11-13 05:57:46.053210640,Customer_768,Tablet,Electronics,Sindh,3,60000,0.03205748682594353,174229.65237133016
2025-11-13 09:28:02.976595320,Customer_628,Keyboard,Accessories,Balochistan,2,5000,0.06629521878258071,9337.047812174193
2025-11-13 12:58:19.899980000,Customer_561,Smartphone,Electronics,Balochistan,1,90000,0.2088113869345006,71206.97517589494
2025-11-13 16:28:36.823364672,Customer_227,Mouse,Accessories,Islamabad,5,3000,0.08177287650040965,13773.406852493856
2025-11-13 19:58:53.746749352,Customer_581,Headphones,Accessories,KPK,2,8000,0.12201503906741573,14047.759374921348
2025-11-13 23:29:10.670134024,Customer_934,Tablet,Electronics,Balochistan,1,60000,0.23528508378646007,45882.8949728124
2025-11-14 02:59:27.593518704,Customer_388,Keyboard,Accessories,Balochistan,4,5000,0.05678727220923657,18864.254555815267
2025-11-14 06:29:44.516903384,Customer_401,Smartwatch,Wearables,KPK,4,25000,0.0974065043395026,90259.34956604974
2025-11-14 10:00:01.440288056,Customer_638,Keyboard,Accessories,Sindh,1,5000,0.1516144438858864,4241.927780570568
2025-11-14 13:30:18.363672736,Customer_949,Laptop,Electronics,Islamabad,3,150000,0.18883473237599305,365024.37043080316
2025-11-14 17:00:35.287057416,Customer_213,Laptop,Electronics,Islamabad,3,150000,0.22541334667817628,348563.9939948207
2025-11-14 20:30:52.210442088,Customer_53,Keyboard,Accessories,Islamabad,2,5000,0.22886824689337879,7711.317531066212
2025-11-15 00:01:09.133826768,Customer_624,Smartphone,Electronics,Balochistan,4,90000,0.19416001859315574,290102.3933064639
2025-11-15 03:31:26.057211440,Customer_671,Headphones,Accessories,Sindh,3,8000,0.05708270914832761,22630.014980440137
2025-11-15 07:01:42.980596120,Customer_752,Tablet,Electronics,Islamabad,3,60000,0.006202332510641451,178883.58014808453
2025-11-15 10:31:59.903980800,Customer_662,Laptop,Electronics,KPK,4,150000,0.09594348258890595,542433.9104466564
2025-11-15 14:02:16.827365472,Customer_139,Tablet,Electronics,Islamabad,5,60000,0.03538721274695583,289383.8361759132
2025-11-15 17:32:33.750750152,Customer_418,Smartphone,Electronics,Punjab,3,90000,0.17759691185957452,222048.83379791488
2025-11-15 21:02:50.674134824,Customer_625,Tablet,Electronics,Sindh,1,60000,0.1652826467064292,50083.04119761425
2025-11-16 00:33:07.597519504,Customer_143,Mouse,Accessories,Punjab,2,3000,0.01099291040536371,5934.042537567818
2025-11-16 04:03:24.520904184,Customer_882,Laptop,Electronics,Sindh,3,150000,0.20914844478273778,355883.199847768
2025-11-16 07:33:41.444288856,Customer_509,Smartphone,Electronics,KPK,3,90000,0.062185816572795566,253209.8295253452
2025-11-16 11:03:58.367673536,Customer_650,Smartphone,Electronics,Balochistan,5,90000,0.10805676887276056,401374.45400725777
2025-11-16 14:34:15.291058216,Customer_486,Headphones,Accessories,Balochistan,1,8000,0.1669834338639356,6664.132529088515
2025-11-16 18:04:32.214442888,Customer_992,Headphones,Accessories,Sindh,2,8000,0.10735469671306333,14282.324852590988
2025-11-16 21:34:49.137827568,Customer_437,Mouse,Accessories,Islamabad,3,3000,0.11032195069998585,8007.102443700127
2025-11-17 01:05:06.061212240,Customer_816,Smartphone,Electronics,Punjab,2,90000,0.016406998833935094,177046.7402098917
2025-11-17 04:35:22.984596920,Customer_543,Monitor,Electronics,KPK,4,45000,0.10036088731500095,161935.04028329984
2025-11-17 08:05:39.907981600,Customer_293,Smartphone,Electronics,Islamabad,3,90000,0.19121197330499587,218372.76720765114
2025-11-17 11:35:56.831366272,Customer_620,Headphones,Accessories,Balochistan,3,8000,0.22879408429664944,18508.941976880415
2025-11-17 15:06:13.754750952,Customer_284,Monitor,Electronics,Islamabad,4,45000,0.10337428426584294,161392.62883214827
2025-11-17 18:36:30.678135624,Customer_671,Laptop,Electronics,Punjab,5,150000,0.10589645671976972,670577.6574601727
2025-11-17 22:06:47.601520304,Customer_838,Laptop,Electronics,Balochistan,3,150000,0.17565677658091303,370954.45053858915
2025-11-18 01:37:04.524904984,Customer_14,Tablet,Electronics,Sindh,2,60000,0.23569300027631915,91716.83996684171
2025-11-18 05:07:21.448289656,Customer_634,Keyboard,Accessories,KPK,1,5000,0.06676523505984006,4666.1738247008
2025-11-18 08:37:38.371674336,Customer_727,Headphones,Accessories,KPK,2,8000,0.11003605163448421,14239.423173848252
2025-11-18 12:07:55.295059016,Customer_272,Keyboard,Accessories,Balochistan,5,5000,0.1989933108880753,20025.16722779812
2025-11-18 15:38:12.218443688,Customer_25,Monitor,Electronics,Sindh,1,45000,0.15242339234350963,38140.947344542066
2025-11-18 19:08:29.141828368,Customer_935,Headphones,Accessories,Punjab,2,8000,0.02764658599098868,15557.654624144181
2025-11-18 22:38:46.065213040,Customer_322,Mouse,Accessories,KPK,2,3000,0.15693318389056643,5058.400896656602
2025-11-19 02:09:02.988597720,Customer_806,Smartphone,Electronics,Balochistan,4,90000,0.046686571149331724,343192.8343862406
2025-11-19 05:39:19.911982400,Customer_681,Mouse,Accessories,KPK,5,3000,0.12755398351960104,13086.690247205985
2025-11-19 09:09:36.835367072,Customer_103,Monitor,Electronics,Sindh,4,45000,0.13227581691510962,156190.35295528028
2025-11-19 12:39:53.758751752,Customer_866,Headphones,Accessories,Punjab,1,8000,0.2190508405562462,6247.59327555003
2025-11-19 16:10:10.682136432,Customer_883,Smartwatch,Wearables,Sindh,4,25000,0.11562356850310954,88437.64314968904
2025-11-19 19:40:27.605521104,Customer_40,Monitor,Electronics,Islamabad,5,45000,0.06986060555897355,209281.36374923095
2025-11-19 23:10:44.528905784,Customer_235,Smartwatch,Wearables,Sindh,3,25000,0.05774158705400789,70669.38097094941
2025-11-20 02:41:01.452290456,Customer_832,Smartphone,Electronics,Sindh,3,90000,0.21856296917108403,210987.99832380732
2025-11-20 06:11:18.375675136,Customer_89,Laptop,Electronics,KPK,1,150000,0.0427527136045571,143587.09295931642
2025-11-20 09:41:35.299059816,Customer_100,Laptop,Electronics,Sindh,3,150000,0.10646714022078593,402089.78690064634
2025-11-20 13:11:52.222444488,Customer_144,Monitor,Electronics,Balochistan,4,45000,0.04679327873173675,171577.2098282874
2025-11-20 16:42:09.145829168,Customer_82,Keyboard,Accessories,KPK,1,5000,0.19332601002859384,4033.369949857031
2025-11-20 20:12:26.069213840,Customer_589,Headphones,Accessories,KPK,5,8000,0.11859315999365475,35256.27360025381
2025-11-20 23:42:42.992598520,Customer_571,Headphones,Accessories,Islamabad,1,8000,0.08778592263920301,7297.712618886376
2025-11-21 03:12:59.915983200,Customer_229,Laptop,Electronics,Balochistan,1,150000,0.0902749101566167,136458.7634765075
2025-11-21 06:43:16.839367872,Customer_603,Tablet,Electronics,Sindh,2,60000,0.21305355168074486,94433.57379831062
2025-11-21 10:13:33.762752552,Customer_866,Mouse,Accessories,Islamabad,2,3000,0.13844348857360952,5169.339068558343
2025-11-21 13:43:50.686137232,Customer_395,Tablet,Electronics,Balochistan,1,60000,0.1794669627828159,49231.98223303104
2025-11-21 17:14:07.609521904,Customer_513,Smartphone,Electronics,Islamabad,3,90000,0.22425962906267113,209449.90015307878
2025-11-21 20:44:24.532906584,Customer_781,Mouse,Accessories,Punjab,2,3000,0.2254354190101605,4647.387485939037
2025-11-22 00:14:41.456291256,Customer_798,Mouse,Accessories,Sindh,5,3000,0.08212726358446579,13768.091046233014
2025-11-22 03:44:58.379675936,Customer_197,Monitor,Electronics,Islamabad,4,45000,0.23811281578659632,137139.69315841264
2025-11-22 07:15:15.303060616,Customer_274,Laptop,Electronics,Punjab,2,150000,0.006218970503651361,298134.30884890456
2025-11-22 10:45:32.226445288,Customer_590,Tablet,Electronics,Sindh,1,60000,0.09420889025404142,54347.466584757516
2025-11-22 14:15:49.149829968,Customer_653,Tablet,Electronics,Islamabad,3,60000,0.2239497143772104,139689.05141210213
2025-11-22 17:46:06.073214640,Customer_800,Laptop,Electronics,Islamabad,4,150000,0.06865921995424573,558804.4680274526
2025-11-22 21:16:22.996599320,Customer_583,Tablet,Electronics,Islamabad,2,60000,0.06827036258032959,111807.55649036045
2025-11-23 00:46:39.919984000,Customer_968,Smartwatch,Wearables,Islamabad,3,25000,0.07565557127047218,69325.83215471459
2025-11-23 04:16:56.843368672,Customer_562,Laptop,Electronics,KPK,3,150000,0.15307834621173055,381114.74420472124
2025-11-23 07:47:13.766753352,Customer_967,Monitor,Electronics,Islamabad,3,45000,0.10958319390358845,120206.26882301555
2025-11-23 11:17:30.690138032,Customer_372,Keyboard,Accessories,KPK,1,5000,0.18168370908833564,4091.5814545583216
2025-11-23 14:47:47.613522704,Customer_881,Mouse,Accessories,KPK,5,3000,0.22372766064116645,11644.085090382503
2025-11-23 18:18:04.536907384,Customer_80,Monitor,Electronics,Punjab,3,45000,0.16854984373571516,112245.77109567846
2025-11-23 21:48:21.460292056,Customer_235,Headphones,Accessories,Sindh,4,8000,0.051116680049393876,30364.266238419397
2025-11-24 01:18:38.383676736,Customer_287,Smartphone,Electronics,KPK,2,90000,0.23317047559012555,138029.3143937774
2025-11-24 04:48:55.307061416,Customer_819,Keyboard,Accessories,Balochistan,4,5000,0.06612321833686963,18677.535633262607
2025-11-24 08:19:12.230446088,Customer_667,Headphones,Accessories,KPK,1,8000,0.03747357383203953,7700.211409343684
2025-11-24 11:49:29.153830768,Customer_572,Mouse,Accessories,Balochistan,1,3000,0.022491819715240224,2932.5245408542796
2025-11-24 15:19:46.077215440,Customer_545,Tablet,Electronics,Punjab,4,60000,0.1408459351665414,206196.97556003006
2025-11-24 18:50:03.000600120,Customer_437,Laptop,Electronics,Balochistan,5,150000,0.02844061562016295,728669.5382848778
2025-11-24 22:20:19.923984800,Customer_127,Mouse,Accessories,Punjab,1,3000,0.03469397102815769,2895.9180869155266
2025-11-25 01:50:36.847369472,Customer_733,Monitor,Electronics,Punjab,1,45000,0.07500762014887416,41624.65709330066
2025-11-25 05:20:53.770754152,Customer_712,Smartphone,Electronics,Punjab,4,90000,0.07041325242111596,334651.22912839823
2025-11-25 08:51:10.694138832,Customer_417,Monitor,Electronics,Balochistan,1,45000,0.15105987758303557,38202.3055087634
2025-11-25 12:21:27.617523504,Customer_638,Keyboard,Accessories,Balochistan,5,5000,0.20418631986817037,19895.34200329574
2025-11-25 15:51:44.540908184,Customer_41,Keyboard,Accessories,Punjab,5,5000,0.1903374140507231,20241.56464873192
2025-11-25 19:22:01.464292856,Customer_787,Smartphone,Electronics,Punjab,5,90000,0.06562111367911919,420470.4988443964
2025-11-25 22:52:18.387677536,Customer_469,Smartwatch,Wearables,Sindh,2,25000,0.06132762449649498,46933.61877517525
2025-11-26 02:22:35.311062216,Customer_297,Headphones,Accessories,Punjab,5,8000,0.2414478825267419,30342.084698930325
2025-11-26 05:52:52.234446888,Customer_597,Headphones,Accessories,Islamabad,5,8000,0.0020590603979900313,39917.6375840804
2025-11-26 09:23:09.157831568,Customer_601,Keyboard,Accessories,Sindh,2,5000,0.21993013326505395,7800.69866734946
2025-11-26 12:53:26.081216248,Customer_42,Keyboard,Accessories,Sindh,3,5000,0.04993212978060124,14251.018053290982
2025-11-26 16:23:43.004600920,Customer_632,Tablet,Electronics,Sindh,1,60000,0.23682108077244196,45790.73515365348
2025-11-26 19:53:59.927985600,Customer_279,Laptop,Electronics,Islamabad,5,150000,0.08557682120687993,685817.38409484
2025-11-26 23:24:16.851370272,Customer_459,Tablet,Electronics,Sindh,1,60000,0.11008794347331308,53394.72339160121
2025-11-27 02:54:33.774754952,Customer_33,Tablet,Electronics,Sindh,4,60000,0.17678015348609524,197572.76316333713
2025-11-27 06:24:50.698139632,Customer_276,Smartwatch,Wearables,Balochistan,1,25000,0.14691726286831508,21327.068428292125
2025-11-27 09:55:07.621524304,Customer_665,Headphones,Accessories,Balochistan,2,8000,0.0794848324267057,14728.24268117271
2025-11-27 13:25:24.544908984,Customer_90,Smartwatch,Wearables,Punjab,1,25000,0.13845772896695588,21538.556775826102
2025-11-27 16:55:41.468293656,Customer_616,Smartwatch,Wearables,Punjab,1,25000,0.18267672109072156,20433.08197273196
2025-11-27 20:25:58.391678336,Customer_948,Smartphone,Electronics,KPK,1,90000,0.010583736475623023,89047.46371719392
2025-11-27 23:56:15.315063016,Customer_524,Headphones,Accessories,Islamabad,3,8000,0.0027998263139260293,23932.804168465773
2025-11-28 03:26:32.238447688,Customer_160,Laptop,Electronics,Balochistan,3,150000,0.11451673476822283,398467.46935429977
2025-11-28 06:56:49.161832368,Customer_929,Monitor,Electronics,Punjab,4,45000,0.03295915445087855,174067.35219884187
2025-11-28 10:27:06.085217048,Customer_458,Keyboard,Accessories,Islamabad,2,5000,0.1660860728661786,8339.139271338214
2025-11-28 13:57:23.008601720,Customer_708,Keyboard,Accessories,Sindh,1,5000,0.053513114056858546,4732.434429715708
2025-11-28 17:27:39.931986400,Customer_399,Laptop,Electronics,Islamabad,1,150000,0.10821277669891774,133768.08349516234
2025-11-28 20:57:56.855371072,Customer_819,Smartwatch,Wearables,Balochistan,1,25000,0.04941773421856724,23764.55664453582
2025-11-29 00:28:13.778755752,Customer_774,Tablet,Electronics,KPK,1,60000,0.13712089643728112,51772.74621376314
2025-11-29 03:58:30.702140432,Customer_91,Smartphone,Electronics,Balochistan,3,90000,0.029013364846142226,262166.3914915416
2025-11-29 07:28:47.625525104,Customer_709,Smartwatch,Wearables,Punjab,4,25000,0.005776713196870065,99422.328680313
2025-11-29 10:59:04.548909784,Customer_581,Keyboard,Accessories,Punjab,5,5000,0.012782909526674296,24680.42726183314
2025-11-29 14:29:21.472294456,Customer_466,Mouse,Accessories,Islamabad,2,3000,0.23856461037882748,4568.612337727035
2025-11-29 17:59:38.395679136,Customer_220,Tablet,Electronics,Balochistan,1,60000,0.035571554652733955,57865.70672083596
2025-11-29 21:29:55.319063816,Customer_419,Keyboard,Accessories,Punjab,4,5000,0.1771195632842088,16457.60873431582
2025-11-30 01:00:12.242448488,Customer_379,Mouse,Accessories,Sindh,5,3000,0.016981551055706562,14745.276734164401
2025-11-30 04:30:29.165833168,Customer_726,Smartwatch,Wearables,Sindh,4,25000,0.02704008805879554,97295.99119412045
2025-11-30 08:00:46.089217848,Customer_930,Laptop,Electronics,KPK,3,150000,0.12721906285233367,392751.42171644984
2025-11-30 11:31:03.012602520,Customer_447,Laptop,Electronics,Islamabad,5,150000,0.11621773253858592,662836.7005960606
2025-11-30 15:01:19.935987200,Customer_964,Tablet,Electronics,Punjab,4,60000,0.2378950773599674,182905.18143360782
2025-11-30 18:31:36.859371872,Customer_146,Keyboard,Accessories,KPK,3,5000,0.23620886325518434,11456.867051172236
2025-11-30 22:01:53.782756552,Customer_233,Headphones,Accessories,Sindh,4,8000,0.19490216063561627,25763.13085966028
2025-12-01 01:32:10.706141232,Customer_371,Mouse,Accessories,KPK,4,3000,0.15052545753183744,10193.694509617952
2025-12-01 05:02:27.629525904,Customer_922,Smartphone,Electronics,KPK,5,90000,0.11374007934825275,398816.96429328626
2025-12-01 08:32:44.552910584,Customer_234,Keyboard,Accessories,Punjab,3,5000,0.08904463358210526,13664.330496268421
2025-12-01 12:03:01.476295256,Customer_726,Smartphone,Electronics,Punjab,1,90000,0.23677188674388885,68690.53019305
2025-12-01 15:33:18.399679936,Customer_367,Keyboard,Accessories,Punjab,2,5000,0.1507272028561714,8492.727971438286
2025-12-01 19:03:35.323064616,Customer_481,Headphones,Accessories,Islamabad,5,8000,0.14476813192149862,34209.27472314006
2025-12-01 22:33:52.246449288,Customer_573,Headphones,Accessories,KPK,3,8000,0.057975280442228716,22608.59326938651
2025-12-02 02:04:09.169833968,Customer_363,Tablet,Electronics,KPK,4,60000,0.011674454471278267,237198.1309268932
2025-12-02 05:34:26.093218648,Customer_590,Tablet,Electronics,Islamabad,3,60000,0.2362971449398861,137466.5139108205
2025-12-02 09:04:43.016603320,Customer_511,Headphones,Accessories,Sindh,2,8000,0.07843381471116348,14745.058964621383
2025-12-02 12:34:59.939988000,Customer_95,Monitor,Electronics,Balochistan,2,45000,0.11064725583111468,80041.74697519968
2025-12-02 16:05:16.863372672,Customer_842,Headphones,Accessories,Sindh,1,8000,0.02865998589642671,7770.720112828586
2025-12-02 19:35:33.786757352,Customer_216,Laptop,Electronics,Islamabad,1,150000,0.209231082477323,118615.33762840154
2025-12-02 23:05:50.710142032,Customer_725,Laptop,Electronics,KPK,2,150000,0.006907958213982657,297927.6125358052
2025-12-03 02:36:07.633526704,Customer_816,Monitor,Electronics,KPK,5,45000,0.20849769052477413,178088.0196319258
2025-12-03 06:06:24.556911384,Customer_712,Smartwatch,Wearables,Punjab,5,25000,0.0350712531969917,120616.09335037605
2025-12-03 09:36:41.480296056,Customer_864,Mouse,Accessories,Punjab,4,3000,0.22164102815778802,9340.307662106543
2025-12-03 13:06:58.403680736,Customer_543,Smartwatch,Wearables,KPK,1,25000,0.18244315933403935,20438.921016649016
2025-12-03 16:37:15.327065416,Customer_802,Smartphone,Electronics,KPK,4,90000,0.041167565626826275,345179.6763743426
2025-12-03 20:07:32.250450088,Customer_855,Smartwatch,Wearables,Punjab,1,25000,0.14145449821486702,21463.637544628324
2025-12-03 23:37:49.173834768,Customer_985,Keyboard,Accessories,Punjab,2,5000,0.07816407858880486,9218.359214111952
2025-12-04 03:08:06.097219448,Customer_135,Smartwatch,Wearables,Sindh,5,25000,0.044558274727895864,119430.21565901302
2025-12-04 06:38:23.020604120,Customer_83,Keyboard,Accessories,KPK,5,5000,0.2147955498527771,19630.11125368057
2025-12-04 10:08:39.943988800,Customer_391,Monitor,Electronics,KPK,2,45000,0.10088069162680735,80920.73775358734
2025-12-04 13:38:56.867373472,Customer_47,Laptop,Electronics,Islamabad,4,150000,0.09963592859134562,540218.4428451926
2025-12-04 17:09:13.790758152,Customer_392,Tablet,Electronics,Sindh,4,60000,0.042471668701655,229806.79951160282
2025-12-04 20:39:30.714142832,Customer_718,Keyboard,Accessories,Balochistan,3,5000,0.09576641902144467,13563.50371467833
2025-12-05 00:09:47.637527504,Customer_385,Laptop,Electronics,Balochistan,1,150000,0.21790421158221254,117314.36826266813
2025-12-05 03:40:04.560912184,Customer_381,Mouse,Accessories,Balochistan,4,3000,0.09078217762240898,10910.613868531093
2025-12-05 07:10:21.484296864,Customer_77,Smartphone,Electronics,Punjab,2,90000,0.23790089062494701,137177.83968750955
2025-12-05 10:40:38.407681536,Customer_259,Mouse,Accessories,Balochistan,4,3000,0.23657722480209686,9161.073302374838
2025-12-05 14:10:55.331066216,Customer_949,Monitor,Electronics,Islamabad,5,45000,0.036224664826836506,216849.45041396178
2025-12-05 17:41:12.254450888,Customer_604,Smartwatch,Wearables,Punjab,1,25000,0.04432781338066122,23891.80466548347
2025-12-05 21:11:29.177835568,Customer_934,Smartwatch,Wearables,Punjab,3,25000,0.21566851758297229,58824.86118127708
2025-12-06 00:41:46.101220248,Customer_947,Headphones,Accessories,Balochistan,1,8000,0.0981902297311798,7214.478162150561
2025-12-06 04:12:03.024604920,Customer_399,Headphones,Accessories,Punjab,5,8000,0.0010934955707523342,39956.260177169905
2025-12-06 07:42:19.947989600,Customer_100,Headphones,Accessories,Sindh,5,8000,0.06846795492634275,37261.281802946294
2025-12-06 11:12:36.871374272,Customer_501,Mouse,Accessories,Sindh,5,3000,0.14940724829889,12758.891275516651
2025-12-06 14:42:53.794758952,Customer_383,Keyboard,Accessories,Balochistan,5,5000,0.199816491489992,20004.5877127502
2025-12-06 18:13:10.718143632,Customer_707,Smartphone,Electronics,Islamabad,2,90000,0.03334715427331489,173997.51223080332
2025-12-06 21:43:27.641528304,Customer_192,Headphones,Accessories,Punjab,3,8000,0.027635341104183836,23336.751813499588
2025-12-07 01:13:44.564912984,Customer_580,Monitor,Electronics,KPK,5,45000,0.2305231633930829,173132.28823655634
2025-12-07 04:44:01.488297664,Customer_901,Monitor,Electronics,Balochistan,5,45000,0.18778709195564566,182747.90430997973
2025-12-07 08:14:18.411682336,Customer_754,Headphones,Accessories,Punjab,4,8000,0.1474449001945196,27281.763193775372
2025-12-07 11:44:35.335067016,Customer_602,Smartwatch,Wearables,Balochistan,3,25000,0.192296697498982,60577.747687576346
2025-12-07 15:14:52.258451688,Customer_345,Headphones,Accessories,Balochistan,1,8000,0.10721359032665961,7142.291277386724
2025-12-07 18:45:09.181836368,Customer_10,Smartphone,Electronics,Islamabad,3,90000,0.18961393682728164,218804.23705663395
2025-12-07 22:15:26.105221048,Customer_264,Headphones,Accessories,KPK,3,8000,0.09295074781863394,21769.182052352786
2025-12-08 01:45:43.028605720,Customer_268,Smartphone,Electronics,Punjab,3,90000,0.06102364312315059,253523.61635674935
2025-12-08 05:15:59.951990400,Customer_832,Monitor,Electronics,Balochistan,5,45000,0.18225335532324216,183992.9950522705
2025-12-08 08:46:16.875375072,Customer_630,Headphones,Accessories,Balochistan,5,8000,0.10491807303931708,35803.277078427316
2025-12-08 12:16:33.798759752,Customer_762,Mouse,Accessories,Punjab,2,3000,0.2453442760815487,4527.934343510708
2025-12-08 15:46:50.722144432,Customer_571,Tablet,Electronics,Balochistan,1,60000,0.08737129557702525,54757.722265378485
2025-12-08 19:17:07.645529104,Customer_195,Mouse,Accessories,Balochistan,4,3000,0.23043185513276648,9234.817738406802
2025-12-08 22:47:24.568913784,Customer_987,Monitor,Electronics,Balochistan,3,45000,0.23324063714176987,103512.51398586106
2025-12-09 02:17:41.492298464,Customer_562,Smartphone,Electronics,Sindh,1,90000,0.060463236766186534,84558.3086910432
2025-12-09 05:47:58.415683136,Customer_407,Mouse,Accessories,Sindh,1,3000,0.19955529539700334,2401.33411380899
2025-12-09 09:18:15.339067816,Customer_296,Smartphone,Electronics,KPK,2,90000,0.10826862628614128,160511.64726849456
2025-12-09 12:48:32.262452488,Customer_890,Mouse,Accessories,Islamabad,4,3000,0.22938118180758701,9247.425818308955
2025-12-09 16:18:49.185837168,Customer_97,Mouse,Accessories,Punjab,3,3000,0.1125310681588097,7987.220386570713
2025-12-09 19:49:06.109221848,Customer_462,Smartphone,Electronics,Islamabad,4,90000,0.18607592933434153,293012.6654396371
2025-12-09 23:19:23.032606520,Customer_639,Keyboard,Accessories,Islamabad,2,5000,0.11674185229094947,8832.581477090505
2025-12-10 02:49:39.955991200,Customer_758,Mouse,Accessories,Sindh,5,3000,0.056950188928214046,14145.74716607679
2025-12-10 06:19:56.879375872,Customer_87,Headphones,Accessories,KPK,1,8000,0.04983753223617157,7601.299742110627
2025-12-10 09:50:13.802760552,Customer_991,Tablet,Electronics,Islamabad,3,60000,0.10635779856408639,160855.59625846444
2025-12-10 13:20:30.726145232,Customer_77,Monitor,Electronics,Islamabad,5,45000,0.18887366425355373,182503.4255429504
2025-12-10 16:50:47.649529904,Customer_889,Keyboard,Accessories,Balochistan,2,5000,0.1512678712951917,8487.321287048084
2025-12-10 20:21:04.572914584,Customer_716,Smartphone,Electronics,Punjab,4,90000,0.17215732247513582,298023.3639089511
2025-12-10 23:51:21.496299264,Customer_483,Keyboard,Accessories,KPK,1,5000,0.07058158768298561,4647.092061585072
2025-12-11 03:21:38.419683936,Customer_146,Laptop,Electronics,Punjab,3,150000,0.12035883648940138,395838.52357976936
2025-12-11 06:51:55.343068616,Customer_661,Laptop,Electronics,Sindh,5,150000,0.01109881624233175,741675.8878182512
2025-12-11 10:22:12.266453288,Customer_111,Mouse,Accessories,Islamabad,5,3000,0.20438310398953016,11934.253440157046
2025-12-11 13:52:29.189837968,Customer_641,Mouse,Accessories,Islamabad,1,3000,0.24747304055996866,2257.580878320094
2025-12-11 17:22:46.113222648,Customer_765,Headphones,Accessories,Punjab,4,8000,0.10171976565616772,28744.967499002632
2025-12-11 20:53:03.036607320,Customer_678,Tablet,Electronics,Sindh,2,60000,0.0027409132828858374,119671.0904060537
2025-12-12 00:23:19.959992000,Customer_297,Monitor,Electronics,Balochistan,4,45000,0.04244815988773684,172359.33122020736
2025-12-12 03:53:36.883376680,Customer_426,Keyboard,Accessories,Balochistan,4,5000,0.1631317194376047,16737.365611247904
2025-12-12 07:23:53.806761352,Customer_649,Laptop,Electronics,Islamabad,4,150000,0.1530198295509648,508188.1022694211
2025-12-12 10:54:10.730146032,Customer_791,Mouse,Accessories,Islamabad,1,3000,0.19696617989638598,2409.101460310842
2025-12-12 14:24:27.653530704,Customer_334,Smartwatch,Wearables,KPK,1,25000,0.06347100274026704,23413.22493149332
2025-12-12 17:54:44.576915384,Customer_523,Smartwatch,Wearables,Punjab,2,25000,0.1909079788867835,40454.60105566082
2025-12-12 21:25:01.500300064,Customer_583,Monitor,Electronics,Islamabad,4,45000,0.17199600538091744,149040.71903143486
2025-12-13 00:55:18.423684736,Customer_671,Keyboard,Accessories,Sindh,1,5000,0.08070362442846082,4596.481877857696
2025-12-13 04:25:35.347069416,Customer_728,Mouse,Accessories,Punjab,2,3000,0.1363720370142405,5181.767777914557
2025-12-13 07:55:52.270454088,Customer_538,Mouse,Accessories,KPK,2,3000,0.03681845212458168,5779.08928725251
2025-12-13 11:26:09.193838768,Customer_798,Laptop,Electronics,Balochistan,4,150000,0.11314112585889566,532115.3244846626
2025-12-13 14:56:26.117223448,Customer_162,Laptop,Electronics,KPK,3,150000,0.22029933488891024,350865.2992999904
2025-12-13 18:26:43.040608120,Customer_430,Mouse,Accessories,Punjab,4,3000,0.1052978449563477,10736.425860523826
2025-12-13 21:56:59.963992800,Customer_614,Smartphone,Electronics,Balochistan,3,90000,0.2098916766188555,213329.24731290902
2025-12-14 01:27:16.887377480,Customer_69,Mouse,Accessories,Sindh,2,3000,0.1475633413149236,5114.619952110459
2025-12-14 04:57:33.810762152,Customer_133,Monitor,Electronics,Balochistan,1,45000,0.04796917827558919,42841.386977598486
2025-12-14 08:27:50.734146832,Customer_189,Mouse,Accessories,Balochistan,5,3000,0.1452765611744741,12820.85158238289
2025-12-14 11:58:07.657531504,Customer_723,Headphones,Accessories,Sindh,2,8000,0.12649583228926586,13976.066683371746
2025-12-14 15:28:24.580916184,Customer_755,Tablet,Electronics,Islamabad,1,60000,0.099660333799096,54020.37997205424
2025-12-14 18:58:41.504300864,Customer_678,Headphones,Accessories,Islamabad,2,8000,0.029907609879017583,15521.478241935718
2025-12-14 22:28:58.427685536,Customer_924,Headphones,Accessories,Balochistan,4,8000,0.10417716596180746,28666.33068922216
2025-12-15 01:59:15.351070216,Customer_922,Smartphone,Electronics,Balochistan,3,90000,0.01819059405990678,265088.5396038252
2025-12-15 05:29:32.274454888,Customer_573,Smartphone,Electronics,KPK,2,90000,0.024692262849687813,175555.39268705618
2025-12-15 08:59:49.197839568,Customer_874,Smartwatch,Wearables,Islamabad,1,25000,0.103979133233179,22400.521669170525
2025-12-15 12:30:06.121224248,Customer_279,Mouse,Accessories,Sindh,4,3000,0.07634537049211593,11083.855554094609
2025-12-15 16:00:23.044608920,Customer_430,Headphones,Accessories,Balochistan,5,8000,0.23138608146555587,30744.556741377768
2025-12-15 19:30:39.967993600,Customer_625,Smartphone,Electronics,Balochistan,4,90000,0.09392645134506764,326186.47751577565
2025-12-15 23:00:56.891378280,Customer_542,Laptop,Electronics,KPK,3,150000,0.18946453051802503,364740.9612668887
2025-12-16 02:31:13.814762952,Customer_835,Mouse,Accessories,KPK,4,3000,0.13256188159156068,10409.257420901271
2025-12-16 06:01:30.738147632,Customer_988,Monitor,Electronics,KPK,5,45000,0.17602141716058387,185395.18113886865
2025-12-16 09:31:47.661532304,Customer_161,Tablet,Electronics,Punjab,1,60000,0.0650289957538498,56098.26025476901
2025-12-16 13:02:04.584916984,Customer_746,Keyboard,Accessories,Sindh,2,5000,0.23547624320958227,7645.237567904177
2025-12-16 16:32:21.508301664,Customer_899,Mouse,Accessories,Punjab,3,3000,0.132522124228606,7807.300881942546
2025-12-16 20:02:38.431686336,Customer_453,Keyboard,Accessories,Balochistan,5,5000,0.2078310178213124,19804.22455446719
2025-12-16 23:32:55.355071016,Customer_889,Headphones,Accessories,KPK,3,8000,0.09126142336902837,21809.72583914332
2025-12-17 03:03:12.278455688,Customer_851,Tablet,Electronics,KPK,4,60000,0.025052837262631134,233987.31905696855
2025-12-17 06:33:29.201840368,Customer_170,Keyboard,Accessories,KPK,3,5000,0.1684279119302122,12473.581321046817
2025-12-17 10:03:46.125225048,Customer_830,Headphones,Accessories,Islamabad,5,8000,0.0019399120843561213,39922.40351662575
2025-12-17 13:34:03.048609720,Customer_698,Laptop,Electronics,Sindh,2,150000,0.11882324414137707,264353.0267575869
2025-12-17 17:04:19.971994400,Customer_57,Keyboard,Accessories,Punjab,2,5000,0.04820047566661481,9517.995243333853
2025-12-17 20:34:36.895379080,Customer_240,Tablet,Electronics,Sindh,3,60000,0.15684387610884054,151768.1023004087
2025-12-18 00:04:53.818763752,Customer_769,Smartwatch,Wearables,KPK,1,25000,0.24485496828446304,18878.625792888422
2025-12-18 03:35:10.742148432,Customer_358,Mouse,Accessories,Balochistan,3,3000,0.11610072658016149,7955.093460778547
2025-12-18 07:05:27.665533104,Customer_201,Headphones,Accessories,Islamabad,4,8000,0.20437456413141666,25460.01394779467
2025-12-18 10:35:44.588917784,Customer_444,Mouse,Accessories,Sindh,2,3000,0.12694604673778026,5238.323719573318
2025-12-18 14:06:01.512302464,Customer_837,Tablet,Electronics,Balochistan,2,60000,0.12396000777600602,105124.79906687928
2025-12-18 17:36:18.435687136,Customer_827,Smartphone,Electronics,KPK,2,90000,0.23260587329469445,138130.942806955
2025-12-18 21:06:35.359071816,Customer_302,Headphones,Accessories,KPK,1,8000,0.22249146718667037,6220.068262506637
2025-12-19 00:36:52.282456496,Customer_106,Keyboard,Accessories,KPK,1,5000,0.1964501162969936,4017.749418515032
2025-12-19 04:07:09.205841168,Customer_802,Headphones,Accessories,KPK,5,8000,0.07406393832919603,37037.44246683216
2025-12-19 07:37:26.129225848,Customer_101,Mouse,Accessories,Islamabad,3,3000,0.13625210393098514,7773.731064621134
2025-12-19 11:07:43.052610520,Customer_97,Laptop,Electronics,Islamabad,3,150000,0.05597430832642125,424811.5612531104
2025-12-19 14:37:59.975995200,Customer_665,Headphones,Accessories,Sindh,4,8000,0.11097917451163494,28448.666415627682
2025-12-19 18:08:16.899379880,Customer_938,Keyboard,Accessories,KPK,2,5000,0.12105326643994765,8789.467335600524
2025-12-19 21:38:33.822764552,Customer_29,Smartphone,Electronics,Islamabad,1,90000,0.20791001004233273,71288.09909619005
2025-12-20 01:08:50.746149232,Customer_506,Smartwatch,Wearables,Balochistan,4,25000,0.22400709133124827,77599.29086687518
2025-12-20 04:39:07.669533904,Customer_665,Monitor,Electronics,Islamabad,4,45000,0.10365501559911947,161342.0971921585
2025-12-20 08:09:24.592918584,Customer_438,Laptop,Electronics,Islamabad,1,150000,0.004426111268309302,149336.08330975362
2025-12-20 11:39:41.516303264,Customer_379,Smartwatch,Wearables,Sindh,3,25000,0.21544345994733866,58841.74050394959
2025-12-20 15:09:58.439687936,Customer_73,Smartphone,Electronics,Islamabad,2,90000,0.043569669625340174,172157.45946743878
2025-12-20 18:40:15.363072616,Customer_254,Headphones,Accessories,Balochistan,3,8000,0.15547049097259838,20268.70821665764
2025-12-20 22:10:32.286457296,Customer_963,Mouse,Accessories,KPK,4,3000,0.006242725108532798,11925.087298697606
2025-12-21 01:40:49.209841968,Customer_911,Tablet,Electronics,Punjab,2,60000,0.09987661881514107,108014.80574218307
2025-12-21 05:11:06.133226648,Customer_516,Mouse,Accessories,Sindh,5,3000,0.24649007552883745,11302.648867067437
2025-12-21 08:41:23.056611320,Customer_749,Smartwatch,Wearables,Balochistan,4,25000,0.025173400275950775,97482.65997240493
2025-12-21 12:11:39.979996000,Customer_550,Keyboard,Accessories,Sindh,3,5000,0.10592328799991058,13411.150680001341
2025-12-21 15:41:56.903380680,Customer_20,Mouse,Accessories,KPK,3,3000,0.07678748754748804,8308.912612072607
2025-12-21 19:12:13.826765352,Customer_625,Laptop,Electronics,Islamabad,3,150000,0.22627203084706607,348177.5861188203
2025-12-21 22:42:30.750150032,Customer_535,Mouse,Accessories,Islamabad,1,3000,0.2173350269768388,2347.9949190694833
2025-12-22 02:12:47.673534704,Customer_421,Keyboard,Accessories,Balochistan,4,5000,0.05942469007655721,18811.50619846886
2025-12-22 05:43:04.596919384,Customer_446,Monitor,Electronics,KPK,2,45000,0.020296946762607793,88173.2747913653
2025-12-22 09:13:21.520304064,Customer_879,Headphones,Accessories,Punjab,3,8000,0.15678459851527937,20237.169635633294
2025-12-22 12:43:38.443688736,Customer_136,Tablet,Electronics,Punjab,3,60000,0.08409217797092744,164863.40796523308
2025-12-22 16:13:55.367073416,Customer_505,Smartwatch,Wearables,Islamabad,1,25000,0.16802109765151577,20799.472558712107
2025-12-22 19:44:12.290458096,Customer_933,Headphones,Accessories,KPK,2,8000,0.008029939016953619,15871.520975728743
2025-12-22 23:14:29.213842768,Customer_760,Mouse,Accessories,KPK,4,3000,0.033349808794372354,11599.802294467532
2025-12-23 02:44:46.137227448,Customer_301,Smartphone,Electronics,Balochistan,5,90000,0.17159305819316084,372783.12381307763
2025-12-23 06:15:03.060612120,Customer_609,Headphones,Accessories,Punjab,1,8000,0.05309266382562444,7575.258689395005
2025-12-23 09:45:19.983996800,Customer_33,Monitor,Electronics,Balochistan,4,45000,0.2143969189406004,141408.55459069193
2025-12-23 13:15:36.907381480,Customer_647,Mouse,Accessories,Sindh,5,3000,0.014647721927533858,14780.284171086993
2025-12-23 16:45:53.830766152,Customer_767,Tablet,Electronics,KPK,3,60000,0.053870495696393655,170303.31077464914
2025-12-23 20:16:10.754150832,Customer_278,Keyboard,Accessories,Punjab,3,5000,0.24964006212126716,11255.399068180994
2025-12-23 23:46:27.677535504,Customer_133,Monitor,Electronics,Balochistan,2,45000,0.10826902564669816,80255.78769179716
2025-12-24 03:16:44.600920184,Customer_750,Mouse,Accessories,Islamabad,5,3000,0.17574141588616088,12363.878761707587
2025-12-24 06:47:01.524304864,Customer_527,Monitor,Electronics,Sindh,3,45000,0.04566576221425342,128835.12210107579
2025-12-24 10:17:18.447689536,Customer_789,Headphones,Accessories,Balochistan,3,8000,0.15246718374638443,20340.787590086773
2025-12-24 13:47:35.371074216,Customer_126,Tablet,Electronics,Islamabad,2,60000,0.18152651709235462,98216.81794891745
2025-12-24 17:17:52.294458896,Customer_345,Keyboard,Accessories,Punjab,4,5000,0.07861915896662763,18427.61682066745
2025-12-24 20:48:09.217843568,Customer_17,Mouse,Accessories,Punjab,3,3000,0.20722427799396945,7134.981498054275
2025-12-25 00:18:26.141228248,Customer_824,Laptop,Electronics,Sindh,1,150000,0.15085439461807082,127371.84080728938
2025-12-25 03:48:43.064612920,Customer_562,Smartwatch,Wearables,Islamabad,1,25000,0.09728075240375755,22567.981189906062
2025-12-25 07:18:59.987997600,Customer_647,Keyboard,Accessories,KPK,4,5000,0.13941059833578964,17211.788033284207
2025-12-25 10:49:16.911382280,Customer_630,Laptop,Electronics,Punjab,5,150000,0.14419021185898107,641857.3411057641
2025-12-25 14:19:33.834766952,Customer_378,Monitor,Electronics,KPK,2,45000,0.041383823173466505,86275.45591438802
2025-12-25 17:49:50.758151632,Customer_818,Smartphone,Electronics,KPK,1,90000,0.10068309246674154,80938.52167799325
2025-12-25 21:20:07.681536312,Customer_60,Keyboard,Accessories,Balochistan,1,5000,0.08585764700487328,4570.711764975634
2025-12-26 00:50:24.604920984,Customer_637,Monitor,Electronics,Balochistan,4,45000,0.10022568064478152,161959.37748393932
2025-12-26 04:20:41.528305664,Customer_467,Laptop,Electronics,Punjab,5,150000,0.19027764712131448,607291.7646590142
2025-12-26 07:50:58.451690336,Customer_628,Headphones,Accessories,KPK,5,8000,0.12063460186666816,35174.61592533327
2025-12-26 11:21:15.375075016,Customer_391,Headphones,Accessories,Balochistan,4,8000,0.23507903830981608,24477.470774085887
2025-12-26 14:51:32.298459696,Customer_936,Smartphone,Electronics,Islamabad,1,90000,0.07341910333960905,83392.28069943518
2025-12-26 18:21:49.221844368,Customer_685,Smartwatch,Wearables,Islamabad,2,25000,0.10392589457123225,44803.70527143839
2025-12-26 21:52:06.145229048,Customer_187,Keyboard,Accessories,Islamabad,1,5000,0.19673920261976036,4016.3039869011986
2025-12-27 01:22:23.068613720,Customer_498,Keyboard,Accessories,Islamabad,5,5000,0.13650614833018757,21587.34629174531
2025-12-27 04:52:39.991998400,Customer_600,Keyboard,Accessories,KPK,1,5000,0.13675703660611194,4316.21481696944
2025-12-27 08:22:56.915383080,Customer_715,Smartwatch,Wearables,Islamabad,2,25000,0.013335040751295879,49333.247962435205
2025-12-27 11:53:13.838767752,Customer_361,Monitor,Electronics,KPK,3,45000,0.09964991567961395,121547.2613832521
2025-12-27 15:23:30.762152432,Customer_823,Tablet,Electronics,Punjab,1,60000,0.06768343310543312,55938.99401367401
2025-12-27 18:53:47.685537112,Customer_832,Tablet,Electronics,Punjab,4,60000,0.24983378070777884,180039.89263013308
2025-12-27 22:24:04.608921784,Customer_449,Smartphone,Electronics,Islamabad,3,90000,0.07708876765807757,249186.03273231906
2025-12-28 01:54:21.532306464,Customer_694,Keyboard,Accessories,Islamabad,4,5000,0.22112413369846587,15577.517326030684
2025-12-28 05:24:38.455691136,Customer_864,Monitor,Electronics,Islamabad,4,45000,0.16905843376011936,149569.48192317854
2025-12-28 08:54:55.379075816,Customer_680,Headphones,Accessories,Punjab,4,8000,0.08522910229802261,29272.66872646328
2025-12-28 12:25:12.302460496,Customer_181,Laptop,Electronics,Balochistan,1,150000,0.13588359459353092,129617.46081097035
2025-12-28 15:55:29.225845168,Customer_812,Monitor,Electronics,Punjab,5,45000,0.21013396998729844,177719.85675285786
2025-12-28 19:25:46.149229848,Customer_959,Smartwatch,Wearables,Islamabad,3,25000,0.22084207450772797,58436.8444119204
2025-12-28 22:56:03.072614520,Customer_130,Tablet,Electronics,Balochistan,2,60000,0.040098468751536304,115188.18374981564
2025-12-29 02:26:19.995999200,Customer_975,Tablet,Electronics,Balochistan,5,60000,0.0848932853020424,274532.01440938725
2025-12-29 05:56:36.919383880,Customer_149,Headphones,Accessories,Sindh,1,8000,0.08380579505339292,7329.553639572857
2025-12-29 09:26:53.842768552,Customer_472,Headphones,Accessories,KPK,4,8000,0.010511199018986173,31663.641631392446
2025-12-29 12:57:10.766153232,Customer_818,Smartwatch,Wearables,Islamabad,2,25000,0.14955943996297413,42522.02800185129
2025-12-29 16:27:27.689537912,Customer_721,Laptop,Electronics,KPK,3,150000,0.213705013248047,353832.7440383788
2025-12-29 19:57:44.612922584,Customer_623,Headphones,Accessories,Sindh,5,8000,0.09539359695637945,36184.25612174482
2025-12-29 23:28:01.536307264,Customer_948,Smartphone,Electronics,KPK,5,90000,0.18500898624604425,366745.9561892801
2025-12-30 02:58:18.459691936,Customer_500,Laptop,Electronics,Islamabad,2,150000,0.15692510340018498,252922.4689799445
2025-12-30 06:28:35.383076616,Customer_649,Headphones,Accessories,Sindh,1,8000,0.0939121838732502,7248.702529013998
2025-12-30 09:58:52.306461296,Customer_355,Mouse,Accessories,KPK,3,3000,0.03526494987307427,8682.615451142332
2025-12-30 13:29:09.229845968,Customer_916,Monitor,Electronics,Punjab,2,45000,0.17733096319399183,74040.21331254073
2025-12-30 16:59:26.153230648,Customer_211,Headphones,Accessories,Balochistan,4,8000,0.21364129223531012,25163.478648470074
2025-12-30 20:29:43.076615320,Customer_658,Smartphone,Electronics,Sindh,3,90000,0.17146362310037297,223704.8217628993
2025-12-31 00:00:00.000000000,Customer_596,Keyboard,Accessories,Punjab,5,5000,0.004469621008704516,24888.259474782386
