employee_id,age,gender,department,job_role,years_at_company,years_in_current_role,monthly_salary,performance_rating,work_life_balance,job_satisfaction,environment_satisfaction,relationship_satisfaction,overtime,companies_worked_before,distance_from_home,training_hours,promotion,attrition,remote_work,education,marital_status,hire_date,last_promotion_date,hire_quarter,days_since_promotion,tenure_category
1001,24,Male,Engineering,Senior,7.3,0.4,5788.29,3.2,1.0,,3.6,4.2,1,1,1.0,10,0,0,Onsite,Master,Married,2018-12-09 20:36:20.207371,2025-07-01 20:36:20.207371,Q4,428,5-10 years
1002,44,Male,Marketing,Lead,2.1,2.1,5666.09,4.0,2.0,3.0,2.6,3.5,1,2,7.3,32,0,1,Hybrid,,Married,2025-10-13 20:36:20.207371,2026-02-02 20:36:20.207371,Q4,212,1-3 years
1003,37,Female,IT,Executive,8.7,3.2,7357.95,3.4,3.0,3.7,3.6,2.9,0,1,24.3,49,1,0,Onsite,PhD,Married,2026-02-09 20:36:20.207371,2025-05-09 20:36:20.207371,Q1,481,5-10 years
1004,22,Female,Marketing,Executive,1.5,0.4,3794.6,2.4,4.0,3.5,3.9,4.4,0,2,11.9,83,0,0,Remote,High School,Married,2019-10-05 20:36:20.207371,2026-05-09 20:36:20.207371,Q4,116,1-3 years
1005,29,Male,Engineering,Junior,1.8,0.5,4637.89,3.2,2.0,3.0,4.7,2.6,1,0,8.4,46,0,1,Onsite,Bachelor,,2017-11-08 20:36:20.207371,2023-08-06 20:36:20.207371,Q4,1123,1-3 years
1006,51,Male,IT,Senior,4.5,3.7,8514.64,4.4,2.0,2.9,2.8,3.2,1,2,5.2,44,0,1,Onsite,Master,Married,2021-11-08 20:36:20.207371,2026-01-14 20:36:20.207371,Q4,231,3-5 years
1007,22,Female,IT,Manager,1.1,1.1,5211.61,3.9,2.0,,3.1,3.2,1,5,1.8,58,0,0,Onsite,Master,Single,2022-07-25 20:36:20.207371,2024-09-21 20:36:20.207371,Q3,711,1-3 years
1008,30,Female,Engineering,Junior,0.5,0.5,4232.77,2.5,3.0,,3.2,3.7,0,0,23.4,46,0,0,Onsite,Master,Single,2017-03-23 20:36:20.207371,2025-11-23 20:36:20.207371,Q1,283,<1 year
1009,47,Female,Engineering,Manager,2.6,0.7,5386.71,3.1,4.0,1.7,2.6,3.3,1,2,12.0,79,1,0,Onsite,High School,Married,2025-12-23 20:36:20.207371,2024-06-02 20:36:20.207371,Q4,822,1-3 years
1010,26,Male,Engineering,Lead,3.8,2.8,5373.5,5.0,2.0,2.6,3.5,3.1,0,2,40.8,99,0,0,Onsite,High School,Divorced,2018-09-04 20:36:20.207371,2025-05-28 20:36:20.207371,Q3,462,3-5 years
1011,28,Female,Marketing,Junior,1.0,0.2,4626.55,3.2,3.0,4.7,3.3,3.6,0,1,15.8,51,0,1,Remote,Master,Married,2024-01-13 20:36:20.207371,2026-07-04 20:36:20.207371,Q1,60,<1 year
1012,34,Male,IT,Intern,11.4,1.3,7436.78,3.2,4.0,3.3,2.8,3.9,1,7,1.0,92,0,0,Onsite,Bachelor,Single,2018-06-28 20:36:20.207371,2023-06-24 20:36:20.207371,Q2,1166,>10 years
1013,49,Female,Engineering,Senior,0.5,0.5,5264.41,3.4,2.0,2.8,3.7,3.5,0,4,13.9,47,0,0,Onsite,Bachelor,Divorced,2016-10-13 20:36:20.207371,2024-08-08 20:36:20.207371,Q4,755,<1 year
1014,28,Male,Marketing,Junior,5.0,0.9,5309.11,4.4,3.0,1.5,3.1,3.4,1,3,18.2,67,0,1,Onsite,,Married,2026-07-15 20:36:20.207371,2026-06-11 20:36:20.207371,Q3,83,3-5 years
1015,30,Female,Sales,Manager,9.4,2.5,5876.54,3.0,3.0,3.4,2.7,2.6,0,3,1.2,53,0,1,Onsite,Bachelor,Married,2025-03-08 20:36:20.207371,2021-03-12 20:36:20.207371,Q1,2000,5-10 years
1016,30,Male,Operations,Senior,3.8,1.8,4777.96,3.6,3.0,3.6,3.7,1.9,1,4,3.3,24,1,0,Hybrid,Master,Married,2021-02-12 20:36:20.207371,2026-06-27 20:36:20.207371,Q1,67,3-5 years
1017,57,Female,Marketing,Lead,8.1,5.3,7828.13,3.8,4.0,3.1,2.7,3.4,1,2,2.7,72,0,0,Onsite,Master,Married,2017-08-17 20:36:20.207371,2024-09-07 20:36:20.207371,Q3,725,5-10 years
1018,56,Male,Engineering,Senior,8.0,2.0,6668.11,3.0,4.0,2.9,3.5,3.4,1,0,16.6,61,0,0,Hybrid,Bachelor,Married,2026-06-28 20:36:20.207371,2025-04-05 20:36:20.207371,Q2,515,5-10 years
1019,45,Female,Engineering,Senior,2.1,1.6,5736.29,3.6,3.0,2.6,3.1,3.4,0,3,5.4,42,0,0,Hybrid,Bachelor,Married,2026-05-20 20:36:20.207371,2026-05-04 20:36:20.207371,Q2,121,1-3 years
1020,38,Female,Operations,Senior,8.9,2.1,6086.67,4.0,3.0,3.6,2.6,3.2,1,2,14.0,57,0,0,Hybrid,Bachelor,Married,2024-12-07 20:36:20.207371,2025-10-24 20:36:20.207371,Q4,313,5-10 years
1021,42,Male,Operations,Junior,4.7,3.3,6409.75,2.2,3.0,2.4,2.9,4.7,0,2,20.2,47,0,0,Hybrid,Master,Single,2022-01-09 20:36:20.207371,2025-10-16 20:36:20.207371,Q1,321,3-5 years
1022,49,Female,Marketing,Junior,14.9,2.3,7336.05,3.3,3.0,3.7,4.1,3.5,1,1,31.7,40,0,1,Onsite,PhD,Married,2019-09-01 20:36:20.207371,2024-02-19 20:36:20.207371,Q3,926,>10 years
1023,25,Female,Sales,Manager,1.8,0.1,4615.3,3.4,2.0,2.3,4.3,4.6,0,1,10.4,53,0,0,Remote,Bachelor,Married,2018-05-02 20:36:20.207371,2023-03-11 20:36:20.207371,Q2,1271,1-3 years
1024,46,Female,Finance,Lead,0.5,0.5,5211.65,3.1,3.0,,3.6,2.9,0,2,24.7,190,0,0,Hybrid,Master,Single,2024-08-06 20:36:20.207371,2026-05-01 20:36:20.207371,Q3,124,<1 year
1025,22,Female,Engineering,Executive,7.1,0.1,5133.7,3.6,2.0,2.7,3.5,4.7,1,4,23.2,74,0,0,Onsite,Bachelor,Married,2021-03-18 20:36:20.207371,2024-06-08 20:36:20.207371,Q1,816,5-10 years
1026,28,Female,Sales,Manager,0.6,0.6,5161.76,,2.0,5.0,3.4,3.9,0,4,7.3,62,0,0,Hybrid,Bachelor,Single,2023-04-11 20:36:20.207371,2024-05-26 20:36:20.207371,Q2,829,<1 year
1027,44,Male,Engineering,Senior,6.8,1.0,6056.14,3.7,3.0,3.7,4.1,4.7,1,0,18.5,64,1,0,Hybrid,Bachelor,Single,2023-10-12 20:36:20.207371,2025-08-12 20:36:20.207371,Q4,386,5-10 years
1028,22,Female,Sales,Intern,1.0,0.3,,3.5,,3.1,2.9,4.6,0,0,3.6,66,0,0,Remote,Master,Single,2025-06-12 20:36:20.207371,2026-04-19 20:36:20.207371,Q2,136,<1 year
1029,33,Male,IT,Junior,5.1,1.6,5573.75,3.9,3.0,2.5,3.7,3.5,1,2,2.4,86,0,0,Onsite,Bachelor,Single,2024-06-30 20:36:20.207371,2025-10-28 20:36:20.207371,Q2,309,5-10 years
1030,26,Male,IT,Senior,2.2,2.2,5463.38,2.7,3.0,,5.0,3.0,0,5,3.8,82,0,0,Onsite,Bachelor,Single,2020-07-01 20:36:20.207371,2025-12-21 20:36:20.207371,Q3,255,1-3 years
1031,32,Female,IT,Executive,9.8,0.1,6348.94,3.1,2.0,3.3,4.0,3.6,0,1,11.9,68,0,0,Onsite,High School,Single,2018-03-09 20:36:20.207371,2025-12-21 20:36:20.207371,Q1,255,5-10 years
1032,22,Female,Operations,Senior,1.2,0.9,,3.3,3.0,4.0,4.0,3.9,0,2,8.9,57,1,0,Remote,Bachelor,Single,2017-10-06 20:36:20.207371,2026-04-28 20:36:20.207371,Q4,127,1-3 years
1033,22,Male,Sales,Lead,0.8,0.8,4407.91,2.5,3.0,3.8,2.4,2.6,0,2,7.3,49,0,0,Onsite,Bachelor,Married,2021-08-04 20:36:20.207371,2025-11-11 20:36:20.207371,Q3,295,<1 year
1034,28,Female,Sales,Senior,1.7,0.7,5523.1,3.7,3.0,3.2,1.4,3.5,0,2,21.9,52,0,0,Remote,PhD,,2023-02-01 20:36:20.207371,2026-07-25 20:36:20.207371,Q1,39,1-3 years
1035,44,Male,Finance,Junior,7.4,1.5,6312.22,2.9,2.0,3.1,2.7,4.4,0,2,3.4,81,0,0,Onsite,Master,Married,2018-07-09 20:36:20.207371,2025-06-21 20:36:20.207371,Q3,438,5-10 years
1036,33,Male,Sales,Executive,3.3,3.1,5077.12,2.0,2.0,4.2,4.9,4.3,0,3,33.8,40,0,0,Onsite,PhD,Single,2025-05-03 20:36:20.207371,2025-10-05 20:36:20.207371,Q2,332,3-5 years
1037,35,Female,Engineering,Junior,0.5,0.5,4994.98,3.0,2.0,2.6,4.1,3.7,1,1,21.9,52,0,1,Hybrid,Bachelor,Married,2017-12-26 20:36:20.207371,2023-10-13 20:36:20.207371,Q4,1055,<1 year
1038,41,Male,Marketing,Senior,1.0,1.0,4829.79,2.8,4.0,5.0,4.4,3.4,0,2,9.7,54,0,0,Onsite,Bachelor,Single,2018-03-27 20:36:20.207371,2022-09-14 20:36:20.207371,Q1,1449,<1 year
1039,26,Non-Binary,Marketing,Senior,0.5,0.5,5458.73,4.7,1.0,2.4,4.3,3.9,1,3,5.1,12,0,0,Onsite,Bachelor,Divorced,2023-05-14 20:36:20.207371,2026-06-12 20:36:20.207371,Q2,82,<1 year
1040,37,Female,Sales,Junior,3.6,3.6,,4.4,3.0,2.2,2.7,3.4,1,1,3.3,57,0,0,Onsite,Bachelor,Married,2025-05-17 20:36:20.207371,2023-04-25 20:36:20.207371,Q2,1226,3-5 years
1041,26,Female,Operations,Junior,3.5,3.2,5498.81,3.5,4.0,5.0,2.4,3.5,0,2,7.8,25,0,0,Onsite,Master,Single,2019-02-01 20:36:20.207371,2023-03-24 20:36:20.207371,Q1,1258,3-5 years
1042,22,Male,Operations,Junior,1.6,1.6,4342.57,3.5,3.0,3.5,3.5,3.9,1,2,14.2,69,0,0,Hybrid,Master,Married,2024-07-07 20:36:20.207371,2026-06-03 20:36:20.207371,Q3,91,1-3 years
1043,31,Female,Engineering,Manager,0.5,0.5,4123.34,3.6,4.0,3.3,3.4,2.7,0,2,1.5,17,0,0,Onsite,,Single,2025-01-06 20:36:20.207371,2024-02-09 20:36:20.207371,Q1,936,<1 year
1044,40,Male,Finance,Junior,6.4,2.0,6229.09,3.0,,4.1,3.4,3.3,0,2,4.1,18,0,0,Remote,High School,Married,2017-12-07 20:36:20.207371,2023-08-14 20:36:20.207371,Q4,1115,5-10 years
1045,38,Female,Marketing,Junior,0.5,0.2,4882.11,3.9,3.0,2.4,4.2,4.8,0,1,49.7,19,0,0,Hybrid,Master,Divorced,2018-11-10 20:36:20.207371,2023-08-05 20:36:20.207371,Q4,1124,<1 year
1046,34,Male,IT,Junior,4.1,0.3,5638.64,,3.0,4.3,2.9,3.9,0,1,10.2,54,0,0,Remote,PhD,Married,2021-11-11 20:36:20.207371,2026-05-10 20:36:20.207371,Q4,115,3-5 years
1047,58,Female,HR,Senior,5.2,2.1,6922.65,3.2,2.0,2.6,4.4,4.6,0,2,3.5,20,0,0,Hybrid,Bachelor,Single,2017-10-07 20:36:20.207371,2025-07-02 20:36:20.207371,Q4,427,5-10 years
1048,39,Female,Finance,Junior,13.3,1.7,8182.58,4.0,4.0,3.2,2.7,5.0,1,2,18.2,70,0,0,Hybrid,Bachelor,Single,2025-11-11 20:36:20.207371,2025-03-23 20:36:20.207371,Q4,528,>10 years
1049,44,Female,Engineering,Senior,18.6,7.7,,2.9,3.0,3.1,3.7,3.4,0,2,28.1,81,0,1,Remote,Bachelor,Single,2017-09-11 20:36:20.207371,2026-01-07 20:36:20.207371,Q3,238,>10 years
1050,57,Female,Finance,Manager,4.6,1.3,7234.07,3.2,3.0,,2.8,4.2,0,2,10.4,56,1,0,Remote,Bachelor,Married,2021-12-05 20:36:20.207371,2025-10-18 20:36:20.207371,Q4,319,3-5 years
1051,22,Male,Finance,Senior,1.4,1.4,4087.23,3.0,3.0,3.9,4.1,4.3,1,0,36.3,12,0,1,Onsite,Bachelor,Single,2022-12-21 20:36:20.207371,2025-06-14 20:36:20.207371,Q4,445,1-3 years
1052,24,Male,IT,Senior,25.0,1.1,23349.53379517133,3.1,3.0,4.4,3.1,3.8,1,5,13.2,49,0,0,Onsite,Bachelor,Single,2021-08-07 20:36:20.207371,2025-01-06 20:36:20.207371,Q3,604,>10 years
1053,52,Female,HR,Lead,4.2,4.2,6649.42,4.3,2.0,2.9,2.7,3.6,0,2,28.5,87,0,1,Hybrid,Bachelor,Single,2021-02-28 20:36:20.207371,2025-05-03 20:36:20.207371,Q1,487,3-5 years
1054,27,Male,Marketing,Junior,0.9,0.9,4400.8,3.4,3.0,2.6,4.2,3.5,0,0,56.4,10,0,1,Onsite,Master,Married,2021-03-27 20:36:20.207371,2026-01-28 20:36:20.207371,Q1,217,<1 year
1055,35,Female,Finance,Manager,10.1,3.3,,5.0,4.0,3.5,2.9,4.6,1,0,18.4,57,0,0,Hybrid,PhD,Single,2025-09-07 20:36:20.207371,2023-08-26 20:36:20.207371,Q3,1103,>10 years
1056,45,Non-Binary,Engineering,Junior,3.4,0.1,6641.71,4.8,2.0,2.2,3.1,4.1,1,4,22.4,10,0,0,Hybrid,Master,Single,2020-02-24 20:36:20.207371,2025-10-21 20:36:20.207371,Q1,316,3-5 years
1057,43,Male,Marketing,Senior,8.3,8.3,7808.68,4.5,3.0,1.8,3.5,2.9,1,4,7.3,54,1,0,Onsite,Master,,2021-02-08 20:36:20.207371,2022-06-21 20:36:20.207371,Q1,1534,5-10 years
1058,52,Male,Engineering,Senior,1.3,1.3,5230.3,3.4,3.0,3.2,3.1,3.4,0,0,19.4,20,0,0,Hybrid,Bachelor,Single,2025-07-06 20:36:20.207371,2023-07-05 20:36:20.207371,Q3,1155,1-3 years
1059,49,Female,HR,Lead,11.4,1.1,9063.1,2.6,2.0,4.1,2.0,4.1,0,3,12.0,22,0,1,Onsite,Bachelor,Single,2019-01-28 20:36:20.207371,2025-11-12 20:36:20.207371,Q1,294,>10 years
1060,45,Female,Sales,Junior,3.4,3.0,6306.71,2.9,3.0,4.6,4.3,3.5,1,2,11.3,51,0,0,Hybrid,Master,Single,2025-10-18 20:36:20.207371,2022-04-18 20:36:20.207371,Q4,1598,3-5 years
1061,27,Male,HR,Senior,3.6,3.2,5356.74,3.7,2.0,3.6,4.3,3.5,0,2,19.9,61,1,0,Hybrid,Master,Single,2023-01-21 20:36:20.207371,2023-03-15 20:36:20.207371,Q1,1267,3-5 years
1062,42,Male,Finance,Senior,4.6,0.5,6346.15,3.0,2.0,3.4,3.5,2.6,0,4,20.1,49,0,0,Remote,Bachelor,Single,2024-08-02 20:36:20.207371,2024-02-24 20:36:20.207371,Q3,921,3-5 years
1063,38,Female,IT,Senior,5.1,0.1,6423.92,4.1,3.0,3.6,4.2,3.8,1,0,17.0,59,0,0,Onsite,Bachelor,Married,2021-07-22 20:36:20.207371,2026-08-24 20:36:20.207371,Q3,9,5-10 years
1064,22,Female,HR,Senior,0.5,0.5,5059.45,3.6,4.0,3.1,2.9,3.4,1,1,13.8,69,0,0,Hybrid,Bachelor,Single,2022-08-17 20:36:20.207371,2025-12-29 20:36:20.207371,Q3,247,<1 year
1065,49,Male,Sales,Senior,1.0,1.0,5569.96,3.6,3.0,2.2,3.8,3.6,0,0,5.1,66,0,0,Hybrid,High School,Married,2024-08-30 20:36:20.207371,2026-03-13 20:36:20.207371,Q3,173,<1 year
1066,43,Female,HR,Lead,8.2,5.6,6156.22,4.0,3.0,2.7,3.3,2.6,0,3,1.5,57,0,0,Onsite,PhD,Divorced,2026-04-24 20:36:20.207371,2025-12-04 20:36:20.207371,Q2,272,5-10 years
1067,35,Female,Operations,Senior,0.6,0.6,4034.61,2.2,3.0,2.7,3.1,4.8,1,0,18.5,49,1,0,Hybrid,Bachelor,,2024-05-18 20:36:20.207371,2023-10-04 20:36:20.207371,Q2,1064,<1 year
1068,32,Female,Finance,Junior,1.3,1.3,4763.69,2.8,2.0,3.4,3.9,3.0,0,2,7.4,174,0,0,Hybrid,Bachelor,Married,2019-04-18 20:36:20.207371,2026-01-01 20:36:20.207371,Q2,244,1-3 years
1069,23,Non-Binary,Operations,Manager,3.6,0.3,5279.54,3.7,2.0,4.2,3.3,2.7,0,0,54.9,25,0,1,Remote,Bachelor,Single,2025-02-19 20:36:20.207371,2025-11-27 20:36:20.207371,Q1,279,3-5 years
1070,36,Female,Sales,Senior,7.8,0.3,6151.15,3.3,3.0,5.0,4.7,4.3,1,1,38.3,87,0,1,Onsite,Master,Married,2020-05-31 20:36:20.207371,2023-11-25 20:36:20.207371,Q2,1012,5-10 years
1071,39,Male,Engineering,Lead,0.9,0.9,4619.63,3.1,4.0,1.8,3.8,4.4,0,4,8.4,71,0,0,Remote,Master,Single,2017-06-12 20:36:20.207371,2026-02-10 20:36:20.207371,Q2,204,<1 year
1072,26,Male,HR,Junior,5.2,5.2,4597.46,2.5,1.0,2.4,3.4,3.2,0,3,8.9,74,0,0,Hybrid,,Married,2023-11-09 20:36:20.207371,2023-07-20 20:36:20.207371,Q4,1140,5-10 years
1073,46,Female,Operations,Senior,2.1,2.1,6415.63,3.8,4.0,4.1,3.7,3.2,0,0,1.0,57,1,0,Hybrid,Master,Divorced,2020-05-08 20:36:20.207371,2023-10-13 20:36:20.207371,Q2,1055,1-3 years
1074,24,Female,Engineering,Senior,2.1,2.1,5735.47,3.8,4.0,5.0,4.0,3.4,0,1,2.1,54,0,0,Onsite,PhD,Single,2017-06-05 20:36:20.207371,2024-12-10 20:36:20.207371,Q2,631,1-3 years
1075,22,Female,Finance,Junior,0.5,0.5,4564.59,3.2,2.0,4.3,4.2,3.9,0,3,2.6,76,0,0,Onsite,High School,Married,2020-11-27 20:36:20.207371,2026-04-27 20:36:20.207371,Q4,128,<1 year
1076,45,Female,HR,Manager,4.8,1.6,5911.04,3.0,,2.8,3.8,3.1,0,1,53.1,85,1,0,Hybrid,Bachelor,Divorced,2018-01-10 20:36:20.207371,2024-10-22 20:36:20.207371,Q1,680,3-5 years
1077,30,Male,Engineering,Senior,6.2,2.2,5341.03,,3.0,4.0,4.2,3.2,1,2,9.0,54,0,0,Hybrid,Master,Married,2021-01-24 20:36:20.207371,2024-12-02 20:36:20.207371,Q1,639,5-10 years
1078,33,Male,HR,Executive,1.0,1.0,4373.87,1.8,2.0,3.3,4.5,2.7,1,0,13.1,59,0,1,Hybrid,High School,Single,2017-10-25 20:36:20.207371,2026-05-15 20:36:20.207371,Q4,110,<1 year
1079,26,Male,Operations,Manager,1.8,0.8,5010.98,3.3,1.0,2.1,5.0,3.4,0,2,28.6,73,0,0,Onsite,Bachelor,Single,2025-12-10 20:36:20.207371,2024-11-08 20:36:20.207371,Q4,663,1-3 years
1080,22,Female,Engineering,Manager,7.9,0.9,6085.31,2.6,3.0,2.6,4.1,3.3,1,2,6.9,85,1,0,Onsite,Master,Married,2023-03-24 20:36:20.207371,2026-05-01 20:36:20.207371,Q1,124,5-10 years
1081,47,Male,Sales,Manager,21.6,1.1,8929.52,2.4,2.0,3.9,3.5,4.0,0,3,69.0,42,1,0,Remote,Bachelor,Single,2024-08-27 20:36:20.207371,2026-01-11 20:36:20.207371,Q3,234,>10 years
1082,28,Male,Marketing,Intern,0.5,0.5,4343.53,3.0,4.0,3.5,3.1,3.9,0,6,5.6,34,0,0,Remote,Master,Single,2022-07-25 20:36:20.207371,2023-04-05 20:36:20.207371,Q3,1246,<1 year
1083,51,Female,Engineering,Junior,3.4,1.7,6045.53,4.2,2.0,2.9,2.9,3.0,0,2,1.5,50,1,0,Remote,Master,Married,2023-12-20 20:36:20.207371,2026-05-10 20:36:20.207371,Q4,115,3-5 years
1084,43,Female,Finance,Executive,3.3,1.4,6918.98,2.6,4.0,3.0,3.1,4.4,0,4,26.0,32,0,0,Onsite,Bachelor,Divorced,2019-05-31 20:36:20.207371,2026-05-06 20:36:20.207371,Q2,119,3-5 years
1085,31,Female,IT,Senior,4.4,2.3,5798.75,3.2,4.0,2.7,2.9,2.9,1,3,12.0,67,0,1,Remote,Master,Divorced,2017-06-01 20:36:20.207371,2026-06-19 20:36:20.207371,Q2,75,3-5 years
1086,24,Female,Engineering,Senior,2.6,2.6,4886.54,3.3,4.0,2.9,4.6,3.4,1,0,5.2,62,0,0,Hybrid,Bachelor,Single,2018-02-15 20:36:20.207371,2024-12-24 20:36:20.207371,Q1,617,1-3 years
1087,27,Female,Marketing,Junior,0.8,0.8,4224.51,2.8,3.0,2.4,2.9,5.0,0,1,45.4,13,0,0,Onsite,High School,Single,2026-07-19 20:36:20.207371,2026-08-05 20:36:20.207371,Q3,28,<1 year
1088,22,Female,Sales,Senior,2.6,2.6,4079.24,3.0,4.0,3.1,3.4,3.1,0,2,7.4,40,1,0,Hybrid,Master,Single,2018-08-02 20:36:20.207371,2025-07-05 20:36:20.207371,Q3,424,1-3 years
1089,55,Female,Operations,Junior,2.6,2.6,6452.4,3.9,3.0,3.3,4.1,3.4,0,1,8.7,69,0,0,Remote,PhD,Divorced,2026-06-06 20:36:20.207371,2023-05-29 20:36:20.207371,Q2,1192,1-3 years
1090,36,Female,Finance,Senior,4.9,4.9,5619.6,3.1,4.0,3.0,4.0,3.5,0,3,13.8,14,0,0,Onsite,,Married,2018-11-23 20:36:20.207371,2021-10-11 20:36:20.207371,Q4,1787,3-5 years
1091,46,Male,Finance,Senior,7.3,7.0,6866.01,3.5,3.0,2.8,3.7,2.8,0,4,7.4,77,0,0,Remote,High School,Divorced,2025-05-01 20:36:20.207371,2025-10-17 20:36:20.207371,Q2,320,5-10 years
1092,22,Male,Operations,Junior,13.9,5.5,7704.89,4.8,1.0,2.7,3.9,4.1,1,0,33.7,59,0,0,Onsite,PhD,Married,2020-03-03 20:36:20.207371,2026-04-18 20:36:20.207371,Q1,137,>10 years
1093,36,Female,Engineering,Intern,13.1,1.3,7691.48,4.8,4.0,3.9,4.0,3.4,0,4,14.4,68,0,1,Onsite,High School,Married,2018-05-15 20:36:20.207371,2024-12-14 20:36:20.207371,Q2,627,>10 years
1094,46,Female,Sales,Lead,0.5,0.1,4515.55,2.9,3.0,2.4,2.8,3.3,0,2,1.4,73,0,0,Onsite,High School,Married,2025-05-27 20:36:20.207371,2024-04-24 20:36:20.207371,Q2,861,<1 year
1095,31,Male,Engineering,Senior,0.5,0.2,4737.41,4.1,2.0,2.0,3.2,2.9,0,1,1.0,68,0,1,Onsite,Master,Married,2017-04-30 20:36:20.207371,2024-12-20 20:36:20.207371,Q2,621,<1 year
1096,45,Male,Marketing,Junior,4.3,1.2,6486.34,3.1,,2.6,3.6,3.8,1,6,8.8,66,0,0,Hybrid,Master,Single,2025-07-25 20:36:20.207371,2024-02-18 20:36:20.207371,Q3,927,3-5 years
1097,24,Male,IT,Junior,2.3,0.1,4188.99,5.0,2.0,2.3,3.2,3.8,0,1,37.3,53,0,0,Hybrid,Bachelor,Married,2017-06-25 20:36:20.207371,2026-07-02 20:36:20.207371,Q2,62,1-3 years
1098,22,Female,IT,Senior,1.9,1.9,3851.02,4.6,1.0,3.9,3.3,3.6,0,3,10.6,63,0,0,Onsite,High School,Married,2025-05-20 20:36:20.207371,2026-02-16 20:36:20.207371,Q2,198,1-3 years
1099,38,Male,Finance,Intern,2.9,0.3,5984.71,,2.0,3.6,3.2,3.4,0,2,9.3,66,1,0,Remote,Master,Married,2018-06-11 20:36:20.207371,2026-02-07 20:36:20.207371,Q2,207,1-3 years
1100,31,Male,IT,Manager,9.4,1.1,6786.03,4.3,2.0,1.9,3.8,3.0,0,2,7.1,58,0,0,Onsite,Bachelor,Single,2020-03-26 20:36:20.207371,2024-02-15 20:36:20.207371,Q1,930,5-10 years
1101,41,Male,IT,Junior,1.6,1.6,5942.62,3.1,3.0,4.0,3.2,3.5,0,3,13.0,35,0,0,Onsite,Bachelor,Divorced,2024-01-27 20:36:20.207371,2025-08-14 20:36:20.207371,Q1,384,1-3 years
1102,22,Female,IT,Junior,8.3,0.9,5774.35,4.7,4.0,2.6,3.7,3.7,1,3,1.0,65,0,1,Onsite,Master,Single,2020-05-20 20:36:20.207371,2023-01-02 20:36:20.207371,Q2,1339,5-10 years
1103,42,Female,Engineering,Senior,1.7,1.5,4973.09,4.2,1.0,2.3,4.9,2.8,0,1,7.5,74,0,1,Onsite,Bachelor,Married,2019-11-29 20:36:20.207371,2026-06-15 20:36:20.207371,Q4,79,1-3 years
1104,60,Male,Sales,Senior,0.7,0.7,,4.8,3.0,2.3,3.8,3.1,1,2,29.9,59,0,0,Onsite,Bachelor,Single,2017-11-10 20:36:20.207371,2026-01-27 20:36:20.207371,Q4,218,<1 year
1105,34,Female,Engineering,Senior,2.0,2.0,5858.61,3.3,4.0,2.0,4.4,4.5,0,0,6.1,60,0,1,Onsite,Bachelor,Married,2023-02-07 20:36:20.207371,2025-08-19 20:36:20.207371,Q1,379,1-3 years
1106,35,Female,Finance,Lead,8.1,7.0,5795.15,3.5,3.0,3.4,3.4,4.3,0,1,14.0,53,0,0,Hybrid,High School,Married,2017-08-13 20:36:20.207371,2023-10-20 20:36:20.207371,Q3,1048,5-10 years
1107,36,Non-Binary,Engineering,Manager,1.7,1.7,5227.47,4.1,3.0,5.0,3.0,4.6,0,1,23.6,88,0,0,Hybrid,Master,Married,2025-06-29 20:36:20.207371,2025-03-26 20:36:20.207371,Q2,525,1-3 years
1108,22,Female,IT,Junior,2.2,0.5,5462.0,,4.0,2.6,5.0,4.3,0,3,11.6,95,0,0,Onsite,Bachelor,Single,2022-01-13 20:36:20.207371,2025-05-22 20:36:20.207371,Q1,468,1-3 years
1109,39,Male,Finance,Junior,1.4,1.4,5227.26,3.8,4.0,,3.8,3.6,1,0,14.9,56,0,0,Onsite,Master,Single,2019-04-23 20:36:20.207371,2025-08-24 20:36:20.207371,Q2,374,1-3 years
1110,22,Male,HR,Junior,2.6,2.6,4523.66,4.0,3.0,3.3,2.9,3.1,1,3,60.1,73,0,1,Hybrid,Bachelor,Single,2020-01-25 20:36:20.207371,2025-08-24 20:36:20.207371,Q1,374,1-3 years
1111,30,Female,Operations,Senior,3.7,0.3,5338.1,3.0,4.0,3.2,3.7,1.9,0,1,14.0,57,1,1,Onsite,Master,,2026-05-07 20:36:20.207371,2025-03-01 20:36:20.207371,Q2,550,3-5 years
1112,47,Non-Binary,HR,Lead,5.4,0.8,6380.14,1.5,4.0,4.2,3.5,4.6,1,4,3.4,40,0,0,Hybrid,Bachelor,Married,2017-02-09 20:36:20.207371,2024-12-25 20:36:20.207371,Q1,616,5-10 years
1113,27,Female,Operations,Manager,4.5,2.0,6484.07,3.4,4.0,4.1,2.6,3.4,0,2,25.7,20,0,0,Hybrid,High School,Single,2021-02-10 20:36:20.207371,2025-12-06 20:36:20.207371,Q1,270,3-5 years
1114,40,Female,Engineering,Lead,1.5,0.1,5900.1,4.3,3.0,2.3,2.9,4.1,1,3,35.5,64,1,1,Remote,Master,Married,2019-09-22 20:36:20.207371,2024-12-30 20:36:20.207371,Q3,611,1-3 years
1115,45,Female,Sales,Manager,3.6,1.3,6375.58,3.8,4.0,3.5,2.8,3.9,0,1,5.0,83,1,0,Onsite,Master,Married,2021-02-18 20:36:20.207371,2026-06-01 20:36:20.207371,Q1,93,3-5 years
1116,37,Male,Marketing,Senior,0.5,0.5,4887.46,3.4,2.0,2.3,3.2,3.5,0,1,1.4,37,1,1,Hybrid,High School,Married,2018-10-04 20:36:20.207371,2026-04-10 20:36:20.207371,Q4,145,<1 year
1117,22,Male,Engineering,Manager,2.9,1.5,4680.87,3.8,2.0,3.6,2.5,3.8,0,0,29.9,94,0,0,Onsite,Bachelor,Single,2019-12-20 20:36:20.207371,2024-02-17 20:36:20.207371,Q4,928,1-3 years
1118,31,Male,Engineering,Lead,0.9,0.9,4843.93,4.0,4.0,1.6,4.1,4.2,0,1,26.3,76,0,1,Hybrid,Bachelor,Married,2020-10-18 20:36:20.207371,2026-06-20 20:36:20.207371,Q4,74,<1 year
1119,54,Female,IT,Intern,0.9,0.9,6446.26,2.9,4.0,3.4,4.4,3.6,0,0,4.0,38,1,0,Onsite,Master,Married,2018-09-26 20:36:20.207371,2024-12-16 20:36:20.207371,Q3,625,<1 year
1120,22,Female,Engineering,Manager,9.0,2.8,6142.75,2.8,3.0,2.9,4.2,3.4,0,4,1.0,35,0,0,Hybrid,Master,Married,2019-05-12 20:36:20.207371,2025-01-08 20:36:20.207371,Q2,602,5-10 years
1121,32,Male,Sales,Executive,11.6,2.6,6501.27,3.4,3.0,4.4,3.4,2.9,0,0,3.4,40,0,0,Hybrid,,Single,2020-12-09 20:36:20.207371,2026-08-13 20:36:20.207371,Q4,20,>10 years
1122,29,Male,Engineering,Executive,10.5,1.2,7479.6,,2.0,2.8,3.3,4.4,1,1,80.0,26,0,1,Hybrid,Master,Married,2024-11-25 20:36:20.207371,2023-10-30 20:36:20.207371,Q4,1038,>10 years
1123,36,Female,Finance,Executive,6.7,4.4,7169.04,3.1,2.0,3.2,3.4,4.5,0,2,22.6,54,0,0,Remote,Bachelor,Divorced,2020-01-05 20:36:20.207371,2026-03-02 20:36:20.207371,Q1,184,5-10 years
1124,42,Male,Marketing,Senior,6.1,6.1,7019.91,,4.0,4.7,1.9,4.4,1,3,4.3,31,0,0,Hybrid,,Married,2018-02-14 20:36:20.207371,2025-07-21 20:36:20.207371,Q1,408,5-10 years
1125,51,Female,Operations,Junior,2.4,2.4,6648.69,4.6,3.0,3.8,3.1,3.8,1,1,5.7,36,0,1,Hybrid,Master,Married,2025-12-07 20:36:20.207371,2025-08-01 20:36:20.207371,Q4,397,1-3 years
1126,32,Female,Sales,Manager,5.0,2.2,5492.83,3.8,3.0,3.6,3.3,3.2,0,3,22.9,53,0,0,Onsite,PhD,Single,2018-07-15 20:36:20.207371,2022-08-21 20:36:20.207371,Q3,1473,3-5 years
1127,43,Male,Finance,Senior,19.5,1.3,9725.99,2.5,2.0,3.0,4.0,3.1,0,3,21.7,76,0,0,Onsite,Master,Single,2026-05-05 20:36:20.207371,2026-04-03 20:36:20.207371,Q2,152,>10 years
1128,39,Female,Marketing,Executive,5.3,2.9,5666.65,4.4,4.0,3.2,4.7,4.0,0,2,1.0,74,0,0,Hybrid,Master,Married,2021-08-26 20:36:20.207371,2024-06-02 20:36:20.207371,Q3,822,5-10 years
1129,39,Male,Operations,Junior,16.9,2.8,8803.27,3.9,1.0,2.1,4.3,3.5,0,2,6.3,114,0,0,Onsite,Bachelor,Single,2026-02-26 20:36:20.207371,2023-08-20 20:36:20.207371,Q1,1109,>10 years
1130,29,Male,Finance,Intern,1.4,1.4,4763.15,4.1,3.0,2.4,2.9,3.1,1,1,13.2,55,0,1,Remote,Master,Married,2020-03-27 20:36:20.207371,2026-04-02 20:36:20.207371,Q1,153,1-3 years
1131,25,Male,IT,Executive,7.3,2.2,4734.58,2.7,2.0,3.0,2.4,4.6,1,1,37.3,85,0,0,Hybrid,Master,Married,2026-02-25 20:36:20.207371,2025-01-18 20:36:20.207371,Q1,592,5-10 years
1132,23,Female,Sales,Senior,3.9,1.5,5131.76,3.2,2.0,3.9,3.3,3.9,0,0,39.9,59,0,1,Hybrid,Bachelor,Married,2016-11-05 20:36:20.207371,2023-03-23 20:36:20.207371,Q4,1259,3-5 years
1133,27,Female,Engineering,Junior,8.0,2.8,7011.28,4.7,4.0,4.1,3.5,4.1,1,3,27.0,58,0,1,Remote,Bachelor,Married,2023-01-04 20:36:20.207371,2025-01-27 20:36:20.207371,Q1,583,5-10 years
1134,38,Male,Finance,Manager,2.3,2.3,5504.84,3.6,1.0,2.2,4.0,4.3,0,3,59.2,50,0,0,Hybrid,,,2019-06-19 20:36:20.207371,2026-05-01 20:36:20.207371,Q2,124,1-3 years
1135,42,Male,Operations,Junior,0.5,0.5,5445.7,3.0,2.0,2.3,3.9,3.8,0,1,1.1,42,0,0,Hybrid,Master,Married,2021-12-19 20:36:20.207371,2025-08-04 20:36:20.207371,Q4,394,<1 year
1136,38,Male,Sales,Lead,4.3,1.5,5530.74,4.6,3.0,3.2,5.0,3.7,1,0,31.6,60,0,1,Onsite,Master,Married,2016-09-22 20:36:20.207371,2025-12-28 20:36:20.207371,Q3,248,3-5 years
1137,29,Non-Binary,Operations,Manager,5.8,1.1,5659.09,3.9,3.0,3.4,3.1,3.0,0,0,22.5,99,0,0,Hybrid,Bachelor,Married,2022-05-05 20:36:20.207371,2026-01-30 20:36:20.207371,Q2,215,5-10 years
1138,53,Male,Engineering,Junior,0.5,0.5,4665.63,1.7,2.0,3.3,2.6,3.6,1,4,7.0,47,0,1,Onsite,Bachelor,,2018-10-12 20:36:20.207371,2024-10-19 20:36:20.207371,Q4,683,<1 year
1139,50,Female,Operations,Lead,8.1,1.2,7386.4,3.9,3.0,3.1,3.3,4.1,0,3,8.6,77,0,0,Hybrid,PhD,Married,2026-01-06 20:36:20.207371,2025-09-24 20:36:20.207371,Q1,343,5-10 years
1140,31,Female,Sales,Senior,2.1,2.1,5214.3,3.3,4.0,2.8,4.1,2.9,1,2,1.0,67,0,0,Hybrid,Master,Married,2017-05-31 20:36:20.207371,2024-05-27 20:36:20.207371,Q2,828,1-3 years
1141,26,Female,Marketing,Executive,1.7,1.7,4339.46,4.3,1.0,3.5,3.5,3.4,0,2,2.2,56,0,0,Onsite,Bachelor,Married,2019-03-27 20:36:20.207371,2025-11-09 20:36:20.207371,Q1,297,1-3 years
1142,36,Female,Engineering,Junior,10.3,4.8,6938.82,4.2,2.0,2.1,2.7,3.9,0,4,44.7,45,0,0,Onsite,Bachelor,Single,2026-04-21 20:36:20.207371,2026-03-04 20:36:20.207371,Q2,182,>10 years
1143,47,Female,Finance,Manager,0.8,0.8,6255.17,4.4,,5.0,4.1,2.6,0,1,26.2,68,0,0,Onsite,Master,Single,2021-10-04 20:36:20.207371,2023-07-28 20:36:20.207371,Q4,1132,<1 year
1144,38,Non-Binary,Sales,Junior,0.6,0.6,6038.33,4.3,,4.1,3.2,2.9,0,0,44.4,66,0,0,Hybrid,Master,Married,2022-06-25 20:36:20.207371,2025-01-25 20:36:20.207371,Q2,585,<1 year
1145,40,Female,Finance,Senior,3.7,1.7,5365.59,4.1,3.0,2.6,1.8,3.9,0,4,2.1,75,0,0,Onsite,Master,Divorced,2020-03-29 20:36:20.207371,2025-02-26 20:36:20.207371,Q1,553,3-5 years
1146,32,Female,Engineering,Senior,1.0,0.8,5842.66,4.2,2.0,1.6,2.6,4.7,0,2,17.2,90,0,0,Hybrid,Bachelor,Married,2021-06-28 20:36:20.207371,2026-07-21 20:36:20.207371,Q2,43,<1 year
1147,39,Non-Binary,Engineering,Executive,4.3,4.3,6019.41,2.9,1.0,2.8,3.7,4.8,0,1,80.0,66,0,0,Hybrid,Bachelor,Single,2024-02-22 20:36:20.207371,2024-11-25 20:36:20.207371,Q1,646,3-5 years
1148,50,Female,Finance,Executive,5.0,5.0,7363.5,3.8,3.0,3.7,3.4,4.3,0,4,7.9,63,0,0,Hybrid,PhD,Married,2024-02-02 20:36:20.207371,2023-04-21 20:36:20.207371,Q1,1230,3-5 years
1149,32,Male,HR,Lead,6.1,2.1,5436.94,3.1,4.0,4.2,3.4,4.8,0,3,40.2,60,0,0,Remote,Master,Single,2019-07-19 20:36:20.207371,2025-12-18 20:36:20.207371,Q3,258,5-10 years
1150,36,Male,Sales,Lead,7.2,3.0,5977.18,5.0,,3.6,2.0,3.5,1,2,11.0,75,0,0,Remote,Bachelor,Single,2025-09-26 20:36:20.207371,2026-05-16 20:36:20.207371,Q3,109,5-10 years
1151,37,Female,Engineering,Executive,3.8,3.8,5998.41,3.2,4.0,3.7,3.0,3.4,0,5,1.6,56,1,0,Onsite,High School,Single,2020-05-14 20:36:20.207371,2026-08-03 20:36:20.207371,Q2,30,3-5 years
1152,37,Female,Sales,Manager,6.4,6.4,6088.55,2.5,4.0,3.2,3.6,4.3,0,3,3.5,48,0,0,Remote,,Married,2018-09-28 20:36:20.207371,2025-08-23 20:36:20.207371,Q3,375,5-10 years
1153,22,Male,Engineering,Manager,3.7,0.4,4112.58,2.1,2.0,3.4,2.1,3.9,0,0,1.0,43,0,1,Onsite,Master,Married,2021-01-28 20:36:20.207371,2024-07-12 20:36:20.207371,Q1,782,3-5 years
1154,22,Female,IT,Executive,5.9,0.8,5645.1,2.6,3.0,3.7,2.9,2.5,1,0,39.6,44,0,0,Hybrid,High School,,2023-09-24 20:36:20.207371,2026-02-07 20:36:20.207371,Q3,207,5-10 years
1155,24,Female,Finance,Junior,2.0,2.0,4676.55,2.9,2.0,3.3,3.2,4.8,1,1,12.9,81,0,0,Hybrid,Master,Married,2023-12-20 20:36:20.207371,2026-07-05 20:36:20.207371,Q4,59,1-3 years
1156,36,Male,Finance,Junior,0.5,0.5,4802.48,3.1,2.0,2.8,3.5,4.3,1,2,5.4,47,1,0,Hybrid,High School,Married,2019-04-01 20:36:20.207371,2026-07-25 20:36:20.207371,Q2,39,<1 year
1157,40,Female,Engineering,Senior,0.5,0.5,4245.09,3.1,,3.4,4.4,3.6,0,3,23.2,40,0,0,Remote,High School,Single,2022-03-12 20:36:20.207371,2025-12-09 20:36:20.207371,Q1,267,<1 year
1158,29,Male,Finance,Manager,9.0,1.0,6555.34,3.2,4.0,3.2,4.3,4.5,1,4,5.0,56,1,0,Onsite,Bachelor,Married,2020-04-19 20:36:20.207371,2025-10-11 20:36:20.207371,Q2,326,5-10 years
1159,48,Male,IT,Lead,7.3,2.2,7318.96,3.9,3.0,2.9,2.8,3.6,0,2,32.6,73,0,0,Onsite,High School,Divorced,2018-11-20 20:36:20.207371,2024-09-20 20:36:20.207371,Q4,712,5-10 years
1160,33,Female,Operations,Manager,3.0,3.0,5180.92,3.4,2.0,2.4,2.9,3.6,1,2,22.3,72,0,0,Onsite,Master,Single,2018-10-08 20:36:20.207371,2021-03-12 20:36:20.207371,Q4,2000,1-3 years
1161,35,Male,Operations,Junior,17.6,0.4,7902.53,3.4,4.0,3.5,3.7,2.6,1,1,4.0,46,0,0,Onsite,Bachelor,Divorced,2020-01-23 20:36:20.207371,2026-07-22 20:36:20.207371,Q1,42,>10 years
1162,33,Male,Sales,Manager,4.7,0.6,5896.43,4.3,2.0,,4.0,4.5,0,1,33.2,54,0,1,Hybrid,Bachelor,Married,2019-01-23 20:36:20.207371,2024-06-11 20:36:20.207371,Q1,813,3-5 years
1163,20,Female,Engineering,Intern,11.4,0.9,8172.14,3.0,2.0,3.2,4.0,4.1,0,0,16.4,41,0,0,Remote,Master,Married,2020-03-03 20:36:20.207371,2025-06-03 20:36:20.207371,Q1,456,>10 years
1164,42,Female,Marketing,Junior,5.6,0.2,6929.52,3.4,2.0,3.5,3.1,3.1,0,3,37.7,56,0,0,Hybrid,Master,Married,2021-03-16 20:36:20.207371,2025-07-09 20:36:20.207371,Q1,420,5-10 years
1165,41,Male,HR,Senior,0.8,0.7,4893.34,2.9,4.0,,3.7,4.2,0,4,16.1,47,0,1,Onsite,High School,Married,2018-04-30 20:36:20.207371,2026-05-28 20:36:20.207371,Q2,97,<1 year
1166,26,Female,Finance,Senior,3.8,0.5,5539.97,4.4,3.0,3.3,3.7,3.9,1,1,21.2,59,0,1,Hybrid,Master,Divorced,2020-09-05 20:36:20.207371,2026-06-30 20:36:20.207371,Q3,64,3-5 years
1167,50,Non-Binary,Sales,Junior,0.5,0.5,24392.053318634276,,4.0,3.3,3.4,3.2,0,2,14.5,68,0,0,Remote,Bachelor,Divorced,2016-09-09 20:36:20.207371,2026-07-10 20:36:20.207371,Q3,54,<1 year
1168,24,Non-Binary,IT,Manager,12.0,3.5,24288.465168436906,3.6,3.0,3.9,3.7,4.1,1,1,3.1,43,0,1,Hybrid,Bachelor,Single,2021-09-27 20:36:20.207371,2025-12-07 20:36:20.207371,Q3,269,>10 years
1169,35,Male,Operations,Junior,5.4,0.1,6194.56,2.6,4.0,3.9,3.4,3.2,1,1,1.0,49,0,0,Onsite,Bachelor,Single,2026-03-13 20:36:20.207371,2026-05-26 20:36:20.207371,Q1,99,5-10 years
1170,32,Female,Finance,Executive,11.3,6.5,7973.45,3.7,2.0,2.8,4.3,4.1,1,1,9.3,63,0,0,Hybrid,PhD,Single,2018-08-14 20:36:20.207371,2025-06-22 20:36:20.207371,Q3,437,>10 years
1171,24,Female,Engineering,Junior,0.6,0.6,4704.42,4.3,2.0,2.5,3.8,3.7,0,1,6.2,69,0,0,Hybrid,Bachelor,Married,2022-10-25 20:36:20.207371,2026-04-13 20:36:20.207371,Q4,142,<1 year
1172,34,Female,Engineering,Intern,2.1,2.1,4052.53,2.7,3.0,3.5,3.7,4.5,0,1,9.2,48,0,0,Onsite,Bachelor,Single,2026-04-13 20:36:20.207371,2024-08-05 20:36:20.207371,Q2,758,1-3 years
1173,27,Male,Sales,Senior,9.5,1.3,6239.35,3.0,1.0,2.3,4.0,3.6,0,1,19.5,39,0,0,Hybrid,Master,Married,2021-08-23 20:36:20.207371,2025-07-26 20:36:20.207371,Q3,403,5-10 years
1174,35,Male,Sales,Junior,13.6,2.1,6866.02,2.7,1.0,,3.9,3.2,0,5,9.8,38,0,0,Remote,Bachelor,Married,2016-11-27 20:36:20.207371,2026-05-23 20:36:20.207371,Q4,102,>10 years
1175,39,Male,Engineering,Junior,0.5,0.5,4937.76,2.6,3.0,3.6,4.2,2.5,1,2,11.7,69,0,0,Hybrid,High School,Married,2024-02-04 20:36:20.207371,2024-07-29 20:36:20.207371,Q1,765,<1 year
1176,49,Female,Operations,Senior,0.5,0.5,5786.72,3.2,3.0,3.7,3.2,3.1,0,2,4.2,51,0,1,Onsite,Master,Married,2017-01-27 20:36:20.207371,2022-11-27 20:36:20.207371,Q1,1375,<1 year
1177,38,Female,Operations,Senior,1.2,1.0,5841.84,3.8,4.0,4.0,4.5,2.9,0,3,34.3,42,1,0,Onsite,PhD,Married,2023-08-31 20:36:20.207371,2026-05-23 20:36:20.207371,Q3,102,1-3 years
1178,28,Female,Marketing,Junior,6.3,0.3,6475.66,3.1,2.0,,2.8,2.9,0,2,38.9,47,0,0,Remote,Bachelor,Single,2023-06-23 20:36:20.207371,2026-02-03 20:36:20.207371,Q2,211,5-10 years
1179,31,Female,Engineering,Executive,2.0,2.0,5989.82,5.0,2.0,3.6,3.3,2.1,1,3,21.2,62,0,1,Onsite,Master,Single,2016-10-10 20:36:20.207371,2025-06-06 20:36:20.207371,Q4,453,1-3 years
1180,36,Male,Sales,Junior,3.0,2.5,5156.97,3.1,3.0,3.7,3.9,3.5,0,3,3.9,56,1,1,Hybrid,Master,Single,2021-12-03 20:36:20.207371,2025-05-17 20:36:20.207371,Q4,473,1-3 years
1181,35,Non-Binary,Finance,Manager,10.4,1.0,6560.69,,3.0,1.6,2.6,3.8,0,3,7.6,56,1,0,Hybrid,Master,Married,2024-12-09 20:36:20.207371,2025-09-28 20:36:20.207371,Q4,339,>10 years
1182,49,Female,IT,Senior,2.4,2.4,6060.82,3.4,4.0,4.1,4.3,2.8,1,2,23.4,80,0,1,Hybrid,Master,Single,2016-10-21 20:36:20.207371,2026-01-17 20:36:20.207371,Q4,228,1-3 years
1183,48,Female,Engineering,Junior,0.5,0.5,5850.52,3.3,4.0,2.9,3.3,3.8,1,3,1.0,77,0,0,Remote,Master,Married,2021-11-09 20:36:20.207371,2023-07-29 20:36:20.207371,Q4,1131,<1 year
1184,31,Female,Marketing,Junior,11.6,2.1,7376.08,2.4,3.0,3.0,2.2,2.9,0,1,15.5,70,1,0,Remote,Bachelor,Single,2023-07-09 20:36:20.207371,2024-02-26 20:36:20.207371,Q3,919,>10 years
1185,29,Male,Marketing,Senior,2.3,2.3,4815.86,3.6,4.0,3.6,3.1,4.8,0,2,20.1,77,1,0,Hybrid,High School,Single,2018-06-12 20:36:20.207371,2025-01-11 20:36:20.207371,Q2,599,1-3 years
1186,22,Female,Operations,Lead,25.0,4.2,9249.07,4.0,1.0,,2.7,3.4,0,0,9.0,62,1,0,Hybrid,Bachelor,Divorced,2018-09-07 20:36:20.207371,2026-08-01 20:36:20.207371,Q3,32,>10 years
1187,29,Male,Finance,Junior,0.6,0.6,4533.65,3.8,3.0,3.3,2.7,3.5,1,3,36.4,43,1,0,Onsite,,Married,2018-07-25 20:36:20.207371,2022-11-20 20:36:20.207371,Q3,1382,<1 year
1188,18,Male,IT,Lead,3.5,0.2,4616.3,3.8,2.0,3.3,3.5,4.0,1,1,13.1,83,0,0,Onsite,Bachelor,Single,2019-03-07 20:36:20.207371,2026-08-30 20:36:20.207371,Q1,3,3-5 years
1189,31,Female,IT,Executive,4.2,0.1,5950.13,0.7532692139171221,3.0,2.6,3.1,3.5,0,2,8.4,46,0,0,Hybrid,High School,Single,2016-12-05 20:36:20.207371,2024-02-03 20:36:20.207371,Q4,942,3-5 years
1190,38,Male,Sales,Junior,6.4,2.7,6396.16,3.3,4.0,2.7,4.9,3.0,0,2,20.3,31,0,0,Hybrid,Master,Single,2021-11-18 20:36:20.207371,2025-12-12 20:36:20.207371,Q4,264,5-10 years
1191,36,Female,Marketing,Senior,5.5,5.5,6430.16,3.7,1.0,2.0,2.1,3.3,0,2,12.9,43,0,1,Onsite,High School,Married,2018-12-27 20:36:20.207371,2024-04-10 20:36:20.207371,Q4,875,5-10 years
1192,34,Male,Sales,Junior,0.6,0.6,,3.3,3.0,3.7,2.7,3.9,1,3,16.8,81,0,0,Hybrid,Master,Married,2022-08-20 20:36:20.207371,2025-10-20 20:36:20.207371,Q3,317,<1 year
1193,36,Female,Engineering,Manager,1.7,1.7,5387.43,3.8,3.0,2.7,2.8,3.0,0,3,12.7,65,0,1,Onsite,Bachelor,,2019-01-06 20:36:20.207371,2026-06-23 20:36:20.207371,Q1,71,1-3 years
1194,33,Male,Engineering,Lead,3.2,0.2,6032.55,1.206993024930243,2.0,4.3,5.0,3.6,1,1,27.1,90,1,0,Remote,Master,Married,2026-02-01 20:36:20.207371,2024-12-27 20:36:20.207371,Q1,614,3-5 years
1195,36,Female,Operations,Manager,1.0,0.7,4205.1,3.7,4.0,4.8,3.2,3.6,0,3,38.7,53,0,0,Onsite,Bachelor,Married,2019-08-03 20:36:20.207371,2024-09-06 20:36:20.207371,Q3,726,<1 year
1196,22,Male,Marketing,Junior,7.5,0.7,5492.51,4.6,2.0,2.4,2.6,3.9,1,1,27.9,90,0,1,Onsite,PhD,Married,2025-01-30 20:36:20.207371,2024-12-14 20:36:20.207371,Q1,627,5-10 years
1197,32,Female,Sales,Intern,4.5,1.4,6078.01,4.7,,3.4,3.6,2.5,0,3,21.7,52,0,0,Hybrid,Bachelor,Married,2022-12-02 20:36:20.207371,2025-10-02 20:36:20.207371,Q4,335,3-5 years
1198,33,Female,Finance,Executive,5.0,3.2,5833.81,,2.0,4.2,3.2,3.2,0,1,2.8,73,0,0,Onsite,Master,Single,2023-03-19 20:36:20.207371,2026-06-16 20:36:20.207371,Q1,78,3-5 years
1199,31,Female,Marketing,Lead,1.9,1.9,4901.76,1.4971360065537023,2.0,5.0,5.0,3.9,0,3,4.1,28,0,0,Hybrid,Master,Divorced,2023-04-26 20:36:20.207371,2024-10-14 20:36:20.207371,Q2,688,1-3 years
1200,32,Female,Operations,Manager,2.3,1.2,4561.42,2.8,2.0,5.0,4.0,3.1,0,1,32.1,17,0,0,Remote,Bachelor,Single,2018-05-07 20:36:20.207371,2025-07-21 20:36:20.207371,Q2,408,1-3 years
1201,42,Male,Marketing,Executive,10.0,1.1,7807.68,3.0,3.0,3.2,2.5,4.4,0,2,30.9,24,0,0,Hybrid,Master,Single,2023-10-12 20:36:20.207371,2026-01-22 20:36:20.207371,Q4,223,5-10 years
1202,29,Female,Engineering,Junior,1.9,0.6,4267.78,2.5,2.0,2.5,2.1,3.2,1,1,26.4,64,0,0,Hybrid,PhD,Divorced,2018-07-08 20:36:20.207371,2023-06-30 20:36:20.207371,Q3,1160,1-3 years
1203,57,Male,Engineering,Senior,6.2,0.7,7545.58,3.7,3.0,1.4,3.1,3.6,0,2,3.5,75,0,1,Onsite,PhD,Single,2020-12-19 20:36:20.207371,2025-11-26 20:36:20.207371,Q4,280,5-10 years
1204,41,Female,IT,Executive,4.4,2.1,5000.82,2.7,1.0,2.5,3.9,4.0,0,3,8.0,71,0,1,Onsite,Bachelor,Married,2019-03-11 20:36:20.207371,2026-05-16 20:36:20.207371,Q1,109,3-5 years
1205,34,Female,Marketing,Lead,20.0,2.1,8799.12,4.6,3.0,3.9,3.7,3.3,0,2,3.6,63,0,1,Onsite,Master,Divorced,2023-11-15 20:36:20.207371,2026-06-02 20:36:20.207371,Q4,92,>10 years
1206,32,Male,Engineering,Junior,0.7,0.7,5238.09,4.0,2.0,3.1,3.2,3.6,1,4,73.2,80,0,0,Onsite,PhD,Married,2022-08-23 20:36:20.207371,2026-05-04 20:36:20.207371,Q3,121,<1 year
1207,34,Female,Engineering,Junior,1.3,1.3,4248.43,3.7,4.0,4.4,4.6,3.2,0,1,12.4,38,0,1,Hybrid,PhD,Married,2018-03-16 20:36:20.207371,2026-03-29 20:36:20.207371,Q1,157,1-3 years
1208,25,Male,Operations,Junior,13.5,2.9,7139.24,3.1,1.0,3.8,4.0,3.7,0,2,24.5,61,0,1,Onsite,Bachelor,Married,2025-06-04 20:36:20.207371,2025-10-21 20:36:20.207371,Q2,316,>10 years
1209,34,Female,Operations,Manager,1.1,1.1,5769.29,4.6,3.0,3.9,3.3,4.1,0,2,2.7,54,0,0,Hybrid,Bachelor,Married,2021-04-12 20:36:20.207371,2026-07-07 20:36:20.207371,Q2,57,1-3 years
1210,37,Female,Operations,Junior,3.8,0.3,5911.99,2.8,2.0,2.7,1.9,3.8,0,3,14.1,60,1,0,Remote,High School,Single,2018-11-27 20:36:20.207371,2025-07-10 20:36:20.207371,Q4,419,3-5 years
1211,40,Female,Finance,Junior,1.0,0.8,4784.4,3.2,3.0,,3.0,4.2,0,1,6.5,74,1,0,Onsite,Bachelor,Married,2020-06-01 20:36:20.207371,2025-08-13 20:36:20.207371,Q2,385,<1 year
1212,40,Male,Marketing,Executive,2.7,0.9,5134.34,2.7,4.0,3.7,3.1,4.2,0,1,15.4,19,0,0,Hybrid,High School,Single,2018-01-30 20:36:20.207371,2025-09-01 20:36:20.207371,Q1,366,1-3 years
1213,32,Male,Marketing,Junior,17.1,0.9,8428.33,3.2,3.0,2.8,3.0,3.7,0,3,15.7,67,1,0,Onsite,High School,Married,2017-01-11 20:36:20.207371,2025-11-23 20:36:20.207371,Q1,283,>10 years
1214,22,Male,Sales,Intern,1.1,1.1,20139.36278129946,2.8,4.0,3.2,5.0,1.9,0,2,3.1,42,0,0,Onsite,High School,Married,2020-09-08 20:36:20.207371,2023-11-21 20:36:20.207371,Q3,1016,1-3 years
1215,28,Male,HR,Executive,0.6,0.4,5204.55,3.3,3.0,4.5,3.1,2.6,0,1,17.9,59,0,0,Hybrid,Bachelor,Single,2022-06-04 20:36:20.207371,2024-07-15 20:36:20.207371,Q2,779,<1 year
1216,51,Female,Engineering,Manager,21.2,0.2,9163.09,3.3,2.0,2.4,2.8,4.2,0,4,25.1,59,0,0,Onsite,Bachelor,Single,2019-03-21 20:36:20.207371,2025-07-05 20:36:20.207371,Q1,424,>10 years
1217,43,Female,Sales,Junior,0.5,0.5,4808.03,4.2,3.0,2.3,3.9,3.8,1,0,5.3,90,0,1,Onsite,Bachelor,Single,2018-02-06 20:36:20.207371,2025-07-12 20:36:20.207371,Q1,417,<1 year
1218,38,Male,Finance,Lead,13.4,0.9,7574.22,4.6,3.0,3.5,3.0,4.4,0,2,13.8,70,0,1,Remote,Bachelor,Married,2020-05-13 20:36:20.207371,2024-12-23 20:36:20.207371,Q2,618,>10 years
1219,27,Female,Engineering,Lead,5.4,5.4,5013.6,3.4,2.0,4.7,3.9,3.9,1,3,16.1,67,0,0,Remote,High School,Married,2022-07-29 20:36:20.207371,2026-02-13 20:36:20.207371,Q3,201,5-10 years
1220,35,Male,Sales,Senior,8.6,3.9,6621.71,4.7,4.0,3.4,2.8,4.7,0,2,2.1,81,0,0,Hybrid,PhD,Single,2019-11-11 20:36:20.207371,2026-08-15 20:36:20.207371,Q4,18,5-10 years
1221,22,Female,Engineering,Junior,2.7,2.7,4797.44,3.8,3.0,3.5,4.3,3.3,0,0,19.2,28,1,0,Hybrid,PhD,Married,2017-02-16 20:36:20.207371,2025-04-10 20:36:20.207371,Q1,510,1-3 years
1222,29,Female,IT,Junior,0.5,0.5,3984.06,3.9,1.0,3.6,3.7,3.8,0,3,8.9,75,0,0,Hybrid,Bachelor,Single,2019-04-04 20:36:20.207371,2023-12-23 20:36:20.207371,Q2,984,<1 year
1223,32,Female,Marketing,Lead,5.1,2.3,5701.94,4.3,2.0,3.2,3.6,2.9,0,3,54.0,76,0,0,Hybrid,High School,Single,2024-08-24 20:36:20.207371,2026-08-08 20:36:20.207371,Q3,25,5-10 years
1224,31,Female,Finance,Intern,5.1,1.9,,4.7,,2.5,3.0,4.5,0,1,20.0,65,0,1,Hybrid,Master,Married,2024-01-06 20:36:20.207371,2025-11-07 20:36:20.207371,Q1,299,5-10 years
1225,44,Female,Engineering,Intern,0.5,0.5,4938.24,3.0,4.0,2.5,4.1,4.6,0,2,15.6,78,0,0,Hybrid,Bachelor,,2017-09-08 20:36:20.207371,2024-07-02 20:36:20.207371,Q3,792,<1 year
1226,22,Male,Engineering,Intern,1.8,1.8,4612.89,4.3,3.0,2.5,2.7,2.5,1,0,39.3,36,0,1,Hybrid,Master,Married,2018-09-01 20:36:20.207371,2025-12-11 20:36:20.207371,Q3,265,1-3 years
1227,26,Male,Marketing,Senior,1.8,1.8,5042.76,3.9,3.0,3.4,3.5,3.3,0,0,2.3,42,0,1,Onsite,Bachelor,,2022-05-21 20:36:20.207371,2025-11-17 20:36:20.207371,Q2,289,1-3 years
1228,22,Male,Engineering,Junior,7.9,4.6,5989.39,3.8,2.0,2.7,3.2,3.6,1,1,8.6,40,0,1,Onsite,Bachelor,,2021-03-31 20:36:20.207371,2024-12-30 20:36:20.207371,Q1,611,5-10 years
1229,22,Female,Sales,Lead,4.6,1.6,5588.97,3.9,4.0,4.8,3.9,3.5,1,5,1.3,69,0,0,Remote,PhD,Married,2018-04-22 20:36:20.207371,2024-01-05 20:36:20.207371,Q2,971,3-5 years
1230,36,Male,Engineering,Senior,0.6,0.5,5613.15,3.9,3.0,3.1,3.9,3.0,1,1,31.7,74,1,0,Onsite,Bachelor,Single,2022-12-24 20:36:20.207371,2026-02-21 20:36:20.207371,Q4,193,<1 year
1231,22,Female,HR,Senior,0.5,0.5,4568.03,4.0,2.0,4.0,2.8,3.8,0,0,4.3,43,0,1,Onsite,PhD,Single,2025-02-14 20:36:20.207371,2026-08-26 20:36:20.207371,Q1,7,<1 year
1232,42,Male,Engineering,Junior,2.4,2.4,5598.03,4.0,3.0,3.2,3.6,3.0,0,3,40.2,42,0,0,Hybrid,Bachelor,Married,2021-08-28 20:36:20.207371,2026-07-21 20:36:20.207371,Q3,43,1-3 years
1233,32,Female,Marketing,Senior,3.3,3.0,5672.42,4.7,4.0,1.8,2.8,2.9,0,3,7.2,66,0,1,Onsite,Bachelor,Married,2017-02-28 20:36:20.207371,2026-07-24 20:36:20.207371,Q1,40,3-5 years
1234,35,Non-Binary,Engineering,Junior,6.7,0.2,6402.0,3.2,3.0,3.3,3.5,3.7,1,2,6.0,82,0,0,Onsite,High School,Married,2021-03-27 20:36:20.207371,2026-04-23 20:36:20.207371,Q1,132,5-10 years
1235,38,Female,Engineering,Junior,0.6,0.6,5517.42,2.8,3.0,3.2,3.9,4.2,0,1,7.4,98,0,1,Onsite,Master,Divorced,2025-05-28 20:36:20.207371,2022-02-24 20:36:20.207371,Q2,1651,<1 year
1236,30,Female,IT,Senior,1.2,1.2,5666.08,2.5,2.0,2.6,3.6,4.3,1,0,16.1,81,0,1,Remote,Bachelor,Married,2017-05-09 20:36:20.207371,2024-08-24 20:36:20.207371,Q2,739,1-3 years
1237,45,Male,HR,Senior,8.2,1.6,7007.85,2.9,4.0,3.6,2.7,4.0,0,1,5.0,65,0,0,Onsite,Master,Married,2018-04-02 20:36:20.207371,2023-03-18 20:36:20.207371,Q2,1264,5-10 years
1238,33,Male,Engineering,Senior,0.6,0.6,4927.54,3.7,2.0,3.2,4.4,3.0,0,0,13.1,89,0,1,Onsite,High School,Married,2020-05-09 20:36:20.207371,2024-05-27 20:36:20.207371,Q2,828,<1 year
1239,40,Male,IT,Intern,0.5,0.5,4629.32,,4.0,4.1,3.1,3.1,1,1,11.1,39,1,0,Hybrid,Bachelor,Single,2019-06-21 20:36:20.207371,2025-01-21 20:36:20.207371,Q2,589,<1 year
1240,33,Female,Operations,Manager,6.2,0.8,4956.0,3.2,3.0,2.7,4.4,4.3,0,2,1.0,78,0,0,Onsite,Bachelor,Married,2026-07-08 20:36:20.207371,2026-06-07 20:36:20.207371,Q3,87,5-10 years
1241,37,Female,Engineering,Senior,0.5,0.5,6151.25,4.2,3.0,2.6,3.9,4.3,1,2,8.6,58,0,1,Onsite,Master,Single,2019-06-09 20:36:20.207371,2023-12-28 20:36:20.207371,Q2,979,<1 year
1242,37,Female,Engineering,Intern,7.2,2.7,7049.2,2.2,2.0,2.6,2.8,2.8,1,4,29.7,57,1,1,Onsite,High School,Married,2018-10-17 20:36:20.207371,2025-05-27 20:36:20.207371,Q4,463,5-10 years
1243,37,Male,Engineering,Executive,1.4,1.4,5651.17,1.9,2.0,2.8,2.9,4.2,1,4,15.7,74,0,0,Onsite,PhD,Single,2022-11-04 20:36:20.207371,2021-03-12 20:36:20.207371,Q4,2000,1-3 years
1244,25,Female,Marketing,Senior,3.5,0.5,5285.63,3.7,2.0,3.2,2.9,4.0,0,1,32.0,35,0,0,Hybrid,High School,Married,2021-03-30 20:36:20.207371,2023-10-16 20:36:20.207371,Q1,1052,3-5 years
1245,39,Female,Sales,Lead,21.4,1.8,10035.17,4.3,3.0,3.9,4.1,3.7,0,5,54.8,43,0,1,Remote,Bachelor,Married,2024-09-13 20:36:20.207371,2025-07-09 20:36:20.207371,Q3,420,>10 years
1246,31,Male,Marketing,Senior,0.9,0.9,5272.98,3.7,3.0,3.9,2.3,3.9,0,3,4.3,24,0,0,Remote,Master,Married,2026-03-14 20:36:20.207371,2024-02-07 20:36:20.207371,Q1,938,<1 year
1247,41,Male,Engineering,Lead,5.4,1.6,6135.23,3.3,1.0,5.0,2.8,4.0,1,2,31.6,35,0,0,Hybrid,Bachelor,Single,2017-11-02 20:36:20.207371,2025-09-04 20:36:20.207371,Q4,363,5-10 years
1248,22,Male,Sales,Junior,2.4,1.3,4335.17,3.7,1.0,3.9,2.6,4.5,1,2,64.4,53,0,0,Remote,Bachelor,Married,2020-02-02 20:36:20.207371,2025-10-31 20:36:20.207371,Q1,306,1-3 years
1249,22,Male,Marketing,Junior,6.0,0.4,5404.78,4.1,,4.5,4.0,3.4,0,2,9.9,71,0,1,Onsite,Master,Married,2017-03-09 20:36:20.207371,2026-06-14 20:36:20.207371,Q1,80,5-10 years
1250,38,Male,Sales,Junior,5.7,2.9,6229.46,3.6,4.0,,3.8,2.6,1,1,50.7,58,0,1,Hybrid,Bachelor,Married,2017-11-13 20:36:20.207371,2026-06-10 20:36:20.207371,Q4,84,5-10 years
1251,53,Female,Sales,Lead,0.9,0.9,,3.1,4.0,2.7,2.3,3.3,1,5,1.7,75,0,1,Onsite,Master,Single,2026-01-27 20:36:20.207371,2023-12-08 20:36:20.207371,Q1,999,<1 year
1252,43,Female,Engineering,Senior,3.1,1.7,,4.0,2.0,3.4,3.6,3.3,0,2,2.3,37,0,0,Remote,Bachelor,Single,2022-05-14 20:36:20.207371,2025-11-13 20:36:20.207371,Q2,293,3-5 years
1253,28,Male,Engineering,Junior,6.4,1.8,5575.74,2.3,4.0,3.1,3.3,3.5,0,5,1.0,56,0,0,Hybrid,Master,Single,2021-06-21 20:36:20.207371,2026-04-16 20:36:20.207371,Q2,139,5-10 years
1254,22,Male,Operations,Junior,6.8,2.5,4806.31,3.7,2.0,2.8,3.7,4.0,0,1,1.5,55,0,0,Hybrid,Bachelor,Married,2025-04-15 20:36:20.207371,2026-03-20 20:36:20.207371,Q2,166,5-10 years
1255,42,Female,HR,Senior,0.5,0.5,5550.79,3.7,3.0,3.6,4.8,4.4,1,2,6.1,52,0,0,Hybrid,Master,Married,2026-03-22 20:36:20.207371,2024-06-21 20:36:20.207371,Q1,803,<1 year
1256,34,Male,Operations,Lead,0.7,0.7,4931.61,3.2,3.0,3.7,3.6,3.9,0,5,3.9,69,0,1,Hybrid,Bachelor,Single,2020-02-16 20:36:20.207371,2025-02-08 20:36:20.207371,Q1,571,<1 year
1257,40,Non-Binary,Finance,Junior,4.1,0.1,6856.31,4.1,3.0,3.7,2.2,3.3,0,1,1.0,65,0,0,Remote,Bachelor,Married,2023-03-08 20:36:20.207371,2024-12-11 20:36:20.207371,Q1,630,3-5 years
1258,36,Male,Operations,Junior,3.3,0.3,5244.44,3.7,1.0,4.0,2.0,3.6,1,3,9.7,38,1,0,Onsite,Bachelor,Married,2021-09-25 20:36:20.207371,2023-11-09 20:36:20.207371,Q3,1028,3-5 years
1259,35,Male,HR,Junior,8.4,4.4,5015.17,2.8,1.0,3.5,3.2,4.0,0,2,16.6,32,0,0,Onsite,Bachelor,Single,2019-03-06 20:36:20.207371,2024-08-25 20:36:20.207371,Q1,738,5-10 years
1260,64,Male,HR,Lead,6.4,4.7,6902.76,2.2,3.0,3.7,3.8,3.7,0,2,19.4,88,0,0,Hybrid,High School,Single,2025-09-29 20:36:20.207371,2024-01-07 20:36:20.207371,Q3,969,5-10 years
1261,34,Male,IT,Senior,4.6,0.8,5859.85,3.2,1.0,3.8,4.3,4.0,1,1,17.0,64,1,0,Onsite,,Single,2018-02-27 20:36:20.207371,2023-09-03 20:36:20.207371,Q1,1095,3-5 years
1262,33,Male,Engineering,Senior,2.9,1.2,5458.55,3.8,2.0,3.4,3.5,3.4,0,2,18.0,90,0,0,Onsite,Master,Married,2018-09-16 20:36:20.207371,2025-11-06 20:36:20.207371,Q3,300,1-3 years
1263,33,Non-Binary,HR,Senior,14.2,2.3,,3.4,3.0,3.4,2.8,4.2,0,2,28.2,65,1,1,Remote,Bachelor,Married,2017-11-05 20:36:20.207371,2025-07-29 20:36:20.207371,Q4,400,>10 years
1264,29,Male,Finance,Senior,4.8,4.8,5801.47,3.9,3.0,3.2,4.6,3.2,0,3,4.0,34,0,0,Hybrid,Bachelor,Married,2024-05-01 20:36:20.207371,2025-10-28 20:36:20.207371,Q2,309,3-5 years
1265,44,Male,Engineering,Lead,16.5,0.7,8586.8,4.3,2.0,3.9,4.0,3.2,1,3,1.1,79,0,0,Onsite,Master,Single,2019-09-15 20:36:20.207371,2026-04-23 20:36:20.207371,Q3,132,>10 years
1266,31,Female,Engineering,Junior,2.6,2.6,4373.51,4.2,3.0,4.2,3.9,2.8,0,3,15.2,73,0,0,Hybrid,Master,Married,2019-08-10 20:36:20.207371,2025-06-07 20:36:20.207371,Q3,452,1-3 years
1267,41,Male,Finance,Manager,24.7,0.7,9760.21,3.0,3.0,2.6,4.0,3.2,1,1,38.6,52,0,0,Remote,Bachelor,Married,2018-09-08 20:36:20.207371,2026-08-28 20:36:20.207371,Q3,5,>10 years
1268,37,Male,Sales,Junior,18.4,0.1,9548.11,3.1,2.0,3.7,1.9,3.4,0,2,21.9,31,0,0,Onsite,Master,,2023-04-02 20:36:20.207371,2026-06-28 20:36:20.207371,Q2,66,>10 years
1269,47,Male,Operations,Manager,5.0,4.3,6901.0,4.4,3.0,1.6,3.8,3.1,0,1,7.3,61,1,0,Hybrid,High School,Married,2021-05-28 20:36:20.207371,2021-08-22 20:36:20.207371,Q2,1837,3-5 years
1270,39,Male,IT,Junior,1.7,1.7,5408.89,4.3,1.0,3.8,4.4,4.0,0,1,11.2,41,0,0,Onsite,Master,Married,2022-07-01 20:36:20.207371,2025-08-13 20:36:20.207371,Q3,385,1-3 years
1271,22,Female,Finance,Senior,1.5,1.5,4170.24,3.9,3.0,4.2,3.5,3.0,1,1,9.2,63,1,0,Remote,Bachelor,Divorced,2017-06-18 20:36:20.207371,2025-07-01 20:36:20.207371,Q2,428,1-3 years
1272,22,Female,Engineering,Junior,4.2,1.4,5143.42,4.2,3.0,3.5,2.0,4.2,0,1,18.3,34,0,0,Onsite,,Single,2024-01-03 20:36:20.207371,2025-04-16 20:36:20.207371,Q1,504,3-5 years
1273,49,Female,Engineering,Senior,0.5,0.5,5945.88,3.9,3.0,4.4,1.2,4.6,0,4,30.2,64,0,1,Onsite,High School,Married,2022-02-16 20:36:20.207371,2025-01-11 20:36:20.207371,Q1,599,<1 year
1274,28,Male,HR,Junior,1.2,1.2,5302.34,4.9,1.0,3.5,3.2,2.5,0,2,31.8,75,0,0,Hybrid,Master,Divorced,2026-02-10 20:36:20.207371,2025-05-07 20:36:20.207371,Q1,483,1-3 years
1275,22,Female,Operations,Manager,3.4,1.0,5095.84,4.9,4.0,1.8,2.8,4.0,1,2,10.9,49,0,0,Hybrid,High School,Married,2017-08-06 20:36:20.207371,2025-10-20 20:36:20.207371,Q3,317,3-5 years
1276,28,Male,Engineering,Executive,10.0,5.2,6975.92,3.2,2.0,2.5,4.4,3.5,1,1,5.3,61,0,0,Hybrid,Bachelor,Single,2023-03-31 20:36:20.207371,2026-06-19 20:36:20.207371,Q1,75,5-10 years
1277,47,Female,Engineering,Lead,2.5,0.5,5516.26,4.1,2.0,3.2,3.7,3.5,0,5,43.2,68,0,0,Hybrid,Bachelor,Married,2025-09-14 20:36:20.207371,2026-04-13 20:36:20.207371,Q3,142,1-3 years
1278,22,Male,Sales,Senior,6.4,6.4,4684.14,1.6,3.0,,4.1,4.1,1,5,9.3,174,0,0,Onsite,Master,,2025-06-05 20:36:20.207371,2026-08-09 20:36:20.207371,Q2,24,5-10 years
1279,26,Female,Operations,Senior,9.5,3.1,6409.03,3.3,3.0,2.6,2.6,3.3,1,1,3.8,48,0,0,Hybrid,Bachelor,Divorced,2017-01-25 20:36:20.207371,2025-07-29 20:36:20.207371,Q1,400,5-10 years
1280,28,Female,Engineering,Executive,10.3,3.4,5854.85,3.9,1.0,2.5,2.9,3.0,0,2,38.4,53,0,1,Hybrid,Master,Married,2021-08-24 20:36:20.207371,2025-12-10 20:36:20.207371,Q3,266,>10 years
1281,22,Non-Binary,Operations,Senior,3.8,0.5,4011.15,2.2,4.0,5.0,2.8,2.8,0,1,9.9,66,0,0,Onsite,Bachelor,Single,2025-07-08 20:36:20.207371,2022-05-07 20:36:20.207371,Q3,1579,3-5 years
1282,23,Female,Engineering,Junior,1.6,1.6,5271.06,4.8,2.0,3.4,3.8,3.7,1,4,1.9,88,1,0,Remote,Bachelor,Married,2019-05-11 20:36:20.207371,2025-09-09 20:36:20.207371,Q2,358,1-3 years
1283,22,Male,Sales,Junior,5.7,3.0,5420.4,3.3,3.0,3.5,3.8,2.8,1,3,27.7,179,0,0,Onsite,Master,Single,2021-01-04 20:36:20.207371,2026-01-12 20:36:20.207371,Q1,233,5-10 years
1284,30,Male,IT,Senior,3.9,0.2,5308.31,4.2,4.0,4.0,3.4,4.1,0,1,7.5,51,0,0,Remote,Bachelor,Single,2018-08-03 20:36:20.207371,2025-04-03 20:36:20.207371,Q3,517,3-5 years
1285,31,Female,Operations,Junior,0.8,0.8,4155.57,1.8,4.0,,3.8,3.3,1,2,1.0,55,0,0,Hybrid,Master,Married,2018-11-13 20:36:20.207371,2022-10-02 20:36:20.207371,Q4,1431,<1 year
1286,28,Female,Marketing,Junior,11.1,1.4,6100.98,2.8,4.0,3.7,4.3,4.4,0,1,3.3,88,0,0,Onsite,Bachelor,Married,2024-04-06 20:36:20.207371,2025-07-30 20:36:20.207371,Q2,399,>10 years
1287,22,Female,Sales,Lead,7.0,3.3,5232.64,4.4,3.0,2.7,4.4,3.1,0,3,14.0,74,0,0,Onsite,Bachelor,Married,2017-04-22 20:36:20.207371,2025-05-21 20:36:20.207371,Q2,469,5-10 years
1288,47,Female,Sales,Junior,0.8,0.8,4768.36,3.4,1.0,4.0,3.4,2.8,0,6,6.0,37,0,1,Remote,Master,Married,2025-11-26 20:36:20.207371,2025-05-17 20:36:20.207371,Q4,473,<1 year
1289,22,Male,Operations,Executive,4.4,2.9,4824.87,4.0,2.0,3.6,2.8,3.1,0,2,50.8,72,0,0,Onsite,High School,Married,2026-01-04 20:36:20.207371,2021-11-28 20:36:20.207371,Q1,1739,3-5 years
1290,37,Female,Sales,Junior,9.9,2.9,7616.21,3.8,3.0,,4.8,3.7,1,4,33.5,68,0,0,Onsite,Bachelor,Married,2018-02-12 20:36:20.207371,2026-02-05 20:36:20.207371,Q1,209,5-10 years
1291,24,Male,Marketing,Junior,1.1,1.1,4587.72,3.5,4.0,3.8,3.9,3.6,0,4,49.8,49,0,0,Onsite,High School,Married,2020-01-10 20:36:20.207371,2024-03-24 20:36:20.207371,Q1,892,1-3 years
1292,41,Female,Sales,Executive,4.0,3.5,,4.9,2.0,4.1,3.4,3.8,1,2,38.1,37,1,1,Onsite,Bachelor,Married,2025-08-30 20:36:20.207371,2026-05-16 20:36:20.207371,Q3,109,3-5 years
1293,44,Female,IT,Lead,3.4,0.1,5826.54,4.1,4.0,4.6,4.0,3.7,1,1,1.0,80,0,0,Hybrid,Master,Single,2023-08-30 20:36:20.207371,2026-05-23 20:36:20.207371,Q3,102,3-5 years
1294,26,Female,Engineering,Executive,11.4,0.9,6894.89,3.9,3.0,5.0,4.2,3.4,0,3,5.6,45,0,0,Remote,Master,Married,2024-04-25 20:36:20.207371,2025-11-11 20:36:20.207371,Q2,295,>10 years
1295,22,Male,Marketing,Junior,3.9,0.4,4812.0,2.8,3.0,2.9,4.0,3.1,0,1,17.0,101,0,0,Hybrid,High School,Married,2025-09-02 20:36:20.207371,2025-11-27 20:36:20.207371,Q3,279,3-5 years
1296,41,Male,Finance,Senior,4.3,0.3,6257.73,4.6,3.0,3.0,3.6,3.6,0,2,24.6,82,0,0,Onsite,High School,Married,2024-03-16 20:36:20.207371,2023-01-18 20:36:20.207371,Q1,1323,3-5 years
1297,53,Female,Finance,Lead,0.9,0.9,4804.47,4.4,1.0,,3.7,3.7,1,3,15.7,67,0,1,Hybrid,Master,Single,2021-11-19 20:36:20.207371,2025-05-27 20:36:20.207371,Q4,463,<1 year
1298,39,Male,Engineering,Junior,1.3,1.3,5447.88,1.3,1.0,2.6,2.7,2.8,0,1,5.0,45,0,0,Onsite,Bachelor,Married,2022-04-09 20:36:20.207371,2025-04-07 20:36:20.207371,Q2,513,1-3 years
1299,36,Male,HR,Executive,3.4,0.8,5740.75,3.8,3.0,3.3,3.3,3.6,0,1,1.6,57,0,1,Onsite,Bachelor,Married,2022-01-20 20:36:20.207371,2025-01-04 20:36:20.207371,Q1,606,3-5 years
1300,43,Male,Finance,Senior,0.9,0.9,5469.15,3.5,2.0,3.8,3.7,3.8,1,2,35.8,37,0,1,Onsite,Bachelor,Single,2022-01-31 20:36:20.207371,2025-12-04 20:36:20.207371,Q1,272,<1 year
1301,42,Non-Binary,Engineering,Intern,5.3,3.5,6785.55,3.1,4.0,3.0,3.7,2.6,1,2,1.0,73,0,0,Hybrid,Bachelor,Single,2021-12-19 20:36:20.207371,2026-07-18 20:36:20.207371,Q4,46,5-10 years
1302,26,Male,Operations,Junior,8.7,3.5,5768.44,4.7,2.0,5.0,2.8,4.0,0,3,16.8,55,0,0,Remote,Master,Single,2022-11-12 20:36:20.207371,2025-04-19 20:36:20.207371,Q4,501,5-10 years
1303,28,Female,Operations,Senior,2.3,2.2,4431.2,3.1,2.0,4.2,3.9,3.6,0,0,1.0,58,0,0,Hybrid,High School,Married,2025-07-01 20:36:20.207371,2026-03-04 20:36:20.207371,Q3,182,1-3 years
1304,41,Female,Operations,Senior,7.5,2.9,7358.95,3.6,4.0,2.5,3.5,3.7,0,1,12.6,10,1,0,Onsite,Bachelor,Married,2018-02-05 20:36:20.207371,2026-05-04 20:36:20.207371,Q1,121,5-10 years
1305,33,Female,Sales,Senior,22.4,5.5,8815.06,2.6,,2.9,4.6,3.0,0,2,12.6,68,1,0,Remote,Bachelor,Married,2020-09-22 20:36:20.207371,2021-12-26 20:36:20.207371,Q3,1711,>10 years
1306,48,Male,HR,Junior,7.5,3.8,6634.61,3.3,1.0,2.6,4.6,3.2,0,5,5.4,66,0,0,Hybrid,High School,Married,2018-03-01 20:36:20.207371,2025-12-05 20:36:20.207371,Q1,271,5-10 years
1307,27,Female,Operations,Lead,3.3,2.3,4607.95,,3.0,3.5,3.8,3.2,0,2,6.1,83,0,0,Remote,Bachelor,Married,2025-07-15 20:36:20.207371,2026-05-31 20:36:20.207371,Q3,94,3-5 years
1308,42,Female,Sales,Executive,9.9,1.2,,4.4,2.0,3.7,4.4,3.2,0,6,11.1,90,0,0,Onsite,,Single,2022-07-19 20:36:20.207371,2024-10-31 20:36:20.207371,Q3,671,5-10 years
1309,38,Male,Finance,Manager,2.2,0.4,5618.71,3.9,2.0,5.0,3.2,3.8,0,2,3.1,82,1,0,Onsite,Master,Married,2019-09-26 20:36:20.207371,2023-01-21 20:36:20.207371,Q3,1320,1-3 years
1310,33,Male,Engineering,Lead,4.9,4.5,6095.85,2.3,3.0,3.4,2.5,4.0,1,1,12.0,20,0,0,Onsite,Bachelor,Married,2020-04-15 20:36:20.207371,2025-09-18 20:36:20.207371,Q2,349,3-5 years
1311,46,Male,Operations,Senior,0.5,0.5,5289.39,3.6,3.0,2.7,3.3,4.8,0,1,20.8,65,0,0,Onsite,Master,Married,2022-01-01 20:36:20.207371,2023-10-29 20:36:20.207371,Q1,1039,<1 year
1312,41,Female,Operations,Senior,1.4,1.4,5735.84,4.2,3.0,3.2,4.6,2.9,1,3,41.0,65,0,1,Remote,Bachelor,Married,2021-05-29 20:36:20.207371,2024-10-28 20:36:20.207371,Q2,674,1-3 years
1313,24,Female,Marketing,Junior,1.3,1.3,4582.18,2.9,4.0,3.3,3.6,4.2,0,5,8.2,76,0,0,Onsite,Master,Married,2024-12-31 20:36:20.207371,2026-04-11 20:36:20.207371,Q4,144,1-3 years
1314,41,Female,Operations,Intern,1.2,1.2,5337.54,3.1,,3.9,2.4,4.5,1,0,9.4,68,0,0,Hybrid,Bachelor,Single,2018-02-05 20:36:20.207371,2026-03-07 20:36:20.207371,Q1,179,1-3 years
1315,48,Female,Sales,Senior,1.8,1.4,6248.51,3.4,2.0,4.6,3.1,3.8,1,2,22.9,62,0,0,Hybrid,High School,Single,2024-11-15 20:36:20.207371,2026-07-07 20:36:20.207371,Q4,57,1-3 years
1316,33,Female,Operations,Senior,4.6,3.5,6181.13,3.6,4.0,3.9,4.7,4.4,0,0,12.2,14,0,0,Hybrid,Master,Single,2024-12-18 20:36:20.207371,2025-11-15 20:36:20.207371,Q4,291,3-5 years
1317,32,Male,Finance,Junior,9.7,1.7,7333.13,3.7,2.0,3.2,4.7,4.3,1,4,33.8,54,0,0,Hybrid,Bachelor,Married,2024-03-22 20:36:20.207371,2025-04-08 20:36:20.207371,Q1,512,5-10 years
1318,28,Female,Operations,Junior,3.1,3.1,5731.12,4.4,1.0,3.7,3.3,4.1,0,2,1.0,15,0,0,Onsite,Master,Single,2022-06-11 20:36:20.207371,2024-08-18 20:36:20.207371,Q2,745,3-5 years
1319,34,Female,HR,Lead,3.7,3.7,6362.2,3.1,4.0,,3.0,2.4,1,2,6.9,89,0,1,Onsite,High School,Married,2017-08-19 20:36:20.207371,2025-05-11 20:36:20.207371,Q3,479,3-5 years
1320,41,Female,Operations,Junior,13.9,2.2,7368.53,,2.0,3.6,4.6,3.3,0,2,7.0,63,0,0,Onsite,Bachelor,Married,2020-02-24 20:36:20.207371,2023-01-08 20:36:20.207371,Q1,1333,>10 years
1321,26,Female,Operations,Senior,4.3,0.8,5202.21,3.8,4.0,3.4,3.7,3.5,0,1,11.2,55,0,1,Onsite,Master,,2021-10-26 20:36:20.207371,2023-03-02 20:36:20.207371,Q4,1280,3-5 years
1322,22,Male,Sales,Senior,7.1,0.3,5442.87,4.3,4.0,3.5,4.1,4.1,0,3,2.9,22,0,0,Onsite,Master,Single,2020-02-14 20:36:20.207371,2026-06-23 20:36:20.207371,Q1,71,5-10 years
1323,31,Male,Engineering,Junior,0.5,0.1,4455.89,4.1,4.0,3.6,3.5,4.7,0,3,43.1,53,0,0,Hybrid,Bachelor,Divorced,2025-04-06 20:36:20.207371,2025-08-11 20:36:20.207371,Q2,387,<1 year
1324,22,Male,HR,Senior,0.5,0.5,4545.6,3.7,3.0,2.3,4.9,4.1,0,2,42.7,92,0,0,Onsite,High School,Single,2017-08-08 20:36:20.207371,2026-05-24 20:36:20.207371,Q3,101,<1 year
1325,40,Male,IT,Senior,0.9,0.9,5281.19,3.4,2.0,3.2,3.5,3.0,0,1,1.4,76,0,0,Remote,Bachelor,Single,2023-06-19 20:36:20.207371,2026-08-15 20:36:20.207371,Q2,18,<1 year
1326,30,Female,HR,Senior,9.2,9.2,7935.77,4.4,3.0,,3.6,3.7,0,0,7.5,113,0,0,Onsite,Bachelor,Single,2025-06-18 20:36:20.207371,2023-09-08 20:36:20.207371,Q2,1090,5-10 years
1327,22,Male,IT,Junior,4.3,3.7,4617.66,4.0,2.0,3.2,4.2,3.7,0,2,69.8,41,0,0,Onsite,Master,Married,2019-12-29 20:36:20.207371,2025-08-01 20:36:20.207371,Q4,397,3-5 years
1328,31,Female,Marketing,Senior,4.4,0.9,4639.22,4.2,3.0,2.0,3.1,3.4,0,1,12.8,38,0,0,Onsite,Bachelor,Married,2022-08-11 20:36:20.207371,2022-11-19 20:36:20.207371,Q3,1383,3-5 years
1329,33,Female,Engineering,Intern,9.0,5.2,7209.79,3.3,3.0,4.2,3.0,4.2,0,2,2.0,79,0,0,Remote,High School,Married,2023-07-08 20:36:20.207371,2024-11-07 20:36:20.207371,Q3,664,5-10 years
1330,39,Male,HR,Lead,8.8,0.1,7030.12,2.5,3.0,3.1,4.4,3.2,0,2,7.3,44,0,0,Remote,High School,Divorced,2022-06-23 20:36:20.207371,2022-06-27 20:36:20.207371,Q2,1528,5-10 years
1331,33,Female,Engineering,Manager,5.1,4.0,5583.81,3.6,2.0,3.1,4.0,4.0,0,1,3.7,54,0,0,Onsite,High School,Married,2017-10-08 20:36:20.207371,2024-12-05 20:36:20.207371,Q4,636,5-10 years
1332,53,Male,Engineering,Junior,18.1,2.4,9264.17,4.3,2.0,4.0,4.5,4.0,0,1,11.2,86,0,0,Onsite,Master,Divorced,2017-04-02 20:36:20.207371,2026-01-27 20:36:20.207371,Q2,218,>10 years
1333,29,Male,Marketing,Senior,14.9,5.3,7039.94,3.0,2.0,4.0,4.1,3.3,0,3,10.4,84,1,0,Onsite,Master,Married,2021-04-13 20:36:20.207371,2026-07-16 20:36:20.207371,Q2,48,>10 years
1334,34,Male,Marketing,Senior,2.4,1.5,5671.19,3.5,2.0,4.0,4.0,3.7,1,2,10.6,52,1,1,Hybrid,Bachelor,Single,2025-10-24 20:36:20.207371,2023-04-16 20:36:20.207371,Q4,1235,1-3 years
1335,33,Female,Operations,Senior,1.3,0.1,6409.19,4.6,4.0,5.0,4.1,3.6,0,2,17.3,64,0,0,Remote,Bachelor,Divorced,2021-02-24 20:36:20.207371,2026-06-12 20:36:20.207371,Q1,82,1-3 years
1336,32,Female,Operations,Manager,1.4,1.4,4823.88,2.8,3.0,4.6,3.2,4.3,0,1,8.8,72,0,0,Onsite,Bachelor,Divorced,2018-01-08 20:36:20.207371,2026-06-23 20:36:20.207371,Q1,71,1-3 years
1337,36,Female,Engineering,Junior,6.9,3.1,5623.32,3.7,3.0,3.7,3.4,3.5,1,3,1.8,64,0,1,Onsite,Bachelor,Married,2019-03-14 20:36:20.207371,2025-01-31 20:36:20.207371,Q1,579,5-10 years
1338,40,Female,Operations,Executive,1.5,1.5,4985.57,3.2,,3.1,2.7,2.2,0,2,17.0,77,0,1,Onsite,Master,Married,2018-12-08 20:36:20.207371,2025-12-26 20:36:20.207371,Q4,250,1-3 years
1339,48,Male,Sales,Intern,0.5,0.5,4876.57,3.1,2.0,,3.7,2.4,1,1,11.1,31,0,0,Remote,Master,Single,2021-11-12 20:36:20.207371,2025-10-21 20:36:20.207371,Q4,316,<1 year
1340,22,Female,Marketing,Executive,0.9,0.9,4193.0,3.5,3.0,4.2,4.3,5.0,0,2,21.2,74,1,0,Remote,Bachelor,Single,2019-02-10 20:36:20.207371,2026-08-24 20:36:20.207371,Q1,9,<1 year
1341,29,Male,HR,Executive,4.1,0.7,4849.72,4.0,2.0,4.4,4.5,4.1,0,5,3.3,47,0,0,Hybrid,PhD,Divorced,2022-07-27 20:36:20.207371,2024-01-04 20:36:20.207371,Q3,972,3-5 years
1342,30,Female,Sales,Senior,2.8,0.3,5093.91,2.6,3.0,4.5,3.7,3.1,0,4,31.3,64,1,0,Hybrid,Bachelor,Married,2023-06-01 20:36:20.207371,2026-08-18 20:36:20.207371,Q2,15,1-3 years
1343,44,Non-Binary,Finance,Intern,23.6,3.5,10612.84,3.5,3.0,3.1,4.1,4.6,0,2,12.4,40,0,0,Remote,Bachelor,Single,2024-04-15 20:36:20.207371,2026-07-05 20:36:20.207371,Q2,59,>10 years
1344,31,Female,Engineering,Lead,0.8,0.8,4833.65,4.7,3.0,2.9,3.1,3.9,1,0,21.7,51,0,0,Hybrid,Bachelor,Married,2023-12-27 20:36:20.207371,2026-06-13 20:36:20.207371,Q4,81,<1 year
1345,22,Female,Operations,Junior,0.5,0.5,4158.34,4.6,1.0,4.8,4.0,3.4,0,1,7.2,35,0,0,Hybrid,Bachelor,Single,2020-05-12 20:36:20.207371,2023-04-27 20:36:20.207371,Q2,1224,<1 year
1346,35,Male,Finance,Senior,5.5,3.1,6336.42,3.9,,3.0,3.6,3.1,1,4,17.6,56,0,1,Hybrid,,Divorced,2023-08-14 20:36:20.207371,2026-03-11 20:36:20.207371,Q3,175,5-10 years
1347,34,Female,Engineering,Executive,0.5,0.1,4480.01,3.7,3.0,4.0,3.0,2.9,0,4,9.1,74,0,1,Hybrid,Bachelor,,2019-04-25 20:36:20.207371,2023-05-30 20:36:20.207371,Q2,1191,<1 year
1348,36,Female,HR,Manager,7.6,3.8,5356.44,1.0,4.0,4.7,4.9,4.4,0,0,6.9,16,0,0,Onsite,Bachelor,Married,2026-04-07 20:36:20.207371,2024-06-05 20:36:20.207371,Q2,819,5-10 years
1349,24,Male,Marketing,Senior,1.2,1.2,3902.52,1.4,2.0,3.5,4.0,4.0,1,2,26.2,20,0,0,Remote,Bachelor,Married,2017-10-07 20:36:20.207371,2026-03-22 20:36:20.207371,Q4,164,1-3 years
1350,52,Female,Sales,Executive,2.2,2.2,6194.14,3.5,4.0,3.5,4.5,4.3,0,0,12.3,69,0,0,Hybrid,Bachelor,Married,2017-11-21 20:36:20.207371,2024-07-04 20:36:20.207371,Q4,790,1-3 years
1351,31,Male,Sales,Manager,13.6,0.2,7481.81,3.0,3.0,3.3,3.1,3.8,0,1,24.8,43,0,1,Hybrid,Bachelor,Married,2017-05-17 20:36:20.207371,2025-07-26 20:36:20.207371,Q2,403,>10 years
1352,33,Female,Engineering,Manager,1.4,1.4,5024.64,1.6,3.0,3.6,3.7,3.4,1,2,1.4,81,0,1,Remote,Master,Single,2026-06-12 20:36:20.207371,2024-09-09 20:36:20.207371,Q2,723,1-3 years
1353,25,Male,Operations,Senior,0.7,0.7,4845.67,3.7,1.0,2.8,3.6,3.5,0,3,1.0,29,0,0,Onsite,Bachelor,Married,2017-04-27 20:36:20.207371,2023-04-07 20:36:20.207371,Q2,1244,<1 year
1354,25,Female,Finance,Manager,3.3,3.3,5841.71,3.9,3.0,4.2,3.4,3.7,0,1,17.1,63,0,0,Hybrid,High School,Married,2019-05-23 20:36:20.207371,2024-05-04 20:36:20.207371,Q2,851,3-5 years
1355,22,Male,Finance,Junior,1.4,0.3,5171.99,3.7,4.0,2.0,3.9,4.1,0,0,10.4,81,1,0,Remote,Master,Single,2025-09-13 20:36:20.207371,2026-07-07 20:36:20.207371,Q3,57,1-3 years
1356,31,Female,IT,Junior,0.9,0.9,5144.81,3.1,3.0,4.3,3.6,3.9,0,4,1.2,44,0,1,Onsite,Master,Married,2022-08-06 20:36:20.207371,2024-03-08 20:36:20.207371,Q3,908,<1 year
1357,25,Male,Operations,Lead,2.0,1.6,5401.24,3.1,3.0,3.4,3.2,4.3,1,1,80.0,85,0,1,Onsite,PhD,Married,2019-08-20 20:36:20.207371,2026-03-25 20:36:20.207371,Q3,161,1-3 years
1358,55,Female,Engineering,Executive,3.4,1.3,5369.07,4.4,3.0,4.8,4.8,2.9,0,1,20.2,69,1,0,Remote,Master,Married,2020-03-08 20:36:20.207371,2025-01-22 20:36:20.207371,Q1,588,3-5 years
1359,22,Male,Operations,Manager,0.5,0.5,4316.73,4.0,3.0,1.4,2.7,2.6,0,2,7.1,58,0,0,Onsite,Master,,2017-08-08 20:36:20.207371,2026-03-14 20:36:20.207371,Q3,172,<1 year
1360,23,Female,Engineering,Junior,0.5,0.3,4318.24,3.3,1.0,4.3,2.3,3.2,0,3,2.7,67,0,0,Remote,Master,Single,2016-09-11 20:36:20.207371,2026-08-26 20:36:20.207371,Q3,7,<1 year
1361,30,Male,Finance,Lead,1.0,0.9,4565.58,2.9,2.0,2.7,4.6,3.2,1,3,30.1,70,0,1,Remote,Bachelor,Married,2024-08-19 20:36:20.207371,2025-07-24 20:36:20.207371,Q3,405,<1 year
1362,41,Female,Engineering,Junior,0.5,0.5,,2.8,1.0,,3.1,3.6,0,2,21.7,90,0,0,Onsite,Bachelor,Married,2019-10-30 20:36:20.207371,2026-01-14 20:36:20.207371,Q4,231,<1 year
1363,30,Male,HR,Senior,0.8,0.1,4854.47,3.7,3.0,3.8,2.9,3.1,0,3,19.4,41,0,0,Onsite,Bachelor,Married,2018-07-06 20:36:20.207371,2025-09-12 20:36:20.207371,Q3,355,<1 year
1364,41,Non-Binary,Marketing,Junior,6.8,0.7,7090.5,4.2,2.0,3.1,5.0,3.2,0,3,36.8,72,0,0,Remote,Master,Single,2017-05-05 20:36:20.207371,2025-06-15 20:36:20.207371,Q2,444,5-10 years
1365,25,Female,Operations,Senior,3.6,1.3,5545.62,3.8,3.0,3.8,3.2,4.0,0,3,1.0,104,0,0,Remote,Master,Single,2017-06-05 20:36:20.207371,2025-09-12 20:36:20.207371,Q2,355,3-5 years
1366,35,Female,Sales,Executive,1.8,1.0,5585.0,3.0,4.0,3.7,4.0,3.7,1,4,1.0,73,0,1,Onsite,Bachelor,Married,2023-05-19 20:36:20.207371,2025-05-05 20:36:20.207371,Q2,485,1-3 years
1367,52,Male,Sales,Executive,2.8,2.8,6839.65,2.6,3.0,3.2,2.9,3.8,1,1,2.1,48,0,0,Hybrid,Bachelor,Married,2017-09-01 20:36:20.207371,2025-08-19 20:36:20.207371,Q3,379,1-3 years
1368,25,Non-Binary,HR,Junior,4.2,2.5,5733.22,3.4,4.0,3.9,2.2,4.1,0,2,1.5,68,0,0,Remote,PhD,Single,2021-04-08 20:36:20.207371,2025-04-07 20:36:20.207371,Q2,513,3-5 years
1369,39,Female,Finance,Junior,6.8,1.8,6023.4,3.4,4.0,2.7,3.9,4.1,1,1,35.0,52,1,0,Hybrid,Master,Single,2020-02-03 20:36:20.207371,2021-03-12 20:36:20.207371,Q1,2000,5-10 years
1370,37,Female,Engineering,Manager,17.2,1.4,8187.41,4.0,4.0,3.2,2.8,4.3,0,0,5.2,66,1,1,Hybrid,PhD,Married,2021-03-17 20:36:20.207371,2025-04-09 20:36:20.207371,Q1,511,>10 years
1371,22,Female,Operations,Lead,25.0,2.0,8687.72,3.0,3.0,3.0,3.0,3.8,0,4,6.2,52,0,0,Onsite,High School,Divorced,2023-11-12 20:36:20.207371,2025-11-27 20:36:20.207371,Q4,279,>10 years
1372,29,Male,Engineering,Lead,0.5,0.3,4525.89,,2.0,2.4,2.4,3.6,0,3,41.7,56,0,0,Onsite,PhD,Single,2022-10-06 20:36:20.207371,2026-01-13 20:36:20.207371,Q4,232,<1 year
1373,46,Male,Sales,Senior,6.2,1.9,7514.91,5.0,2.0,3.2,3.4,3.7,0,2,10.3,85,0,0,Remote,High School,Single,2018-12-13 20:36:20.207371,2025-07-11 20:36:20.207371,Q4,418,5-10 years
1374,36,Female,Operations,Junior,0.5,0.5,4781.15,3.8,1.0,4.4,3.5,3.8,0,0,4.7,39,0,0,Remote,Bachelor,Single,2019-10-30 20:36:20.207371,2026-08-21 20:36:20.207371,Q4,12,<1 year
1375,22,Male,HR,Senior,2.1,1.9,4765.6,2.9,3.0,2.6,3.3,3.9,0,1,12.9,51,0,0,Onsite,PhD,Divorced,2021-01-21 20:36:20.207371,2026-02-06 20:36:20.207371,Q1,208,1-3 years
1376,41,Female,Finance,Executive,5.8,0.5,5682.76,3.0,3.0,1.8,3.7,3.2,1,0,17.4,66,0,0,Onsite,Master,Single,2020-07-10 20:36:20.207371,2026-02-14 20:36:20.207371,Q3,200,5-10 years
1377,30,Female,Engineering,Manager,1.8,1.0,4703.23,2.8,2.0,2.2,3.9,3.9,1,1,4.1,42,0,0,Onsite,Bachelor,Married,2018-10-18 20:36:20.207371,2026-08-17 20:36:20.207371,Q4,16,1-3 years
1378,38,Female,Operations,Intern,7.4,0.1,6355.35,3.0,3.0,2.2,4.8,2.5,0,1,2.1,68,0,0,Onsite,Bachelor,Married,2024-05-19 20:36:20.207371,2024-10-24 20:36:20.207371,Q2,678,5-10 years
1379,38,Female,Finance,Intern,7.0,3.9,7383.79,3.8,3.0,3.7,2.9,3.6,0,0,16.5,63,0,0,Onsite,High School,Married,2025-01-03 20:36:20.207371,2026-03-12 20:36:20.207371,Q1,174,5-10 years
1380,23,Female,Finance,Intern,5.9,1.5,4487.1,4.1,4.0,2.9,3.4,4.2,1,1,4.8,78,0,1,Remote,Bachelor,Divorced,2022-09-22 20:36:20.207371,2023-08-17 20:36:20.207371,Q3,1112,5-10 years
1381,42,Female,Engineering,Lead,1.1,0.5,5587.04,2.8,3.0,4.5,4.3,4.3,0,2,1.0,36,0,0,Hybrid,Master,Single,2019-02-25 20:36:20.207371,2026-02-17 20:36:20.207371,Q1,197,1-3 years
1382,24,Female,IT,Executive,2.5,2.5,5698.44,4.7,1.0,4.8,4.1,2.7,0,2,1.8,52,0,1,Onsite,Bachelor,Single,2019-05-09 20:36:20.207371,2026-07-30 20:36:20.207371,Q2,34,1-3 years
1383,22,Male,IT,Junior,5.8,5.1,4885.31,3.4,2.0,3.0,2.8,3.1,1,1,9.8,59,0,1,Onsite,Bachelor,Married,2017-07-23 20:36:20.207371,2025-03-14 20:36:20.207371,Q3,537,5-10 years
1384,26,Male,Finance,Senior,14.9,0.5,7242.47,4.8,,3.3,2.3,3.1,1,0,18.8,68,0,0,Remote,Master,Married,2024-03-03 20:36:20.207371,2023-01-02 20:36:20.207371,Q1,1339,>10 years
1385,31,Male,Sales,Manager,4.6,1.4,5282.43,5.0,2.0,,3.9,4.9,0,3,23.1,73,0,0,Remote,Master,Married,2025-04-27 20:36:20.207371,2023-08-01 20:36:20.207371,Q2,1128,3-5 years
1386,36,Male,Operations,Manager,1.0,1.0,5542.16,2.5,3.0,3.5,3.3,4.3,1,4,3.2,41,0,0,Hybrid,High School,Married,2024-12-20 20:36:20.207371,2026-07-25 20:36:20.207371,Q4,39,<1 year
1387,27,Male,Engineering,Junior,1.1,1.1,4669.82,4.9,3.0,3.6,3.1,4.5,0,2,1.0,81,0,0,Hybrid,Bachelor,Divorced,2022-06-16 20:36:20.207371,2025-08-24 20:36:20.207371,Q2,374,1-3 years
1388,42,Female,IT,Manager,0.6,0.6,5944.33,2.8,3.0,3.9,3.0,4.7,1,3,13.3,50,1,0,Onsite,Bachelor,Married,2024-01-30 20:36:20.207371,2026-02-14 20:36:20.207371,Q1,200,<1 year
1389,37,Male,Marketing,Lead,2.4,2.0,6055.34,3.7,1.0,,3.0,3.3,0,2,23.4,97,1,0,Onsite,Bachelor,,2025-03-17 20:36:20.207371,2026-05-16 20:36:20.207371,Q1,109,1-3 years
1390,28,Female,Sales,Junior,20.5,1.0,8758.28,2.8,4.0,2.1,4.9,3.9,0,1,20.6,36,0,0,Onsite,Bachelor,Single,2025-09-30 20:36:20.207371,2025-01-09 20:36:20.207371,Q3,601,>10 years
1391,43,Male,Operations,Lead,8.3,3.1,7041.53,4.1,4.0,2.4,2.7,3.1,0,5,7.0,61,0,0,Hybrid,High School,Married,2025-02-11 20:36:20.207371,2026-07-04 20:36:20.207371,Q1,60,5-10 years
1392,46,Female,Engineering,Junior,1.2,1.2,,2.9,4.0,3.6,3.8,2.6,1,1,7.4,47,0,0,Onsite,Bachelor,Married,2019-07-11 20:36:20.207371,2026-06-29 20:36:20.207371,Q3,65,1-3 years
1393,34,Female,Engineering,Executive,5.0,0.1,6143.41,3.6,3.0,3.4,3.2,3.6,0,3,27.6,57,0,0,Hybrid,Master,,2025-04-16 20:36:20.207371,2026-07-07 20:36:20.207371,Q2,57,3-5 years
1394,32,Male,Engineering,Lead,2.8,0.4,4986.89,3.2,3.0,3.1,3.9,4.7,1,2,21.0,50,0,0,Onsite,,Married,2025-04-15 20:36:20.207371,2025-05-30 20:36:20.207371,Q2,460,1-3 years
1395,22,Female,IT,Senior,3.7,3.7,5340.97,2.9,2.0,4.1,2.3,2.8,0,0,12.3,51,1,0,Onsite,PhD,Married,2025-10-11 20:36:20.207371,2026-08-21 20:36:20.207371,Q4,12,3-5 years
1396,30,Male,Sales,Intern,2.9,2.9,4733.67,3.1,2.0,2.6,2.7,3.6,1,4,59.5,63,0,1,Hybrid,Master,Single,2023-12-03 20:36:20.207371,2025-03-18 20:36:20.207371,Q4,533,1-3 years
1397,32,Non-Binary,HR,Lead,15.6,4.6,7562.07,4.7,3.0,2.8,4.2,4.2,1,0,16.3,11,0,0,Onsite,Master,Married,2022-11-23 20:36:20.207371,2023-06-24 20:36:20.207371,Q4,1166,>10 years
1398,37,Female,Marketing,Junior,0.5,0.5,5222.89,3.1,2.0,3.0,3.3,3.2,1,1,6.9,54,0,0,Onsite,Bachelor,Divorced,2023-11-29 20:36:20.207371,2021-03-12 20:36:20.207371,Q4,2000,<1 year
1399,33,Male,Operations,Intern,2.3,2.3,4990.2,4.4,4.0,3.8,2.9,3.5,0,2,11.7,82,0,0,Hybrid,Bachelor,Married,2020-11-21 20:36:20.207371,2023-08-06 20:36:20.207371,Q4,1123,1-3 years
1400,37,Female,HR,Manager,10.7,0.6,6086.76,2.7,2.0,5.0,3.7,2.7,1,2,11.5,64,0,0,Remote,PhD,Married,2016-09-12 20:36:20.207371,2026-04-19 20:36:20.207371,Q3,136,>10 years
1401,50,Female,Engineering,Junior,0.5,0.5,5633.96,3.6,3.0,2.9,3.9,2.8,1,0,28.9,51,0,0,Hybrid,Master,Married,2019-04-07 20:36:20.207371,2021-06-20 20:36:20.207371,Q2,1900,<1 year
1402,29,Female,Finance,Intern,5.7,1.8,6480.9,3.7,2.0,4.0,3.8,4.1,1,0,35.5,58,0,0,Onsite,Master,Single,2022-02-03 20:36:20.207371,2025-10-29 20:36:20.207371,Q1,308,5-10 years
1403,30,Female,Engineering,Junior,0.5,0.4,5029.34,3.8,3.0,3.1,3.2,3.5,1,6,38.4,63,0,0,Hybrid,,Single,2019-05-23 20:36:20.207371,2022-08-05 20:36:20.207371,Q2,1489,<1 year
1404,22,Male,Operations,Senior,6.6,6.6,5825.86,3.3,4.0,4.0,3.9,2.9,1,1,10.1,57,1,0,Onsite,Bachelor,Married,2021-06-16 20:36:20.207371,2024-09-27 20:36:20.207371,Q2,705,5-10 years
1405,34,Male,HR,Executive,3.7,1.8,5556.16,3.7,2.0,3.9,2.9,4.0,1,2,20.9,20,0,0,Onsite,Master,Married,2023-03-12 20:36:20.207371,2026-05-07 20:36:20.207371,Q1,118,3-5 years
1406,44,Female,Operations,Junior,0.8,0.3,4978.39,4.1,4.0,,4.0,3.9,0,3,9.5,68,0,0,Remote,Bachelor,Single,2024-12-31 20:36:20.207371,2025-12-23 20:36:20.207371,Q4,253,<1 year
1407,22,Female,HR,Junior,2.4,1.4,5632.19,2.8,1.0,2.2,4.1,3.0,1,0,49.7,29,0,1,Onsite,Master,Married,2021-11-14 20:36:20.207371,2024-01-02 20:36:20.207371,Q4,974,1-3 years
1408,28,Male,Marketing,Manager,0.7,0.6,5363.77,4.0,3.0,3.3,2.3,3.3,0,0,13.8,28,0,0,Hybrid,Master,Married,2025-10-07 20:36:20.207371,2026-06-04 20:36:20.207371,Q4,90,<1 year
1409,35,Male,Operations,Lead,6.7,1.2,5818.91,3.1,3.0,2.9,4.4,4.9,0,4,12.8,54,0,0,Hybrid,Bachelor,Married,2021-08-11 20:36:20.207371,2026-07-22 20:36:20.207371,Q3,42,5-10 years
1410,43,Female,Operations,Junior,1.7,1.7,6078.39,1.8,1.0,3.9,3.8,3.7,0,2,37.0,61,0,0,Onsite,Bachelor,Married,2022-03-23 20:36:20.207371,2025-03-12 20:36:20.207371,Q1,539,1-3 years
1411,38,Male,Operations,Senior,1.0,0.1,5565.51,4.7,3.0,2.7,3.3,5.0,0,1,5.6,75,0,0,Hybrid,Bachelor,Single,2017-12-23 20:36:20.207371,2026-09-02 20:36:20.207371,Q4,0,<1 year
1412,38,Male,Engineering,Executive,0.5,0.5,5035.25,2.4,3.0,4.0,3.6,3.5,0,6,10.2,56,0,0,Onsite,Bachelor,Married,2019-05-13 20:36:20.207371,2026-05-29 20:36:20.207371,Q2,96,<1 year
1413,32,Non-Binary,Finance,Senior,9.7,1.1,6744.66,3.9,3.0,3.1,3.4,3.4,0,2,1.0,44,0,0,Remote,Master,Married,2021-12-13 20:36:20.207371,2025-10-27 20:36:20.207371,Q4,310,5-10 years
1414,39,Male,Operations,Manager,3.2,1.3,5349.1,3.1,4.0,4.9,4.4,2.4,0,3,2.6,81,0,0,Onsite,Bachelor,Single,2019-07-27 20:36:20.207371,2024-03-06 20:36:20.207371,Q3,910,3-5 years
1415,45,Female,Engineering,Junior,1.6,1.6,5704.63,3.2,3.0,4.6,3.5,4.0,0,1,1.8,66,1,0,Onsite,Master,Married,2021-03-25 20:36:20.207371,2026-06-12 20:36:20.207371,Q1,82,1-3 years
1416,22,Female,Sales,Intern,3.4,3.4,4665.3,4.3,3.0,3.4,3.5,3.6,0,3,55.8,60,0,0,Remote,Bachelor,Married,2016-10-03 20:36:20.207371,2024-07-26 20:36:20.207371,Q4,768,3-5 years
1417,42,Male,IT,Manager,0.7,0.7,4531.23,4.4,4.0,3.3,4.2,2.2,1,2,2.9,73,0,0,Remote,PhD,Married,2021-08-03 20:36:20.207371,2025-07-05 20:36:20.207371,Q3,424,<1 year
1418,34,Male,IT,Intern,0.5,0.5,4986.27,3.8,1.0,3.5,2.4,3.0,0,1,18.9,52,0,0,Onsite,Master,Married,2017-02-05 20:36:20.207371,2025-05-11 20:36:20.207371,Q1,479,<1 year
1419,29,Female,Finance,Junior,8.1,3.3,5877.89,3.3,1.0,3.7,2.4,3.5,1,4,7.5,88,0,0,Hybrid,Bachelor,Single,2021-11-04 20:36:20.207371,2026-06-03 20:36:20.207371,Q4,91,5-10 years
1420,22,Female,HR,Junior,3.8,0.9,5470.9,5.0,2.0,3.9,3.6,2.8,1,2,8.1,63,0,0,Onsite,Bachelor,Married,2017-02-19 20:36:20.207371,2026-02-10 20:36:20.207371,Q1,204,3-5 years
1421,22,Female,IT,Junior,0.9,0.9,4424.89,4.8,2.0,2.9,3.0,4.0,1,3,38.2,75,0,0,Hybrid,Bachelor,Married,2023-09-24 20:36:20.207371,2025-12-23 20:36:20.207371,Q3,253,<1 year
1422,51,Female,Operations,Senior,3.1,2.6,6012.77,2.5,3.0,5.0,3.6,3.4,0,3,20.7,89,1,0,Onsite,Master,Single,2018-08-21 20:36:20.207371,2025-02-17 20:36:20.207371,Q3,562,3-5 years
1423,28,Female,Engineering,Senior,0.9,0.9,6183.62,4.6,3.0,3.0,3.9,2.8,0,1,8.1,84,0,0,Hybrid,Master,Married,2025-08-25 20:36:20.207371,2024-12-23 20:36:20.207371,Q3,618,<1 year
1424,24,Non-Binary,Operations,Manager,2.5,2.3,4934.3,2.0,4.0,3.0,3.8,3.4,0,1,1.0,76,0,0,Remote,PhD,Married,2017-08-10 20:36:20.207371,2025-08-20 20:36:20.207371,Q3,378,1-3 years
1425,30,Female,Operations,Manager,1.6,1.6,5749.78,3.8,2.0,2.7,3.7,3.8,1,6,9.4,90,0,0,Remote,Master,Married,2020-12-02 20:36:20.207371,2025-02-08 20:36:20.207371,Q4,571,1-3 years
1426,27,Female,HR,Lead,5.8,0.4,5592.53,4.3,1.0,3.9,3.8,4.7,1,1,4.4,95,0,0,Onsite,Bachelor,Single,2024-09-01 20:36:20.207371,2025-11-24 20:36:20.207371,Q3,282,5-10 years
1427,36,Male,Engineering,Junior,3.2,0.9,5354.04,2.5,2.0,2.7,3.2,4.5,0,1,1.2,69,1,0,Onsite,Master,Single,2023-01-17 20:36:20.207371,2024-04-14 20:36:20.207371,Q1,871,3-5 years
1428,50,Male,Engineering,Senior,0.6,0.6,5253.56,3.1,1.0,,2.8,4.6,1,3,9.7,61,0,1,Onsite,PhD,Married,2017-11-04 20:36:20.207371,2026-07-17 20:36:20.207371,Q4,47,<1 year
1429,29,Female,HR,Executive,2.1,0.1,5040.02,2.3,3.0,3.7,2.8,4.6,0,0,20.4,71,0,0,Onsite,,Divorced,2026-07-29 20:36:20.207371,2026-04-09 20:36:20.207371,Q3,146,1-3 years
1430,36,Non-Binary,Operations,Executive,6.2,5.8,5779.46,3.3,1.0,,2.4,4.2,0,4,12.6,57,0,0,Onsite,PhD,Married,2023-11-12 20:36:20.207371,2026-04-05 20:36:20.207371,Q4,150,5-10 years
1431,23,Non-Binary,Engineering,Junior,0.5,0.5,5276.48,4.8,2.0,3.9,3.8,3.6,0,2,30.6,76,0,0,Remote,High School,Married,2021-02-10 20:36:20.207371,2024-04-17 20:36:20.207371,Q1,868,<1 year
1432,50,Female,Sales,Junior,1.7,1.7,7224.05,3.7,3.0,2.8,3.3,3.9,0,1,12.3,78,1,1,Remote,Bachelor,Married,2021-10-26 20:36:20.207371,2022-01-14 20:36:20.207371,Q4,1692,1-3 years
1433,36,Male,Engineering,Junior,0.8,0.8,4751.57,3.2,2.0,5.0,3.5,3.3,0,1,8.9,63,0,0,Onsite,Master,Single,2019-01-01 20:36:20.207371,2024-12-17 20:36:20.207371,Q1,624,<1 year
1434,24,Male,Sales,Junior,12.2,4.1,6496.23,2.0,2.0,3.3,3.4,3.8,0,7,9.1,37,0,0,Onsite,Bachelor,Single,2020-03-01 20:36:20.207371,2025-12-10 20:36:20.207371,Q1,266,>10 years
1435,44,Female,Operations,Senior,2.2,2.0,5820.75,4.2,3.0,2.7,3.5,3.6,0,2,7.0,71,0,0,Onsite,High School,Married,2022-03-05 20:36:20.207371,2024-07-01 20:36:20.207371,Q1,793,1-3 years
1436,46,Male,Marketing,Intern,3.2,3.2,,3.7,3.0,2.5,3.2,4.2,0,1,20.9,47,0,0,Onsite,Bachelor,Single,2018-06-09 20:36:20.207371,2024-01-06 20:36:20.207371,Q2,970,3-5 years
1437,36,Male,IT,Manager,2.3,2.3,,1.7,4.0,3.0,3.6,3.9,0,4,30.9,15,0,0,Onsite,Master,Single,2022-09-20 20:36:20.207371,2026-08-03 20:36:20.207371,Q3,30,1-3 years
1438,22,Female,Engineering,Lead,1.6,0.5,5577.97,3.8,1.0,2.8,3.5,4.2,0,0,31.8,29,0,1,Onsite,Master,Divorced,2025-07-26 20:36:20.207371,2026-06-12 20:36:20.207371,Q3,82,1-3 years
1439,52,Male,HR,Junior,15.5,1.0,8963.67,3.9,1.0,2.6,2.6,3.6,1,2,4.2,78,1,1,Hybrid,Bachelor,Single,2023-11-24 20:36:20.207371,2025-10-11 20:36:20.207371,Q4,326,>10 years
1440,38,Male,Operations,Lead,7.7,0.7,,2.6,4.0,3.2,4.6,3.3,0,3,28.0,65,0,0,Remote,Master,Single,2022-05-09 20:36:20.207371,2025-04-01 20:36:20.207371,Q2,519,5-10 years
1441,46,Male,Sales,Junior,0.5,0.5,5490.34,2.8,1.0,3.5,4.7,3.9,0,3,2.5,69,0,0,Onsite,Master,Divorced,2025-01-04 20:36:20.207371,2024-09-14 20:36:20.207371,Q1,718,<1 year
1442,29,Male,Engineering,Junior,6.1,0.2,5207.88,2.2,3.0,2.2,3.4,4.0,0,5,19.6,49,0,0,Hybrid,High School,Married,2018-02-24 20:36:20.207371,2025-10-01 20:36:20.207371,Q1,336,5-10 years
1443,31,Male,Engineering,Senior,2.9,0.2,4582.9,2.9,3.0,3.3,2.9,2.8,0,4,16.4,56,0,1,Onsite,,Divorced,2017-09-23 20:36:20.207371,2025-06-26 20:36:20.207371,Q3,433,1-3 years
1444,36,Female,Sales,Junior,1.4,1.4,5247.57,3.5,3.0,2.9,3.8,4.2,0,2,1.6,54,0,0,Onsite,Master,Married,2019-07-23 20:36:20.207371,2026-04-24 20:36:20.207371,Q3,131,1-3 years
1445,46,Male,Finance,Lead,9.4,1.4,,4.2,1.0,3.7,2.7,3.7,0,3,10.5,54,0,0,Remote,Bachelor,Married,2020-12-16 20:36:20.207371,2025-06-06 20:36:20.207371,Q4,453,5-10 years
1446,36,Non-Binary,Operations,Junior,11.5,6.3,7287.84,3.3,4.0,3.1,3.7,3.5,0,1,14.5,73,1,0,Hybrid,Bachelor,Married,2020-10-16 20:36:20.207371,2026-01-26 20:36:20.207371,Q4,219,>10 years
1447,22,Male,HR,Intern,9.3,2.5,5273.38,3.0,3.0,2.0,3.7,3.0,0,5,4.1,74,0,1,Onsite,PhD,Married,2018-01-01 20:36:20.207371,2025-10-08 20:36:20.207371,Q1,329,5-10 years
1448,37,Male,Engineering,Executive,16.7,5.4,8195.02,4.5,2.0,3.1,3.2,3.9,0,0,10.3,74,0,1,Remote,Bachelor,Married,2019-05-21 20:36:20.207371,2025-11-23 20:36:20.207371,Q2,283,>10 years
1449,51,Male,Marketing,Junior,7.1,0.2,7187.66,3.1,2.0,4.4,3.4,3.9,1,2,38.6,53,1,0,Onsite,Master,Married,2021-06-24 20:36:20.207371,2026-08-15 20:36:20.207371,Q2,18,5-10 years
1450,35,Male,Marketing,Senior,4.0,3.3,5234.26,2.6,3.0,4.6,3.8,3.8,0,1,2.0,66,0,0,Onsite,Master,Single,2021-06-24 20:36:20.207371,2023-03-21 20:36:20.207371,Q2,1261,3-5 years
1451,36,Female,Finance,Junior,0.7,0.1,5976.63,4.1,2.0,3.1,3.5,3.8,1,2,3.8,71,0,0,Hybrid,Master,Single,2016-11-23 20:36:20.207371,2026-01-02 20:36:20.207371,Q4,243,<1 year
1452,22,Non-Binary,Engineering,Senior,4.8,4.8,5509.44,4.3,1.0,3.2,2.9,3.6,0,1,15.2,60,0,0,Hybrid,Master,Married,2026-07-10 20:36:20.207371,2024-12-08 20:36:20.207371,Q3,633,3-5 years
1453,22,Female,Finance,Senior,0.5,0.5,3489.6,4.0,4.0,4.1,1.6,3.9,0,3,29.5,32,0,0,Hybrid,Bachelor,Married,2025-01-11 20:36:20.207371,2024-10-03 20:36:20.207371,Q1,699,<1 year
1454,28,Male,IT,Executive,3.5,2.5,,4.4,2.0,1.8,3.4,3.9,0,3,21.5,105,0,0,Onsite,PhD,Married,2024-02-02 20:36:20.207371,2026-02-04 20:36:20.207371,Q1,210,3-5 years
1455,31,Male,Finance,Junior,15.2,5.4,7564.15,4.6,3.0,3.0,3.5,4.9,1,3,1.5,84,1,0,Onsite,High School,Married,2025-05-10 20:36:20.207371,2023-07-25 20:36:20.207371,Q2,1135,>10 years
1456,36,Female,Sales,Executive,6.2,4.0,6147.48,3.3,3.0,2.9,3.0,3.4,1,2,3.6,93,0,0,Onsite,Master,Single,2019-08-08 20:36:20.207371,2025-11-26 20:36:20.207371,Q3,280,5-10 years
1457,36,Male,Finance,Intern,3.5,3.5,6079.22,3.8,1.0,3.7,5.0,4.9,1,2,12.4,59,1,0,Onsite,Bachelor,Single,2020-01-13 20:36:20.207371,2024-06-26 20:36:20.207371,Q1,798,3-5 years
1458,51,Male,Sales,Senior,1.1,0.1,4866.12,3.2,3.0,2.3,4.1,1.7,1,1,1.0,29,0,1,Onsite,PhD,Married,2022-06-19 20:36:20.207371,2026-08-26 20:36:20.207371,Q2,7,1-3 years
1459,35,Female,IT,Manager,5.0,2.6,5291.41,3.5,3.0,2.6,5.0,3.2,1,3,19.2,40,1,0,Onsite,High School,,2024-01-12 20:36:20.207371,2023-10-07 20:36:20.207371,Q1,1061,3-5 years
1460,45,Female,Marketing,Senior,5.2,5.2,6305.42,4.1,3.0,2.9,3.5,3.6,1,6,4.8,12,1,1,Onsite,PhD,Single,2019-12-17 20:36:20.207371,2025-08-16 20:36:20.207371,Q4,382,5-10 years
1461,34,Male,HR,Senior,3.4,2.1,5712.16,3.4,1.0,2.8,4.2,5.0,0,0,35.8,66,0,1,Hybrid,Master,Married,2025-03-01 20:36:20.207371,2026-08-18 20:36:20.207371,Q1,15,3-5 years
1462,49,Female,Finance,Junior,2.7,2.4,6904.69,4.0,1.0,2.3,3.9,3.8,1,2,3.0,49,1,0,Onsite,Master,Married,2023-05-13 20:36:20.207371,2025-08-15 20:36:20.207371,Q2,383,1-3 years
1463,22,Female,Marketing,Junior,0.5,0.1,,4.2,1.0,,4.3,3.8,1,2,6.0,78,0,0,Hybrid,Bachelor,Single,2017-01-11 20:36:20.207371,2025-05-03 20:36:20.207371,Q1,487,<1 year
1464,29,Female,Sales,Junior,20.0,0.2,7986.17,4.0,3.0,4.3,2.8,3.8,1,2,1.4,55,0,0,Hybrid,Master,Single,2022-10-22 20:36:20.207371,2026-08-04 20:36:20.207371,Q4,29,>10 years
1465,44,Male,Operations,Manager,1.5,1.5,5969.41,4.2,3.0,4.3,3.4,2.6,0,2,72.7,66,0,0,Onsite,Master,Married,2017-09-20 20:36:20.207371,2025-11-01 20:36:20.207371,Q3,305,1-3 years
1466,33,Male,Finance,Junior,0.5,0.5,5098.24,3.9,3.0,3.6,4.2,4.2,0,0,15.8,62,0,0,Onsite,Master,Divorced,2025-04-09 20:36:20.207371,2026-04-19 20:36:20.207371,Q2,136,<1 year
1467,44,Male,Finance,Junior,1.0,0.2,5319.9,3.0,2.0,4.8,3.5,3.9,0,1,25.4,33,0,0,Onsite,Bachelor,Married,2025-12-25 20:36:20.207371,2023-06-18 20:36:20.207371,Q4,1172,<1 year
1468,38,Non-Binary,Marketing,Manager,3.7,0.4,5934.16,2.9,2.0,4.6,3.8,3.7,0,2,10.8,12,0,0,Onsite,High School,Married,2022-03-17 20:36:20.207371,2024-03-18 20:36:20.207371,Q1,898,3-5 years
1469,44,Male,Operations,Senior,0.9,0.3,5125.34,3.5,3.0,1.5,4.6,4.8,0,1,16.6,55,0,0,Onsite,PhD,Married,2016-09-23 20:36:20.207371,2025-02-06 20:36:20.207371,Q3,573,<1 year
1470,41,Non-Binary,Finance,Junior,0.8,0.8,5212.34,,1.0,2.8,3.6,4.2,1,0,19.6,62,0,0,Onsite,Bachelor,,2025-06-08 20:36:20.207371,2026-07-09 20:36:20.207371,Q2,55,<1 year
1471,41,Female,HR,Junior,2.7,1.8,6530.17,4.5,3.0,2.9,2.8,3.7,0,1,2.1,34,1,1,Remote,Bachelor,Married,2017-03-04 20:36:20.207371,2026-07-01 20:36:20.207371,Q1,63,1-3 years
1472,49,Male,Engineering,Senior,4.8,4.1,6783.69,3.3,3.0,4.1,4.3,3.8,1,3,56.5,80,0,1,Hybrid,Master,Married,2022-09-04 20:36:20.207371,2026-02-11 20:36:20.207371,Q3,203,3-5 years
1473,44,Female,Marketing,Junior,1.7,1.7,4378.09,3.6,2.0,3.1,4.1,3.4,0,2,18.3,80,0,0,Hybrid,Bachelor,Single,2020-02-06 20:36:20.207371,2026-01-29 20:36:20.207371,Q1,216,1-3 years
1474,44,Female,Marketing,Senior,3.6,0.4,5936.1,2.9,2.0,3.6,4.2,3.6,0,2,7.4,44,0,0,Hybrid,Bachelor,,2018-06-19 20:36:20.207371,2025-03-30 20:36:20.207371,Q2,521,3-5 years
1475,35,Male,Operations,Lead,2.6,2.6,4795.23,3.2,4.0,3.5,4.2,3.2,1,0,1.0,40,0,1,Remote,Bachelor,Married,2020-11-07 20:36:20.207371,2025-05-28 20:36:20.207371,Q4,462,1-3 years
1476,29,Male,Marketing,Senior,8.0,3.1,7146.12,4.3,2.0,2.2,2.9,3.7,1,3,10.0,65,0,0,Onsite,Bachelor,Married,2017-04-01 20:36:20.207371,2024-04-02 20:36:20.207371,Q2,883,5-10 years
1477,28,Female,IT,Lead,0.5,0.5,5067.48,3.4,3.0,2.0,4.5,3.3,0,1,30.8,51,0,1,Onsite,Master,Married,2023-04-21 20:36:20.207371,2024-04-09 20:36:20.207371,Q2,876,<1 year
1478,42,Female,Marketing,Senior,7.0,1.7,6484.71,3.6,4.0,4.0,3.2,3.8,0,6,2.6,77,0,0,Onsite,High School,Single,2017-12-10 20:36:20.207371,2025-02-16 20:36:20.207371,Q4,563,5-10 years
1479,22,Male,Finance,Intern,4.0,4.0,5758.72,,,2.5,3.5,3.7,0,3,12.7,80,1,0,Remote,High School,Married,2019-08-30 20:36:20.207371,2026-02-09 20:36:20.207371,Q3,205,3-5 years
1480,22,Female,Engineering,Junior,1.1,0.2,3930.91,2.5,2.0,3.4,2.8,3.8,0,2,15.3,33,0,1,Remote,Master,Married,2024-03-13 20:36:20.207371,2024-01-30 20:36:20.207371,Q1,946,1-3 years
1481,25,Male,Finance,Junior,0.7,0.7,5089.97,4.2,3.0,3.1,3.1,3.0,0,0,1.7,72,0,1,Onsite,High School,Divorced,2026-02-25 20:36:20.207371,2026-04-07 20:36:20.207371,Q1,148,<1 year
1482,32,Female,Sales,Junior,4.8,2.8,5903.22,3.9,4.0,2.5,4.8,5.0,0,2,1.0,54,0,0,Onsite,High School,Single,2022-07-27 20:36:20.207371,2026-03-23 20:36:20.207371,Q3,163,3-5 years
1483,22,Female,Engineering,Executive,0.6,0.3,4852.08,4.3,3.0,3.4,3.8,4.2,0,3,9.5,82,0,1,Hybrid,Master,Married,2020-01-18 20:36:20.207371,2023-03-09 20:36:20.207371,Q1,1273,<1 year
1484,47,Male,Marketing,Junior,8.2,3.1,6248.56,3.0,3.0,4.3,3.2,4.1,1,3,38.4,29,0,0,Remote,High School,Divorced,2017-09-30 20:36:20.207371,2026-03-25 20:36:20.207371,Q3,161,5-10 years
1485,41,Female,Sales,Senior,4.7,4.7,6095.94,2.7,2.0,2.6,2.6,3.9,0,1,19.5,82,1,0,Onsite,Bachelor,Married,2025-11-09 20:36:20.207371,2022-02-07 20:36:20.207371,Q4,1668,3-5 years
1486,54,Female,Sales,Intern,5.8,1.7,6824.25,4.8,3.0,1.4,3.0,4.0,0,2,9.6,75,0,0,Remote,Bachelor,Married,2022-12-13 20:36:20.207371,2022-01-31 20:36:20.207371,Q4,1675,5-10 years
1487,45,Male,Sales,Intern,4.8,4.3,5779.69,2.0,4.0,4.1,3.3,4.2,0,1,21.3,47,0,0,Onsite,Bachelor,Single,2024-09-12 20:36:20.207371,2025-12-03 20:36:20.207371,Q3,273,3-5 years
1488,45,Male,Finance,Manager,11.7,4.4,7516.08,3.4,4.0,3.5,3.2,3.1,0,3,2.5,65,0,1,Hybrid,High School,Married,2023-08-22 20:36:20.207371,2026-08-21 20:36:20.207371,Q3,12,>10 years
1489,57,Female,Engineering,Senior,0.5,0.5,5846.82,3.2,3.0,4.1,4.3,3.5,0,3,6.1,51,0,0,Hybrid,Master,Married,2021-01-06 20:36:20.207371,2024-12-31 20:36:20.207371,Q1,610,<1 year
1490,29,Female,Engineering,Intern,4.2,2.9,5237.38,3.9,3.0,3.9,4.0,2.9,1,5,53.3,63,0,1,Onsite,,Divorced,2021-07-22 20:36:20.207371,2026-04-10 20:36:20.207371,Q3,145,3-5 years
1491,22,Female,Sales,Senior,6.4,1.2,,2.3,2.0,3.0,2.7,4.3,0,1,80.0,59,0,0,Remote,Bachelor,Single,2022-09-10 20:36:20.207371,2025-01-19 20:36:20.207371,Q3,591,5-10 years
1492,32,Non-Binary,Marketing,Junior,1.7,0.7,4973.81,2.6,3.0,3.1,3.4,3.9,1,0,20.9,53,0,0,Remote,Master,Married,2017-08-06 20:36:20.207371,2026-07-13 20:36:20.207371,Q3,51,1-3 years
1493,26,Female,Engineering,Junior,3.1,1.3,4428.41,2.5,2.0,3.5,5.0,4.3,0,3,50.5,49,0,0,Onsite,Bachelor,Divorced,2026-04-14 20:36:20.207371,2025-03-18 20:36:20.207371,Q2,533,3-5 years
1494,32,Female,Engineering,Lead,0.7,0.7,4703.6,3.7,3.0,3.5,3.7,4.5,0,1,48.4,47,0,0,Onsite,Bachelor,Single,2018-03-20 20:36:20.207371,2026-03-18 20:36:20.207371,Q1,168,<1 year
1495,24,Non-Binary,IT,Junior,2.7,2.7,4721.15,2.5,3.0,3.3,3.7,3.8,0,5,1.5,88,0,0,Hybrid,High School,Married,2023-07-31 20:36:20.207371,2025-08-24 20:36:20.207371,Q3,374,1-3 years
1496,40,Female,Engineering,Senior,1.0,0.1,5717.93,2.2,4.0,3.9,3.7,4.3,1,2,14.3,47,0,1,Onsite,Bachelor,Single,2017-04-11 20:36:20.207371,2026-05-17 20:36:20.207371,Q2,108,<1 year
1497,40,Female,Engineering,Junior,9.1,1.1,6836.79,4.3,4.0,1.7,2.5,2.5,1,1,11.6,48,0,0,Remote,High School,Married,2020-11-14 20:36:20.207371,2025-08-09 20:36:20.207371,Q4,389,5-10 years
1498,34,Male,Finance,Lead,1.3,1.3,5730.37,4.0,4.0,2.0,3.1,3.3,1,2,9.5,47,0,0,Hybrid,Bachelor,Single,2025-01-09 20:36:20.207371,2026-04-16 20:36:20.207371,Q1,139,1-3 years
1499,38,Male,Engineering,Junior,2.9,2.3,5123.69,4.0,2.0,2.5,4.0,4.6,0,4,38.0,70,0,1,Remote,Bachelor,Married,2018-07-01 20:36:20.207371,2026-04-26 20:36:20.207371,Q3,129,1-3 years
1500,33,Female,Engineering,Intern,3.2,3.2,4689.75,2.0,3.0,4.0,2.6,3.6,0,0,14.4,90,0,0,Hybrid,Bachelor,Divorced,2024-06-17 20:36:20.207371,2026-05-16 20:36:20.207371,Q2,109,3-5 years
1501,42,Male,Marketing,Lead,9.6,8.4,7010.65,2.1,2.0,2.9,2.7,3.9,0,3,10.6,44,0,1,Onsite,Bachelor,Single,2024-11-10 20:36:20.207371,2025-08-31 20:36:20.207371,Q4,367,5-10 years
1502,35,Male,Sales,Senior,5.0,3.5,5964.44,2.7,4.0,3.9,3.6,3.8,0,1,15.3,64,0,0,Hybrid,Bachelor,Married,2019-07-16 20:36:20.207371,2024-12-06 20:36:20.207371,Q3,635,3-5 years
1503,32,Male,Marketing,Junior,4.1,3.7,4851.75,2.5,3.0,2.5,3.2,3.2,1,2,1.0,61,0,1,Hybrid,Bachelor,Divorced,2025-02-14 20:36:20.207371,2023-11-23 20:36:20.207371,Q1,1014,3-5 years
1504,44,Female,IT,Intern,0.5,0.5,4885.68,3.7,3.0,3.7,3.6,3.4,1,1,5.2,47,0,0,Onsite,Master,Married,2018-03-01 20:36:20.207371,2026-05-21 20:36:20.207371,Q1,104,<1 year
1505,47,Male,IT,Manager,0.6,0.2,6430.3,3.0,3.0,4.6,3.8,3.5,0,3,10.0,17,0,0,Remote,Bachelor,Married,2020-11-28 20:36:20.207371,2026-08-19 20:36:20.207371,Q4,14,<1 year
1506,48,Female,Operations,Junior,1.3,1.3,5861.66,3.6,4.0,2.8,3.9,3.1,0,3,1.6,25,0,0,Onsite,Bachelor,Married,2021-01-25 20:36:20.207371,2025-10-26 20:36:20.207371,Q1,311,1-3 years
1507,25,Female,Engineering,Senior,7.5,0.4,5336.57,2.9,2.0,4.1,2.5,3.4,0,1,1.0,36,0,0,Onsite,Bachelor,Married,2025-07-08 20:36:20.207371,2026-08-05 20:36:20.207371,Q3,28,5-10 years
1508,29,Female,Finance,Junior,0.5,0.3,4585.1,1.8,4.0,,3.9,3.7,1,2,10.9,42,0,0,Remote,Bachelor,Divorced,2017-12-05 20:36:20.207371,2026-05-30 20:36:20.207371,Q4,95,<1 year
1509,22,Female,Operations,Manager,7.5,7.5,6202.68,2.6,2.0,3.0,3.0,2.6,0,0,29.5,83,0,0,Remote,Bachelor,Married,2023-02-07 20:36:20.207371,2025-02-13 20:36:20.207371,Q1,566,5-10 years
1510,32,Female,Engineering,Intern,8.7,5.6,7078.89,3.6,3.0,1.8,2.9,3.8,1,3,6.1,65,0,0,Remote,Master,Single,2021-04-17 20:36:20.207371,2026-06-09 20:36:20.207371,Q2,85,5-10 years
1511,39,Female,Marketing,Lead,3.4,1.5,5264.48,4.5,3.0,3.5,3.2,3.3,0,0,39.3,59,0,0,Hybrid,High School,Single,2016-10-12 20:36:20.207371,2025-08-25 20:36:20.207371,Q4,373,3-5 years
1512,33,Male,Marketing,Lead,14.4,2.5,7428.45,4.2,2.0,4.3,3.0,3.3,0,3,39.7,93,0,0,Remote,Bachelor,Single,2025-08-02 20:36:20.207371,2023-02-28 20:36:20.207371,Q3,1282,>10 years
1513,54,Female,HR,Lead,4.6,1.7,6289.17,3.3,,2.2,4.3,3.6,0,4,31.6,61,0,1,Onsite,Master,Married,2017-01-28 20:36:20.207371,2025-02-03 20:36:20.207371,Q1,576,3-5 years
1514,30,Male,Sales,Manager,21.5,3.1,9103.76,3.8,4.0,3.0,2.0,3.7,1,2,21.7,61,0,0,Onsite,Bachelor,Married,2018-11-14 20:36:20.207371,2026-05-13 20:36:20.207371,Q4,112,>10 years
1515,24,Female,IT,Senior,7.1,1.3,5698.03,3.5,2.0,2.9,4.5,3.8,1,3,41.6,48,1,1,Onsite,Bachelor,Married,2025-09-14 20:36:20.207371,2023-07-06 20:36:20.207371,Q3,1154,5-10 years
1516,40,Male,Engineering,Senior,0.5,0.5,4651.16,3.7,2.0,4.9,3.7,3.4,0,0,9.0,98,1,0,Remote,Bachelor,Married,2019-07-04 20:36:20.207371,2023-03-18 20:36:20.207371,Q3,1264,<1 year
1517,36,Male,Marketing,Junior,1.7,1.7,4819.97,3.1,2.0,2.8,2.7,2.8,0,1,2.0,82,0,0,Onsite,High School,Single,2020-09-19 20:36:20.207371,2025-01-24 20:36:20.207371,Q3,586,1-3 years
1518,40,Male,Engineering,Executive,13.8,2.1,7488.05,3.2,4.0,2.4,3.7,3.7,0,3,7.3,47,0,0,Hybrid,PhD,Married,2020-06-25 20:36:20.207371,2025-04-01 20:36:20.207371,Q2,519,>10 years
1519,38,Female,Marketing,Senior,3.8,0.6,5032.88,3.3,3.0,3.3,5.0,2.5,0,2,54.1,77,0,1,Onsite,Master,Single,2023-12-14 20:36:20.207371,2023-04-13 20:36:20.207371,Q4,1238,3-5 years
1520,37,Male,Finance,Lead,1.0,0.7,5768.05,3.4,3.0,2.9,4.3,2.9,1,2,4.0,77,0,0,Hybrid,Bachelor,Married,2018-08-01 20:36:20.207371,2026-04-09 20:36:20.207371,Q3,146,<1 year
1521,22,Male,Operations,Senior,7.5,0.8,5426.61,2.6,2.0,3.6,2.6,3.4,0,2,38.1,77,0,0,Remote,High School,Single,2023-03-12 20:36:20.207371,2024-03-02 20:36:20.207371,Q1,914,5-10 years
1522,27,Male,Engineering,Manager,11.5,1.6,6517.86,3.4,1.0,,4.4,3.5,0,2,1.1,51,0,0,Onsite,Bachelor,Divorced,2019-01-01 20:36:20.207371,2024-08-18 20:36:20.207371,Q1,745,>10 years
1523,29,Male,Operations,Senior,0.5,0.5,5185.26,2.7,,1.3,4.3,2.6,0,3,14.6,49,0,0,Onsite,PhD,Single,2022-04-18 20:36:20.207371,2026-02-13 20:36:20.207371,Q2,201,<1 year
1524,31,Male,HR,Senior,0.9,0.9,3996.75,2.8,4.0,5.0,4.0,4.2,0,3,40.9,41,0,0,Hybrid,Bachelor,,2017-04-16 20:36:20.207371,2024-09-01 20:36:20.207371,Q2,731,<1 year
1525,30,Male,Marketing,Senior,5.4,5.1,5914.57,3.3,3.0,4.3,2.8,3.2,0,3,19.9,87,0,0,Onsite,High School,Married,2018-08-16 20:36:20.207371,2026-08-22 20:36:20.207371,Q3,11,5-10 years
1526,39,Male,Marketing,Executive,7.6,1.3,7503.94,4.5,4.0,3.5,2.4,3.1,0,2,23.1,47,0,0,Hybrid,Master,Married,2020-11-04 20:36:20.207371,2025-03-06 20:36:20.207371,Q4,545,5-10 years
1527,41,Male,HR,Senior,1.5,1.5,6121.93,5.0,4.0,4.0,4.4,4.3,1,1,1.0,74,0,0,Onsite,High School,Single,2022-01-13 20:36:20.207371,2025-02-07 20:36:20.207371,Q1,572,1-3 years
1528,23,Female,Operations,Lead,5.7,0.4,6601.5,4.1,,2.6,3.5,3.5,1,2,26.8,63,0,0,Hybrid,Master,,2025-01-15 20:36:20.207371,2021-03-12 20:36:20.207371,Q1,2000,5-10 years
1529,41,Female,Engineering,Manager,2.5,0.9,5488.18,3.9,1.0,3.7,3.1,3.9,0,0,6.6,52,0,0,Onsite,Master,Single,2021-04-08 20:36:20.207371,2026-02-24 20:36:20.207371,Q2,190,1-3 years
1530,40,Female,Finance,Manager,13.6,2.5,7729.86,3.9,,3.0,2.9,4.1,0,3,1.3,52,0,0,Onsite,Bachelor,Divorced,2019-08-29 20:36:20.207371,2024-02-26 20:36:20.207371,Q3,919,>10 years
1531,39,Female,Operations,Junior,6.5,2.2,6500.09,4.1,2.0,3.2,3.5,3.2,0,0,11.8,70,0,0,Onsite,Bachelor,Single,2020-03-20 20:36:20.207371,2025-01-14 20:36:20.207371,Q1,596,5-10 years
1532,22,Male,Operations,Junior,1.7,1.3,24284.99574826256,3.7,1.0,4.5,4.7,3.4,1,4,41.7,95,1,0,Onsite,Bachelor,,2017-12-10 20:36:20.207371,2025-06-18 20:36:20.207371,Q4,441,1-3 years
1533,39,Male,Finance,Junior,2.4,2.4,5248.13,4.1,3.0,2.9,3.1,4.1,0,2,55.6,34,0,0,Hybrid,PhD,Married,2021-02-23 20:36:20.207371,2024-08-23 20:36:20.207371,Q1,740,1-3 years
1534,35,Male,Operations,Lead,2.5,2.5,5931.84,4.5,3.0,4.4,4.2,3.5,0,3,16.4,59,0,0,Onsite,Bachelor,Married,2017-09-21 20:36:20.207371,2024-10-30 20:36:20.207371,Q3,672,1-3 years
1535,44,Male,Finance,Senior,8.4,5.7,6673.91,3.3,3.0,4.6,2.2,4.1,0,3,18.2,31,1,0,Onsite,Bachelor,Single,2020-05-25 20:36:20.207371,2025-11-14 20:36:20.207371,Q2,292,5-10 years
1536,52,Female,IT,Senior,14.1,0.1,8333.73,4.0,3.0,2.0,3.0,3.9,0,0,23.0,10,0,1,Onsite,,Divorced,2018-12-02 20:36:20.207371,2026-07-28 20:36:20.207371,Q4,36,>10 years
1537,50,Male,Engineering,Junior,4.3,3.3,,4.2,2.0,2.4,4.0,3.2,1,2,3.5,42,1,1,Onsite,,Married,2022-07-22 20:36:20.207371,2026-08-19 20:36:20.207371,Q3,14,3-5 years
1538,36,Male,Operations,Manager,3.4,2.6,6528.01,4.5,1.0,4.4,4.1,3.5,0,1,3.1,64,0,0,Hybrid,Bachelor,Married,2025-07-06 20:36:20.207371,2025-09-07 20:36:20.207371,Q3,360,3-5 years
1539,34,Female,Finance,Junior,10.9,3.7,7405.22,4.6,2.0,1.5,4.2,4.2,0,3,28.2,67,0,0,Remote,Master,Single,2018-09-07 20:36:20.207371,2024-09-25 20:36:20.207371,Q3,707,>10 years
1540,41,Female,HR,Junior,4.2,0.1,5967.45,4.2,4.0,2.4,3.1,4.0,0,2,6.3,87,0,0,Onsite,High School,Single,2026-04-24 20:36:20.207371,2026-07-14 20:36:20.207371,Q2,50,3-5 years
1541,23,Male,Finance,Junior,0.5,0.5,3473.1,2.7,2.0,4.3,2.8,3.6,0,3,11.7,18,0,0,Remote,Bachelor,Married,2023-11-19 20:36:20.207371,2026-02-01 20:36:20.207371,Q4,213,<1 year
1542,22,Female,Sales,Lead,4.2,0.2,5791.07,3.6,3.0,3.3,2.3,4.9,1,1,12.6,91,1,0,Hybrid,Bachelor,Single,2018-02-02 20:36:20.207371,2026-04-25 20:36:20.207371,Q1,130,3-5 years
1543,30,Female,Operations,Lead,1.5,1.5,4906.33,4.6,4.0,4.0,3.5,3.6,0,1,4.7,56,0,0,Onsite,Master,Single,2016-11-30 20:36:20.207371,2026-05-03 20:36:20.207371,Q4,122,1-3 years
1544,47,Male,Marketing,Senior,5.6,0.4,6183.82,2.4,3.0,1.7,3.2,3.6,1,2,10.5,75,1,1,Onsite,,Single,2021-12-10 20:36:20.207371,2025-07-09 20:36:20.207371,Q4,420,5-10 years
1545,31,Male,Marketing,Senior,12.6,12.6,7190.97,3.5,1.0,2.0,3.8,2.3,0,3,5.7,56,0,1,Onsite,,Single,2023-02-11 20:36:20.207371,2026-07-26 20:36:20.207371,Q1,38,>10 years
1546,50,Female,Finance,Manager,1.1,1.1,6492.37,4.1,3.0,2.6,3.9,3.4,0,4,19.9,64,0,0,Remote,Bachelor,Married,2017-08-12 20:36:20.207371,2025-06-30 20:36:20.207371,Q3,429,1-3 years
1547,22,Male,IT,Executive,2.2,2.2,5091.43,3.4,3.0,3.8,2.5,3.9,1,2,8.2,22,0,1,Hybrid,High School,Single,2018-02-15 20:36:20.207371,2026-04-19 20:36:20.207371,Q1,136,1-3 years
1548,22,Female,HR,Senior,3.8,0.7,21573.788093437997,2.7,3.0,4.0,3.2,4.0,0,0,4.3,80,0,0,Onsite,Bachelor,Married,2021-11-04 20:36:20.207371,2026-01-04 20:36:20.207371,Q4,241,3-5 years
1549,33,Male,Marketing,Manager,5.3,0.3,6205.44,3.2,1.0,3.1,4.3,4.8,1,2,18.8,73,1,0,Onsite,Master,Married,2024-07-23 20:36:20.207371,2025-07-04 20:36:20.207371,Q3,425,5-10 years
1550,43,Female,Operations,Junior,2.5,1.7,6129.19,4.6,2.0,3.6,4.0,3.7,0,3,47.3,107,1,0,Remote,Bachelor,Married,2017-04-14 20:36:20.207371,2026-06-03 20:36:20.207371,Q2,91,1-3 years
1551,34,Male,Operations,Lead,13.0,5.7,7012.75,,1.0,3.3,3.9,2.7,0,3,1.0,55,0,1,Remote,Bachelor,Divorced,2024-06-07 20:36:20.207371,2025-07-06 20:36:20.207371,Q2,423,>10 years
1552,34,Female,Operations,Manager,0.9,0.9,4335.57,2.1,3.0,4.6,4.3,4.2,0,3,3.5,24,0,0,Onsite,PhD,Single,2021-03-29 20:36:20.207371,2025-09-23 20:36:20.207371,Q1,344,<1 year
1553,33,Female,Operations,Senior,2.5,2.1,5146.13,0.8284089791993462,2.0,2.6,3.9,4.7,0,0,25.4,35,0,0,Remote,Master,Married,2021-09-24 20:36:20.207371,2025-07-16 20:36:20.207371,Q3,413,1-3 years
1554,22,Female,IT,Executive,5.7,3.0,4924.77,2.6,3.0,2.4,2.6,4.2,0,1,34.0,73,0,0,Onsite,Bachelor,Married,2021-12-13 20:36:20.207371,2021-03-12 20:36:20.207371,Q4,2000,5-10 years
1555,46,Non-Binary,HR,Junior,7.5,6.1,6937.89,3.5,4.0,4.5,4.5,4.2,1,2,6.0,43,0,1,Hybrid,Bachelor,Married,2020-03-19 20:36:20.207371,2025-03-04 20:36:20.207371,Q1,547,5-10 years
1556,28,Male,IT,Senior,6.2,0.6,,2.9,1.0,3.1,4.3,3.3,0,4,19.9,75,1,0,Remote,High School,,2023-02-02 20:36:20.207371,2026-03-17 20:36:20.207371,Q1,169,5-10 years
1557,45,Male,Operations,Senior,3.0,0.6,7456.1,3.5,3.0,2.8,3.1,4.6,0,6,40.5,37,0,0,Onsite,Bachelor,Married,2018-11-25 20:36:20.207371,2026-08-26 20:36:20.207371,Q4,7,1-3 years
1558,34,Male,Engineering,Intern,15.9,9.4,7690.19,2.9,4.0,4.6,2.4,3.7,0,4,19.0,71,0,0,Hybrid,High School,Divorced,2023-01-29 20:36:20.207371,2026-06-09 20:36:20.207371,Q1,85,>10 years
1559,45,Female,Engineering,Junior,4.1,2.5,6711.19,4.0,3.0,3.7,3.2,2.6,1,1,8.5,33,0,0,Onsite,,Married,2016-12-11 20:36:20.207371,2026-08-31 20:36:20.207371,Q4,2,3-5 years
1560,38,Male,Marketing,Junior,2.8,2.8,5118.05,3.1,2.0,4.0,4.4,5.0,0,3,29.9,57,0,0,Remote,Master,Married,2018-03-07 20:36:20.207371,2026-05-16 20:36:20.207371,Q1,109,1-3 years
1561,33,Male,Finance,Intern,7.8,3.4,,2.9,3.0,2.3,4.9,5.0,1,4,7.1,37,0,1,Onsite,PhD,Married,2020-02-10 20:36:20.207371,2025-07-03 20:36:20.207371,Q1,426,5-10 years
1562,37,Female,Operations,Senior,1.7,1.7,4614.48,,3.0,3.7,3.7,3.8,0,2,26.3,68,0,0,Onsite,PhD,Married,2017-06-30 20:36:20.207371,2026-08-07 20:36:20.207371,Q2,26,1-3 years
1563,22,Female,Sales,Lead,2.5,0.3,4839.77,2.5,2.0,3.4,2.3,3.8,0,3,1.0,62,0,0,Hybrid,Master,Married,2024-01-10 20:36:20.207371,2026-01-03 20:36:20.207371,Q1,242,1-3 years
1564,35,Non-Binary,HR,Manager,9.4,0.6,6291.31,2.5,2.0,2.9,3.3,3.7,0,0,33.5,65,0,0,Hybrid,Bachelor,Married,2020-10-06 20:36:20.207371,2025-01-23 20:36:20.207371,Q4,587,5-10 years
1565,52,Male,Finance,Senior,6.7,2.3,6619.44,2.6,2.0,3.8,4.4,3.3,0,3,7.7,21,0,1,Onsite,PhD,Single,2016-10-29 20:36:20.207371,2026-08-07 20:36:20.207371,Q4,26,5-10 years
1566,48,Female,Operations,Executive,12.8,2.5,7910.15,3.2,2.0,3.7,3.9,3.9,0,2,10.2,42,0,0,Onsite,Bachelor,Married,2022-04-17 20:36:20.207371,2024-02-24 20:36:20.207371,Q2,921,>10 years
1567,25,Female,HR,Manager,3.3,2.8,4416.09,2.6,,3.4,4.4,3.9,0,3,15.4,68,0,0,Onsite,Master,Married,2017-08-25 20:36:20.207371,2026-07-21 20:36:20.207371,Q3,43,3-5 years
1568,40,Male,Finance,Junior,0.5,0.5,6133.24,2.7,2.0,4.5,5.0,4.5,0,1,1.0,29,0,0,Remote,High School,Married,2023-04-23 20:36:20.207371,2024-10-06 20:36:20.207371,Q2,696,<1 year
1569,37,Female,HR,Senior,13.6,2.5,8484.75,4.0,2.0,3.6,4.3,3.1,1,4,1.0,22,0,1,Hybrid,High School,Single,2018-09-29 20:36:20.207371,2026-03-18 20:36:20.207371,Q3,168,>10 years
1570,43,Male,Marketing,Junior,7.5,6.5,7537.9,,1.0,,3.0,3.9,0,2,14.5,89,0,0,Remote,Bachelor,Married,2018-09-29 20:36:20.207371,2023-09-10 20:36:20.207371,Q3,1088,5-10 years
1571,35,Male,Sales,Lead,1.1,1.1,5636.39,2.3,,3.3,3.8,3.8,0,2,5.4,46,0,0,Hybrid,Bachelor,Married,2019-01-05 20:36:20.207371,2026-03-12 20:36:20.207371,Q1,174,1-3 years
1572,20,Male,Marketing,Lead,0.5,0.5,4962.46,4.6,4.0,2.2,4.4,3.1,0,1,1.0,76,0,0,Onsite,Master,Single,2024-12-23 20:36:20.207371,2026-08-30 20:36:20.207371,Q4,3,<1 year
1573,48,Male,Operations,Lead,9.6,0.2,8163.98,3.6,2.0,4.6,3.6,4.0,0,2,8.1,69,0,0,Onsite,Master,Married,2023-11-06 20:36:20.207371,2023-03-16 20:36:20.207371,Q4,1266,5-10 years
1574,37,Female,Sales,Junior,10.7,0.6,7025.59,3.8,2.0,4.1,4.1,4.3,1,2,1.2,42,0,1,Hybrid,Bachelor,Divorced,2020-09-26 20:36:20.207371,2025-12-15 20:36:20.207371,Q3,261,>10 years
1575,47,Female,Sales,Executive,7.4,0.2,6575.61,,4.0,4.4,3.9,4.3,0,1,2.9,67,0,0,Remote,Bachelor,Single,2026-07-18 20:36:20.207371,2026-01-21 20:36:20.207371,Q3,224,5-10 years
1576,44,Male,Marketing,Senior,4.3,3.2,4859.37,3.8,3.0,5.0,3.9,4.9,0,2,7.8,65,0,0,Remote,High School,,2020-05-23 20:36:20.207371,2026-03-23 20:36:20.207371,Q2,163,3-5 years
1577,31,Female,Engineering,Junior,2.4,2.0,6183.89,2.0,2.0,,2.3,3.3,1,0,26.7,90,0,0,Onsite,Bachelor,Married,2020-01-11 20:36:20.207371,2026-04-14 20:36:20.207371,Q1,141,1-3 years
1578,33,Male,Engineering,Executive,5.4,0.8,5627.06,3.4,3.0,3.7,3.1,3.2,1,2,5.4,66,0,1,Hybrid,Bachelor,Married,2024-01-19 20:36:20.207371,2025-10-15 20:36:20.207371,Q1,322,5-10 years
1579,54,Male,Operations,Senior,2.4,0.1,6122.78,4.0,2.0,4.8,3.2,3.7,1,0,15.2,101,0,0,Onsite,Bachelor,,2023-06-12 20:36:20.207371,2025-08-24 20:36:20.207371,Q2,374,1-3 years
1580,36,Male,Finance,Senior,4.1,2.1,5049.96,3.7,3.0,4.3,4.0,3.9,0,2,13.4,73,0,1,Onsite,Master,Married,2025-07-30 20:36:20.207371,2026-05-10 20:36:20.207371,Q3,115,3-5 years
1581,27,Male,Operations,Lead,0.9,0.9,5359.3,3.4,3.0,2.8,3.9,4.0,0,0,3.8,59,1,1,Hybrid,PhD,Single,2025-10-07 20:36:20.207371,2026-02-04 20:36:20.207371,Q4,210,<1 year
1582,22,Male,Operations,Lead,2.8,2.8,4473.75,2.5,2.0,3.4,2.1,4.0,1,1,36.9,83,0,0,Hybrid,Master,Divorced,2018-06-12 20:36:20.207371,2026-06-05 20:36:20.207371,Q2,89,1-3 years
1583,44,Female,Operations,Junior,5.6,5.6,6899.36,4.5,3.0,3.8,4.2,3.3,0,2,4.5,52,0,0,Hybrid,High School,Married,2023-11-02 20:36:20.207371,2026-06-02 20:36:20.207371,Q4,92,5-10 years
1584,36,Female,Marketing,Manager,9.0,3.4,6652.59,2.9,2.0,2.9,4.4,3.6,0,3,3.0,78,0,0,Onsite,Master,Married,2021-04-29 20:36:20.207371,2024-09-09 20:36:20.207371,Q2,723,5-10 years
1585,27,Male,HR,Junior,2.6,1.6,5066.01,3.0,4.0,2.0,3.5,3.6,0,1,15.3,179,0,0,Onsite,Bachelor,Single,2023-11-17 20:36:20.207371,2025-01-09 20:36:20.207371,Q4,601,1-3 years
1586,41,Female,Engineering,Junior,1.8,0.6,5843.95,3.6,4.0,3.1,3.7,3.6,0,1,7.7,92,0,0,Onsite,,Married,2025-12-30 20:36:20.207371,2025-07-09 20:36:20.207371,Q4,420,1-3 years
1587,36,Female,Operations,Lead,1.4,1.4,5340.35,3.7,3.0,3.6,3.8,4.0,0,2,1.0,120,0,0,Onsite,PhD,Single,2021-01-11 20:36:20.207371,2025-04-17 20:36:20.207371,Q1,503,1-3 years
1588,22,Female,Marketing,Lead,13.2,1.0,6938.93,3.5,4.0,4.0,2.8,4.2,0,0,30.8,52,0,0,Hybrid,,Single,2020-04-23 20:36:20.207371,2025-11-14 20:36:20.207371,Q2,292,>10 years
1589,40,Male,Finance,Junior,1.1,0.8,5023.4,2.5,3.0,4.3,2.7,3.6,0,6,1.4,62,0,0,Hybrid,Bachelor,Divorced,2021-09-03 20:36:20.207371,2025-12-23 20:36:20.207371,Q3,253,1-3 years
1590,48,Female,Sales,Junior,0.7,0.7,5620.6,3.1,3.0,3.2,4.0,3.9,0,3,2.2,54,0,0,Onsite,Bachelor,,2022-03-18 20:36:20.207371,2026-03-16 20:36:20.207371,Q1,170,<1 year
1591,60,Male,Engineering,Senior,4.7,4.7,7191.27,3.3,3.0,2.6,2.7,3.7,1,1,16.4,79,1,0,Onsite,Bachelor,Single,2023-03-03 20:36:20.207371,2026-06-29 20:36:20.207371,Q1,65,3-5 years
1592,35,Female,Engineering,Intern,2.4,2.4,5319.88,3.2,4.0,2.7,3.4,2.5,1,4,5.0,52,0,0,Onsite,Master,Single,2018-08-15 20:36:20.207371,2026-03-24 20:36:20.207371,Q3,162,1-3 years
1593,37,Female,Marketing,Senior,5.7,3.2,5515.99,0.7926984835395732,2.0,,2.5,3.9,1,1,10.4,63,0,0,Hybrid,Master,Single,2025-12-06 20:36:20.207371,2026-04-02 20:36:20.207371,Q4,153,5-10 years
1594,51,Female,Finance,Junior,7.1,1.1,7142.07,3.5,4.0,4.4,3.2,3.6,1,1,17.2,57,0,0,Hybrid,High School,Single,2016-11-12 20:36:20.207371,2025-10-16 20:36:20.207371,Q4,321,5-10 years
1595,36,Female,Engineering,Manager,21.5,0.2,9797.75,4.1,4.0,2.2,3.7,3.5,1,1,1.0,88,0,0,Onsite,PhD,Married,2022-03-27 20:36:20.207371,2021-03-12 20:36:20.207371,Q1,2000,>10 years
1596,37,Female,Marketing,Manager,3.4,1.5,5401.93,4.1,3.0,3.2,2.8,4.9,0,0,6.8,70,0,0,Onsite,Bachelor,Married,2018-07-23 20:36:20.207371,2022-11-25 20:36:20.207371,Q3,1377,3-5 years
1597,28,Male,Operations,Senior,2.5,2.5,4374.34,3.3,2.0,3.9,4.8,4.1,0,6,65.4,105,0,0,Onsite,Bachelor,Divorced,2024-08-31 20:36:20.207371,2024-11-12 20:36:20.207371,Q3,659,1-3 years
1598,22,Female,Marketing,Junior,7.2,3.2,6178.96,3.6,3.0,4.0,2.2,5.0,0,6,8.4,103,1,0,Hybrid,Bachelor,Single,2022-04-18 20:36:20.207371,2026-03-17 20:36:20.207371,Q2,169,5-10 years
1599,44,Male,HR,Junior,7.7,3.4,6470.34,2.6,3.0,3.3,2.8,3.9,1,1,22.0,32,0,1,Onsite,Bachelor,Divorced,2024-01-28 20:36:20.207371,2025-10-14 20:36:20.207371,Q1,323,5-10 years
1600,22,Female,Engineering,Senior,14.6,1.2,6464.84,3.6,3.0,3.9,3.7,3.5,0,4,3.6,43,0,0,Onsite,Bachelor,Single,2019-09-10 20:36:20.207371,2025-08-02 20:36:20.207371,Q3,396,>10 years
1601,46,Female,Engineering,Junior,1.9,1.9,5451.97,2.9,3.0,2.8,2.7,3.1,1,1,23.0,31,0,1,Hybrid,Bachelor,,2022-02-01 20:36:20.207371,2025-02-11 20:36:20.207371,Q1,568,1-3 years
1602,27,Male,Marketing,Junior,3.3,3.3,5052.45,3.9,3.0,3.4,3.3,2.9,0,4,1.0,61,1,0,Remote,PhD,Single,2026-05-15 20:36:20.207371,2026-02-11 20:36:20.207371,Q2,203,3-5 years
1603,37,Female,Operations,Junior,4.9,1.2,5688.25,2.4,2.0,3.1,3.5,3.0,0,2,24.7,85,0,0,Remote,Bachelor,Single,2019-05-17 20:36:20.207371,2026-02-18 20:36:20.207371,Q2,196,3-5 years
1604,31,Female,Finance,Junior,20.0,0.4,8008.99,2.5,3.0,2.3,2.6,2.7,0,2,6.4,80,0,1,Remote,Bachelor,Single,2017-02-02 20:36:20.207371,2023-02-04 20:36:20.207371,Q1,1306,>10 years
1605,46,Female,Operations,Senior,7.1,1.6,7163.42,3.3,4.0,2.4,4.8,4.6,0,3,33.3,31,0,1,Hybrid,Bachelor,Single,2022-09-25 20:36:20.207371,2024-12-24 20:36:20.207371,Q3,617,5-10 years
1606,38,Male,Operations,Senior,22.5,3.8,9460.12,4.1,3.0,5.0,3.5,3.4,1,0,32.5,107,0,1,Remote,Bachelor,Single,2021-03-30 20:36:20.207371,2024-06-08 20:36:20.207371,Q1,816,>10 years
1607,54,Male,Operations,Lead,8.8,2.3,7426.01,4.5,,4.6,3.6,3.2,0,1,3.0,79,0,0,Onsite,Master,Married,2020-10-11 20:36:20.207371,2024-12-25 20:36:20.207371,Q4,616,5-10 years
1608,24,Male,Marketing,Senior,1.2,1.2,4716.14,3.1,3.0,2.7,4.2,4.6,1,0,11.1,34,0,0,Remote,,Married,2025-02-20 20:36:20.207371,2023-09-14 20:36:20.207371,Q1,1084,1-3 years
1609,39,Female,Finance,Manager,8.1,4.2,5906.3,2.9,3.0,3.8,4.0,4.0,1,1,15.4,60,0,1,Remote,Bachelor,Married,2019-07-01 20:36:20.207371,2025-07-15 20:36:20.207371,Q3,414,5-10 years
1610,35,Female,Operations,Lead,4.3,0.6,6313.63,3.4,3.0,4.1,2.9,3.6,0,0,29.8,57,1,1,Hybrid,Bachelor,Married,2024-07-24 20:36:20.207371,2024-02-29 20:36:20.207371,Q3,916,3-5 years
1611,37,Male,Engineering,Senior,2.0,2.0,4907.7,3.1,3.0,3.1,2.7,3.7,1,1,1.0,45,0,0,Onsite,High School,Divorced,2024-11-04 20:36:20.207371,2026-03-14 20:36:20.207371,Q4,172,1-3 years
1612,50,Male,Finance,Senior,1.1,1.1,5797.64,2.9,,3.5,3.6,3.5,0,0,16.7,78,1,0,Remote,Master,Single,2019-07-20 20:36:20.207371,2025-09-10 20:36:20.207371,Q3,357,1-3 years
1613,40,Female,Engineering,Senior,0.8,0.8,,3.4,2.0,4.3,3.8,4.7,1,2,20.1,87,0,1,Onsite,Master,Married,2025-03-20 20:36:20.207371,2026-01-28 20:36:20.207371,Q1,217,<1 year
1614,23,Male,Engineering,Junior,0.7,0.7,4870.0,3.5,1.0,3.7,3.4,3.3,1,1,1.0,62,0,0,Remote,High School,Married,2021-01-24 20:36:20.207371,2026-04-20 20:36:20.207371,Q1,135,<1 year
1615,40,Female,Operations,Lead,2.7,2.7,5194.27,2.4,3.0,3.2,3.9,2.9,0,2,8.4,88,1,0,Hybrid,Bachelor,Single,2017-03-02 20:36:20.207371,2026-01-12 20:36:20.207371,Q1,233,1-3 years
1616,30,Male,Marketing,Senior,12.4,3.8,7552.19,4.6,3.0,2.3,4.2,4.0,1,3,12.0,64,1,0,Onsite,High School,Married,2023-09-29 20:36:20.207371,2025-10-01 20:36:20.207371,Q3,336,>10 years
1617,30,Male,Finance,Junior,5.0,3.1,5709.12,3.5,4.0,4.5,3.7,3.8,1,2,1.5,78,0,0,Remote,Master,Single,2019-01-19 20:36:20.207371,2025-12-19 20:36:20.207371,Q1,257,3-5 years
1618,45,Female,Finance,Manager,3.4,0.5,5988.6,3.4,2.0,3.2,5.0,3.7,1,4,25.6,40,0,1,Hybrid,Master,Married,2019-12-21 20:36:20.207371,2022-11-19 20:36:20.207371,Q4,1383,3-5 years
1619,28,Female,Sales,Manager,3.2,3.2,5437.26,3.2,2.0,4.1,3.6,3.0,0,2,18.2,73,0,0,Onsite,Bachelor,Single,2022-08-20 20:36:20.207371,2026-04-06 20:36:20.207371,Q3,149,3-5 years
1620,31,Male,Finance,Junior,0.9,0.2,22747.33587513219,3.1,3.0,4.4,4.0,4.4,0,4,11.7,22,0,1,Onsite,High School,Married,2018-05-19 20:36:20.207371,2026-08-17 20:36:20.207371,Q2,16,<1 year
1621,35,Male,Engineering,Executive,7.3,4.1,5658.09,2.7,2.0,2.4,2.5,3.7,0,1,15.0,71,0,0,Hybrid,Bachelor,Single,2018-09-10 20:36:20.207371,2026-01-14 20:36:20.207371,Q3,231,5-10 years
1622,44,Male,Marketing,Manager,1.7,1.7,5095.95,3.4,2.0,3.2,2.7,3.8,0,1,5.4,62,0,0,Onsite,Master,Married,2023-05-13 20:36:20.207371,2026-03-18 20:36:20.207371,Q2,168,1-3 years
1623,40,Male,Engineering,Senior,6.4,2.9,6554.69,3.9,3.0,1.4,3.7,3.1,1,2,1.0,66,1,1,Remote,High School,Married,2017-09-09 20:36:20.207371,2026-07-14 20:36:20.207371,Q3,50,5-10 years
1624,32,Male,Sales,Manager,0.6,0.6,5122.66,3.1,2.0,3.7,3.3,3.9,1,2,1.2,62,0,1,Onsite,High School,Married,2016-10-18 20:36:20.207371,2025-09-23 20:36:20.207371,Q4,344,<1 year
1625,32,Female,IT,Manager,7.3,2.8,6995.23,3.7,2.0,1.6,3.5,5.0,0,2,8.8,105,0,0,Onsite,,Married,2018-02-08 20:36:20.207371,2025-05-13 20:36:20.207371,Q1,477,5-10 years
1626,23,Male,IT,Junior,7.3,3.8,6434.99,3.2,3.0,,3.2,3.5,0,2,3.6,54,0,1,Remote,High School,Married,2020-05-24 20:36:20.207371,2025-12-21 20:36:20.207371,Q2,255,5-10 years
1627,27,Female,Engineering,Lead,0.5,0.5,4422.68,2.7,3.0,2.5,3.9,2.8,1,1,43.7,81,0,0,Hybrid,Master,Married,2025-03-29 20:36:20.207371,2024-03-18 20:36:20.207371,Q1,898,<1 year
1628,28,Non-Binary,Marketing,Manager,9.6,0.7,6754.92,3.8,3.0,3.6,4.3,3.2,0,2,9.7,85,0,0,Onsite,Bachelor,Divorced,2017-06-18 20:36:20.207371,2025-12-17 20:36:20.207371,Q2,259,5-10 years
1629,33,Male,Operations,Junior,0.6,0.6,5278.66,4.4,4.0,2.8,4.5,5.0,0,2,5.0,12,1,1,Onsite,Master,Married,2018-01-20 20:36:20.207371,2025-06-30 20:36:20.207371,Q1,429,<1 year
1630,54,Female,Engineering,Senior,10.7,2.3,7198.65,3.1,3.0,3.5,2.7,3.4,0,3,34.3,41,0,0,Hybrid,Master,Single,2023-04-26 20:36:20.207371,2025-08-11 20:36:20.207371,Q2,387,>10 years
1631,28,Male,Engineering,Junior,1.9,1.9,6258.52,4.0,1.0,1.9,4.1,4.1,1,5,1.0,71,0,0,Onsite,Bachelor,Married,2023-03-17 20:36:20.207371,2025-12-19 20:36:20.207371,Q1,257,1-3 years
1632,32,Female,Engineering,Senior,19.0,3.1,8357.41,3.2,4.0,3.7,4.6,3.0,1,2,12.8,32,1,0,Hybrid,Bachelor,Single,2025-09-23 20:36:20.207371,2026-08-01 20:36:20.207371,Q3,32,>10 years
1633,22,Male,Finance,Senior,2.8,2.8,5505.81,4.0,3.0,4.0,4.0,4.4,1,0,4.3,50,0,0,Onsite,Master,Married,2019-07-20 20:36:20.207371,2025-10-16 20:36:20.207371,Q3,321,1-3 years
1634,41,Female,Finance,Senior,21.5,0.4,,3.0,4.0,3.2,2.9,2.7,0,3,38.2,32,0,1,Onsite,PhD,Married,2025-07-07 20:36:20.207371,2026-08-06 20:36:20.207371,Q3,27,>10 years
1635,22,Male,IT,Intern,0.6,0.6,4375.53,3.7,4.0,2.9,4.3,3.4,0,1,43.7,62,0,0,Hybrid,Master,Single,2021-10-28 20:36:20.207371,2026-07-25 20:36:20.207371,Q4,39,<1 year
1636,25,Male,Operations,Senior,0.8,0.8,4827.91,4.5,4.0,2.7,3.2,3.6,1,1,35.1,52,0,0,Onsite,Bachelor,Married,2017-04-25 20:36:20.207371,2026-03-01 20:36:20.207371,Q2,185,<1 year
1637,45,Non-Binary,IT,Junior,3.4,2.4,5391.63,3.9,,3.9,3.1,4.2,0,1,1.0,86,0,0,Remote,Bachelor,Married,2026-05-01 20:36:20.207371,2026-04-22 20:36:20.207371,Q2,133,3-5 years
1638,22,Male,Operations,Junior,0.5,0.5,5245.26,2.6,4.0,2.6,2.9,3.7,0,2,3.3,31,0,0,Remote,Bachelor,Single,2018-10-05 20:36:20.207371,2025-03-03 20:36:20.207371,Q4,548,<1 year
1639,35,Male,Engineering,Executive,14.0,0.4,7462.79,3.6,2.0,3.1,3.2,3.1,1,2,1.0,35,0,0,Hybrid,Master,Single,2019-12-12 20:36:20.207371,2021-12-13 20:36:20.207371,Q4,1724,>10 years
1640,43,Male,IT,Senior,5.3,1.4,6951.37,3.3,2.0,2.7,3.7,3.0,1,2,7.2,53,0,1,Hybrid,Bachelor,Married,2016-11-15 20:36:20.207371,2026-06-10 20:36:20.207371,Q4,84,5-10 years
1641,50,Male,Engineering,Junior,6.3,0.1,6110.98,3.6,3.0,4.0,2.6,4.2,0,1,18.9,84,1,0,Remote,Master,Single,2018-03-08 20:36:20.207371,2022-12-07 20:36:20.207371,Q1,1365,5-10 years
1642,25,Female,Sales,Manager,3.3,1.0,5036.75,3.8,3.0,3.0,3.9,3.3,0,2,15.7,44,0,0,Onsite,Master,Married,2024-05-22 20:36:20.207371,2023-07-10 20:36:20.207371,Q2,1150,3-5 years
1643,28,Female,Marketing,Senior,9.5,1.6,6521.75,3.7,3.0,2.3,3.9,4.0,1,3,3.3,69,0,0,Hybrid,Master,Single,2023-08-08 20:36:20.207371,2026-02-10 20:36:20.207371,Q3,204,5-10 years
1644,53,Female,IT,Junior,3.0,1.9,5444.91,3.6,3.0,3.6,4.2,3.2,0,3,25.5,70,0,0,Onsite,High School,Married,2017-05-04 20:36:20.207371,2026-03-11 20:36:20.207371,Q2,175,1-3 years
1645,34,Non-Binary,Marketing,Junior,3.7,0.9,5013.05,3.1,3.0,3.2,3.2,3.1,0,0,9.9,68,0,0,Hybrid,Bachelor,Married,2019-11-21 20:36:20.207371,2026-06-13 20:36:20.207371,Q4,81,3-5 years
1646,27,Male,Engineering,Executive,3.8,3.8,4146.88,4.1,2.0,2.8,3.0,3.9,1,1,17.3,60,1,1,Remote,High School,Single,2020-03-09 20:36:20.207371,2021-03-12 20:36:20.207371,Q1,2000,3-5 years
1647,27,Male,Operations,Senior,2.1,0.1,4811.41,3.4,3.0,3.0,3.2,3.0,0,8,7.3,37,0,0,Hybrid,Bachelor,Married,2025-09-29 20:36:20.207371,2026-08-11 20:36:20.207371,Q3,22,1-3 years
1648,25,Male,Engineering,Junior,11.5,1.6,6811.28,3.6,4.0,3.3,3.7,3.1,0,4,1.8,60,0,0,Hybrid,Master,Single,2016-09-12 20:36:20.207371,2025-04-08 20:36:20.207371,Q3,512,>10 years
1649,30,Female,Finance,Manager,2.1,0.1,4568.39,3.5,4.0,3.3,3.2,3.0,0,4,1.0,71,0,1,Hybrid,Bachelor,Single,2022-10-02 20:36:20.207371,2026-08-27 20:36:20.207371,Q4,6,1-3 years
1650,45,Male,Operations,Lead,5.9,2.5,6418.99,3.6,4.0,4.2,3.7,3.6,1,1,9.2,73,0,0,Hybrid,Master,Married,2024-03-07 20:36:20.207371,2025-12-16 20:36:20.207371,Q1,260,5-10 years
1651,43,Female,Sales,Manager,5.6,0.2,6268.67,3.1,,,3.8,3.2,0,1,24.5,45,0,0,Hybrid,Bachelor,,2019-10-16 20:36:20.207371,2024-03-05 20:36:20.207371,Q4,911,5-10 years
1652,23,Male,Engineering,Junior,0.7,0.7,4493.26,1.8,4.0,4.0,3.5,2.3,1,1,16.6,44,0,0,Hybrid,,Married,2025-04-17 20:36:20.207371,2024-04-05 20:36:20.207371,Q2,880,<1 year
1653,37,Non-Binary,Engineering,Intern,7.5,7.5,6756.49,4.1,4.0,1.9,3.1,4.1,0,4,9.3,93,0,1,Onsite,PhD,Married,2018-12-14 20:36:20.207371,2024-11-19 20:36:20.207371,Q4,652,5-10 years
1654,30,Non-Binary,Finance,Junior,11.3,10.3,7621.22,4.3,4.0,4.8,3.4,4.0,1,2,15.8,44,0,0,Hybrid,Master,Divorced,2017-09-21 20:36:20.207371,2025-11-18 20:36:20.207371,Q3,288,>10 years
1655,42,Male,Engineering,Senior,2.1,0.2,5747.35,4.0,3.0,4.1,3.7,4.2,0,4,11.3,47,1,1,Hybrid,Bachelor,Single,2025-12-04 20:36:20.207371,2026-06-23 20:36:20.207371,Q4,71,1-3 years
1656,33,Female,Engineering,Lead,9.2,1.0,6486.68,3.7,4.0,3.0,2.9,3.3,0,2,54.1,82,0,0,Hybrid,,Married,2020-08-10 20:36:20.207371,2026-01-05 20:36:20.207371,Q3,240,5-10 years
1657,38,Male,Marketing,Lead,4.8,4.2,6587.86,3.7,3.0,3.0,3.5,2.7,0,5,19.4,46,0,1,Onsite,,Single,2019-03-06 20:36:20.207371,2026-05-13 20:36:20.207371,Q1,112,3-5 years
1658,33,Female,Sales,Lead,6.7,2.4,6555.71,3.7,3.0,4.0,1.8,2.8,0,4,24.7,35,0,1,Onsite,Master,Married,2018-08-23 20:36:20.207371,2025-08-19 20:36:20.207371,Q3,379,5-10 years
1659,22,Female,Operations,Junior,0.5,0.5,3699.78,4.6,1.0,1.9,2.2,3.5,0,2,1.8,96,0,0,Onsite,Bachelor,Married,2017-09-18 20:36:20.207371,2025-11-11 20:36:20.207371,Q3,295,<1 year
1660,35,Female,Operations,Junior,0.7,0.7,4505.61,2.9,3.0,2.3,3.4,3.7,0,1,65.4,80,0,0,Hybrid,Bachelor,Divorced,2018-04-29 20:36:20.207371,2026-03-12 20:36:20.207371,Q2,174,<1 year
1661,22,Female,Operations,Lead,8.0,1.8,5101.4,4.1,4.0,2.1,2.3,4.1,1,0,7.5,39,1,1,Onsite,Bachelor,Single,2026-04-20 20:36:20.207371,2026-01-01 20:36:20.207371,Q2,244,5-10 years
1662,42,Male,Finance,Junior,2.4,0.5,6028.61,4.1,4.0,2.7,4.3,4.4,0,3,20.3,66,0,1,Onsite,Master,Married,2021-06-29 20:36:20.207371,2025-09-19 20:36:20.207371,Q2,348,1-3 years
1663,28,Female,Finance,Senior,0.5,0.5,4283.94,3.0,2.0,3.1,3.5,4.6,1,2,4.0,64,0,0,Onsite,Bachelor,Married,2025-04-15 20:36:20.207371,2026-08-30 20:36:20.207371,Q2,3,<1 year
1664,28,Female,Engineering,Senior,1.6,1.6,5782.75,3.5,2.0,2.9,4.6,3.5,1,2,18.4,97,1,0,Remote,Bachelor,Married,2016-10-28 20:36:20.207371,2025-06-04 20:36:20.207371,Q4,455,1-3 years
1665,34,Female,Finance,Junior,4.7,0.1,5508.01,1.6,2.0,3.6,4.8,3.9,1,1,3.7,53,0,0,Hybrid,Bachelor,Married,2020-10-09 20:36:20.207371,2023-09-17 20:36:20.207371,Q4,1081,3-5 years
1666,40,Female,Sales,Manager,9.5,8.0,7438.87,2.5,4.0,2.1,2.7,3.8,0,2,27.1,79,1,1,Hybrid,Bachelor,Married,2023-10-27 20:36:20.207371,2025-03-15 20:36:20.207371,Q4,536,5-10 years
1667,33,Male,HR,Manager,2.0,2.0,5373.53,3.2,3.0,3.8,3.8,3.7,1,3,5.1,86,0,0,Hybrid,Bachelor,Single,2026-02-09 20:36:20.207371,2023-07-19 20:36:20.207371,Q1,1141,1-3 years
1668,51,Male,HR,Junior,2.3,2.3,5410.56,3.0,2.0,2.6,2.6,3.3,1,2,24.7,44,0,0,Remote,Master,Married,2025-01-26 20:36:20.207371,2026-06-18 20:36:20.207371,Q1,76,1-3 years
1669,51,Female,Engineering,Senior,1.0,1.0,,3.5,3.0,3.7,3.6,4.5,1,1,13.5,91,0,1,Onsite,Master,,2025-02-13 20:36:20.207371,2026-02-01 20:36:20.207371,Q1,213,<1 year
1670,52,Male,Operations,Lead,3.6,0.5,7177.42,4.0,4.0,,2.8,3.9,0,3,3.7,63,0,1,Onsite,Master,Married,2024-10-22 20:36:20.207371,2022-10-05 20:36:20.207371,Q4,1428,3-5 years
1671,32,Female,Engineering,Junior,4.2,4.2,5735.58,3.9,4.0,3.4,2.5,4.1,0,1,29.3,74,0,1,Hybrid,Bachelor,Single,2024-07-28 20:36:20.207371,2026-01-31 20:36:20.207371,Q3,214,3-5 years
1672,22,Female,Engineering,Lead,4.0,3.4,4905.31,2.5,3.0,3.9,2.7,3.3,1,0,5.6,55,0,1,Hybrid,Master,Married,2021-12-27 20:36:20.207371,2026-08-06 20:36:20.207371,Q4,27,3-5 years
1673,47,Male,Sales,Senior,13.1,0.2,8493.36,3.8,3.0,3.9,4.1,3.0,0,2,1.0,97,0,0,Remote,Master,Single,2021-10-26 20:36:20.207371,2026-04-25 20:36:20.207371,Q4,130,>10 years
1674,30,Male,Engineering,Manager,0.5,0.5,4191.97,3.4,4.0,2.1,3.0,4.0,0,4,5.7,92,0,1,Hybrid,High School,Married,2018-06-25 20:36:20.207371,2024-02-12 20:36:20.207371,Q2,933,<1 year
1675,35,Female,Engineering,Executive,0.5,0.1,5548.22,3.7,4.0,2.8,3.2,3.6,1,3,10.2,78,0,1,Remote,Bachelor,Married,2018-08-05 20:36:20.207371,2025-01-12 20:36:20.207371,Q3,598,<1 year
1676,41,Male,Sales,Senior,0.5,0.5,6009.7,3.8,4.0,3.7,4.6,3.2,1,2,32.1,88,0,1,Hybrid,Bachelor,Married,2017-12-26 20:36:20.207371,2024-09-10 20:36:20.207371,Q4,722,<1 year
1677,22,Female,Operations,Junior,5.8,3.3,5411.2,4.1,3.0,4.4,3.0,3.7,0,0,12.8,116,0,0,Onsite,Bachelor,Married,2021-06-25 20:36:20.207371,2025-08-27 20:36:20.207371,Q2,371,5-10 years
1678,51,Female,Sales,Junior,2.7,2.7,6678.61,4.0,4.0,4.6,3.6,3.3,0,3,26.5,70,0,1,Onsite,Bachelor,Divorced,2019-07-20 20:36:20.207371,2023-06-25 20:36:20.207371,Q3,1165,1-3 years
1679,43,Female,IT,Intern,2.4,1.7,5857.42,3.8,4.0,4.1,3.8,5.0,0,1,36.6,64,0,0,Onsite,Bachelor,Married,2021-11-27 20:36:20.207371,2023-12-11 20:36:20.207371,Q4,996,1-3 years
1680,38,Male,Sales,Junior,18.2,3.8,8603.81,4.2,4.0,4.1,4.1,4.0,0,2,9.2,61,0,0,Onsite,PhD,Single,2020-09-21 20:36:20.207371,2024-01-05 20:36:20.207371,Q3,971,>10 years
1681,43,Male,Marketing,Junior,5.2,5.2,6404.18,3.9,3.0,3.3,2.3,4.1,1,1,1.1,65,0,0,Remote,Bachelor,Married,2022-12-18 20:36:20.207371,2025-09-22 20:36:20.207371,Q4,345,5-10 years
1682,40,Female,Marketing,Senior,6.5,6.5,6365.35,3.2,4.0,4.0,4.4,4.1,0,1,30.9,86,0,0,Hybrid,High School,Married,2017-05-10 20:36:20.207371,2026-02-23 20:36:20.207371,Q2,191,5-10 years
1683,36,Female,Finance,Junior,8.7,3.2,6547.36,4.5,4.0,2.9,4.2,3.8,0,1,21.9,104,1,0,Onsite,,Single,2019-03-26 20:36:20.207371,2026-08-01 20:36:20.207371,Q1,32,5-10 years
1684,31,Male,IT,Junior,0.5,0.5,4105.14,3.5,3.0,3.4,4.5,3.9,0,2,1.0,43,0,0,Hybrid,Bachelor,Married,2021-07-10 20:36:20.207371,2024-05-15 20:36:20.207371,Q3,840,<1 year
1685,27,Male,Operations,Junior,9.4,0.3,6637.3,4.1,4.0,2.9,3.0,3.2,1,2,5.0,44,0,1,Onsite,Master,Single,2017-03-16 20:36:20.207371,2026-08-10 20:36:20.207371,Q1,23,5-10 years
1686,37,Female,Sales,Senior,1.3,1.3,6025.14,3.8,2.0,4.7,3.5,2.7,0,1,14.0,71,1,0,Hybrid,Bachelor,Single,2021-12-03 20:36:20.207371,2026-06-09 20:36:20.207371,Q4,85,1-3 years
1687,38,Female,Sales,Lead,4.5,0.3,5494.32,4.0,1.0,3.8,4.6,4.4,0,3,2.8,106,1,0,Onsite,Bachelor,Single,2016-09-12 20:36:20.207371,2025-08-18 20:36:20.207371,Q3,380,3-5 years
1688,45,Female,HR,Senior,3.8,0.4,6042.01,3.8,3.0,,4.3,2.7,1,1,3.8,55,0,0,Remote,Master,Married,2024-09-28 20:36:20.207371,2025-10-02 20:36:20.207371,Q3,335,3-5 years
1689,37,Male,Operations,Junior,7.0,1.2,6871.14,2.9,3.0,3.4,3.7,4.1,0,1,1.0,105,0,1,Hybrid,Bachelor,Married,2017-11-30 20:36:20.207371,2026-05-24 20:36:20.207371,Q4,101,5-10 years
1690,26,Female,Finance,Senior,9.9,7.5,6326.83,3.1,2.0,3.7,3.5,3.9,0,2,3.2,52,0,1,Remote,High School,Divorced,2025-11-10 20:36:20.207371,2025-07-27 20:36:20.207371,Q4,402,5-10 years
1691,22,Female,Engineering,Senior,15.1,1.0,7781.76,3.4,3.0,2.2,2.8,2.8,1,0,9.8,93,0,1,Onsite,Master,Married,2021-10-04 20:36:20.207371,2023-04-28 20:36:20.207371,Q4,1223,>10 years
1692,33,Female,Sales,Junior,6.3,0.9,6601.16,4.5,1.0,4.3,2.8,3.2,1,2,19.4,55,0,1,Hybrid,Bachelor,Single,2021-07-05 20:36:20.207371,2023-11-28 20:36:20.207371,Q3,1009,5-10 years
1693,34,Male,IT,Executive,0.5,0.4,5419.73,5.0,4.0,3.1,4.3,3.9,0,1,1.6,58,0,0,Hybrid,PhD,Married,2020-04-26 20:36:20.207371,2026-08-11 20:36:20.207371,Q2,22,<1 year
1694,34,Female,Operations,Manager,8.3,0.4,5889.88,2.6,2.0,2.3,3.6,4.7,1,5,3.3,53,0,1,Hybrid,Master,Married,2025-09-10 20:36:20.207371,2025-07-23 20:36:20.207371,Q3,406,5-10 years
1695,22,Non-Binary,Finance,Manager,0.5,0.5,4363.37,3.8,3.0,3.0,3.1,3.4,0,2,17.6,77,0,0,Onsite,,Married,2024-05-18 20:36:20.207371,2026-08-13 20:36:20.207371,Q2,20,<1 year
1696,45,Male,Finance,Junior,10.8,0.1,7055.33,2.7,4.0,3.6,2.1,3.6,1,1,12.8,62,0,0,Onsite,High School,Single,2020-01-30 20:36:20.207371,2026-07-13 20:36:20.207371,Q1,51,>10 years
1697,45,Male,HR,Manager,1.7,1.1,,1.7,3.0,3.2,4.4,4.8,1,0,2.3,48,1,1,Onsite,PhD,Married,2021-02-10 20:36:20.207371,2026-08-27 20:36:20.207371,Q1,6,1-3 years
1698,26,Female,Finance,Junior,8.2,1.8,6269.78,4.1,2.0,4.3,3.1,3.7,1,3,20.9,82,0,0,Onsite,,Married,2025-11-23 20:36:20.207371,2023-07-27 20:36:20.207371,Q4,1133,5-10 years
1699,43,Male,Engineering,Junior,1.3,0.2,5322.86,2.5,2.0,4.4,2.3,3.7,0,2,2.3,77,0,0,Hybrid,High School,Married,2016-12-14 20:36:20.207371,2025-02-28 20:36:20.207371,Q4,551,1-3 years
1700,44,Male,Operations,Intern,6.1,6.1,5984.64,3.9,4.0,4.0,4.3,3.8,0,2,2.0,58,0,0,Onsite,Bachelor,Married,2018-03-01 20:36:20.207371,2026-04-18 20:36:20.207371,Q1,137,5-10 years
1701,35,Female,Sales,Manager,3.6,3.4,6634.74,3.0,2.0,4.1,4.2,5.0,0,1,3.1,74,0,1,Remote,Master,Single,2020-03-29 20:36:20.207371,2026-02-14 20:36:20.207371,Q1,200,3-5 years
1702,25,Male,Engineering,Senior,4.8,4.4,5187.18,3.2,3.0,4.1,3.3,4.5,1,0,10.2,53,0,0,Onsite,Master,Single,2024-01-18 20:36:20.207371,2025-12-03 20:36:20.207371,Q1,273,3-5 years
1703,51,Non-Binary,IT,Senior,6.1,0.5,6548.99,3.2,4.0,4.2,3.0,3.3,0,0,31.0,60,0,0,Onsite,High School,,2022-03-19 20:36:20.207371,2026-03-13 20:36:20.207371,Q1,173,5-10 years
1704,38,Female,HR,Manager,3.4,1.0,5440.04,4.3,3.0,2.4,3.4,3.5,1,1,1.0,46,0,0,Hybrid,Master,Divorced,2020-05-06 20:36:20.207371,2026-04-06 20:36:20.207371,Q2,149,3-5 years
1705,32,Male,Marketing,Senior,1.0,1.0,5299.15,3.0,,3.9,2.5,4.8,0,0,17.5,62,0,0,Remote,Bachelor,Married,2024-04-10 20:36:20.207371,2026-06-21 20:36:20.207371,Q2,73,<1 year
1706,42,Male,HR,Junior,11.2,2.1,7364.45,2.6,,4.1,4.6,3.8,1,3,1.0,95,0,0,Onsite,Bachelor,Married,2020-12-21 20:36:20.207371,2026-03-30 20:36:20.207371,Q4,156,>10 years
1707,51,Female,Marketing,Senior,4.9,4.3,7562.28,,3.0,3.2,3.2,4.0,0,4,25.3,17,0,0,Hybrid,Bachelor,Single,2021-03-12 20:36:20.207371,2025-09-13 20:36:20.207371,Q1,354,3-5 years
1708,30,Female,Engineering,Senior,22.9,6.8,9491.19,3.1,2.0,2.3,3.3,3.5,0,4,25.3,46,0,0,Hybrid,Master,Married,2020-12-04 20:36:20.207371,2026-05-21 20:36:20.207371,Q4,104,>10 years
1709,41,Female,Sales,Junior,1.4,1.0,4369.85,3.4,3.0,3.1,3.7,3.6,0,1,23.1,48,0,1,Onsite,Master,Married,2019-03-02 20:36:20.207371,2025-08-07 20:36:20.207371,Q1,391,1-3 years
1710,54,Male,Operations,Senior,1.1,0.9,6351.74,3.5,2.0,2.9,2.9,3.7,0,1,20.9,51,0,0,Onsite,Bachelor,Single,2020-04-19 20:36:20.207371,2026-05-24 20:36:20.207371,Q2,101,1-3 years
1711,23,Female,Sales,Senior,0.5,0.5,3750.77,4.9,3.0,3.3,4.4,2.8,1,3,51.0,49,0,0,Onsite,Bachelor,Single,2018-06-21 20:36:20.207371,2024-04-29 20:36:20.207371,Q2,856,<1 year
1712,29,Female,Operations,Senior,1.9,1.9,4206.7,,4.0,1.7,3.6,3.9,0,1,12.2,80,0,0,Onsite,Bachelor,Divorced,2026-03-08 20:36:20.207371,2026-01-12 20:36:20.207371,Q1,233,1-3 years
1713,29,Non-Binary,Operations,Senior,2.5,1.2,4504.41,3.2,3.0,3.1,2.8,3.0,1,3,5.3,115,1,0,Hybrid,Bachelor,Married,2021-02-06 20:36:20.207371,2021-03-12 20:36:20.207371,Q1,2000,1-3 years
1714,33,Female,Sales,Senior,5.4,5.4,6151.85,3.4,1.0,2.6,2.7,3.0,1,1,38.6,62,0,1,Onsite,Master,Married,2020-11-06 20:36:20.207371,2024-04-24 20:36:20.207371,Q4,861,5-10 years
1715,32,Male,Sales,Senior,0.8,0.3,5337.49,4.7,2.0,4.4,4.1,3.6,1,3,2.1,54,0,1,Remote,Master,Single,2020-04-20 20:36:20.207371,2025-05-04 20:36:20.207371,Q2,486,<1 year
1716,38,Female,Engineering,Junior,5.5,0.9,5695.68,5.0,2.0,2.1,4.1,4.1,0,4,13.0,71,1,0,Onsite,Master,Divorced,2017-03-20 20:36:20.207371,2026-01-21 20:36:20.207371,Q1,224,5-10 years
1717,26,Female,Engineering,Senior,2.8,0.8,4741.54,3.2,,3.2,3.1,3.8,0,2,2.3,25,0,0,Remote,Bachelor,Single,2018-12-04 20:36:20.207371,2025-12-22 20:36:20.207371,Q4,254,1-3 years
1718,28,Female,HR,Manager,3.0,3.0,6060.57,4.9,1.0,,2.5,4.2,0,0,15.7,93,1,0,Onsite,Bachelor,Single,2026-06-22 20:36:20.207371,2025-07-16 20:36:20.207371,Q2,413,1-3 years
1719,38,Non-Binary,Sales,Lead,1.8,1.8,5287.06,2.4,3.0,3.1,2.9,4.2,1,5,1.0,60,0,0,Hybrid,Master,,2023-05-04 20:36:20.207371,2025-06-19 20:36:20.207371,Q2,440,1-3 years
1720,36,Female,HR,Lead,6.3,6.3,5726.35,3.3,2.0,4.2,3.2,3.5,0,5,26.2,39,0,0,Remote,Master,Married,2020-02-28 20:36:20.207371,2026-06-05 20:36:20.207371,Q1,89,5-10 years
1721,43,Non-Binary,Operations,Executive,6.5,1.4,6138.64,2.8,2.0,4.0,4.9,3.9,0,2,6.8,71,0,0,Onsite,Bachelor,Married,2017-08-03 20:36:20.207371,2026-04-18 20:36:20.207371,Q3,137,5-10 years
1722,39,Female,Operations,Senior,0.6,0.6,5664.51,4.8,4.0,2.8,3.2,3.8,0,6,6.9,110,0,0,Remote,Master,Single,2022-05-04 20:36:20.207371,2025-03-13 20:36:20.207371,Q2,538,<1 year
1723,42,Female,Operations,Lead,9.8,0.5,7356.99,3.8,3.0,3.1,2.7,2.7,0,1,1.5,58,0,1,Onsite,Bachelor,Married,2024-02-18 20:36:20.207371,2026-05-23 20:36:20.207371,Q1,102,5-10 years
1724,23,Male,Finance,Junior,21.9,1.3,9465.03,4.5,3.0,3.1,3.6,3.8,1,3,16.5,58,0,1,Onsite,Bachelor,,2023-06-27 20:36:20.207371,2025-09-16 20:36:20.207371,Q2,351,>10 years
1725,31,Male,Engineering,Senior,1.3,1.3,,2.1,3.0,3.4,2.4,3.5,0,3,5.1,85,0,0,Hybrid,Master,Married,2023-04-20 20:36:20.207371,2025-10-23 20:36:20.207371,Q2,314,1-3 years
1726,53,Male,Operations,Senior,6.4,0.6,6794.76,4.6,4.0,3.8,2.6,3.2,0,0,11.8,68,0,0,Hybrid,Bachelor,Divorced,2018-06-08 20:36:20.207371,2026-08-15 20:36:20.207371,Q2,18,5-10 years
1727,38,Female,Finance,Manager,15.5,2.2,8826.31,4.5,4.0,3.1,3.0,4.4,0,2,1.0,71,0,1,Onsite,Bachelor,,2017-08-25 20:36:20.207371,2025-07-03 20:36:20.207371,Q3,426,>10 years
1728,42,Male,Marketing,Junior,0.5,0.5,,3.7,3.0,4.1,2.3,3.9,1,0,13.4,39,0,0,Hybrid,Bachelor,Married,2017-07-17 20:36:20.207371,2025-02-27 20:36:20.207371,Q3,552,<1 year
1729,37,Female,Engineering,Junior,25.0,1.0,10883.93,3.3,3.0,3.8,3.9,3.8,0,1,7.9,83,0,0,Remote,Bachelor,Married,2017-02-23 20:36:20.207371,2025-11-29 20:36:20.207371,Q1,277,>10 years
1730,39,Male,Engineering,Lead,14.4,0.4,8362.5,3.0,4.0,3.4,3.7,4.8,0,1,2.5,48,0,0,Hybrid,Master,Married,2019-10-17 20:36:20.207371,2024-10-15 20:36:20.207371,Q4,687,>10 years
1731,32,Female,Sales,Lead,6.4,6.1,6062.94,,3.0,2.0,4.3,3.7,0,3,2.1,41,0,0,Onsite,Master,Married,2022-11-07 20:36:20.207371,2026-07-08 20:36:20.207371,Q4,56,5-10 years
1732,65,Female,Operations,Lead,4.3,4.3,7431.22,2.5,3.0,3.2,2.5,4.2,0,3,1.7,34,0,0,Hybrid,Bachelor,Married,2016-12-08 20:36:20.207371,2025-01-29 20:36:20.207371,Q4,581,3-5 years
1733,31,Male,Engineering,Senior,0.5,0.5,4420.7,4.1,2.0,3.1,4.1,3.8,0,3,1.1,69,0,0,Hybrid,Bachelor,Married,2023-12-16 20:36:20.207371,2026-03-11 20:36:20.207371,Q4,175,<1 year
1734,34,Male,Engineering,Lead,5.4,0.9,5840.12,3.8,3.0,3.1,2.4,3.7,0,2,4.5,72,0,0,Remote,PhD,Married,2020-12-01 20:36:20.207371,2024-11-14 20:36:20.207371,Q4,657,5-10 years
1735,22,Non-Binary,Marketing,Senior,3.9,3.9,5367.03,3.3,3.0,2.6,3.9,3.5,0,2,2.7,69,0,0,Hybrid,High School,Married,2024-05-08 20:36:20.207371,2025-12-10 20:36:20.207371,Q2,266,3-5 years
1736,46,Female,Engineering,Junior,0.9,0.9,5445.51,3.4,3.0,2.2,2.8,3.5,0,0,12.5,57,0,0,Onsite,Master,Married,2019-06-20 20:36:20.207371,2026-03-21 20:36:20.207371,Q2,165,<1 year
1737,29,Female,Marketing,Lead,11.9,2.3,7092.17,4.9,2.0,2.5,2.5,3.4,1,2,10.6,47,0,1,Hybrid,Master,Single,2020-11-15 20:36:20.207371,2026-02-21 20:36:20.207371,Q4,193,>10 years
1738,34,Female,Operations,Manager,3.4,3.4,5066.09,2.8,3.0,2.5,3.6,4.3,0,2,1.0,77,0,0,Onsite,High School,Married,2019-07-23 20:36:20.207371,2024-10-08 20:36:20.207371,Q3,694,3-5 years
1739,29,Female,IT,Executive,1.0,1.0,4567.72,3.9,3.0,3.3,4.0,3.7,0,3,26.3,55,1,0,Onsite,High School,Single,2025-01-18 20:36:20.207371,2026-08-22 20:36:20.207371,Q1,11,<1 year
1740,33,Male,Engineering,Manager,7.8,0.1,6572.44,2.9,3.0,2.7,2.3,4.1,0,5,10.4,55,0,0,Hybrid,Bachelor,Married,2019-01-04 20:36:20.207371,2023-08-21 20:36:20.207371,Q1,1108,5-10 years
1741,32,Male,Marketing,Junior,2.3,2.3,4736.39,3.7,4.0,3.8,3.0,3.5,0,5,49.9,62,0,0,Hybrid,Bachelor,Single,2020-02-20 20:36:20.207371,2022-06-26 20:36:20.207371,Q1,1529,1-3 years
1742,34,Male,Sales,Manager,2.3,2.3,4716.14,,2.0,,3.6,4.2,0,7,1.5,63,0,0,Hybrid,Bachelor,Married,2024-08-16 20:36:20.207371,2026-08-11 20:36:20.207371,Q3,22,1-3 years
1743,34,Female,HR,Executive,1.9,0.2,4617.16,3.1,3.0,3.6,2.5,4.4,0,4,47.7,109,0,0,Hybrid,High School,Single,2021-08-25 20:36:20.207371,2022-04-03 20:36:20.207371,Q3,1613,1-3 years
1744,33,Female,Operations,Manager,16.3,3.6,8623.56,3.1,2.0,4.1,2.3,4.3,0,3,9.4,45,0,0,Onsite,Bachelor,Single,2019-04-06 20:36:20.207371,2025-08-13 20:36:20.207371,Q2,385,>10 years
1745,33,Female,IT,Executive,0.5,0.5,4694.57,3.8,3.0,2.3,3.4,3.3,0,2,8.5,74,0,1,Onsite,Bachelor,Married,2018-11-28 20:36:20.207371,2026-02-09 20:36:20.207371,Q4,205,<1 year
1746,48,Male,Sales,Junior,3.7,1.5,6447.11,3.6,3.0,3.0,4.5,3.1,0,3,20.1,39,0,1,Onsite,Master,Married,2017-06-10 20:36:20.207371,2026-08-13 20:36:20.207371,Q2,20,3-5 years
1747,43,Female,IT,Senior,7.1,3.9,7052.39,3.1,3.0,3.6,3.7,4.5,1,2,8.3,60,1,0,Remote,Master,Married,2017-01-28 20:36:20.207371,2026-01-23 20:36:20.207371,Q1,222,5-10 years
1748,43,Female,Engineering,Senior,9.0,3.4,6767.49,3.0,2.0,4.3,3.3,2.9,0,4,1.0,62,0,0,Onsite,Bachelor,Married,2020-06-24 20:36:20.207371,2025-07-18 20:36:20.207371,Q2,411,5-10 years
1749,27,Male,Sales,Junior,3.9,0.2,5870.76,3.0,3.0,3.3,3.7,3.8,0,3,44.1,70,0,0,Hybrid,Bachelor,Single,2025-09-11 20:36:20.207371,2026-04-03 20:36:20.207371,Q3,152,3-5 years
1750,47,Female,Sales,Manager,7.3,3.8,6663.32,3.7,4.0,3.0,4.0,3.4,0,0,7.5,63,0,0,Remote,High School,,2019-05-04 20:36:20.207371,2025-05-22 20:36:20.207371,Q2,468,5-10 years
1751,46,Female,Finance,Lead,18.1,1.3,9162.34,3.2,1.0,4.1,2.6,3.0,0,1,1.0,73,0,0,Onsite,Bachelor,Married,2024-10-20 20:36:20.207371,2026-08-31 20:36:20.207371,Q4,2,>10 years
1752,29,Male,Engineering,Senior,4.0,3.7,5970.84,3.7,3.0,2.8,3.1,2.9,1,0,12.9,55,1,1,Onsite,Bachelor,Married,2021-05-31 20:36:20.207371,2025-07-02 20:36:20.207371,Q2,427,3-5 years
1753,50,Female,HR,Senior,2.1,2.1,7097.25,3.3,2.0,3.4,2.9,3.5,0,1,21.1,51,0,0,Onsite,Bachelor,Married,2017-01-31 20:36:20.207371,2025-11-25 20:36:20.207371,Q1,281,1-3 years
1754,28,Female,Operations,Junior,25.0,0.3,10128.05,4.8,3.0,2.9,4.1,3.5,1,3,12.6,74,0,0,Onsite,Bachelor,Married,2025-07-12 20:36:20.207371,2026-06-14 20:36:20.207371,Q3,80,>10 years
1755,22,Female,Engineering,Manager,9.9,0.4,6516.7,3.8,2.0,3.6,3.4,3.4,0,0,12.3,65,0,0,Onsite,Master,Married,2025-02-11 20:36:20.207371,2026-02-13 20:36:20.207371,Q1,201,5-10 years
1756,46,Female,HR,Lead,2.2,2.2,5590.75,3.8,3.0,3.9,3.4,4.4,0,6,6.1,64,1,0,Hybrid,Bachelor,Married,2017-04-03 20:36:20.207371,2025-09-16 20:36:20.207371,Q2,351,1-3 years
1757,33,Male,Operations,Executive,10.4,0.3,7417.77,4.1,,2.6,4.4,4.2,0,2,11.1,39,0,0,Hybrid,High School,Single,2017-11-05 20:36:20.207371,2026-02-09 20:36:20.207371,Q4,205,>10 years
1758,44,Female,IT,Senior,7.7,1.5,6830.01,3.7,1.0,4.4,3.8,3.3,0,0,11.6,96,0,0,Onsite,,Married,2022-11-04 20:36:20.207371,2026-08-08 20:36:20.207371,Q4,25,5-10 years
1759,27,Female,Operations,Manager,5.5,5.5,5487.28,3.5,2.0,,3.2,2.8,0,2,10.0,35,0,0,Hybrid,Master,Single,2022-03-16 20:36:20.207371,2026-04-17 20:36:20.207371,Q1,138,5-10 years
1760,22,Male,Finance,Executive,4.6,4.6,4669.34,3.5,2.0,,4.7,2.9,0,4,31.1,53,0,1,Remote,Bachelor,Married,2022-07-18 20:36:20.207371,2026-02-14 20:36:20.207371,Q3,200,3-5 years
1761,47,Female,Engineering,Lead,0.5,0.2,5489.76,2.9,4.0,3.5,4.5,4.5,1,3,9.6,55,0,1,Hybrid,Bachelor,Married,2020-12-08 20:36:20.207371,2025-06-27 20:36:20.207371,Q4,432,<1 year
1762,22,Female,IT,Junior,7.0,7.0,5793.91,3.8,2.0,3.6,3.1,4.2,0,1,25.5,90,1,0,Remote,High School,Divorced,2019-06-23 20:36:20.207371,2024-12-07 20:36:20.207371,Q2,634,5-10 years
1763,22,Male,HR,Lead,0.9,0.9,4402.2,,4.0,3.9,3.0,3.9,0,2,28.7,33,0,0,Hybrid,Bachelor,Married,2025-07-01 20:36:20.207371,2024-05-29 20:36:20.207371,Q3,826,<1 year
1764,22,Female,Engineering,Junior,7.5,2.5,4926.4,4.1,1.0,3.5,2.2,3.6,1,2,55.3,71,0,0,Hybrid,Bachelor,Single,2019-01-29 20:36:20.207371,2022-07-04 20:36:20.207371,Q1,1521,5-10 years
1765,22,Female,Engineering,Junior,6.5,2.3,5184.01,4.1,2.0,3.3,1.9,3.0,0,3,36.5,36,0,1,Onsite,Master,Single,2023-04-19 20:36:20.207371,2024-02-28 20:36:20.207371,Q2,917,5-10 years
1766,24,Female,Sales,Manager,2.9,2.9,5302.54,4.5,2.0,3.1,3.7,4.4,1,0,26.1,38,0,0,Onsite,Master,Divorced,2026-01-15 20:36:20.207371,2023-08-24 20:36:20.207371,Q1,1105,1-3 years
1767,22,Female,Finance,Lead,0.6,0.6,3861.52,3.4,3.0,3.2,2.7,3.2,1,4,2.3,44,0,0,Onsite,Bachelor,Divorced,2026-01-18 20:36:20.207371,2022-12-02 20:36:20.207371,Q1,1370,<1 year
1768,34,Male,Finance,Lead,2.9,2.9,5930.09,4.6,4.0,,3.2,3.9,1,2,1.0,82,0,1,Hybrid,Bachelor,Married,2024-07-16 20:36:20.207371,2026-07-18 20:36:20.207371,Q3,46,1-3 years
1769,22,Male,Engineering,Junior,0.6,0.6,3135.04,3.1,3.0,1.3,3.0,4.0,0,0,6.2,107,0,0,Hybrid,PhD,Single,2021-03-07 20:36:20.207371,2026-06-26 20:36:20.207371,Q1,68,<1 year
1770,24,Female,Engineering,Manager,1.8,0.3,5550.14,4.1,4.0,2.7,4.2,4.3,0,2,2.6,75,0,0,Remote,Master,Single,2025-10-10 20:36:20.207371,2024-12-24 20:36:20.207371,Q4,617,1-3 years
1771,58,Male,Operations,Junior,1.5,1.5,6420.74,3.7,3.0,3.3,3.0,4.2,0,2,3.7,57,0,0,Onsite,Bachelor,Married,2017-10-14 20:36:20.207371,2026-01-07 20:36:20.207371,Q4,238,1-3 years
1772,38,Male,Marketing,Executive,3.0,2.6,5933.71,2.4,4.0,2.7,3.8,3.6,0,2,1.0,89,0,0,Hybrid,Bachelor,Married,2018-09-30 20:36:20.207371,2026-01-23 20:36:20.207371,Q3,222,1-3 years
1773,35,Male,Finance,Lead,0.5,0.5,5934.27,5.0,3.0,2.3,2.9,4.5,0,3,43.4,59,0,0,Onsite,PhD,Married,2022-01-10 20:36:20.207371,2026-03-11 20:36:20.207371,Q1,175,<1 year
1774,22,Female,Operations,Lead,2.3,2.3,5038.76,3.8,2.0,2.9,4.0,4.5,1,2,7.3,50,0,0,Onsite,Bachelor,Married,2020-05-08 20:36:20.207371,2024-04-03 20:36:20.207371,Q2,882,1-3 years
1775,32,Female,Engineering,Junior,5.5,5.5,4287.12,3.3,3.0,2.5,3.4,3.1,1,1,1.7,46,1,1,Onsite,Master,Married,2020-10-25 20:36:20.207371,2024-12-21 20:36:20.207371,Q4,620,5-10 years
1776,35,Female,Sales,Senior,6.1,5.5,6407.79,3.3,4.0,2.0,3.7,2.8,0,1,19.3,44,0,1,Onsite,Master,Married,2017-01-23 20:36:20.207371,2025-08-04 20:36:20.207371,Q1,394,5-10 years
1777,22,Female,Engineering,Junior,0.5,0.5,4385.95,3.9,1.0,4.1,2.9,3.8,1,1,4.5,76,0,0,Remote,High School,Single,2018-07-02 20:36:20.207371,2026-07-23 20:36:20.207371,Q3,41,<1 year
1778,36,Male,Finance,Lead,4.7,1.2,6195.1,4.9,2.0,4.2,2.7,4.8,1,3,2.7,64,1,1,Onsite,Bachelor,Single,2017-07-18 20:36:20.207371,2025-06-24 20:36:20.207371,Q3,435,3-5 years
1779,46,Male,Engineering,Lead,1.4,1.1,5912.62,3.8,4.0,2.9,2.7,3.1,0,4,12.9,61,0,0,Onsite,Master,Married,2020-06-11 20:36:20.207371,2025-12-06 20:36:20.207371,Q2,270,1-3 years
1780,31,Female,IT,Executive,2.6,0.6,4497.73,4.4,4.0,3.6,3.3,4.1,0,6,1.6,59,0,0,Onsite,Bachelor,Married,2024-07-23 20:36:20.207371,2026-03-13 20:36:20.207371,Q3,173,1-3 years
1781,33,Male,HR,Junior,0.6,0.6,4312.66,3.3,4.0,2.7,3.2,3.6,0,0,1.0,28,0,0,Hybrid,Bachelor,Married,2018-12-13 20:36:20.207371,2023-11-16 20:36:20.207371,Q4,1021,<1 year
1782,22,Female,IT,Junior,0.5,0.5,3090.11,4.9,2.0,2.3,3.9,4.0,0,2,5.9,45,0,0,Onsite,Bachelor,,2023-10-04 20:36:20.207371,2025-09-11 20:36:20.207371,Q4,356,<1 year
1783,22,Male,Finance,Manager,7.8,7.8,5547.38,2.5,3.0,4.2,3.0,3.7,0,0,14.7,41,0,0,Onsite,Master,Married,2019-05-04 20:36:20.207371,2024-04-06 20:36:20.207371,Q2,879,5-10 years
1784,45,Male,Operations,Junior,1.7,0.1,6836.24,5.0,4.0,3.6,2.6,3.0,1,5,19.1,61,0,0,Hybrid,High School,Married,2021-08-05 20:36:20.207371,2024-11-07 20:36:20.207371,Q3,664,1-3 years
1785,28,Female,Finance,Junior,0.9,0.9,4425.33,3.7,3.0,3.0,3.3,3.6,0,4,29.3,63,0,0,Hybrid,Bachelor,Single,2017-09-13 20:36:20.207371,2026-08-13 20:36:20.207371,Q3,20,<1 year
1786,25,Female,Engineering,Senior,3.1,3.1,5124.9,3.1,3.0,2.9,2.9,3.5,0,0,1.5,64,0,0,Remote,Bachelor,Married,2017-08-30 20:36:20.207371,2026-07-17 20:36:20.207371,Q3,47,3-5 years
1787,28,Female,HR,Manager,10.8,1.8,7071.28,3.3,3.0,3.1,2.9,3.4,1,3,1.0,64,0,0,Onsite,Bachelor,Married,2025-08-17 20:36:20.207371,2023-03-28 20:36:20.207371,Q3,1254,>10 years
1788,34,Female,Operations,Manager,3.5,0.6,4880.89,3.8,2.0,2.5,4.3,3.5,1,4,14.6,54,0,0,Hybrid,Bachelor,Married,2025-12-16 20:36:20.207371,2026-04-20 20:36:20.207371,Q4,135,3-5 years
1789,23,Female,HR,Junior,0.7,0.7,4681.86,4.3,4.0,3.0,4.4,3.2,1,2,31.7,79,1,1,Onsite,Bachelor,Single,2024-03-26 20:36:20.207371,2021-03-12 20:36:20.207371,Q1,2000,<1 year
1790,36,Male,IT,Junior,1.5,1.5,5538.79,3.2,3.0,4.1,3.7,4.2,0,2,11.8,10,0,1,Onsite,Master,Married,2022-02-09 20:36:20.207371,2026-01-16 20:36:20.207371,Q1,229,1-3 years
1791,22,Male,Engineering,Manager,1.9,0.4,4567.68,3.4,2.0,4.3,1.7,4.0,0,0,13.7,47,0,0,Hybrid,High School,Single,2019-09-05 20:36:20.207371,2026-07-06 20:36:20.207371,Q3,58,1-3 years
1792,42,Non-Binary,Engineering,Senior,0.6,0.6,5174.95,4.3,3.0,3.1,4.3,4.5,0,2,7.6,38,0,0,Remote,Bachelor,Married,2021-06-14 20:36:20.207371,2025-10-21 20:36:20.207371,Q2,316,<1 year
1793,24,Female,Engineering,Intern,8.5,0.1,6223.88,3.3,3.0,4.2,2.6,3.0,1,2,65.9,51,0,0,Hybrid,Bachelor,Single,2021-05-18 20:36:20.207371,2026-06-22 20:36:20.207371,Q2,72,5-10 years
1794,48,Non-Binary,Finance,Lead,4.0,3.5,6077.06,4.8,1.0,3.2,2.6,3.0,1,3,1.6,89,0,0,Remote,Master,Married,2016-10-16 20:36:20.207371,2025-09-07 20:36:20.207371,Q4,360,3-5 years
1795,34,Female,Operations,Intern,11.6,2.5,7807.3,3.2,3.0,3.3,3.2,3.0,0,3,4.9,88,0,0,Hybrid,Bachelor,Single,2017-07-22 20:36:20.207371,2025-05-26 20:36:20.207371,Q3,464,>10 years
1796,26,Male,Finance,Senior,4.8,2.8,5478.75,4.3,2.0,,4.2,3.6,1,0,25.6,62,0,0,Onsite,Bachelor,Married,2022-12-22 20:36:20.207371,2026-01-05 20:36:20.207371,Q4,240,3-5 years
1797,44,Female,Operations,Executive,0.5,0.4,,3.7,2.0,2.8,2.8,4.1,1,3,7.3,33,1,1,Onsite,Master,Married,2026-04-02 20:36:20.207371,2025-12-01 20:36:20.207371,Q2,275,<1 year
1798,22,Non-Binary,IT,Senior,10.9,6.2,6891.03,3.9,,2.5,2.5,3.3,0,3,1.0,34,0,0,Remote,Master,Single,2022-06-21 20:36:20.207371,2025-12-31 20:36:20.207371,Q2,245,>10 years
1799,29,Female,Sales,Lead,0.6,0.6,4564.02,5.0,4.0,3.3,4.2,3.8,0,3,18.0,91,0,0,Onsite,Master,Single,2017-12-23 20:36:20.207371,2026-03-01 20:36:20.207371,Q4,185,<1 year
1800,34,Male,Sales,Junior,4.7,0.3,5970.11,2.8,4.0,2.9,4.1,4.4,1,3,26.6,87,0,0,Remote,Master,Single,2020-06-17 20:36:20.207371,2023-08-27 20:36:20.207371,Q2,1102,3-5 years
1801,33,Male,Marketing,Junior,2.2,1.3,5017.9,3.7,2.0,,3.2,2.7,0,2,12.5,111,0,0,Hybrid,Bachelor,Married,2023-03-02 20:36:20.207371,2025-06-04 20:36:20.207371,Q1,455,1-3 years
1802,22,Male,Sales,Senior,6.4,3.0,5096.61,3.3,4.0,4.2,3.8,3.8,0,2,7.1,103,0,0,Hybrid,PhD,Married,2022-10-28 20:36:20.207371,2026-05-19 20:36:20.207371,Q4,106,5-10 years
1803,25,Female,Operations,Junior,0.5,0.5,4403.2,4.2,2.0,2.6,4.3,3.8,0,4,26.5,100,0,1,Onsite,High School,Divorced,2023-01-14 20:36:20.207371,2026-05-03 20:36:20.207371,Q1,122,<1 year
1804,36,Male,Operations,Senior,7.9,0.9,6683.92,3.8,,4.3,4.1,4.8,0,4,9.3,58,0,0,Onsite,Master,Married,2025-09-19 20:36:20.207371,2025-05-26 20:36:20.207371,Q3,464,5-10 years
1805,22,Female,Sales,Junior,8.1,0.6,4812.76,2.9,,4.2,4.0,4.2,0,0,9.7,57,0,1,Remote,Bachelor,Married,2026-02-19 20:36:20.207371,2026-07-28 20:36:20.207371,Q1,36,5-10 years
1806,47,Male,Engineering,Junior,1.3,1.3,5811.79,2.6,3.0,3.9,3.9,4.0,0,1,17.9,46,0,0,Remote,Bachelor,Married,2019-04-24 20:36:20.207371,2025-09-06 20:36:20.207371,Q2,361,1-3 years
1807,39,Male,IT,Intern,0.9,0.9,4960.95,3.9,3.0,2.9,4.9,3.0,0,1,1.0,58,0,1,Onsite,Bachelor,Married,2022-06-06 20:36:20.207371,2026-06-27 20:36:20.207371,Q2,67,<1 year
1808,29,Female,Sales,Senior,5.1,0.3,6422.49,3.6,2.0,3.2,3.2,3.5,0,3,14.4,22,0,0,Onsite,Master,Married,2022-10-23 20:36:20.207371,2025-09-13 20:36:20.207371,Q4,354,5-10 years
1809,32,Male,Finance,Manager,5.2,5.2,6368.65,2.3,3.0,4.0,4.1,3.0,0,3,5.0,58,0,0,Hybrid,Master,Single,2021-09-09 20:36:20.207371,2025-12-27 20:36:20.207371,Q3,249,5-10 years
1810,53,Female,Operations,Senior,1.7,1.7,6911.83,4.0,3.0,2.4,3.5,2.6,1,4,11.0,61,0,1,Onsite,Bachelor,Married,2021-08-25 20:36:20.207371,2024-03-29 20:36:20.207371,Q3,887,1-3 years
1811,44,Male,IT,Junior,3.9,0.2,6734.68,3.7,,3.7,3.8,3.5,0,2,5.8,39,1,0,Onsite,Bachelor,Divorced,2018-02-28 20:36:20.207371,2025-08-23 20:36:20.207371,Q1,375,3-5 years
1812,38,Male,HR,Lead,10.7,1.2,6183.86,3.7,3.0,2.5,3.2,3.4,1,3,4.1,76,0,0,Onsite,Bachelor,Married,2019-10-12 20:36:20.207371,2025-08-10 20:36:20.207371,Q4,388,>10 years
1813,22,Male,Engineering,Senior,3.5,3.5,6023.16,3.5,3.0,4.1,3.9,4.2,1,1,7.7,52,0,0,Hybrid,High School,Single,2021-08-22 20:36:20.207371,2024-10-27 20:36:20.207371,Q3,675,3-5 years
1814,51,Male,Engineering,Junior,0.6,0.6,5918.26,3.3,4.0,2.7,3.8,4.2,0,1,1.2,64,0,1,Hybrid,Master,Married,2017-12-10 20:36:20.207371,2026-08-31 20:36:20.207371,Q4,2,<1 year
1815,45,Female,Engineering,Senior,10.4,1.6,8225.7,3.0,2.0,3.4,2.8,2.6,1,1,32.2,71,1,0,Onsite,High School,Married,2025-02-19 20:36:20.207371,2022-05-07 20:36:20.207371,Q1,1579,>10 years
1816,33,Male,Engineering,Manager,0.9,0.9,6278.39,3.7,3.0,3.3,3.3,3.7,0,3,8.6,58,0,1,Onsite,Bachelor,Married,2026-04-05 20:36:20.207371,2025-09-17 20:36:20.207371,Q2,350,<1 year
1817,29,Female,Marketing,Manager,4.3,0.5,5669.03,4.0,3.0,2.5,4.4,3.4,0,2,37.1,87,0,0,Onsite,Bachelor,Married,2017-12-22 20:36:20.207371,2026-09-01 20:36:20.207371,Q4,1,3-5 years
1818,33,Female,Finance,Manager,8.3,0.1,5216.78,1.6,3.0,3.1,3.0,4.1,0,1,11.3,31,0,1,Remote,High School,Divorced,2024-12-11 20:36:20.207371,2026-06-21 20:36:20.207371,Q4,73,5-10 years
1819,22,Male,Marketing,Junior,8.1,0.3,5636.34,2.8,3.0,3.7,3.6,4.0,0,1,55.0,25,0,0,Hybrid,Bachelor,Married,2021-10-26 20:36:20.207371,2026-04-06 20:36:20.207371,Q4,149,5-10 years
1820,30,Male,Sales,Intern,1.5,1.3,5449.2,4.1,2.0,1.7,2.8,4.4,0,2,1.0,67,0,0,Onsite,Bachelor,Married,2024-08-02 20:36:20.207371,2024-09-17 20:36:20.207371,Q3,715,1-3 years
1821,42,Female,Engineering,Manager,3.9,3.9,5996.5,4.0,,3.1,3.4,3.0,1,2,16.8,40,0,0,Remote,High School,Married,2023-07-15 20:36:20.207371,2026-04-08 20:36:20.207371,Q3,147,3-5 years
1822,22,Female,Operations,Senior,3.9,0.9,4422.17,2.8,2.0,2.7,3.8,4.5,0,4,38.5,43,0,1,Hybrid,PhD,,2025-05-27 20:36:20.207371,2025-11-17 20:36:20.207371,Q2,289,3-5 years
1823,31,Female,Marketing,Manager,3.0,1.2,5868.2,3.1,2.0,4.6,3.0,3.5,0,2,14.8,59,0,0,Onsite,Bachelor,Married,2019-09-18 20:36:20.207371,2025-12-27 20:36:20.207371,Q3,249,1-3 years
1824,36,Non-Binary,Operations,Senior,16.6,4.6,8210.73,,4.0,3.1,4.2,3.4,0,0,68.6,41,0,1,Hybrid,Master,Single,2022-06-06 20:36:20.207371,2024-12-21 20:36:20.207371,Q2,620,>10 years
1825,36,Male,Operations,Junior,2.5,2.5,5353.05,3.8,2.0,4.2,2.9,3.1,0,3,7.1,46,0,0,Hybrid,Bachelor,Married,2025-07-18 20:36:20.207371,2026-08-13 20:36:20.207371,Q3,20,1-3 years
1826,23,Female,Finance,Junior,1.6,0.5,4507.13,3.0,3.0,,4.4,4.5,0,3,1.0,31,0,0,Onsite,Master,Single,2018-02-09 20:36:20.207371,2025-08-20 20:36:20.207371,Q1,378,1-3 years
1827,23,Male,HR,Senior,5.2,0.1,5204.37,3.0,3.0,2.8,4.4,3.4,0,5,4.4,25,1,0,Onsite,Bachelor,Divorced,2018-03-10 20:36:20.207371,2021-03-12 20:36:20.207371,Q1,2000,5-10 years
1828,45,Male,Engineering,Senior,6.8,2.5,7367.81,4.4,2.0,3.7,2.2,3.6,1,2,32.9,59,0,0,Onsite,PhD,Single,2024-06-28 20:36:20.207371,2026-03-23 20:36:20.207371,Q2,163,5-10 years
1829,22,Male,Engineering,Manager,0.5,0.5,4893.96,3.3,3.0,2.8,4.3,3.8,0,2,4.2,78,1,0,Onsite,PhD,Married,2019-11-15 20:36:20.207371,2024-03-03 20:36:20.207371,Q4,913,<1 year
1830,45,Male,Marketing,Junior,4.4,4.4,6604.81,2.9,3.0,3.6,3.6,3.8,1,5,1.6,35,0,1,Onsite,Bachelor,Single,2023-06-22 20:36:20.207371,2026-08-11 20:36:20.207371,Q2,22,3-5 years
1831,30,Male,Sales,Lead,0.5,0.5,4425.15,3.2,2.0,2.7,3.6,3.8,1,1,12.7,51,0,0,Onsite,Bachelor,Divorced,2019-04-16 20:36:20.207371,2024-04-01 20:36:20.207371,Q2,884,<1 year
1832,45,Male,HR,Junior,0.5,0.1,6164.53,4.3,3.0,4.8,2.7,3.5,0,1,1.8,67,1,0,Remote,High School,Single,2019-02-05 20:36:20.207371,2025-07-07 20:36:20.207371,Q1,422,<1 year
1833,30,Female,Operations,Junior,6.9,1.5,5733.48,3.0,1.0,2.8,4.4,3.2,1,1,20.1,65,0,1,Onsite,High School,Single,2021-10-26 20:36:20.207371,2023-11-13 20:36:20.207371,Q4,1024,5-10 years
1834,23,Male,Engineering,Senior,8.2,5.5,6097.37,3.3,3.0,,3.4,3.3,0,2,8.7,52,0,0,Hybrid,Bachelor,Single,2018-10-07 20:36:20.207371,2026-03-02 20:36:20.207371,Q4,184,5-10 years
1835,43,Male,Operations,Intern,0.9,0.4,5716.73,4.2,2.0,2.6,4.0,5.0,0,0,25.7,35,0,0,Remote,High School,Married,2026-07-01 20:36:20.207371,2021-04-10 20:36:20.207371,Q3,1971,<1 year
1836,34,Female,Finance,Manager,6.5,4.3,5472.45,2.8,4.0,2.9,2.8,4.1,0,2,50.7,26,0,0,Hybrid,Master,Divorced,2023-06-15 20:36:20.207371,2026-08-05 20:36:20.207371,Q2,28,5-10 years
1837,49,Female,Engineering,Senior,0.5,0.5,5846.01,3.7,3.0,3.4,1.8,3.7,0,4,12.0,62,0,1,Remote,,Divorced,2022-02-22 20:36:20.207371,2026-08-07 20:36:20.207371,Q1,26,<1 year
1838,43,Female,Operations,Intern,16.9,0.8,8741.59,3.3,2.0,3.1,3.6,3.9,0,0,12.5,75,0,1,Onsite,,Single,2020-11-03 20:36:20.207371,2026-03-26 20:36:20.207371,Q4,160,>10 years
1839,32,Female,Engineering,Manager,0.5,0.5,5235.28,3.0,3.0,2.8,3.7,3.2,0,3,9.0,47,1,0,Remote,Master,Married,2022-08-24 20:36:20.207371,2025-05-06 20:36:20.207371,Q3,484,<1 year
1840,30,Female,Operations,Junior,0.5,0.5,5522.2,2.7,3.0,3.8,2.7,3.8,1,1,15.6,54,1,0,Onsite,Master,Single,2023-10-01 20:36:20.207371,2025-05-31 20:36:20.207371,Q4,459,<1 year
1841,35,Female,Engineering,Manager,1.4,0.3,6117.28,2.4,2.0,3.7,3.7,2.3,0,1,16.5,50,0,0,Hybrid,Master,Single,2019-01-09 20:36:20.207371,2021-03-12 20:36:20.207371,Q1,2000,1-3 years
1842,36,Female,Finance,Junior,2.3,1.9,5306.13,3.7,3.0,,3.0,4.4,0,1,1.0,43,0,0,Remote,High School,Married,2021-05-16 20:36:20.207371,2026-04-11 20:36:20.207371,Q2,144,1-3 years
1843,26,Male,Finance,Executive,3.1,0.7,4591.81,4.3,1.0,3.8,2.4,4.3,1,1,4.9,94,0,0,Onsite,Bachelor,Single,2018-07-11 20:36:20.207371,2024-01-08 20:36:20.207371,Q3,968,3-5 years
1844,43,Male,Engineering,Junior,2.3,1.7,5533.7,1.6,4.0,3.8,4.0,3.6,0,2,4.5,50,0,0,Hybrid,High School,Married,2026-01-03 20:36:20.207371,2025-01-19 20:36:20.207371,Q1,591,1-3 years
1845,31,Male,Finance,Manager,0.5,0.5,4957.34,4.9,4.0,5.0,3.8,3.7,0,1,5.1,75,1,0,Hybrid,Master,Single,2023-06-10 20:36:20.207371,2026-07-10 20:36:20.207371,Q2,54,<1 year
1846,30,Male,Operations,Manager,6.0,0.4,5734.43,3.5,3.0,4.5,2.6,3.4,1,3,12.0,81,0,0,Hybrid,Master,Single,2021-11-25 20:36:20.207371,2026-01-21 20:36:20.207371,Q4,224,5-10 years
1847,29,Female,Sales,Executive,1.9,1.9,5069.89,3.8,3.0,4.1,3.0,3.0,0,2,15.8,53,1,0,Onsite,PhD,Married,2022-01-30 20:36:20.207371,2025-08-06 20:36:20.207371,Q1,392,1-3 years
1848,18,Male,Engineering,Junior,5.4,0.2,6025.01,3.4,3.0,2.5,2.7,4.8,0,3,4.4,67,0,0,Onsite,Bachelor,Married,2024-07-13 20:36:20.207371,2025-07-28 20:36:20.207371,Q3,401,5-10 years
1849,28,Male,Sales,Executive,5.2,0.7,5183.69,4.0,2.0,3.8,4.9,4.9,1,1,9.9,79,1,1,Hybrid,Master,Single,2019-02-16 20:36:20.207371,2024-12-26 20:36:20.207371,Q1,615,5-10 years
1850,36,Male,Marketing,Junior,6.5,6.5,,2.7,1.0,1.8,3.6,4.0,0,2,11.5,87,0,0,Remote,Bachelor,Single,2022-07-16 20:36:20.207371,2026-08-18 20:36:20.207371,Q3,15,5-10 years
1851,62,Female,Marketing,Senior,4.1,0.1,7754.76,3.0,2.0,3.4,5.0,3.2,0,3,6.7,35,1,1,Remote,Bachelor,Married,2018-05-13 20:36:20.207371,2023-09-01 20:36:20.207371,Q2,1097,3-5 years
1852,34,Female,IT,Senior,3.2,0.5,5226.5,2.9,1.0,2.1,3.3,3.9,1,1,1.0,44,0,0,Hybrid,Bachelor,Divorced,2020-12-04 20:36:20.207371,2026-03-20 20:36:20.207371,Q4,166,3-5 years
1853,30,Female,Finance,Junior,0.7,0.7,4578.22,3.0,2.0,3.1,3.3,2.9,1,1,5.6,83,0,1,Remote,Bachelor,Married,2018-06-02 20:36:20.207371,2026-04-03 20:36:20.207371,Q2,152,<1 year
1854,22,Female,HR,Intern,2.7,2.7,5757.17,3.2,2.0,2.8,2.7,4.3,1,2,14.1,23,0,1,Onsite,Bachelor,Single,2020-01-21 20:36:20.207371,2025-09-27 20:36:20.207371,Q1,340,1-3 years
1855,35,Female,HR,Junior,2.0,1.2,5362.79,,3.0,3.4,4.5,3.4,0,3,1.0,55,0,0,Hybrid,High School,Married,2020-04-20 20:36:20.207371,2025-09-24 20:36:20.207371,Q2,343,1-3 years
1856,23,Female,Sales,Junior,0.9,0.9,4651.35,4.5,4.0,4.2,3.4,3.9,1,1,7.5,74,0,1,Onsite,High School,Divorced,2019-07-18 20:36:20.207371,2025-07-31 20:36:20.207371,Q3,398,<1 year
1857,31,Female,Engineering,Manager,0.7,0.5,4219.5,3.3,2.0,1.8,3.2,3.1,0,3,70.1,21,0,0,Remote,Bachelor,Divorced,2017-08-04 20:36:20.207371,2026-01-31 20:36:20.207371,Q3,214,<1 year
1858,36,Male,Operations,Junior,1.5,1.5,5955.88,3.2,4.0,3.7,3.6,3.8,0,3,17.2,93,0,0,Onsite,Bachelor,Single,2020-04-17 20:36:20.207371,2024-12-24 20:36:20.207371,Q2,617,1-3 years
1859,22,Female,Sales,Senior,8.7,1.2,6794.06,3.6,3.0,3.8,3.1,3.9,1,1,8.9,175,0,0,Remote,Bachelor,Single,2017-01-28 20:36:20.207371,2025-11-30 20:36:20.207371,Q1,276,5-10 years
1860,36,Male,Sales,Lead,4.3,3.0,5167.19,3.6,3.0,2.9,3.4,4.6,0,4,78.6,71,0,1,Remote,High School,Divorced,2020-12-02 20:36:20.207371,2024-03-29 20:36:20.207371,Q4,887,3-5 years
1861,38,Female,Engineering,Senior,5.5,2.8,6029.92,3.0,4.0,2.6,3.0,3.7,0,0,11.2,54,0,0,Remote,Bachelor,Married,2021-01-04 20:36:20.207371,2025-05-22 20:36:20.207371,Q1,468,5-10 years
1862,22,Female,Finance,Senior,0.5,0.5,4439.35,3.4,3.0,3.3,4.1,2.4,0,3,7.7,74,0,0,Remote,Master,Single,2019-08-07 20:36:20.207371,2025-11-21 20:36:20.207371,Q3,285,<1 year
1863,31,Non-Binary,Operations,Manager,2.2,1.9,5012.77,,4.0,3.3,3.8,2.1,0,3,6.1,63,0,1,Onsite,Bachelor,Married,2019-04-18 20:36:20.207371,2025-05-04 20:36:20.207371,Q2,486,1-3 years
1864,22,Female,Sales,Executive,8.5,1.6,,3.7,4.0,3.2,4.1,3.6,0,2,5.4,36,0,0,Onsite,Master,Divorced,2025-05-18 20:36:20.207371,2024-03-04 20:36:20.207371,Q2,912,5-10 years
1865,50,Male,Engineering,Senior,4.6,0.2,6312.27,2.6,2.0,2.9,2.7,3.9,1,2,9.2,85,0,0,Remote,Bachelor,Married,2024-11-18 20:36:20.207371,2025-04-08 20:36:20.207371,Q4,512,3-5 years
1866,38,Non-Binary,Finance,Manager,0.5,0.2,5241.9,3.2,,3.2,3.0,3.4,1,3,8.0,87,0,0,Hybrid,Bachelor,Divorced,2023-11-18 20:36:20.207371,2025-11-09 20:36:20.207371,Q4,297,<1 year
1867,33,Male,Sales,Senior,3.5,0.7,5996.88,,2.0,3.5,2.9,3.2,0,1,3.1,81,0,0,Onsite,High School,Married,2024-12-15 20:36:20.207371,2025-07-04 20:36:20.207371,Q4,425,3-5 years
1868,33,Male,Engineering,Senior,3.1,1.4,5412.15,3.3,1.0,5.0,2.5,3.9,1,2,80.0,58,0,1,Hybrid,Bachelor,Divorced,2017-01-09 20:36:20.207371,2025-07-01 20:36:20.207371,Q1,428,3-5 years
1869,46,Female,IT,Senior,3.1,0.1,5134.08,3.6,2.0,4.0,3.5,3.9,0,4,2.1,76,0,0,Hybrid,,Divorced,2021-12-23 20:36:20.207371,2025-07-12 20:36:20.207371,Q4,417,3-5 years
1870,34,Female,Engineering,Junior,5.5,5.5,,3.3,2.0,3.2,3.6,3.9,1,1,1.6,32,0,1,Remote,Bachelor,Married,2018-07-05 20:36:20.207371,2024-08-27 20:36:20.207371,Q3,736,5-10 years
1871,38,Female,Engineering,Executive,4.1,4.1,5521.07,4.3,3.0,2.1,5.0,4.3,0,7,5.7,78,0,0,Onsite,PhD,Married,2019-09-15 20:36:20.207371,2025-08-16 20:36:20.207371,Q3,382,3-5 years
1872,50,Female,HR,Executive,6.6,6.6,6912.04,2.8,4.0,4.3,3.5,4.5,1,2,23.2,46,0,0,Onsite,Master,Single,2022-03-10 20:36:20.207371,2025-04-27 20:36:20.207371,Q1,493,5-10 years
1873,31,Male,Sales,Senior,0.9,0.9,4618.86,2.7,4.0,3.8,4.4,3.2,0,0,17.2,59,0,0,Remote,Bachelor,Married,2024-06-24 20:36:20.207371,2025-06-19 20:36:20.207371,Q2,440,<1 year
1874,24,Female,Engineering,Intern,11.1,2.6,6520.51,4.1,2.0,4.3,3.4,4.6,0,1,19.5,102,0,0,Onsite,Master,Married,2019-02-11 20:36:20.207371,2025-05-26 20:36:20.207371,Q1,464,>10 years
1875,26,Female,HR,Senior,9.4,2.4,6367.42,3.4,3.0,4.4,4.5,3.1,1,1,35.6,40,0,0,Onsite,Master,Married,2023-01-03 20:36:20.207371,2026-01-26 20:36:20.207371,Q1,219,5-10 years
1876,49,Male,Marketing,Executive,0.9,0.9,5772.0,3.7,,2.9,3.0,2.9,0,4,4.9,47,0,0,Onsite,Master,Single,2022-07-13 20:36:20.207371,2026-05-30 20:36:20.207371,Q3,95,<1 year
1877,35,Male,Operations,Junior,0.8,0.8,4328.19,3.1,3.0,1.9,3.9,3.5,0,2,20.3,72,0,1,Onsite,Bachelor,Married,2016-12-24 20:36:20.207371,2023-02-16 20:36:20.207371,Q4,1294,<1 year
1878,29,Female,Sales,Senior,6.9,1.7,5544.67,4.5,3.0,3.7,5.0,4.1,0,2,10.0,57,0,1,Hybrid,Bachelor,Married,2024-07-15 20:36:20.207371,2024-02-27 20:36:20.207371,Q3,918,5-10 years
1879,44,Female,Marketing,Executive,3.0,3.0,6528.99,3.7,3.0,3.7,4.4,4.0,0,4,7.1,16,1,0,Remote,Master,Single,2022-06-14 20:36:20.207371,2026-04-06 20:36:20.207371,Q2,149,1-3 years
1880,44,Female,Finance,Junior,1.2,1.2,,3.9,2.0,3.8,2.0,4.2,1,3,2.7,92,0,1,Onsite,Bachelor,Married,2023-08-12 20:36:20.207371,2025-07-05 20:36:20.207371,Q3,424,1-3 years
1881,30,Male,Engineering,Senior,7.3,1.9,,4.3,3.0,4.2,2.7,3.8,0,2,18.9,76,0,0,Onsite,High School,Married,2018-10-03 20:36:20.207371,2026-02-19 20:36:20.207371,Q4,195,5-10 years
1882,25,Female,Sales,Junior,1.1,1.1,5258.58,4.9,3.0,4.1,3.1,2.9,0,2,17.4,35,0,0,Remote,High School,Single,2017-05-17 20:36:20.207371,2026-08-22 20:36:20.207371,Q2,11,1-3 years
1883,22,Male,Engineering,Intern,1.6,1.6,4742.66,4.9,2.0,4.0,3.6,3.4,1,1,1.0,32,1,1,Onsite,Bachelor,Married,2020-02-20 20:36:20.207371,2023-12-29 20:36:20.207371,Q1,978,1-3 years
1884,22,Female,Engineering,Junior,9.7,4.8,6095.55,2.9,2.0,3.7,3.2,3.7,0,3,28.6,74,0,0,Hybrid,Master,Divorced,2026-02-06 20:36:20.207371,2026-06-25 20:36:20.207371,Q1,69,5-10 years
1885,32,Female,Engineering,Intern,7.6,2.2,,3.5,2.0,4.0,2.7,4.4,0,1,6.2,56,1,0,Hybrid,Master,Single,2018-09-07 20:36:20.207371,2023-06-11 20:36:20.207371,Q3,1179,5-10 years
1886,26,Male,Marketing,Lead,9.4,2.3,6811.02,3.5,2.0,4.0,3.5,3.0,0,0,14.3,47,0,0,Hybrid,Master,Married,2024-10-27 20:36:20.207371,2023-10-17 20:36:20.207371,Q4,1051,5-10 years
1887,53,Male,IT,Executive,3.9,0.3,7289.58,3.8,3.0,3.3,3.2,3.1,0,1,15.1,104,0,1,Hybrid,Bachelor,Married,2022-09-25 20:36:20.207371,2026-03-17 20:36:20.207371,Q3,169,3-5 years
1888,35,Male,Sales,Junior,2.5,2.5,5032.77,3.7,2.0,3.2,3.6,3.8,1,3,48.9,58,0,1,Onsite,Master,Married,2026-07-01 20:36:20.207371,2026-07-20 20:36:20.207371,Q3,44,1-3 years
1889,22,Male,Engineering,Junior,3.0,2.4,5599.95,4.4,3.0,2.7,4.6,3.7,0,1,24.7,77,0,0,Onsite,Bachelor,Married,2025-12-25 20:36:20.207371,2025-04-03 20:36:20.207371,Q4,517,1-3 years
1890,49,Female,Engineering,Lead,1.1,1.1,5530.62,3.1,3.0,2.1,2.8,3.2,1,0,52.0,52,0,1,Onsite,High School,Married,2022-01-08 20:36:20.207371,2026-06-05 20:36:20.207371,Q1,89,1-3 years
1891,36,Male,IT,Manager,4.6,4.6,,3.8,1.0,3.0,2.5,3.7,0,3,8.5,60,0,0,Onsite,Bachelor,Married,2021-05-01 20:36:20.207371,2026-06-07 20:36:20.207371,Q2,87,3-5 years
1892,42,Female,Sales,Senior,5.9,1.9,6189.02,4.0,3.0,4.0,2.9,4.2,1,2,38.6,50,1,0,Onsite,PhD,Single,2022-09-18 20:36:20.207371,2026-07-31 20:36:20.207371,Q3,33,5-10 years
1893,41,Female,Finance,Junior,3.6,1.2,5273.08,3.5,2.0,4.8,4.0,3.5,0,1,3.2,72,0,0,Onsite,Master,Single,2023-10-19 20:36:20.207371,2026-02-09 20:36:20.207371,Q4,205,3-5 years
1894,37,Female,Marketing,Junior,1.0,1.0,5540.03,2.8,4.0,,3.2,2.8,0,0,1.0,68,0,0,Onsite,High School,Single,2017-05-28 20:36:20.207371,2025-10-06 20:36:20.207371,Q2,331,<1 year
1895,40,Female,Finance,Intern,20.8,2.3,10188.2,3.4,3.0,4.2,2.5,4.7,0,2,1.0,83,0,0,Onsite,Bachelor,Married,2019-11-09 20:36:20.207371,2025-09-13 20:36:20.207371,Q4,354,>10 years
1896,37,Female,HR,Junior,4.3,2.2,5994.77,5.0,2.0,3.3,4.0,3.7,1,1,3.7,59,0,0,Onsite,Master,Single,2019-11-05 20:36:20.207371,2025-08-12 20:36:20.207371,Q4,386,3-5 years
1897,23,Female,Operations,Intern,4.3,2.2,6032.35,4.9,,3.3,2.5,4.0,0,1,3.4,48,0,0,Remote,High School,Married,2022-04-14 20:36:20.207371,2026-07-18 20:36:20.207371,Q2,46,3-5 years
1898,38,Female,Sales,Lead,3.0,0.6,5216.09,2.7,4.0,3.8,3.7,3.7,0,1,25.9,69,0,0,Hybrid,High School,Married,2021-01-31 20:36:20.207371,2025-12-23 20:36:20.207371,Q1,253,1-3 years
1899,45,Male,Sales,Junior,5.0,5.0,6548.22,,1.0,2.6,3.6,2.6,1,5,44.3,57,0,0,Onsite,Master,Married,2025-12-29 20:36:20.207371,2026-06-02 20:36:20.207371,Q4,92,3-5 years
1900,32,Male,Finance,Intern,15.6,2.6,7827.94,,1.0,4.3,3.4,3.5,1,2,4.8,45,0,0,Remote,,Married,2023-10-29 20:36:20.207371,2025-03-23 20:36:20.207371,Q4,528,>10 years
1901,40,Female,Marketing,Senior,13.8,1.8,8078.18,4.8,2.0,2.9,3.1,4.3,1,2,28.4,66,0,0,Onsite,Master,Married,2017-06-09 20:36:20.207371,2025-09-15 20:36:20.207371,Q2,352,>10 years
1902,39,Female,Sales,Senior,0.8,0.8,5119.16,3.3,3.0,2.9,3.1,4.7,1,2,3.8,59,0,0,Hybrid,Bachelor,,2016-11-14 20:36:20.207371,2026-05-01 20:36:20.207371,Q4,124,<1 year
1903,53,Male,Operations,Lead,2.8,1.5,5856.08,3.8,3.0,2.1,3.4,3.7,0,1,42.5,61,0,0,Onsite,,Married,2025-10-06 20:36:20.207371,2024-03-27 20:36:20.207371,Q4,889,1-3 years
1904,32,Female,IT,Manager,11.0,2.2,7439.78,3.0,2.0,3.4,3.8,3.2,0,3,5.0,61,0,1,Onsite,PhD,Married,2025-03-16 20:36:20.207371,2026-07-26 20:36:20.207371,Q1,38,>10 years
1905,32,Male,Engineering,Senior,1.1,1.1,4641.91,3.7,2.0,3.3,4.0,4.4,1,3,2.3,56,0,1,Hybrid,Master,Divorced,2016-10-12 20:36:20.207371,2026-07-27 20:36:20.207371,Q4,37,1-3 years
1906,33,Male,Engineering,Senior,7.0,6.7,6837.7,3.6,2.0,3.8,4.3,2.0,0,3,10.2,75,0,0,Hybrid,Bachelor,Married,2020-09-19 20:36:20.207371,2025-09-16 20:36:20.207371,Q3,351,5-10 years
1907,33,Female,Engineering,Lead,7.3,0.8,6130.84,4.5,3.0,3.5,2.9,3.4,1,2,3.4,78,1,0,Onsite,Master,Single,2016-09-09 20:36:20.207371,2025-06-04 20:36:20.207371,Q3,455,5-10 years
1908,22,Female,Finance,Manager,1.0,1.0,4076.61,3.1,3.0,3.7,3.9,3.5,0,0,20.6,37,0,0,Hybrid,Master,Married,2023-06-14 20:36:20.207371,2025-12-29 20:36:20.207371,Q2,247,<1 year
1909,28,Female,Engineering,Senior,0.5,0.5,5071.68,4.0,2.0,3.7,5.0,3.8,0,2,11.5,49,1,0,Hybrid,Bachelor,Married,2017-01-03 20:36:20.207371,2023-08-20 20:36:20.207371,Q1,1109,<1 year
1910,37,Female,Sales,Junior,4.3,4.3,6190.43,2.6,4.0,2.7,3.4,3.7,0,1,16.0,43,0,0,Remote,High School,Married,2016-10-02 20:36:20.207371,2025-02-03 20:36:20.207371,Q4,576,3-5 years
1911,34,Female,Finance,Junior,0.9,0.9,,2.8,3.0,3.5,3.3,3.6,0,1,41.7,10,1,0,Hybrid,Bachelor,Married,2019-06-24 20:36:20.207371,2025-09-28 20:36:20.207371,Q2,339,<1 year
1912,27,Male,Operations,Junior,4.6,0.9,4775.38,4.0,3.0,3.5,3.3,3.9,1,3,3.7,52,0,1,Remote,Bachelor,Divorced,2020-08-18 20:36:20.207371,2023-10-30 20:36:20.207371,Q3,1038,3-5 years
1913,28,Female,IT,Senior,23.3,4.6,8958.11,4.2,3.0,2.1,4.0,3.2,0,1,10.7,24,0,1,Onsite,PhD,Single,2025-07-25 20:36:20.207371,2025-10-08 20:36:20.207371,Q3,329,>10 years
1914,31,Male,Engineering,Manager,5.9,4.0,6759.15,,4.0,3.4,2.6,3.6,0,1,37.3,52,0,0,Hybrid,High School,Divorced,2024-12-03 20:36:20.207371,2025-07-30 20:36:20.207371,Q4,399,5-10 years
1915,26,Female,Sales,Junior,3.4,1.7,4563.27,3.3,2.0,3.8,3.3,4.0,0,1,50.9,66,1,0,Onsite,Bachelor,Married,2017-02-02 20:36:20.207371,2026-05-31 20:36:20.207371,Q1,94,3-5 years
1916,29,Male,Marketing,Senior,2.6,0.1,5344.54,4.3,3.0,3.2,3.7,4.0,0,1,7.3,27,0,0,Hybrid,Bachelor,Single,2023-08-22 20:36:20.207371,2025-08-06 20:36:20.207371,Q3,392,1-3 years
1917,29,Male,Engineering,Intern,4.3,1.2,5255.8,4.1,3.0,3.0,4.3,2.9,1,1,15.2,70,0,0,Onsite,Master,Married,2022-05-04 20:36:20.207371,2023-03-23 20:36:20.207371,Q2,1259,3-5 years
1918,43,Male,Finance,Executive,1.2,1.2,5214.79,3.6,3.0,2.8,3.4,3.2,0,2,22.2,43,0,0,Hybrid,High School,Single,2017-07-23 20:36:20.207371,2024-09-11 20:36:20.207371,Q3,721,1-3 years
1919,45,Male,Finance,Junior,2.9,0.4,4964.48,4.9,3.0,3.7,3.2,3.2,1,2,10.9,42,1,1,Remote,PhD,Married,2026-06-04 20:36:20.207371,2025-07-21 20:36:20.207371,Q2,408,1-3 years
1920,44,Male,Operations,Junior,9.8,2.0,7573.26,3.0,4.0,,3.1,3.3,0,0,14.1,65,0,1,Remote,Bachelor,Married,2021-09-28 20:36:20.207371,2026-04-21 20:36:20.207371,Q3,134,5-10 years
1921,39,Non-Binary,HR,Manager,3.2,1.2,5157.74,4.5,4.0,3.1,2.8,3.3,0,2,7.4,53,0,1,Onsite,High School,Single,2021-05-30 20:36:20.207371,2026-08-20 20:36:20.207371,Q2,13,3-5 years
1922,27,Male,Operations,Junior,1.1,0.4,4507.32,2.5,4.0,4.6,3.7,3.1,1,4,19.8,54,0,1,Onsite,Master,Married,2025-11-23 20:36:20.207371,2025-11-11 20:36:20.207371,Q4,295,1-3 years
1923,44,Female,Marketing,Junior,6.7,0.9,5804.59,2.1,3.0,3.9,3.8,3.4,1,1,11.2,68,0,0,Hybrid,Master,Married,2026-01-01 20:36:20.207371,2025-04-16 20:36:20.207371,Q1,504,5-10 years
1924,31,Female,Engineering,Manager,1.9,1.1,5333.28,,3.0,2.9,2.6,3.7,0,2,28.5,89,0,1,Onsite,Bachelor,Married,2025-05-10 20:36:20.207371,2026-07-24 20:36:20.207371,Q2,40,1-3 years
1925,35,Male,Sales,Executive,17.9,1.0,8446.97,3.3,4.0,3.8,4.7,3.3,0,3,8.9,101,0,0,Hybrid,,Married,2017-05-27 20:36:20.207371,2024-09-07 20:36:20.207371,Q2,725,>10 years
1926,48,Female,Engineering,Junior,0.7,0.7,4995.83,5.0,3.0,2.4,4.0,3.9,0,0,2.6,95,1,0,Onsite,Master,Single,2025-07-14 20:36:20.207371,2025-12-08 20:36:20.207371,Q3,268,<1 year
1927,35,Male,HR,Executive,9.4,0.9,6251.18,3.5,4.0,4.1,2.7,4.3,0,1,1.0,47,0,0,Remote,Master,Married,2024-01-02 20:36:20.207371,2023-10-07 20:36:20.207371,Q1,1061,5-10 years
1928,37,Male,Engineering,Lead,3.5,0.8,4995.33,3.0,2.0,3.5,3.4,4.2,1,4,1.0,105,0,0,Hybrid,Master,Married,2020-10-18 20:36:20.207371,2024-06-27 20:36:20.207371,Q4,797,3-5 years
1929,22,Female,Engineering,Junior,3.4,3.4,4853.68,2.9,4.0,3.3,3.6,3.3,0,4,2.8,53,0,0,Remote,Bachelor,Married,2017-11-21 20:36:20.207371,2021-03-12 20:36:20.207371,Q4,2000,3-5 years
1930,39,Male,Marketing,Executive,0.5,0.5,4609.66,4.2,3.0,2.5,3.6,2.4,1,3,17.0,14,0,1,Onsite,Bachelor,Single,2023-09-19 20:36:20.207371,2025-04-28 20:36:20.207371,Q3,492,<1 year
1931,25,Male,Operations,Manager,6.4,0.1,5899.43,4.8,3.0,3.5,3.1,4.6,0,1,20.8,29,1,0,Onsite,Master,Married,2024-07-31 20:36:20.207371,2026-04-29 20:36:20.207371,Q3,126,5-10 years
1932,45,Female,Engineering,Junior,0.9,0.7,5915.4,4.2,,2.8,4.4,4.1,0,2,1.0,78,0,0,Hybrid,High School,Married,2020-07-22 20:36:20.207371,2022-07-23 20:36:20.207371,Q3,1502,<1 year
1933,33,Male,Operations,Junior,0.5,0.5,4707.09,3.2,1.0,2.6,3.8,3.5,0,2,12.9,90,0,1,Onsite,Bachelor,Married,2021-10-29 20:36:20.207371,2025-06-17 20:36:20.207371,Q4,442,<1 year
1934,22,Male,Finance,Senior,2.1,2.1,5205.23,4.4,3.0,2.5,4.9,2.1,1,1,13.2,34,0,0,Onsite,Bachelor,Divorced,2017-03-15 20:36:20.207371,2025-12-04 20:36:20.207371,Q1,272,1-3 years
1935,31,Female,HR,Lead,5.0,0.3,4422.94,2.6,2.0,4.5,3.6,4.4,1,6,40.6,40,0,1,Onsite,Bachelor,Divorced,2023-12-30 20:36:20.207371,2025-01-13 20:36:20.207371,Q4,597,3-5 years
1936,32,Male,IT,Senior,1.7,1.7,4299.0,2.3,4.0,1.4,3.0,3.0,0,2,1.0,45,0,1,Hybrid,High School,Married,2023-04-28 20:36:20.207371,2025-02-20 20:36:20.207371,Q2,559,1-3 years
1937,39,Female,Operations,Senior,1.2,1.2,5715.97,3.7,2.0,3.9,2.7,3.3,0,1,50.1,104,0,0,Hybrid,Master,Single,2020-09-01 20:36:20.207371,2026-02-20 20:36:20.207371,Q3,194,1-3 years
1938,41,Male,HR,Manager,8.4,1.7,7497.31,3.2,4.0,3.5,2.0,4.8,0,1,9.8,85,0,0,Hybrid,Bachelor,Divorced,2025-09-03 20:36:20.207371,2026-05-04 20:36:20.207371,Q3,121,5-10 years
1939,31,Female,Engineering,Intern,6.4,6.4,5375.3,3.5,3.0,2.3,4.0,3.9,1,3,1.0,35,0,1,Hybrid,,Married,2017-04-07 20:36:20.207371,2024-04-25 20:36:20.207371,Q2,860,5-10 years
1940,45,Female,Marketing,Senior,0.8,0.8,6355.7,2.8,,2.7,3.9,4.2,0,2,4.6,101,0,0,Hybrid,PhD,Single,2020-09-12 20:36:20.207371,2026-03-22 20:36:20.207371,Q3,164,<1 year
1941,22,Male,IT,Manager,3.3,3.3,5428.73,2.8,2.0,2.5,3.1,3.1,0,1,15.5,42,0,0,Hybrid,Bachelor,Divorced,2023-03-21 20:36:20.207371,2026-04-05 20:36:20.207371,Q1,150,3-5 years
1942,27,Male,IT,Junior,3.5,0.2,5716.78,3.9,4.0,3.7,3.1,3.7,0,1,38.4,79,0,0,Onsite,High School,Married,2017-10-04 20:36:20.207371,2026-01-13 20:36:20.207371,Q4,232,3-5 years
1943,23,Female,IT,Executive,4.5,2.6,5504.51,3.4,3.0,4.3,2.9,4.3,0,1,44.0,51,1,0,Onsite,Master,Married,2023-12-13 20:36:20.207371,2025-08-26 20:36:20.207371,Q4,372,3-5 years
1944,22,Male,Sales,Executive,9.2,0.4,5630.26,2.4,1.0,4.7,4.0,4.2,0,1,4.6,85,0,0,Hybrid,Bachelor,Single,2022-01-14 20:36:20.207371,2024-01-28 20:36:20.207371,Q1,948,5-10 years
1945,44,Male,Finance,Senior,15.8,3.5,8295.9,3.9,4.0,3.5,3.7,3.1,1,5,6.8,43,0,0,Remote,Bachelor,Married,2025-03-03 20:36:20.207371,2023-01-31 20:36:20.207371,Q1,1310,>10 years
1946,43,Female,Finance,Junior,12.8,9.5,8832.79,4.3,2.0,3.2,4.6,3.7,0,2,48.9,57,0,0,Hybrid,Master,Married,2023-05-15 20:36:20.207371,2026-07-27 20:36:20.207371,Q2,37,>10 years
1947,27,Female,Engineering,Senior,1.1,1.1,5009.85,3.8,3.0,3.5,4.3,3.1,1,3,7.4,42,0,1,Hybrid,High School,Single,2018-01-11 20:36:20.207371,2025-06-15 20:36:20.207371,Q1,444,1-3 years
1948,46,Male,Marketing,Junior,9.1,1.6,7989.01,5.0,4.0,3.3,3.8,3.8,1,1,54.0,56,0,1,Onsite,PhD,Single,2022-01-03 20:36:20.207371,2025-08-13 20:36:20.207371,Q1,385,5-10 years
1949,36,Female,Operations,Junior,4.7,1.4,6850.8,5.0,3.0,3.7,3.2,3.9,0,1,18.9,81,0,0,Hybrid,PhD,Married,2017-04-21 20:36:20.207371,2026-02-11 20:36:20.207371,Q2,203,3-5 years
1950,30,Female,Operations,Junior,0.7,0.7,4611.53,3.8,1.0,3.5,3.8,3.1,0,2,12.3,31,0,0,Hybrid,Master,Married,2025-02-05 20:36:20.207371,2024-09-14 20:36:20.207371,Q1,718,<1 year
1951,28,Female,Finance,Junior,4.6,2.5,5291.59,4.0,2.0,4.4,4.6,3.2,0,1,1.0,81,0,0,Onsite,Master,Married,2019-03-29 20:36:20.207371,2025-10-12 20:36:20.207371,Q1,325,3-5 years
1952,27,Male,Finance,Junior,2.3,2.3,4707.09,2.8,4.0,5.0,2.7,3.5,0,0,24.0,42,0,0,Onsite,Master,Divorced,2021-02-13 20:36:20.207371,2026-04-19 20:36:20.207371,Q1,136,1-3 years
1953,39,Male,Operations,Senior,0.5,0.2,5484.21,,3.0,3.1,2.7,3.4,0,2,19.6,65,0,0,Onsite,Bachelor,Divorced,2024-03-06 20:36:20.207371,2024-08-23 20:36:20.207371,Q1,740,<1 year
1954,41,Male,Engineering,Lead,7.7,0.3,6479.43,3.4,4.0,3.8,3.6,3.4,1,0,12.8,44,1,0,Onsite,Master,,2020-08-24 20:36:20.207371,2026-03-16 20:36:20.207371,Q3,170,5-10 years
1955,37,Female,Operations,Lead,1.0,0.2,4644.15,2.4,3.0,2.3,4.8,4.8,0,2,43.2,27,0,1,Onsite,PhD,Divorced,2021-07-03 20:36:20.207371,2026-08-22 20:36:20.207371,Q3,11,<1 year
1956,22,Female,Engineering,Senior,5.3,0.5,5586.7,2.3,2.0,2.6,4.0,3.8,0,1,22.6,43,0,0,Onsite,Master,,2018-07-21 20:36:20.207371,2024-12-02 20:36:20.207371,Q3,639,5-10 years
1957,37,Male,IT,Junior,5.5,0.8,5510.67,3.7,3.0,4.2,3.4,3.3,0,2,17.2,44,0,0,Hybrid,Bachelor,Single,2017-07-18 20:36:20.207371,2026-05-18 20:36:20.207371,Q3,107,5-10 years
1958,40,Male,Engineering,Executive,25.0,2.3,9649.53,,2.0,3.0,2.6,4.0,0,1,51.5,55,0,1,Onsite,High School,Married,2025-10-03 20:36:20.207371,2023-02-23 20:36:20.207371,Q4,1287,>10 years
1959,28,Female,Operations,Manager,1.5,1.5,4785.78,3.2,3.0,3.7,3.9,3.6,0,2,1.1,70,0,0,Hybrid,Bachelor,Married,2021-02-21 20:36:20.207371,2024-11-22 20:36:20.207371,Q1,649,1-3 years
1960,35,Male,Operations,Manager,0.5,0.5,5798.79,2.0,2.0,2.8,3.5,3.4,1,4,8.0,67,0,1,Onsite,,Married,2023-06-02 20:36:20.207371,2023-10-14 20:36:20.207371,Q2,1054,<1 year
1961,22,Female,Operations,Junior,1.5,1.1,4451.85,2.9,2.0,3.6,3.2,3.8,0,3,17.4,70,0,0,Onsite,Master,Married,2026-07-23 20:36:20.207371,2023-05-28 20:36:20.207371,Q3,1193,1-3 years
1962,22,Male,Operations,Junior,4.5,4.5,4828.1,4.5,3.0,2.8,3.0,2.8,0,4,8.7,115,0,1,Onsite,Bachelor,Divorced,2023-04-14 20:36:20.207371,2026-05-07 20:36:20.207371,Q2,118,3-5 years
1963,31,Female,Finance,Junior,8.2,8.2,5302.17,3.1,3.0,3.8,3.3,2.9,0,1,4.3,58,0,0,Remote,Bachelor,Single,2019-10-08 20:36:20.207371,2024-12-19 20:36:20.207371,Q4,622,5-10 years
1964,31,Male,Marketing,Lead,6.8,2.5,5287.87,4.2,4.0,3.9,2.4,4.7,1,2,20.3,72,0,1,Onsite,Master,Married,2023-05-10 20:36:20.207371,2025-12-02 20:36:20.207371,Q2,274,5-10 years
1965,38,Female,Marketing,Junior,1.2,1.2,5469.02,3.3,1.0,,3.9,3.7,0,2,4.2,52,0,0,Hybrid,High School,Married,2022-05-29 20:36:20.207371,2026-02-27 20:36:20.207371,Q2,187,1-3 years
1966,23,Female,Marketing,Junior,12.9,3.3,6299.69,2.1,4.0,2.7,2.6,3.0,0,1,22.8,39,0,0,Remote,PhD,Married,2025-08-12 20:36:20.207371,2026-05-13 20:36:20.207371,Q3,112,>10 years
1967,20,Male,Operations,Lead,15.8,2.3,7371.2,3.5,1.0,3.1,3.3,2.4,1,3,8.6,25,0,1,Hybrid,High School,Married,2019-11-25 20:36:20.207371,2023-11-27 20:36:20.207371,Q4,1010,>10 years
1968,30,Male,HR,Manager,3.9,0.5,5394.2,4.6,4.0,3.9,3.7,3.9,0,2,1.3,80,0,0,Remote,Bachelor,Married,2024-11-18 20:36:20.207371,2026-08-02 20:36:20.207371,Q4,31,3-5 years
1969,40,Female,Engineering,Intern,2.8,2.8,5480.82,4.2,3.0,3.8,2.2,3.6,0,4,80.0,68,0,1,Hybrid,High School,Single,2022-12-02 20:36:20.207371,2023-08-19 20:36:20.207371,Q4,1110,1-3 years
1970,49,Female,Operations,Manager,3.2,0.1,5532.99,4.4,3.0,4.4,3.9,2.7,1,5,1.0,73,0,0,Remote,,Married,2020-08-03 20:36:20.207371,2026-05-03 20:36:20.207371,Q3,122,3-5 years
1971,52,Male,Sales,Senior,8.5,5.9,7615.99,3.2,2.0,3.6,3.5,3.8,1,2,37.8,68,0,0,Hybrid,Bachelor,Single,2026-01-05 20:36:20.207371,2026-07-19 20:36:20.207371,Q1,45,5-10 years
1972,22,Male,Engineering,Junior,0.5,0.5,4063.67,1.8,2.0,1.9,3.5,3.8,1,2,5.4,37,0,1,Hybrid,Master,Married,2023-11-16 20:36:20.207371,2025-05-06 20:36:20.207371,Q4,484,<1 year
1973,34,Female,Sales,Junior,7.5,2.3,7062.84,3.9,4.0,3.8,5.0,3.4,0,1,14.2,42,0,0,Hybrid,Bachelor,Married,2017-07-02 20:36:20.207371,2025-12-09 20:36:20.207371,Q3,267,5-10 years
1974,23,Female,Sales,Manager,6.0,1.0,5586.38,2.5,1.0,2.3,2.8,4.3,0,6,49.1,94,0,0,Hybrid,Bachelor,Single,2022-01-23 20:36:20.207371,2021-05-23 20:36:20.207371,Q1,1928,5-10 years
1975,34,Male,Engineering,Lead,16.4,7.8,7289.59,3.0,3.0,2.1,3.8,4.2,0,3,21.2,74,0,0,Remote,Master,Divorced,2025-08-21 20:36:20.207371,2026-03-30 20:36:20.207371,Q3,156,>10 years
1976,39,Male,Engineering,Junior,0.5,0.5,4579.07,3.2,3.0,2.6,2.9,2.8,0,1,18.3,86,0,0,Hybrid,Bachelor,Married,2026-02-19 20:36:20.207371,2026-05-02 20:36:20.207371,Q1,123,<1 year
1977,35,Male,Sales,Senior,25.0,1.8,10289.9,3.1,2.0,4.4,4.0,2.9,0,2,26.4,65,1,0,Hybrid,PhD,Single,2019-06-03 20:36:20.207371,2026-02-10 20:36:20.207371,Q2,204,>10 years
1978,34,Male,Engineering,Junior,6.1,2.4,6365.98,4.4,4.0,3.8,3.4,3.2,0,2,3.2,15,0,0,Hybrid,Bachelor,Married,2017-11-04 20:36:20.207371,2023-11-20 20:36:20.207371,Q4,1017,5-10 years
1979,49,Non-Binary,Marketing,Intern,3.1,3.1,6479.09,4.4,2.0,3.5,3.7,3.6,0,5,1.5,75,0,1,Hybrid,Master,Single,2025-09-25 20:36:20.207371,2026-07-19 20:36:20.207371,Q3,45,3-5 years
1980,42,Female,Engineering,Junior,8.9,8.9,5784.4,2.5,4.0,2.9,3.3,4.1,0,0,1.0,60,1,1,Onsite,Bachelor,Single,2025-05-27 20:36:20.207371,2024-09-24 20:36:20.207371,Q2,708,5-10 years
1981,32,Male,Operations,Junior,2.7,2.7,5323.99,4.4,2.0,4.6,3.4,3.9,0,3,1.0,50,0,0,Remote,Bachelor,Married,2017-09-20 20:36:20.207371,2026-03-02 20:36:20.207371,Q3,184,1-3 years
1982,35,Male,Engineering,Lead,3.1,0.6,5737.05,2.3,3.0,3.4,3.7,3.4,0,1,10.1,69,0,0,Hybrid,High School,Married,2024-08-24 20:36:20.207371,2026-04-23 20:36:20.207371,Q3,132,3-5 years
1983,43,Male,Sales,Lead,3.5,0.4,5381.22,4.4,2.0,2.5,4.1,3.3,1,3,16.3,63,0,1,Remote,Bachelor,Married,2024-02-12 20:36:20.207371,2025-02-14 20:36:20.207371,Q1,565,3-5 years
1984,41,Male,HR,Manager,3.8,3.3,6335.23,3.5,3.0,3.4,2.2,3.8,1,0,10.2,106,0,0,Hybrid,Bachelor,Single,2026-05-01 20:36:20.207371,2023-08-24 20:36:20.207371,Q2,1105,3-5 years
1985,30,Female,Sales,Manager,13.0,2.2,7482.07,4.3,3.0,3.3,3.2,4.0,0,1,15.1,98,0,0,Hybrid,Bachelor,Married,2022-03-13 20:36:20.207371,2026-06-12 20:36:20.207371,Q1,82,>10 years
1986,22,Female,Operations,Lead,0.5,0.5,,4.4,1.0,2.3,2.9,3.5,0,0,15.0,87,0,0,Onsite,Bachelor,Married,2022-09-13 20:36:20.207371,2025-04-03 20:36:20.207371,Q3,517,<1 year
1987,23,Female,Finance,Executive,0.7,0.7,4571.23,4.0,3.0,3.5,2.8,4.9,1,4,40.6,50,0,1,Hybrid,Bachelor,Divorced,2018-09-09 20:36:20.207371,2022-08-10 20:36:20.207371,Q3,1484,<1 year
1988,36,Male,Sales,Junior,6.5,0.1,5854.04,3.7,1.0,2.4,4.7,3.9,1,5,1.4,20,0,0,Remote,Bachelor,Divorced,2021-10-24 20:36:20.207371,2026-03-07 20:36:20.207371,Q4,179,5-10 years
1989,22,Female,HR,Junior,17.3,0.5,,4.1,4.0,2.1,4.3,2.8,0,1,56.4,38,0,0,Onsite,Bachelor,,2023-02-12 20:36:20.207371,2026-07-13 20:36:20.207371,Q1,51,>10 years
1990,33,Female,Engineering,Manager,13.9,4.6,7805.01,3.9,2.0,3.5,2.9,3.4,0,5,5.1,59,0,1,Hybrid,Master,Single,2018-03-11 20:36:20.207371,2026-06-21 20:36:20.207371,Q1,73,>10 years
1991,30,Female,Operations,Senior,9.1,0.2,5625.94,2.2,2.0,3.7,3.7,5.0,1,2,10.0,43,0,0,Hybrid,Master,Single,2020-07-12 20:36:20.207371,2023-11-07 20:36:20.207371,Q3,1030,5-10 years
1992,44,Male,Operations,Intern,9.6,7.8,7520.03,4.5,2.0,4.2,3.5,4.8,0,1,23.7,89,0,1,Onsite,Master,Single,2019-04-15 20:36:20.207371,2025-10-04 20:36:20.207371,Q2,333,5-10 years
1993,22,Male,Operations,Junior,8.0,8.0,5876.47,4.8,2.0,4.0,3.0,3.6,1,4,21.9,80,0,0,Onsite,PhD,Single,2017-10-02 20:36:20.207371,2026-02-16 20:36:20.207371,Q4,198,5-10 years
1994,22,Female,Operations,Lead,0.8,0.8,,3.7,4.0,3.7,3.0,2.6,1,1,19.9,62,0,0,Onsite,Master,Married,2017-09-12 20:36:20.207371,2026-02-27 20:36:20.207371,Q3,187,<1 year
1995,30,Female,Finance,Senior,7.2,3.0,5260.68,2.8,3.0,2.5,3.3,3.5,1,2,13.1,58,0,1,Onsite,Master,Single,2016-12-14 20:36:20.207371,2023-09-01 20:36:20.207371,Q4,1097,5-10 years
1996,41,Male,HR,Junior,3.5,0.5,6279.94,4.1,2.0,2.7,5.0,3.1,0,1,7.8,47,0,0,Hybrid,Bachelor,Single,2024-05-30 20:36:20.207371,2026-03-29 20:36:20.207371,Q2,157,3-5 years
1997,45,Male,Engineering,Lead,2.9,0.8,5990.25,4.0,4.0,3.5,5.0,4.6,0,5,7.1,93,0,0,Onsite,High School,Married,2020-12-12 20:36:20.207371,2025-03-05 20:36:20.207371,Q4,546,1-3 years
1998,25,Male,Engineering,Lead,1.5,1.5,4723.55,2.7,3.0,3.6,4.3,4.3,0,2,26.3,61,0,1,Onsite,Bachelor,Single,2024-01-03 20:36:20.207371,2025-08-02 20:36:20.207371,Q1,396,1-3 years
1999,39,Female,HR,Junior,8.6,8.6,7627.88,4.1,3.0,,3.8,5.0,1,0,19.8,47,0,0,Hybrid,Master,Married,2020-11-30 20:36:20.207371,2025-11-10 20:36:20.207371,Q4,296,5-10 years
2000,23,Male,Engineering,Junior,0.6,0.6,4471.1,2.7,2.0,,2.6,4.5,0,4,27.5,60,0,1,Hybrid,Master,Married,2019-08-12 20:36:20.207371,2026-08-29 20:36:20.207371,Q3,4,<1 year
2001,27,Female,Finance,Senior,22.1,8.6,9211.16,2.7,4.0,5.0,4.2,3.3,0,2,35.5,85,1,0,Remote,High School,Married,2024-06-20 20:36:20.207371,2026-05-06 20:36:20.207371,Q2,119,>10 years
2002,40,Female,Engineering,Junior,6.7,0.1,18384.612798633825,3.4,2.0,4.0,2.4,3.8,1,3,8.2,56,0,0,Hybrid,Master,Married,2019-01-09 20:36:20.207371,2024-05-04 20:36:20.207371,Q1,851,5-10 years
2003,42,Male,Finance,Junior,6.7,1.9,6089.95,4.5,3.0,2.3,3.3,3.2,1,3,2.2,96,0,0,Remote,,Married,2024-06-16 20:36:20.207371,2023-08-09 20:36:20.207371,Q2,1120,5-10 years
2004,25,Female,Engineering,Senior,0.5,0.5,4495.32,4.2,4.0,3.8,5.0,3.2,1,3,9.6,72,0,1,Onsite,Bachelor,Married,2019-10-07 20:36:20.207371,2026-04-04 20:36:20.207371,Q4,151,<1 year
2005,39,Female,HR,Manager,8.3,0.3,5941.53,3.9,1.0,3.5,5.0,3.4,0,0,1.0,80,0,0,Onsite,High School,Married,2025-10-12 20:36:20.207371,2026-04-19 20:36:20.207371,Q4,136,5-10 years
2006,22,Non-Binary,Operations,Senior,11.1,4.3,6080.4,3.8,3.0,3.7,4.1,2.8,0,0,7.7,86,0,0,Onsite,Bachelor,Married,2026-01-30 20:36:20.207371,2024-04-12 20:36:20.207371,Q1,873,>10 years
2007,32,Female,Operations,Junior,3.4,3.4,6007.3,4.1,3.0,3.9,2.9,4.0,1,1,4.0,56,1,0,Remote,Bachelor,Single,2022-08-18 20:36:20.207371,2024-07-10 20:36:20.207371,Q3,784,3-5 years
2008,23,Female,Engineering,Manager,2.8,0.3,5301.5,4.6,3.0,2.5,4.3,4.2,0,0,13.2,59,0,0,Onsite,Bachelor,Married,2024-12-31 20:36:20.207371,2025-05-17 20:36:20.207371,Q4,473,1-3 years
2009,26,Female,Operations,Lead,2.8,0.6,4931.03,3.3,4.0,4.0,4.4,3.8,0,2,6.7,43,1,0,Hybrid,Master,Divorced,2017-05-26 20:36:20.207371,2024-04-04 20:36:20.207371,Q2,881,1-3 years
2010,22,Female,Engineering,Junior,3.6,1.4,5597.36,4.1,4.0,3.3,3.5,3.6,0,1,2.0,83,1,0,Onsite,Bachelor,Single,2020-06-19 20:36:20.207371,2026-05-30 20:36:20.207371,Q2,95,3-5 years
2011,40,Female,Sales,Senior,5.0,0.4,6586.24,3.6,2.0,,4.2,4.3,0,3,8.5,58,0,1,Onsite,PhD,Single,2023-03-06 20:36:20.207371,2024-04-27 20:36:20.207371,Q1,858,3-5 years
2012,40,Male,Sales,Junior,7.0,0.1,6044.78,2.9,1.0,3.4,3.6,3.1,0,3,38.0,56,0,0,Hybrid,Bachelor,Married,2022-03-04 20:36:20.207371,2025-05-16 20:36:20.207371,Q1,474,5-10 years
2013,28,Male,Operations,Senior,3.0,3.0,5393.75,3.2,2.0,2.6,2.9,4.3,0,2,1.5,29,0,1,Onsite,Bachelor,Married,2024-01-15 20:36:20.207371,2025-12-03 20:36:20.207371,Q1,273,1-3 years
2014,38,Male,Sales,Senior,4.7,0.1,5199.12,4.2,2.0,3.9,1.7,4.1,0,2,26.0,56,0,0,Onsite,Master,Single,2019-04-01 20:36:20.207371,2025-12-02 20:36:20.207371,Q2,274,3-5 years
2015,37,Female,Operations,Senior,1.6,1.6,5015.88,3.4,4.0,2.7,3.2,3.8,1,5,2.6,53,0,1,Hybrid,Bachelor,Married,2021-02-27 20:36:20.207371,2025-12-05 20:36:20.207371,Q1,271,1-3 years
2016,33,Male,Engineering,Junior,2.0,0.6,5327.07,3.6,2.0,3.4,3.1,3.2,0,1,33.0,77,1,1,Hybrid,Bachelor,Married,2019-09-04 20:36:20.207371,2025-09-27 20:36:20.207371,Q3,340,1-3 years
2017,56,Female,Marketing,Senior,0.9,0.4,5952.75,3.8,4.0,3.6,4.2,4.1,0,2,11.5,69,0,1,Onsite,Bachelor,Divorced,2022-05-29 20:36:20.207371,2025-11-19 20:36:20.207371,Q2,287,<1 year
2018,26,Male,Marketing,Senior,1.0,1.0,5087.47,4.1,2.0,4.4,3.4,3.3,0,0,40.0,68,0,0,Remote,Bachelor,Single,2017-09-04 20:36:20.207371,2025-08-26 20:36:20.207371,Q3,372,<1 year
2019,35,Male,Engineering,Lead,2.9,2.4,5676.87,3.7,4.0,2.7,4.7,3.4,0,4,11.6,82,0,0,Remote,Master,Married,2019-12-09 20:36:20.207371,2025-09-26 20:36:20.207371,Q4,341,1-3 years
2020,31,Female,IT,Senior,2.4,2.4,5148.46,2.9,3.0,3.1,3.6,3.8,0,3,2.5,65,0,0,Remote,Master,Married,2020-06-15 20:36:20.207371,2026-06-27 20:36:20.207371,Q2,67,1-3 years
2021,31,Male,HR,Senior,1.4,1.4,5129.93,2.1,4.0,3.8,3.2,4.3,0,1,4.3,60,0,0,Onsite,Bachelor,Married,2020-02-14 20:36:20.207371,2023-09-23 20:36:20.207371,Q1,1075,1-3 years
2022,36,Female,Engineering,Senior,7.1,1.4,6316.85,3.8,3.0,3.3,4.7,3.7,0,1,20.3,25,0,1,Hybrid,Bachelor,Divorced,2024-03-27 20:36:20.207371,2025-09-11 20:36:20.207371,Q1,356,5-10 years
2023,32,Female,Engineering,Manager,1.1,0.1,5704.07,3.6,4.0,3.5,3.4,3.1,0,1,21.6,81,1,1,Remote,Bachelor,Married,2019-07-28 20:36:20.207371,2025-11-21 20:36:20.207371,Q3,285,1-3 years
2024,26,Male,Sales,Senior,17.5,4.1,8263.43,3.1,4.0,2.0,3.1,3.9,1,1,29.0,51,1,0,Hybrid,Bachelor,Married,2026-03-13 20:36:20.207371,2024-05-31 20:36:20.207371,Q1,824,>10 years
2025,36,Male,Sales,Junior,11.7,5.0,7886.59,3.4,3.0,1.6,3.1,4.1,0,1,80.0,103,1,0,Onsite,Bachelor,Married,2021-06-21 20:36:20.207371,2025-08-16 20:36:20.207371,Q2,382,>10 years
2026,46,Male,HR,Junior,13.7,2.7,8701.29,4.4,4.0,3.1,2.9,3.9,0,1,5.1,92,0,0,Hybrid,Bachelor,Married,2019-12-07 20:36:20.207371,2021-10-24 20:36:20.207371,Q4,1774,>10 years
2027,44,Male,Engineering,Executive,2.5,2.5,4837.33,3.3,1.0,2.7,3.4,4.4,0,3,17.8,54,1,0,Remote,,Single,2026-04-04 20:36:20.207371,2026-06-03 20:36:20.207371,Q2,91,1-3 years
2028,37,Male,Engineering,Executive,4.7,2.8,6084.89,3.3,1.0,2.2,3.1,3.6,0,0,2.5,17,0,0,Remote,Master,,2025-10-20 20:36:20.207371,2022-12-26 20:36:20.207371,Q4,1346,3-5 years
2029,27,Male,Marketing,Manager,1.7,1.7,,3.4,4.0,4.2,2.6,3.4,1,2,19.5,53,0,0,Hybrid,Master,Divorced,2022-06-14 20:36:20.207371,2026-06-29 20:36:20.207371,Q2,65,1-3 years
2030,36,Female,Operations,Lead,17.7,13.0,8556.56,3.6,3.0,4.5,2.7,3.6,0,2,1.4,43,0,0,Onsite,Bachelor,Divorced,2024-10-03 20:36:20.207371,2025-09-17 20:36:20.207371,Q4,350,>10 years
2031,45,Male,IT,Manager,1.1,1.1,4888.0,1.2,2.0,3.6,3.9,4.3,0,2,5.0,35,0,0,Hybrid,Master,Married,2019-07-24 20:36:20.207371,2026-02-13 20:36:20.207371,Q3,201,1-3 years
2032,46,Male,Engineering,Junior,6.5,6.5,8005.56,4.4,3.0,3.7,3.5,5.0,0,3,5.5,36,0,0,Hybrid,Bachelor,Married,2025-07-17 20:36:20.207371,2023-01-21 20:36:20.207371,Q3,1320,5-10 years
2033,38,Female,Operations,Junior,4.6,4.0,6607.13,3.2,2.0,3.4,3.0,3.8,1,4,7.6,90,0,1,Onsite,Bachelor,Divorced,2016-10-31 20:36:20.207371,2026-07-13 20:36:20.207371,Q4,51,3-5 years
2034,31,Female,Marketing,Executive,19.8,9.0,8396.65,3.7,2.0,2.5,2.9,4.2,0,2,2.4,49,0,1,Hybrid,Bachelor,Single,2017-08-10 20:36:20.207371,2026-06-13 20:36:20.207371,Q3,81,>10 years
2035,32,Non-Binary,Finance,Junior,2.1,1.4,4402.97,3.7,1.0,3.3,4.4,3.5,0,4,5.1,83,1,0,Remote,Bachelor,Married,2016-10-17 20:36:20.207371,2023-06-21 20:36:20.207371,Q4,1169,1-3 years
2036,42,Female,Marketing,Lead,3.9,3.9,5121.18,2.7,2.0,3.8,2.9,3.1,1,2,20.3,91,0,1,Onsite,High School,Divorced,2017-05-26 20:36:20.207371,2024-11-22 20:36:20.207371,Q2,649,3-5 years
2037,41,Female,Operations,Executive,4.2,4.2,6473.86,3.1,4.0,4.0,3.2,3.1,0,4,62.6,36,0,0,Onsite,PhD,Single,2021-01-07 20:36:20.207371,2026-05-08 20:36:20.207371,Q1,117,3-5 years
2038,22,Female,Sales,Lead,14.3,1.8,6839.29,4.6,3.0,3.9,3.6,4.1,0,2,11.1,78,0,0,Onsite,Master,Married,2021-02-12 20:36:20.207371,2026-02-07 20:36:20.207371,Q1,207,>10 years
2039,41,Male,HR,Senior,8.4,3.9,7236.78,3.9,3.0,3.3,2.9,4.8,1,0,10.9,84,0,1,Hybrid,Master,Single,2017-10-12 20:36:20.207371,2026-08-21 20:36:20.207371,Q4,12,5-10 years
2040,42,Female,Finance,Senior,3.4,0.1,5940.74,4.2,3.0,4.9,2.8,3.4,1,2,12.4,37,0,0,Hybrid,PhD,Single,2020-03-31 20:36:20.207371,2024-08-15 20:36:20.207371,Q1,748,3-5 years
2041,26,Female,Sales,Senior,4.6,1.2,5917.82,4.9,2.0,3.6,3.5,3.5,0,3,7.4,46,0,0,Hybrid,High School,Married,2019-04-24 20:36:20.207371,2026-08-01 20:36:20.207371,Q2,32,3-5 years
2042,27,Male,Operations,Lead,4.6,4.6,5419.93,3.7,1.0,4.5,4.6,4.2,1,2,8.8,43,0,1,Onsite,Master,Married,2019-07-05 20:36:20.207371,2026-02-23 20:36:20.207371,Q3,191,3-5 years
2043,27,Male,Operations,Junior,5.1,0.8,5211.69,3.1,2.0,5.0,2.7,3.4,0,2,20.1,42,1,0,Onsite,Master,Married,2025-10-13 20:36:20.207371,2026-01-20 20:36:20.207371,Q4,225,5-10 years
2044,28,Male,Operations,Junior,1.8,1.8,5308.49,3.2,3.0,2.1,3.5,3.3,0,2,15.3,92,1,0,Remote,Bachelor,Married,2023-03-06 20:36:20.207371,2026-01-14 20:36:20.207371,Q1,231,1-3 years
2045,22,Female,Engineering,Senior,1.0,1.0,4804.21,3.5,2.0,2.7,3.5,3.2,0,2,26.2,43,0,0,Onsite,Master,Divorced,2025-11-16 20:36:20.207371,2025-03-26 20:36:20.207371,Q4,525,<1 year
2046,38,Female,Engineering,Senior,2.5,0.8,5721.37,3.7,3.0,4.4,4.2,3.1,0,0,4.3,41,0,0,Onsite,High School,Married,2021-09-03 20:36:20.207371,2025-11-29 20:36:20.207371,Q3,277,1-3 years
2047,27,Female,Sales,Junior,0.5,0.5,4727.1,3.0,3.0,2.8,4.6,3.9,0,2,7.3,46,0,0,Hybrid,Bachelor,Single,2020-12-06 20:36:20.207371,2024-12-19 20:36:20.207371,Q4,622,<1 year
2048,34,Male,Finance,Manager,0.9,0.9,5112.45,4.6,4.0,4.2,3.3,3.5,1,3,5.1,22,0,0,Onsite,Master,Married,2017-04-18 20:36:20.207371,2025-05-15 20:36:20.207371,Q2,475,<1 year
2049,30,Non-Binary,IT,Senior,1.0,1.0,4269.79,3.2,3.0,2.9,3.3,4.0,1,3,12.1,83,0,1,Onsite,Master,Married,2023-05-25 20:36:20.207371,2025-01-30 20:36:20.207371,Q2,580,<1 year
2050,37,Male,Operations,Lead,3.1,0.3,5728.08,3.1,1.0,2.5,2.8,3.9,1,1,27.3,72,0,0,Hybrid,Bachelor,Married,2023-06-25 20:36:20.207371,2026-07-26 20:36:20.207371,Q2,38,3-5 years
2051,24,Female,Sales,Senior,0.5,0.5,4579.24,3.7,3.0,1.8,3.6,4.1,0,2,11.8,71,0,0,Hybrid,Master,Married,2020-07-16 20:36:20.207371,2025-08-20 20:36:20.207371,Q3,378,<1 year
2052,37,Female,Operations,Lead,1.3,1.3,4661.96,3.6,2.0,2.6,3.7,3.2,1,2,12.1,52,0,0,Onsite,Bachelor,Single,2023-09-06 20:36:20.207371,2023-03-26 20:36:20.207371,Q3,1256,1-3 years
2053,38,Female,Finance,Senior,0.5,0.5,5150.09,2.4,2.0,4.5,2.5,4.0,1,2,1.8,28,0,0,Onsite,Bachelor,Single,2018-01-21 20:36:20.207371,2026-01-19 20:36:20.207371,Q1,226,<1 year
2054,43,Female,Sales,Executive,9.1,0.2,7363.43,,2.0,3.5,4.3,3.6,0,1,2.5,52,0,0,Hybrid,Bachelor,Single,2020-11-17 20:36:20.207371,2024-05-05 20:36:20.207371,Q4,850,5-10 years
2055,54,Male,Finance,Senior,12.2,0.5,7828.57,2.9,2.0,3.4,2.6,4.7,1,1,14.7,42,0,0,Onsite,Master,Single,2017-04-15 20:36:20.207371,2025-03-14 20:36:20.207371,Q2,537,>10 years
2056,22,Male,Sales,Manager,2.3,2.3,5292.12,3.6,1.0,3.8,4.3,4.6,0,2,29.9,55,0,0,Onsite,,Single,2019-09-21 20:36:20.207371,2025-12-04 20:36:20.207371,Q3,272,1-3 years
2057,38,Female,Sales,Lead,7.2,0.4,6480.67,3.1,4.0,3.6,4.3,3.1,1,0,8.0,48,0,0,Onsite,High School,Single,2020-08-04 20:36:20.207371,2022-12-26 20:36:20.207371,Q3,1346,5-10 years
2058,27,Male,Operations,Senior,0.7,0.5,4192.25,4.7,3.0,4.3,3.6,3.9,1,2,1.0,59,0,0,Onsite,Bachelor,Married,2025-12-02 20:36:20.207371,2023-08-23 20:36:20.207371,Q4,1106,<1 year
2059,22,Female,Operations,Manager,22.5,0.9,8875.0,4.0,4.0,3.9,3.8,4.3,0,4,13.3,60,0,0,Hybrid,High School,Married,2020-11-29 20:36:20.207371,2026-05-17 20:36:20.207371,Q4,108,>10 years
2060,43,Male,Engineering,Lead,1.3,1.3,6092.29,3.8,3.0,1.7,3.5,3.6,1,2,47.0,54,0,0,Hybrid,PhD,Married,2017-12-14 20:36:20.207371,2026-03-17 20:36:20.207371,Q4,169,1-3 years
2061,48,Female,Sales,Junior,4.3,1.7,6441.02,3.1,1.0,3.4,3.4,3.5,0,3,3.0,38,0,1,Hybrid,Master,Married,2018-02-14 20:36:20.207371,2024-05-24 20:36:20.207371,Q1,831,3-5 years
2062,31,Male,Engineering,Manager,8.0,1.0,5696.09,2.5,2.0,2.7,3.9,4.2,0,1,21.6,59,0,0,Onsite,Bachelor,Married,2020-09-18 20:36:20.207371,2021-03-12 20:36:20.207371,Q3,2000,5-10 years
2063,37,Female,HR,Senior,3.9,0.1,5822.88,4.0,1.0,2.7,4.3,3.9,1,1,12.2,57,0,0,Hybrid,Bachelor,,2024-04-28 20:36:20.207371,2026-03-06 20:36:20.207371,Q2,180,3-5 years
2064,34,Male,HR,Intern,6.0,3.8,5943.12,2.8,2.0,3.2,2.1,3.7,1,2,8.9,67,1,0,Hybrid,Bachelor,Married,2024-05-08 20:36:20.207371,2021-11-02 20:36:20.207371,Q2,1765,5-10 years
2065,39,Non-Binary,Finance,Lead,0.5,0.3,4521.39,2.7,4.0,4.0,2.8,4.9,0,1,10.2,44,0,0,Onsite,Bachelor,Married,2017-09-05 20:36:20.207371,2025-03-22 20:36:20.207371,Q3,529,<1 year
2066,43,Female,Operations,Junior,0.8,0.8,3964.01,3.4,1.0,3.7,3.3,4.1,0,6,1.2,40,0,0,Onsite,,Single,2021-01-15 20:36:20.207371,2024-11-17 20:36:20.207371,Q1,654,<1 year
2067,38,Male,IT,Executive,2.3,2.3,6819.89,4.1,1.0,2.2,3.2,3.7,1,1,1.0,61,1,0,Hybrid,Master,Married,2021-11-12 20:36:20.207371,2025-07-30 20:36:20.207371,Q4,399,1-3 years
2068,38,Male,Engineering,Junior,1.3,0.2,5151.2,2.6,3.0,2.7,4.4,3.4,0,2,3.4,51,0,0,Remote,,Married,2020-06-01 20:36:20.207371,2025-09-29 20:36:20.207371,Q2,338,1-3 years
2069,47,Male,Engineering,Executive,22.1,0.6,9873.2,2.6,3.0,3.5,3.6,3.2,0,0,13.0,76,0,1,Onsite,Master,Married,2022-02-06 20:36:20.207371,2021-03-12 20:36:20.207371,Q1,2000,>10 years
2070,33,Female,Engineering,Senior,2.8,2.8,,4.5,3.0,3.7,1.4,4.4,1,3,16.5,78,0,1,Remote,Master,Single,2021-02-12 20:36:20.207371,2025-04-05 20:36:20.207371,Q1,515,1-3 years
2071,44,Male,Marketing,Junior,0.8,0.2,5342.97,2.9,3.0,4.1,3.9,3.3,0,0,59.0,61,0,0,Hybrid,Master,Married,2021-04-15 20:36:20.207371,2024-10-21 20:36:20.207371,Q2,681,<1 year
2072,26,Female,Finance,Manager,0.5,0.5,5132.32,3.3,2.0,2.1,3.7,3.0,0,3,18.1,86,0,0,Remote,Master,Married,2018-03-30 20:36:20.207371,2026-04-11 20:36:20.207371,Q1,144,<1 year
2073,51,Male,Engineering,Intern,17.4,1.9,9512.84,4.2,2.0,2.6,3.0,3.5,0,3,7.7,52,0,0,Onsite,PhD,Married,2020-11-09 20:36:20.207371,2021-03-12 20:36:20.207371,Q4,2000,>10 years
2074,42,Male,Finance,Junior,0.7,0.7,4855.47,4.3,4.0,3.4,3.8,3.4,0,0,10.2,51,0,0,Onsite,Master,Married,2025-07-31 20:36:20.207371,2026-06-29 20:36:20.207371,Q3,65,<1 year
2075,30,Female,Marketing,Senior,1.6,1.6,5597.37,2.0,2.0,3.0,4.0,3.7,0,0,45.7,79,0,0,Onsite,High School,Divorced,2018-04-20 20:36:20.207371,2025-12-23 20:36:20.207371,Q2,253,1-3 years
2076,22,Male,Finance,Manager,6.2,1.9,5311.29,3.0,4.0,3.6,4.2,4.0,0,1,1.0,80,0,0,Remote,Master,Single,2025-07-18 20:36:20.207371,2025-03-18 20:36:20.207371,Q3,533,5-10 years
2077,34,Female,Operations,Executive,10.6,2.7,6762.63,3.7,4.0,2.2,4.2,3.7,1,4,4.5,66,0,0,Hybrid,PhD,Married,2025-03-14 20:36:20.207371,2026-07-29 20:36:20.207371,Q1,35,>10 years
2078,23,Female,Operations,Junior,1.2,1.2,4404.96,4.0,2.0,3.2,2.6,3.9,0,3,8.3,50,0,0,Hybrid,Bachelor,Single,2017-12-07 20:36:20.207371,2026-04-01 20:36:20.207371,Q4,154,1-3 years
2079,37,Male,IT,Junior,8.3,6.6,6604.28,4.7,,3.4,4.5,4.0,0,3,5.5,73,0,0,Onsite,Bachelor,Single,2017-11-09 20:36:20.207371,2026-08-30 20:36:20.207371,Q4,3,5-10 years
2080,49,Male,Engineering,Senior,11.7,0.8,7859.25,3.9,4.0,3.9,3.1,4.5,0,5,6.8,67,0,0,Onsite,Bachelor,Divorced,2025-05-13 20:36:20.207371,2026-07-25 20:36:20.207371,Q2,39,>10 years
2081,36,Male,Sales,Senior,6.1,1.1,6648.75,3.3,3.0,1.2,3.4,3.0,0,3,2.2,49,0,0,Hybrid,Master,,2020-12-12 20:36:20.207371,2025-02-28 20:36:20.207371,Q4,551,5-10 years
2082,33,Male,Marketing,Senior,3.9,2.3,5538.58,2.7,3.0,3.2,4.2,3.4,1,2,11.6,59,0,0,Onsite,PhD,Married,2017-10-04 20:36:20.207371,2025-05-18 20:36:20.207371,Q4,472,3-5 years
2083,38,Male,Operations,Junior,4.2,1.6,6490.81,,3.0,4.5,3.4,3.5,0,4,4.6,61,0,0,Onsite,Bachelor,Single,2025-02-21 20:36:20.207371,2025-05-17 20:36:20.207371,Q1,473,3-5 years
2084,37,Female,Engineering,Lead,1.8,1.8,5641.09,3.9,3.0,3.3,4.6,3.9,0,1,2.5,58,0,0,Onsite,Bachelor,Married,2017-02-04 20:36:20.207371,2024-09-06 20:36:20.207371,Q1,726,1-3 years
2085,22,Female,Finance,Executive,8.9,1.8,7109.82,4.0,3.0,3.1,3.5,4.4,1,3,9.2,24,0,0,Hybrid,Bachelor,Single,2017-03-15 20:36:20.207371,2025-04-16 20:36:20.207371,Q1,504,5-10 years
2086,37,Non-Binary,Finance,Lead,9.3,2.2,6488.87,4.4,3.0,4.3,2.4,3.8,0,1,10.8,34,0,0,Hybrid,,Married,2023-07-07 20:36:20.207371,2026-08-01 20:36:20.207371,Q3,32,5-10 years
2087,41,Male,Finance,Executive,2.7,2.7,5879.89,3.5,3.0,4.5,4.3,4.1,0,3,21.7,66,0,0,Onsite,,Married,2018-03-06 20:36:20.207371,2026-08-19 20:36:20.207371,Q1,14,1-3 years
2088,32,Male,Sales,Junior,6.4,1.0,6406.76,3.0,2.0,3.1,3.0,3.6,0,2,6.8,45,0,0,Hybrid,Master,Married,2026-01-12 20:36:20.207371,2025-05-30 20:36:20.207371,Q1,460,5-10 years
2089,44,Male,Finance,Senior,25.0,0.3,10198.44,2.6,4.0,3.4,4.9,4.0,1,1,9.9,22,1,1,Hybrid,Master,Married,2020-07-27 20:36:20.207371,2025-02-01 20:36:20.207371,Q3,578,>10 years
2090,33,Female,Finance,Lead,5.4,5.1,5406.77,3.4,4.0,3.4,4.3,3.8,0,5,5.2,41,0,0,Onsite,High School,Single,2019-07-22 20:36:20.207371,2024-07-20 20:36:20.207371,Q3,774,5-10 years
2091,42,Female,Engineering,Lead,2.3,2.3,5639.94,4.8,4.0,2.6,4.4,4.9,0,2,5.7,56,0,0,Onsite,Bachelor,Divorced,2026-07-01 20:36:20.207371,2025-08-31 20:36:20.207371,Q3,367,1-3 years
2092,57,Male,Sales,Junior,2.4,2.4,6023.3,3.4,2.0,4.3,4.4,4.2,0,1,12.2,56,0,0,Onsite,Bachelor,Single,2024-10-10 20:36:20.207371,2026-01-14 20:36:20.207371,Q4,231,1-3 years
2093,34,Male,Engineering,Junior,6.2,6.2,6141.41,2.8,2.0,,3.5,3.9,0,1,1.3,49,0,1,Onsite,Bachelor,Single,2020-02-19 20:36:20.207371,2024-12-05 20:36:20.207371,Q1,636,5-10 years
2094,22,Female,HR,Junior,0.5,0.5,3433.26,3.0,4.0,3.7,3.5,2.9,0,1,1.8,65,0,0,Onsite,PhD,Divorced,2024-09-03 20:36:20.207371,2021-05-27 20:36:20.207371,Q3,1924,<1 year
2095,31,Male,Operations,Junior,6.9,1.0,6805.55,4.4,1.0,3.1,2.9,4.5,0,0,3.9,49,0,0,Onsite,Bachelor,,2017-12-16 20:36:20.207371,2026-01-26 20:36:20.207371,Q4,219,5-10 years
2096,22,Female,Operations,Intern,3.5,0.8,5395.15,4.0,2.0,3.3,3.0,3.6,1,1,2.4,50,0,0,Hybrid,Master,Single,2018-02-15 20:36:20.207371,2024-08-09 20:36:20.207371,Q1,754,3-5 years
2097,41,Male,IT,Intern,3.6,0.5,5035.81,3.0,4.0,3.8,3.1,3.4,1,0,3.2,79,0,1,Hybrid,High School,Single,2016-11-22 20:36:20.207371,2025-01-07 20:36:20.207371,Q4,603,3-5 years
2098,48,Female,Marketing,Lead,0.9,0.9,4687.19,2.4,4.0,2.5,2.7,4.3,0,2,12.8,71,0,0,Onsite,Master,Married,2017-10-29 20:36:20.207371,2025-05-03 20:36:20.207371,Q4,487,<1 year
2099,41,Male,Marketing,Senior,1.6,0.2,6656.41,3.2,3.0,3.2,3.7,3.2,0,0,10.1,87,0,0,Hybrid,Bachelor,Married,2022-01-31 20:36:20.207371,2025-03-18 20:36:20.207371,Q1,533,1-3 years
2100,38,Female,Engineering,Junior,1.4,1.4,5309.71,2.7,3.0,2.9,4.1,2.5,0,0,3.2,60,0,0,Onsite,Bachelor,Single,2025-01-23 20:36:20.207371,2025-03-25 20:36:20.207371,Q1,526,1-3 years
2101,28,Female,Engineering,Manager,8.8,7.2,6555.35,3.8,2.0,2.9,3.4,3.1,1,3,1.0,83,0,1,Remote,High School,Divorced,2018-07-18 20:36:20.207371,2026-03-15 20:36:20.207371,Q3,171,5-10 years
2102,50,Female,Sales,Junior,5.6,0.2,8203.07,5.0,2.0,5.0,2.0,4.2,0,3,10.9,83,0,0,Onsite,Bachelor,Single,2021-11-03 20:36:20.207371,2024-10-17 20:36:20.207371,Q4,685,5-10 years
2103,42,Female,IT,Lead,0.5,0.5,4801.29,4.0,3.0,2.7,4.5,3.6,0,3,1.0,48,0,1,Hybrid,PhD,Single,2023-12-14 20:36:20.207371,2021-03-12 20:36:20.207371,Q4,2000,<1 year
2104,37,Female,Finance,Junior,3.2,0.1,4835.27,2.4,3.0,2.8,2.9,3.6,1,3,1.7,75,0,1,Onsite,PhD,Married,2021-09-27 20:36:20.207371,2026-04-03 20:36:20.207371,Q3,152,3-5 years
2105,37,Female,Operations,Junior,2.6,2.3,5204.0,3.1,4.0,3.6,3.7,2.9,0,3,1.5,72,0,0,Onsite,PhD,Single,2019-06-26 20:36:20.207371,2026-06-10 20:36:20.207371,Q2,84,1-3 years
2106,36,Female,Operations,Senior,0.8,0.8,4885.31,3.5,3.0,3.4,2.3,3.4,0,1,17.0,42,1,0,Onsite,Bachelor,Divorced,2023-04-17 20:36:20.207371,2024-11-24 20:36:20.207371,Q2,647,<1 year
2107,39,Male,Sales,Lead,12.0,4.7,7874.36,4.2,3.0,2.6,3.1,4.3,0,2,14.0,18,0,1,Onsite,Bachelor,Single,2024-10-06 20:36:20.207371,2023-08-29 20:36:20.207371,Q4,1100,>10 years
2108,28,Female,Operations,Junior,2.6,0.6,5650.65,4.4,3.0,3.7,2.8,3.1,1,2,4.2,92,0,0,Remote,High School,Married,2018-06-25 20:36:20.207371,2024-03-26 20:36:20.207371,Q2,890,1-3 years
2109,50,Female,Finance,Executive,4.8,1.3,8043.84,4.9,2.0,3.1,3.5,2.9,0,1,6.0,37,1,0,Hybrid,PhD,Married,2025-08-09 20:36:20.207371,2025-11-09 20:36:20.207371,Q3,297,3-5 years
2110,36,Male,Marketing,Executive,2.7,0.3,5669.79,,3.0,3.5,4.0,3.3,0,1,13.4,20,0,0,Onsite,Bachelor,Single,2022-11-11 20:36:20.207371,2026-05-27 20:36:20.207371,Q4,98,1-3 years
2111,41,Female,Engineering,Senior,0.5,0.5,5421.44,3.9,2.0,3.2,1.8,4.3,0,2,34.9,40,1,0,Hybrid,Master,Married,2022-04-27 20:36:20.207371,2026-01-31 20:36:20.207371,Q2,214,<1 year
2112,30,Female,Engineering,Intern,10.3,0.6,6182.0,2.9,4.0,3.2,4.3,3.8,0,3,55.8,79,0,0,Onsite,Bachelor,,2017-07-28 20:36:20.207371,2024-01-31 20:36:20.207371,Q3,945,>10 years
2113,38,Male,IT,Manager,3.5,1.9,7057.15,4.3,3.0,3.6,4.6,3.7,0,0,19.2,63,0,1,Onsite,PhD,Married,2026-04-01 20:36:20.207371,2025-02-17 20:36:20.207371,Q2,562,3-5 years
2114,22,Female,Engineering,Executive,4.2,2.8,5224.39,2.6,4.0,3.7,3.8,3.9,1,2,14.5,79,0,0,Onsite,Master,Divorced,2016-10-30 20:36:20.207371,2025-05-21 20:36:20.207371,Q4,469,3-5 years
2115,23,Male,IT,Manager,9.8,0.7,5394.08,3.4,2.0,4.3,4.1,2.5,1,2,15.8,54,0,0,Onsite,,Married,2019-08-31 20:36:20.207371,2025-11-29 20:36:20.207371,Q3,277,5-10 years
2116,34,Male,Engineering,Manager,8.9,5.8,6389.55,3.0,2.0,2.9,2.0,3.2,0,1,1.5,37,0,0,Onsite,High School,Married,2018-05-27 20:36:20.207371,2025-08-21 20:36:20.207371,Q2,377,5-10 years
2117,22,Male,Operations,Lead,1.0,1.0,4971.92,,3.0,1.8,3.7,1.8,0,3,33.4,82,0,0,Remote,PhD,Married,2017-09-16 20:36:20.207371,2026-01-03 20:36:20.207371,Q3,242,<1 year
2118,59,Male,Operations,Senior,6.3,0.3,6784.4,2.6,3.0,3.2,3.2,3.8,0,0,8.9,56,0,1,Onsite,PhD,Married,2026-02-12 20:36:20.207371,2026-08-27 20:36:20.207371,Q1,6,5-10 years
2119,22,Female,IT,Junior,0.9,0.5,5172.64,3.1,3.0,2.2,3.4,3.3,1,2,80.0,41,0,0,Hybrid,Bachelor,Single,2019-09-21 20:36:20.207371,2025-12-09 20:36:20.207371,Q3,267,<1 year
2120,38,Female,Marketing,Senior,9.9,0.3,6779.48,3.4,4.0,4.0,3.9,4.7,1,1,4.2,43,0,1,Onsite,Master,Single,2020-10-26 20:36:20.207371,2026-02-15 20:36:20.207371,Q4,199,5-10 years
2121,51,Male,Engineering,Junior,9.3,1.7,7082.16,3.0,3.0,2.8,3.8,2.7,0,3,4.5,56,0,0,Onsite,Bachelor,Married,2023-04-17 20:36:20.207371,2021-11-25 20:36:20.207371,Q2,1742,5-10 years
2122,39,Male,IT,Intern,2.2,1.4,5777.71,4.1,3.0,,3.6,3.3,1,3,23.5,74,0,0,Onsite,High School,Single,2022-06-21 20:36:20.207371,2026-07-11 20:36:20.207371,Q2,53,1-3 years
2123,31,Male,Sales,Junior,7.1,1.3,5335.19,2.9,3.0,2.7,3.3,3.4,0,2,1.0,27,0,0,Hybrid,Master,Married,2021-12-18 20:36:20.207371,2025-05-14 20:36:20.207371,Q4,476,5-10 years
2124,29,Male,Sales,Intern,1.7,1.7,5285.51,2.8,3.0,3.1,2.8,3.9,0,4,4.9,81,1,0,Remote,Bachelor,Married,2023-11-16 20:36:20.207371,2025-03-08 20:36:20.207371,Q4,543,1-3 years
2125,41,Male,Sales,Manager,9.2,1.5,7265.88,4.2,,3.9,2.4,3.2,1,1,2.7,106,1,0,Hybrid,,Single,2026-03-01 20:36:20.207371,2026-01-03 20:36:20.207371,Q1,242,5-10 years
2126,26,Female,Operations,Lead,5.0,1.6,5657.07,2.8,2.0,5.0,3.1,3.8,0,2,22.5,57,0,0,Hybrid,Bachelor,Married,2021-05-23 20:36:20.207371,2026-05-18 20:36:20.207371,Q2,107,3-5 years
2127,33,Female,IT,Intern,0.5,0.5,4932.15,2.9,4.0,4.3,3.2,4.1,0,2,11.8,88,0,1,Hybrid,Bachelor,Divorced,2022-02-03 20:36:20.207371,2023-05-08 20:36:20.207371,Q1,1213,<1 year
2128,41,Male,Finance,Senior,2.4,0.3,5816.49,4.1,3.0,3.9,2.8,3.3,0,0,5.1,70,0,0,Remote,PhD,Married,2023-04-19 20:36:20.207371,2025-09-26 20:36:20.207371,Q2,341,1-3 years
2129,31,Male,IT,Senior,11.2,10.8,7387.78,,3.0,3.2,2.8,2.8,1,2,56.1,50,0,0,Hybrid,PhD,Married,2023-07-16 20:36:20.207371,2025-12-27 20:36:20.207371,Q3,249,>10 years
2130,35,Female,IT,Senior,3.2,3.2,5389.45,3.7,3.0,2.0,4.2,4.1,0,0,28.3,57,0,0,Hybrid,Master,Married,2017-11-24 20:36:20.207371,2025-12-16 20:36:20.207371,Q4,260,3-5 years
2131,31,Female,Finance,Junior,4.9,4.9,6181.24,4.0,1.0,2.4,4.1,3.3,1,1,12.0,62,0,1,Remote,High School,Married,2024-03-19 20:36:20.207371,2024-05-17 20:36:20.207371,Q1,838,3-5 years
2132,25,Male,Finance,Intern,6.2,1.9,5668.8,2.9,2.0,4.0,4.5,3.4,1,3,20.6,98,0,1,Onsite,Master,Divorced,2019-09-07 20:36:20.207371,2022-06-30 20:36:20.207371,Q3,1525,5-10 years
2133,46,Female,Engineering,Executive,4.1,1.8,6587.32,4.7,3.0,2.7,4.2,3.3,0,1,10.9,65,0,0,Hybrid,High School,Single,2024-12-05 20:36:20.207371,2026-05-15 20:36:20.207371,Q4,110,3-5 years
2134,48,Male,Engineering,Senior,2.5,0.2,5947.27,3.6,4.0,2.8,4.3,3.7,0,3,15.0,53,0,0,Onsite,Bachelor,Married,2016-12-18 20:36:20.207371,2024-10-19 20:36:20.207371,Q4,683,1-3 years
2135,31,Female,Engineering,Junior,9.7,1.0,6088.34,3.4,3.0,3.8,2.7,2.4,0,3,25.6,49,0,0,Hybrid,Bachelor,,2023-05-12 20:36:20.207371,2024-10-27 20:36:20.207371,Q2,675,5-10 years
2136,32,Male,IT,Intern,9.5,2.2,6511.05,2.1,4.0,3.7,2.8,5.0,0,1,1.0,62,0,1,Onsite,Bachelor,Married,2017-08-27 20:36:20.207371,2025-11-12 20:36:20.207371,Q3,294,5-10 years
2137,33,Female,Sales,Senior,3.2,0.9,4676.13,2.7,4.0,2.6,3.4,4.3,0,1,14.4,48,0,0,Remote,Bachelor,Married,2017-07-22 20:36:20.207371,2024-04-22 20:36:20.207371,Q3,863,3-5 years
2138,40,Female,Operations,Junior,2.6,2.6,4876.6,4.2,3.0,2.4,4.2,3.0,0,3,28.4,74,0,1,Hybrid,Bachelor,Divorced,2026-01-30 20:36:20.207371,2025-12-14 20:36:20.207371,Q1,262,1-3 years
2139,25,Male,Marketing,Junior,1.2,0.4,4802.97,3.6,1.0,3.4,3.7,3.0,0,2,30.1,55,0,0,Hybrid,PhD,Married,2024-07-15 20:36:20.207371,2025-01-21 20:36:20.207371,Q3,589,1-3 years
2140,34,Male,Finance,Manager,5.6,5.1,5166.87,3.4,1.0,2.3,3.4,4.0,0,2,12.6,41,0,0,Onsite,Bachelor,Married,2017-05-26 20:36:20.207371,2026-06-06 20:36:20.207371,Q2,88,5-10 years
2141,37,Female,HR,Junior,16.5,2.4,8704.72,2.0,3.0,,1.8,3.8,0,3,8.3,89,0,1,Hybrid,Master,Married,2024-12-27 20:36:20.207371,2024-08-24 20:36:20.207371,Q4,739,>10 years
2142,41,Female,Sales,Manager,1.6,1.6,5146.81,,3.0,3.5,3.5,3.7,0,2,1.0,48,0,0,Remote,Bachelor,,2023-12-26 20:36:20.207371,2025-05-12 20:36:20.207371,Q4,478,1-3 years
2143,22,Female,Sales,Lead,3.4,3.4,5028.52,3.9,4.0,2.7,3.3,2.4,0,3,26.7,55,0,0,Onsite,Bachelor,Married,2024-01-10 20:36:20.207371,2025-09-03 20:36:20.207371,Q1,364,3-5 years
2144,39,Male,Marketing,Executive,2.6,2.6,5080.4,2.5,2.0,3.8,3.7,4.2,0,4,11.8,55,0,0,Onsite,Master,Married,2020-07-04 20:36:20.207371,2023-11-16 20:36:20.207371,Q3,1021,1-3 years
2145,38,Female,Engineering,Lead,5.3,0.5,6022.62,,4.0,3.6,3.7,3.6,1,3,11.0,44,0,1,Remote,Master,Single,2025-09-07 20:36:20.207371,2024-11-15 20:36:20.207371,Q3,656,5-10 years
2146,45,Male,Sales,Junior,1.0,1.0,5964.72,3.6,,4.3,3.2,2.9,1,1,11.5,50,1,0,Onsite,Bachelor,Married,2022-06-28 20:36:20.207371,2024-05-16 20:36:20.207371,Q2,839,<1 year
2147,29,Male,Engineering,Senior,4.1,1.8,6110.43,4.7,3.0,4.5,3.1,3.0,0,4,16.0,71,0,0,Onsite,PhD,Single,2018-03-01 20:36:20.207371,2022-06-01 20:36:20.207371,Q1,1554,3-5 years
2148,29,Female,Sales,Senior,11.3,1.9,6341.58,2.4,1.0,2.6,3.1,3.6,0,3,17.6,50,0,0,Hybrid,Master,Single,2017-06-05 20:36:20.207371,2026-07-17 20:36:20.207371,Q2,47,>10 years
2149,47,Male,Operations,Senior,0.5,0.5,5167.17,3.1,2.0,2.2,3.3,4.2,0,1,1.9,35,0,0,Onsite,Master,,2017-02-06 20:36:20.207371,2026-01-08 20:36:20.207371,Q1,237,<1 year
2150,22,Male,Operations,Executive,1.9,1.9,3204.97,3.6,4.0,3.1,4.5,4.0,0,2,51.9,57,0,1,Onsite,Bachelor,Married,2019-07-26 20:36:20.207371,2025-04-12 20:36:20.207371,Q3,508,1-3 years
2151,51,Female,HR,Junior,0.5,0.5,6309.08,2.6,2.0,2.8,3.1,3.5,0,3,1.0,36,1,1,Onsite,Master,Single,2016-10-05 20:36:20.207371,2026-01-02 20:36:20.207371,Q4,243,<1 year
2152,60,Male,Marketing,Junior,4.0,0.4,6752.51,4.0,1.0,2.1,3.9,4.6,0,2,1.5,69,1,0,Remote,Bachelor,Married,2023-07-01 20:36:20.207371,2026-04-26 20:36:20.207371,Q3,129,3-5 years
2153,39,Male,Finance,Junior,10.4,2.3,7097.7,2.8,2.0,2.6,3.4,4.1,0,2,13.8,42,1,1,Remote,High School,Married,2025-10-10 20:36:20.207371,2026-08-09 20:36:20.207371,Q4,24,>10 years
2154,43,Male,Sales,Manager,4.0,4.0,6529.07,3.4,3.0,3.1,4.4,3.7,0,0,12.7,69,0,0,Onsite,Bachelor,Married,2017-09-19 20:36:20.207371,2024-10-11 20:36:20.207371,Q3,691,3-5 years
2155,22,Female,IT,Executive,9.5,3.2,7158.59,3.6,3.0,2.1,3.6,3.6,0,3,5.0,52,0,0,Onsite,Bachelor,Single,2023-08-08 20:36:20.207371,2026-05-09 20:36:20.207371,Q3,116,5-10 years
2156,28,Female,Marketing,Manager,0.8,0.8,4092.1,3.9,2.0,,2.5,3.3,1,2,71.7,65,1,0,Onsite,Bachelor,Single,2026-04-26 20:36:20.207371,2024-10-25 20:36:20.207371,Q2,677,<1 year
2157,45,Female,Finance,Senior,0.5,0.1,5206.5,3.7,3.0,3.3,3.2,4.9,1,2,1.0,76,0,0,Remote,High School,Married,2019-01-18 20:36:20.207371,2026-04-18 20:36:20.207371,Q1,137,<1 year
2158,38,Male,Operations,Senior,7.9,2.4,,3.4,2.0,4.6,3.1,4.2,1,2,10.3,72,0,0,Hybrid,Master,Single,2023-02-13 20:36:20.207371,2025-08-02 20:36:20.207371,Q1,396,5-10 years
2159,33,Female,HR,Lead,0.9,0.9,4045.32,3.0,2.0,3.4,2.7,2.5,0,2,4.6,49,0,0,Hybrid,Master,Single,2021-08-04 20:36:20.207371,2026-03-01 20:36:20.207371,Q3,185,<1 year
2160,37,Male,Sales,Senior,7.8,7.2,6503.88,3.4,2.0,3.9,3.2,3.3,0,1,1.0,64,0,0,Hybrid,Master,Single,2024-03-18 20:36:20.207371,2025-03-04 20:36:20.207371,Q1,547,5-10 years
2161,40,Male,Operations,Junior,6.5,1.4,6023.35,2.4,1.0,3.4,3.5,3.4,1,3,28.2,68,1,0,Onsite,Master,Married,2022-03-27 20:36:20.207371,2026-06-25 20:36:20.207371,Q1,69,5-10 years
2162,32,Female,Operations,Lead,20.3,0.9,8530.96,3.0,4.0,2.8,4.2,3.1,0,2,12.2,44,0,1,Hybrid,High School,Married,2021-09-07 20:36:20.207371,2026-06-15 20:36:20.207371,Q3,79,>10 years
2163,34,Female,Finance,Executive,0.5,0.5,4441.58,3.2,3.0,3.4,3.9,3.3,1,3,3.1,42,0,0,Remote,Master,Divorced,2020-03-02 20:36:20.207371,2026-08-22 20:36:20.207371,Q1,11,<1 year
2164,34,Male,Marketing,Senior,3.8,1.4,5621.07,3.6,1.0,4.4,3.6,4.5,0,4,7.9,80,0,0,Onsite,Bachelor,Single,2024-10-03 20:36:20.207371,2024-12-08 20:36:20.207371,Q4,633,3-5 years
2165,24,Male,Sales,Junior,6.4,1.3,5581.52,2.8,3.0,3.2,4.0,3.8,0,4,4.0,102,0,0,Onsite,Bachelor,Married,2021-01-17 20:36:20.207371,2025-09-03 20:36:20.207371,Q1,364,5-10 years
2166,38,Non-Binary,Finance,Manager,1.1,0.8,5335.29,3.6,,3.9,2.9,3.9,0,3,15.4,52,0,0,Hybrid,Master,Married,2017-09-10 20:36:20.207371,2025-07-05 20:36:20.207371,Q3,424,1-3 years
2167,53,Male,Sales,Senior,3.4,3.4,6464.71,4.9,1.0,3.9,3.8,2.9,0,2,12.7,37,1,0,Hybrid,Master,Single,2018-10-12 20:36:20.207371,2024-03-21 20:36:20.207371,Q4,895,3-5 years
2168,52,Female,Operations,Junior,0.8,0.2,5981.03,2.4,1.0,4.0,4.4,4.9,0,2,16.5,83,0,0,Hybrid,Bachelor,Married,2025-09-13 20:36:20.207371,2026-03-19 20:36:20.207371,Q3,167,<1 year
2169,22,Female,Engineering,Senior,1.2,1.0,4591.89,3.1,4.0,2.6,3.2,3.4,0,0,4.5,48,1,0,Remote,High School,Married,2019-05-03 20:36:20.207371,2024-08-03 20:36:20.207371,Q2,760,1-3 years
2170,40,Male,Sales,Manager,0.5,0.5,4866.33,3.2,2.0,2.2,3.4,2.8,0,1,1.0,56,0,0,Onsite,Master,Married,2022-11-04 20:36:20.207371,2025-09-21 20:36:20.207371,Q4,346,<1 year
2171,41,Female,Engineering,Manager,0.6,0.6,5335.86,4.5,2.0,2.7,3.1,4.6,0,3,16.6,67,0,0,Onsite,Bachelor,Single,2023-03-28 20:36:20.207371,2026-08-22 20:36:20.207371,Q1,11,<1 year
2172,30,Female,Marketing,Manager,2.2,1.3,4855.91,3.6,3.0,4.7,3.4,3.1,0,1,5.2,27,1,0,Remote,Bachelor,Single,2025-12-14 20:36:20.207371,2025-12-02 20:36:20.207371,Q4,274,1-3 years
2173,25,Male,Engineering,Senior,1.3,0.5,4194.67,4.3,4.0,4.6,4.5,4.3,0,2,16.0,106,0,0,Remote,Master,Married,2026-01-20 20:36:20.207371,2026-01-11 20:36:20.207371,Q1,234,1-3 years
2174,22,Female,Finance,Junior,4.1,2.7,4846.72,3.5,1.0,2.8,3.8,4.2,0,2,3.9,42,0,1,Hybrid,PhD,Single,2023-11-28 20:36:20.207371,2025-04-07 20:36:20.207371,Q4,513,3-5 years
2175,30,Male,Finance,Junior,1.9,1.1,4661.87,4.3,3.0,2.0,3.5,4.3,0,2,1.0,31,0,0,Hybrid,Bachelor,Married,2023-03-23 20:36:20.207371,2025-07-22 20:36:20.207371,Q1,407,1-3 years
2176,38,Female,Operations,Junior,1.6,1.6,5474.76,4.1,3.0,2.8,4.2,3.1,1,2,3.1,56,0,1,Hybrid,Master,Married,2019-10-21 20:36:20.207371,2026-01-07 20:36:20.207371,Q4,238,1-3 years
2177,33,Male,HR,Intern,2.3,0.1,5175.9,3.3,3.0,3.2,3.7,4.2,1,1,6.5,68,0,1,Hybrid,Master,Married,2026-07-23 20:36:20.207371,2025-06-23 20:36:20.207371,Q3,436,1-3 years
2178,28,Female,HR,Senior,1.2,1.2,4295.91,4.0,4.0,3.3,3.2,2.9,0,2,7.5,59,0,0,Onsite,Bachelor,Single,2017-02-22 20:36:20.207371,2024-02-05 20:36:20.207371,Q1,940,1-3 years
2179,22,Non-Binary,Marketing,Executive,0.6,0.6,4416.06,2.7,3.0,4.0,4.2,3.6,0,3,5.8,48,0,1,Hybrid,Bachelor,Single,2022-10-25 20:36:20.207371,2024-08-09 20:36:20.207371,Q4,754,<1 year
2180,38,Male,Sales,Manager,8.2,1.5,6259.42,4.2,3.0,1.6,3.1,3.5,0,3,43.2,41,0,1,Remote,Bachelor,Married,2024-05-25 20:36:20.207371,2025-04-09 20:36:20.207371,Q2,511,5-10 years
2181,45,Female,IT,Lead,0.5,0.5,5235.97,2.9,4.0,1.7,4.1,3.5,1,2,19.8,26,0,0,Onsite,Master,Married,2024-08-11 20:36:20.207371,2024-09-13 20:36:20.207371,Q3,719,<1 year
2182,25,Female,Engineering,Junior,5.5,2.3,4642.36,3.0,2.0,3.5,3.6,4.1,0,0,18.0,54,0,0,Onsite,Master,Married,2021-03-18 20:36:20.207371,2026-07-05 20:36:20.207371,Q1,59,5-10 years
2183,39,Male,Engineering,Senior,8.8,3.5,6555.04,3.6,4.0,3.9,4.8,4.1,0,1,16.9,69,0,0,Remote,High School,Divorced,2026-07-08 20:36:20.207371,2024-10-01 20:36:20.207371,Q3,701,5-10 years
2184,22,Male,IT,Manager,3.5,1.1,4842.64,4.6,3.0,3.1,4.3,3.5,1,2,6.6,10,0,0,Onsite,Master,Married,2021-12-19 20:36:20.207371,2026-07-18 20:36:20.207371,Q4,46,3-5 years
2185,28,Female,Sales,Manager,3.8,3.8,6505.09,4.2,1.0,1.6,3.5,3.8,1,2,6.4,59,0,0,Hybrid,Bachelor,Single,2017-10-21 20:36:20.207371,2026-05-09 20:36:20.207371,Q4,116,3-5 years
2186,42,Female,IT,Senior,1.8,1.8,5140.74,4.8,1.0,2.1,1.5,4.3,0,1,18.4,59,0,0,Onsite,Master,Single,2022-12-05 20:36:20.207371,2026-08-22 20:36:20.207371,Q4,11,1-3 years
2187,23,Female,Sales,Junior,0.6,0.6,4250.92,,4.0,1.9,4.9,3.1,0,2,26.1,50,0,0,Onsite,Bachelor,Married,2025-11-03 20:36:20.207371,2024-06-23 20:36:20.207371,Q4,801,<1 year
2188,28,Male,HR,Junior,0.5,0.5,4051.96,3.6,2.0,3.1,3.4,3.2,0,1,2.9,32,0,0,Remote,Master,Single,2021-08-19 20:36:20.207371,2024-07-18 20:36:20.207371,Q3,776,<1 year
2189,49,Male,Sales,Junior,0.5,0.5,6171.61,2.8,4.0,,3.7,3.4,0,0,1.3,70,0,0,Remote,Bachelor,Single,2022-04-07 20:36:20.207371,2025-04-27 20:36:20.207371,Q2,493,<1 year
2190,27,Male,Sales,Manager,1.4,1.3,5555.17,2.8,4.0,2.5,3.4,3.8,0,0,3.3,48,1,0,Onsite,High School,Divorced,2017-08-07 20:36:20.207371,2026-03-18 20:36:20.207371,Q3,168,1-3 years
2191,26,Male,HR,Senior,2.2,0.2,4611.04,3.2,4.0,2.9,2.9,4.6,0,2,24.0,70,0,0,Hybrid,Master,Married,2023-05-11 20:36:20.207371,2024-08-15 20:36:20.207371,Q2,748,1-3 years
2192,40,Female,Engineering,Junior,2.9,2.9,6249.99,2.2,4.0,4.0,4.0,4.1,1,1,16.2,79,1,1,Hybrid,Bachelor,Married,2016-11-14 20:36:20.207371,2025-06-17 20:36:20.207371,Q4,442,1-3 years
2193,54,Male,Marketing,Lead,0.9,0.9,6327.24,4.4,2.0,4.1,3.3,3.0,1,0,12.7,21,0,0,Hybrid,Master,,2020-05-24 20:36:20.207371,2026-01-15 20:36:20.207371,Q2,230,<1 year
2194,32,Female,HR,Junior,3.4,0.6,5099.75,2.7,4.0,3.9,2.8,4.2,0,1,3.4,46,0,0,Onsite,PhD,Single,2020-02-26 20:36:20.207371,2025-12-01 20:36:20.207371,Q1,275,3-5 years
2195,42,Male,Operations,Senior,1.2,0.5,5278.68,3.6,3.0,2.6,3.3,4.2,1,2,29.0,53,0,0,Hybrid,High School,Divorced,2016-10-07 20:36:20.207371,2026-07-06 20:36:20.207371,Q4,58,1-3 years
2196,48,Female,Finance,Lead,6.6,2.0,6268.85,4.2,1.0,3.6,3.1,3.6,1,2,1.0,81,1,0,Onsite,Bachelor,Married,2024-01-11 20:36:20.207371,2025-11-16 20:36:20.207371,Q1,290,5-10 years
2197,38,Female,Marketing,Junior,1.6,1.6,5302.3,4.1,1.0,2.8,3.5,3.2,0,2,7.1,73,1,1,Remote,PhD,Married,2019-03-07 20:36:20.207371,2025-02-21 20:36:20.207371,Q1,558,1-3 years
2198,32,Female,Finance,Executive,0.7,0.7,4731.79,3.8,3.0,2.4,3.6,3.1,0,6,35.8,51,0,0,Hybrid,Bachelor,Married,2017-03-23 20:36:20.207371,2026-08-06 20:36:20.207371,Q1,27,<1 year
2199,26,Male,Marketing,Junior,8.8,0.5,6129.43,3.3,4.0,4.2,3.7,3.6,0,1,33.0,58,0,0,Onsite,Master,Single,2021-01-18 20:36:20.207371,2025-08-20 20:36:20.207371,Q1,378,5-10 years
2200,22,Female,HR,Manager,6.9,3.5,5674.21,,3.0,1.9,3.5,2.9,0,1,8.7,60,0,1,Onsite,High School,Single,2023-10-01 20:36:20.207371,2024-06-16 20:36:20.207371,Q4,808,5-10 years
2201,46,Female,Engineering,Junior,1.2,1.2,6028.64,3.4,1.0,4.2,2.3,3.0,0,1,34.5,100,0,1,Remote,Bachelor,Single,2018-07-06 20:36:20.207371,2025-06-19 20:36:20.207371,Q3,440,1-3 years
2202,36,Male,Engineering,Lead,7.9,1.9,7100.37,3.4,4.0,3.3,3.6,3.1,1,1,22.5,58,0,0,Hybrid,Master,Married,2022-09-01 20:36:20.207371,2024-11-14 20:36:20.207371,Q3,657,5-10 years
2203,48,Male,HR,Intern,1.5,1.5,6756.42,3.4,,2.5,3.9,4.0,0,1,20.2,65,0,1,Remote,Master,Single,2024-06-28 20:36:20.207371,2024-07-03 20:36:20.207371,Q2,791,1-3 years
2204,44,Male,Engineering,Executive,4.7,2.3,6595.32,3.7,3.0,4.3,3.6,4.8,0,4,2.4,65,0,0,Onsite,Bachelor,Married,2020-02-11 20:36:20.207371,2025-10-31 20:36:20.207371,Q1,306,3-5 years
2205,28,Male,Engineering,Manager,6.6,3.6,5485.07,3.9,4.0,1.4,4.6,4.0,0,2,3.8,89,0,0,Hybrid,Master,Divorced,2025-04-04 20:36:20.207371,2025-11-27 20:36:20.207371,Q2,279,5-10 years
2206,23,Female,Operations,Executive,10.5,4.3,5701.54,3.4,2.0,2.7,3.3,3.8,0,1,1.0,62,1,0,Hybrid,Master,Married,2018-05-22 20:36:20.207371,2024-11-16 20:36:20.207371,Q2,655,>10 years
2207,39,Female,Operations,Senior,0.5,0.5,5033.02,3.4,3.0,2.9,3.0,3.6,0,2,13.9,21,0,1,Remote,Bachelor,Married,2020-03-07 20:36:20.207371,2025-04-20 20:36:20.207371,Q1,500,<1 year
2208,20,Female,Sales,Junior,22.8,8.3,9097.07,2.5,3.0,2.0,4.2,2.6,0,5,9.1,66,0,0,Hybrid,Bachelor,Single,2017-05-05 20:36:20.207371,2026-03-03 20:36:20.207371,Q2,183,>10 years
2209,38,Female,Finance,Lead,0.9,0.9,4441.17,2.0,4.0,4.6,3.1,5.0,1,2,29.5,72,0,0,Onsite,High School,Single,2022-01-28 20:36:20.207371,2024-05-29 20:36:20.207371,Q1,826,<1 year
2210,27,Male,HR,Senior,6.3,0.3,5655.43,4.1,3.0,3.8,2.8,3.9,1,1,4.4,42,1,0,Onsite,Bachelor,Single,2025-03-23 20:36:20.207371,2021-03-12 20:36:20.207371,Q1,2000,5-10 years
2211,26,Male,Finance,Senior,8.7,3.4,6050.65,3.0,2.0,3.4,3.7,4.1,0,0,19.0,33,1,1,Onsite,PhD,Divorced,2020-03-23 20:36:20.207371,2024-04-27 20:36:20.207371,Q1,858,5-10 years
2212,33,Female,Marketing,Junior,2.9,0.1,4656.79,2.3,4.0,3.3,2.9,2.8,0,1,12.6,15,0,0,Onsite,High School,Married,2023-01-13 20:36:20.207371,2023-11-11 20:36:20.207371,Q1,1026,1-3 years
2213,44,Male,HR,Manager,3.8,1.9,6587.4,3.3,,2.8,4.6,4.0,0,3,8.4,51,1,0,Onsite,Bachelor,Married,2023-03-11 20:36:20.207371,2026-07-18 20:36:20.207371,Q1,46,3-5 years
2214,38,Female,Operations,Executive,1.3,1.3,4222.77,3.5,3.0,4.4,4.0,3.7,0,3,5.2,86,1,0,Hybrid,Bachelor,Divorced,2021-11-06 20:36:20.207371,2025-12-16 20:36:20.207371,Q4,260,1-3 years
2215,46,Female,Operations,Junior,2.1,0.8,6188.85,2.7,4.0,4.2,3.2,3.9,1,1,27.2,66,0,1,Onsite,Master,Married,2018-03-26 20:36:20.207371,2026-04-25 20:36:20.207371,Q1,130,1-3 years
2216,22,Female,IT,Manager,0.5,0.5,5411.84,3.2,,2.1,2.9,3.9,0,3,17.7,103,1,1,Onsite,PhD,,2023-05-09 20:36:20.207371,2026-02-27 20:36:20.207371,Q2,187,<1 year
2217,24,Female,Operations,Lead,0.8,0.2,,3.5,4.0,3.6,2.5,5.0,0,2,47.2,91,0,1,Remote,High School,Married,2025-04-05 20:36:20.207371,2025-06-01 20:36:20.207371,Q2,458,<1 year
2218,34,Non-Binary,Operations,Manager,4.5,2.9,5760.95,4.8,1.0,4.6,3.4,4.5,0,4,1.0,25,0,0,Onsite,,Married,2019-10-23 20:36:20.207371,2021-03-12 20:36:20.207371,Q4,2000,3-5 years
2219,56,Male,Operations,Lead,1.0,1.0,6138.62,3.6,3.0,3.0,4.0,4.0,1,1,36.2,86,0,1,Onsite,Bachelor,Married,2026-08-01 20:36:20.207371,2026-07-14 20:36:20.207371,Q3,50,<1 year
2220,41,Female,Engineering,Senior,5.3,1.0,6169.32,3.6,3.0,3.5,4.2,3.5,0,2,15.7,87,0,1,Remote,Master,Married,2019-06-16 20:36:20.207371,2026-07-08 20:36:20.207371,Q2,56,5-10 years
2221,24,Male,Engineering,Junior,1.5,1.5,4829.35,3.5,4.0,4.3,4.1,2.3,0,2,1.0,45,0,0,Hybrid,Bachelor,Married,2017-01-16 20:36:20.207371,2026-03-31 20:36:20.207371,Q1,155,1-3 years
2222,34,Female,Marketing,Senior,3.1,0.5,5265.5,2.2,2.0,2.7,4.6,4.0,0,1,1.0,43,0,0,Remote,Bachelor,Single,2021-07-14 20:36:20.207371,2026-08-06 20:36:20.207371,Q3,27,3-5 years
2223,37,Female,Operations,Manager,1.0,0.2,4779.96,3.5,3.0,2.1,5.0,2.3,0,2,3.8,55,0,0,Onsite,Master,Married,2018-08-26 20:36:20.207371,2025-09-11 20:36:20.207371,Q3,356,<1 year
2224,29,Non-Binary,HR,Executive,3.4,1.6,5465.89,2.6,3.0,3.4,4.5,4.0,0,3,10.7,33,0,0,Remote,PhD,Married,2017-03-14 20:36:20.207371,2026-03-17 20:36:20.207371,Q1,169,3-5 years
2225,41,Female,IT,Manager,0.6,0.6,4606.11,2.5,3.0,3.3,4.2,2.3,0,4,2.8,69,0,0,Hybrid,PhD,Married,2017-05-06 20:36:20.207371,2025-09-12 20:36:20.207371,Q2,355,<1 year
2226,33,Male,Sales,Manager,0.9,0.9,4840.82,3.2,4.0,2.6,3.8,3.4,0,2,26.0,35,0,0,Hybrid,Bachelor,Married,2019-09-12 20:36:20.207371,2026-01-22 20:36:20.207371,Q3,223,<1 year
2227,32,Female,Operations,Lead,5.7,0.1,6113.85,3.2,4.0,1.8,3.6,3.7,0,2,24.8,72,0,0,Remote,Master,Married,2018-12-03 20:36:20.207371,2026-05-10 20:36:20.207371,Q4,115,5-10 years
2228,47,Male,Sales,Intern,3.8,0.4,6863.35,3.7,,4.2,2.8,3.3,0,3,25.2,69,0,0,Onsite,High School,Married,2022-07-31 20:36:20.207371,2025-11-07 20:36:20.207371,Q3,299,3-5 years
2229,22,Male,Finance,Senior,9.7,2.3,5910.31,2.3,3.0,4.6,4.0,4.5,1,2,21.3,33,0,0,Onsite,Bachelor,Single,2022-11-29 20:36:20.207371,2025-05-21 20:36:20.207371,Q4,469,5-10 years
2230,25,Female,Engineering,Manager,14.8,0.3,7784.75,3.6,4.0,3.0,3.2,3.3,0,5,5.3,65,0,0,Onsite,Master,Married,2023-07-25 20:36:20.207371,2025-05-05 20:36:20.207371,Q3,485,>10 years
2231,26,Female,Operations,Manager,0.8,0.8,4274.95,,3.0,4.5,2.4,3.7,0,2,5.7,74,0,0,Onsite,Master,Single,2024-08-05 20:36:20.207371,2024-05-28 20:36:20.207371,Q3,827,<1 year
2232,26,Male,Engineering,Senior,2.2,2.2,4865.75,1.7,2.0,2.6,2.2,2.9,1,0,21.9,53,0,0,Onsite,Bachelor,Single,2017-10-03 20:36:20.207371,2026-03-07 20:36:20.207371,Q4,179,1-3 years
2233,27,Female,HR,Junior,7.3,0.7,5880.53,2.5,4.0,3.7,3.6,3.5,1,5,3.7,31,0,0,Hybrid,Master,Single,2025-01-21 20:36:20.207371,2025-02-26 20:36:20.207371,Q1,553,5-10 years
2234,39,Female,Finance,Senior,0.5,0.5,5261.99,2.3,3.0,3.8,3.0,3.6,0,3,12.4,68,0,0,Onsite,Master,Single,2019-05-18 20:36:20.207371,2026-08-30 20:36:20.207371,Q2,3,<1 year
2235,45,Non-Binary,Operations,Senior,3.0,1.1,6367.5,3.6,2.0,3.4,3.6,2.4,1,2,33.2,10,1,1,Onsite,Master,Married,2020-02-19 20:36:20.207371,2025-01-15 20:36:20.207371,Q1,595,1-3 years
2236,44,Male,Operations,Executive,0.9,0.9,5718.05,3.3,3.0,3.2,2.7,3.4,0,1,2.4,48,0,1,Hybrid,Master,Married,2023-10-10 20:36:20.207371,2023-03-17 20:36:20.207371,Q4,1265,<1 year
2237,24,Female,Operations,Lead,4.0,0.7,4842.89,3.9,4.0,1.3,2.3,3.8,0,1,10.3,66,1,1,Onsite,PhD,Single,2024-01-28 20:36:20.207371,2026-09-02 20:36:20.207371,Q1,0,3-5 years
2238,19,Female,Operations,Manager,5.6,2.0,5483.79,3.4,3.0,4.8,4.5,3.8,1,1,24.0,38,0,0,Hybrid,PhD,Married,2020-05-31 20:36:20.207371,2026-09-02 20:36:20.207371,Q2,0,5-10 years
2239,39,Male,Finance,Junior,23.8,0.7,9410.96,1.8,3.0,3.3,3.9,4.1,0,2,17.5,43,0,1,Onsite,High School,Single,2021-06-19 20:36:20.207371,2026-03-30 20:36:20.207371,Q2,156,>10 years
2240,37,Female,Sales,Senior,6.6,0.1,5637.98,2.4,4.0,3.3,4.7,3.6,0,4,1.4,60,0,0,Onsite,Bachelor,Single,2025-06-08 20:36:20.207371,2026-08-25 20:36:20.207371,Q2,8,5-10 years
2241,48,Male,Marketing,Manager,4.1,1.4,7339.78,3.6,4.0,3.6,4.1,3.7,0,2,22.6,54,0,0,Hybrid,Bachelor,,2018-04-09 20:36:20.207371,2025-03-05 20:36:20.207371,Q2,546,3-5 years
2242,28,Female,Finance,Senior,0.6,0.6,4447.71,4.1,1.0,2.3,2.7,4.9,0,1,18.0,51,0,0,Remote,High School,Divorced,2017-08-08 20:36:20.207371,2025-06-18 20:36:20.207371,Q3,441,<1 year
2243,36,Male,Marketing,Manager,0.6,0.6,5025.72,4.2,4.0,4.4,4.4,3.8,1,2,16.1,49,0,0,Hybrid,,Single,2018-10-02 20:36:20.207371,2026-02-22 20:36:20.207371,Q4,192,<1 year
2244,31,Female,Engineering,Lead,1.7,1.7,5104.53,3.3,4.0,2.8,2.8,4.4,1,2,4.6,74,0,1,Remote,Bachelor,Married,2021-07-26 20:36:20.207371,2026-08-13 20:36:20.207371,Q3,20,1-3 years
2245,37,Female,Sales,Manager,0.5,0.5,4730.33,3.5,2.0,3.3,4.7,3.7,0,2,6.5,43,0,0,Onsite,Bachelor,Married,2025-04-17 20:36:20.207371,2025-11-29 20:36:20.207371,Q2,277,<1 year
2246,24,Male,Sales,Manager,4.2,4.2,4552.41,3.2,2.0,2.8,2.9,4.1,0,1,72.9,71,0,0,Hybrid,Bachelor,Single,2019-11-21 20:36:20.207371,2026-03-26 20:36:20.207371,Q4,160,3-5 years
2247,25,Female,Sales,Junior,5.2,0.7,5850.47,4.8,1.0,2.6,2.9,3.4,1,1,1.0,49,0,1,Onsite,High School,Single,2020-12-14 20:36:20.207371,2025-06-26 20:36:20.207371,Q4,433,5-10 years
2248,27,Female,Marketing,Executive,2.8,0.9,4969.67,3.2,4.0,3.5,4.0,3.3,0,2,10.0,52,0,0,Onsite,Bachelor,Married,2018-05-31 20:36:20.207371,2024-06-07 20:36:20.207371,Q2,817,1-3 years
2249,29,Male,Engineering,Manager,3.8,1.5,5657.0,3.5,3.0,3.0,2.7,3.7,1,4,36.2,175,0,1,Onsite,Bachelor,Single,2018-02-11 20:36:20.207371,2024-10-20 20:36:20.207371,Q1,682,3-5 years
2250,50,Female,Engineering,Intern,2.6,0.1,6375.49,3.6,4.0,4.1,4.8,2.7,1,1,40.8,39,1,0,Onsite,Bachelor,Married,2018-02-24 20:36:20.207371,2026-07-16 20:36:20.207371,Q1,48,1-3 years
2251,46,Female,Operations,Senior,0.5,0.5,6664.53,3.7,4.0,3.2,2.1,3.5,1,5,10.6,59,1,1,Hybrid,Bachelor,Single,2024-03-22 20:36:20.207371,2025-04-12 20:36:20.207371,Q1,508,<1 year
2252,32,Female,Engineering,Junior,10.2,0.6,7264.96,4.9,3.0,3.4,4.3,3.7,1,2,5.5,47,0,1,Remote,Bachelor,Married,2019-12-06 20:36:20.207371,2026-07-10 20:36:20.207371,Q4,54,>10 years
2253,36,Male,Finance,Senior,7.3,2.2,5451.34,2.8,3.0,3.0,3.4,3.6,0,4,10.7,66,0,1,Onsite,Bachelor,Single,2017-05-08 20:36:20.207371,2025-10-11 20:36:20.207371,Q2,326,5-10 years
2254,22,Female,Marketing,Junior,2.6,2.6,4336.77,2.1,4.0,3.1,3.8,4.2,0,2,22.9,13,0,1,Onsite,Bachelor,Divorced,2025-02-24 20:36:20.207371,2026-08-30 20:36:20.207371,Q1,3,1-3 years
2255,33,Male,Operations,Manager,4.8,2.8,6034.66,3.3,2.0,4.7,2.9,4.6,0,1,29.0,76,0,0,Hybrid,Bachelor,Married,2023-09-30 20:36:20.207371,2026-03-05 20:36:20.207371,Q3,181,3-5 years
2256,36,Female,HR,Manager,1.2,1.2,5381.28,3.9,3.0,4.6,3.9,3.3,1,3,14.7,66,0,0,Onsite,PhD,Married,2021-04-21 20:36:20.207371,2025-06-08 20:36:20.207371,Q2,451,1-3 years
2257,46,Non-Binary,Operations,Senior,3.8,2.5,6133.53,3.7,3.0,2.6,4.1,4.2,0,3,1.0,66,0,1,Hybrid,Bachelor,Single,2023-02-09 20:36:20.207371,2026-08-23 20:36:20.207371,Q1,10,3-5 years
2258,38,Female,Marketing,Manager,10.4,10.4,6330.37,4.6,4.0,4.0,4.3,3.0,0,2,14.5,34,0,0,Hybrid,Bachelor,Married,2025-03-21 20:36:20.207371,2026-08-01 20:36:20.207371,Q1,32,>10 years
2259,39,Male,IT,Lead,0.5,0.5,5207.63,3.8,3.0,3.3,2.7,3.4,0,0,24.2,53,0,0,Remote,High School,Single,2018-11-22 20:36:20.207371,2026-05-23 20:36:20.207371,Q4,102,<1 year
2260,37,Female,Marketing,Executive,2.2,2.2,5494.26,1.9,4.0,4.2,4.9,3.5,0,1,15.5,32,0,0,Hybrid,High School,Divorced,2018-09-06 20:36:20.207371,2024-08-21 20:36:20.207371,Q3,742,1-3 years
2261,37,Male,Finance,Executive,0.5,0.5,5569.64,3.5,3.0,4.1,4.7,3.2,1,4,27.7,65,0,1,Onsite,Bachelor,Married,2024-04-11 20:36:20.207371,2023-02-22 20:36:20.207371,Q2,1288,<1 year
2262,22,Male,Marketing,Junior,0.9,0.9,4070.71,,4.0,2.2,3.8,4.4,1,0,34.9,43,0,1,Remote,Bachelor,Married,2018-06-08 20:36:20.207371,2026-08-10 20:36:20.207371,Q2,23,<1 year
2263,30,Female,Sales,Lead,0.6,0.6,5465.1,3.7,4.0,3.0,3.3,3.7,1,3,35.7,88,0,1,Onsite,Bachelor,Married,2024-09-08 20:36:20.207371,2026-07-24 20:36:20.207371,Q3,40,<1 year
2264,49,Female,Finance,Executive,5.0,1.7,6434.04,2.7,4.0,3.9,3.5,3.3,0,3,22.1,62,0,0,Hybrid,Bachelor,Married,2017-01-19 20:36:20.207371,2023-11-18 20:36:20.207371,Q1,1019,3-5 years
2265,43,Female,Operations,Intern,1.6,0.9,5416.16,2.1,3.0,3.2,3.9,3.5,1,2,10.7,40,0,1,Onsite,Master,Married,2024-11-02 20:36:20.207371,2026-05-24 20:36:20.207371,Q4,101,1-3 years
2266,39,Male,Sales,Executive,0.7,0.7,5586.54,,1.0,3.9,2.8,3.1,1,3,6.2,85,0,0,Onsite,Bachelor,Single,2023-12-14 20:36:20.207371,2025-03-28 20:36:20.207371,Q4,523,<1 year
2267,35,Male,HR,Senior,1.1,1.1,5039.9,3.5,2.0,2.6,3.1,3.5,0,0,10.5,93,0,0,Hybrid,Bachelor,Single,2020-04-14 20:36:20.207371,2025-12-14 20:36:20.207371,Q2,262,1-3 years
2268,41,Male,Operations,Executive,4.1,3.3,5361.33,3.5,3.0,,3.1,4.0,0,3,3.7,72,0,0,Remote,Master,Married,2018-12-01 20:36:20.207371,2022-06-02 20:36:20.207371,Q4,1553,3-5 years
2269,25,Female,Finance,Senior,2.8,1.0,4419.93,3.2,,3.9,2.7,3.1,0,2,80.0,30,0,0,Hybrid,High School,Married,2021-10-22 20:36:20.207371,2026-03-09 20:36:20.207371,Q4,177,1-3 years
2270,22,Male,HR,Manager,2.2,2.2,,3.8,4.0,3.7,3.7,3.5,1,4,34.2,66,0,1,Onsite,Bachelor,Married,2026-03-31 20:36:20.207371,2026-08-11 20:36:20.207371,Q1,22,1-3 years
2271,31,Female,Finance,Executive,8.7,2.2,6150.51,3.4,4.0,3.6,4.3,3.1,0,2,14.7,70,0,0,Onsite,Master,Single,2023-07-18 20:36:20.207371,2021-03-12 20:36:20.207371,Q3,2000,5-10 years
2272,40,Female,Finance,Executive,0.5,0.5,5556.62,4.3,3.0,3.6,3.4,3.5,1,2,35.4,66,0,1,Onsite,Bachelor,Married,2024-02-29 20:36:20.207371,2025-06-08 20:36:20.207371,Q1,451,<1 year
2273,36,Female,IT,Manager,0.9,0.9,5824.3,5.0,1.0,2.7,3.5,4.3,1,5,4.2,55,0,0,Onsite,Bachelor,Married,2021-06-20 20:36:20.207371,2024-08-25 20:36:20.207371,Q2,738,<1 year
2274,45,Non-Binary,Marketing,Junior,6.8,5.0,6001.34,4.4,1.0,2.7,3.9,4.7,1,1,23.7,77,0,1,Onsite,Master,Divorced,2025-06-23 20:36:20.207371,2026-01-05 20:36:20.207371,Q2,240,5-10 years
2275,38,Female,Operations,Junior,14.8,0.6,7051.36,3.2,2.0,4.6,3.7,3.7,0,2,19.6,74,0,0,Onsite,Bachelor,Single,2025-03-06 20:36:20.207371,2024-09-05 20:36:20.207371,Q1,727,>10 years
2276,35,Female,Finance,Lead,9.7,1.4,6844.35,3.1,2.0,3.4,3.9,3.4,0,0,13.9,56,1,0,Hybrid,High School,Single,2024-09-22 20:36:20.207371,2024-02-02 20:36:20.207371,Q3,943,5-10 years
2277,48,Male,Marketing,Senior,6.4,3.0,6925.15,2.3,3.0,4.2,3.5,3.8,0,4,4.9,34,0,0,Onsite,Master,Single,2025-07-04 20:36:20.207371,2025-09-27 20:36:20.207371,Q3,340,5-10 years
2278,46,Non-Binary,Operations,Executive,0.6,0.6,5470.77,3.8,3.0,,3.9,3.3,1,5,22.2,86,0,0,Onsite,Master,Married,2020-03-04 20:36:20.207371,2021-03-12 20:36:20.207371,Q1,2000,<1 year
2279,34,Female,Marketing,Manager,25.0,1.4,9372.04,4.3,4.0,2.9,3.8,3.7,1,2,11.5,74,1,0,Onsite,Bachelor,Married,2024-02-26 20:36:20.207371,2026-03-01 20:36:20.207371,Q1,185,>10 years
2280,23,Male,Sales,Manager,3.6,0.2,4593.91,4.1,3.0,3.2,2.6,3.1,0,5,24.1,52,0,0,Remote,High School,Single,2017-07-04 20:36:20.207371,2026-04-15 20:36:20.207371,Q3,140,3-5 years
2281,25,Female,HR,Junior,15.4,3.2,7127.59,4.2,3.0,4.5,3.0,4.5,0,1,20.8,50,0,0,Hybrid,PhD,Single,2020-07-17 20:36:20.207371,2024-08-23 20:36:20.207371,Q3,740,>10 years
2282,33,Male,Sales,Junior,1.4,1.4,4670.11,,1.0,3.7,3.3,5.0,0,4,45.8,52,0,1,Hybrid,Bachelor,Married,2024-09-23 20:36:20.207371,2025-03-05 20:36:20.207371,Q3,546,1-3 years
2283,31,Male,Operations,Executive,1.0,1.0,5845.68,4.2,3.0,1.6,4.4,2.8,1,2,58.9,35,0,1,Hybrid,Master,Single,2016-11-09 20:36:20.207371,2025-12-16 20:36:20.207371,Q4,260,<1 year
2284,51,Female,Engineering,Lead,9.0,0.1,7524.94,3.7,1.0,2.0,2.9,3.5,0,2,12.1,68,0,0,Hybrid,Master,Married,2022-10-24 20:36:20.207371,2024-02-02 20:36:20.207371,Q4,943,5-10 years
2285,22,Male,Engineering,Junior,2.1,1.8,4815.94,3.8,2.0,4.7,2.9,3.8,1,1,1.2,54,0,0,Onsite,Bachelor,Married,2020-04-09 20:36:20.207371,2026-07-30 20:36:20.207371,Q2,34,1-3 years
2286,34,Male,Engineering,Lead,2.4,2.4,4583.01,2.9,4.0,2.4,4.5,4.3,1,2,11.0,54,0,0,Onsite,Bachelor,Married,2020-09-23 20:36:20.207371,2024-12-29 20:36:20.207371,Q3,612,1-3 years
2287,24,Female,Operations,Senior,0.7,0.7,4944.91,3.7,3.0,3.3,4.1,4.4,0,6,31.1,88,0,1,Onsite,High School,Single,2024-06-02 20:36:20.207371,2025-03-28 20:36:20.207371,Q2,523,<1 year
2288,36,Male,Engineering,Senior,9.5,0.7,6590.77,3.1,1.0,4.0,4.6,3.1,1,0,7.4,64,1,0,Hybrid,Bachelor,Married,2025-11-30 20:36:20.207371,2026-04-05 20:36:20.207371,Q4,150,5-10 years
2289,38,Female,Finance,Junior,4.4,2.2,6011.65,3.6,3.0,1.9,2.3,3.6,1,1,18.9,37,0,1,Remote,Master,Single,2019-05-19 20:36:20.207371,2026-08-20 20:36:20.207371,Q2,13,3-5 years
2290,30,Male,Marketing,Manager,1.7,1.7,5069.22,4.2,3.0,2.1,3.5,3.5,0,1,71.8,96,0,0,Onsite,PhD,Married,2020-06-08 20:36:20.207371,2023-05-21 20:36:20.207371,Q2,1200,1-3 years
2291,40,Female,Sales,Lead,4.4,3.9,5469.34,2.8,3.0,3.1,3.4,4.5,1,5,14.6,92,0,0,Onsite,Bachelor,Married,2019-07-21 20:36:20.207371,2025-08-07 20:36:20.207371,Q3,391,3-5 years
2292,33,Female,HR,Junior,1.7,1.7,5086.76,,4.0,3.3,2.1,3.0,0,5,8.8,59,1,0,Remote,High School,,2020-01-16 20:36:20.207371,2024-12-10 20:36:20.207371,Q1,631,1-3 years
2293,33,Male,HR,Manager,7.3,7.3,6422.81,3.9,2.0,4.1,4.8,3.8,0,0,3.8,61,0,1,Onsite,Master,Single,2019-12-02 20:36:20.207371,2023-07-21 20:36:20.207371,Q4,1139,5-10 years
2294,30,Male,Finance,Junior,0.8,0.8,3795.86,,3.0,3.0,3.7,4.9,1,0,2.4,12,0,1,Hybrid,Bachelor,Married,2018-09-17 20:36:20.207371,2026-03-23 20:36:20.207371,Q3,163,<1 year
2295,41,Male,Operations,Junior,2.2,2.2,5575.95,4.7,4.0,2.6,2.1,3.0,1,1,1.5,51,0,0,Hybrid,PhD,Married,2019-03-28 20:36:20.207371,2023-11-23 20:36:20.207371,Q1,1014,1-3 years
2296,36,Male,Engineering,Junior,14.7,1.8,7431.28,3.2,3.0,2.8,4.3,4.0,1,2,11.1,66,0,0,Onsite,Master,Married,2024-06-12 20:36:20.207371,2024-08-25 20:36:20.207371,Q2,738,>10 years
2297,50,Male,Operations,Manager,7.8,1.1,6948.93,4.2,2.0,3.0,5.0,4.2,0,0,7.1,53,0,1,Onsite,Master,Married,2019-08-16 20:36:20.207371,2026-02-08 20:36:20.207371,Q3,206,5-10 years
2298,47,Male,Sales,Senior,10.3,1.4,7755.0,4.1,4.0,3.8,3.2,3.3,0,3,5.6,49,0,1,Hybrid,Master,Divorced,2022-01-14 20:36:20.207371,2026-06-26 20:36:20.207371,Q1,68,>10 years
2299,40,Female,Sales,Lead,1.9,1.3,4979.59,3.8,2.0,3.2,4.1,3.9,1,0,3.7,51,1,0,Onsite,Master,Married,2017-12-11 20:36:20.207371,2021-03-12 20:36:20.207371,Q4,2000,1-3 years
2300,22,Male,Engineering,Manager,5.1,1.4,5117.36,,3.0,3.9,4.0,3.2,0,3,1.0,75,0,0,Hybrid,,Married,2021-02-23 20:36:20.207371,2026-03-04 20:36:20.207371,Q1,182,5-10 years
2301,22,Male,Engineering,Junior,0.5,0.5,4068.17,3.2,1.0,4.5,5.0,3.2,1,3,9.8,68,0,0,Onsite,Bachelor,Married,2018-11-11 20:36:20.207371,2025-05-07 20:36:20.207371,Q4,483,<1 year
2302,44,Male,Engineering,Senior,5.2,5.0,6682.06,4.7,2.0,4.4,5.0,3.1,1,1,31.7,48,0,1,Hybrid,Master,Married,2017-06-21 20:36:20.207371,2024-10-25 20:36:20.207371,Q2,677,5-10 years
2303,30,Male,Sales,Junior,1.3,1.3,5940.91,2.6,4.0,3.4,2.7,4.2,0,1,15.8,37,0,1,Hybrid,High School,Married,2024-12-15 20:36:20.207371,2026-08-29 20:36:20.207371,Q4,4,1-3 years
2304,37,Non-Binary,Finance,Senior,1.0,0.1,5219.48,3.5,3.0,1.6,4.7,3.8,1,2,11.4,53,0,1,Hybrid,Bachelor,Married,2017-10-03 20:36:20.207371,2023-03-12 20:36:20.207371,Q4,1270,<1 year
2305,28,Female,Engineering,Executive,2.1,1.0,,3.8,2.0,2.7,3.0,4.7,1,3,16.8,33,0,0,Hybrid,Master,Married,2021-05-22 20:36:20.207371,2025-11-23 20:36:20.207371,Q2,283,1-3 years
2306,40,Male,Engineering,Senior,5.1,3.7,7190.99,4.6,4.0,3.6,4.0,3.5,1,2,13.3,72,0,0,Onsite,High School,Single,2017-09-04 20:36:20.207371,2025-04-11 20:36:20.207371,Q3,509,5-10 years
2307,44,Female,Marketing,Lead,0.5,0.5,4618.77,3.5,3.0,4.9,3.5,3.7,0,3,35.3,56,0,0,Hybrid,Bachelor,Married,2025-08-26 20:36:20.207371,2025-10-04 20:36:20.207371,Q3,333,<1 year
2308,22,Female,Operations,Senior,2.5,2.5,4936.5,4.2,2.0,2.6,2.6,2.6,1,3,11.9,81,0,0,Onsite,Master,Married,2021-06-10 20:36:20.207371,2026-07-16 20:36:20.207371,Q2,48,1-3 years
2309,26,Male,Operations,Executive,1.5,0.7,4791.62,4.1,3.0,3.1,3.5,3.5,1,5,8.4,57,0,0,Onsite,,Married,2022-10-30 20:36:20.207371,2025-10-23 20:36:20.207371,Q4,314,1-3 years
2310,22,Female,Marketing,Senior,6.2,0.1,4436.74,1.6,3.0,3.8,2.8,3.4,0,0,1.0,75,0,1,Hybrid,PhD,Single,2025-06-24 20:36:20.207371,2024-04-16 20:36:20.207371,Q2,869,5-10 years
2311,37,Female,Sales,Junior,10.5,5.9,7235.71,3.5,2.0,3.6,3.4,3.9,0,1,11.4,94,0,0,Hybrid,PhD,Married,2017-08-06 20:36:20.207371,2022-04-21 20:36:20.207371,Q3,1595,>10 years
2312,22,Male,Sales,Lead,2.4,1.7,4758.62,4.1,,3.7,3.0,3.9,0,2,7.7,71,0,0,Onsite,Bachelor,Married,2018-05-24 20:36:20.207371,2026-08-26 20:36:20.207371,Q2,7,1-3 years
2313,31,Female,Sales,Manager,2.8,0.3,4339.45,3.8,3.0,2.9,3.7,4.0,1,3,9.6,59,0,0,Remote,Master,Single,2023-05-12 20:36:20.207371,2026-05-11 20:36:20.207371,Q2,114,1-3 years
2314,40,Female,Operations,Senior,11.0,5.8,8062.39,,,3.6,4.3,4.0,0,4,14.4,20,0,0,Onsite,Master,Married,2025-03-28 20:36:20.207371,2026-04-09 20:36:20.207371,Q1,146,>10 years
2315,55,Male,Engineering,Senior,0.5,0.5,6170.44,3.4,1.0,3.7,3.3,3.5,0,0,6.9,69,0,0,Hybrid,Master,,2019-11-06 20:36:20.207371,2025-12-24 20:36:20.207371,Q4,252,<1 year
2316,38,Male,Engineering,Senior,6.4,1.9,6574.25,4.0,4.0,2.5,3.3,3.8,1,0,18.6,70,0,0,Onsite,High School,Single,2018-07-08 20:36:20.207371,2021-03-12 20:36:20.207371,Q3,2000,5-10 years
2317,47,Female,Engineering,Lead,15.5,6.6,8853.15,3.7,1.0,3.2,3.9,3.5,0,0,7.1,51,0,0,Remote,High School,Single,2019-04-15 20:36:20.207371,2026-05-14 20:36:20.207371,Q2,111,>10 years
2318,37,Male,Operations,Senior,3.4,3.4,5355.45,4.1,3.0,1.9,3.1,3.7,1,0,19.0,54,0,0,Hybrid,Bachelor,Married,2018-12-06 20:36:20.207371,2026-03-03 20:36:20.207371,Q4,183,3-5 years
2319,38,Female,Finance,Lead,0.5,0.5,5748.02,3.4,2.0,2.8,3.3,3.5,0,2,6.0,59,0,0,Hybrid,Bachelor,Single,2021-11-16 20:36:20.207371,2026-06-03 20:36:20.207371,Q4,91,<1 year
2320,32,Male,Operations,Intern,3.0,3.0,5078.6,3.1,1.0,3.9,4.3,3.2,0,0,21.4,57,0,1,Remote,Master,Married,2026-03-08 20:36:20.207371,2024-11-25 20:36:20.207371,Q1,646,1-3 years
2321,31,Female,HR,Lead,3.8,0.7,5963.13,4.3,2.0,3.6,3.6,4.3,0,2,2.4,64,0,0,Remote,High School,Married,2019-09-11 20:36:20.207371,2024-07-19 20:36:20.207371,Q3,775,3-5 years
2322,46,Male,Engineering,Lead,1.2,0.2,5194.14,4.3,4.0,4.0,3.8,3.9,0,0,62.8,86,1,0,Onsite,Bachelor,Married,2023-01-23 20:36:20.207371,2025-01-30 20:36:20.207371,Q1,580,1-3 years
2323,38,Female,Engineering,Intern,4.3,2.1,6606.09,4.2,3.0,3.1,4.0,3.9,0,3,33.8,40,0,0,Hybrid,Bachelor,Divorced,2021-11-09 20:36:20.207371,2026-04-19 20:36:20.207371,Q4,136,3-5 years
2324,38,Male,Engineering,Senior,0.8,0.1,5097.03,5.0,2.0,2.3,5.0,3.9,1,1,11.2,59,0,1,Hybrid,Bachelor,Married,2025-05-18 20:36:20.207371,2021-12-18 20:36:20.207371,Q2,1719,<1 year
2325,28,Female,IT,Junior,1.2,0.1,4732.09,3.4,3.0,3.2,3.0,3.4,0,3,1.9,107,0,1,Hybrid,Bachelor,Single,2022-08-24 20:36:20.207371,2023-01-05 20:36:20.207371,Q3,1336,1-3 years
2326,31,Non-Binary,Sales,Lead,12.6,1.6,6979.79,2.3,3.0,,3.2,5.0,0,3,12.6,56,1,1,Hybrid,Bachelor,Divorced,2019-10-26 20:36:20.207371,2024-09-15 20:36:20.207371,Q4,717,>10 years
2327,55,Female,Engineering,Senior,0.5,0.5,7127.93,4.8,3.0,2.9,4.0,3.3,0,3,80.0,63,0,0,Onsite,Bachelor,Married,2019-05-15 20:36:20.207371,2025-11-03 20:36:20.207371,Q2,303,<1 year
2328,34,Male,Operations,Lead,7.4,7.4,,4.2,2.0,3.2,3.1,4.1,0,2,35.8,55,0,0,Onsite,Master,Married,2016-11-13 20:36:20.207371,2025-08-25 20:36:20.207371,Q4,373,5-10 years
2329,48,Male,IT,Junior,4.2,1.3,6632.87,3.8,2.0,3.3,3.3,3.4,1,3,10.1,77,0,1,Onsite,Bachelor,Married,2025-04-10 20:36:20.207371,2025-04-16 20:36:20.207371,Q2,504,3-5 years
2330,29,Male,Marketing,Lead,0.7,0.1,4286.82,3.0,3.0,2.5,4.6,4.7,1,2,38.8,65,1,1,Hybrid,Master,Married,2022-03-03 20:36:20.207371,2024-03-06 20:36:20.207371,Q1,910,<1 year
2331,43,Female,IT,Manager,24.3,1.5,11297.16,3.7,4.0,2.6,3.2,3.2,0,2,17.7,43,0,0,Onsite,Master,Married,2016-10-24 20:36:20.207371,2024-12-31 20:36:20.207371,Q4,610,>10 years
2332,37,Female,Operations,Junior,1.6,0.9,5365.8,3.5,3.0,4.3,2.9,3.7,0,2,2.7,58,0,0,Remote,Bachelor,Married,2021-10-22 20:36:20.207371,2026-08-08 20:36:20.207371,Q4,25,1-3 years
2333,30,Female,Engineering,Intern,1.1,1.1,5925.18,4.7,2.0,3.7,2.2,2.7,1,3,24.7,67,0,0,Remote,Bachelor,Single,2026-03-11 20:36:20.207371,2025-08-12 20:36:20.207371,Q1,386,1-3 years
2334,41,Female,Engineering,Junior,1.4,0.2,6296.08,2.6,4.0,,3.2,2.8,0,3,63.3,56,1,0,Hybrid,High School,Married,2018-05-31 20:36:20.207371,2023-12-31 20:36:20.207371,Q2,976,1-3 years
2335,22,Male,Operations,Manager,3.2,3.2,4385.28,,,2.6,4.3,3.4,1,1,1.0,43,1,0,Remote,Master,,2023-05-29 20:36:20.207371,2026-04-22 20:36:20.207371,Q2,133,3-5 years
2336,40,Male,Engineering,Executive,5.5,2.4,6508.39,2.5,3.0,2.9,4.1,3.6,1,3,39.2,58,0,1,Onsite,High School,Married,2022-09-24 20:36:20.207371,2026-01-03 20:36:20.207371,Q3,242,5-10 years
2337,42,Male,Engineering,Junior,2.4,0.2,5607.07,,3.0,3.7,3.5,3.1,0,0,21.0,59,0,0,Hybrid,Bachelor,,2018-03-29 20:36:20.207371,2026-08-03 20:36:20.207371,Q1,30,1-3 years
2338,37,Male,Sales,Junior,4.4,1.4,5657.55,4.0,2.0,2.7,3.5,4.4,0,3,12.9,56,0,0,Remote,PhD,Divorced,2024-01-08 20:36:20.207371,2026-07-29 20:36:20.207371,Q1,35,3-5 years
2339,48,Male,Engineering,Senior,7.1,3.7,6249.93,2.7,3.0,3.6,4.2,4.0,1,0,17.1,36,1,0,Hybrid,Bachelor,Single,2021-11-25 20:36:20.207371,2024-04-13 20:36:20.207371,Q4,872,5-10 years
2340,34,Female,Marketing,Senior,2.1,2.1,4011.13,2.2,3.0,3.4,3.3,4.8,0,1,35.0,66,0,0,Remote,Master,Married,2018-08-18 20:36:20.207371,2026-04-21 20:36:20.207371,Q3,134,1-3 years
2341,33,Female,IT,Junior,11.6,6.9,7679.47,4.0,,2.2,5.0,4.1,1,3,10.6,71,0,0,Onsite,Bachelor,Single,2022-05-21 20:36:20.207371,2026-08-04 20:36:20.207371,Q2,29,>10 years
2342,38,Male,Marketing,Manager,15.0,5.9,8444.88,3.5,2.0,2.8,4.2,2.9,0,3,11.3,48,1,0,Hybrid,Bachelor,Single,2022-12-23 20:36:20.207371,2023-07-01 20:36:20.207371,Q4,1159,>10 years
2343,43,Male,Operations,Executive,8.5,0.3,7122.34,3.4,4.0,2.9,3.7,3.8,0,2,1.0,56,0,1,Onsite,Bachelor,Married,2018-06-21 20:36:20.207371,2026-07-31 20:36:20.207371,Q2,33,5-10 years
2344,40,Male,Sales,Senior,1.3,1.3,4898.88,2.9,4.0,2.5,2.9,3.9,1,0,43.3,87,0,1,Onsite,Master,Single,2022-10-20 20:36:20.207371,2025-08-16 20:36:20.207371,Q4,382,1-3 years
2345,32,Female,Engineering,Senior,3.3,1.4,4555.2,2.6,2.0,3.4,3.3,4.1,0,1,2.2,75,0,0,Hybrid,Master,Married,2018-03-06 20:36:20.207371,2026-05-28 20:36:20.207371,Q1,97,3-5 years
2346,25,Male,Finance,Lead,1.5,1.5,4308.67,3.0,4.0,3.8,4.7,3.7,1,1,46.6,26,0,0,Onsite,Master,Married,2019-05-04 20:36:20.207371,2025-12-20 20:36:20.207371,Q2,256,1-3 years
2347,41,Female,IT,Executive,8.0,7.0,6719.57,3.8,3.0,2.7,3.4,4.2,0,3,41.5,64,0,1,Remote,Master,Married,2019-04-08 20:36:20.207371,2026-08-10 20:36:20.207371,Q2,23,5-10 years
2348,27,Female,Operations,Junior,1.0,1.0,4640.59,3.7,3.0,3.2,4.3,3.0,0,0,12.9,85,0,0,Remote,PhD,Single,2023-06-02 20:36:20.207371,2024-03-18 20:36:20.207371,Q2,898,<1 year
2349,26,Male,Marketing,Intern,1.7,0.5,5030.75,4.0,2.0,3.3,3.9,3.4,0,2,8.0,67,1,1,Remote,Bachelor,Divorced,2018-11-21 20:36:20.207371,2026-07-09 20:36:20.207371,Q4,55,1-3 years
2350,28,Male,Marketing,Executive,1.6,1.6,20607.21076274386,3.9,3.0,2.6,3.9,4.3,0,1,1.3,197,0,0,Onsite,Bachelor,,2019-05-29 20:36:20.207371,2025-10-17 20:36:20.207371,Q2,320,1-3 years
2351,35,Male,Finance,Manager,13.8,1.0,7626.19,2.7,4.0,3.6,4.1,4.1,1,4,23.8,32,0,1,Onsite,High School,Married,2019-09-20 20:36:20.207371,2024-03-09 20:36:20.207371,Q3,907,>10 years
2352,27,Non-Binary,Marketing,Manager,9.7,6.6,6309.6,3.4,2.0,3.5,3.2,3.0,1,1,21.7,51,1,0,Hybrid,Master,Married,2019-10-30 20:36:20.207371,2024-06-05 20:36:20.207371,Q4,819,5-10 years
2353,23,Female,IT,Lead,3.1,0.9,4873.0,2.4,3.0,3.9,3.7,4.5,0,2,36.9,61,0,0,Onsite,Master,Married,2022-09-19 20:36:20.207371,2024-09-13 20:36:20.207371,Q3,719,3-5 years
2354,28,Female,Sales,Junior,17.1,6.1,8416.28,3.7,3.0,2.6,4.5,4.4,0,4,18.8,49,0,0,Onsite,Bachelor,Single,2018-05-23 20:36:20.207371,2023-06-21 20:36:20.207371,Q2,1169,>10 years
2355,33,Female,Marketing,Intern,1.9,1.9,5788.1,3.7,3.0,3.6,3.8,3.2,1,2,20.6,86,0,0,Onsite,,Married,2020-04-09 20:36:20.207371,2024-05-18 20:36:20.207371,Q2,837,1-3 years
2356,39,Male,Sales,Senior,5.5,4.1,6096.25,3.8,,3.8,3.9,2.6,1,2,5.2,19,0,0,Onsite,Master,Married,2022-10-08 20:36:20.207371,2025-03-27 20:36:20.207371,Q4,524,5-10 years
2357,35,Male,Finance,Manager,0.6,0.1,4029.73,2.9,2.0,3.9,3.7,3.5,0,2,3.5,63,0,0,Hybrid,High School,Married,2023-07-05 20:36:20.207371,2025-09-03 20:36:20.207371,Q3,364,<1 year
2358,24,Female,Sales,Manager,0.6,0.6,4508.65,4.3,4.0,4.6,1.7,2.7,1,1,8.7,80,0,0,Hybrid,Master,Single,2017-08-25 20:36:20.207371,2026-04-07 20:36:20.207371,Q3,148,<1 year
2359,37,Male,HR,Executive,1.6,1.6,4117.12,2.4,3.0,2.8,4.8,4.1,0,2,14.9,32,0,1,Onsite,,Divorced,2024-02-24 20:36:20.207371,2023-10-20 20:36:20.207371,Q1,1048,1-3 years
2360,38,Male,Operations,Lead,11.6,3.1,6749.09,4.3,3.0,3.3,4.5,3.5,1,1,32.7,58,0,0,Remote,Bachelor,Divorced,2019-08-06 20:36:20.207371,2026-06-12 20:36:20.207371,Q3,82,>10 years
2361,30,Female,Sales,Lead,3.5,1.9,4951.14,3.2,3.0,2.7,5.0,3.5,0,1,28.1,23,1,0,Hybrid,Master,Divorced,2021-11-02 20:36:20.207371,2025-10-31 20:36:20.207371,Q4,306,3-5 years
2362,27,Male,Sales,Senior,1.4,1.4,4850.32,3.5,2.0,4.3,3.3,3.7,0,0,2.3,69,0,0,Hybrid,Bachelor,Married,2025-09-02 20:36:20.207371,2026-06-27 20:36:20.207371,Q3,67,1-3 years
2363,27,Male,Marketing,Executive,2.2,2.0,4888.36,3.4,1.0,2.7,4.4,4.1,1,2,3.6,80,1,0,Remote,High School,Married,2017-07-12 20:36:20.207371,2025-08-20 20:36:20.207371,Q3,378,1-3 years
2364,29,Male,Sales,Lead,0.7,0.3,4604.2,4.8,3.0,,2.9,3.3,0,3,1.0,58,0,0,Onsite,Bachelor,Married,2022-01-15 20:36:20.207371,2021-03-12 20:36:20.207371,Q1,2000,<1 year
2365,57,Male,Operations,Junior,2.8,0.5,6687.85,4.6,3.0,2.3,4.9,3.9,1,3,1.0,84,1,0,Hybrid,Master,Married,2020-06-07 20:36:20.207371,2025-11-20 20:36:20.207371,Q2,286,1-3 years
2366,26,Male,Engineering,Executive,2.5,2.5,5405.99,5.0,1.0,3.5,3.4,3.9,0,2,4.5,61,0,0,Onsite,Master,Single,2018-05-10 20:36:20.207371,2023-02-16 20:36:20.207371,Q2,1294,1-3 years
2367,37,Male,HR,Intern,5.8,1.5,6417.32,3.8,1.0,2.8,3.1,4.0,0,3,44.9,40,0,1,Onsite,Bachelor,Single,2018-09-05 20:36:20.207371,2025-06-03 20:36:20.207371,Q3,456,5-10 years
2368,27,Female,Sales,Manager,8.3,1.4,6103.38,4.5,2.0,3.8,5.0,4.0,0,2,26.0,59,0,0,Remote,Master,Married,2023-12-18 20:36:20.207371,2026-05-04 20:36:20.207371,Q4,121,5-10 years
2369,29,Male,Operations,Executive,5.9,2.2,5061.45,3.4,3.0,,3.3,4.2,0,2,18.0,68,0,0,Onsite,Master,Single,2020-11-20 20:36:20.207371,2026-06-10 20:36:20.207371,Q4,84,5-10 years
2370,27,Female,Sales,Junior,0.8,0.8,4151.84,4.0,4.0,5.0,4.4,3.5,0,2,1.0,60,0,0,Hybrid,,Married,2024-10-12 20:36:20.207371,2024-03-30 20:36:20.207371,Q4,886,<1 year
2371,43,Female,IT,Manager,2.0,0.2,4499.66,4.2,2.0,2.8,3.3,3.8,0,1,5.6,72,0,1,Hybrid,High School,Single,2024-02-14 20:36:20.207371,2026-01-09 20:36:20.207371,Q1,236,1-3 years
2372,38,Female,IT,Senior,2.0,2.0,6671.45,3.3,1.0,3.0,3.5,3.3,1,1,37.2,83,0,1,Remote,,Married,2019-05-11 20:36:20.207371,2024-09-22 20:36:20.207371,Q2,710,1-3 years
2373,33,Male,Sales,Junior,25.0,2.7,9203.92,4.8,1.0,3.2,2.6,3.1,0,5,18.3,100,0,0,Onsite,High School,Single,2021-05-02 20:36:20.207371,2026-08-15 20:36:20.207371,Q2,18,>10 years
2374,40,Male,Sales,Lead,7.9,1.3,6318.18,3.0,1.0,3.8,3.8,4.0,0,2,64.9,170,1,1,Hybrid,Bachelor,Single,2021-05-12 20:36:20.207371,2025-01-08 20:36:20.207371,Q2,602,5-10 years
2375,42,Female,HR,Manager,1.5,0.4,6051.98,4.2,4.0,4.9,4.3,4.0,0,2,10.1,56,0,1,Remote,High School,Single,2022-09-28 20:36:20.207371,2026-05-13 20:36:20.207371,Q3,112,1-3 years
2376,26,Male,Engineering,Junior,0.6,0.6,3794.34,2.4,3.0,2.5,3.2,3.8,0,1,2.3,55,0,0,Remote,Bachelor,Single,2025-04-18 20:36:20.207371,2024-10-11 20:36:20.207371,Q2,691,<1 year
2377,40,Female,Finance,Lead,2.7,0.6,5948.86,3.6,3.0,3.7,3.5,4.4,0,2,19.9,60,0,0,Hybrid,Master,Married,2023-04-10 20:36:20.207371,2026-05-03 20:36:20.207371,Q2,122,1-3 years
2378,27,Female,Finance,Junior,1.1,0.8,4986.73,3.2,3.0,3.4,4.0,5.0,1,1,25.6,12,0,1,Remote,PhD,Married,2020-11-30 20:36:20.207371,2026-04-28 20:36:20.207371,Q4,127,1-3 years
2379,43,Female,Sales,Senior,6.0,4.6,7397.83,4.0,1.0,2.9,4.1,3.7,1,1,29.6,67,0,1,Onsite,Master,Single,2026-02-05 20:36:20.207371,2025-04-17 20:36:20.207371,Q1,503,5-10 years
2380,42,Male,Marketing,Junior,23.3,2.6,10382.59,3.8,2.0,4.7,4.0,3.4,0,2,8.7,83,0,0,Onsite,High School,Divorced,2023-06-11 20:36:20.207371,2026-02-13 20:36:20.207371,Q2,201,>10 years
2381,39,Non-Binary,Finance,Executive,0.7,0.7,4312.14,3.5,4.0,3.1,5.0,3.6,0,2,14.4,49,0,0,Remote,High School,Single,2023-05-18 20:36:20.207371,2025-09-02 20:36:20.207371,Q2,365,<1 year
2382,32,Female,Marketing,Manager,0.5,0.5,4718.74,2.6,2.0,2.6,3.5,3.1,0,7,7.2,65,0,0,Hybrid,Bachelor,Married,2021-12-02 20:36:20.207371,2025-01-30 20:36:20.207371,Q4,580,<1 year
2383,29,Female,Sales,Junior,9.8,0.2,7071.43,3.4,3.0,3.2,3.6,3.3,1,1,1.0,63,0,1,Onsite,Bachelor,Married,2018-07-10 20:36:20.207371,2026-07-13 20:36:20.207371,Q3,51,5-10 years
2384,32,Male,HR,Junior,10.3,4.3,6636.75,3.5,3.0,4.1,4.1,3.5,0,1,26.5,66,0,0,Hybrid,Bachelor,Single,2026-07-31 20:36:20.207371,2026-08-14 20:36:20.207371,Q3,19,>10 years
2385,42,Male,Marketing,Manager,7.1,0.6,6785.55,2.2,2.0,3.0,3.3,3.6,1,0,39.7,53,0,0,Onsite,Master,Married,2017-07-09 20:36:20.207371,2026-06-02 20:36:20.207371,Q3,92,5-10 years
2386,28,Female,Operations,Junior,6.1,1.4,5726.63,3.3,3.0,2.9,3.2,3.5,1,3,1.5,29,0,0,Hybrid,Bachelor,Married,2020-06-20 20:36:20.207371,2025-09-05 20:36:20.207371,Q2,362,5-10 years
2387,35,Male,Operations,Manager,1.9,1.9,5612.23,3.8,2.0,2.6,3.6,3.6,1,1,1.2,27,0,0,Hybrid,PhD,Married,2026-05-15 20:36:20.207371,2026-07-21 20:36:20.207371,Q2,43,1-3 years
2388,22,Female,Operations,Executive,0.8,0.8,5362.55,3.8,3.0,3.3,4.0,3.0,0,1,19.1,79,0,0,Onsite,Master,Married,2023-02-05 20:36:20.207371,2025-03-29 20:36:20.207371,Q1,522,<1 year
2389,37,Female,Operations,Senior,3.0,1.9,5625.3,3.1,2.0,3.6,3.9,3.7,0,1,28.8,76,0,0,Remote,High School,Married,2026-03-27 20:36:20.207371,2025-09-26 20:36:20.207371,Q1,341,1-3 years
2390,24,Female,Operations,Junior,1.0,0.8,5220.66,,3.0,3.4,3.6,3.7,0,2,6.0,69,0,0,Onsite,PhD,Married,2018-07-05 20:36:20.207371,2023-04-06 20:36:20.207371,Q3,1245,<1 year
2391,22,Male,Operations,Executive,3.8,0.1,5484.0,5.0,4.0,3.6,4.5,3.8,0,1,32.4,75,0,1,Hybrid,Bachelor,Single,2022-09-07 20:36:20.207371,2025-10-16 20:36:20.207371,Q3,321,3-5 years
2392,40,Female,IT,Senior,2.2,1.5,5756.11,4.1,3.0,2.8,3.9,3.2,0,0,3.6,34,0,0,Onsite,High School,Married,2022-12-08 20:36:20.207371,2024-09-12 20:36:20.207371,Q4,720,1-3 years
2393,37,Female,Operations,Junior,4.4,4.0,5694.05,4.0,3.0,1.5,2.3,3.0,0,1,1.2,64,0,0,Hybrid,Bachelor,Married,2026-01-17 20:36:20.207371,2026-07-27 20:36:20.207371,Q1,37,3-5 years
2394,30,Female,Engineering,Junior,21.0,4.9,7929.68,2.8,2.0,2.1,3.1,3.3,1,0,21.8,105,0,1,Hybrid,Bachelor,Married,2018-10-31 20:36:20.207371,2023-04-15 20:36:20.207371,Q4,1236,>10 years
2395,31,Female,Finance,Executive,1.2,1.2,5980.58,4.0,3.0,4.6,3.2,4.1,1,0,22.4,67,0,0,Remote,High School,Married,2017-05-13 20:36:20.207371,2026-02-23 20:36:20.207371,Q2,191,1-3 years
2396,57,Female,Sales,Junior,4.8,2.7,7397.25,2.8,3.0,3.9,4.4,3.2,1,1,22.0,64,0,0,Hybrid,High School,,2016-11-27 20:36:20.207371,2025-01-22 20:36:20.207371,Q4,588,3-5 years
2397,33,Male,Sales,Senior,5.4,3.0,5500.87,,2.0,5.0,4.1,4.6,1,0,3.8,56,1,0,Hybrid,Bachelor,Married,2025-09-10 20:36:20.207371,2025-12-10 20:36:20.207371,Q3,266,5-10 years
2398,32,Non-Binary,Engineering,Junior,9.2,5.1,5481.55,3.4,3.0,4.0,2.7,5.0,1,0,2.1,57,0,1,Remote,PhD,Divorced,2018-03-23 20:36:20.207371,2026-02-19 20:36:20.207371,Q1,195,5-10 years
2399,41,Female,Engineering,Junior,8.7,1.7,6833.63,3.5,2.0,2.8,3.3,3.9,0,2,37.2,43,0,1,Onsite,Master,,2019-05-19 20:36:20.207371,2024-04-16 20:36:20.207371,Q2,869,5-10 years
2400,35,Male,Marketing,Junior,2.3,1.0,5087.45,2.9,4.0,3.0,2.9,3.5,0,4,24.3,61,0,1,Onsite,Bachelor,Single,2020-06-18 20:36:20.207371,2022-06-23 20:36:20.207371,Q2,1532,1-3 years
2401,44,Female,Operations,Senior,1.0,1.0,5395.2,3.5,3.0,2.6,4.6,3.4,1,2,19.9,44,0,1,Hybrid,Bachelor,Single,2021-08-19 20:36:20.207371,2026-06-19 20:36:20.207371,Q3,75,<1 year
2402,37,Male,IT,Manager,0.6,0.6,5430.09,3.1,3.0,3.5,2.6,3.1,1,3,6.9,48,0,0,Hybrid,Master,Married,2023-12-10 20:36:20.207371,2025-08-14 20:36:20.207371,Q4,384,<1 year
2403,42,Male,Marketing,Manager,5.7,1.4,6468.4,5.0,4.0,4.1,4.0,3.5,1,3,39.1,84,0,0,Onsite,Master,Single,2018-06-12 20:36:20.207371,2024-10-13 20:36:20.207371,Q2,689,5-10 years
2404,39,Female,Operations,Senior,15.6,0.7,8100.82,3.3,3.0,3.7,3.7,4.1,0,2,25.9,80,0,0,Onsite,Bachelor,Single,2018-12-30 20:36:20.207371,2026-06-25 20:36:20.207371,Q4,69,>10 years
2405,41,Male,Marketing,Senior,16.6,1.2,9186.0,4.9,3.0,3.4,4.1,3.4,0,2,3.6,36,0,1,Remote,Master,Single,2021-12-28 20:36:20.207371,2024-08-11 20:36:20.207371,Q4,752,>10 years
2406,34,Male,Engineering,Executive,2.2,2.2,5373.17,3.3,1.0,4.0,4.3,3.2,1,2,3.7,48,1,0,Onsite,Master,Divorced,2025-10-22 20:36:20.207371,2026-07-28 20:36:20.207371,Q4,36,1-3 years
2407,37,Female,Marketing,Senior,2.3,2.3,5687.66,4.7,3.0,2.5,3.9,2.7,0,3,5.3,59,1,0,Remote,Master,Single,2016-11-10 20:36:20.207371,2024-05-10 20:36:20.207371,Q4,845,1-3 years
2408,32,Male,Marketing,Junior,3.9,0.6,5307.1,2.9,4.0,2.1,3.7,4.5,0,0,3.9,56,0,1,Hybrid,Bachelor,Married,2017-12-17 20:36:20.207371,2026-08-17 20:36:20.207371,Q4,16,3-5 years
2409,41,Male,Engineering,Lead,3.4,3.4,5863.58,4.7,4.0,2.6,3.9,4.5,0,1,4.3,69,0,0,Hybrid,Master,Married,2020-08-21 20:36:20.207371,2025-04-13 20:36:20.207371,Q3,507,3-5 years
2410,22,Male,Engineering,Intern,1.0,1.0,5164.69,4.6,3.0,4.5,3.8,1.7,1,0,3.9,51,0,0,Onsite,PhD,Married,2018-08-01 20:36:20.207371,2025-12-19 20:36:20.207371,Q3,257,<1 year
2411,42,Female,Marketing,Manager,12.0,5.2,7380.23,4.2,4.0,3.0,4.5,4.2,0,2,4.6,63,1,0,Onsite,High School,Married,2019-07-18 20:36:20.207371,2022-12-01 20:36:20.207371,Q3,1371,>10 years
2412,44,Female,Operations,Senior,0.5,0.2,4601.14,3.7,2.0,3.4,4.9,2.7,1,3,28.0,82,0,0,Onsite,Bachelor,Married,2021-06-15 20:36:20.207371,2025-09-07 20:36:20.207371,Q2,360,<1 year
2413,42,Male,Sales,Junior,0.8,0.8,4763.3,3.0,3.0,3.8,3.2,3.2,0,1,7.4,44,0,0,Onsite,High School,Married,2024-02-22 20:36:20.207371,2025-06-01 20:36:20.207371,Q1,458,<1 year
2414,33,Male,Finance,Manager,0.5,0.5,4548.67,3.1,4.0,4.1,3.9,3.7,0,4,4.4,41,0,0,Onsite,Bachelor,Single,2023-02-19 20:36:20.207371,2025-10-29 20:36:20.207371,Q1,308,<1 year
2415,40,Male,Engineering,Executive,0.7,0.7,5418.19,2.7,4.0,3.4,4.0,4.2,0,3,17.3,57,0,0,Remote,Bachelor,Married,2025-09-25 20:36:20.207371,2023-10-05 20:36:20.207371,Q3,1063,<1 year
2416,27,Male,HR,Senior,3.2,0.1,4609.27,2.0,,3.4,3.3,3.6,0,1,14.1,88,0,0,Onsite,Bachelor,Married,2025-04-17 20:36:20.207371,2021-10-14 20:36:20.207371,Q2,1784,3-5 years
2417,18,Female,Operations,Junior,0.6,0.6,4800.23,3.6,4.0,1.2,2.9,3.7,0,1,1.0,107,0,1,Onsite,Bachelor,Married,2018-05-28 20:36:20.207371,2025-08-05 20:36:20.207371,Q2,393,<1 year
2418,24,Male,Marketing,Manager,0.8,0.8,4191.18,4.4,2.0,2.4,3.3,4.2,0,1,1.2,74,0,0,Onsite,Bachelor,Married,2023-09-24 20:36:20.207371,2026-08-17 20:36:20.207371,Q3,16,<1 year
2419,40,Female,Marketing,Senior,1.8,1.8,5180.13,2.9,4.0,3.3,3.0,4.9,0,4,22.8,53,1,1,Remote,Bachelor,Married,2023-10-26 20:36:20.207371,2025-09-26 20:36:20.207371,Q4,341,1-3 years
2420,40,Female,Engineering,Senior,3.9,1.1,5966.3,3.4,3.0,3.4,3.9,2.6,1,1,22.5,70,0,0,Hybrid,High School,Single,2018-02-25 20:36:20.207371,2026-02-07 20:36:20.207371,Q1,207,3-5 years
2421,39,Male,Marketing,Manager,6.6,0.3,8062.98,3.5,,1.4,4.4,3.3,0,3,4.4,79,0,0,Remote,,Single,2024-09-26 20:36:20.207371,2024-12-03 20:36:20.207371,Q3,638,5-10 years
2422,30,Female,Operations,Senior,7.5,7.5,7051.92,4.6,2.0,3.3,2.4,3.6,0,3,2.5,52,0,1,Hybrid,Master,Single,2021-06-16 20:36:20.207371,2025-05-23 20:36:20.207371,Q2,467,5-10 years
2423,42,Female,Marketing,Junior,2.5,2.5,6037.66,3.0,4.0,3.9,2.8,3.4,0,1,13.0,55,0,0,Remote,Master,Married,2023-09-19 20:36:20.207371,2025-10-04 20:36:20.207371,Q3,333,1-3 years
2424,22,Female,HR,Junior,0.5,0.5,3799.71,1.6,4.0,3.2,3.3,4.0,1,4,9.2,56,0,0,Remote,High School,Married,2026-07-14 20:36:20.207371,2025-09-19 20:36:20.207371,Q3,348,<1 year
2425,42,Female,Sales,Lead,1.5,1.5,5831.15,0.9614665972633931,3.0,2.4,4.0,2.5,0,0,26.5,26,0,1,Onsite,Master,Married,2021-10-14 20:36:20.207371,2026-02-27 20:36:20.207371,Q4,187,1-3 years
2426,36,Female,Sales,Senior,0.7,0.7,5629.07,3.0,1.0,3.0,4.2,4.5,1,4,12.3,93,0,0,Hybrid,PhD,Single,2022-10-07 20:36:20.207371,2026-08-12 20:36:20.207371,Q4,21,<1 year
2427,45,Female,Sales,Lead,7.1,0.7,7057.75,3.9,3.0,4.2,3.1,3.6,1,1,11.2,28,0,0,Hybrid,Bachelor,Single,2024-05-29 20:36:20.207371,2022-06-06 20:36:20.207371,Q2,1549,5-10 years
2428,37,Female,HR,Executive,8.8,2.4,6432.81,2.3,3.0,,3.8,4.6,1,2,28.5,57,1,1,Onsite,Master,Married,2024-12-20 20:36:20.207371,2026-06-17 20:36:20.207371,Q4,77,5-10 years
2429,53,Male,HR,Executive,11.6,2.3,,4.0,4.0,4.5,4.2,4.2,1,1,5.3,66,0,1,Hybrid,Bachelor,Married,2019-08-30 20:36:20.207371,2024-04-27 20:36:20.207371,Q3,858,>10 years
2430,25,Male,Engineering,Manager,10.4,2.6,20491.363534728895,4.7,3.0,3.1,2.8,3.7,1,3,6.2,51,1,0,Onsite,Bachelor,Married,2022-04-08 20:36:20.207371,2023-08-15 20:36:20.207371,Q2,1114,>10 years
2431,18,Male,Engineering,Junior,1.8,1.8,5186.54,3.6,3.0,3.6,3.1,4.2,1,2,19.6,23,0,0,Onsite,High School,Married,2025-09-10 20:36:20.207371,2025-03-31 20:36:20.207371,Q3,520,1-3 years
2432,26,Male,HR,Junior,3.5,1.7,4923.15,,2.0,3.4,4.4,3.9,0,2,41.8,46,0,0,Onsite,Master,Single,2022-06-02 20:36:20.207371,2026-01-02 20:36:20.207371,Q2,243,3-5 years
2433,33,Female,Engineering,Manager,4.0,1.5,5972.45,3.8,1.0,2.5,3.1,3.7,1,3,1.5,86,0,0,Remote,Master,Married,2025-12-03 20:36:20.207371,2025-11-01 20:36:20.207371,Q4,305,3-5 years
2434,42,Male,Finance,Senior,6.4,0.7,6647.11,3.5,4.0,2.0,4.2,3.4,0,3,6.9,27,1,0,Hybrid,Bachelor,Married,2024-03-09 20:36:20.207371,2025-03-06 20:36:20.207371,Q1,545,5-10 years
2435,41,Male,Engineering,Executive,7.3,0.4,6319.9,4.5,3.0,3.7,2.4,4.0,0,1,16.9,77,0,0,Onsite,High School,Divorced,2018-11-13 20:36:20.207371,2026-08-13 20:36:20.207371,Q4,20,5-10 years
2436,55,Male,Marketing,Lead,2.9,2.9,4670.29,3.5,2.0,4.0,3.5,4.0,1,4,39.3,71,0,0,Onsite,Master,,2017-12-28 20:36:20.207371,2026-04-04 20:36:20.207371,Q4,151,1-3 years
2437,31,Female,Operations,Manager,1.7,0.6,5540.02,2.7,2.0,5.0,2.3,4.0,0,0,4.1,24,0,0,Onsite,Bachelor,Divorced,2024-08-25 20:36:20.207371,2021-10-14 20:36:20.207371,Q3,1784,1-3 years
2438,47,Male,Finance,Lead,1.6,1.6,20606.182533328534,3.9,3.0,2.9,2.6,4.1,0,2,18.2,68,0,0,Onsite,Bachelor,Married,2022-11-13 20:36:20.207371,2025-02-13 20:36:20.207371,Q4,566,1-3 years
2439,32,Female,Marketing,Lead,4.0,4.0,5786.21,3.7,1.0,2.2,2.0,2.4,1,1,8.1,46,0,0,Onsite,High School,Divorced,2021-12-11 20:36:20.207371,2021-03-12 20:36:20.207371,Q4,2000,3-5 years
2440,27,Non-Binary,Operations,Manager,6.9,0.5,6505.85,3.4,,3.3,3.2,4.3,0,1,1.0,75,0,0,Onsite,Bachelor,Married,2023-03-16 20:36:20.207371,2024-05-03 20:36:20.207371,Q1,852,5-10 years
2441,22,Male,Finance,Junior,18.7,0.1,7519.02,2.3,,2.3,3.4,4.0,0,4,8.8,55,0,0,Onsite,Master,Married,2023-10-02 20:36:20.207371,2025-11-26 20:36:20.207371,Q4,280,>10 years
2442,36,Male,IT,Lead,4.3,0.4,5855.24,3.2,4.0,1.9,4.5,3.3,1,1,10.7,45,1,0,Onsite,Master,Married,2022-09-02 20:36:20.207371,2026-04-02 20:36:20.207371,Q3,153,3-5 years
2443,29,Non-Binary,Finance,Senior,1.2,1.2,4640.18,4.5,4.0,3.7,3.0,4.3,1,1,7.2,64,0,0,Hybrid,High School,Married,2025-03-07 20:36:20.207371,2025-08-31 20:36:20.207371,Q1,367,1-3 years
2444,43,Male,IT,Intern,8.6,0.9,7327.35,3.7,2.0,,3.9,4.2,1,0,18.0,104,0,0,Onsite,Master,Married,2023-06-18 20:36:20.207371,2025-08-13 20:36:20.207371,Q2,385,5-10 years
2445,29,Female,Operations,Lead,5.0,4.8,5331.66,3.8,2.0,4.1,3.0,2.9,1,2,35.3,77,0,0,Onsite,High School,Single,2026-02-10 20:36:20.207371,2024-03-18 20:36:20.207371,Q1,898,3-5 years
2446,30,Female,Sales,Junior,2.1,1.6,4999.72,3.1,3.0,3.8,4.2,4.3,1,1,29.2,50,0,0,Hybrid,Bachelor,Single,2023-10-23 20:36:20.207371,2025-03-24 20:36:20.207371,Q4,527,1-3 years
2447,38,Female,Operations,Senior,11.3,5.2,7619.94,3.8,3.0,3.7,2.6,3.9,0,3,6.0,41,0,0,Hybrid,PhD,Single,2023-09-25 20:36:20.207371,2026-08-26 20:36:20.207371,Q3,7,>10 years
2448,52,Female,Marketing,Executive,4.8,4.8,6488.46,3.4,2.0,3.5,2.4,2.8,1,4,6.4,39,0,0,Onsite,Master,Married,2021-12-13 20:36:20.207371,2026-07-27 20:36:20.207371,Q4,37,3-5 years
2449,24,Female,Finance,Junior,5.1,1.7,4952.28,3.0,2.0,2.8,2.8,3.1,0,3,16.0,45,0,0,Remote,Bachelor,Married,2023-09-09 20:36:20.207371,2025-10-06 20:36:20.207371,Q3,331,5-10 years
2450,45,Female,HR,Lead,0.7,0.7,5223.31,4.7,3.0,3.7,3.6,3.6,0,1,20.3,20,0,1,Hybrid,High School,Married,2019-06-30 20:36:20.207371,2024-06-12 20:36:20.207371,Q2,812,<1 year
2451,43,Non-Binary,Operations,Lead,7.7,2.5,6513.76,3.9,2.0,1.5,3.6,4.5,1,0,10.3,65,1,0,Onsite,Bachelor,Married,2017-10-31 20:36:20.207371,2026-02-26 20:36:20.207371,Q4,188,5-10 years
2452,32,Female,Sales,Junior,12.9,0.7,8112.82,3.8,2.0,2.9,3.4,4.5,1,2,32.1,69,0,0,Hybrid,High School,Single,2017-12-07 20:36:20.207371,2025-02-06 20:36:20.207371,Q4,573,>10 years
2453,41,Male,Finance,Senior,14.5,6.6,7784.27,4.5,2.0,2.6,2.1,4.1,0,3,39.2,69,0,0,Onsite,Master,Married,2022-05-14 20:36:20.207371,2025-08-12 20:36:20.207371,Q2,386,>10 years
2454,32,Male,Engineering,Executive,0.5,0.2,4688.15,3.8,2.0,4.5,2.9,3.8,0,1,36.1,61,0,0,Onsite,Bachelor,Married,2020-03-23 20:36:20.207371,2026-05-10 20:36:20.207371,Q1,115,<1 year
2455,58,Female,Engineering,Lead,2.9,2.9,6892.13,3.8,3.0,3.7,3.4,3.3,0,6,9.0,74,0,0,Onsite,High School,Divorced,2024-11-21 20:36:20.207371,2026-03-20 20:36:20.207371,Q4,166,1-3 years
2456,33,Male,Marketing,Junior,2.1,1.5,5187.41,3.0,3.0,2.3,1.9,3.2,0,1,2.7,53,0,1,Hybrid,High School,Single,2017-12-27 20:36:20.207371,2026-05-11 20:36:20.207371,Q4,114,1-3 years
2457,35,Female,Engineering,Junior,1.5,0.3,4168.17,1.8,3.0,3.2,3.2,4.0,1,3,4.5,41,1,0,Onsite,Bachelor,Married,2026-06-30 20:36:20.207371,2025-01-23 20:36:20.207371,Q2,587,1-3 years
2458,31,Female,Sales,Senior,0.5,0.5,4673.25,4.2,1.0,2.1,3.5,3.8,1,1,25.9,49,1,1,Onsite,Bachelor,Married,2019-10-02 20:36:20.207371,2025-12-25 20:36:20.207371,Q4,251,<1 year
2459,22,Female,Operations,Executive,2.2,2.0,4961.54,3.9,2.0,4.1,3.1,3.5,0,1,1.9,57,0,0,Onsite,High School,Married,2024-09-11 20:36:20.207371,2024-09-19 20:36:20.207371,Q3,713,1-3 years
2460,32,Female,Engineering,Junior,5.0,5.0,5134.43,3.2,2.0,2.7,3.3,4.2,0,1,9.5,53,0,0,Onsite,Bachelor,Single,2022-09-12 20:36:20.207371,2024-09-21 20:36:20.207371,Q3,711,3-5 years
2461,37,Male,Operations,Junior,14.7,1.3,8363.6,4.2,4.0,2.4,3.2,3.3,0,2,23.5,36,0,0,Onsite,Master,Married,2022-04-17 20:36:20.207371,2025-10-11 20:36:20.207371,Q2,326,>10 years
2462,50,Female,Engineering,Junior,1.8,1.5,5462.3,3.3,2.0,1.7,4.3,3.5,0,5,8.2,32,1,1,Hybrid,Bachelor,Married,2023-09-26 20:36:20.207371,2026-08-24 20:36:20.207371,Q3,9,1-3 years
2463,39,Female,Finance,Senior,2.1,2.1,6589.05,3.9,3.0,,3.4,4.8,1,2,1.0,44,0,1,Hybrid,High School,Married,2017-01-24 20:36:20.207371,2025-02-04 20:36:20.207371,Q1,575,1-3 years
2464,33,Female,Finance,Senior,4.4,1.4,5820.88,3.8,4.0,2.6,3.2,3.0,0,1,13.2,70,0,0,Onsite,Bachelor,Single,2020-07-06 20:36:20.207371,2025-07-25 20:36:20.207371,Q3,404,3-5 years
2465,35,Male,Operations,Lead,8.1,0.2,6807.32,4.1,2.0,4.3,2.4,4.7,1,1,11.4,71,0,0,Hybrid,High School,Single,2019-12-22 20:36:20.207371,2026-08-11 20:36:20.207371,Q4,22,5-10 years
2466,38,Female,Engineering,Lead,8.4,2.6,6109.81,3.4,4.0,3.8,3.1,4.1,1,4,8.1,50,0,1,Remote,PhD,Married,2025-02-11 20:36:20.207371,2026-08-21 20:36:20.207371,Q1,12,5-10 years
2467,31,Male,IT,Junior,4.0,0.3,5561.12,3.3,2.0,2.6,4.0,3.9,0,1,6.1,69,0,0,Hybrid,Bachelor,Single,2019-02-21 20:36:20.207371,2026-08-30 20:36:20.207371,Q1,3,3-5 years
2468,41,Male,HR,Junior,2.6,2.0,6369.24,3.0,4.0,4.3,3.5,3.9,0,1,13.4,34,0,0,Onsite,Bachelor,Married,2017-05-31 20:36:20.207371,2026-06-20 20:36:20.207371,Q2,74,1-3 years
2469,51,Male,Engineering,Junior,2.8,0.3,6446.42,3.0,1.0,3.0,4.1,4.1,1,0,26.8,53,0,0,Remote,Master,Single,2018-12-14 20:36:20.207371,2026-07-17 20:36:20.207371,Q4,47,1-3 years
2470,31,Male,Engineering,Junior,6.4,6.4,5763.84,3.8,4.0,3.4,4.1,3.9,1,1,26.8,38,0,0,Onsite,Bachelor,Married,2024-05-23 20:36:20.207371,2024-12-02 20:36:20.207371,Q2,639,5-10 years
2471,47,Male,IT,Lead,17.4,1.3,8888.08,3.3,2.0,2.7,2.9,3.9,0,2,13.8,42,1,0,Remote,Master,Married,2024-10-21 20:36:20.207371,2026-08-08 20:36:20.207371,Q4,25,>10 years
2472,43,Female,Finance,Manager,14.2,1.7,8068.08,3.8,4.0,4.1,4.2,3.5,1,1,30.0,53,0,0,Onsite,High School,Single,2022-02-24 20:36:20.207371,2025-03-24 20:36:20.207371,Q1,527,>10 years
2473,40,Female,Finance,Lead,3.7,3.7,5813.67,2.6,3.0,3.3,2.0,3.9,1,3,9.1,62,0,0,Hybrid,,Married,2017-06-30 20:36:20.207371,2026-03-05 20:36:20.207371,Q2,181,3-5 years
2474,36,Male,Operations,Senior,6.7,1.1,,3.8,4.0,5.0,2.8,3.8,1,0,15.5,56,0,1,Onsite,Master,Married,2024-06-08 20:36:20.207371,2025-11-16 20:36:20.207371,Q2,290,5-10 years
2475,38,Female,Sales,Manager,3.2,0.8,4908.8,3.9,2.0,3.5,3.3,5.0,1,1,22.5,104,0,0,Onsite,,Single,2021-04-19 20:36:20.207371,2025-08-16 20:36:20.207371,Q2,382,3-5 years
2476,32,Male,Engineering,Executive,2.1,0.2,5802.24,3.6,2.0,4.4,3.2,3.7,0,3,7.2,64,1,0,Remote,PhD,Single,2025-05-11 20:36:20.207371,2026-04-21 20:36:20.207371,Q2,134,1-3 years
2477,53,Male,Operations,Junior,5.9,2.6,7277.22,4.4,3.0,4.7,4.1,3.8,0,4,3.9,81,1,0,Onsite,PhD,Married,2023-08-13 20:36:20.207371,2023-02-21 20:36:20.207371,Q3,1289,5-10 years
2478,27,Female,Operations,Junior,11.2,2.6,7618.26,3.3,4.0,1.2,3.0,4.1,0,3,11.3,39,0,0,Onsite,Master,Married,2022-08-15 20:36:20.207371,2026-05-22 20:36:20.207371,Q3,103,>10 years
2479,46,Female,IT,Executive,3.1,2.9,6245.85,3.2,,4.3,4.2,3.5,1,1,44.9,42,0,1,Remote,PhD,Divorced,2026-07-08 20:36:20.207371,2025-01-25 20:36:20.207371,Q3,585,3-5 years
2480,50,Male,Engineering,Senior,9.5,0.2,8296.31,3.5,3.0,3.6,4.4,3.2,0,1,8.8,37,0,0,Hybrid,PhD,Married,2019-08-21 20:36:20.207371,2024-07-03 20:36:20.207371,Q3,791,5-10 years
2481,31,Non-Binary,Sales,Junior,4.4,1.8,5741.07,4.1,2.0,3.5,4.4,4.5,0,2,8.9,88,0,1,Onsite,Bachelor,Single,2024-10-29 20:36:20.207371,2025-07-09 20:36:20.207371,Q4,420,3-5 years
2482,46,Male,Finance,Executive,2.3,2.3,5803.21,3.2,4.0,2.3,4.2,3.7,1,4,5.4,71,0,0,Hybrid,Master,Married,2018-05-24 20:36:20.207371,2026-06-23 20:36:20.207371,Q2,71,1-3 years
2483,36,Male,Finance,Senior,0.8,0.8,5327.15,3.3,4.0,4.1,3.6,4.3,0,0,17.1,79,0,0,Onsite,Bachelor,Single,2019-05-01 20:36:20.207371,2025-11-26 20:36:20.207371,Q2,280,<1 year
2484,35,Male,Finance,Executive,0.5,0.5,5463.86,4.1,2.0,3.5,2.6,4.4,0,2,19.9,79,0,0,Onsite,High School,Single,2023-04-27 20:36:20.207371,2025-01-23 20:36:20.207371,Q2,587,<1 year
2485,34,Female,HR,Junior,18.4,4.3,8980.39,4.0,2.0,3.2,3.0,3.0,1,2,43.0,80,0,0,Onsite,Bachelor,Single,2019-02-11 20:36:20.207371,2025-07-19 20:36:20.207371,Q1,410,>10 years
2486,22,Female,Engineering,Junior,0.5,0.5,4872.04,3.4,3.0,3.6,4.7,3.3,0,5,15.5,29,0,0,Onsite,High School,Single,2021-09-21 20:36:20.207371,2025-10-15 20:36:20.207371,Q3,322,<1 year
2487,40,Female,Engineering,Manager,23.3,4.8,10054.05,2.1,3.0,2.5,3.4,2.2,0,0,4.6,30,0,0,Onsite,PhD,Married,2026-06-10 20:36:20.207371,2025-06-25 20:36:20.207371,Q2,434,>10 years
2488,49,Female,IT,Lead,6.1,0.2,5888.13,3.2,3.0,3.2,4.6,3.4,0,1,1.0,60,0,0,Hybrid,High School,Single,2022-05-02 20:36:20.207371,2026-02-16 20:36:20.207371,Q2,198,5-10 years
2489,27,Female,Finance,Manager,5.2,0.1,5034.0,3.4,2.0,2.8,4.5,2.8,0,2,5.4,41,0,0,Onsite,Bachelor,Divorced,2021-01-07 20:36:20.207371,2025-09-13 20:36:20.207371,Q1,354,5-10 years
2490,43,Male,Engineering,Senior,3.2,0.6,5738.25,3.1,3.0,3.8,2.7,3.8,0,0,9.2,15,0,0,Hybrid,Bachelor,Married,2017-02-04 20:36:20.207371,2022-02-04 20:36:20.207371,Q1,1671,3-5 years
2491,34,Male,Operations,Lead,14.9,1.0,7915.29,2.5,3.0,3.7,5.0,3.7,1,2,16.8,49,0,0,Hybrid,,Married,2016-11-07 20:36:20.207371,2026-01-23 20:36:20.207371,Q4,222,>10 years
2492,24,Male,Engineering,Junior,4.3,1.1,5414.45,3.0,3.0,3.8,3.6,2.9,0,2,21.5,81,0,1,Hybrid,Bachelor,Married,2025-11-26 20:36:20.207371,2026-08-06 20:36:20.207371,Q4,27,3-5 years
2493,44,Male,HR,Junior,2.8,2.0,5174.07,2.9,4.0,2.6,3.5,4.2,0,1,7.3,107,0,0,Remote,Bachelor,Married,2026-05-09 20:36:20.207371,2025-10-27 20:36:20.207371,Q2,310,1-3 years
2494,51,Female,IT,Junior,3.1,2.3,7324.75,4.2,3.0,,3.2,4.4,0,1,39.3,33,0,1,Remote,Bachelor,Married,2017-07-13 20:36:20.207371,2025-06-09 20:36:20.207371,Q3,450,3-5 years
2495,27,Male,Operations,Senior,8.6,5.2,6643.51,4.0,1.0,3.4,1.7,3.9,0,1,4.6,48,0,0,Hybrid,PhD,Single,2024-11-02 20:36:20.207371,2026-05-12 20:36:20.207371,Q4,113,5-10 years
2496,37,Male,Marketing,Senior,10.4,5.5,6845.43,3.9,2.0,4.0,3.2,2.5,0,1,13.1,65,0,0,Hybrid,Master,Married,2024-11-14 20:36:20.207371,2025-03-26 20:36:20.207371,Q4,525,>10 years
2497,22,Female,Finance,Lead,4.6,2.4,3914.0,,2.0,3.5,4.5,4.4,0,2,20.8,59,1,0,Onsite,Master,Married,2017-06-07 20:36:20.207371,2025-09-26 20:36:20.207371,Q2,341,3-5 years
2498,34,Female,IT,Junior,0.5,0.5,4044.63,3.0,2.0,4.7,3.6,3.3,0,6,1.6,46,0,0,Remote,Master,Divorced,2019-09-30 20:36:20.207371,2024-12-18 20:36:20.207371,Q3,623,<1 year
2499,39,Male,Operations,Junior,0.5,0.5,4469.91,1.9,4.0,2.6,3.4,4.2,1,2,13.5,60,0,1,Onsite,Bachelor,Married,2024-09-22 20:36:20.207371,2024-08-05 20:36:20.207371,Q3,758,<1 year
2500,52,Female,Engineering,Senior,15.1,0.3,8394.39,3.6,1.0,2.7,3.0,4.1,0,1,40.4,48,0,1,Onsite,,Divorced,2025-09-12 20:36:20.207371,2026-05-19 20:36:20.207371,Q3,106,>10 years
2501,50,Female,Engineering,Lead,4.1,1.7,7055.83,3.8,3.0,3.3,3.8,3.9,0,0,23.0,54,0,0,Onsite,Bachelor,Married,2020-11-09 20:36:20.207371,2025-12-27 20:36:20.207371,Q4,249,3-5 years
2502,51,Male,Operations,Intern,16.7,9.7,9556.51,3.1,3.0,3.6,2.8,3.6,0,4,24.4,72,0,0,Hybrid,Master,Single,2018-01-16 20:36:20.207371,2021-09-19 20:36:20.207371,Q1,1809,>10 years
2503,29,Male,IT,Senior,4.0,4.0,5530.16,1.9,4.0,4.1,2.6,3.9,1,0,5.9,77,0,0,Onsite,Master,Married,2020-06-02 20:36:20.207371,2025-11-19 20:36:20.207371,Q2,287,3-5 years
2504,32,Female,HR,Junior,7.9,1.7,5935.46,2.7,3.0,3.8,3.0,5.0,1,1,6.6,60,0,1,Remote,Bachelor,Divorced,2022-11-30 20:36:20.207371,2025-06-18 20:36:20.207371,Q4,441,5-10 years
2505,22,Female,Engineering,Lead,5.4,3.5,5830.36,2.3,2.0,4.6,3.2,2.4,0,1,13.8,36,0,0,Hybrid,Bachelor,Single,2018-12-24 20:36:20.207371,2024-08-14 20:36:20.207371,Q4,749,5-10 years
2506,27,Male,Engineering,Manager,5.9,0.8,4646.62,3.7,3.0,2.5,3.3,4.5,0,2,14.8,40,0,1,Hybrid,Master,Single,2021-08-19 20:36:20.207371,2026-03-01 20:36:20.207371,Q3,185,5-10 years
2507,22,Female,Operations,Junior,3.9,3.9,4129.96,5.0,,4.0,3.8,3.9,0,1,1.0,59,1,1,Onsite,Bachelor,Single,2022-07-10 20:36:20.207371,2026-03-20 20:36:20.207371,Q3,166,3-5 years
2508,38,Female,HR,Junior,7.1,3.2,5451.82,2.1,3.0,4.7,4.4,2.9,0,1,7.7,66,1,0,Remote,PhD,Single,2026-05-06 20:36:20.207371,2026-01-18 20:36:20.207371,Q2,227,5-10 years
2509,28,Male,Engineering,Manager,3.5,3.5,,3.1,4.0,3.4,3.0,3.8,0,0,1.0,74,0,0,Onsite,PhD,Married,2023-06-10 20:36:20.207371,2026-01-07 20:36:20.207371,Q2,238,3-5 years
2510,23,Female,Engineering,Intern,8.1,1.1,5740.77,3.2,1.0,3.4,3.3,3.9,1,3,14.4,74,0,0,Hybrid,,Married,2019-09-06 20:36:20.207371,2024-11-30 20:36:20.207371,Q3,641,5-10 years
2511,31,Male,Marketing,Manager,1.7,0.4,5096.06,3.6,4.0,3.4,3.6,4.2,0,1,10.1,54,1,0,Hybrid,Bachelor,Divorced,2020-11-03 20:36:20.207371,2025-11-20 20:36:20.207371,Q4,286,1-3 years
2512,23,Female,Finance,Senior,0.5,0.5,4103.34,4.1,4.0,4.5,3.1,4.3,1,2,19.4,66,0,0,Hybrid,Bachelor,Married,2025-10-23 20:36:20.207371,2024-04-25 20:36:20.207371,Q4,860,<1 year
2513,38,Male,Engineering,Executive,0.8,0.8,4922.53,3.7,3.0,3.1,2.8,3.6,0,1,3.1,51,0,0,Onsite,Master,Single,2023-05-21 20:36:20.207371,2025-12-20 20:36:20.207371,Q2,256,<1 year
2514,37,Female,Engineering,Intern,2.4,1.8,5463.22,3.1,2.0,2.1,3.8,3.3,0,3,4.3,61,0,0,Onsite,Master,,2023-09-06 20:36:20.207371,2025-02-23 20:36:20.207371,Q3,556,1-3 years
2515,31,Male,Operations,Senior,10.7,0.3,6631.7,3.4,,4.4,2.5,2.4,1,4,24.3,59,0,0,Hybrid,Bachelor,Single,2018-05-15 20:36:20.207371,2025-11-21 20:36:20.207371,Q2,285,>10 years
2516,27,Female,HR,Senior,10.5,1.7,7241.66,3.6,3.0,1.6,4.4,3.1,1,6,10.1,75,0,0,Onsite,High School,Single,2019-05-05 20:36:20.207371,2026-02-13 20:36:20.207371,Q2,201,>10 years
2517,22,Female,HR,Manager,2.1,0.5,4775.43,3.3,2.0,3.2,3.2,3.7,0,0,6.4,103,0,0,Hybrid,High School,Married,2024-02-25 20:36:20.207371,2024-03-23 20:36:20.207371,Q1,893,1-3 years
2518,40,Female,Marketing,Manager,2.8,1.0,4803.34,2.6,3.0,3.9,4.6,3.4,1,3,1.0,18,0,1,Onsite,High School,Single,2024-08-30 20:36:20.207371,2023-02-11 20:36:20.207371,Q3,1299,1-3 years
2519,37,Non-Binary,Operations,Lead,4.0,0.2,5398.52,2.9,1.0,,3.5,3.3,0,1,1.0,35,0,0,Onsite,Bachelor,Single,2024-03-19 20:36:20.207371,2025-02-11 20:36:20.207371,Q1,568,3-5 years
2520,39,Male,Operations,Manager,5.5,0.2,6241.34,3.5,3.0,1.2,3.6,4.1,0,0,7.6,114,0,0,Onsite,PhD,Single,2019-03-20 20:36:20.207371,2023-08-04 20:36:20.207371,Q1,1125,5-10 years
2521,31,Female,Engineering,Lead,2.9,0.8,4915.49,3.3,2.0,3.3,4.4,4.1,0,4,8.5,46,0,1,Remote,,Married,2022-03-31 20:36:20.207371,2023-07-06 20:36:20.207371,Q1,1154,1-3 years
2522,32,Non-Binary,IT,Manager,6.1,0.3,6463.19,,3.0,2.7,4.7,3.1,1,1,15.3,49,0,0,Hybrid,High School,Single,2019-07-18 20:36:20.207371,2026-01-01 20:36:20.207371,Q3,244,5-10 years
2523,49,Female,HR,Junior,3.7,1.0,6060.89,4.8,2.0,2.4,2.9,3.9,0,1,10.3,63,0,0,Onsite,High School,Married,2017-09-12 20:36:20.207371,2025-02-20 20:36:20.207371,Q3,559,3-5 years
2524,28,Female,Marketing,Senior,0.9,0.9,4472.77,4.7,2.0,3.0,3.2,3.7,1,2,15.3,58,0,0,Onsite,PhD,Single,2024-10-24 20:36:20.207371,2025-04-04 20:36:20.207371,Q4,516,<1 year
2525,31,Female,Sales,Executive,9.3,0.5,6302.24,3.2,2.0,4.0,3.9,3.3,1,2,58.6,80,0,1,Onsite,Master,Married,2016-11-10 20:36:20.207371,2026-06-28 20:36:20.207371,Q4,66,5-10 years
2526,42,Male,Finance,Executive,2.6,2.6,5878.93,2.8,4.0,4.6,3.9,4.2,0,3,18.0,30,0,1,Hybrid,High School,Single,2017-04-18 20:36:20.207371,2026-03-21 20:36:20.207371,Q2,165,1-3 years
2527,38,Male,Engineering,Senior,0.5,0.5,5597.6,3.2,2.0,4.6,3.5,4.5,0,2,14.9,54,0,0,Remote,Master,Single,2024-03-04 20:36:20.207371,2024-03-25 20:36:20.207371,Q1,891,<1 year
2528,22,Male,Operations,Lead,1.3,1.3,5042.71,2.8,4.0,4.4,3.9,4.0,1,3,12.6,69,0,0,Onsite,Bachelor,Single,2019-07-21 20:36:20.207371,2024-12-26 20:36:20.207371,Q3,615,1-3 years
2529,22,Female,Operations,Senior,3.1,0.3,4872.73,4.1,4.0,3.2,2.3,3.6,1,4,3.2,49,1,1,Onsite,Bachelor,Single,2022-04-14 20:36:20.207371,2026-07-23 20:36:20.207371,Q2,41,3-5 years
2530,28,Female,Marketing,Intern,3.9,0.5,4720.96,3.4,4.0,3.1,4.2,3.2,1,5,20.8,42,0,1,Remote,PhD,Single,2018-02-06 20:36:20.207371,2024-05-31 20:36:20.207371,Q1,824,3-5 years
2531,44,Female,Engineering,Senior,11.6,2.2,7563.55,3.0,1.0,3.9,3.1,4.0,0,3,46.3,65,0,0,Remote,Bachelor,Single,2019-03-10 20:36:20.207371,2024-08-04 20:36:20.207371,Q1,759,>10 years
2532,41,Non-Binary,Sales,Junior,2.0,1.7,4681.18,2.7,2.0,2.2,4.3,3.5,0,3,4.3,41,0,0,Onsite,Master,Married,2020-10-02 20:36:20.207371,2022-10-08 20:36:20.207371,Q4,1425,1-3 years
2533,40,Non-Binary,Finance,Executive,10.5,3.7,7872.83,4.5,2.0,2.0,3.1,4.2,1,2,1.3,34,0,1,Hybrid,High School,,2019-09-30 20:36:20.207371,2024-12-06 20:36:20.207371,Q3,635,>10 years
2534,41,Male,Operations,Senior,0.7,0.7,5832.87,4.9,3.0,3.8,4.3,3.7,0,2,39.3,65,0,0,Onsite,Bachelor,Single,2026-03-23 20:36:20.207371,2026-06-23 20:36:20.207371,Q1,71,<1 year
2535,25,Female,Engineering,Senior,1.1,1.1,4678.95,1.4754127837035318,4.0,4.5,3.7,4.4,1,2,11.1,16,0,0,Onsite,Bachelor,Married,2023-01-08 20:36:20.207371,2026-07-07 20:36:20.207371,Q1,57,1-3 years
2536,41,Female,Finance,Junior,1.0,0.1,4216.0,2.4,3.0,3.9,3.5,4.5,0,0,12.0,43,1,1,Onsite,High School,Single,2023-04-25 20:36:20.207371,2026-07-17 20:36:20.207371,Q2,47,<1 year
2537,25,Female,Marketing,Executive,4.4,0.2,4725.93,3.1,2.0,3.8,3.8,3.5,1,4,22.6,65,0,1,Remote,PhD,Married,2020-08-21 20:36:20.207371,2025-11-27 20:36:20.207371,Q3,279,3-5 years
2538,44,Female,IT,Junior,4.0,4.0,6444.61,3.6,2.0,2.5,2.2,2.8,1,0,38.4,32,0,0,Onsite,Master,Single,2022-11-10 20:36:20.207371,2025-05-13 20:36:20.207371,Q4,477,3-5 years
2539,29,Female,Engineering,Senior,1.9,1.1,5096.56,3.5,2.0,2.0,3.6,3.5,0,4,10.8,76,0,1,Onsite,Bachelor,Married,2025-06-23 20:36:20.207371,2025-08-22 20:36:20.207371,Q2,376,1-3 years
2540,37,Female,Operations,Manager,7.8,0.4,6934.68,3.8,1.0,4.1,3.6,3.1,1,3,9.6,35,0,1,Hybrid,Master,Single,2018-02-08 20:36:20.207371,2026-08-30 20:36:20.207371,Q1,3,5-10 years
2541,22,Female,HR,Senior,4.3,2.8,4442.9,3.2,4.0,2.0,3.3,3.7,1,3,13.6,84,0,0,Hybrid,Bachelor,Single,2016-09-16 20:36:20.207371,2026-08-17 20:36:20.207371,Q3,16,3-5 years
2542,22,Female,HR,Intern,5.7,0.9,5914.42,3.6,3.0,2.3,3.5,3.3,0,0,2.3,84,0,1,Hybrid,Master,,2022-07-31 20:36:20.207371,2024-11-15 20:36:20.207371,Q3,656,5-10 years
2543,45,Female,IT,Senior,1.6,1.6,5875.48,3.7,4.0,2.8,3.9,2.7,0,0,1.0,40,0,1,Onsite,Bachelor,Married,2021-12-13 20:36:20.207371,2024-06-09 20:36:20.207371,Q4,815,1-3 years
2544,41,Female,IT,Junior,4.4,4.4,5772.88,2.4,3.0,2.1,4.8,2.9,1,1,15.8,74,0,0,Hybrid,Bachelor,Married,2019-03-15 20:36:20.207371,2021-06-09 20:36:20.207371,Q1,1911,3-5 years
2545,22,Male,Marketing,Senior,8.8,0.8,,3.9,3.0,3.2,3.4,4.0,0,1,1.3,81,1,1,Hybrid,High School,Married,2016-11-26 20:36:20.207371,2024-05-05 20:36:20.207371,Q4,850,5-10 years
2546,47,Female,Finance,Intern,2.5,2.5,5825.53,4.3,,3.5,3.0,2.8,1,1,14.9,66,0,0,Onsite,Master,Married,2016-09-15 20:36:20.207371,2026-07-23 20:36:20.207371,Q3,41,1-3 years
2547,24,Female,Marketing,Junior,10.8,0.3,7128.78,4.0,2.0,4.1,3.0,3.6,1,3,20.7,66,0,0,Remote,Bachelor,Single,2021-10-01 20:36:20.207371,2025-03-03 20:36:20.207371,Q4,548,>10 years
2548,35,Male,Operations,Manager,1.5,1.5,5692.22,3.6,3.0,2.4,3.3,4.4,0,0,24.0,70,0,0,Hybrid,Bachelor,Married,2021-08-26 20:36:20.207371,2025-12-02 20:36:20.207371,Q3,274,1-3 years
2549,30,Male,HR,Senior,15.3,1.5,7958.25,2.7,,3.4,4.1,4.5,0,0,16.3,39,0,1,Remote,PhD,Married,2019-09-04 20:36:20.207371,2023-07-13 20:36:20.207371,Q3,1147,>10 years
2550,25,Male,IT,Intern,5.3,4.7,4620.06,3.2,2.0,1.4,3.5,4.7,1,3,7.4,25,0,0,Hybrid,Bachelor,Married,2020-03-16 20:36:20.207371,2026-08-28 20:36:20.207371,Q1,5,5-10 years
2551,46,Male,Finance,Junior,10.3,4.3,7231.03,2.3,2.0,2.6,2.7,3.5,1,5,14.3,54,0,0,Hybrid,Bachelor,Single,2017-05-01 20:36:20.207371,2025-12-30 20:36:20.207371,Q2,246,>10 years
2552,51,Male,Engineering,Lead,2.5,2.5,6730.63,4.0,4.0,2.5,3.9,2.8,0,4,1.8,69,1,0,Onsite,,Married,2023-07-29 20:36:20.207371,2024-11-05 20:36:20.207371,Q3,666,1-3 years
2553,36,Male,Engineering,Executive,2.7,1.3,5649.29,4.9,1.0,2.2,4.0,3.8,0,4,23.9,93,1,0,Onsite,Bachelor,Single,2017-04-10 20:36:20.207371,2026-03-09 20:36:20.207371,Q2,177,1-3 years
2554,50,Male,Marketing,Junior,4.5,1.1,6261.46,2.6,2.0,3.8,2.3,3.9,0,1,15.3,67,0,0,Remote,Bachelor,Married,2024-12-08 20:36:20.207371,2022-11-16 20:36:20.207371,Q4,1386,3-5 years
2555,32,Female,Marketing,Manager,0.5,0.5,5680.39,3.0,,4.3,2.3,3.8,0,1,4.5,55,0,0,Onsite,Bachelor,Single,2026-05-01 20:36:20.207371,2024-10-24 20:36:20.207371,Q2,678,<1 year
2556,36,Female,Operations,Junior,15.8,2.1,8898.61,3.2,4.0,3.4,3.0,3.6,1,1,4.2,59,1,0,Remote,,Married,2017-02-09 20:36:20.207371,2024-02-18 20:36:20.207371,Q1,927,>10 years
2557,36,Female,IT,Manager,11.5,6.9,7143.38,4.7,4.0,2.6,4.5,3.0,1,1,5.0,84,0,0,Remote,,Married,2019-03-24 20:36:20.207371,2024-03-26 20:36:20.207371,Q1,890,>10 years
2558,23,Female,Operations,Junior,2.2,2.2,4892.45,3.8,4.0,3.5,2.8,2.6,0,2,18.8,56,0,0,Hybrid,Bachelor,Single,2017-07-20 20:36:20.207371,2025-11-01 20:36:20.207371,Q3,305,1-3 years
2559,39,Female,Operations,Executive,2.2,0.3,5508.88,4.3,4.0,4.1,5.0,3.7,0,1,15.1,45,0,0,Onsite,Bachelor,Divorced,2019-06-28 20:36:20.207371,2025-11-30 20:36:20.207371,Q2,276,1-3 years
2560,42,Male,Engineering,Executive,6.9,0.4,6778.7,3.4,4.0,3.5,3.6,2.8,1,1,19.7,76,1,1,Hybrid,Master,Married,2018-01-29 20:36:20.207371,2026-01-12 20:36:20.207371,Q1,233,5-10 years
2561,33,Non-Binary,Finance,Executive,2.3,0.4,4712.63,4.3,3.0,,2.6,3.6,0,1,18.1,77,0,0,Hybrid,Master,Single,2019-04-20 20:36:20.207371,2026-08-24 20:36:20.207371,Q2,9,1-3 years
2562,22,Non-Binary,HR,Senior,3.6,0.8,,3.8,2.0,3.4,2.6,3.1,1,3,9.2,60,0,0,Hybrid,Master,Single,2020-05-25 20:36:20.207371,2026-07-23 20:36:20.207371,Q2,41,3-5 years
2563,38,Female,Operations,Junior,5.5,3.9,6609.75,3.8,2.0,4.0,3.2,3.4,1,0,5.8,71,0,1,Hybrid,Bachelor,Married,2017-06-14 20:36:20.207371,2026-06-24 20:36:20.207371,Q2,70,5-10 years
2564,22,Female,Finance,Senior,3.1,3.1,4572.53,3.4,2.0,2.8,3.9,4.1,0,1,12.6,179,0,0,Onsite,,Married,2018-09-03 20:36:20.207371,2024-07-21 20:36:20.207371,Q3,773,3-5 years
2565,26,Female,Sales,Senior,1.8,1.8,4715.54,3.2,3.0,3.8,3.7,3.6,1,1,18.4,87,0,0,Hybrid,Bachelor,Single,2016-09-22 20:36:20.207371,2025-03-01 20:36:20.207371,Q3,550,1-3 years
2566,36,Female,Finance,Senior,3.5,0.9,5682.72,2.5,3.0,3.3,3.6,3.8,0,1,37.6,18,0,0,Onsite,Master,Single,2017-07-17 20:36:20.207371,2024-11-13 20:36:20.207371,Q3,658,3-5 years
2567,27,Male,Sales,Junior,3.1,3.1,5257.89,4.4,2.0,2.8,3.3,4.2,1,4,29.6,106,0,1,Hybrid,Bachelor,Divorced,2023-12-24 20:36:20.207371,2026-04-11 20:36:20.207371,Q4,144,3-5 years
2568,37,Female,Finance,Manager,11.8,0.2,7520.25,2.8,4.0,4.6,2.7,3.0,1,4,2.1,55,1,1,Onsite,Bachelor,Single,2017-06-16 20:36:20.207371,2025-06-05 20:36:20.207371,Q2,454,>10 years
2569,32,Female,Engineering,Junior,7.2,1.0,6415.14,2.7,,3.0,3.9,4.2,0,0,30.4,84,0,0,Onsite,Bachelor,Married,2020-02-18 20:36:20.207371,2025-10-26 20:36:20.207371,Q1,311,5-10 years
2570,22,Male,Operations,Lead,9.9,3.1,7137.44,4.0,3.0,3.1,3.3,4.0,0,1,3.2,72,1,0,Onsite,High School,Married,2018-10-04 20:36:20.207371,2025-07-13 20:36:20.207371,Q4,416,5-10 years
2571,36,Female,Finance,Junior,15.0,1.8,8515.89,3.5,2.0,3.3,4.0,3.2,1,0,1.7,85,0,1,Remote,Bachelor,,2023-10-12 20:36:20.207371,2026-08-06 20:36:20.207371,Q4,27,>10 years
2572,40,Male,HR,Junior,12.9,8.8,7407.7,1.8,3.0,4.1,2.3,3.3,1,2,3.3,84,0,1,Hybrid,Bachelor,Married,2017-02-22 20:36:20.207371,2024-06-02 20:36:20.207371,Q1,822,>10 years
2573,45,Female,Operations,Senior,10.0,9.7,7264.78,4.1,2.0,4.3,2.8,4.1,0,1,1.0,57,0,0,Hybrid,Master,Divorced,2023-04-27 20:36:20.207371,2026-02-11 20:36:20.207371,Q2,203,5-10 years
2574,31,Male,Engineering,Senior,0.5,0.5,4865.84,2.8,2.0,3.5,4.3,3.5,0,3,19.6,63,0,0,Hybrid,Bachelor,Single,2023-03-01 20:36:20.207371,2025-01-16 20:36:20.207371,Q1,594,<1 year
2575,34,Female,Operations,Senior,0.5,0.5,5044.67,3.1,2.0,2.4,3.4,3.2,0,3,35.2,45,0,0,Hybrid,Bachelor,Married,2017-04-20 20:36:20.207371,2025-09-13 20:36:20.207371,Q2,354,<1 year
2576,22,Female,Operations,Junior,4.7,4.7,5080.44,4.0,3.0,1.7,2.9,3.2,0,0,11.4,46,0,1,Onsite,Bachelor,Married,2020-05-20 20:36:20.207371,2026-02-11 20:36:20.207371,Q2,203,3-5 years
2577,54,Male,Sales,Junior,3.6,2.6,7080.5,2.7,4.0,5.0,3.5,3.9,1,0,5.1,82,0,0,Remote,Master,Married,2025-04-28 20:36:20.207371,2025-11-04 20:36:20.207371,Q2,302,3-5 years
2578,50,Male,Operations,Junior,1.4,1.4,5345.68,3.1,3.0,4.0,4.0,4.3,0,0,6.4,46,0,1,Onsite,Bachelor,Single,2016-10-19 20:36:20.207371,2026-05-01 20:36:20.207371,Q4,124,1-3 years
2579,34,Non-Binary,Finance,Junior,1.6,1.2,6302.05,2.8,3.0,3.6,2.6,3.8,0,2,18.5,64,0,0,Hybrid,Master,Married,2021-08-04 20:36:20.207371,2026-08-09 20:36:20.207371,Q3,24,1-3 years
2580,33,Female,IT,Executive,7.0,3.4,,4.8,1.0,4.1,2.7,4.5,0,0,37.2,42,0,0,Hybrid,Bachelor,Married,2026-06-09 20:36:20.207371,2026-05-22 20:36:20.207371,Q2,103,5-10 years
2581,22,Male,Operations,Executive,6.3,1.9,,3.5,3.0,3.4,4.2,3.1,0,4,3.1,83,0,1,Onsite,Master,Married,2023-05-10 20:36:20.207371,2025-11-27 20:36:20.207371,Q2,279,5-10 years
2582,45,Male,Operations,Senior,0.8,0.8,6264.54,4.2,3.0,3.3,2.9,3.7,0,1,5.7,62,0,1,Hybrid,Bachelor,Married,2021-12-05 20:36:20.207371,2023-06-10 20:36:20.207371,Q4,1180,<1 year
2583,40,Male,HR,Junior,1.9,1.9,5613.65,4.2,3.0,3.1,5.0,3.6,1,2,1.5,70,0,1,Hybrid,PhD,Married,2026-05-19 20:36:20.207371,2025-09-01 20:36:20.207371,Q2,366,1-3 years
2584,43,Female,IT,Manager,23.7,3.6,9862.91,5.0,1.0,3.8,2.6,3.7,0,3,7.4,50,1,0,Hybrid,Master,Married,2020-08-19 20:36:20.207371,2026-08-03 20:36:20.207371,Q3,30,>10 years
2585,30,Female,Finance,Senior,4.2,0.1,5856.96,2.4,4.0,1.9,3.2,3.1,0,2,3.4,58,0,0,Hybrid,Master,Married,2019-03-06 20:36:20.207371,2024-05-18 20:36:20.207371,Q1,837,3-5 years
2586,30,Non-Binary,Engineering,Lead,4.2,0.1,5587.79,4.0,4.0,2.6,4.1,3.2,1,0,1.0,79,0,0,Hybrid,Master,Married,2025-08-05 20:36:20.207371,2026-09-01 20:36:20.207371,Q3,1,3-5 years
2587,22,Female,Sales,Lead,13.1,2.3,6842.37,3.8,2.0,2.6,3.9,4.9,0,1,1.3,99,0,0,Hybrid,PhD,Single,2024-11-09 20:36:20.207371,2026-07-12 20:36:20.207371,Q4,52,>10 years
2588,42,Male,IT,Manager,9.0,0.3,7445.3,5.0,3.0,3.5,3.3,4.1,0,2,4.5,113,0,0,Onsite,Master,Married,2024-05-08 20:36:20.207371,2024-09-30 20:36:20.207371,Q2,702,5-10 years
2589,47,Male,Operations,Junior,5.6,0.8,6396.87,2.7,4.0,3.8,4.1,4.7,0,1,3.3,26,0,0,Hybrid,Bachelor,Single,2020-04-02 20:36:20.207371,2023-10-13 20:36:20.207371,Q2,1055,5-10 years
2590,46,Female,Finance,Intern,1.2,1.2,5775.71,,3.0,2.0,3.2,4.8,1,0,2.5,55,1,0,Remote,Bachelor,Married,2018-11-03 20:36:20.207371,2023-10-16 20:36:20.207371,Q4,1052,1-3 years
2591,36,Female,HR,Junior,13.9,0.4,7485.87,3.2,3.0,3.4,2.8,4.3,0,3,3.0,72,0,0,Onsite,Master,Married,2020-11-19 20:36:20.207371,2026-08-15 20:36:20.207371,Q4,18,>10 years
2592,31,Female,Finance,Junior,5.6,0.4,6001.12,3.3,2.0,4.3,3.4,4.7,1,4,1.3,85,1,0,Onsite,PhD,Single,2020-10-29 20:36:20.207371,2025-12-25 20:36:20.207371,Q4,251,5-10 years
2593,24,Male,Operations,Executive,0.5,0.5,,3.7,3.0,2.4,2.5,2.8,1,0,14.8,37,1,0,Hybrid,Bachelor,Divorced,2023-06-22 20:36:20.207371,2026-05-18 20:36:20.207371,Q2,107,<1 year
2594,27,Male,IT,Manager,2.7,2.3,4967.78,3.5,2.0,3.1,3.5,2.7,0,2,20.1,53,0,0,Remote,High School,Married,2017-03-27 20:36:20.207371,2026-02-23 20:36:20.207371,Q1,191,1-3 years
2595,39,Female,Engineering,Intern,1.9,1.9,5824.82,3.5,3.0,2.9,2.8,4.1,1,4,1.8,63,0,0,Onsite,Master,Single,2023-11-25 20:36:20.207371,2026-01-05 20:36:20.207371,Q4,240,1-3 years
2596,32,Male,Engineering,Lead,6.4,1.2,5622.96,3.7,2.0,3.5,3.3,4.3,1,3,15.2,88,0,1,Remote,Master,Married,2025-11-26 20:36:20.207371,2023-11-19 20:36:20.207371,Q4,1018,5-10 years
2597,51,Male,Sales,Lead,6.7,0.5,6938.68,3.6,3.0,3.8,2.6,2.9,1,5,2.0,30,0,0,Onsite,Master,,2019-10-04 20:36:20.207371,2025-02-02 20:36:20.207371,Q4,577,5-10 years
2598,46,Male,IT,Junior,3.9,3.4,,3.5,4.0,4.4,3.6,4.0,1,3,8.5,68,1,0,Onsite,Master,Married,2024-10-20 20:36:20.207371,2025-01-04 20:36:20.207371,Q4,606,3-5 years
2599,28,Female,IT,Intern,15.7,4.8,7806.77,3.4,2.0,4.2,2.7,3.6,1,2,3.1,45,0,0,Onsite,PhD,Married,2017-02-15 20:36:20.207371,2026-04-10 20:36:20.207371,Q1,145,>10 years
2600,22,Female,Operations,Senior,3.4,1.2,4175.44,3.6,3.0,3.1,3.3,3.4,0,1,29.9,58,1,0,Remote,PhD,Married,2025-12-31 20:36:20.207371,2023-07-09 20:36:20.207371,Q4,1151,3-5 years
2601,29,Female,Engineering,Junior,2.1,2.1,5076.72,3.9,1.0,3.0,3.9,2.6,0,2,22.4,49,0,0,Hybrid,Bachelor,Single,2020-10-03 20:36:20.207371,2026-08-27 20:36:20.207371,Q4,6,1-3 years
2602,45,Male,HR,Senior,6.6,0.9,6386.42,3.8,3.0,1.9,3.4,3.4,1,3,19.9,75,0,0,Hybrid,Master,Married,2016-09-16 20:36:20.207371,2025-03-08 20:36:20.207371,Q3,543,5-10 years
2603,29,Female,Operations,Intern,1.8,1.7,4800.1,3.8,2.0,3.7,3.2,3.9,1,2,28.6,17,0,0,Onsite,Bachelor,Single,2024-08-21 20:36:20.207371,2024-02-24 20:36:20.207371,Q3,921,1-3 years
2604,40,Male,Marketing,Lead,1.5,1.5,5087.7,2.9,4.0,4.3,3.7,4.1,0,3,38.0,46,0,1,Hybrid,Bachelor,Married,2024-12-08 20:36:20.207371,2026-01-17 20:36:20.207371,Q4,228,1-3 years
2605,29,Female,Marketing,Junior,3.2,0.7,5029.53,3.3,1.0,3.5,3.3,3.4,1,2,1.5,56,0,0,Hybrid,Bachelor,Married,2018-12-25 20:36:20.207371,2026-02-06 20:36:20.207371,Q4,208,3-5 years
2606,38,Male,HR,Manager,5.5,1.7,5501.43,,4.0,3.5,3.2,3.1,0,1,6.3,67,0,0,Remote,Master,Single,2025-08-13 20:36:20.207371,2024-11-19 20:36:20.207371,Q3,652,5-10 years
2607,40,Female,Finance,Senior,0.5,0.5,5235.65,3.6,3.0,4.9,2.6,4.1,0,3,5.3,70,0,0,Remote,High School,Single,2026-03-28 20:36:20.207371,2026-08-05 20:36:20.207371,Q1,28,<1 year
2608,44,Male,Engineering,Junior,4.1,4.1,6465.06,4.7,3.0,2.7,3.7,3.7,1,2,48.0,61,0,1,Onsite,Bachelor,,2025-10-04 20:36:20.207371,2025-09-24 20:36:20.207371,Q4,343,3-5 years
2609,49,Male,Engineering,Manager,0.5,0.5,6530.6,4.2,2.0,2.5,2.7,4.4,0,0,34.6,50,0,0,Onsite,Bachelor,Married,2017-09-28 20:36:20.207371,2025-01-24 20:36:20.207371,Q3,586,<1 year
2610,48,Female,Engineering,Manager,18.7,1.5,8487.7,3.0,2.0,4.0,4.4,2.7,0,0,1.9,42,0,1,Hybrid,Bachelor,,2020-07-02 20:36:20.207371,2025-06-03 20:36:20.207371,Q3,456,>10 years
2611,29,Female,HR,Senior,1.0,1.0,4883.61,3.5,4.0,1.8,2.9,3.7,0,2,1.3,72,0,1,Onsite,PhD,,2016-10-01 20:36:20.207371,2026-07-29 20:36:20.207371,Q4,35,<1 year
2612,33,Female,Sales,Lead,11.6,4.8,6525.02,4.5,2.0,2.2,4.2,4.1,0,5,26.9,75,1,0,Onsite,High School,Married,2017-02-08 20:36:20.207371,2021-04-23 20:36:20.207371,Q1,1958,>10 years
2613,23,Male,IT,Junior,1.8,1.8,4100.39,2.7,4.0,3.7,3.1,4.4,0,0,8.5,33,0,0,Onsite,Bachelor,Married,2016-10-21 20:36:20.207371,2024-07-15 20:36:20.207371,Q4,779,1-3 years
2614,32,Male,IT,Intern,0.7,0.1,4139.67,3.8,3.0,3.6,3.5,4.2,0,1,8.1,32,0,0,Onsite,Bachelor,Married,2018-03-02 20:36:20.207371,2026-07-30 20:36:20.207371,Q1,34,<1 year
2615,35,Male,Operations,Lead,4.5,4.5,5919.23,3.0,1.0,3.7,3.4,3.6,1,3,13.4,83,0,0,Remote,Master,Divorced,2019-11-26 20:36:20.207371,2026-05-28 20:36:20.207371,Q4,97,3-5 years
2616,30,Male,Engineering,Junior,9.0,1.0,6213.97,3.8,3.0,2.8,2.2,3.1,0,1,19.2,24,0,0,Remote,PhD,Single,2022-12-23 20:36:20.207371,2025-04-29 20:36:20.207371,Q4,491,5-10 years
2617,29,Male,Finance,Junior,1.2,1.2,4610.41,3.4,3.0,4.0,2.3,3.6,0,4,17.4,47,0,0,Hybrid,High School,Married,2024-06-20 20:36:20.207371,2026-04-04 20:36:20.207371,Q2,151,1-3 years
2618,45,Female,Finance,Junior,9.4,1.0,7227.78,4.2,2.0,3.1,3.7,3.8,0,2,3.0,164,0,0,Hybrid,Master,Single,2024-03-21 20:36:20.207371,2026-03-26 20:36:20.207371,Q1,160,5-10 years
2619,44,Male,Engineering,Lead,6.0,0.3,6077.54,4.3,2.0,3.9,4.4,2.5,0,1,16.1,57,0,0,Hybrid,Master,Married,2023-05-21 20:36:20.207371,2026-04-26 20:36:20.207371,Q2,129,5-10 years
2620,38,Female,Operations,Junior,10.2,0.8,7282.89,3.7,2.0,4.0,3.0,3.7,1,5,1.0,94,0,0,Remote,,Married,2018-04-01 20:36:20.207371,2025-11-14 20:36:20.207371,Q2,292,>10 years
2621,22,Male,HR,Junior,4.6,4.3,5268.75,3.6,4.0,4.7,3.8,3.6,1,1,26.6,82,0,0,Onsite,Master,Married,2023-01-28 20:36:20.207371,2024-06-10 20:36:20.207371,Q1,814,3-5 years
2622,37,Female,Sales,Lead,1.2,0.7,4708.48,3.0,3.0,3.2,3.7,4.5,1,1,48.7,52,0,1,Onsite,PhD,Divorced,2020-01-05 20:36:20.207371,2026-06-23 20:36:20.207371,Q1,71,1-3 years
2623,31,Female,Engineering,Senior,6.1,3.7,6015.28,3.0,2.0,3.1,3.6,4.6,1,0,48.4,60,0,0,Hybrid,Master,,2018-10-30 20:36:20.207371,2026-05-22 20:36:20.207371,Q4,103,5-10 years
2624,48,Female,Operations,Manager,1.6,0.1,6330.25,3.6,3.0,2.8,4.5,4.7,0,2,5.7,63,0,0,Onsite,PhD,Married,2023-06-10 20:36:20.207371,2025-12-11 20:36:20.207371,Q2,265,1-3 years
2625,22,Female,Operations,Lead,0.5,0.4,4359.76,3.4,4.0,,3.3,3.8,0,0,6.3,59,0,0,Onsite,Master,Divorced,2020-05-27 20:36:20.207371,2023-12-12 20:36:20.207371,Q2,995,<1 year
2626,29,Female,Finance,Executive,3.4,0.3,5262.44,3.3,2.0,3.6,3.0,3.9,0,2,37.1,73,1,0,Onsite,High School,Single,2019-01-03 20:36:20.207371,2025-01-30 20:36:20.207371,Q1,580,3-5 years
2627,29,Female,Finance,Junior,0.9,0.9,4125.14,3.1,3.0,3.3,4.8,2.5,0,1,8.8,40,0,0,Hybrid,Master,Married,2022-03-26 20:36:20.207371,2023-01-29 20:36:20.207371,Q1,1312,<1 year
2628,30,Female,Operations,Lead,5.7,0.1,6231.88,,2.0,4.2,3.5,3.2,0,4,59.1,67,0,0,Hybrid,Bachelor,Divorced,2017-04-03 20:36:20.207371,2026-06-11 20:36:20.207371,Q2,83,5-10 years
2629,44,Non-Binary,Engineering,Manager,1.4,1.4,5451.52,3.9,3.0,4.1,3.0,3.8,1,3,20.5,67,0,0,Onsite,Bachelor,Single,2019-02-19 20:36:20.207371,2025-02-07 20:36:20.207371,Q1,572,1-3 years
2630,22,Male,Sales,Senior,4.1,1.0,4487.35,3.6,1.0,3.5,3.6,3.6,0,1,15.5,47,0,0,Onsite,Master,Single,2018-08-05 20:36:20.207371,2026-02-12 20:36:20.207371,Q3,202,3-5 years
2631,32,Non-Binary,Engineering,Lead,1.2,0.9,4769.69,3.2,1.0,4.4,3.3,3.8,0,4,3.5,67,0,0,Hybrid,Bachelor,Single,2022-05-18 20:36:20.207371,2026-07-19 20:36:20.207371,Q2,45,1-3 years
2632,43,Female,Engineering,Junior,12.5,4.0,7759.55,3.7,3.0,3.1,3.6,2.9,0,2,1.4,48,0,0,Onsite,Master,Married,2023-07-26 20:36:20.207371,2026-01-21 20:36:20.207371,Q3,224,>10 years
2633,44,Male,Finance,Manager,11.8,2.2,8053.34,2.8,3.0,4.6,3.6,3.9,1,0,8.7,42,0,0,Onsite,High School,,2016-11-26 20:36:20.207371,2023-07-27 20:36:20.207371,Q4,1133,>10 years
2634,29,Male,Engineering,Senior,6.5,6.5,6108.11,3.6,2.0,5.0,4.4,4.4,0,1,4.6,22,1,0,Remote,High School,Married,2020-07-24 20:36:20.207371,2024-05-06 20:36:20.207371,Q3,849,5-10 years
2635,28,Female,Marketing,Junior,1.7,1.7,4233.16,4.0,4.0,3.5,3.1,1.9,0,2,40.6,60,0,0,Onsite,High School,Married,2021-08-07 20:36:20.207371,2025-06-30 20:36:20.207371,Q3,429,1-3 years
2636,38,Non-Binary,Engineering,Junior,1.7,1.6,5505.83,4.4,3.0,4.1,3.5,4.2,1,4,14.7,38,0,0,Remote,Bachelor,Single,2018-07-15 20:36:20.207371,2024-06-13 20:36:20.207371,Q3,811,1-3 years
2637,36,Female,Operations,Senior,1.6,0.4,6156.31,3.7,3.0,4.0,3.7,2.8,1,1,10.5,86,0,0,Onsite,High School,Married,2018-12-27 20:36:20.207371,2026-01-18 20:36:20.207371,Q4,227,1-3 years
2638,35,Female,Finance,Executive,2.0,2.0,5638.53,,3.0,3.9,3.8,3.7,0,1,2.1,62,0,0,Onsite,Master,Married,2023-07-24 20:36:20.207371,2021-03-12 20:36:20.207371,Q3,2000,1-3 years
2639,22,Male,Engineering,Lead,0.5,0.5,4109.61,2.0,3.0,2.3,4.4,3.1,0,0,19.8,95,1,0,Remote,Master,Single,2025-02-13 20:36:20.207371,2025-04-25 20:36:20.207371,Q1,495,<1 year
2640,23,Female,Engineering,Intern,4.3,3.6,5155.95,3.1,2.0,4.0,4.0,3.4,1,4,51.0,72,0,1,Hybrid,Bachelor,Single,2026-06-24 20:36:20.207371,2025-05-24 20:36:20.207371,Q2,466,3-5 years
2641,26,Female,Marketing,Junior,4.3,1.7,5126.22,4.2,3.0,2.1,4.0,3.6,1,1,1.0,68,0,1,Onsite,Master,Single,2018-07-31 20:36:20.207371,2025-03-17 20:36:20.207371,Q3,534,3-5 years
2642,41,Female,Marketing,Lead,0.5,0.5,,3.4,3.0,4.1,3.9,4.8,0,2,29.2,60,0,1,Remote,Bachelor,,2022-07-27 20:36:20.207371,2026-07-18 20:36:20.207371,Q3,46,<1 year
2643,22,Male,HR,Manager,4.1,0.1,5149.55,2.9,4.0,2.1,3.6,4.3,1,2,51.7,89,0,0,Hybrid,Bachelor,Married,2018-11-25 20:36:20.207371,2026-07-25 20:36:20.207371,Q4,39,3-5 years
2644,24,Male,Sales,Executive,1.1,1.1,4723.8,3.6,3.0,3.1,3.1,4.3,0,0,25.8,78,0,0,Onsite,Master,Single,2019-05-16 20:36:20.207371,2025-06-01 20:36:20.207371,Q2,458,1-3 years
2645,33,Male,Operations,Lead,4.3,1.5,5649.04,3.4,4.0,3.5,3.2,3.2,0,3,66.7,82,0,0,Remote,High School,Divorced,2020-08-30 20:36:20.207371,2024-10-22 20:36:20.207371,Q3,680,3-5 years
2646,22,Female,Engineering,Executive,3.9,3.9,5389.87,4.2,2.0,2.8,4.1,3.5,0,1,8.5,55,0,0,Onsite,Bachelor,Single,2019-03-17 20:36:20.207371,2026-05-20 20:36:20.207371,Q1,105,3-5 years
2647,41,Female,IT,Manager,1.5,1.5,4851.53,2.4,3.0,4.6,2.5,3.7,0,1,7.9,49,0,1,Hybrid,Master,Married,2017-04-11 20:36:20.207371,2025-12-14 20:36:20.207371,Q2,262,1-3 years
2648,31,Female,Marketing,Manager,1.5,0.6,,4.7,1.0,3.1,3.5,3.6,0,2,23.6,83,0,0,Onsite,PhD,Married,2024-11-16 20:36:20.207371,2025-05-27 20:36:20.207371,Q4,463,1-3 years
2649,53,Male,Finance,Lead,4.9,4.9,6338.07,2.2,3.0,2.3,3.5,2.7,1,3,7.9,63,0,0,Remote,Bachelor,Single,2021-11-09 20:36:20.207371,2026-03-05 20:36:20.207371,Q4,181,3-5 years
2650,28,Male,Engineering,Executive,2.6,0.3,4186.08,4.6,4.0,2.0,1.9,3.5,0,2,1.0,78,0,0,Remote,Master,Married,2024-12-02 20:36:20.207371,2025-12-25 20:36:20.207371,Q4,251,1-3 years
2651,29,Male,IT,Intern,11.1,4.7,6613.4,3.6,3.0,3.1,2.6,2.2,0,0,7.3,89,0,0,Hybrid,Bachelor,Married,2025-06-05 20:36:20.207371,2024-01-25 20:36:20.207371,Q2,951,>10 years
2652,43,Male,Finance,Executive,17.4,10.7,8170.55,3.1,2.0,3.3,3.5,4.1,0,1,5.2,68,0,0,Onsite,Master,Married,2019-01-22 20:36:20.207371,2025-04-07 20:36:20.207371,Q1,513,>10 years
2653,28,Female,Finance,Junior,19.9,6.4,8147.8,3.2,2.0,4.3,2.8,3.7,1,2,29.2,33,0,1,Onsite,Master,Single,2022-12-06 20:36:20.207371,2024-10-24 20:36:20.207371,Q4,678,>10 years
2654,50,Female,Sales,Senior,0.8,0.8,6230.89,4.5,4.0,3.1,3.5,3.5,1,2,2.2,78,0,1,Onsite,Master,Married,2025-09-05 20:36:20.207371,2021-05-27 20:36:20.207371,Q3,1924,<1 year
2655,39,Male,Engineering,Executive,9.6,6.5,6731.59,3.9,3.0,2.9,3.6,3.1,0,1,80.0,73,0,0,Hybrid,Master,Single,2022-02-01 20:36:20.207371,2026-06-09 20:36:20.207371,Q1,85,5-10 years
2656,31,Female,Finance,Manager,0.7,0.7,4740.12,3.1,2.0,3.3,2.6,3.1,1,3,28.8,65,0,0,Onsite,Bachelor,Married,2023-05-30 20:36:20.207371,2026-05-29 20:36:20.207371,Q2,96,<1 year
2657,33,Male,Engineering,Junior,0.5,0.2,,4.5,3.0,2.5,2.2,3.6,1,3,1.0,51,1,0,Onsite,High School,Married,2026-07-03 20:36:20.207371,2026-07-16 20:36:20.207371,Q3,48,<1 year
2658,63,Female,Operations,Junior,0.5,0.5,6935.74,3.9,4.0,4.3,2.9,2.5,0,2,4.3,57,0,0,Hybrid,Bachelor,Divorced,2022-05-21 20:36:20.207371,2022-04-25 20:36:20.207371,Q2,1591,<1 year
2659,39,Female,Operations,Manager,10.4,0.5,7946.12,3.4,3.0,4.3,3.4,3.3,0,4,14.4,64,0,0,Hybrid,Master,Married,2023-05-18 20:36:20.207371,2023-03-26 20:36:20.207371,Q2,1256,>10 years
2660,36,Male,Sales,Executive,0.5,0.5,5384.85,3.2,1.0,2.5,2.9,4.1,0,3,31.6,50,1,1,Remote,Master,Married,2023-03-04 20:36:20.207371,2022-07-22 20:36:20.207371,Q1,1503,<1 year
2661,33,Non-Binary,Sales,Executive,4.3,4.3,6623.87,4.8,3.0,4.4,4.6,3.3,0,3,1.2,68,1,0,Remote,,Married,2024-01-23 20:36:20.207371,2026-04-06 20:36:20.207371,Q1,149,3-5 years
2662,45,Non-Binary,Sales,Executive,4.4,0.4,6426.86,5.0,3.0,3.6,3.2,4.4,1,1,18.8,97,0,1,Hybrid,PhD,Married,2025-02-22 20:36:20.207371,2025-08-15 20:36:20.207371,Q1,383,3-5 years
2663,22,Female,Sales,Lead,6.0,3.2,6091.54,3.8,3.0,4.1,3.4,4.7,1,1,8.5,68,0,0,Hybrid,Master,Married,2016-12-22 20:36:20.207371,2023-06-25 20:36:20.207371,Q4,1165,5-10 years
2664,33,Non-Binary,Engineering,Junior,2.8,2.6,6030.67,3.1,1.0,1.8,3.8,2.2,0,1,1.0,47,0,0,Hybrid,PhD,Married,2017-09-30 20:36:20.207371,2026-07-23 20:36:20.207371,Q3,41,1-3 years
2665,22,Male,Finance,Junior,1.6,1.6,4442.51,3.0,4.0,2.6,3.8,3.6,0,1,1.6,76,0,0,Onsite,Bachelor,Married,2023-10-15 20:36:20.207371,2025-10-19 20:36:20.207371,Q4,318,1-3 years
2666,29,Male,Engineering,Lead,3.2,3.2,5233.97,4.9,2.0,4.0,2.7,4.0,1,2,10.5,60,1,1,Remote,Master,Divorced,2020-01-25 20:36:20.207371,2024-07-05 20:36:20.207371,Q1,789,3-5 years
2667,43,Female,Sales,Junior,4.1,4.1,5516.93,2.6,4.0,2.8,3.2,3.0,0,2,3.9,51,0,1,Hybrid,Master,Married,2018-11-16 20:36:20.207371,2026-04-20 20:36:20.207371,Q4,135,3-5 years
2668,48,Female,HR,Junior,1.8,1.8,,3.6,2.0,3.3,2.5,3.5,0,0,2.1,33,0,0,Remote,Bachelor,Married,2024-01-04 20:36:20.207371,2025-07-21 20:36:20.207371,Q1,408,1-3 years
2669,41,Male,IT,Lead,1.2,1.2,4155.9,3.4,4.0,3.2,3.3,3.9,0,0,12.1,88,0,0,Onsite,Bachelor,Single,2025-08-14 20:36:20.207371,2024-11-02 20:36:20.207371,Q3,669,1-3 years
2670,41,Female,Sales,Manager,21.6,0.6,10480.06,4.1,3.0,4.6,2.7,4.2,0,3,80.0,72,0,0,Remote,Bachelor,Single,2017-11-21 20:36:20.207371,2023-10-02 20:36:20.207371,Q4,1066,>10 years
2671,22,Male,Engineering,Executive,4.9,0.1,5725.81,4.3,3.0,1.2,3.3,4.0,1,2,3.8,82,0,0,Onsite,Master,Married,2024-11-01 20:36:20.207371,2022-05-07 20:36:20.207371,Q4,1579,3-5 years
2672,28,Male,Marketing,Senior,1.7,1.4,4971.49,3.0,3.0,3.6,3.9,3.2,0,1,5.1,24,0,0,Hybrid,Bachelor,Married,2020-08-02 20:36:20.207371,2026-06-07 20:36:20.207371,Q3,87,1-3 years
2673,49,Female,Sales,Manager,5.2,3.4,7449.0,3.5,3.0,2.9,4.8,4.2,1,0,3.8,75,0,1,Remote,Bachelor,Divorced,2018-07-08 20:36:20.207371,2026-02-10 20:36:20.207371,Q3,204,5-10 years
2674,29,Female,Sales,Manager,4.4,0.1,6063.46,4.3,2.0,2.8,3.2,4.2,1,0,3.7,68,0,1,Hybrid,PhD,,2023-08-14 20:36:20.207371,2026-08-29 20:36:20.207371,Q3,4,3-5 years
2675,33,Female,HR,Lead,0.8,0.7,4269.35,3.1,4.0,2.8,3.8,3.4,0,3,13.0,40,0,0,Onsite,High School,Single,2021-06-23 20:36:20.207371,2025-09-24 20:36:20.207371,Q2,343,<1 year
2676,26,Male,HR,Intern,2.0,2.0,4531.42,3.5,4.0,2.8,5.0,3.4,0,1,62.6,76,0,1,Remote,Bachelor,Married,2024-08-08 20:36:20.207371,2026-08-17 20:36:20.207371,Q3,16,1-3 years
2677,25,Female,Engineering,Lead,0.5,0.5,4773.36,3.9,4.0,4.6,3.9,3.4,0,0,56.2,67,0,0,Hybrid,Bachelor,Married,2016-10-10 20:36:20.207371,2025-12-08 20:36:20.207371,Q4,268,<1 year
2678,30,Female,Finance,Junior,7.3,3.2,6743.32,4.4,3.0,2.7,1.8,4.1,1,2,1.0,40,0,0,Hybrid,Bachelor,Married,2025-10-22 20:36:20.207371,2022-08-18 20:36:20.207371,Q4,1476,5-10 years
2679,28,Male,Engineering,Junior,2.9,1.0,5101.95,2.8,2.0,4.4,3.5,2.9,0,3,9.8,45,0,0,Hybrid,PhD,Single,2017-03-07 20:36:20.207371,2026-05-08 20:36:20.207371,Q1,117,1-3 years
2680,44,Male,Engineering,Manager,0.5,0.5,5356.05,3.8,4.0,3.8,3.6,2.8,0,2,2.9,72,0,0,Hybrid,Master,Married,2017-09-13 20:36:20.207371,2026-04-10 20:36:20.207371,Q3,145,<1 year
2681,37,Female,Sales,Executive,2.5,2.5,4804.78,3.5,3.0,3.6,3.3,2.9,1,2,1.0,67,0,0,Remote,Bachelor,Single,2026-01-29 20:36:20.207371,2024-11-28 20:36:20.207371,Q1,643,1-3 years
2682,45,Male,Sales,Senior,0.5,0.4,4639.74,2.8,4.0,1.6,3.3,2.4,0,0,1.2,39,0,1,Hybrid,Bachelor,Married,2020-03-09 20:36:20.207371,2024-08-21 20:36:20.207371,Q1,742,<1 year
2683,22,Female,Engineering,Junior,2.9,1.1,4416.8,3.6,,3.6,4.5,4.0,1,3,6.2,48,0,0,Onsite,PhD,Married,2021-09-05 20:36:20.207371,2025-03-19 20:36:20.207371,Q3,532,1-3 years
2684,47,Female,Engineering,Senior,9.6,5.1,7295.63,3.9,2.0,2.5,3.8,3.8,0,2,18.1,69,0,1,Hybrid,Bachelor,Divorced,2017-10-04 20:36:20.207371,2026-08-12 20:36:20.207371,Q4,21,5-10 years
2685,35,Female,Marketing,Senior,3.6,1.9,5489.13,3.3,2.0,3.0,3.6,3.6,0,4,1.7,33,0,0,Onsite,Bachelor,Divorced,2026-07-15 20:36:20.207371,2026-03-20 20:36:20.207371,Q3,166,3-5 years
2686,53,Male,Operations,Junior,0.5,0.5,5001.78,,4.0,4.8,3.4,4.2,1,2,1.0,80,0,0,Onsite,Bachelor,Married,2017-09-26 20:36:20.207371,2025-04-16 20:36:20.207371,Q3,504,<1 year
2687,34,Male,HR,Junior,3.4,1.8,5748.32,3.3,,4.3,4.1,2.8,0,0,24.5,69,0,1,Onsite,Bachelor,Single,2020-06-12 20:36:20.207371,2026-08-25 20:36:20.207371,Q2,8,3-5 years
2688,22,Male,Finance,Executive,0.8,0.8,5225.75,2.7,2.0,3.3,3.8,3.9,0,4,1.8,37,0,0,Remote,PhD,Single,2022-10-10 20:36:20.207371,2026-07-16 20:36:20.207371,Q4,48,<1 year
2689,47,Male,Engineering,Junior,2.3,0.1,6591.27,3.8,2.0,2.8,2.4,2.5,0,1,25.7,43,0,1,Hybrid,Bachelor,Divorced,2020-02-04 20:36:20.207371,2026-05-27 20:36:20.207371,Q1,98,1-3 years
2690,33,Male,HR,Lead,7.0,0.6,6701.2,3.6,3.0,3.8,3.2,3.4,0,3,1.5,41,1,1,Hybrid,Master,Single,2020-07-19 20:36:20.207371,2023-06-06 20:36:20.207371,Q3,1184,5-10 years
2691,22,Female,Marketing,Lead,9.2,3.9,5912.13,2.7,,4.1,3.9,4.1,0,6,27.2,69,0,0,Remote,Bachelor,Single,2022-06-12 20:36:20.207371,2026-08-04 20:36:20.207371,Q2,29,5-10 years
2692,36,Female,Engineering,Junior,0.5,0.5,5250.75,3.7,3.0,2.4,4.3,4.2,1,2,11.8,52,0,1,Remote,Master,Divorced,2023-11-05 20:36:20.207371,2022-04-22 20:36:20.207371,Q4,1594,<1 year
2693,37,Female,HR,Senior,2.7,2.7,6164.74,4.1,4.0,5.0,2.1,4.0,0,3,1.0,71,0,0,Onsite,Master,Single,2025-12-18 20:36:20.207371,2026-04-16 20:36:20.207371,Q4,139,1-3 years
2694,45,Female,Engineering,Lead,0.5,0.5,4570.26,3.9,4.0,2.3,4.0,3.9,1,1,11.3,31,0,1,Hybrid,Master,Single,2024-06-11 20:36:20.207371,2024-08-19 20:36:20.207371,Q2,744,<1 year
2695,22,Female,Marketing,Junior,3.4,3.4,5519.47,4.6,4.0,4.1,3.5,4.5,0,2,26.5,67,0,0,Remote,High School,Single,2021-09-25 20:36:20.207371,2026-03-23 20:36:20.207371,Q3,163,3-5 years
2696,46,Male,Engineering,Executive,5.4,3.1,6603.05,4.5,4.0,4.7,3.8,4.3,0,0,18.3,68,0,0,Hybrid,PhD,Married,2020-07-26 20:36:20.207371,2026-05-02 20:36:20.207371,Q3,123,5-10 years
2697,30,Female,Finance,Manager,5.0,0.2,5438.52,2.9,2.0,3.2,4.1,3.7,0,5,5.3,59,0,0,Hybrid,Master,Married,2016-10-28 20:36:20.207371,2026-08-31 20:36:20.207371,Q4,2,3-5 years
2698,54,Female,Operations,Manager,1.2,1.2,5571.64,4.5,2.0,3.2,2.9,3.4,0,4,14.4,69,1,0,Hybrid,Master,Married,2018-08-19 20:36:20.207371,2026-01-09 20:36:20.207371,Q3,236,1-3 years
2699,22,Male,Operations,Lead,6.9,0.1,5124.55,3.3,1.0,2.9,3.9,4.1,0,1,23.3,64,0,0,Hybrid,Master,Married,2026-08-01 20:36:20.207371,2026-02-26 20:36:20.207371,Q3,188,5-10 years
2700,40,Male,Marketing,Manager,4.6,2.9,6341.72,4.1,3.0,2.9,4.0,3.1,1,2,19.9,58,0,1,Hybrid,Bachelor,Divorced,2017-10-24 20:36:20.207371,2021-03-12 20:36:20.207371,Q4,2000,3-5 years
2701,39,Male,Sales,Senior,1.0,1.0,5182.05,3.5,2.0,3.5,2.3,3.0,0,3,7.2,67,1,0,Onsite,Bachelor,Divorced,2018-10-25 20:36:20.207371,2026-05-12 20:36:20.207371,Q4,113,<1 year
2702,30,Male,Finance,Senior,4.4,0.1,5101.89,3.7,4.0,2.1,3.5,4.5,0,2,7.6,94,0,1,Hybrid,Bachelor,Married,2022-02-17 20:36:20.207371,2026-08-19 20:36:20.207371,Q1,14,3-5 years
2703,27,Male,IT,Junior,25.0,3.3,9831.72,4.5,4.0,3.5,3.1,3.3,0,4,1.0,77,0,1,Hybrid,High School,Single,2025-11-02 20:36:20.207371,2025-12-16 20:36:20.207371,Q4,260,>10 years
2704,31,Female,IT,Senior,4.8,2.8,5407.36,3.6,4.0,3.4,2.8,4.4,0,1,8.6,45,1,0,Onsite,Bachelor,Married,2025-07-03 20:36:20.207371,2026-07-13 20:36:20.207371,Q3,51,3-5 years
2705,31,Female,Operations,Lead,2.7,2.5,4540.64,3.3,2.0,3.1,4.9,3.4,1,1,1.0,68,1,0,Onsite,Bachelor,Single,2019-02-10 20:36:20.207371,2025-04-12 20:36:20.207371,Q1,508,1-3 years
2706,22,Male,Marketing,Executive,1.1,1.1,5661.37,4.0,2.0,2.9,3.5,3.5,0,0,5.3,54,0,0,Hybrid,Master,Single,2022-06-30 20:36:20.207371,2024-11-03 20:36:20.207371,Q2,668,1-3 years
2707,44,Female,Marketing,Junior,2.1,2.1,5366.39,3.2,2.0,2.9,3.8,4.1,0,5,1.4,50,0,0,Hybrid,Bachelor,,2026-04-08 20:36:20.207371,2025-12-14 20:36:20.207371,Q2,262,1-3 years
2708,24,Female,HR,Senior,6.6,4.5,6198.71,3.2,3.0,4.4,3.1,3.5,0,2,1.0,35,0,0,Hybrid,Master,Married,2019-02-02 20:36:20.207371,2025-01-20 20:36:20.207371,Q1,590,5-10 years
2709,45,Female,Marketing,Intern,0.7,0.7,5180.43,5.0,3.0,,4.0,3.2,0,2,1.0,75,0,0,Hybrid,High School,Single,2021-01-03 20:36:20.207371,2026-04-08 20:36:20.207371,Q1,147,<1 year
2710,22,Male,Finance,Lead,6.9,6.9,5794.08,3.7,3.0,3.5,3.4,4.1,0,1,3.1,37,0,1,Onsite,Master,Married,2025-07-17 20:36:20.207371,2025-01-23 20:36:20.207371,Q3,587,5-10 years
2711,33,Female,Operations,Senior,7.3,0.7,6456.84,3.6,4.0,3.4,3.5,2.3,0,2,27.0,53,0,0,Hybrid,Bachelor,Single,2018-03-18 20:36:20.207371,2021-03-12 20:36:20.207371,Q1,2000,5-10 years
2712,33,Female,Engineering,Senior,4.3,4.2,6072.21,2.7,2.0,3.5,2.9,3.7,0,2,57.9,56,0,0,Onsite,Bachelor,Divorced,2024-07-04 20:36:20.207371,2026-01-03 20:36:20.207371,Q3,242,3-5 years
2713,34,Male,IT,Junior,0.5,0.1,4654.26,3.0,3.0,3.1,3.8,3.1,1,0,14.2,42,0,1,Onsite,Bachelor,Single,2024-12-24 20:36:20.207371,2026-04-18 20:36:20.207371,Q4,137,<1 year
2714,44,Male,Engineering,Manager,5.4,5.3,6405.65,3.3,2.0,4.4,4.3,4.3,0,1,24.3,63,0,0,Onsite,Master,Married,2020-06-27 20:36:20.207371,2023-08-01 20:36:20.207371,Q2,1128,5-10 years
2715,32,Female,Engineering,Senior,5.1,1.4,5766.37,4.8,3.0,3.8,3.5,4.3,1,3,12.2,21,0,1,Onsite,Bachelor,Divorced,2024-01-29 20:36:20.207371,2026-02-18 20:36:20.207371,Q1,196,5-10 years
2716,30,Female,Finance,Senior,3.7,1.0,5936.37,3.8,2.0,4.0,3.9,2.3,1,1,47.7,49,1,0,Onsite,Bachelor,Single,2019-03-08 20:36:20.207371,2025-05-02 20:36:20.207371,Q1,488,3-5 years
2717,33,Female,Operations,Senior,8.3,2.3,5485.72,2.7,3.0,3.5,3.0,3.9,1,0,30.7,58,0,0,Remote,PhD,Married,2017-08-09 20:36:20.207371,2025-12-04 20:36:20.207371,Q3,272,5-10 years
2718,44,Male,Finance,Manager,0.8,0.8,5567.83,4.5,3.0,3.5,4.0,4.2,1,1,12.1,31,1,1,Remote,,Married,2025-01-08 20:36:20.207371,2025-08-06 20:36:20.207371,Q1,392,<1 year
2719,22,Female,HR,Junior,6.4,5.5,5758.57,4.3,3.0,3.8,2.6,3.8,0,1,18.3,73,1,0,Hybrid,PhD,Single,2026-07-15 20:36:20.207371,2025-08-30 20:36:20.207371,Q3,368,5-10 years
2720,24,Female,Operations,Junior,6.3,0.9,6188.53,3.6,3.0,2.0,2.4,3.3,0,2,52.0,45,0,1,Remote,Bachelor,Married,2019-09-14 20:36:20.207371,2022-12-15 20:36:20.207371,Q3,1357,5-10 years
2721,22,Female,IT,Senior,5.8,0.7,4325.73,2.2,3.0,3.5,3.7,4.3,0,2,16.0,50,0,0,Hybrid,Master,Married,2024-09-12 20:36:20.207371,2022-12-01 20:36:20.207371,Q3,1371,5-10 years
2722,55,Male,IT,Senior,10.3,0.1,24392.23403348769,4.1,3.0,4.3,2.8,3.8,0,1,3.7,70,0,0,Hybrid,Master,Single,2019-05-23 20:36:20.207371,2025-10-07 20:36:20.207371,Q2,330,>10 years
2723,23,Male,Engineering,Manager,4.9,0.2,5295.17,2.4,2.0,4.7,3.7,4.6,1,5,3.0,86,1,1,Hybrid,Master,Single,2023-09-25 20:36:20.207371,2025-08-28 20:36:20.207371,Q3,370,3-5 years
2724,22,Female,Engineering,Senior,5.4,5.4,4911.5,2.9,2.0,,4.0,3.4,0,6,2.1,47,0,0,Onsite,Bachelor,Divorced,2019-03-31 20:36:20.207371,2024-10-20 20:36:20.207371,Q1,682,5-10 years
2725,26,Female,Operations,Senior,8.5,1.2,7048.06,3.7,2.0,3.2,3.5,4.1,0,2,12.2,85,0,0,Hybrid,Bachelor,Divorced,2017-03-17 20:36:20.207371,2025-05-14 20:36:20.207371,Q1,476,5-10 years
2726,28,Male,Finance,Junior,1.0,1.0,4652.26,3.6,4.0,3.1,3.6,4.4,0,1,32.8,51,1,0,Hybrid,Bachelor,Divorced,2020-09-20 20:36:20.207371,2025-10-18 20:36:20.207371,Q3,319,<1 year
2727,49,Male,Finance,Senior,0.8,0.8,5005.79,3.8,2.0,3.7,3.0,3.0,0,1,5.5,67,0,0,Hybrid,High School,Divorced,2022-06-23 20:36:20.207371,2024-07-05 20:36:20.207371,Q2,789,<1 year
2728,30,Male,Operations,Junior,8.4,8.4,6682.21,2.7,4.0,4.1,2.9,3.1,0,1,8.8,41,0,0,Remote,Master,Married,2026-03-06 20:36:20.207371,2026-08-23 20:36:20.207371,Q1,10,5-10 years
2729,37,Female,Finance,Lead,4.1,0.4,6195.52,2.8,3.0,4.3,4.5,3.7,0,2,12.3,10,0,0,Onsite,Bachelor,Married,2017-08-31 20:36:20.207371,2026-03-12 20:36:20.207371,Q3,174,3-5 years
2730,22,Non-Binary,Engineering,Junior,2.2,1.3,4076.46,3.8,4.0,3.3,3.7,3.2,1,1,49.4,63,0,1,Hybrid,High School,Single,2018-11-23 20:36:20.207371,2026-04-07 20:36:20.207371,Q4,148,1-3 years
2731,37,Male,HR,Junior,0.7,0.7,4516.02,2.2,3.0,3.2,4.0,4.0,1,2,49.1,50,0,0,Hybrid,High School,Single,2016-09-16 20:36:20.207371,2026-02-07 20:36:20.207371,Q3,207,<1 year
2732,22,Female,Engineering,Manager,0.6,0.1,3946.86,3.6,3.0,4.0,3.9,3.3,0,2,28.4,60,0,1,Remote,Master,,2019-12-08 20:36:20.207371,2023-09-16 20:36:20.207371,Q4,1082,<1 year
2733,31,Male,Engineering,Manager,8.2,1.1,6112.38,2.9,4.0,2.5,4.1,4.1,0,3,17.7,63,1,0,Hybrid,Master,Single,2023-05-14 20:36:20.207371,2022-10-31 20:36:20.207371,Q2,1402,5-10 years
2734,27,Female,Engineering,Intern,0.5,0.5,4638.51,3.6,3.0,2.8,3.8,3.8,0,5,2.4,38,0,0,Onsite,Bachelor,Married,2022-02-22 20:36:20.207371,2021-09-09 20:36:20.207371,Q1,1819,<1 year
2735,35,Female,Engineering,Senior,1.5,1.5,5842.38,2.9,4.0,3.7,3.6,3.4,1,2,28.1,23,0,0,Onsite,Bachelor,Single,2025-01-05 20:36:20.207371,2026-03-01 20:36:20.207371,Q1,185,1-3 years
2736,41,Male,Engineering,Lead,0.6,0.6,4569.15,4.2,4.0,3.8,2.3,3.1,0,1,12.6,19,0,0,Onsite,Master,Married,2020-04-21 20:36:20.207371,2025-07-25 20:36:20.207371,Q2,404,<1 year
2737,22,Female,Engineering,Manager,0.7,0.7,4243.49,3.0,1.0,3.1,3.1,3.8,1,1,42.7,27,1,1,Remote,Master,Married,2025-04-18 20:36:20.207371,2026-08-19 20:36:20.207371,Q2,14,<1 year
2738,23,Male,Finance,Junior,5.0,5.0,4633.19,3.4,4.0,2.7,2.8,3.9,0,3,11.2,67,0,0,Onsite,High School,Single,2018-10-14 20:36:20.207371,2025-08-04 20:36:20.207371,Q4,394,3-5 years
2739,36,Male,Operations,Junior,7.5,3.3,6756.45,3.1,3.0,3.2,3.8,3.0,0,5,43.2,95,0,0,Hybrid,Master,Married,2021-09-22 20:36:20.207371,2021-03-12 20:36:20.207371,Q3,2000,5-10 years
2740,41,Male,HR,Lead,4.5,4.5,5832.04,3.4,1.0,2.2,3.7,3.7,0,1,17.4,77,0,0,Hybrid,Master,Married,2024-07-31 20:36:20.207371,2026-06-25 20:36:20.207371,Q3,69,3-5 years
2741,49,Female,Finance,Lead,9.1,4.1,7532.05,4.7,2.0,3.1,4.3,3.9,0,4,7.1,86,1,0,Remote,Bachelor,Married,2026-04-03 20:36:20.207371,2025-07-28 20:36:20.207371,Q2,401,5-10 years
2742,30,Female,Marketing,Senior,4.1,1.8,5836.04,3.4,1.0,2.6,4.1,3.4,1,1,27.0,120,0,0,Onsite,High School,Divorced,2020-06-04 20:36:20.207371,2026-08-27 20:36:20.207371,Q2,6,3-5 years
2743,22,Male,Finance,Manager,5.9,1.1,5254.8,4.8,2.0,3.0,3.0,4.5,0,1,1.0,79,0,1,Hybrid,PhD,Married,2021-08-23 20:36:20.207371,2026-06-15 20:36:20.207371,Q3,79,5-10 years
2744,36,Male,IT,Senior,0.5,0.5,5803.17,,3.0,3.3,3.9,3.7,0,2,1.0,97,0,0,Hybrid,Bachelor,,2020-07-28 20:36:20.207371,2023-06-30 20:36:20.207371,Q3,1160,<1 year
2745,27,Female,Engineering,Manager,7.2,0.8,6265.01,3.8,4.0,,2.8,3.5,0,1,37.9,56,0,0,Hybrid,High School,Single,2023-04-29 20:36:20.207371,2026-06-01 20:36:20.207371,Q2,93,5-10 years
2746,25,Male,Marketing,Manager,1.0,1.0,4907.46,4.3,2.0,3.0,4.8,3.9,0,1,43.3,69,0,0,Hybrid,Master,Married,2019-05-04 20:36:20.207371,2025-02-07 20:36:20.207371,Q2,572,<1 year
2747,49,Female,Engineering,Senior,2.0,2.0,5122.34,3.5,3.0,1.9,3.9,2.7,0,1,17.7,53,0,0,Onsite,Bachelor,Single,2025-05-24 20:36:20.207371,2025-03-27 20:36:20.207371,Q2,524,1-3 years
2748,41,Non-Binary,Marketing,Junior,3.4,3.4,5856.13,3.5,3.0,4.9,3.6,4.0,0,2,6.7,74,0,1,Onsite,Master,Single,2017-09-05 20:36:20.207371,2026-05-24 20:36:20.207371,Q3,101,3-5 years
2749,27,Male,HR,Junior,0.5,0.1,3705.59,3.6,3.0,3.7,3.8,4.4,1,3,26.1,77,0,0,Onsite,Master,Divorced,2018-05-11 20:36:20.207371,2025-10-11 20:36:20.207371,Q2,326,<1 year
2750,34,Female,IT,Lead,8.1,0.7,6106.91,3.4,4.0,3.0,3.5,3.3,0,0,45.0,41,0,1,Hybrid,Master,Divorced,2017-08-23 20:36:20.207371,2025-03-20 20:36:20.207371,Q3,531,5-10 years
2751,34,Female,Sales,Junior,8.9,2.6,6736.38,3.7,4.0,3.8,3.2,4.1,1,4,4.1,47,0,1,Hybrid,Bachelor,Single,2025-09-18 20:36:20.207371,2026-01-20 20:36:20.207371,Q3,225,5-10 years
2752,36,Male,Operations,Senior,0.6,0.1,4487.32,3.9,2.0,2.2,3.0,3.7,1,1,25.5,86,0,1,Onsite,High School,Single,2026-01-08 20:36:20.207371,2023-08-16 20:36:20.207371,Q1,1113,<1 year
2753,30,Female,Engineering,Executive,3.3,2.2,4915.83,4.8,3.0,2.9,3.6,2.6,0,2,13.3,61,0,0,Hybrid,Master,Single,2019-02-16 20:36:20.207371,2025-09-18 20:36:20.207371,Q1,349,3-5 years
2754,22,Male,Engineering,Manager,9.8,5.4,5779.55,3.4,3.0,4.4,3.7,3.7,0,1,57.1,50,0,0,Onsite,Bachelor,Married,2017-06-07 20:36:20.207371,2025-04-01 20:36:20.207371,Q2,519,5-10 years
2755,25,Female,Engineering,Junior,1.8,1.8,4940.62,3.4,2.0,3.7,3.1,3.3,1,3,22.1,52,0,1,Remote,High School,Single,2017-02-11 20:36:20.207371,2025-07-10 20:36:20.207371,Q1,419,1-3 years
2756,29,Male,Finance,Senior,13.1,0.2,7645.76,3.8,2.0,2.9,4.6,4.3,1,1,3.1,45,0,0,Hybrid,High School,Single,2023-01-08 20:36:20.207371,2026-08-02 20:36:20.207371,Q1,31,>10 years
2757,35,Male,Marketing,Junior,0.7,0.7,5165.11,3.4,3.0,3.5,2.9,3.6,0,3,5.5,65,1,0,Hybrid,Bachelor,Married,2018-01-12 20:36:20.207371,2026-02-14 20:36:20.207371,Q1,200,<1 year
2758,24,Male,IT,Executive,0.5,0.5,4730.97,2.8,1.0,3.1,4.4,3.3,0,3,2.6,47,0,0,Onsite,PhD,Single,2024-09-03 20:36:20.207371,2025-12-19 20:36:20.207371,Q3,257,<1 year
2759,36,Female,Engineering,Senior,0.8,0.8,5794.44,3.4,2.0,2.8,1.5,3.4,0,1,24.1,70,1,0,Onsite,Master,Divorced,2019-02-23 20:36:20.207371,2025-08-10 20:36:20.207371,Q1,388,<1 year
2760,31,Female,Finance,Senior,1.0,1.0,3922.21,3.4,3.0,4.0,3.0,3.5,1,0,13.2,88,0,0,Hybrid,Master,Divorced,2020-10-12 20:36:20.207371,2026-05-16 20:36:20.207371,Q4,109,<1 year
2761,27,Female,IT,Senior,1.4,0.4,4507.24,3.1,2.0,3.2,4.1,5.0,0,1,1.0,47,0,1,Remote,Master,,2022-05-15 20:36:20.207371,2026-03-13 20:36:20.207371,Q2,173,1-3 years
2762,22,Male,Finance,Executive,0.6,0.6,4747.49,4.0,3.0,3.0,5.0,4.1,0,4,7.5,43,0,0,Onsite,PhD,Married,2020-03-08 20:36:20.207371,2026-01-25 20:36:20.207371,Q1,220,<1 year
2763,39,Male,Operations,Junior,9.6,4.8,7324.16,3.4,2.0,3.7,3.8,4.1,1,3,15.7,50,0,0,Remote,Bachelor,Single,2023-07-14 20:36:20.207371,2026-02-14 20:36:20.207371,Q3,200,5-10 years
2764,39,Non-Binary,Marketing,Senior,16.2,9.8,8734.6,,,2.7,4.1,3.8,0,5,15.4,94,0,0,Hybrid,Master,Married,2018-05-12 20:36:20.207371,2025-10-20 20:36:20.207371,Q2,317,>10 years
2765,43,Male,Sales,Intern,1.1,0.9,5665.43,2.8,2.0,2.5,3.7,4.9,1,1,10.5,68,0,0,Onsite,Bachelor,Married,2019-07-30 20:36:20.207371,2025-10-18 20:36:20.207371,Q3,319,1-3 years
2766,40,Male,Engineering,Senior,1.3,1.3,5230.09,2.8,2.0,3.8,3.5,3.4,1,5,12.8,64,0,0,Onsite,,Single,2020-06-08 20:36:20.207371,2022-01-03 20:36:20.207371,Q2,1703,1-3 years
2767,41,Female,Engineering,Senior,4.0,4.0,5931.42,,4.0,4.7,3.6,3.5,1,1,8.2,76,0,0,Remote,Master,Married,2021-07-01 20:36:20.207371,2026-06-26 20:36:20.207371,Q3,68,3-5 years
2768,38,Male,Sales,Senior,3.3,3.0,6035.71,4.3,2.0,3.1,3.9,4.2,0,1,17.0,61,0,0,Remote,PhD,Married,2024-07-09 20:36:20.207371,2026-03-16 20:36:20.207371,Q3,170,3-5 years
2769,22,Male,Engineering,Executive,5.5,0.8,4555.03,3.5,1.0,3.6,3.6,3.7,0,1,5.2,59,0,0,Onsite,Bachelor,Married,2023-12-08 20:36:20.207371,2025-11-25 20:36:20.207371,Q4,281,5-10 years
2770,32,Female,Operations,Senior,0.5,0.5,5626.46,4.9,4.0,1.9,4.1,3.5,1,4,4.0,77,0,0,Hybrid,Master,,2021-05-04 20:36:20.207371,2025-05-21 20:36:20.207371,Q2,469,<1 year
2771,22,Male,Marketing,Junior,3.2,3.2,5264.42,3.9,,3.2,4.3,3.3,0,1,8.8,52,0,1,Hybrid,Bachelor,Divorced,2023-08-01 20:36:20.207371,2026-08-19 20:36:20.207371,Q3,14,3-5 years
2772,48,Female,Engineering,Junior,0.9,0.9,5877.76,3.0,4.0,2.9,3.0,4.3,1,0,13.1,49,0,0,Onsite,Master,Married,2023-08-17 20:36:20.207371,2022-04-10 20:36:20.207371,Q3,1606,<1 year
2773,34,Male,Sales,Manager,13.5,2.3,,4.5,1.0,2.7,3.0,3.6,0,4,4.8,104,0,0,Hybrid,Bachelor,Married,2021-12-03 20:36:20.207371,2026-03-14 20:36:20.207371,Q4,172,>10 years
2774,47,Male,Engineering,Intern,8.4,0.8,6870.12,2.7,4.0,,3.0,3.9,0,1,32.9,40,0,0,Onsite,Bachelor,Divorced,2022-10-19 20:36:20.207371,2026-03-10 20:36:20.207371,Q4,176,5-10 years
2775,24,Male,IT,Senior,1.7,1.2,4992.28,3.0,4.0,3.8,4.1,3.5,1,1,2.7,94,0,0,Hybrid,Bachelor,Married,2016-10-31 20:36:20.207371,2025-09-03 20:36:20.207371,Q4,364,1-3 years
2776,34,Female,Marketing,Lead,1.2,1.2,4952.07,3.7,4.0,3.9,3.1,2.9,0,4,14.5,65,0,0,Onsite,Master,Single,2023-09-18 20:36:20.207371,2025-10-30 20:36:20.207371,Q3,307,1-3 years
2777,37,Male,Sales,Manager,5.1,3.8,5419.31,,4.0,3.7,3.6,4.1,1,0,16.5,50,0,0,Hybrid,,Married,2024-01-05 20:36:20.207371,2024-04-09 20:36:20.207371,Q1,876,5-10 years
2778,31,Male,Sales,Senior,0.5,0.5,4420.78,2.5,2.0,3.7,3.6,3.0,1,0,2.7,83,0,0,Onsite,Bachelor,Married,2017-08-11 20:36:20.207371,2026-04-11 20:36:20.207371,Q3,144,<1 year
2779,36,Female,HR,Senior,0.5,0.5,4798.37,3.0,2.0,3.1,3.0,2.8,0,0,68.8,68,1,1,Onsite,Bachelor,Married,2018-12-22 20:36:20.207371,2024-03-29 20:36:20.207371,Q4,887,<1 year
2780,49,Female,Engineering,Junior,1.3,1.3,4997.06,2.6,4.0,3.5,4.0,3.6,1,1,1.4,43,0,0,Hybrid,High School,Divorced,2025-08-23 20:36:20.207371,2025-08-16 20:36:20.207371,Q3,382,1-3 years
2781,24,Female,Operations,Junior,6.3,1.9,6047.58,3.3,4.0,4.0,2.2,4.1,1,2,4.3,62,1,1,Remote,Master,Single,2020-07-26 20:36:20.207371,2026-02-08 20:36:20.207371,Q3,206,5-10 years
2782,22,Male,Operations,Intern,2.6,0.1,3975.66,,3.0,3.4,3.8,4.2,0,3,6.9,62,1,0,Onsite,Master,Single,2023-12-19 20:36:20.207371,2025-05-12 20:36:20.207371,Q4,478,1-3 years
2783,51,Female,Sales,Executive,1.8,1.8,7072.72,4.1,4.0,2.5,3.0,4.8,0,2,3.6,52,0,0,Onsite,Bachelor,Single,2018-08-22 20:36:20.207371,2025-06-12 20:36:20.207371,Q3,447,1-3 years
2784,27,Female,IT,Lead,3.6,3.6,,4.3,2.0,2.9,2.8,3.8,1,1,2.6,65,0,0,Hybrid,High School,Single,2021-06-04 20:36:20.207371,2025-07-27 20:36:20.207371,Q2,402,3-5 years
2785,46,Male,HR,Senior,6.0,1.8,6520.67,3.7,4.0,3.6,3.0,3.2,0,3,1.0,27,0,0,Remote,,Married,2026-05-14 20:36:20.207371,2025-05-02 20:36:20.207371,Q2,488,5-10 years
2786,41,Female,Finance,Senior,3.9,1.8,5793.92,3.9,3.0,2.9,3.8,2.7,0,2,34.1,88,0,0,Onsite,Bachelor,Divorced,2017-02-01 20:36:20.207371,2024-10-28 20:36:20.207371,Q1,674,3-5 years
2787,32,Male,Operations,Senior,11.4,4.1,7454.84,3.3,3.0,4.0,2.9,3.6,1,2,1.0,55,0,1,Hybrid,High School,Divorced,2018-03-15 20:36:20.207371,2022-09-09 20:36:20.207371,Q1,1454,>10 years
2788,38,Male,Engineering,Lead,6.6,1.2,,4.5,4.0,3.1,3.7,4.2,0,6,6.0,87,0,0,Hybrid,Bachelor,Single,2019-10-18 20:36:20.207371,2024-02-27 20:36:20.207371,Q4,918,5-10 years
2789,23,Female,Engineering,Manager,13.6,1.4,7862.68,,1.0,3.9,4.1,3.0,0,1,3.9,117,0,0,Onsite,Master,Married,2021-12-12 20:36:20.207371,2026-05-30 20:36:20.207371,Q4,95,>10 years
2790,35,Male,IT,Manager,0.5,0.2,4380.99,3.6,3.0,4.4,5.0,4.0,0,3,35.5,59,0,0,Onsite,Bachelor,Married,2023-09-24 20:36:20.207371,2026-04-26 20:36:20.207371,Q3,129,<1 year
2791,40,Female,Engineering,Manager,11.6,0.7,7723.87,4.7,4.0,1.7,2.6,3.9,0,5,4.8,15,0,0,Hybrid,Master,Married,2021-06-13 20:36:20.207371,2025-12-13 20:36:20.207371,Q2,263,>10 years
2792,27,Male,IT,Senior,1.9,0.5,5050.57,3.4,4.0,3.7,4.2,3.6,0,1,23.1,90,0,0,Onsite,Bachelor,Married,2017-08-11 20:36:20.207371,2022-03-01 20:36:20.207371,Q3,1646,1-3 years
2793,31,Male,Finance,Junior,7.6,7.5,6187.71,3.1,1.0,2.7,2.9,4.6,0,2,24.5,61,0,0,Hybrid,Bachelor,Married,2021-03-15 20:36:20.207371,2021-03-12 20:36:20.207371,Q1,2000,5-10 years
2794,38,Male,Finance,Senior,18.9,0.3,8303.59,3.6,3.0,4.5,3.1,3.9,0,3,21.4,48,0,0,Onsite,,Married,2017-03-09 20:36:20.207371,2026-03-27 20:36:20.207371,Q1,159,>10 years
2795,48,Female,Sales,Lead,0.5,0.5,5525.18,3.5,3.0,3.1,1.8,4.3,0,0,8.7,89,0,0,Onsite,Master,Married,2026-05-04 20:36:20.207371,2025-09-24 20:36:20.207371,Q2,343,<1 year
2796,34,Non-Binary,Engineering,Lead,21.3,0.6,8877.15,3.9,3.0,3.3,2.9,4.0,0,1,12.7,65,0,0,Onsite,Master,Married,2022-10-06 20:36:20.207371,2026-08-13 20:36:20.207371,Q4,20,>10 years
2797,30,Female,Marketing,Senior,4.5,1.4,5420.01,3.0,3.0,2.5,4.4,2.9,0,2,27.9,51,0,1,Hybrid,Bachelor,Single,2018-11-20 20:36:20.207371,2025-11-14 20:36:20.207371,Q4,292,3-5 years
2798,33,Male,Engineering,Senior,10.5,0.9,6546.32,3.3,3.0,3.0,3.0,3.8,1,3,39.5,72,0,1,Remote,PhD,Single,2021-06-06 20:36:20.207371,2026-08-17 20:36:20.207371,Q2,16,>10 years
2799,46,Female,Operations,Manager,5.2,2.2,,3.5,1.0,1.7,3.5,3.7,0,2,1.0,55,0,1,Hybrid,PhD,Married,2023-01-30 20:36:20.207371,2025-05-05 20:36:20.207371,Q1,485,5-10 years
2800,28,Female,Operations,Junior,5.2,3.0,5925.21,2.8,3.0,3.9,4.0,3.6,0,2,3.7,50,0,0,Remote,Bachelor,Married,2017-02-15 20:36:20.207371,2024-06-06 20:36:20.207371,Q1,818,5-10 years
2801,31,Non-Binary,Finance,Junior,0.8,0.8,3964.89,3.5,3.0,3.5,3.3,4.2,0,3,4.2,36,0,0,Hybrid,PhD,Divorced,2021-05-17 20:36:20.207371,2026-06-30 20:36:20.207371,Q2,64,<1 year
2802,28,Non-Binary,Marketing,Manager,5.9,0.1,5458.38,4.0,2.0,3.7,3.1,4.7,0,2,7.0,75,0,0,Hybrid,Master,Single,2024-10-02 20:36:20.207371,2025-08-10 20:36:20.207371,Q4,388,5-10 years
2803,32,Male,Finance,Senior,6.4,6.4,6235.05,2.6,1.0,1.8,3.4,3.8,1,7,14.4,60,0,1,Hybrid,Bachelor,Married,2017-10-20 20:36:20.207371,2024-02-02 20:36:20.207371,Q4,943,5-10 years
2804,37,Male,Engineering,Junior,0.5,0.5,4704.52,3.4,4.0,3.9,3.1,4.7,1,1,20.7,54,0,0,Onsite,,Single,2023-01-16 20:36:20.207371,2026-04-27 20:36:20.207371,Q1,128,<1 year
2805,45,Female,Engineering,Senior,0.5,0.4,5204.55,3.5,3.0,2.8,3.5,3.8,1,2,1.0,66,1,0,Onsite,Bachelor,Married,2020-04-09 20:36:20.207371,2026-07-06 20:36:20.207371,Q2,58,<1 year
2806,22,Male,Finance,Senior,2.9,2.9,4983.32,3.5,4.0,4.4,4.0,2.8,0,3,5.9,59,0,0,Hybrid,Bachelor,Single,2025-05-16 20:36:20.207371,2025-10-08 20:36:20.207371,Q2,329,1-3 years
2807,40,Male,Sales,Intern,1.9,1.5,5548.53,3.0,4.0,3.3,3.9,3.8,0,2,33.3,68,0,0,Remote,,Single,2026-05-15 20:36:20.207371,2026-06-10 20:36:20.207371,Q2,84,1-3 years
2808,26,Female,IT,Senior,9.4,6.8,6528.72,4.1,4.0,3.6,3.4,4.1,0,0,10.0,63,0,0,Onsite,Bachelor,Married,2018-03-23 20:36:20.207371,2025-12-04 20:36:20.207371,Q1,272,5-10 years
2809,40,Female,Finance,Senior,5.4,3.6,6195.84,3.2,3.0,3.3,5.0,3.7,0,2,11.0,65,0,0,Onsite,Bachelor,Single,2025-06-08 20:36:20.207371,2026-01-12 20:36:20.207371,Q2,233,5-10 years
2810,21,Male,Engineering,Lead,1.0,0.3,5561.22,3.4,3.0,4.1,3.8,3.0,0,0,40.3,83,1,0,Onsite,Bachelor,Married,2018-01-23 20:36:20.207371,2026-07-18 20:36:20.207371,Q1,46,<1 year
2811,44,Female,HR,Junior,1.1,1.1,5873.1,3.7,2.0,4.1,2.4,4.0,0,1,10.8,60,0,0,Onsite,Bachelor,Married,2026-04-05 20:36:20.207371,2025-09-27 20:36:20.207371,Q2,340,1-3 years
2812,36,Female,Finance,Junior,1.8,1.8,5030.28,4.0,1.0,3.0,3.6,3.4,0,1,8.2,50,0,0,Onsite,Bachelor,Married,2018-12-14 20:36:20.207371,2025-11-04 20:36:20.207371,Q4,302,1-3 years
2813,43,Male,Operations,Manager,4.2,0.4,6264.77,3.6,2.0,4.4,4.2,4.3,0,2,38.0,81,0,0,Onsite,Bachelor,Married,2018-09-01 20:36:20.207371,2026-07-18 20:36:20.207371,Q3,46,3-5 years
2814,25,Female,Engineering,Junior,3.5,0.1,5191.21,3.9,3.0,3.1,3.8,4.9,0,1,7.6,76,0,0,Onsite,Bachelor,,2023-06-11 20:36:20.207371,2025-03-05 20:36:20.207371,Q2,546,3-5 years
2815,34,Female,Finance,Senior,3.3,3.3,6107.15,3.0,3.0,3.0,2.7,3.4,0,1,3.2,10,0,0,Hybrid,Bachelor,Married,2026-01-01 20:36:20.207371,2026-02-01 20:36:20.207371,Q1,213,3-5 years
2816,50,Male,Engineering,Junior,0.5,0.5,5008.84,3.0,4.0,3.0,4.2,3.9,0,1,1.0,71,0,0,Hybrid,Bachelor,Divorced,2017-01-22 20:36:20.207371,2024-01-27 20:36:20.207371,Q1,949,<1 year
2817,27,Male,Engineering,Manager,3.9,3.9,4687.9,2.7,4.0,3.0,4.0,4.0,0,2,2.5,26,0,1,Remote,High School,,2021-08-28 20:36:20.207371,2026-01-22 20:36:20.207371,Q3,223,3-5 years
2818,36,Female,Sales,Junior,0.5,0.5,4410.87,3.6,3.0,3.3,3.5,4.4,1,1,5.9,35,0,0,Onsite,High School,Single,2020-03-01 20:36:20.207371,2023-07-31 20:36:20.207371,Q1,1129,<1 year
2819,31,Male,Finance,Junior,2.9,2.9,6007.96,4.9,4.0,3.3,3.3,3.9,1,4,18.6,81,0,0,Hybrid,Master,Single,2021-03-07 20:36:20.207371,2026-03-20 20:36:20.207371,Q1,166,1-3 years
2820,33,Non-Binary,Finance,Senior,1.2,0.6,5236.94,3.1,1.0,4.3,3.6,3.6,0,4,16.3,62,0,0,Onsite,PhD,Married,2020-04-09 20:36:20.207371,2024-12-17 20:36:20.207371,Q2,624,1-3 years
2821,39,Male,Sales,Junior,1.8,0.4,4870.36,3.9,1.0,4.6,4.1,3.4,0,1,32.6,71,0,0,Hybrid,Bachelor,Single,2022-05-02 20:36:20.207371,2025-07-25 20:36:20.207371,Q2,404,1-3 years
2822,32,Non-Binary,Engineering,Junior,5.3,4.0,21529.084476095548,4.1,2.0,4.6,2.8,3.4,1,1,53.5,62,0,0,Onsite,,Married,2020-03-27 20:36:20.207371,2026-03-16 20:36:20.207371,Q1,170,5-10 years
2823,34,Male,Sales,Senior,2.5,1.0,6057.95,3.6,1.0,3.7,2.8,3.7,0,1,29.1,20,0,0,Remote,Master,Divorced,2022-05-25 20:36:20.207371,2026-05-25 20:36:20.207371,Q2,100,1-3 years
2824,29,Female,HR,Junior,4.5,4.5,6378.61,4.4,3.0,1.8,3.4,3.6,0,1,2.6,73,0,0,Onsite,Master,Married,2020-02-10 20:36:20.207371,2024-12-11 20:36:20.207371,Q1,630,3-5 years
2825,22,Female,Engineering,Junior,6.7,2.5,5118.17,2.7,2.0,3.3,4.9,4.2,0,1,9.1,55,0,1,Onsite,High School,Married,2025-08-25 20:36:20.207371,2023-12-31 20:36:20.207371,Q3,976,5-10 years
2826,36,Male,Operations,Intern,6.3,1.2,5757.68,2.9,2.0,4.1,2.0,3.2,0,1,49.3,57,0,0,Onsite,Bachelor,Married,2017-08-29 20:36:20.207371,2025-01-03 20:36:20.207371,Q3,607,5-10 years
2827,39,Male,Engineering,Junior,3.9,0.2,6270.94,2.7,,3.6,3.6,3.4,1,3,2.1,63,0,0,Hybrid,Master,Married,2020-09-07 20:36:20.207371,2026-05-21 20:36:20.207371,Q3,104,3-5 years
2828,48,Male,IT,Junior,10.1,0.9,7648.84,3.9,3.0,2.8,3.3,3.9,0,1,18.5,84,0,0,Hybrid,High School,Divorced,2018-02-11 20:36:20.207371,2025-03-26 20:36:20.207371,Q1,525,>10 years
2829,33,Male,Finance,Junior,11.0,0.1,6758.11,3.1,3.0,3.1,3.8,3.5,0,4,54.9,46,0,0,Hybrid,Master,Married,2020-08-20 20:36:20.207371,2026-07-12 20:36:20.207371,Q3,52,>10 years
2830,22,Female,Marketing,Junior,5.5,3.1,5122.43,2.6,4.0,2.6,2.3,3.4,0,2,3.2,63,0,0,Onsite,Bachelor,Single,2020-03-17 20:36:20.207371,2023-11-28 20:36:20.207371,Q1,1009,5-10 years
2831,27,Female,Sales,Senior,0.5,0.5,4696.71,4.1,4.0,4.3,3.9,3.0,0,2,8.1,67,0,0,Remote,High School,Married,2022-06-04 20:36:20.207371,2024-05-16 20:36:20.207371,Q2,839,<1 year
2832,40,Male,Operations,Manager,0.6,0.6,4854.27,4.7,3.0,3.7,3.4,4.2,1,1,12.2,37,0,0,Onsite,High School,Single,2024-06-26 20:36:20.207371,2026-04-07 20:36:20.207371,Q2,148,<1 year
2833,34,Male,Engineering,Senior,4.7,1.3,5304.62,4.4,2.0,2.8,3.0,3.4,0,2,10.9,86,0,0,Hybrid,PhD,Married,2019-02-05 20:36:20.207371,2025-05-27 20:36:20.207371,Q1,463,3-5 years
2834,37,Female,Sales,Intern,1.3,1.3,4844.82,3.5,3.0,2.1,3.4,3.9,1,0,2.1,57,0,0,Onsite,PhD,Married,2020-10-07 20:36:20.207371,2026-06-06 20:36:20.207371,Q4,88,1-3 years
2835,31,Male,HR,Senior,15.3,7.2,7501.38,4.2,4.0,1.6,3.2,2.9,0,0,10.9,50,0,0,Onsite,Bachelor,Married,2018-07-01 20:36:20.207371,2026-07-14 20:36:20.207371,Q3,50,>10 years
2836,53,Female,Sales,Lead,1.3,1.3,5853.06,,4.0,1.4,3.3,4.0,0,1,1.0,60,0,0,Remote,PhD,Divorced,2021-06-01 20:36:20.207371,2025-11-26 20:36:20.207371,Q2,280,1-3 years
2837,52,Female,Marketing,Senior,3.5,3.5,6516.8,3.7,3.0,2.3,4.6,3.1,0,2,17.2,55,0,0,Remote,Master,Married,2016-11-23 20:36:20.207371,2025-11-04 20:36:20.207371,Q4,302,3-5 years
2838,25,Male,Engineering,Manager,0.5,0.5,4840.79,4.6,4.0,3.3,4.5,3.3,1,2,8.4,54,0,0,Hybrid,Master,Married,2024-10-09 20:36:20.207371,2025-09-13 20:36:20.207371,Q4,354,<1 year
2839,44,Female,Operations,Senior,4.7,0.7,7141.61,4.2,2.0,4.3,3.0,4.2,0,0,23.4,42,0,0,Remote,High School,Single,2022-03-07 20:36:20.207371,2023-05-04 20:36:20.207371,Q1,1217,3-5 years
2840,38,Female,Engineering,Intern,7.2,4.1,6676.8,4.5,4.0,3.9,3.8,3.8,0,3,11.4,55,0,0,Hybrid,PhD,Married,2023-06-14 20:36:20.207371,2024-10-01 20:36:20.207371,Q2,701,5-10 years
2841,35,Male,Engineering,Lead,6.0,1.7,5470.13,4.0,3.0,2.5,3.5,4.3,0,1,6.4,90,0,0,Onsite,Bachelor,Married,2026-03-11 20:36:20.207371,2025-12-10 20:36:20.207371,Q1,266,5-10 years
2842,26,Female,Marketing,Executive,2.5,2.5,4889.61,3.9,4.0,4.1,4.0,3.4,0,7,11.5,51,0,1,Hybrid,High School,Married,2025-08-06 20:36:20.207371,2023-05-05 20:36:20.207371,Q3,1216,1-3 years
2843,51,Male,Engineering,Junior,2.1,0.1,5827.3,2.4,2.0,3.7,3.7,3.6,0,4,4.4,80,0,0,Remote,Master,Married,2025-03-28 20:36:20.207371,2026-08-04 20:36:20.207371,Q1,29,1-3 years
2844,46,Male,Sales,Junior,1.6,1.6,5371.71,2.4,4.0,2.4,3.6,3.5,0,5,27.9,84,0,0,Onsite,Bachelor,Married,2016-10-04 20:36:20.207371,2026-03-01 20:36:20.207371,Q4,185,1-3 years
2845,22,Male,Engineering,Junior,1.7,0.9,4356.82,2.6,2.0,2.8,2.6,4.0,0,0,55.6,46,1,0,Remote,High School,Married,2024-05-06 20:36:20.207371,2026-01-19 20:36:20.207371,Q2,226,1-3 years
2846,48,Male,Marketing,Junior,7.5,2.2,6996.25,2.9,4.0,5.0,4.1,3.1,0,0,70.3,78,0,0,Remote,Bachelor,Married,2020-04-10 20:36:20.207371,2026-03-16 20:36:20.207371,Q2,170,5-10 years
2847,34,Male,Sales,Junior,7.4,4.5,6300.19,3.1,4.0,3.1,4.2,3.9,0,4,42.2,63,0,0,Onsite,Master,Divorced,2023-05-29 20:36:20.207371,2024-01-07 20:36:20.207371,Q2,969,5-10 years
2848,29,Male,Marketing,Junior,7.7,0.4,20295.7226310128,3.5,3.0,3.5,5.0,3.6,0,2,10.9,41,0,0,Onsite,Bachelor,,2023-12-24 20:36:20.207371,2025-03-01 20:36:20.207371,Q4,550,5-10 years
2849,25,Female,IT,Manager,14.1,4.4,7900.23,,3.0,2.0,3.3,3.2,0,2,12.7,62,0,1,Onsite,Bachelor,Married,2022-03-30 20:36:20.207371,2025-07-07 20:36:20.207371,Q1,422,>10 years
2850,44,Non-Binary,Engineering,Manager,4.4,4.4,5725.65,3.8,4.0,2.1,2.9,4.6,1,0,11.3,60,0,1,Onsite,Bachelor,,2024-12-21 20:36:20.207371,2025-11-27 20:36:20.207371,Q4,279,3-5 years
2851,38,Female,Finance,Senior,0.9,0.9,5287.31,4.7,3.0,4.1,3.8,3.9,1,0,6.2,73,0,1,Onsite,Bachelor,Divorced,2026-02-15 20:36:20.207371,2025-08-13 20:36:20.207371,Q1,385,<1 year
2852,26,Male,IT,Junior,1.5,1.5,4300.75,3.3,3.0,3.2,4.1,3.5,0,5,10.8,83,1,0,Onsite,High School,Married,2017-09-30 20:36:20.207371,2024-11-29 20:36:20.207371,Q3,642,1-3 years
2853,26,Female,Sales,Senior,2.9,2.9,5353.19,4.0,4.0,4.0,3.6,3.5,0,2,31.5,58,1,0,Onsite,Bachelor,Single,2024-06-10 20:36:20.207371,2022-05-31 20:36:20.207371,Q2,1555,1-3 years
2854,31,Female,HR,Senior,0.5,0.5,3871.07,2.7,4.0,,3.7,3.6,0,4,24.2,45,0,0,Hybrid,PhD,Married,2018-08-16 20:36:20.207371,2022-09-13 20:36:20.207371,Q3,1450,<1 year
2855,29,Male,IT,Lead,2.2,2.1,5231.8,3.9,4.0,4.2,4.2,3.5,0,1,16.1,53,0,0,Hybrid,High School,Married,2025-06-12 20:36:20.207371,2024-04-26 20:36:20.207371,Q2,859,1-3 years
2856,40,Male,IT,Executive,2.8,0.2,5025.12,3.4,4.0,3.9,4.2,3.1,0,0,44.9,63,0,0,Onsite,High School,Married,2024-10-15 20:36:20.207371,2025-10-04 20:36:20.207371,Q4,333,1-3 years
2857,38,Male,Engineering,Executive,0.5,0.5,4865.72,3.3,3.0,3.6,3.2,3.4,0,1,1.2,72,0,0,Onsite,Master,Single,2020-06-07 20:36:20.207371,2025-01-11 20:36:20.207371,Q2,599,<1 year
2858,28,Female,Engineering,Junior,8.0,6.5,6446.17,2.5,2.0,2.7,1.5,4.1,1,5,4.7,62,0,0,Hybrid,High School,Single,2021-06-08 20:36:20.207371,2026-05-21 20:36:20.207371,Q2,104,5-10 years
2859,22,Male,IT,Junior,5.7,0.8,5346.63,3.2,3.0,3.7,3.3,3.9,0,4,1.6,67,0,0,Onsite,PhD,Single,2023-10-27 20:36:20.207371,2024-03-11 20:36:20.207371,Q4,905,5-10 years
2860,22,Male,Operations,Lead,6.5,0.2,5822.66,3.0,3.0,1.9,2.8,3.2,0,2,8.8,62,0,0,Remote,Bachelor,Single,2020-08-13 20:36:20.207371,2025-03-04 20:36:20.207371,Q3,547,5-10 years
2861,43,Female,Operations,Lead,0.5,0.5,5252.24,3.3,2.0,3.1,3.1,2.8,1,2,12.5,49,0,0,Hybrid,Bachelor,Single,2024-08-22 20:36:20.207371,2026-05-08 20:36:20.207371,Q3,117,<1 year
2862,25,Female,Operations,Junior,4.1,3.9,5474.63,2.7,1.0,2.1,4.5,4.3,0,5,24.6,61,0,0,Onsite,Master,Single,2023-05-22 20:36:20.207371,2024-09-11 20:36:20.207371,Q2,721,3-5 years
2863,36,Female,Finance,Manager,3.7,0.7,6568.44,2.8,4.0,4.1,4.3,3.9,0,2,1.0,60,0,0,Onsite,PhD,Divorced,2021-05-06 20:36:20.207371,2026-07-08 20:36:20.207371,Q2,56,3-5 years
2864,22,Male,Engineering,Manager,4.1,0.1,4970.73,3.7,3.0,2.8,2.1,4.6,1,1,5.1,68,0,1,Hybrid,Master,Married,2021-04-02 20:36:20.207371,2022-12-19 20:36:20.207371,Q2,1353,3-5 years
2865,38,Female,Engineering,Manager,4.6,4.6,6642.88,3.9,3.0,2.6,3.7,3.7,0,2,15.3,78,0,1,Onsite,Bachelor,Married,2018-11-13 20:36:20.207371,2025-02-27 20:36:20.207371,Q4,552,3-5 years
2866,54,Male,Finance,Junior,1.5,0.1,5766.01,3.5,4.0,5.0,4.4,4.0,0,2,16.8,41,0,0,Onsite,Bachelor,Single,2022-12-22 20:36:20.207371,2024-06-28 20:36:20.207371,Q4,796,1-3 years
2867,22,Male,Operations,Lead,6.7,1.6,4414.68,3.0,3.0,3.7,4.4,3.4,0,3,1.1,186,0,0,Onsite,Master,Divorced,2017-08-31 20:36:20.207371,2025-02-28 20:36:20.207371,Q3,551,5-10 years
2868,40,Female,Sales,Lead,3.1,3.1,5733.83,3.1,3.0,4.1,4.4,4.4,0,1,23.0,51,0,0,Hybrid,Bachelor,Divorced,2019-12-16 20:36:20.207371,2024-09-04 20:36:20.207371,Q4,728,3-5 years
2869,37,Male,Operations,Junior,1.1,1.1,5264.72,3.2,4.0,3.3,2.5,4.3,0,2,54.5,48,0,0,Hybrid,Master,Single,2023-10-09 20:36:20.207371,2024-11-02 20:36:20.207371,Q4,669,1-3 years
2870,44,Male,HR,Senior,5.3,3.0,6744.68,2.8,,3.5,2.5,3.2,0,0,8.8,51,0,0,Onsite,High School,Married,2017-03-21 20:36:20.207371,2024-03-11 20:36:20.207371,Q1,905,5-10 years
2871,33,Male,HR,Junior,2.0,1.3,5764.63,4.8,,3.9,3.1,5.0,0,3,4.7,82,0,0,Onsite,Master,Married,2021-04-13 20:36:20.207371,2025-04-09 20:36:20.207371,Q2,511,1-3 years
2872,37,Non-Binary,Operations,Junior,2.2,1.2,5183.25,3.4,2.0,2.3,3.6,3.9,1,0,24.8,46,0,0,Onsite,Master,Single,2017-10-12 20:36:20.207371,2025-11-09 20:36:20.207371,Q4,297,1-3 years
2873,36,Male,Operations,Junior,1.4,0.6,4663.88,2.6,3.0,1.9,3.0,3.0,0,2,48.7,61,1,0,Hybrid,High School,Married,2021-01-31 20:36:20.207371,2024-12-23 20:36:20.207371,Q1,618,1-3 years
2874,40,Male,Marketing,Lead,3.7,1.2,6510.93,3.0,3.0,4.5,3.4,4.1,1,2,13.1,28,0,0,Remote,High School,Single,2017-03-05 20:36:20.207371,2025-03-19 20:36:20.207371,Q1,532,3-5 years
2875,26,Male,Operations,Junior,3.3,0.3,,3.1,3.0,3.4,3.0,4.8,1,2,21.6,24,1,0,Hybrid,Bachelor,Divorced,2021-01-22 20:36:20.207371,2024-12-18 20:36:20.207371,Q1,623,3-5 years
2876,36,Male,Sales,Intern,2.8,2.8,5520.12,2.7,4.0,2.8,3.9,3.5,1,2,1.0,79,0,0,Onsite,High School,Single,2026-03-17 20:36:20.207371,2024-01-10 20:36:20.207371,Q1,966,1-3 years
2877,43,Male,Finance,Lead,2.6,2.6,5742.05,2.6,1.0,3.1,4.1,2.4,1,2,29.9,60,1,0,Onsite,Bachelor,Single,2022-07-09 20:36:20.207371,2025-09-22 20:36:20.207371,Q3,345,1-3 years
2878,46,Male,HR,Senior,1.0,1.0,5264.25,2.9,4.0,3.8,3.2,3.2,0,3,8.2,65,0,0,Hybrid,High School,Divorced,2019-04-27 20:36:20.207371,2026-04-10 20:36:20.207371,Q2,145,<1 year
2879,39,Female,Operations,Junior,3.4,0.6,5322.69,3.2,4.0,3.1,3.5,4.5,0,2,38.4,43,0,1,Remote,Master,Married,2018-03-08 20:36:20.207371,2026-03-21 20:36:20.207371,Q1,165,3-5 years
2880,23,Female,Operations,Junior,2.1,0.5,3790.42,2.7,4.0,,3.4,3.1,0,2,1.1,56,0,0,Remote,,Married,2021-01-31 20:36:20.207371,2026-06-23 20:36:20.207371,Q1,71,1-3 years
2881,22,Male,IT,Executive,4.4,3.2,4610.08,2.6,3.0,2.0,4.7,4.3,1,2,35.6,47,0,1,Onsite,Master,Married,2017-06-25 20:36:20.207371,2026-04-11 20:36:20.207371,Q2,144,3-5 years
2882,39,Female,Engineering,Junior,0.5,0.5,4913.52,5.0,3.0,2.0,3.4,4.2,0,2,25.0,116,0,0,Hybrid,PhD,Married,2025-03-02 20:36:20.207371,2024-01-18 20:36:20.207371,Q1,958,<1 year
2883,24,Female,Engineering,Lead,0.8,0.8,5158.51,4.8,1.0,2.6,2.1,4.8,0,3,27.6,70,0,0,Onsite,Master,Divorced,2026-02-08 20:36:20.207371,2026-08-30 20:36:20.207371,Q1,3,<1 year
2884,43,Female,Engineering,Junior,3.5,3.5,6372.8,4.7,3.0,4.0,2.7,3.6,0,1,7.0,40,1,1,Remote,Master,Divorced,2022-09-16 20:36:20.207371,2024-02-16 20:36:20.207371,Q3,929,3-5 years
2885,32,Male,Engineering,Manager,3.4,2.5,5590.97,4.0,2.0,3.8,2.1,3.4,0,4,22.1,44,0,0,Remote,Master,Married,2019-02-20 20:36:20.207371,2026-05-14 20:36:20.207371,Q1,111,3-5 years
2886,45,Female,HR,Senior,1.8,1.8,,3.8,4.0,1.8,2.6,2.6,1,2,62.8,47,0,0,Remote,PhD,,2025-08-17 20:36:20.207371,2026-09-02 20:36:20.207371,Q3,0,1-3 years
2887,56,Female,Engineering,Junior,2.8,2.8,6688.29,,3.0,4.3,4.0,3.0,1,0,7.8,113,0,1,Remote,Master,Married,2018-10-20 20:36:20.207371,2025-01-26 20:36:20.207371,Q4,584,1-3 years
2888,34,Female,Engineering,Junior,3.8,3.7,5305.8,2.4,4.0,2.7,4.3,3.3,0,3,25.0,48,1,0,Remote,Master,Married,2020-05-07 20:36:20.207371,2024-08-20 20:36:20.207371,Q2,743,3-5 years
2889,33,Male,Sales,Junior,2.6,2.6,4784.95,3.3,2.0,2.0,3.4,3.5,0,5,5.0,23,0,0,Hybrid,High School,Married,2018-09-17 20:36:20.207371,2024-07-05 20:36:20.207371,Q3,789,1-3 years
2890,45,Female,Sales,Executive,3.5,3.5,5820.4,3.6,3.0,4.5,3.3,4.4,0,4,9.7,40,0,0,Remote,Master,Divorced,2021-11-12 20:36:20.207371,2025-06-07 20:36:20.207371,Q4,452,3-5 years
2891,45,Female,IT,Junior,1.1,1.1,5790.21,,,3.8,3.4,3.8,1,1,7.8,22,0,0,Onsite,Master,Married,2018-02-18 20:36:20.207371,2026-06-24 20:36:20.207371,Q1,70,1-3 years
2892,52,Male,Marketing,Junior,7.7,2.8,8389.27,2.8,3.0,2.5,3.8,4.0,1,4,19.1,68,0,0,Remote,PhD,Single,2026-02-25 20:36:20.207371,2025-04-11 20:36:20.207371,Q1,509,5-10 years
2893,36,Female,Operations,Executive,1.0,1.0,5265.77,3.5,3.0,3.7,3.4,2.1,0,1,17.6,29,0,0,Remote,Bachelor,Married,2025-11-07 20:36:20.207371,2026-07-31 20:36:20.207371,Q4,33,<1 year
2894,28,Male,Finance,Senior,3.4,3.4,5549.49,3.4,4.0,2.7,4.7,4.0,1,2,6.7,67,0,1,Remote,,Married,2026-06-27 20:36:20.207371,2025-09-25 20:36:20.207371,Q2,342,3-5 years
2895,35,Male,Engineering,Junior,5.6,5.1,5740.42,3.6,4.0,3.7,4.0,4.5,0,0,13.3,24,0,0,Onsite,,Single,2024-02-01 20:36:20.207371,2025-09-13 20:36:20.207371,Q1,354,5-10 years
2896,28,Male,Marketing,Lead,6.7,0.1,5360.5,4.4,4.0,5.0,2.8,4.5,0,4,14.5,31,0,0,Hybrid,High School,Divorced,2022-12-14 20:36:20.207371,2025-09-30 20:36:20.207371,Q4,337,5-10 years
2897,37,Female,Sales,Senior,2.4,1.9,,,4.0,3.4,1.8,3.8,0,2,22.5,95,0,0,Onsite,Bachelor,Single,2020-11-14 20:36:20.207371,2022-10-20 20:36:20.207371,Q4,1413,1-3 years
2898,26,Male,Operations,Manager,5.6,1.1,6177.58,4.1,4.0,3.2,3.7,3.2,0,0,6.6,68,0,0,Hybrid,Master,Married,2019-04-12 20:36:20.207371,2025-09-24 20:36:20.207371,Q2,343,5-10 years
2899,44,Male,Finance,Manager,3.5,1.0,6479.57,3.7,2.0,2.4,3.6,4.3,0,2,20.9,52,0,1,Remote,Bachelor,Married,2018-09-19 20:36:20.207371,2026-08-02 20:36:20.207371,Q3,31,3-5 years
2900,41,Non-Binary,Marketing,Executive,3.5,1.4,5702.27,3.2,3.0,3.7,3.7,3.4,0,1,1.0,88,0,0,Onsite,Master,Married,2021-03-08 20:36:20.207371,2026-07-19 20:36:20.207371,Q1,45,3-5 years
2901,36,Male,Sales,Manager,1.1,0.1,4979.17,3.4,3.0,,4.0,4.1,0,2,5.2,69,0,1,Hybrid,High School,,2026-07-12 20:36:20.207371,2025-05-13 20:36:20.207371,Q3,477,1-3 years
2902,35,Female,IT,Manager,0.5,0.5,4102.89,2.4,3.0,3.0,3.9,3.6,0,4,37.4,59,0,0,Onsite,Bachelor,,2025-12-01 20:36:20.207371,2026-06-19 20:36:20.207371,Q4,75,<1 year
2903,33,Male,Engineering,Senior,0.6,0.6,4779.66,3.8,3.0,2.4,3.1,3.7,0,1,6.6,99,0,0,Hybrid,High School,Married,2017-09-10 20:36:20.207371,2025-07-11 20:36:20.207371,Q3,418,<1 year
2904,48,Male,Marketing,Junior,1.0,0.9,5147.46,3.3,3.0,3.5,3.4,3.1,1,3,41.1,64,0,1,Hybrid,Bachelor,Single,2023-10-31 20:36:20.207371,2026-03-08 20:36:20.207371,Q4,178,<1 year
2905,46,Female,Finance,Lead,3.2,2.5,5740.62,4.3,3.0,,3.4,5.0,1,2,13.8,29,0,1,Onsite,High School,Married,2016-09-06 20:36:20.207371,2025-03-18 20:36:20.207371,Q3,533,3-5 years
2906,36,Female,HR,Manager,1.2,0.1,5250.76,3.4,3.0,2.8,2.7,4.1,0,2,3.7,90,0,0,Onsite,Bachelor,Married,2018-04-28 20:36:20.207371,2025-04-15 20:36:20.207371,Q2,505,1-3 years
2907,26,Female,Marketing,Lead,1.2,1.2,5147.32,4.0,3.0,1.8,3.9,3.0,1,2,2.3,44,0,0,Hybrid,Bachelor,Single,2026-06-29 20:36:20.207371,2026-07-29 20:36:20.207371,Q2,35,1-3 years
2908,23,Male,Marketing,Senior,2.2,2.2,4764.18,3.4,3.0,,3.1,3.5,0,5,15.6,65,1,0,Hybrid,PhD,Single,2025-02-17 20:36:20.207371,2024-09-18 20:36:20.207371,Q1,714,1-3 years
2909,37,Female,Operations,Executive,6.8,2.9,6439.3,2.9,3.0,3.4,2.1,2.9,0,3,1.0,105,0,0,Onsite,High School,Married,2022-05-06 20:36:20.207371,2026-03-03 20:36:20.207371,Q2,183,5-10 years
2910,28,Male,Engineering,Senior,9.8,1.4,7172.75,3.4,2.0,3.5,3.8,3.2,0,1,27.2,66,0,0,Onsite,Bachelor,Married,2021-01-25 20:36:20.207371,2026-07-02 20:36:20.207371,Q1,62,5-10 years
2911,39,Male,Sales,Senior,1.5,1.5,5788.34,4.2,4.0,2.7,3.2,3.8,0,1,3.3,78,0,0,Onsite,High School,Married,2022-04-06 20:36:20.207371,2026-07-17 20:36:20.207371,Q2,47,1-3 years
2912,31,Female,Finance,Manager,0.5,0.5,5309.79,4.6,1.0,2.6,1.9,3.6,1,2,17.2,98,0,0,Remote,Bachelor,Married,2018-12-29 20:36:20.207371,2024-11-01 20:36:20.207371,Q4,670,<1 year
2913,42,Male,Operations,Manager,3.1,2.9,5801.88,3.6,2.0,,3.7,4.1,0,4,8.6,74,0,0,Onsite,Master,Single,2020-10-04 20:36:20.207371,2025-02-16 20:36:20.207371,Q4,563,3-5 years
2914,37,Male,Sales,Junior,1.6,0.7,4708.02,4.1,3.0,3.3,3.5,3.3,0,2,9.8,22,0,1,Onsite,High School,Married,2018-12-13 20:36:20.207371,2026-06-19 20:36:20.207371,Q4,75,1-3 years
2915,44,Male,Marketing,Lead,3.1,2.8,4849.54,2.6,3.0,2.9,2.9,3.6,0,3,21.3,61,0,0,Onsite,Master,Single,2018-02-17 20:36:20.207371,2026-02-19 20:36:20.207371,Q1,195,3-5 years
2916,22,Male,Marketing,Manager,3.2,1.1,5667.28,3.7,2.0,2.8,2.6,4.0,1,2,12.3,62,0,1,Hybrid,Master,Single,2024-01-28 20:36:20.207371,2025-01-18 20:36:20.207371,Q1,592,3-5 years
2917,32,Male,Finance,Manager,9.1,3.3,7112.94,3.8,3.0,3.5,3.5,3.5,0,1,53.5,44,0,0,Onsite,Master,Married,2024-03-19 20:36:20.207371,2023-05-05 20:36:20.207371,Q1,1216,5-10 years
2918,57,Male,Engineering,Junior,0.5,0.5,6387.99,3.9,2.0,4.1,3.8,3.6,0,1,80.0,44,1,0,Remote,Bachelor,Married,2021-03-10 20:36:20.207371,2026-01-19 20:36:20.207371,Q1,226,<1 year
2919,22,Male,Operations,Junior,25.0,3.3,9771.75,,3.0,3.0,3.2,4.7,0,1,19.6,36,0,0,Hybrid,PhD,Single,2020-01-06 20:36:20.207371,2026-08-19 20:36:20.207371,Q1,14,>10 years
2920,43,Female,Marketing,Lead,0.5,0.5,5437.32,2.8,2.0,2.4,4.1,3.2,0,3,20.0,31,0,0,Onsite,Master,Married,2021-11-17 20:36:20.207371,2026-05-14 20:36:20.207371,Q4,111,<1 year
2921,39,Male,HR,Senior,8.3,0.3,7231.91,4.8,3.0,4.5,3.3,4.3,0,1,11.5,77,1,1,Onsite,Master,Married,2019-05-27 20:36:20.207371,2022-05-19 20:36:20.207371,Q2,1567,5-10 years
2922,47,Male,Sales,Lead,6.4,1.6,5938.82,3.7,3.0,2.2,3.5,3.2,1,2,17.7,18,0,0,Hybrid,Master,Divorced,2020-02-01 20:36:20.207371,2024-12-21 20:36:20.207371,Q1,620,5-10 years
2923,33,Male,Operations,Senior,1.2,1.2,4570.39,4.4,3.0,2.4,3.8,3.3,0,3,8.2,67,0,0,Onsite,PhD,Married,2024-05-28 20:36:20.207371,2023-10-22 20:36:20.207371,Q2,1046,1-3 years
2924,46,Female,IT,Manager,1.8,1.8,5309.64,3.0,2.0,2.8,3.8,3.0,0,0,2.8,71,0,0,Remote,High School,Married,2025-03-14 20:36:20.207371,2026-08-26 20:36:20.207371,Q1,7,1-3 years
2925,47,Female,Finance,Senior,15.3,0.7,8661.02,3.4,2.0,3.2,3.2,4.5,1,1,19.9,71,0,0,Remote,Bachelor,Single,2025-05-19 20:36:20.207371,2026-08-09 20:36:20.207371,Q2,24,>10 years
2926,36,Female,Finance,Senior,4.0,4.0,5297.37,2.9,3.0,3.2,2.9,3.6,0,1,2.9,46,0,1,Hybrid,High School,Married,2024-05-31 20:36:20.207371,2025-07-07 20:36:20.207371,Q2,422,3-5 years
2927,23,Female,Engineering,Junior,3.6,0.3,4836.55,3.3,2.0,1.6,3.4,3.2,0,2,15.8,80,0,0,Onsite,High School,Married,2023-09-25 20:36:20.207371,2026-06-15 20:36:20.207371,Q3,79,3-5 years
2928,44,Male,Operations,Senior,4.5,0.6,6886.23,3.8,4.0,3.8,4.5,3.3,0,1,7.8,61,0,0,Onsite,Bachelor,Married,2025-07-12 20:36:20.207371,2024-12-15 20:36:20.207371,Q3,626,3-5 years
2929,25,Female,Engineering,Manager,19.3,0.5,8551.35,3.9,2.0,2.2,2.8,3.9,0,1,14.5,13,0,0,Onsite,Bachelor,Married,2017-11-19 20:36:20.207371,2025-10-11 20:36:20.207371,Q4,326,>10 years
2930,33,Male,Marketing,Manager,2.0,2.0,5278.78,3.5,4.0,3.0,4.7,4.2,0,0,13.7,31,0,0,Hybrid,PhD,Married,2021-11-08 20:36:20.207371,2026-06-03 20:36:20.207371,Q4,91,1-3 years
2931,44,Female,Finance,Senior,4.3,4.3,5366.26,2.9,3.0,2.6,4.1,3.9,1,1,23.4,42,0,0,Onsite,Bachelor,Married,2019-09-03 20:36:20.207371,2025-10-05 20:36:20.207371,Q3,332,3-5 years
2932,45,Female,HR,Executive,4.6,2.6,7237.8,4.3,3.0,3.5,3.2,4.3,0,2,7.9,80,0,0,Onsite,Bachelor,Married,2026-01-10 20:36:20.207371,2023-01-01 20:36:20.207371,Q1,1340,3-5 years
2933,31,Female,IT,Senior,1.1,1.1,4186.77,2.2,,2.6,3.5,3.3,0,2,4.1,41,0,0,Hybrid,Bachelor,Married,2020-03-10 20:36:20.207371,2026-08-18 20:36:20.207371,Q1,15,1-3 years
2934,41,Female,Engineering,Executive,17.4,1.7,8910.86,2.6,4.0,3.1,2.7,4.6,0,3,16.4,54,0,0,Hybrid,Bachelor,Married,2019-10-25 20:36:20.207371,2025-02-27 20:36:20.207371,Q4,552,>10 years
2935,22,Female,IT,Junior,2.5,2.5,5536.53,4.2,2.0,2.5,1.7,4.2,0,2,20.8,102,0,0,Onsite,Bachelor,Divorced,2020-01-13 20:36:20.207371,2024-08-12 20:36:20.207371,Q1,751,1-3 years
2936,30,Female,Operations,Senior,2.5,0.3,4432.17,3.2,3.0,2.5,3.5,3.7,0,2,29.7,10,0,0,Remote,Bachelor,Married,2022-01-30 20:36:20.207371,2025-11-03 20:36:20.207371,Q1,303,1-3 years
2937,49,Female,Marketing,Junior,12.0,1.3,7715.96,3.2,2.0,,3.6,4.1,0,2,5.1,23,0,1,Hybrid,PhD,Single,2019-10-24 20:36:20.207371,2024-07-17 20:36:20.207371,Q4,777,>10 years
2938,48,Male,HR,Manager,7.0,2.8,7058.46,3.7,,4.0,2.6,4.1,1,2,1.0,55,0,0,Onsite,Bachelor,Single,2017-06-17 20:36:20.207371,2022-08-26 20:36:20.207371,Q2,1468,5-10 years
2939,41,Male,Operations,Lead,2.3,2.3,5216.04,3.0,3.0,3.1,3.5,4.1,1,3,34.3,62,0,0,Onsite,Bachelor,Married,2016-09-30 20:36:20.207371,2023-05-18 20:36:20.207371,Q3,1203,1-3 years
2940,33,Male,Sales,Junior,1.4,1.4,5130.43,2.8,3.0,3.0,3.7,4.5,0,2,14.9,80,0,0,Hybrid,Master,,2021-06-13 20:36:20.207371,2025-09-15 20:36:20.207371,Q2,352,1-3 years
2941,43,Female,Sales,Junior,0.5,0.5,4778.6,3.4,2.0,3.3,3.9,3.8,0,3,4.0,42,0,0,Hybrid,Master,Single,2017-11-15 20:36:20.207371,2026-03-09 20:36:20.207371,Q4,177,<1 year
2942,34,Male,IT,Junior,1.7,1.7,5564.38,3.7,3.0,3.4,2.3,3.4,1,1,27.9,100,0,0,Hybrid,High School,Single,2025-03-29 20:36:20.207371,2026-06-09 20:36:20.207371,Q1,85,1-3 years
2943,36,Female,Engineering,Lead,0.8,0.8,4401.67,,2.0,5.0,2.8,4.0,1,2,2.7,70,0,0,Onsite,Master,Divorced,2017-02-23 20:36:20.207371,2026-08-12 20:36:20.207371,Q1,21,<1 year
2944,35,Female,IT,Manager,1.4,1.4,4660.08,3.5,2.0,2.7,3.8,4.2,1,1,23.7,65,0,0,Hybrid,High School,Single,2022-06-03 20:36:20.207371,2023-11-06 20:36:20.207371,Q2,1031,1-3 years
2945,27,Male,Engineering,Senior,15.9,0.5,7082.87,2.6,2.0,2.4,3.7,3.3,0,2,12.3,43,0,0,Hybrid,Master,Married,2019-01-31 20:36:20.207371,2024-07-16 20:36:20.207371,Q1,778,>10 years
2946,42,Female,Finance,Intern,1.2,0.5,4737.21,3.7,1.0,3.6,3.5,4.3,1,0,22.2,44,0,0,Onsite,Master,Divorced,2024-10-03 20:36:20.207371,2025-03-26 20:36:20.207371,Q4,525,1-3 years
2947,24,Female,Engineering,Senior,0.5,0.2,3994.81,3.9,4.0,3.5,4.4,4.6,0,6,9.2,102,0,0,Onsite,Master,Divorced,2024-06-06 20:36:20.207371,2026-05-18 20:36:20.207371,Q2,107,<1 year
2948,42,Female,IT,Senior,1.2,1.2,5996.14,4.8,2.0,3.9,3.9,4.0,0,2,6.4,29,0,0,Hybrid,Bachelor,Single,2018-07-06 20:36:20.207371,2026-07-09 20:36:20.207371,Q3,55,1-3 years
2949,25,Female,Operations,Junior,4.9,2.1,5367.1,3.8,3.0,2.8,3.5,3.4,0,1,6.8,68,0,0,Hybrid,Bachelor,Married,2021-05-29 20:36:20.207371,2023-08-29 20:36:20.207371,Q2,1100,3-5 years
2950,27,Non-Binary,Engineering,Senior,11.0,0.8,6636.89,2.9,2.0,3.6,3.4,3.7,0,2,13.6,64,0,0,Hybrid,Master,Married,2017-02-26 20:36:20.207371,2023-05-20 20:36:20.207371,Q1,1201,>10 years
2951,22,Male,Operations,Junior,2.5,2.5,4123.48,3.7,3.0,3.6,3.5,4.0,1,2,11.9,105,0,0,Remote,Bachelor,Married,2017-11-28 20:36:20.207371,2024-02-27 20:36:20.207371,Q4,918,1-3 years
2952,33,Female,Operations,Senior,9.2,0.3,7159.52,3.6,4.0,4.5,3.3,3.5,1,3,64.2,79,1,0,Remote,Master,,2019-04-01 20:36:20.207371,2026-04-03 20:36:20.207371,Q2,152,5-10 years
2953,36,Male,Sales,Manager,4.9,3.3,6817.75,3.9,3.0,3.8,3.0,3.9,1,2,5.6,43,0,1,Hybrid,Bachelor,Divorced,2019-08-20 20:36:20.207371,2026-02-01 20:36:20.207371,Q3,213,3-5 years
2954,43,Female,Finance,Senior,0.6,0.6,4940.09,3.9,4.0,4.6,3.0,3.5,0,1,6.1,58,0,0,Hybrid,Bachelor,Married,2025-09-25 20:36:20.207371,2021-09-17 20:36:20.207371,Q3,1811,<1 year
2955,48,Male,Sales,Junior,4.2,1.8,6325.25,5.0,2.0,3.0,3.7,3.5,0,2,66.6,89,0,0,Onsite,Master,Divorced,2017-09-03 20:36:20.207371,2025-08-15 20:36:20.207371,Q3,383,3-5 years
2956,22,Male,Operations,Junior,4.4,4.4,5299.16,,3.0,3.9,2.9,3.0,0,1,1.1,56,1,0,Hybrid,Master,Single,2025-12-04 20:36:20.207371,2026-03-02 20:36:20.207371,Q4,184,3-5 years
2957,44,Male,Sales,Junior,1.7,1.7,5399.44,2.2,3.0,5.0,4.6,4.1,0,1,26.1,94,0,1,Onsite,Bachelor,Married,2025-11-20 20:36:20.207371,2026-08-23 20:36:20.207371,Q4,10,1-3 years
2958,30,Female,Operations,Executive,4.2,1.2,5004.72,2.5,4.0,3.3,2.8,4.5,0,1,7.1,44,0,0,Onsite,Master,Married,2022-05-27 20:36:20.207371,2024-12-25 20:36:20.207371,Q2,616,3-5 years
2959,34,Female,Finance,Senior,13.0,0.9,7799.56,3.6,4.0,4.1,3.1,4.4,1,4,5.3,69,0,1,Onsite,Bachelor,Single,2020-06-05 20:36:20.207371,2021-03-12 20:36:20.207371,Q2,2000,>10 years
2960,33,Female,IT,Lead,1.1,1.1,24630.83870313002,2.5,1.0,3.4,2.9,2.3,1,3,3.4,49,0,1,Onsite,PhD,Single,2021-05-31 20:36:20.207371,2025-08-25 20:36:20.207371,Q2,373,1-3 years
2961,30,Male,Sales,Manager,12.6,0.4,7625.75,3.7,4.0,3.4,2.4,4.6,0,0,49.7,72,0,0,Hybrid,High School,Married,2018-07-07 20:36:20.207371,2026-06-03 20:36:20.207371,Q3,91,>10 years
2962,26,Male,Engineering,Lead,25.0,4.2,8729.46,4.5,3.0,2.4,3.0,3.4,0,2,8.7,24,0,0,Hybrid,Bachelor,Divorced,2025-12-08 20:36:20.207371,2026-01-31 20:36:20.207371,Q4,214,>10 years
2963,37,Male,Engineering,Manager,1.5,0.7,,3.3,3.0,3.5,3.9,4.1,0,0,8.6,57,0,1,Hybrid,Bachelor,Married,2018-07-12 20:36:20.207371,2025-09-21 20:36:20.207371,Q3,346,1-3 years
2964,43,Female,Marketing,Junior,1.1,0.9,6070.55,4.4,3.0,3.1,4.5,3.0,0,1,1.0,48,0,0,Onsite,Master,Married,2023-05-17 20:36:20.207371,2025-07-04 20:36:20.207371,Q2,425,1-3 years
2965,22,Female,Engineering,Senior,0.5,0.5,4070.26,3.8,3.0,3.1,3.0,3.9,1,3,2.1,56,1,0,Hybrid,Bachelor,Married,2019-01-18 20:36:20.207371,2026-04-20 20:36:20.207371,Q1,135,<1 year
2966,34,Female,Marketing,Executive,4.1,3.5,5658.52,3.8,3.0,3.4,2.9,4.0,1,0,23.0,47,1,0,Onsite,Master,Married,2022-11-06 20:36:20.207371,2025-11-19 20:36:20.207371,Q4,287,3-5 years
2967,28,Male,Sales,Lead,1.7,1.7,,3.7,1.0,4.3,2.5,3.4,0,2,18.3,28,0,0,Hybrid,High School,Single,2025-06-19 20:36:20.207371,2025-08-15 20:36:20.207371,Q2,383,1-3 years
2968,45,Female,Engineering,Intern,17.9,0.1,9944.4,2.8,2.0,2.7,3.2,3.5,0,3,7.4,86,0,1,Hybrid,High School,Single,2017-09-06 20:36:20.207371,2022-10-16 20:36:20.207371,Q3,1417,>10 years
2969,39,Female,Engineering,Junior,4.0,0.5,5686.33,3.3,1.0,4.5,2.5,3.4,0,3,50.7,49,0,0,Onsite,Bachelor,Single,2022-05-05 20:36:20.207371,2026-01-09 20:36:20.207371,Q2,236,3-5 years
2970,50,Female,Engineering,Junior,3.7,1.1,5996.45,4.7,3.0,3.9,3.0,3.9,0,3,8.8,60,0,0,Onsite,Bachelor,Divorced,2016-11-15 20:36:20.207371,2026-03-09 20:36:20.207371,Q4,177,3-5 years
2971,22,Male,Engineering,Junior,1.8,1.4,4297.32,3.6,3.0,2.0,2.9,3.0,0,1,8.1,62,0,0,Hybrid,Master,,2017-11-01 20:36:20.207371,2025-12-27 20:36:20.207371,Q4,249,1-3 years
2972,45,Female,IT,Manager,0.8,0.8,5579.23,4.2,2.0,3.3,2.6,4.2,0,2,7.2,94,0,0,Onsite,Bachelor,Married,2024-12-15 20:36:20.207371,2025-12-27 20:36:20.207371,Q4,249,<1 year
2973,36,Female,Marketing,Lead,0.9,0.2,5436.28,4.1,4.0,3.6,3.7,3.9,0,1,41.5,74,1,1,Hybrid,Bachelor,Married,2022-10-03 20:36:20.207371,2026-07-16 20:36:20.207371,Q4,48,<1 year
2974,27,Male,Operations,Manager,10.6,0.3,6635.19,2.7,4.0,3.6,4.4,5.0,1,1,24.3,42,0,0,Onsite,Master,Single,2023-05-28 20:36:20.207371,2026-01-23 20:36:20.207371,Q2,222,>10 years
2975,39,Female,Sales,Senior,6.0,0.2,6373.71,3.4,2.0,1.0,3.4,4.3,0,2,3.5,46,0,1,Hybrid,Master,Single,2018-09-20 20:36:20.207371,2026-08-13 20:36:20.207371,Q3,20,5-10 years
2976,50,Female,Engineering,Executive,0.5,0.5,5762.87,2.7,4.0,2.8,3.8,3.3,0,3,23.6,36,0,0,Onsite,High School,Married,2020-08-06 20:36:20.207371,2026-08-22 20:36:20.207371,Q3,11,<1 year
2977,51,Female,Sales,Senior,7.2,7.2,7146.83,3.6,4.0,4.0,4.1,3.6,0,3,13.8,84,0,0,Hybrid,Bachelor,Divorced,2017-08-19 20:36:20.207371,2024-11-02 20:36:20.207371,Q3,669,5-10 years
2978,43,Male,Finance,Senior,8.0,0.4,6942.94,3.7,4.0,2.8,3.3,3.6,0,4,8.6,49,0,0,Onsite,Bachelor,Single,2024-02-04 20:36:20.207371,2023-08-09 20:36:20.207371,Q1,1120,5-10 years
2979,25,Male,Operations,Manager,6.4,0.5,4767.27,4.0,3.0,,2.9,4.0,0,4,1.5,72,0,0,Hybrid,Bachelor,Married,2026-01-11 20:36:20.207371,2026-02-08 20:36:20.207371,Q1,206,5-10 years
2980,38,Female,Finance,Lead,0.8,0.5,5778.34,4.3,4.0,2.8,4.1,3.9,0,3,17.9,64,0,0,Onsite,Master,Married,2023-09-08 20:36:20.207371,2025-08-16 20:36:20.207371,Q3,382,<1 year
2981,38,Male,Finance,Junior,2.8,2.8,5150.06,3.8,3.0,3.9,3.6,3.8,0,3,23.0,64,0,0,Onsite,Master,,2019-12-09 20:36:20.207371,2023-10-08 20:36:20.207371,Q4,1060,1-3 years
2982,47,Male,Engineering,Junior,4.5,1.2,6334.67,3.2,3.0,4.3,3.0,3.0,1,2,14.9,59,0,1,Onsite,Master,,2025-07-30 20:36:20.207371,2021-04-30 20:36:20.207371,Q3,1951,3-5 years
2983,33,Male,Engineering,Manager,12.3,3.8,7503.41,3.3,2.0,3.2,4.0,2.5,0,1,4.7,66,0,0,Hybrid,Master,Married,2024-08-14 20:36:20.207371,2024-10-21 20:36:20.207371,Q3,681,>10 years
2984,35,Female,IT,Lead,13.2,1.8,6835.03,2.6,3.0,,3.1,2.7,1,3,4.1,47,0,0,Onsite,Master,Single,2021-02-05 20:36:20.207371,2024-09-05 20:36:20.207371,Q1,727,>10 years
2985,28,Male,IT,Senior,2.0,0.1,4574.23,3.9,3.0,1.9,2.8,3.5,1,1,7.9,47,0,0,Onsite,Bachelor,Married,2018-03-05 20:36:20.207371,2023-11-21 20:36:20.207371,Q1,1016,1-3 years
2986,41,Male,Finance,Junior,0.5,0.5,4394.61,2.7,4.0,3.3,3.3,4.0,0,1,12.6,71,0,0,Remote,High School,Single,2024-11-19 20:36:20.207371,2025-11-23 20:36:20.207371,Q4,283,<1 year
2987,32,Female,Operations,Senior,16.1,0.3,7449.19,3.9,2.0,4.3,3.2,3.3,0,4,27.7,72,0,0,Onsite,PhD,Married,2024-08-26 20:36:20.207371,2025-11-30 20:36:20.207371,Q3,276,>10 years
2988,36,Male,Operations,Junior,14.6,1.9,9113.54,,4.0,3.4,4.5,3.7,0,2,2.1,78,0,1,Hybrid,Bachelor,Married,2021-04-15 20:36:20.207371,2023-12-30 20:36:20.207371,Q2,977,>10 years
2989,30,Male,Marketing,Senior,4.0,1.5,6119.42,3.0,4.0,2.5,3.4,3.0,0,1,12.8,30,1,0,Hybrid,Bachelor,Married,2024-01-22 20:36:20.207371,2026-01-20 20:36:20.207371,Q1,225,3-5 years
2990,35,Male,Operations,Manager,6.4,2.2,6675.92,2.3,2.0,3.2,2.6,3.6,0,2,7.8,43,1,0,Hybrid,Bachelor,Single,2026-01-05 20:36:20.207371,2023-07-10 20:36:20.207371,Q1,1150,5-10 years
2991,24,Non-Binary,Sales,Lead,1.5,1.5,4333.15,3.2,4.0,2.8,4.1,3.9,0,2,4.6,56,0,0,Hybrid,Bachelor,Married,2023-12-26 20:36:20.207371,2023-12-11 20:36:20.207371,Q4,996,1-3 years
2992,36,Male,Finance,Junior,2.9,2.9,5883.84,3.7,4.0,3.4,3.1,4.3,1,2,2.5,101,0,1,Remote,Master,Divorced,2025-07-21 20:36:20.207371,2025-08-22 20:36:20.207371,Q3,376,1-3 years
2993,28,Female,IT,Junior,1.2,1.2,4553.68,3.1,3.0,2.9,3.6,4.4,1,0,28.1,68,0,0,Remote,Bachelor,Divorced,2024-01-21 20:36:20.207371,2025-12-12 20:36:20.207371,Q1,264,1-3 years
2994,41,Male,HR,Manager,1.4,0.5,5412.53,2.8,1.0,2.0,4.7,3.5,0,2,49.2,70,0,0,Hybrid,PhD,Divorced,2017-09-30 20:36:20.207371,2026-06-12 20:36:20.207371,Q3,82,1-3 years
2995,53,Female,Engineering,Lead,2.0,2.0,6280.45,4.4,4.0,3.5,4.5,4.3,1,3,36.7,59,0,1,Hybrid,,Single,2021-01-05 20:36:20.207371,2025-07-18 20:36:20.207371,Q1,411,1-3 years
2996,43,Male,Operations,Lead,1.7,1.3,5534.37,4.2,,4.3,2.3,3.9,0,2,7.7,80,0,0,Hybrid,Master,Married,2025-06-24 20:36:20.207371,2025-01-23 20:36:20.207371,Q2,587,1-3 years
2997,23,Male,Engineering,Senior,2.8,2.8,4692.93,3.9,3.0,2.5,3.4,3.3,0,5,9.7,44,0,0,Hybrid,Bachelor,Married,2021-09-08 20:36:20.207371,2026-05-28 20:36:20.207371,Q3,97,1-3 years
2998,31,Female,Operations,Senior,17.6,0.6,9175.18,3.9,4.0,3.4,2.3,5.0,1,3,21.4,78,0,1,Hybrid,Bachelor,Single,2026-05-08 20:36:20.207371,2025-11-13 20:36:20.207371,Q2,293,>10 years
2999,22,Female,HR,Lead,2.7,0.1,4831.62,4.0,2.0,3.0,4.2,4.1,1,1,17.1,54,0,0,Onsite,Master,Married,2017-01-02 20:36:20.207371,2024-01-13 20:36:20.207371,Q1,963,1-3 years
3000,35,Male,Marketing,Lead,0.6,0.6,4731.55,2.7,3.0,,2.8,3.0,0,2,4.5,62,0,0,Onsite,Master,Married,2017-05-05 20:36:20.207371,2025-12-11 20:36:20.207371,Q2,265,<1 year
