order_id,order_date,customer_id,age,gender,city,region,category,product,unit_price,quantity,discount,payment_method,customer_type,rating,revenue
ORD102307,2024-01-01,1293,18.0,Female,Rawalpindi,North,Electronics,Smartphone,815.67,1,0.0,Credit Card,Returning,3.9,815.67
ORD100603,2024-01-01,1664,18.0,Male,Faisalabad,East,Electronics,Smartphone,738.92,4,0.1,Cash,Returning,4.1,2660.11
ORD103112,2024-01-01,1399,42.0,Female,Islamabad,North,Accessories,Wallet,50.23,5,0.1,Debit Card,Returning,3.6,226.04
ORD102049,2024-01-01,1549,36.0,Male,Peshawar,West,Clothing,Jeans,66.89,1,0.1,Bank Transfer,Returning,5.0,60.2
ORD101992,2024-01-01,1122,18.0,Male,Quetta,West,Electronics,Monitor,279.56,7,0.0,Credit Card,Returning,4.4,1956.92
ORD103548,2024-01-01,1549,19.0,Male,Faisalabad,East,Electronics,Monitor,287.0,2,0.15,Digital Wallet,Returning,3.7,487.9
ORD101797,2024-01-01,1082,25.0,Female,Peshawar,West,Clothing,T-Shirt,29.67,3,0.15,Debit Card,Returning,3.8,75.66
ORD101619,2024-01-01,1414,29.0,Female,Lahore,East,Accessories,Sunglasses,76.23,1,0.0,Digital Wallet,New,4.2,76.23
ORD103483,2024-01-02,1533,38.0,Male,Rawalpindi,North,Electronics,Mouse,35.46,1,0.3,Debit Card,VIP,3.8,24.82
ORD100571,2024-01-02,1253,19.0,Male,Quetta,West,Clothing,Shoes,86.02,4,0.0,Debit Card,New,3.9,344.08
ORD103943,2024-01-02,1450,24.0,Female,Peshawar,West,Electronics,Headphones,122.92,3,0.05,Bank Transfer,Returning,4.9,350.32
ORD103539,2024-01-02,1757,37.0,Male,Rawalpindi,North,Electronics,Laptop,1266.81,1,0.0,Digital Wallet,New,3.1,1266.81
ORD102584,2024-01-02,1466,33.0,Male,Multan,South,Electronics,Keyboard,75.44,3,0.1,Credit Card,New,4.6,203.69
ORD102250,2024-01-02,1089,34.0,Female,Peshawar,West,Accessories,Backpack,49.25,3,0.0,Credit Card,Returning,3.4,147.75
ORD103327,2024-01-03,1075,37.0,Male,Quetta,West,Clothing,T-Shirt,29.88,3,0.0,Digital Wallet,New,3.9,89.64
ORD102012,2024-01-03,1318,49.0,Male,Multan,South,Clothing,Shoes,95.34,1,0.2,Credit Card,Returning,4.3,76.27
ORD100099,2024-01-03,1792,34.0,Female,Karachi,South,Clothing,T-Shirt,30.01,2,0.1,Digital Wallet,Returning,2.8,54.02
ORD100925,2024-01-04,1672,40.0,Female,Multan,South,Clothing,Shoes,98.17,2,0.1,Bank Transfer,VIP,4.0,176.71
ORD103164,2024-01-04,1514,42.0,Male,Multan,South,Clothing,Shoes,88.16,3,0.3,Credit Card,Returning,3.3,185.14
ORD103093,2024-01-04,1400,28.0,Female,Lahore,East,Clothing,Shoes,89.4,1,0.1,Digital Wallet,New,2.7,80.46
ORD102802,2024-01-04,1368,34.0,Male,Karachi,South,Accessories,Wallet,47.45,3,0.0,Cash,New,5.0,142.35
ORD101130,2024-01-04,1779,45.0,Female,Islamabad,North,Accessories,Backpack,51.44,2,0.0,Debit Card,Returning,4.6,102.88
ORD100849,2024-01-05,1551,24.0,Female,Quetta,West,Electronics,Smartphone,735.93,7,0.1,Digital Wallet,VIP,5.0,4636.36
ORD100707,2024-01-05,1451,18.0,Male,Rawalpindi,North,Electronics,Monitor,299.5,7,0.2,Credit Card,VIP,4.1,1677.2
ORD100770,2024-01-05,1090,35.0,Female,Peshawar,West,Electronics,Monitor,299.96,1,0.05,Debit Card,New,4.4,284.96
ORD102690,2024-01-05,1742,39.0,Male,Faisalabad,East,Clothing,T-Shirt,31.46,3,0.0,Credit Card,New,3.1,94.38
ORD104737,2024-01-06,1134,39.0,Male,Lahore,East,Clothing,T-Shirt,28.72,7,0.2,Debit Card,VIP,2.8,160.83
ORD100843,2024-01-06,1488,51.0,Female,Rawalpindi,North,Clothing,Shoes,97.89,3,0.0,Debit Card,Returning,3.9,293.67
ORD104333,2024-01-06,1141,39.0,Male,Islamabad,North,Electronics,Smartphone,760.39,1,0.0,Bank Transfer,Returning,4.2,760.39
ORD100649,2024-01-06,1039,45.0,Male,Faisalabad,East,Accessories,Backpack,60.21,1,0.15,Debit Card,Returning,4.7,51.18
ORD100936,2024-01-06,1405,19.0,Female,Islamabad,North,Electronics,Headphones,103.34,6,0.2,Credit Card,Returning,2.0,496.03
ORD100523,2024-01-06,1341,42.0,Female,Faisalabad,East,Electronics,Tablet,482.9,3,0.0,Debit Card,Returning,4.2,1448.7
ORD100927,2024-01-06,1634,18.0,Female,Islamabad,North,Electronics,Headphones,132.05,3,0.0,Debit Card,New,4.4,396.15
ORD103474,2024-01-06,1588,18.0,Female,Karachi,South,Electronics,Monitor,303.44,1,0.3,Bank Transfer,VIP,4.5,212.41
ORD102902,2024-01-07,1696,39.0,Male,Karachi,South,Clothing,T-Shirt,29.81,4,0.0,Bank Transfer,Returning,4.0,119.24
ORD104433,2024-01-07,1199,29.0,Female,Islamabad,North,Clothing,T-Shirt,29.83,1,0.15,Credit Card,New,3.5,25.36
ORD104271,2024-01-07,1277,48.0,Female,Islamabad,North,Electronics,Headphones,102.02,3,0.0,Digital Wallet,New,,306.06
ORD100037,2024-01-07,1511,18.0,Male,Peshawar,West,Electronics,Laptop,1172.02,6,0.05,Digital Wallet,New,2.1,6680.51
ORD103533,2024-01-07,1190,32.0,Female,Islamabad,North,Electronics,Laptop,1319.93,6,0.0,Bank Transfer,VIP,4.4,7919.58
ORD104257,2024-01-07,1753,22.0,Female,Karachi,South,Electronics,Keyboard,73.92,1,0.05,Credit Card,New,3.7,70.22
ORD101944,2024-01-07,1064,27.0,Male,Islamabad,North,Clothing,Jacket,109.81,3,0.15,Credit Card,New,3.7,280.02
ORD104963,2024-01-07,1558,35.0,Female,Lahore,East,Electronics,Smartwatch,212.99,1,0.05,Digital Wallet,New,3.4,202.34
ORD101393,2024-01-07,1700,18.0,Male,Karachi,South,Electronics,Tablet,543.52,1,0.05,Digital Wallet,Returning,3.2,516.34
ORD104059,2024-01-07,1431,34.0,Male,Peshawar,West,Accessories,Sunglasses,83.38,1,0.2,Debit Card,VIP,5.0,66.7
ORD102593,2024-01-08,1164,30.0,Male,Karachi,South,Clothing,Shoes,94.72,5,0.0,Debit Card,Returning,3.7,473.6
ORD100355,2024-01-08,1563,36.0,Female,Multan,South,Accessories,Sunglasses,78.48,2,0.0,Bank Transfer,New,4.4,156.96
ORD101860,2024-01-08,1459,30.0,Male,Quetta,West,Electronics,Headphones,126.73,1,0.0,Bank Transfer,New,4.0,126.73
ORD100819,2024-01-08,1405,29.0,Male,Karachi,South,Electronics,Monitor,295.96,1,0.3,Credit Card,Returning,2.0,207.17
ORD101311,2024-01-08,1736,30.0,Female,Karachi,South,Electronics,Monitor,297.36,4,0.05,Credit Card,New,4.0,1129.97
ORD104366,2024-01-08,1790,18.0,Male,Faisalabad,East,Clothing,Jacket,98.75,1,0.15,Credit Card,New,2.7,83.94
ORD101608,2024-01-09,1722,22.0,Female,Islamabad,North,Electronics,Laptop,1212.91,1,0.15,Bank Transfer,New,3.9,1030.97
ORD101087,2024-01-09,1559,29.0,Female,Lahore,East,Electronics,Mouse,33.92,1,0.05,Digital Wallet,Returning,3.7,32.22
ORD102538,2024-01-09,1663,40.0,Female,Rawalpindi,North,Clothing,Shoes,91.77,3,0.0,Bank Transfer,Returning,3.3,275.31
ORD103631,2024-01-09,1296,24.0,Female,Multan,South,Clothing,Shoes,85.58,7,0.15,Bank Transfer,New,3.7,509.2
ORD104383,2024-01-09,1672,40.0,Female,Lahore,East,Electronics,Tablet,497.27,2,0.2,Credit Card,Returning,3.3,795.63
ORD102313,2024-01-10,1326,54.0,Male,Islamabad,North,Electronics,Mouse,34.13,1,0.15,Debit Card,Returning,3.8,29.01
ORD102251,2024-01-10,1688,27.0,Female,Multan,South,Electronics,Smartphone,818.06,1,0.05,Digital Wallet,Returning,3.3,777.16
ORD103369,2024-01-10,1115,40.0,Female,Rawalpindi,North,Electronics,Headphones,110.06,6,0.1,Bank Transfer,New,5.0,594.32
ORD104715,2024-01-10,1636,31.0,Male,Peshawar,West,Electronics,Laptop,1216.84,4,0.0,Credit Card,New,4.7,4867.36
ORD100704,2024-01-10,1531,35.0,Female,Peshawar,West,Clothing,T-Shirt,28.07,8,0.05,Credit Card,Returning,4.3,213.33
ORD101827,2024-01-10,1222,49.0,Female,Islamabad,North,Accessories,Backpack,55.89,4,0.1,Digital Wallet,Returning,3.2,201.2
ORD100435,2024-01-11,1471,40.0,Male,Multan,South,Electronics,Tablet,537.38,4,0.0,Bank Transfer,New,4.0,2149.52
ORD102737,2024-01-11,1017,36.0,Male,Lahore,East,Accessories,Wallet,47.85,2,0.3,Digital Wallet,New,4.0,66.99
ORD104406,2024-01-11,1769,19.0,Male,Peshawar,West,Electronics,Smartphone,760.62,4,0.0,Credit Card,Returning,4.3,3042.48
ORD104650,2024-01-11,1401,42.0,Female,Faisalabad,East,Electronics,Mouse,36.27,3,0.0,Bank Transfer,Returning,4.2,108.81
ORD104787,2024-01-12,1795,33.0,Female,Peshawar,West,Electronics,Smartphone,800.28,1,0.1,Digital Wallet,Returning,4.0,720.25
ORD101187,2024-01-12,1254,21.0,Male,Lahore,East,Clothing,Jacket,108.32,4,0.0,Digital Wallet,Returning,4.3,433.28
ORD101627,2024-01-12,1739,30.0,Male,Lahore,East,Electronics,Smartphone,795.31,1,0.2,Digital Wallet,New,4.1,636.25
ORD104194,2024-01-12,1059,19.0,Male,Peshawar,West,Electronics,Keyboard,70.81,3,0.0,Digital Wallet,Returning,4.3,212.43
ORD103617,2024-01-12,1713,39.0,Male,Lahore,East,Electronics,Laptop,1185.14,4,0.15,Credit Card,Returning,4.3,4029.48
ORD101031,2024-01-12,1738,19.0,Female,Lahore,East,Accessories,Sunglasses,85.71,3,0.0,Credit Card,Returning,4.3,257.13
ORD104652,2024-01-12,1517,41.0,Male,Rawalpindi,North,Accessories,Sunglasses,73.54,6,0.15,Credit Card,New,4.0,375.05
ORD101153,2024-01-12,1691,18.0,Male,Peshawar,West,Electronics,Tablet,547.79,3,0.05,Cash,Returning,3.3,1561.2
ORD102574,2024-01-12,1134,28.0,Male,Karachi,South,Accessories,Backpack,54.3,6,0.0,Credit Card,Returning,2.8,325.8
ORD104402,2024-01-12,1091,34.0,Male,Multan,South,Electronics,Laptop,1209.27,3,0.05,Digital Wallet,New,2.9,3446.42
ORD101898,2024-01-13,1527,18.0,Male,Rawalpindi,North,Accessories,Sunglasses,81.22,2,0.2,Credit Card,Returning,2.9,129.95
ORD103219,2024-01-13,1379,30.0,Male,Karachi,South,Electronics,Smartphone,779.79,1,0.2,Digital Wallet,New,4.0,623.83
ORD100860,2024-01-13,1389,31.0,Female,Rawalpindi,North,Electronics,Keyboard,72.12,3,0.0,Cash,Returning,4.8,216.36
ORD102344,2024-01-13,1106,41.0,Male,Rawalpindi,North,Electronics,Keyboard,66.64,3,0.2,Digital Wallet,New,2.0,159.94
ORD102694,2024-01-13,1471,49.0,Male,Quetta,West,Electronics,Tablet,503.46,8,0.1,Digital Wallet,New,3.8,3624.91
ORD103963,2024-01-13,1437,36.0,Male,Faisalabad,East,Electronics,Mouse,35.0,2,0.0,Digital Wallet,Returning,4.2,70.0
ORD100349,2024-01-13,1022,61.0,Female,Karachi,South,Electronics,Monitor,315.87,5,0.15,Credit Card,New,2.4,1342.45
ORD100421,2024-01-13,1682,34.0,Female,Lahore,East,Clothing,Jeans,60.74,1,0.1,Digital Wallet,Returning,3.6,54.67
ORD100575,2024-01-13,1727,18.0,Female,Multan,South,Clothing,T-Shirt,33.67,3,0.0,Credit Card,New,3.3,101.01
ORD102142,2024-01-13,1361,21.0,Female,Karachi,South,Electronics,Monitor,260.21,4,0.2,Bank Transfer,Returning,3.7,832.67
ORD102394,2024-01-14,1293,41.0,Male,Faisalabad,East,Clothing,Shoes,91.78,4,0.15,Debit Card,New,3.6,312.05
ORD103444,2024-01-14,1432,29.0,Male,Faisalabad,East,Clothing,T-Shirt,29.68,4,0.15,Cash,VIP,4.6,100.91
ORD102554,2024-01-14,1262,30.0,Female,Rawalpindi,North,Electronics,Tablet,518.92,3,0.2,Credit Card,Returning,3.3,1245.41
ORD103035,2024-01-14,1078,33.0,Female,Faisalabad,East,Electronics,Smartphone,737.93,6,0.15,Digital Wallet,New,4.9,3763.44
ORD102062,2024-01-14,1725,25.0,Female,Lahore,East,Clothing,Shoes,97.12,2,0.0,Digital Wallet,New,3.3,194.24
ORD101685,2024-01-14,1107,52.0,Male,Quetta,West,Electronics,Smartphone,780.69,1,0.2,Digital Wallet,VIP,3.4,624.55
ORD100302,2024-01-14,1453,39.0,Male,Islamabad,North,Electronics,Monitor,327.54,3,0.0,Bank Transfer,New,3.0,982.62
ORD104164,2024-01-15,1134,48.0,Female,Islamabad,North,Electronics,Smartphone,720.22,2,0.25,Debit Card,New,4.1,1080.33
ORD101612,2024-01-15,1426,34.0,Male,Karachi,South,Electronics,Mouse,37.13,3,0.1,Credit Card,Returning,4.0,100.25
ORD101834,2024-01-15,1731,18.0,Male,Multan,South,Electronics,Tablet,522.85,8,0.1,Digital Wallet,Returning,5.0,3764.52
ORD101919,2024-01-15,1562,42.0,Female,Faisalabad,East,Clothing,Shoes,97.75,3,0.15,Cash,VIP,5.0,249.26
ORD103289,2024-01-16,1382,29.0,Male,Faisalabad,East,Electronics,Tablet,528.06,5,0.2,Bank Transfer,New,4.5,2112.24
ORD101604,2024-01-16,1497,19.0,Female,Multan,South,Electronics,Laptop,1231.27,3,0.0,Debit Card,New,4.2,3693.81
ORD103510,2024-01-16,1780,27.0,Male,Quetta,West,Electronics,Smartphone,738.43,1,0.15,Bank Transfer,Returning,3.8,627.67
ORD102246,2024-01-16,1575,21.0,Female,Multan,South,Clothing,T-Shirt,26.19,4,0.0,Credit Card,Returning,3.1,104.76
ORD102713,2024-01-16,1768,30.0,Male,Karachi,South,Accessories,Sunglasses,83.91,6,0.15,Digital Wallet,Returning,4.1,427.94
ORD104680,2024-01-16,1760,31.0,Male,Multan,South,Electronics,Tablet,533.25,4,0.1,Debit Card,New,2.5,1919.7
ORD103984,2024-01-16,1660,44.0,Male,Rawalpindi,North,Electronics,Headphones,126.27,1,0.0,Digital Wallet,Returning,3.6,126.27
ORD101122,2024-01-16,1137,44.0,Male,Islamabad,North,Clothing,Shoes,90.37,2,0.1,Bank Transfer,New,2.2,162.67
ORD104061,2024-01-16,1606,20.0,Female,Lahore,East,Electronics,Keyboard,69.66,2,0.2,Debit Card,New,3.3,111.46
ORD103009,2024-01-17,1432,32.0,Female,Faisalabad,East,Clothing,T-Shirt,33.01,1,0.2,Debit Card,Returning,4.0,26.41
ORD104041,2024-01-17,1691,34.0,Female,Faisalabad,East,Clothing,T-Shirt,29.33,1,0.25,Digital Wallet,Returning,3.4,22.0
ORD100031,2024-01-17,1022,36.0,Male,Islamabad,North,Clothing,Jacket,111.02,2,0.15,Credit Card,Returning,5.0,188.73
ORD103129,2024-01-17,1581,18.0,Female,Peshawar,West,Accessories,Backpack,58.94,1,0.0,Digital Wallet,Returning,4.2,58.94
ORD103908,2024-01-17,1257,34.0,Female,Multan,South,Clothing,Shoes,83.65,7,0.1,Debit Card,Returning,5.0,527.0
ORD101034,2024-01-17,1741,31.0,Male,Rawalpindi,North,Electronics,Smartphone,814.92,1,0.0,Digital Wallet,Returning,4.7,814.92
ORD103789,2024-01-18,1762,54.0,Female,Peshawar,West,Clothing,T-Shirt,30.4,2,0.0,Cash,Returning,2.9,60.8
ORD100486,2024-01-18,1393,30.0,Male,Lahore,East,Electronics,Monitor,316.89,2,0.1,Cash,New,4.7,570.4
ORD102634,2024-01-18,1642,57.0,Male,Lahore,East,Electronics,Headphones,123.18,2,0.0,Credit Card,Returning,3.5,246.36
ORD102510,2024-01-18,1542,42.0,Female,Multan,South,Clothing,T-Shirt,30.47,1,0.15,Digital Wallet,Returning,2.6,25.9
ORD102144,2024-01-18,1133,25.0,Male,Islamabad,North,Accessories,Backpack,55.98,2,0.0,Digital Wallet,VIP,4.5,111.96
ORD100279,2024-01-19,1148,32.0,Male,Peshawar,West,Electronics,Monitor,279.51,2,0.1,Debit Card,New,4.0,503.12
ORD101511,2024-01-19,1365,21.0,Male,Peshawar,West,Accessories,Backpack,50.03,2,0.15,Digital Wallet,New,3.8,85.05
ORD102899,2024-01-19,1421,18.0,Male,Peshawar,West,Accessories,Backpack,56.81,4,0.2,Credit Card,Returning,4.8,181.79
ORD100864,2024-01-19,1624,26.0,Female,Peshawar,West,Electronics,Smartwatch,224.77,2,0.05,Digital Wallet,VIP,4.3,427.06
ORD102520,2024-01-19,1321,29.0,Male,Karachi,South,Electronics,Mouse,32.76,1,0.1,Credit Card,VIP,4.7,29.48
ORD103015,2024-01-19,1183,23.0,Female,Lahore,East,Clothing,T-Shirt,31.14,5,0.0,Bank Transfer,New,4.4,155.7
ORD100013,2024-01-19,1459,26.0,Male,Karachi,South,Electronics,Smartwatch,217.56,2,0.25,Digital Wallet,New,4.4,326.34
ORD102973,2024-01-19,1772,44.0,Male,Islamabad,North,Electronics,Smartwatch,228.84,3,0.2,Debit Card,New,4.4,549.22
ORD102572,2024-01-19,1670,23.0,Male,Multan,South,Electronics,Keyboard,62.03,1,0.0,Debit Card,New,4.4,62.03
ORD101346,2024-01-20,1380,32.0,Female,Karachi,South,Electronics,Keyboard,65.51,5,0.05,Digital Wallet,New,3.7,311.17
ORD102604,2024-01-20,1117,41.0,Female,Islamabad,North,Clothing,Shoes,94.43,5,0.0,Credit Card,New,5.0,472.15
ORD103950,2024-01-20,1295,48.0,Female,Multan,South,Accessories,Sunglasses,82.79,2,0.0,Credit Card,VIP,4.2,165.58
ORD104512,2024-01-20,1382,30.0,Male,Islamabad,North,Accessories,Wallet,42.91,1,0.0,Cash,Returning,3.1,42.91
ORD101059,2024-01-21,1322,57.0,Female,Peshawar,West,Electronics,Monitor,303.73,1,0.05,Bank Transfer,Returning,4.2,288.54
ORD103582,2024-01-21,1153,36.0,Male,Islamabad,North,Electronics,Headphones,117.01,6,0.15,Credit Card,VIP,3.0,596.75
ORD101820,2024-01-21,1455,38.0,Female,Faisalabad,East,Electronics,Laptop,1221.73,2,0.0,Digital Wallet,Returning,3.5,2443.46
ORD104064,2024-01-21,1723,38.0,Male,Multan,South,Electronics,Smartphone,685.87,1,0.1,Bank Transfer,New,4.5,617.28
ORD101969,2024-01-21,1588,18.0,Female,Lahore,East,Accessories,Backpack,57.28,3,0.1,Credit Card,New,4.7,154.66
ORD104162,2024-01-21,1674,37.0,Female,Rawalpindi,North,Electronics,Laptop,1219.94,1,0.0,Bank Transfer,Returning,4.5,1219.94
ORD103336,2024-01-21,1724,52.0,Female,Karachi,South,Electronics,Smartphone,776.24,1,0.15,Digital Wallet,Returning,4.5,659.8
ORD102076,2024-01-22,1420,36.0,Female,Quetta,West,Electronics,Laptop,1158.29,1,0.1,Credit Card,New,2.9,1042.46
ORD100815,2024-01-22,1105,46.0,Male,Rawalpindi,North,Electronics,Monitor,316.16,3,0.25,Credit Card,Returning,4.2,711.36
ORD104425,2024-01-22,1651,33.0,Male,Karachi,South,Electronics,Laptop,1272.82,1,0.0,Bank Transfer,Returning,3.6,1272.82
ORD101228,2024-01-22,1616,40.0,Male,Quetta,West,Accessories,Sunglasses,72.44,2,0.0,Digital Wallet,New,2.9,144.88
ORD104312,2024-01-22,1332,26.0,Female,Rawalpindi,North,Electronics,Tablet,502.78,2,0.1,Digital Wallet,Returning,2.8,905.0
ORD101549,2024-01-22,1776,38.0,Female,Karachi,South,Accessories,Sunglasses,80.99,1,0.2,Debit Card,VIP,4.0,64.79
ORD104814,2024-01-22,1151,29.0,Female,Islamabad,North,Electronics,Headphones,124.78,3,0.1,Credit Card,New,2.8,336.91
ORD104584,2024-01-23,1175,20.0,Female,Peshawar,West,Accessories,Sunglasses,80.7,1,0.0,Digital Wallet,New,3.5,80.7
ORD104467,2024-01-23,1536,18.0,Male,Rawalpindi,North,Electronics,Tablet,468.6,4,0.25,Debit Card,Returning,3.0,1405.8
ORD104806,2024-01-23,1041,18.0,Female,Rawalpindi,North,Accessories,Wallet,48.74,2,0.05,Cash,New,3.4,92.61
ORD104098,2024-01-24,1263,31.0,Female,Rawalpindi,North,Clothing,Jeans,67.72,1,0.0,Credit Card,Returning,3.8,67.72
ORD104896,2024-01-24,1129,18.0,Female,Rawalpindi,North,Clothing,Jacket,109.1,5,0.05,Digital Wallet,Returning,3.5,518.22
ORD102025,2024-01-24,1127,25.0,Female,Lahore,East,Electronics,Mouse,34.89,1,0.15,Debit Card,VIP,4.9,29.66
ORD103866,2024-01-24,1022,38.0,Male,Multan,South,Electronics,Smartphone,737.19,1,0.1,Debit Card,VIP,3.3,663.47
ORD104218,2024-01-24,1800,31.0,Male,Rawalpindi,North,Clothing,Shoes,91.67,2,0.05,Debit Card,Returning,4.5,174.17
ORD100988,2024-01-25,1274,34.0,Female,Faisalabad,East,Electronics,Headphones,122.67,2,0.0,Digital Wallet,New,3.4,245.34
ORD100747,2024-01-25,1233,44.0,Male,Faisalabad,East,Electronics,Tablet,502.24,5,0.0,Credit Card,Returning,3.5,2511.2
ORD101807,2024-01-25,1667,36.0,Male,Islamabad,North,Electronics,Laptop,1187.38,2,0.0,Cash,New,5.0,2374.76
ORD102642,2024-01-25,1083,42.0,Female,Multan,South,Electronics,Headphones,133.84,1,0.25,Credit Card,VIP,,100.38
ORD104102,2024-01-25,1326,35.0,Male,Karachi,South,Electronics,Keyboard,68.28,3,0.0,Debit Card,VIP,3.5,204.84
ORD100053,2024-01-25,1274,39.0,Male,Peshawar,West,Clothing,T-Shirt,30.08,5,0.1,Digital Wallet,New,3.8,135.36
ORD101638,2024-01-25,1239,35.0,Male,Quetta,West,Electronics,Headphones,129.64,2,0.15,Credit Card,VIP,3.4,220.39
ORD100979,2024-01-25,1699,32.0,Female,Rawalpindi,North,Electronics,Monitor,310.35,2,0.05,Cash,Returning,3.8,589.66
ORD101555,2024-01-25,1710,40.0,Male,Faisalabad,East,Clothing,Shoes,82.37,1,0.1,Digital Wallet,Returning,3.3,74.13
ORD102965,2024-01-25,1536,36.0,Female,Peshawar,West,Electronics,Smartphone,708.07,2,0.0,Bank Transfer,Returning,3.2,1416.14
ORD102739,2024-01-26,1393,35.0,Female,Peshawar,West,Electronics,Mouse,34.09,5,0.2,Credit Card,New,3.8,136.36
ORD100848,2024-01-26,1072,39.0,Female,Quetta,West,Accessories,Wallet,44.95,2,0.1,Cash,Returning,3.9,80.91
ORD103762,2024-01-26,1109,37.0,Male,Multan,South,Electronics,Tablet,468.4,1,0.0,Credit Card,Returning,4.3,468.4
ORD104084,2024-01-26,1100,54.0,Female,Rawalpindi,North,Clothing,T-Shirt,27.81,1,0.05,Digital Wallet,Returning,3.9,26.42
ORD104927,2024-01-26,1153,43.0,Female,Quetta,West,Clothing,T-Shirt,29.01,1,0.1,Debit Card,New,4.0,26.11
ORD103722,2024-01-26,1234,18.0,Male,Peshawar,West,Electronics,Smartphone,840.58,2,0.05,Debit Card,New,3.8,1597.1
ORD103386,2024-01-26,1542,39.0,Female,Multan,South,Electronics,Mouse,38.49,3,0.2,Digital Wallet,Returning,4.9,92.38
ORD103958,2024-01-26,1231,31.0,Female,Islamabad,North,Electronics,Laptop,1185.1,4,0.1,Digital Wallet,New,4.1,4266.36
ORD101342,2024-01-26,1800,18.0,Female,Faisalabad,East,Electronics,Headphones,114.49,7,0.15,Digital Wallet,Returning,3.7,681.22
ORD102273,2024-01-27,1641,50.0,Male,Peshawar,West,Clothing,T-Shirt,27.65,3,0.0,Bank Transfer,New,3.9,82.95
ORD103070,2024-01-27,1641,33.0,Male,Peshawar,West,Electronics,Tablet,482.0,2,0.0,Digital Wallet,New,3.2,964.0
ORD103763,2024-01-27,1563,49.0,Female,Islamabad,North,Clothing,Shoes,87.03,3,0.0,Credit Card,VIP,2.2,261.09
ORD101062,2024-01-27,1075,33.0,Male,Lahore,East,Clothing,Shoes,94.93,1,0.1,Credit Card,New,4.1,85.44
ORD102035,2024-01-27,1147,37.0,Female,Lahore,East,Clothing,T-Shirt,31.78,4,0.05,Credit Card,Returning,4.4,120.76
ORD100235,2024-01-27,1002,35.0,Female,Islamabad,North,Electronics,Monitor,309.84,6,0.05,Digital Wallet,Returning,4.4,1766.09
ORD101775,2024-01-28,1345,64.0,Female,Rawalpindi,North,Electronics,Headphones,127.35,4,0.0,Credit Card,VIP,4.0,509.4
ORD100652,2024-01-28,1042,18.0,Female,Rawalpindi,North,Clothing,Shoes,93.52,1,0.05,Credit Card,New,4.5,88.84
ORD102822,2024-01-28,1778,29.0,Male,Karachi,South,Electronics,Headphones,124.19,2,0.3,Digital Wallet,New,4.0,173.87
ORD103546,2024-01-28,1777,25.0,Male,Peshawar,West,Electronics,Tablet,518.05,1,0.2,Credit Card,Returning,4.0,414.44
ORD103873,2024-01-29,1277,23.0,Male,Karachi,South,Electronics,Smartphone,757.56,2,0.05,Cash,New,2.8,1439.36
ORD103857,2024-01-29,1323,23.0,Male,Faisalabad,East,Electronics,Tablet,492.78,1,0.0,Credit Card,Returning,4.1,492.78
ORD101585,2024-01-29,1223,21.0,Male,Rawalpindi,North,Accessories,Wallet,46.4,1,0.0,Bank Transfer,VIP,4.4,46.4
ORD101312,2024-01-29,1141,26.0,Female,Quetta,West,Electronics,Monitor,311.13,1,0.0,Debit Card,New,4.6,311.13
ORD100356,2024-01-29,1438,49.0,Female,Faisalabad,East,Accessories,Backpack,49.52,2,0.2,Digital Wallet,Returning,2.2,79.23
ORD104678,2024-01-29,1128,41.0,Male,Lahore,East,Electronics,Monitor,297.42,4,0.1,Digital Wallet,VIP,,1070.71
ORD103682,2024-01-29,1196,18.0,Female,Rawalpindi,North,Accessories,Sunglasses,83.78,1,0.0,Debit Card,Returning,4.8,83.78
ORD103329,2024-01-29,1176,22.0,Male,Peshawar,West,Electronics,Monitor,321.52,1,0.1,Debit Card,Returning,3.5,289.37
ORD103634,2024-01-29,1268,46.0,Female,Lahore,East,Clothing,Shoes,95.77,3,0.2,Credit Card,New,4.7,229.85
ORD101070,2024-01-30,1194,34.0,Female,Rawalpindi,North,Electronics,Tablet,514.66,1,0.0,Debit Card,Returning,4.5,514.66
ORD100785,2024-01-30,1732,60.0,Male,Faisalabad,East,Electronics,Headphones,112.36,3,0.1,Digital Wallet,New,2.0,303.37
ORD100973,2024-01-30,1078,21.0,Female,Faisalabad,East,Accessories,Backpack,55.52,3,0.15,Cash,VIP,3.0,141.58
ORD102927,2024-01-30,1224,71.0,Female,Peshawar,West,Clothing,Jeans,67.26,2,0.1,Bank Transfer,New,4.1,121.07
ORD101160,2024-01-30,1145,18.0,Male,Multan,South,Electronics,Laptop,1150.2,1,0.0,Debit Card,New,2.0,1150.2
ORD103936,2024-01-31,1162,22.0,Female,Rawalpindi,North,Electronics,Smartphone,825.52,4,0.05,Bank Transfer,New,4.1,3136.98
ORD100433,2024-01-31,1400,32.0,Male,Peshawar,West,Clothing,Shoes,78.7,3,0.05,Credit Card,New,4.6,224.3
ORD104473,2024-01-31,1181,28.0,Female,Rawalpindi,North,Electronics,Monitor,307.73,2,0.15,Debit Card,New,4.8,523.14
ORD101477,2024-01-31,1693,31.0,Female,Quetta,West,Electronics,Smartphone,764.36,6,0.15,Debit Card,VIP,4.2,3898.24
ORD103422,2024-01-31,1376,44.0,Male,Karachi,South,Electronics,Keyboard,69.57,1,0.0,Bank Transfer,Returning,3.8,69.57
ORD103704,2024-01-31,1204,42.0,Female,Karachi,South,Electronics,Smartphone,809.04,1,0.05,Cash,New,3.9,768.59
ORD103622,2024-02-01,1084,38.0,Male,Multan,South,Clothing,Jeans,69.13,1,0.1,Digital Wallet,New,3.4,62.22
ORD103675,2024-02-01,1612,47.0,Male,Peshawar,West,Electronics,Smartwatch,243.87,4,0.0,Credit Card,New,4.5,975.48
ORD102329,2024-02-01,1789,46.0,Female,Faisalabad,East,Electronics,Laptop,1133.31,2,0.0,Bank Transfer,New,3.5,2266.62
ORD100469,2024-02-01,1269,18.0,Female,Peshawar,West,Clothing,Shoes,83.57,3,0.15,Credit Card,VIP,3.1,213.1
ORD102302,2024-02-01,1154,26.0,Female,Karachi,South,Clothing,T-Shirt,33.97,2,0.0,Debit Card,New,3.8,67.94
ORD101516,2024-02-02,1501,18.0,Male,Karachi,South,Clothing,T-Shirt,28.9,1,0.25,Cash,New,4.6,21.67
ORD101073,2024-02-03,1026,24.0,Female,Karachi,South,Electronics,Tablet,466.53,3,0.0,Digital Wallet,New,4.4,1399.59
ORD104580,2024-02-03,1337,38.0,Female,Faisalabad,East,Electronics,Laptop,1216.22,1,0.05,Digital Wallet,New,4.5,1155.41
ORD103834,2024-02-03,1715,29.0,Male,Faisalabad,East,Clothing,Shoes,87.23,2,0.0,Bank Transfer,New,3.9,174.46
ORD101795,2024-02-04,1670,53.0,Female,Islamabad,North,Clothing,Jeans,65.19,2,0.05,Credit Card,Returning,3.7,123.86
ORD101586,2024-02-04,1372,30.0,Female,Lahore,East,Electronics,Keyboard,63.02,4,0.0,Debit Card,Returning,2.8,252.08
ORD104653,2024-02-04,1569,51.0,Male,Rawalpindi,North,Electronics,Headphones,120.08,1,0.1,Debit Card,Returning,3.8,108.07
ORD101985,2024-02-04,1116,45.0,Male,Multan,South,Clothing,Shoes,90.83,3,0.1,Cash,New,2.4,245.24
ORD101682,2024-02-04,1493,31.0,Male,Quetta,West,Electronics,Laptop,1140.82,2,0.15,Digital Wallet,New,2.7,1939.39
ORD103554,2024-02-05,1041,30.0,Female,Karachi,South,Clothing,T-Shirt,29.05,2,0.05,Debit Card,Returning,4.3,55.2
ORD101225,2024-02-05,1396,18.0,Female,Islamabad,North,Accessories,Backpack,58.82,1,0.2,Credit Card,New,4.0,47.06
ORD100422,2024-02-05,1759,18.0,Male,Faisalabad,East,Electronics,Laptop,1209.49,2,0.1,Credit Card,VIP,3.7,2177.08
ORD104107,2024-02-06,1065,18.0,Male,Quetta,West,Electronics,Mouse,33.07,3,0.1,Cash,Returning,3.6,89.29
ORD101707,2024-02-06,1145,21.0,Male,Quetta,West,Electronics,Headphones,125.36,2,0.1,Credit Card,Returning,5.0,225.65
ORD102889,2024-02-06,1283,41.0,Female,Multan,South,Electronics,Headphones,127.49,2,0.2,Debit Card,New,3.9,203.98
ORD104990,2024-02-06,1674,28.0,Male,Faisalabad,East,Clothing,T-Shirt,28.16,1,0.15,Digital Wallet,New,2.4,23.94
ORD104371,2024-02-07,1653,62.0,Female,Karachi,South,Electronics,Smartphone,689.33,3,0.1,Debit Card,New,5.0,1861.19
ORD103953,2024-02-07,1632,27.0,Male,Quetta,West,Clothing,Shoes,88.07,1,0.0,Digital Wallet,New,3.4,88.07
ORD103080,2024-02-07,1596,47.0,Female,Islamabad,North,Electronics,Headphones,128.17,5,0.0,Credit Card,Returning,4.4,640.85
ORD100480,2024-02-07,1346,31.0,Male,Lahore,East,Electronics,Laptop,1243.94,4,0.0,Credit Card,VIP,4.2,4975.76
ORD102632,2024-02-08,1778,19.0,Male,Quetta,West,Electronics,Mouse,33.48,2,0.1,Credit Card,Returning,5.0,60.26
ORD103587,2024-02-08,1727,40.0,Female,Peshawar,West,Electronics,Monitor,269.87,3,0.05,Debit Card,New,4.1,769.13
ORD101195,2024-02-08,1228,53.0,Female,Karachi,South,Clothing,T-Shirt,33.66,1,0.05,Cash,New,3.2,31.98
ORD104571,2024-02-08,1477,30.0,Male,Lahore,East,Electronics,Smartphone,743.31,1,0.0,Credit Card,New,1.4,743.31
ORD103530,2024-02-08,1701,26.0,Female,Quetta,West,Electronics,Headphones,115.63,2,0.0,Credit Card,VIP,4.4,231.26
ORD104296,2024-02-08,1331,21.0,Female,Quetta,West,Electronics,Headphones,126.55,2,0.25,Cash,New,4.3,189.82
ORD101483,2024-02-08,1779,24.0,Female,Peshawar,West,Electronics,Mouse,32.28,1,0.0,Credit Card,Returning,5.0,32.28
ORD100416,2024-02-08,1393,50.0,Female,Islamabad,North,Electronics,Smartphone,726.57,1,0.2,Digital Wallet,VIP,4.8,581.26
ORD103326,2024-02-08,1314,32.0,Male,Karachi,South,Electronics,Smartwatch,238.11,4,0.05,Debit Card,New,3.8,904.82
ORD100471,2024-02-09,1636,37.0,Male,Karachi,South,Clothing,Jeans,64.21,4,0.0,Bank Transfer,New,3.0,256.84
ORD100165,2024-02-09,1407,35.0,Female,Multan,South,Electronics,Smartwatch,204.25,1,0.05,Debit Card,New,4.2,194.04
ORD102730,2024-02-09,1554,21.0,Male,Faisalabad,East,Electronics,Headphones,119.13,1,0.15,Debit Card,Returning,3.1,101.26
ORD100102,2024-02-09,1188,33.0,Male,Rawalpindi,North,Electronics,Keyboard,67.4,1,0.15,Debit Card,Returning,4.1,57.29
ORD103227,2024-02-09,1586,29.0,Male,Karachi,South,Electronics,Headphones,114.52,1,0.2,Cash,VIP,3.9,91.62
ORD104290,2024-02-10,1493,41.0,Female,Rawalpindi,North,Clothing,T-Shirt,29.29,1,0.2,Digital Wallet,Returning,4.2,23.43
ORD102359,2024-02-10,1039,40.0,Female,Multan,South,Clothing,Jeans,63.42,1,0.15,Cash,Returning,4.5,53.91
ORD104232,2024-02-11,1507,32.0,Female,Islamabad,North,Accessories,Sunglasses,81.76,7,0.05,Debit Card,Returning,4.5,543.7
ORD101354,2024-02-11,1008,43.0,Male,Quetta,West,Electronics,Smartphone,777.05,2,0.1,Debit Card,New,3.5,1398.69
ORD100618,2024-02-11,1729,59.0,Female,Islamabad,North,Electronics,Laptop,1344.57,2,0.1,Credit Card,New,2.7,2420.23
ORD101812,2024-02-11,1223,35.0,Male,Quetta,West,Electronics,Mouse,36.75,6,0.0,Bank Transfer,Returning,3.5,220.5
ORD104916,2024-02-11,1140,32.0,Male,Rawalpindi,North,Accessories,Sunglasses,87.77,1,0.1,Credit Card,New,3.0,78.99
ORD102911,2024-02-11,1367,18.0,Female,Rawalpindi,North,Electronics,Laptop,1317.92,1,0.0,Credit Card,New,4.3,1317.92
ORD103461,2024-02-11,1324,47.0,Female,Rawalpindi,North,Accessories,Sunglasses,75.97,1,0.2,Digital Wallet,New,3.2,60.78
ORD103006,2024-02-11,1117,31.0,Male,Lahore,East,Accessories,Backpack,54.1,2,0.0,Debit Card,Returning,3.6,108.2
ORD102780,2024-02-11,1232,27.0,Male,Lahore,East,Electronics,Monitor,289.13,3,0.15,Cash,New,3.0,737.28
ORD102678,2024-02-11,1526,57.0,Male,Lahore,East,Electronics,Mouse,33.88,5,0.05,Cash,Returning,3.0,160.93
ORD103354,2024-02-12,1143,44.0,Female,Lahore,East,Accessories,Backpack,60.69,5,0.1,Cash,New,2.8,273.1
ORD104870,2024-02-12,1123,31.0,Female,Rawalpindi,North,Clothing,T-Shirt,29.4,3,0.0,Digital Wallet,New,3.6,88.2
ORD100337,2024-02-12,1277,49.0,Female,Peshawar,West,Clothing,Shoes,94.35,2,0.05,Debit Card,New,4.9,179.26
ORD101338,2024-02-12,1644,37.0,Female,Peshawar,West,Electronics,Headphones,129.75,8,0.05,Cash,New,4.6,986.1
ORD102305,2024-02-12,1133,46.0,Male,Lahore,East,Clothing,Jeans,61.99,3,0.3,Cash,Returning,4.4,130.18
ORD101270,2024-02-12,1244,21.0,Male,Islamabad,North,Electronics,Mouse,37.35,2,0.0,Credit Card,Returning,4.4,74.7
ORD102272,2024-02-13,1331,33.0,Male,Islamabad,North,Accessories,Backpack,53.73,2,0.15,Credit Card,New,3.5,91.34
ORD104593,2024-02-13,1128,41.0,Female,Quetta,West,Electronics,Keyboard,67.54,3,0.0,Debit Card,Returning,3.1,202.62
ORD100140,2024-02-13,1547,41.0,Female,Islamabad,North,Accessories,Backpack,56.14,4,0.05,Cash,New,3.7,213.33
ORD101507,2024-02-13,1739,32.0,Female,Islamabad,North,Electronics,Keyboard,65.85,3,0.0,Digital Wallet,VIP,4.6,197.55
ORD100604,2024-02-13,1663,25.0,Male,Lahore,East,Electronics,Tablet,496.61,1,0.05,Bank Transfer,New,3.0,471.78
ORD100874,2024-02-13,1704,32.0,Male,Faisalabad,East,Electronics,Mouse,35.22,3,0.0,Debit Card,New,3.5,105.66
ORD102878,2024-02-13,1235,35.0,Female,Lahore,East,Electronics,Keyboard,68.54,2,0.0,Digital Wallet,New,4.2,137.08
ORD104598,2024-02-14,1488,35.0,Female,Quetta,West,Electronics,Tablet,472.97,2,0.25,Debit Card,New,4.2,709.46
ORD103141,2024-02-14,1708,39.0,Female,Lahore,East,Electronics,Mouse,34.65,7,0.05,Debit Card,Returning,3.3,230.42
ORD102265,2024-02-14,1019,23.0,Female,Faisalabad,East,Electronics,Smartphone,801.95,1,0.0,Digital Wallet,New,4.6,801.95
ORD100365,2024-02-14,1481,48.0,Male,Karachi,South,Electronics,Laptop,1125.49,1,0.15,Credit Card,Returning,3.7,956.67
ORD101071,2024-02-14,1715,18.0,Male,Peshawar,West,Accessories,Wallet,42.48,2,0.15,Debit Card,New,4.1,72.22
ORD101818,2024-02-14,1467,49.0,Male,Quetta,West,Electronics,Headphones,113.09,5,0.0,Digital Wallet,New,3.6,565.45
ORD102893,2024-02-14,1407,28.0,Female,Faisalabad,East,Electronics,Laptop,1163.44,2,0.1,Debit Card,New,5.0,2094.19
ORD101379,2024-02-15,1182,47.0,Female,Quetta,West,Clothing,T-Shirt,30.41,2,0.0,Digital Wallet,Returning,4.3,60.82
ORD103498,2024-02-15,1194,37.0,Female,Quetta,West,Electronics,Smartwatch,234.6,1,0.1,Credit Card,Returning,3.9,211.14
ORD104752,2024-02-15,1413,39.0,Male,Karachi,South,Electronics,Tablet,451.08,6,0.1,Digital Wallet,Returning,2.9,2435.83
ORD104565,2024-02-15,1638,32.0,Male,Quetta,West,Electronics,Smartphone,742.99,2,0.0,Cash,New,5.0,1485.98
ORD102434,2024-02-15,1554,35.0,Female,Faisalabad,East,Electronics,Mouse,38.3,2,0.0,Cash,Returning,3.6,76.6
ORD103339,2024-02-15,1483,59.0,Male,Multan,South,Electronics,Monitor,308.32,3,0.0,Debit Card,New,3.6,924.96
ORD103065,2024-02-16,1602,52.0,Male,Peshawar,West,Accessories,Sunglasses,81.16,3,0.1,Credit Card,New,4.9,219.13
ORD103705,2024-02-16,1486,29.0,Female,Lahore,East,Electronics,Keyboard,67.29,4,0.0,Cash,New,3.4,269.16
ORD100970,2024-02-16,1526,50.0,Male,Karachi,South,Clothing,Shoes,85.36,2,0.1,Credit Card,New,2.5,153.65
ORD104215,2024-02-16,1434,25.0,Male,Quetta,West,Electronics,Headphones,107.96,3,0.1,Credit Card,Returning,3.4,291.49
ORD103396,2024-02-16,1083,36.0,Male,Lahore,East,Electronics,Mouse,36.08,1,0.15,Credit Card,Returning,3.6,30.67
ORD104482,2024-02-16,1761,23.0,Male,Lahore,East,Clothing,T-Shirt,27.2,3,0.0,Credit Card,New,3.8,81.6
ORD101823,2024-02-17,1224,37.0,Male,Faisalabad,East,Electronics,Mouse,34.24,3,0.25,Credit Card,New,1.4,77.04
ORD100485,2024-02-17,1127,18.0,Female,Peshawar,West,Electronics,Monitor,283.41,1,0.0,Digital Wallet,New,2.8,283.41
ORD100286,2024-02-17,1779,30.0,Female,Lahore,East,Electronics,Smartwatch,206.93,4,0.2,Digital Wallet,Returning,2.3,662.18
ORD100124,2024-02-17,1490,32.0,Female,Islamabad,North,Accessories,Wallet,43.19,2,0.3,Digital Wallet,Returning,4.5,60.47
ORD100992,2024-02-17,1192,41.0,Female,Multan,South,Electronics,Tablet,471.49,1,0.1,Debit Card,Returning,4.5,424.34
ORD104960,2024-02-17,1599,33.0,Female,Quetta,West,Clothing,T-Shirt,26.82,1,0.1,Cash,New,3.4,24.14
ORD103269,2024-02-18,1575,50.0,Female,Peshawar,West,Clothing,Jacket,104.95,3,0.0,Credit Card,New,4.0,314.85
ORD100418,2024-02-18,1176,35.0,Female,Lahore,East,Electronics,Monitor,292.21,1,0.05,Credit Card,VIP,4.3,277.6
ORD103375,2024-02-18,1443,60.0,Male,Faisalabad,East,Electronics,Laptop,1168.38,1,0.0,Debit Card,New,3.3,1168.38
ORD104636,2024-02-18,1784,23.0,Female,Islamabad,North,Electronics,Laptop,1207.0,2,0.15,Credit Card,New,3.2,2051.9
ORD103534,2024-02-18,1136,27.0,Female,Multan,South,Clothing,T-Shirt,31.32,6,0.0,Cash,Returning,3.6,187.92
ORD100089,2024-02-18,1462,28.0,Female,Lahore,East,Electronics,Headphones,116.5,2,0.05,Bank Transfer,Returning,5.0,221.35
ORD102427,2024-02-18,1441,42.0,Male,Rawalpindi,North,Clothing,Jacket,105.66,4,0.05,Digital Wallet,New,3.7,401.51
ORD102929,2024-02-18,1473,29.0,Female,Rawalpindi,North,Clothing,Shoes,81.68,1,0.15,Bank Transfer,Returning,5.0,69.43
ORD103800,2024-02-19,1091,18.0,Female,Quetta,West,Electronics,Monitor,260.54,2,0.25,Bank Transfer,New,3.7,390.81
ORD101090,2024-02-19,1654,33.0,Male,Quetta,West,Clothing,Shoes,87.96,3,0.2,Digital Wallet,New,3.7,211.1
ORD102028,2024-02-19,1012,50.0,Female,Quetta,West,Clothing,Shoes,88.38,3,0.1,Digital Wallet,New,4.6,238.63
ORD101754,2024-02-19,1115,48.0,Male,Multan,South,Clothing,T-Shirt,32.42,2,0.0,Credit Card,Returning,4.0,64.84
ORD100398,2024-02-19,1128,18.0,Female,Lahore,East,Electronics,Mouse,35.51,4,0.25,Digital Wallet,New,4.1,106.53
ORD100880,2024-02-19,1335,22.0,Female,Faisalabad,East,Electronics,Smartwatch,203.31,2,0.05,Bank Transfer,Returning,4.6,386.29
ORD103358,2024-02-20,1313,18.0,Female,Islamabad,North,Electronics,Headphones,131.74,8,0.05,Digital Wallet,New,4.3,1001.22
ORD102516,2024-02-20,1630,33.0,Male,Karachi,South,Electronics,Smartphone,694.21,1,0.05,Credit Card,Returning,3.8,659.5
ORD103832,2024-02-20,1407,40.0,Male,Quetta,West,Electronics,Smartphone,707.81,2,0.15,Debit Card,Returning,4.7,1203.28
ORD104819,2024-02-20,1575,32.0,Female,Lahore,East,Clothing,Jeans,71.65,1,0.2,Digital Wallet,New,3.6,57.32
ORD102853,2024-02-20,1113,29.0,Male,Lahore,East,Electronics,Keyboard,69.99,3,0.25,Credit Card,New,4.4,157.48
ORD102621,2024-02-20,1390,18.0,Male,Rawalpindi,North,Clothing,Shoes,91.56,1,0.1,Cash,Returning,4.2,82.4
ORD103270,2024-02-21,1109,18.0,Male,Faisalabad,East,Electronics,Keyboard,70.58,3,0.1,Credit Card,Returning,3.3,190.57
ORD103830,2024-02-21,1417,37.0,Female,Peshawar,West,Accessories,Backpack,54.35,1,0.3,Credit Card,New,3.5,38.04
ORD101367,2024-02-21,1604,18.0,Female,Faisalabad,East,Electronics,Mouse,33.86,2,0.2,Credit Card,New,3.6,54.18
ORD102168,2024-02-21,1511,43.0,Female,Multan,South,Electronics,Smartphone,808.14,1,0.1,Digital Wallet,New,3.2,727.33
ORD104722,2024-02-21,1295,35.0,Male,Peshawar,West,Electronics,Tablet,495.97,7,0.05,Cash,Returning,3.0,3298.2
ORD101336,2024-02-21,1222,51.0,Male,Quetta,West,Clothing,T-Shirt,26.99,4,0.25,Credit Card,New,4.1,80.97
ORD103666,2024-02-21,1172,27.0,Female,Multan,South,Accessories,Sunglasses,77.48,1,0.0,Cash,Returning,3.9,77.48
ORD104494,2024-02-21,1515,36.0,Male,Karachi,South,Electronics,Headphones,111.18,1,0.15,Credit Card,New,4.0,94.5
ORD103169,2024-02-21,1098,48.0,Male,Faisalabad,East,Electronics,Keyboard,73.21,1,0.0,Credit Card,New,2.6,73.21
ORD104264,2024-02-22,1673,,Female,Islamabad,North,Clothing,Shoes,85.28,1,0.05,Credit Card,Returning,3.3,81.02
ORD104115,2024-02-22,1049,35.0,Male,Islamabad,North,Electronics,Tablet,516.17,2,0.1,Credit Card,Returning,3.7,929.11
ORD104411,2024-02-22,1266,48.0,Female,Rawalpindi,North,Electronics,Monitor,301.4,2,0.0,Credit Card,Returning,3.1,602.8
ORD100510,2024-02-22,1086,33.0,Female,Rawalpindi,North,Electronics,Keyboard,66.15,3,0.05,Credit Card,VIP,4.1,188.53
ORD101576,2024-02-22,1335,22.0,Male,Faisalabad,East,Electronics,Smartwatch,201.35,2,0.05,Debit Card,Returning,5.0,382.56
ORD104579,2024-02-23,1515,44.0,Male,Peshawar,West,Electronics,Smartphone,707.29,3,0.0,Credit Card,VIP,3.3,2121.87
ORD101298,2024-02-23,1084,32.0,Female,Peshawar,West,Electronics,Smartphone,804.17,2,0.25,Digital Wallet,New,2.4,1206.25
ORD100160,2024-02-23,1241,39.0,Male,Quetta,West,Electronics,Mouse,34.76,2,0.2,Cash,Returning,3.1,55.62
ORD101006,2024-02-23,1212,41.0,Female,Quetta,West,Clothing,T-Shirt,29.63,1,0.1,Bank Transfer,VIP,3.7,26.67
ORD101406,2024-02-23,1256,32.0,Female,Rawalpindi,North,Accessories,Backpack,55.19,3,0.0,Credit Card,New,4.7,165.57
ORD102227,2024-02-23,1114,42.0,Female,Lahore,East,Electronics,Mouse,35.37,2,0.2,Bank Transfer,New,2.8,56.59
ORD102986,2024-02-24,1336,55.0,Female,Rawalpindi,North,Clothing,T-Shirt,29.26,1,0.0,Credit Card,New,3.3,29.26
ORD102910,2024-02-24,1108,18.0,Male,Faisalabad,East,Clothing,Shoes,84.3,3,0.15,Digital Wallet,Returning,2.5,214.96
ORD103550,2024-02-25,1529,35.0,Female,Multan,South,Clothing,T-Shirt,32.83,6,0.3,Credit Card,Returning,3.6,137.89
ORD104930,2024-02-25,1544,45.0,Female,Peshawar,West,Clothing,Jeans,66.76,5,0.1,Digital Wallet,VIP,3.4,300.42
ORD100775,2024-02-25,1540,21.0,Male,Islamabad,North,Electronics,Headphones,126.15,3,0.2,Cash,Returning,4.9,302.76
ORD102326,2024-02-25,1051,56.0,Male,Faisalabad,East,Electronics,Headphones,106.59,2,0.1,Credit Card,Returning,4.6,191.86
ORD101650,2024-02-25,1670,33.0,Male,Quetta,West,Accessories,Sunglasses,84.92,3,0.3,Credit Card,New,4.6,178.33
ORD102140,2024-02-25,1605,34.0,Male,Rawalpindi,North,Electronics,Headphones,118.01,2,0.15,Credit Card,New,3.0,200.62
ORD104854,2024-02-25,1073,32.0,Female,Faisalabad,East,Electronics,Laptop,1139.76,4,0.25,Debit Card,VIP,4.4,3419.28
ORD104749,2024-02-25,1059,29.0,Female,Faisalabad,East,Electronics,Smartphone,813.75,4,0.2,Credit Card,New,2.5,2604.0
ORD104416,2024-02-25,1193,,Male,Peshawar,West,Clothing,Jacket,110.48,2,0.05,Bank Transfer,Returning,4.3,209.91
ORD100408,2024-02-25,1288,33.0,Female,Islamabad,North,Accessories,Backpack,52.66,1,0.0,Credit Card,New,4.3,52.66
ORD103188,2024-02-25,1154,41.0,Male,Rawalpindi,North,Electronics,Laptop,1193.15,1,0.25,Bank Transfer,Returning,3.2,894.86
ORD100221,2024-02-25,1113,47.0,Female,Lahore,East,Electronics,Laptop,1177.32,1,0.15,Digital Wallet,VIP,4.1,1000.72
ORD102630,2024-02-26,1517,45.0,Male,Rawalpindi,North,Electronics,Smartphone,629.84,3,0.2,Digital Wallet,Returning,4.0,1511.62
ORD102688,2024-02-26,1405,45.0,Male,Islamabad,North,Electronics,Laptop,1240.26,8,0.05,Digital Wallet,New,5.0,9425.98
ORD104861,2024-02-26,1694,42.0,Female,Lahore,East,Electronics,Keyboard,71.84,3,0.0,Credit Card,Returning,4.5,215.52
ORD103226,2024-02-26,1268,47.0,Male,Rawalpindi,North,Clothing,Jacket,110.19,4,0.15,Digital Wallet,New,4.5,374.65
ORD104794,2024-02-26,1127,35.0,Male,Karachi,South,Clothing,Shoes,88.64,5,0.15,Credit Card,Returning,4.0,376.72
ORD104025,2024-02-26,1651,38.0,Female,Peshawar,West,Electronics,Tablet,451.0,2,0.05,Bank Transfer,VIP,4.5,856.9
ORD100074,2024-02-26,1002,43.0,Male,Faisalabad,East,Electronics,Smartphone,736.23,3,0.2,Debit Card,New,4.4,1766.95
ORD103037,2024-02-26,1075,28.0,Male,Multan,South,Accessories,Sunglasses,85.97,3,0.1,Debit Card,Returning,2.0,232.12
ORD102971,2024-02-26,1202,43.0,Male,Peshawar,West,Accessories,Backpack,57.54,5,0.3,Digital Wallet,Returning,3.9,201.39
ORD102643,2024-02-26,1099,28.0,Male,Karachi,South,Clothing,T-Shirt,31.55,1,0.0,Digital Wallet,Returning,4.0,31.55
ORD102262,2024-02-27,1494,49.0,Female,Faisalabad,East,Electronics,Keyboard,63.85,5,0.0,Debit Card,New,4.3,319.25
ORD101305,2024-02-27,1063,38.0,Female,Multan,South,Electronics,Mouse,33.89,2,0.15,Credit Card,New,4.4,57.61
ORD102932,2024-02-27,1302,23.0,Male,Quetta,West,Accessories,Sunglasses,77.84,1,0.1,Credit Card,Returning,4.1,70.06
ORD100664,2024-02-27,1588,28.0,Female,Multan,South,Clothing,Shoes,94.48,1,0.05,Digital Wallet,Returning,4.5,89.76
ORD103710,2024-02-27,1376,31.0,Male,Peshawar,West,Electronics,Smartwatch,224.72,6,0.0,Credit Card,VIP,5.0,1348.32
ORD100554,2024-02-27,1675,23.0,Female,Peshawar,West,Clothing,Shoes,87.84,2,0.05,Digital Wallet,Returning,4.7,166.9
ORD101777,2024-02-27,1170,24.0,Male,Lahore,East,Electronics,Smartphone,734.06,2,0.2,Debit Card,VIP,5.0,1174.5
ORD103420,2024-02-27,1320,51.0,Male,Islamabad,North,Electronics,Headphones,114.67,6,0.05,Credit Card,Returning,3.3,653.62
ORD103464,2024-02-27,1728,36.0,Male,Karachi,South,Electronics,Keyboard,77.54,2,0.0,Debit Card,Returning,3.7,155.08
ORD104285,2024-02-27,1003,18.0,Male,Multan,South,Electronics,Smartwatch,220.13,3,0.0,Bank Transfer,VIP,3.7,660.39
ORD103946,2024-02-27,1184,18.0,Female,Quetta,West,Electronics,Tablet,447.25,3,0.0,Debit Card,Returning,4.3,1341.75
ORD104139,2024-02-28,1541,38.0,Female,Multan,South,Clothing,T-Shirt,31.0,1,0.0,Credit Card,VIP,4.1,31.0
ORD102126,2024-02-28,1261,29.0,Male,Lahore,East,Accessories,Backpack,54.25,2,0.0,Credit Card,Returning,2.4,108.5
ORD101977,2024-02-28,1660,26.0,Male,Lahore,East,Accessories,Sunglasses,83.04,2,0.1,Cash,Returning,4.1,149.47
ORD100336,2024-02-28,1398,34.0,Male,Faisalabad,East,Accessories,Sunglasses,80.97,3,0.05,Digital Wallet,Returning,5.0,230.76
ORD103602,2024-02-28,1737,33.0,Male,Multan,South,Electronics,Mouse,33.78,1,0.0,Bank Transfer,Returning,3.7,33.78
ORD100103,2024-02-28,1380,32.0,Male,Quetta,West,Clothing,T-Shirt,30.64,5,0.1,Credit Card,New,5.0,137.88
ORD100164,2024-02-28,1485,42.0,Male,Peshawar,West,Electronics,Mouse,37.51,1,0.15,Credit Card,New,4.8,31.88
ORD102842,2024-02-28,1665,34.0,Female,Lahore,East,Electronics,Smartwatch,203.38,7,0.15,Bank Transfer,New,4.8,1210.11
ORD100842,2024-02-29,1449,18.0,Male,Peshawar,West,Electronics,Headphones,116.83,2,0.3,Credit Card,New,2.9,163.56
ORD101196,2024-02-29,1216,36.0,Male,Quetta,West,Accessories,Wallet,41.5,2,0.0,Credit Card,Returning,3.5,83.0
ORD100414,2024-02-29,1785,31.0,Male,Islamabad,North,Clothing,Shoes,90.08,3,0.0,Cash,Returning,4.7,270.24
ORD104013,2024-02-29,1786,40.0,Male,Multan,South,Electronics,Keyboard,68.96,7,0.2,Cash,Returning,2.4,386.18
ORD100191,2024-03-01,1506,41.0,Female,Karachi,South,Electronics,Smartwatch,229.59,4,0.15,Bank Transfer,VIP,2.5,780.61
ORD102226,2024-03-01,1414,23.0,Female,Quetta,West,Accessories,Backpack,57.23,5,0.0,Bank Transfer,New,4.1,286.15
ORD103652,2024-03-02,1658,49.0,Male,Multan,South,Accessories,Sunglasses,80.39,1,0.0,Bank Transfer,Returning,4.8,80.39
ORD104486,2024-03-02,1357,45.0,Male,Faisalabad,East,Electronics,Smartphone,749.07,3,0.0,Debit Card,Returning,4.9,2247.21
ORD103688,2024-03-02,1787,47.0,Female,Islamabad,North,Electronics,Smartphone,787.95,2,0.0,Credit Card,VIP,3.9,1575.9
ORD102896,2024-03-02,1461,18.0,Male,Karachi,South,Electronics,Laptop,1123.71,4,0.1,Debit Card,VIP,2.9,4045.36
ORD100185,2024-03-02,1620,22.0,Male,Quetta,West,Electronics,Mouse,39.01,3,0.15,Bank Transfer,Returning,4.2,99.48
ORD100114,2024-03-02,1063,27.0,Male,Multan,South,Electronics,Monitor,283.84,1,0.2,Credit Card,Returning,2.7,227.07
ORD101035,2024-03-03,1377,58.0,Female,Islamabad,North,Electronics,Laptop,1174.17,6,0.25,Bank Transfer,Returning,5.0,5283.76
ORD104252,2024-03-03,1159,18.0,Male,Lahore,East,Electronics,Smartphone,756.83,4,0.2,Credit Card,New,4.4,2421.86
ORD102813,2024-03-03,1590,18.0,Male,Rawalpindi,North,Accessories,Sunglasses,79.75,1,0.2,Debit Card,Returning,4.6,63.8
ORD100645,2024-03-03,1565,43.0,Male,Faisalabad,East,Clothing,T-Shirt,28.8,3,0.05,Digital Wallet,Returning,3.5,82.08
ORD101736,2024-03-04,1124,34.0,Female,Islamabad,North,Electronics,Smartwatch,231.33,1,0.05,Credit Card,New,4.1,219.76
ORD103882,2024-03-04,1734,31.0,Male,Lahore,East,Electronics,Smartwatch,222.09,4,0.0,Cash,Returning,3.5,888.36
ORD100320,2024-03-04,1422,28.0,Male,Peshawar,West,Electronics,Keyboard,65.53,2,0.1,Digital Wallet,New,3.6,117.95
ORD100389,2024-03-04,1607,35.0,Female,Quetta,West,Electronics,Headphones,122.54,6,0.1,Cash,VIP,3.9,661.72
ORD101060,2024-03-04,1468,18.0,Male,Multan,South,Accessories,Backpack,55.61,3,0.15,Credit Card,VIP,3.1,141.81
ORD103328,2024-03-04,1279,22.0,Female,Multan,South,Clothing,T-Shirt,31.25,3,0.3,Debit Card,Returning,5.0,65.62
ORD102230,2024-03-05,1648,55.0,Male,Rawalpindi,North,Electronics,Headphones,106.77,2,0.05,Digital Wallet,New,3.5,202.86
ORD102181,2024-03-05,1691,42.0,Male,Multan,South,Clothing,Shoes,91.28,2,0.15,Digital Wallet,Returning,,155.18
ORD104875,2024-03-05,1626,37.0,Male,Lahore,East,Accessories,Wallet,44.88,2,0.0,Credit Card,Returning,3.7,89.76
ORD104393,2024-03-05,1625,39.0,Female,Peshawar,West,Electronics,Mouse,34.89,6,0.0,Credit Card,Returning,4.1,209.34
ORD100451,2024-03-05,1305,42.0,Male,Quetta,West,Electronics,Smartwatch,213.3,2,0.15,Credit Card,VIP,5.0,362.61
ORD100881,2024-03-05,1435,59.0,Female,Peshawar,West,Accessories,Backpack,59.24,4,0.0,Bank Transfer,Returning,3.6,236.96
ORD101732,2024-03-05,1537,38.0,Female,Multan,South,Clothing,Shoes,92.95,1,0.0,Debit Card,Returning,4.5,92.95
ORD104072,2024-03-06,1355,34.0,Female,Lahore,East,Electronics,Smartphone,775.22,1,0.0,Debit Card,Returning,3.6,775.22
ORD103245,2024-03-06,1386,48.0,Male,Quetta,West,Electronics,Tablet,545.19,2,0.1,Credit Card,VIP,3.1,981.34
ORD101490,2024-03-06,1744,18.0,Male,Quetta,West,Clothing,T-Shirt,32.57,3,0.05,Credit Card,New,3.5,92.82
ORD104763,2024-03-06,1790,41.0,Male,Faisalabad,East,Electronics,Tablet,518.75,1,0.3,Credit Card,New,3.0,363.12
ORD103202,2024-03-06,1680,23.0,Female,Quetta,West,Electronics,Headphones,142.58,3,0.0,Digital Wallet,New,5.0,427.74
ORD103581,2024-03-06,1520,23.0,Male,Faisalabad,East,Clothing,T-Shirt,31.92,6,0.3,Bank Transfer,VIP,4.8,134.06
ORD103340,2024-03-06,1248,19.0,Female,Karachi,South,Clothing,Shoes,90.63,3,0.05,Credit Card,New,3.3,258.3
ORD101672,2024-03-06,1153,46.0,Female,Karachi,South,Electronics,Headphones,130.16,3,0.05,Credit Card,Returning,5.0,370.96
ORD101594,2024-03-07,1152,20.0,Female,Faisalabad,East,Electronics,Monitor,279.86,5,0.05,Bank Transfer,New,5.0,1329.34
ORD103473,2024-03-07,1438,21.0,Female,Faisalabad,East,Accessories,Wallet,45.69,1,0.0,Credit Card,Returning,3.6,45.69
ORD104191,2024-03-07,1456,45.0,Female,Faisalabad,East,Electronics,Tablet,493.03,2,0.3,Bank Transfer,Returning,3.6,690.24
ORD101861,2024-03-07,1570,42.0,Male,Rawalpindi,North,Electronics,Monitor,291.39,1,0.05,Credit Card,Returning,3.2,276.82
ORD102754,2024-03-08,1776,36.0,Female,Faisalabad,East,Clothing,Jeans,63.33,1,0.15,Digital Wallet,VIP,3.0,53.83
ORD102166,2024-03-08,1334,39.0,Male,Multan,South,Electronics,Laptop,1181.23,1,0.25,Digital Wallet,Returning,4.2,885.92
ORD101658,2024-03-08,1399,18.0,Female,Quetta,West,Electronics,Smartwatch,215.06,3,0.0,Cash,New,3.2,645.18
ORD103572,2024-03-08,1109,22.0,Male,Karachi,South,Accessories,Backpack,56.15,1,0.15,Credit Card,VIP,3.5,47.73
ORD103108,2024-03-08,1690,28.0,Male,Islamabad,North,Electronics,Mouse,36.07,7,0.0,Credit Card,New,4.2,252.49
ORD102466,2024-03-08,1428,27.0,Female,Lahore,East,Clothing,Shoes,92.38,3,0.1,Credit Card,VIP,5.0,249.43
ORD100275,2024-03-08,1403,39.0,Female,Faisalabad,East,Accessories,Sunglasses,78.48,1,0.1,Debit Card,Returning,4.4,70.63
ORD103921,2024-03-09,1355,34.0,Male,Multan,South,Clothing,T-Shirt,29.04,4,0.2,Debit Card,VIP,4.7,92.93
ORD103925,2024-03-09,1685,38.0,Male,Lahore,East,Electronics,Tablet,542.61,7,0.05,Debit Card,Returning,4.6,3608.36
ORD103625,2024-03-09,1629,32.0,Female,Lahore,East,Accessories,Sunglasses,79.21,3,0.1,Credit Card,Returning,3.6,213.87
ORD103976,2024-03-09,1544,26.0,Female,Peshawar,West,Clothing,Shoes,93.07,1,0.05,Digital Wallet,Returning,4.3,88.42
ORD102281,2024-03-09,1711,39.0,Male,Quetta,West,Clothing,Jeans,64.3,1,0.0,Digital Wallet,New,4.8,64.3
ORD102827,2024-03-09,1770,37.0,Female,Rawalpindi,North,Electronics,Keyboard,68.35,4,0.15,Debit Card,New,4.5,232.39
ORD102093,2024-03-09,1237,,Male,Peshawar,West,Clothing,Shoes,99.6,3,0.0,Digital Wallet,New,4.6,298.8
ORD102528,2024-03-09,1800,30.0,Female,Quetta,West,Clothing,Jeans,60.22,1,0.1,Credit Card,VIP,3.7,54.2
ORD100969,2024-03-09,1726,31.0,Female,Islamabad,North,Electronics,Mouse,33.99,3,0.1,Bank Transfer,Returning,2.7,91.77
ORD104174,2024-03-09,1012,21.0,Male,Quetta,West,Clothing,Shoes,89.14,2,0.05,Digital Wallet,New,3.6,169.37
ORD101847,2024-03-09,1687,46.0,Female,Lahore,East,Accessories,Wallet,41.33,1,0.1,Credit Card,New,2.2,37.2
ORD102931,2024-03-09,1405,18.0,Male,Islamabad,North,Clothing,Shoes,90.71,4,0.0,Bank Transfer,New,4.2,362.84
ORD100211,2024-03-10,1225,48.0,Female,Quetta,West,Accessories,Backpack,52.81,2,0.0,Cash,New,3.5,105.62
ORD103809,2024-03-10,1395,47.0,Male,Islamabad,North,Electronics,Laptop,1135.66,1,0.05,Digital Wallet,Returning,3.9,1078.88
ORD103246,2024-03-10,1775,40.0,Male,Peshawar,West,Accessories,Sunglasses,73.74,2,0.15,Digital Wallet,New,4.6,125.36
ORD103260,2024-03-10,1260,27.0,Female,Lahore,East,Accessories,Wallet,41.59,1,0.3,Digital Wallet,VIP,5.0,29.11
ORD102629,2024-03-10,1287,18.0,Female,Karachi,South,Clothing,T-Shirt,32.05,2,0.05,Digital Wallet,VIP,4.5,60.89
ORD100748,2024-03-10,1305,29.0,Male,Rawalpindi,North,Electronics,Smartphone,733.09,2,0.2,,New,3.9,1172.94
ORD101822,2024-03-10,1233,18.0,Male,Islamabad,North,Electronics,Mouse,34.37,1,0.1,Credit Card,New,2.8,30.93
ORD102784,2024-03-11,1436,18.0,Female,Lahore,East,Electronics,Headphones,118.0,5,0.0,Credit Card,New,4.8,590.0
ORD100394,2024-03-11,1253,29.0,Female,Rawalpindi,North,Electronics,Mouse,35.12,3,0.25,Cash,New,2.8,79.02
ORD104863,2024-03-11,1649,,Female,Faisalabad,East,Electronics,Mouse,33.57,3,0.05,Debit Card,New,3.9,95.67
ORD102157,2024-03-11,1305,55.0,Male,Islamabad,North,Electronics,Smartwatch,232.15,4,0.0,Credit Card,New,3.7,928.6
ORD100032,2024-03-11,1253,47.0,Male,Rawalpindi,North,Electronics,Headphones,125.52,2,0.0,Digital Wallet,VIP,3.2,251.04
ORD102517,2024-03-11,1517,31.0,Male,Peshawar,West,Electronics,Smartwatch,219.5,1,0.05,Bank Transfer,Returning,3.9,208.52
ORD102452,2024-03-11,1744,39.0,Female,Peshawar,West,Electronics,Smartphone,746.23,2,0.05,Digital Wallet,New,2.1,1417.84
ORD101048,2024-03-11,1607,29.0,Male,Multan,South,Electronics,Laptop,1122.06,2,0.05,Credit Card,New,4.4,2131.91
ORD101457,2024-03-11,1342,43.0,Male,Lahore,East,Electronics,Monitor,272.56,1,0.0,Debit Card,New,4.2,272.56
ORD103717,2024-03-11,1666,43.0,Male,Multan,South,Electronics,Smartwatch,228.71,1,0.15,Credit Card,Returning,4.5,194.4
ORD102955,2024-03-11,1735,61.0,Female,Lahore,East,Electronics,Smartphone,727.83,1,0.15,Credit Card,New,3.8,618.66
ORD101027,2024-03-12,1518,21.0,Female,Peshawar,West,Clothing,Jacket,117.98,3,0.0,Credit Card,Returning,4.9,353.94
ORD101290,2024-03-12,1177,45.0,Female,Karachi,South,Electronics,Smartphone,834.94,6,0.2,Debit Card,Returning,3.4,4007.71
ORD103806,2024-03-12,1246,25.0,Female,Rawalpindi,North,Clothing,Jeans,69.25,2,0.0,Cash,New,,138.5
ORD100611,2024-03-12,1525,35.0,Female,Multan,South,Electronics,Smartphone,781.01,1,0.2,Digital Wallet,New,3.5,624.81
ORD100521,2024-03-12,1474,18.0,Male,Peshawar,West,Clothing,Jeans,69.86,2,0.0,Bank Transfer,New,2.3,139.72
ORD100502,2024-03-12,1447,47.0,Male,Islamabad,North,Electronics,Headphones,108.4,5,0.15,Bank Transfer,Returning,4.0,460.7
ORD100834,2024-03-12,1078,39.0,Female,Peshawar,West,Electronics,Monitor,327.01,6,0.2,Credit Card,Returning,4.6,1569.65
ORD103778,2024-03-12,1111,29.0,Female,Islamabad,North,Electronics,Tablet,504.55,4,0.05,Credit Card,New,2.6,1917.29
ORD103595,2024-03-13,1594,53.0,Male,Peshawar,West,Electronics,Monitor,314.0,3,0.0,Credit Card,New,4.1,942.0
ORD104039,2024-03-13,1624,,Female,Multan,South,Electronics,Mouse,32.49,1,0.3,Credit Card,VIP,4.5,22.74
ORD102393,2024-03-13,1154,48.0,Male,Quetta,West,Clothing,T-Shirt,30.5,2,0.1,Credit Card,New,2.4,54.9
ORD101879,2024-03-13,1084,36.0,Male,Rawalpindi,North,Accessories,Wallet,46.08,2,0.0,Credit Card,Returning,4.2,92.16
ORD101325,2024-03-13,1424,40.0,Male,Lahore,East,Clothing,Jeans,67.33,1,0.15,Cash,VIP,3.7,57.23
ORD100373,2024-03-13,1017,53.0,Female,Peshawar,West,Clothing,Shoes,102.59,2,0.15,Credit Card,New,3.6,174.4
ORD103448,2024-03-13,1779,43.0,Female,Lahore,East,Clothing,Shoes,84.85,3,0.25,Debit Card,Returning,4.0,190.91
ORD100701,2024-03-13,1167,61.0,Female,Karachi,South,Electronics,Mouse,34.47,1,0.05,Bank Transfer,Returning,5.0,32.75
ORD101189,2024-03-13,1598,51.0,Male,Islamabad,North,Electronics,Laptop,1349.27,3,0.2,Debit Card,VIP,3.6,3238.25
ORD100055,2024-03-13,1601,,Male,Peshawar,West,Electronics,Smartwatch,192.55,2,0.1,Credit Card,Returning,4.1,346.59
ORD103466,2024-03-13,1065,31.0,Female,Karachi,South,Clothing,T-Shirt,32.27,8,0.2,Debit Card,New,4.4,206.53
ORD102352,2024-03-14,1345,31.0,Female,Faisalabad,East,Accessories,Backpack,59.25,1,0.2,Digital Wallet,New,3.9,47.4
ORD102321,2024-03-14,1117,29.0,Male,Lahore,East,Clothing,Shoes,87.18,1,0.0,Credit Card,Returning,4.0,87.18
ORD101877,2024-03-14,1130,54.0,Male,Multan,South,Electronics,Tablet,448.19,2,0.05,Digital Wallet,Returning,3.6,851.56
ORD104302,2024-03-14,1582,44.0,Male,Rawalpindi,North,Clothing,Jacket,108.8,1,0.0,Digital Wallet,Returning,4.1,108.8
ORD103623,2024-03-14,1454,23.0,Female,Islamabad,North,Electronics,Keyboard,68.14,1,0.0,Bank Transfer,New,4.3,68.14
ORD103153,2024-03-14,1681,39.0,Male,Rawalpindi,North,Electronics,Headphones,119.63,3,0.25,Digital Wallet,VIP,4.8,269.17
ORD100282,2024-03-14,1640,45.0,Male,Multan,South,Clothing,T-Shirt,30.04,2,0.15,Debit Card,Returning,4.0,51.07
ORD101390,2024-03-15,1381,50.0,Female,Quetta,West,Accessories,Wallet,44.09,3,0.3,Credit Card,New,5.0,92.59
ORD101784,2024-03-15,1133,30.0,Male,Rawalpindi,North,Accessories,Backpack,55.64,2,0.0,Debit Card,VIP,3.2,111.28
ORD103649,2024-03-15,1277,30.0,Male,Karachi,South,Clothing,Jacket,110.11,4,0.05,Digital Wallet,Returning,4.8,418.42
ORD101963,2024-03-15,1779,48.0,Male,Multan,South,Accessories,Sunglasses,72.73,3,0.15,Cash,Returning,3.4,185.46
ORD103523,2024-03-15,1424,39.0,Female,Karachi,South,Electronics,Headphones,114.63,5,0.2,Credit Card,Returning,2.5,458.52
ORD100311,2024-03-15,1404,36.0,Male,Islamabad,North,Electronics,Headphones,107.05,2,0.3,Digital Wallet,New,3.0,149.87
ORD102779,2024-03-15,1277,18.0,Male,Multan,South,Electronics,Headphones,127.02,1,0.05,Digital Wallet,Returning,4.0,120.67
ORD104160,2024-03-15,1734,29.0,Male,Peshawar,West,Electronics,Tablet,546.86,3,0.0,Debit Card,VIP,3.8,1640.58
ORD104675,2024-03-15,1526,18.0,Male,Rawalpindi,North,Electronics,Smartphone,794.76,1,0.0,Credit Card,New,4.0,794.76
ORD103371,2024-03-16,1646,40.0,Male,Quetta,West,Clothing,Shoes,92.23,3,0.1,Bank Transfer,New,3.4,249.02
ORD103913,2024-03-16,1104,47.0,Female,Faisalabad,East,Electronics,Headphones,131.99,3,0.05,Cash,VIP,3.9,376.17
ORD101044,2024-03-16,1516,54.0,Female,Multan,South,Accessories,Backpack,55.79,3,0.1,Debit Card,Returning,4.6,150.63
ORD101698,2024-03-16,1521,35.0,Female,Quetta,West,Clothing,Shoes,96.08,2,0.0,Digital Wallet,New,2.3,192.16
ORD103057,2024-03-16,1581,43.0,Female,Lahore,East,Clothing,Jeans,65.46,3,0.0,Digital Wallet,VIP,3.2,196.38
ORD100957,2024-03-16,1573,21.0,Female,Rawalpindi,North,Clothing,T-Shirt,30.49,4,0.15,Bank Transfer,VIP,4.1,103.67
ORD101020,2024-03-16,1776,33.0,Female,Lahore,East,Electronics,Tablet,514.35,1,0.05,Credit Card,Returning,3.3,488.63
ORD100529,2024-03-16,1357,37.0,Male,Islamabad,North,Electronics,Mouse,35.56,7,0.0,Cash,Returning,5.0,248.92
ORD101344,2024-03-17,1458,24.0,Male,Faisalabad,East,Electronics,Laptop,1215.29,1,0.0,Debit Card,New,4.7,1215.29
ORD104688,2024-03-17,1392,43.0,Female,Quetta,West,Clothing,Shoes,95.02,3,0.2,Digital Wallet,New,4.7,228.05
ORD100227,2024-03-17,1386,29.0,Female,Karachi,South,Accessories,Sunglasses,74.42,2,0.1,Digital Wallet,New,4.3,133.96
ORD104158,2024-03-18,1699,45.0,Female,Islamabad,North,Clothing,Jacket,113.51,1,0.0,Debit Card,Returning,3.3,113.51
ORD102925,2024-03-18,1104,34.0,Female,Quetta,West,Accessories,Wallet,41.77,2,0.1,Credit Card,VIP,4.6,75.19
ORD103146,2024-03-18,1593,49.0,Female,Lahore,East,Accessories,Sunglasses,86.37,1,0.0,Digital Wallet,Returning,2.8,86.37
ORD101206,2024-03-18,1130,34.0,Male,Islamabad,North,Electronics,Monitor,281.14,2,0.0,Credit Card,New,3.3,562.28
ORD101966,2024-03-18,1088,46.0,Female,Quetta,West,Clothing,Shoes,84.96,3,0.0,Credit Card,New,2.8,254.88
ORD102500,2024-03-18,1446,43.0,Male,Rawalpindi,North,Electronics,Smartphone,729.08,5,0.05,Debit Card,New,3.7,3463.13
ORD102484,2024-03-19,1209,28.0,Male,Karachi,South,Clothing,Jeans,67.4,3,0.1,Credit Card,New,3.8,181.98
ORD102406,2024-03-19,1242,18.0,Male,Islamabad,North,Accessories,Wallet,44.2,2,0.1,Debit Card,New,3.2,79.56
ORD102152,2024-03-19,1121,48.0,Female,Faisalabad,East,Electronics,Monitor,305.66,1,0.1,Digital Wallet,Returning,3.8,275.09
ORD102291,2024-03-19,1267,25.0,Female,Faisalabad,East,Electronics,Mouse,39.46,7,0.0,Digital Wallet,Returning,2.2,276.22
ORD102052,2024-03-19,1059,18.0,Male,Faisalabad,East,Accessories,Sunglasses,77.97,3,0.05,Credit Card,Returning,3.0,222.21
ORD102033,2024-03-19,1243,48.0,Male,Peshawar,West,Electronics,Headphones,116.51,1,0.05,Bank Transfer,VIP,5.0,110.68
ORD101850,2024-03-19,1676,31.0,Male,Peshawar,West,Electronics,Mouse,35.14,5,0.25,Debit Card,Returning,4.5,131.77
ORD101419,2024-03-19,1727,18.0,Male,Multan,South,Electronics,Keyboard,64.7,6,0.15,Debit Card,Returning,2.6,329.97
ORD103829,2024-03-19,1587,41.0,Female,Rawalpindi,North,Electronics,Smartphone,703.52,2,0.1,Debit Card,VIP,4.9,1266.34
ORD104818,2024-03-19,1047,20.0,Female,Islamabad,North,Electronics,Mouse,33.32,1,0.0,Credit Card,VIP,3.7,33.32
ORD104020,2024-03-19,1776,35.0,Female,Karachi,South,Clothing,Jacket,111.79,8,0.15,Debit Card,New,4.7,760.17
ORD104528,2024-03-19,1202,42.0,Male,Rawalpindi,North,Accessories,Backpack,54.34,1,0.25,Cash,Returning,3.6,40.76
ORD104764,2024-03-19,1610,36.0,Male,Islamabad,North,Accessories,Sunglasses,68.87,5,0.0,Digital Wallet,Returning,4.1,344.35
ORD104377,2024-03-19,1760,47.0,Male,Peshawar,West,Electronics,Laptop,1210.5,2,0.05,Digital Wallet,New,2.7,2299.95
ORD102859,2024-03-20,1497,18.0,Male,Islamabad,North,Electronics,Smartphone,783.05,2,0.3,Debit Card,Returning,5.0,1096.27
ORD104663,2024-03-20,1197,21.0,Male,Lahore,East,Electronics,Smartphone,748.84,5,0.25,Bank Transfer,New,4.1,2808.15
ORD102960,2024-03-20,1132,49.0,Female,Islamabad,North,Clothing,T-Shirt,28.9,2,0.1,Credit Card,Returning,3.9,52.02
ORD104423,2024-03-20,1709,40.0,Female,Peshawar,West,Accessories,Backpack,56.7,2,0.25,Bank Transfer,VIP,3.5,85.05
ORD102254,2024-03-21,1757,19.0,Female,Islamabad,North,Clothing,Shoes,86.21,4,0.15,Cash,New,2.6,293.11
ORD103020,2024-03-21,1763,34.0,Female,Lahore,East,Electronics,Smartwatch,197.77,1,0.1,Debit Card,New,3.8,177.99
ORD102575,2024-03-21,1067,49.0,Male,Faisalabad,East,Accessories,Backpack,56.42,5,0.05,Credit Card,New,4.4,268.0
ORD103481,2024-03-22,1406,39.0,Male,Peshawar,West,Electronics,Smartphone,773.79,1,0.1,Debit Card,New,4.2,696.41
ORD104888,2024-03-22,1205,26.0,Female,Quetta,West,Accessories,Backpack,53.01,1,0.05,Credit Card,Returning,4.3,50.36
ORD103644,2024-03-22,1279,18.0,Female,Islamabad,North,Electronics,Headphones,124.17,1,0.05,Cash,VIP,4.2,117.96
ORD104984,2024-03-22,1235,20.0,Female,Multan,South,Accessories,Backpack,54.89,1,0.05,Credit Card,Returning,3.1,52.15
ORD102391,2024-03-22,1720,31.0,Male,Faisalabad,East,Electronics,Headphones,121.61,4,0.05,Credit Card,New,3.6,462.12
ORD100091,2024-03-22,1252,26.0,Female,Faisalabad,East,Clothing,Shoes,85.68,3,0.1,Debit Card,Returning,3.1,231.34
ORD102123,2024-03-22,1066,18.0,Male,Rawalpindi,North,Clothing,Shoes,86.07,7,0.1,Digital Wallet,Returning,2.2,542.24
ORD103286,2024-03-22,1196,53.0,Female,Faisalabad,East,Accessories,Sunglasses,74.35,3,0.0,Digital Wallet,New,4.5,223.05
ORD100475,2024-03-22,1657,68.0,Male,Lahore,East,Accessories,Backpack,56.95,2,0.15,Debit Card,New,4.1,96.82
ORD103073,2024-03-22,1612,25.0,Female,Peshawar,West,Electronics,Laptop,1074.06,3,0.0,Bank Transfer,New,2.2,3222.18
ORD102057,2024-03-22,1445,40.0,Female,Multan,South,Clothing,T-Shirt,31.58,1,0.0,Credit Card,Returning,4.9,31.58
ORD101275,2024-03-23,1210,28.0,Female,Karachi,South,Clothing,Shoes,92.33,1,0.25,Digital Wallet,Returning,3.1,69.25
ORD100674,2024-03-23,1170,36.0,Female,Peshawar,West,Electronics,Smartwatch,215.64,1,0.05,Digital Wallet,VIP,4.9,204.86
ORD103765,2024-03-23,1497,56.0,Female,Karachi,South,Clothing,T-Shirt,27.49,2,0.05,Digital Wallet,Returning,3.0,52.23
ORD100966,2024-03-23,1303,42.0,Female,Quetta,West,Accessories,Backpack,55.56,1,0.1,Bank Transfer,Returning,3.3,50.0
ORD102188,2024-03-23,1216,29.0,Male,Islamabad,North,Accessories,Wallet,44.3,6,0.15,Digital Wallet,New,5.0,225.93
ORD104623,2024-03-23,1095,32.0,Female,Faisalabad,East,Electronics,Tablet,513.65,6,0.0,Debit Card,Returning,2.8,3081.9
ORD103432,2024-03-24,1776,30.0,Female,Quetta,West,Electronics,Mouse,36.46,3,0.25,Digital Wallet,New,3.1,82.04
ORD103216,2024-03-24,1436,53.0,Female,Lahore,East,Accessories,Wallet,48.33,3,0.2,Debit Card,New,4.0,115.99
ORD104869,2024-03-24,1363,25.0,Female,Rawalpindi,North,Electronics,Headphones,125.59,2,0.05,Cash,Returning,3.3,238.62
ORD104133,2024-03-24,1111,43.0,Male,Rawalpindi,North,Clothing,Jacket,124.36,5,0.15,Cash,Returning,3.6,528.53
ORD102882,2024-03-24,1781,25.0,Male,Quetta,West,Accessories,Sunglasses,88.26,2,0.2,Digital Wallet,New,5.0,141.22
ORD102521,2024-03-24,1633,41.0,Female,Rawalpindi,North,Clothing,Shoes,86.67,1,0.05,Bank Transfer,New,4.2,82.34
ORD100403,2024-03-24,1570,29.0,Male,Peshawar,West,Electronics,Headphones,116.01,2,0.05,Credit Card,VIP,4.6,220.42
ORD101729,2024-03-25,1521,45.0,Male,Islamabad,North,Electronics,Tablet,526.06,1,0.0,Credit Card,VIP,3.6,526.06
ORD101558,2024-03-25,1466,18.0,Male,Faisalabad,East,Accessories,Sunglasses,81.72,2,0.1,Debit Card,New,3.9,147.1
ORD104471,2024-03-25,1433,36.0,Male,Peshawar,West,Accessories,Sunglasses,85.96,3,0.1,Bank Transfer,VIP,2.9,232.09
ORD103374,2024-03-25,1407,44.0,Female,Faisalabad,East,Electronics,Laptop,1121.19,1,0.0,Bank Transfer,New,4.7,1121.19
ORD101730,2024-03-25,1463,38.0,Female,Karachi,South,Clothing,Jacket,111.34,7,0.0,Credit Card,Returning,3.7,779.38
ORD103923,2024-03-25,1771,31.0,Female,Rawalpindi,North,Electronics,Laptop,1184.01,3,0.05,Credit Card,New,4.1,3374.43
ORD102567,2024-03-25,1678,40.0,Female,Peshawar,West,Electronics,Tablet,514.61,2,0.1,Credit Card,Returning,4.1,926.3
ORD102926,2024-03-25,1483,30.0,Male,Lahore,East,Electronics,Tablet,500.08,1,0.0,Digital Wallet,New,4.5,500.08
ORD101334,2024-03-26,1113,54.0,Female,Quetta,West,Electronics,Mouse,34.65,4,0.0,Credit Card,Returning,3.7,138.6
ORD104113,2024-03-26,1525,51.0,Male,Peshawar,West,Clothing,Jacket,99.8,1,0.1,Digital Wallet,New,4.3,89.82
ORD100424,2024-03-26,1408,38.0,Male,Quetta,West,Electronics,Laptop,1255.4,2,0.25,Digital Wallet,New,3.8,1883.1
ORD104167,2024-03-26,1501,29.0,Male,Quetta,West,Electronics,Mouse,32.74,5,0.3,Credit Card,Returning,4.0,114.59
ORD104551,2024-03-26,1081,30.0,Male,Multan,South,Electronics,Headphones,123.37,3,0.05,Credit Card,Returning,3.2,351.6
ORD102614,2024-03-26,1608,43.0,Female,Karachi,South,Electronics,Tablet,492.79,3,0.1,Bank Transfer,Returning,3.9,1330.53
ORD104351,2024-03-27,1421,23.0,Female,Peshawar,West,Accessories,Wallet,51.99,2,0.1,Credit Card,New,3.4,93.58
ORD100726,2024-03-27,1409,51.0,Female,Faisalabad,East,Electronics,Headphones,124.76,4,0.15,Digital Wallet,Returning,4.8,424.18
ORD101433,2024-03-27,1278,18.0,Male,Rawalpindi,North,Electronics,Mouse,35.75,6,0.0,Bank Transfer,Returning,3.9,214.5
ORD101997,2024-03-27,1317,38.0,Male,Quetta,West,Electronics,Laptop,1054.69,1,0.1,Credit Card,New,3.6,949.22
ORD102483,2024-03-27,1614,32.0,Male,Peshawar,West,Clothing,T-Shirt,29.02,1,0.0,Credit Card,Returning,4.8,29.02
ORD103287,2024-03-27,1793,18.0,Male,Multan,South,Clothing,Jacket,117.51,2,0.0,Credit Card,Returning,3.8,235.02
ORD102711,2024-03-28,1703,50.0,Male,Lahore,East,Electronics,Headphones,121.08,7,0.25,Digital Wallet,VIP,2.4,635.67
ORD100370,2024-03-28,1192,18.0,Male,Multan,South,Clothing,T-Shirt,27.98,1,0.2,Cash,New,5.0,22.38
ORD102662,2024-03-28,1221,55.0,Female,Peshawar,West,Electronics,Tablet,471.62,1,0.25,Credit Card,Returning,3.8,353.72
ORD101127,2024-03-28,1320,18.0,Male,Quetta,West,Electronics,Mouse,35.91,3,0.0,Cash,New,,107.73
ORD104884,2024-03-28,1512,47.0,Male,Peshawar,West,Electronics,Monitor,287.34,5,0.1,Bank Transfer,VIP,4.2,1293.03
ORD101748,2024-03-28,1114,18.0,Male,Quetta,West,Electronics,Keyboard,71.15,2,0.15,Digital Wallet,Returning,3.8,120.96
ORD103110,2024-03-28,1070,33.0,Male,Faisalabad,East,Electronics,Laptop,1226.37,4,0.05,Debit Card,New,3.1,4660.21
ORD100459,2024-03-29,1053,20.0,Female,Islamabad,North,Electronics,Headphones,115.89,1,0.15,Credit Card,Returning,3.3,98.51
ORD101891,2024-03-29,1774,20.0,Male,Quetta,West,Clothing,T-Shirt,27.48,1,0.1,Digital Wallet,New,4.1,24.73
ORD102315,2024-03-30,1364,22.0,Female,Faisalabad,East,Accessories,Wallet,43.62,1,0.25,Digital Wallet,Returning,3.8,32.71
ORD104011,2024-03-30,1241,28.0,Male,Faisalabad,East,Electronics,Mouse,32.88,4,0.0,Credit Card,New,3.9,131.52
ORD101764,2024-03-30,1147,18.0,Male,Multan,South,Clothing,Shoes,88.21,1,0.0,Credit Card,Returning,4.3,88.21
ORD101040,2024-03-30,1710,46.0,Male,Peshawar,West,Electronics,Keyboard,74.9,7,0.1,Bank Transfer,VIP,4.1,471.87
ORD101495,2024-03-30,1623,18.0,Male,Quetta,West,Clothing,Jeans,69.07,3,0.1,Debit Card,New,4.8,186.49
ORD104439,2024-03-30,1405,18.0,Male,Peshawar,West,Electronics,Smartwatch,196.73,2,0.15,Debit Card,New,4.4,334.44
ORD102456,2024-03-30,1073,23.0,Male,Islamabad,North,Clothing,Shoes,95.59,3,0.3,Debit Card,New,4.2,200.74
ORD100347,2024-03-30,1470,18.0,Male,Quetta,West,Clothing,Jeans,60.71,1,0.05,Credit Card,New,3.7,57.67
ORD101504,2024-03-30,1751,27.0,Female,Karachi,South,Electronics,Laptop,1252.36,7,0.0,Debit Card,Returning,4.8,8766.52
ORD102835,2024-03-30,1226,36.0,Male,Peshawar,West,Electronics,Mouse,33.13,1,0.15,Digital Wallet,New,3.7,28.16
ORD102697,2024-03-30,1013,57.0,Female,Faisalabad,East,Electronics,Tablet,529.09,1,0.3,Credit Card,Returning,3.9,370.36
ORD103404,2024-03-30,1718,30.0,Male,Lahore,East,Clothing,T-Shirt,29.99,3,0.15,Credit Card,Returning,3.2,76.47
ORD100754,2024-03-31,1566,26.0,Male,Multan,South,Accessories,Sunglasses,80.33,3,0.05,,VIP,5.0,228.94
ORD103259,2024-03-31,1613,36.0,Female,Quetta,West,Clothing,Shoes,85.4,3,0.25,Bank Transfer,Returning,4.4,192.15
ORD100239,2024-03-31,1736,22.0,Female,Multan,South,Electronics,Mouse,33.28,1,0.1,Digital Wallet,Returning,3.3,29.95
ORD104938,2024-03-31,1097,34.0,Female,Quetta,West,Electronics,Laptop,1236.31,5,0.15,Credit Card,New,4.6,5254.32
ORD103854,2024-03-31,1737,30.0,Female,Islamabad,North,Clothing,Shoes,92.88,1,0.05,Digital Wallet,New,3.1,88.24
ORD104771,2024-03-31,1007,18.0,Female,Lahore,East,Electronics,Keyboard,69.72,4,0.1,Digital Wallet,Returning,3.7,250.99
ORD104259,2024-04-01,1596,50.0,Female,Islamabad,North,Accessories,Wallet,42.96,3,0.0,Digital Wallet,Returning,4.7,128.88
ORD102415,2024-04-01,1661,64.0,Female,Peshawar,West,Electronics,Smartphone,735.27,8,0.15,Digital Wallet,New,3.6,4999.84
ORD103299,2024-04-01,1646,25.0,Male,Peshawar,West,Electronics,Smartphone,744.99,4,0.2,Bank Transfer,New,4.1,2383.97
ORD101648,2024-04-01,1142,43.0,Female,Karachi,South,Clothing,Shoes,89.37,2,0.1,Digital Wallet,Returning,5.0,160.87
ORD102958,2024-04-01,1101,46.0,Female,Multan,South,Electronics,Keyboard,78.32,2,0.2,Bank Transfer,Returning,4.0,125.31
ORD100144,2024-04-01,1643,34.0,Female,Quetta,West,Electronics,Mouse,39.35,1,0.0,Digital Wallet,New,3.5,39.35
ORD104716,2024-04-01,1792,31.0,Male,Quetta,West,Electronics,Tablet,491.64,6,0.1,Debit Card,Returning,3.7,2654.86
ORD103665,2024-04-01,1156,27.0,Female,Lahore,East,Electronics,Keyboard,69.28,4,0.15,Credit Card,New,5.0,235.55
ORD101417,2024-04-02,1632,66.0,Male,Multan,South,Accessories,Backpack,55.19,5,0.0,Digital Wallet,New,3.8,275.95
ORD100412,2024-04-02,1490,32.0,Male,Islamabad,North,Clothing,Shoes,88.83,2,0.1,Credit Card,Returning,2.9,159.89
ORD100021,2024-04-02,1770,18.0,Male,Lahore,East,Electronics,Monitor,304.13,3,0.15,Credit Card,New,3.8,775.53
ORD103158,2024-04-02,1610,19.0,Female,Lahore,East,Electronics,Smartphone,785.52,4,0.05,Debit Card,Returning,4.0,2984.98
ORD104455,2024-04-02,1494,38.0,Male,Rawalpindi,North,Electronics,Headphones,112.68,3,0.05,Credit Card,New,2.7,321.14
ORD100057,2024-04-02,1014,41.0,Male,Karachi,South,Accessories,Sunglasses,81.73,2,0.15,Credit Card,VIP,5.0,138.94
ORD102072,2024-04-02,1562,30.0,Female,Quetta,West,Electronics,Monitor,304.42,2,0.0,Bank Transfer,New,5.0,608.84
ORD104429,2024-04-02,1282,29.0,Male,Peshawar,West,Clothing,T-Shirt,33.47,3,0.05,Digital Wallet,New,3.8,95.39
ORD103438,2024-04-02,1127,50.0,Male,Islamabad,North,Electronics,Mouse,32.3,2,0.0,Digital Wallet,Returning,2.9,64.6
ORD102541,2024-04-02,1578,18.0,Female,Multan,South,Electronics,Smartphone,751.29,1,0.15,Cash,New,3.3,638.6
ORD100328,2024-04-02,1153,44.0,Male,Karachi,South,Electronics,Smartphone,713.28,2,0.05,Digital Wallet,Returning,4.3,1355.23
ORD100926,2024-04-02,1061,41.0,Male,Multan,South,Clothing,Jeans,61.31,3,0.0,Debit Card,Returning,4.6,183.93
ORD104647,2024-04-03,1331,35.0,Male,Faisalabad,East,Clothing,T-Shirt,30.43,1,0.05,Debit Card,Returning,3.2,28.91
ORD100579,2024-04-03,1602,33.0,Male,Peshawar,West,Accessories,Wallet,44.03,3,0.05,Debit Card,VIP,3.5,125.49
ORD100348,2024-04-03,1375,49.0,Female,Lahore,East,Clothing,Jeans,67.83,4,0.2,Credit Card,New,4.9,217.06
ORD102071,2024-04-03,1152,20.0,Female,Faisalabad,East,Electronics,Mouse,37.34,7,0.0,Credit Card,Returning,4.0,261.38
ORD102377,2024-04-03,1118,39.0,Male,Karachi,South,Clothing,T-Shirt,27.18,2,0.1,Bank Transfer,New,3.6,48.92
ORD102953,2024-04-04,1587,22.0,Male,Multan,South,Accessories,Sunglasses,81.97,2,0.25,Bank Transfer,VIP,4.7,122.96
ORD101858,2024-04-04,1646,26.0,Male,Rawalpindi,North,Clothing,T-Shirt,32.82,3,0.2,Debit Card,VIP,4.2,78.77
ORD102024,2024-04-04,1515,23.0,Male,Islamabad,North,Electronics,Tablet,517.68,1,0.2,Debit Card,New,3.7,414.14
ORD104186,2024-04-04,1331,42.0,Female,Peshawar,West,Clothing,Jeans,58.9,1,0.05,Credit Card,New,3.5,55.96
ORD101234,2024-04-05,1356,19.0,Male,Faisalabad,East,Accessories,Backpack,59.57,1,0.2,Debit Card,VIP,5.0,47.66
ORD104550,2024-04-05,1563,20.0,Male,Multan,South,Electronics,Smartwatch,231.56,2,0.2,Cash,Returning,2.9,370.5
ORD100437,2024-04-05,1092,28.0,Female,Quetta,West,Accessories,Sunglasses,74.65,1,0.2,Cash,New,3.0,59.72
ORD101163,2024-04-05,1616,42.0,Male,Quetta,West,Electronics,Mouse,36.96,5,0.0,Credit Card,Returning,4.3,184.8
ORD103067,2024-04-05,1638,28.0,Male,Rawalpindi,North,Accessories,Wallet,47.87,2,0.0,Digital Wallet,New,3.6,95.74
ORD100111,2024-04-05,1129,35.0,Male,Faisalabad,East,Electronics,Headphones,112.41,5,0.15,Cash,New,3.5,477.74
ORD100943,2024-04-05,1546,27.0,Male,Quetta,West,Electronics,Tablet,480.87,2,0.0,Credit Card,Returning,4.1,961.74
ORD103332,2024-04-06,1620,32.0,Female,Peshawar,West,Accessories,Sunglasses,83.93,4,0.2,Digital Wallet,New,4.1,268.58
ORD102117,2024-04-06,1231,18.0,Male,Islamabad,North,Electronics,Mouse,32.38,5,0.15,Bank Transfer,New,3.7,137.62
ORD102266,2024-04-06,1454,43.0,Female,Quetta,West,Clothing,Shoes,97.5,2,0.1,Credit Card,Returning,4.3,175.5
ORD102320,2024-04-06,1336,35.0,Female,Rawalpindi,North,Clothing,Jeans,66.91,1,0.05,Cash,New,5.0,63.56
ORD102274,2024-04-06,1344,27.0,Male,Faisalabad,East,Clothing,Shoes,92.01,2,0.2,Bank Transfer,New,4.2,147.22
ORD100393,2024-04-07,1191,38.0,Male,Rawalpindi,North,Accessories,Sunglasses,81.08,1,0.1,Digital Wallet,Returning,4.1,72.97
ORD102056,2024-04-07,1035,,Male,Islamabad,North,Electronics,Mouse,36.25,5,0.15,Debit Card,Returning,3.6,154.06
ORD100605,2024-04-07,1190,41.0,Female,Lahore,East,Accessories,Wallet,48.63,1,0.2,Credit Card,VIP,3.2,38.9
ORD103668,2024-04-07,1063,29.0,Female,Faisalabad,East,Electronics,Headphones,129.62,3,0.3,Debit Card,Returning,3.5,272.2
ORD101547,2024-04-07,1216,28.0,Male,Peshawar,West,Accessories,Backpack,53.17,2,0.2,Debit Card,Returning,3.9,85.07
ORD103867,2024-04-08,1349,33.0,Male,Rawalpindi,North,Electronics,Mouse,36.42,2,0.3,Cash,Returning,3.9,50.99
ORD104481,2024-04-08,1509,59.0,Male,Lahore,East,Electronics,Monitor,290.13,1,0.2,Credit Card,New,4.2,232.1
ORD102769,2024-04-08,1043,22.0,Female,Peshawar,West,Electronics,Monitor,292.5,2,0.25,Credit Card,Returning,4.1,438.75
ORD100993,2024-04-08,1631,46.0,Male,Peshawar,West,Electronics,Keyboard,70.39,1,0.2,Credit Card,Returning,4.0,56.31
ORD103814,2024-04-08,1020,28.0,Female,Lahore,East,Electronics,Monitor,310.16,3,0.05,Credit Card,New,4.3,883.96
ORD101905,2024-04-08,1271,33.0,Male,Karachi,South,Clothing,Shoes,87.98,2,0.0,Credit Card,Returning,4.2,175.96
ORD103603,2024-04-08,1332,22.0,Female,Multan,South,Electronics,Smartwatch,209.4,2,0.15,Debit Card,Returning,3.5,355.98
ORD104245,2024-04-09,1564,23.0,Male,Rawalpindi,North,Accessories,Backpack,52.73,8,0.05,Digital Wallet,Returning,3.1,400.75
ORD103737,2024-04-09,1708,18.0,Male,Quetta,West,Electronics,Smartphone,763.13,1,0.2,Debit Card,Returning,3.7,610.5
ORD104119,2024-04-09,1565,18.0,Male,Faisalabad,East,Clothing,Shoes,103.32,1,0.2,Debit Card,Returning,2.9,82.66
ORD103629,2024-04-09,1387,37.0,Female,Lahore,East,Electronics,Laptop,1199.47,1,0.0,Cash,Returning,3.3,1199.47
ORD101771,2024-04-10,1681,18.0,Male,Faisalabad,East,Electronics,Smartwatch,237.81,5,0.2,Credit Card,Returning,4.6,951.24
ORD102354,2024-04-10,1459,26.0,Female,Multan,South,Electronics,Headphones,117.91,1,0.05,Credit Card,Returning,3.2,112.01
ORD103598,2024-04-10,1751,43.0,Female,Islamabad,North,Clothing,Shoes,83.47,1,0.05,Digital Wallet,New,3.9,79.3
ORD101512,2024-04-10,1482,35.0,Male,Quetta,West,Clothing,T-Shirt,27.75,1,0.0,Cash,Returning,4.4,27.75
ORD102807,2024-04-10,1768,32.0,Male,Faisalabad,East,Electronics,Smartphone,782.2,1,0.0,Digital Wallet,Returning,5.0,782.2
ORD102389,2024-04-10,1584,38.0,Female,Faisalabad,East,Electronics,Laptop,1105.76,3,0.1,Debit Card,Returning,3.6,2985.55
ORD102788,2024-04-10,1499,39.0,Male,Rawalpindi,North,Electronics,Laptop,1186.85,1,0.15,Bank Transfer,New,3.4,1008.82
ORD100423,2024-04-10,1538,18.0,Male,Karachi,South,Clothing,Shoes,98.38,1,0.15,Digital Wallet,Returning,4.3,83.62
ORD104180,2024-04-10,1647,49.0,Female,Rawalpindi,North,Accessories,Sunglasses,82.06,2,0.15,Debit Card,New,2.4,139.5
ORD104079,2024-04-10,1455,42.0,Male,Lahore,East,Clothing,T-Shirt,30.34,3,0.15,Digital Wallet,Returning,4.6,77.37
ORD103944,2024-04-10,1474,41.0,Male,Quetta,West,Electronics,Tablet,543.81,1,0.0,Credit Card,Returning,4.5,543.81
ORD101328,2024-04-11,1769,36.0,Male,Karachi,South,Electronics,Laptop,1167.85,8,0.05,Credit Card,New,2.8,8875.66
ORD103338,2024-04-11,1066,35.0,Male,Karachi,South,Electronics,Mouse,30.07,1,0.15,Debit Card,New,4.3,25.56
ORD103654,2024-04-11,1611,24.0,Female,Rawalpindi,North,Accessories,Backpack,58.06,3,0.05,Cash,Returning,3.1,165.47
ORD102312,2024-04-12,1343,42.0,Male,Lahore,East,Clothing,Jeans,66.05,2,0.0,Debit Card,New,4.8,132.1
ORD104077,2024-04-12,1227,28.0,Female,Karachi,South,Clothing,Jeans,61.63,1,0.15,Credit Card,Returning,3.8,52.39
ORD100039,2024-04-12,1476,33.0,Female,Rawalpindi,North,Clothing,Jacket,108.4,3,0.15,Bank Transfer,VIP,4.0,276.42
ORD104533,2024-04-12,1254,28.0,Male,Peshawar,West,Clothing,T-Shirt,31.09,2,0.0,Debit Card,Returning,5.0,62.18
ORD103068,2024-04-12,1743,20.0,Female,Rawalpindi,North,Electronics,Monitor,301.94,4,0.0,Digital Wallet,New,3.9,1207.76
ORD103487,2024-04-12,1669,39.0,Female,Multan,South,Electronics,Monitor,304.97,2,0.0,Cash,Returning,4.0,609.94
ORD104431,2024-04-12,1109,22.0,Male,Rawalpindi,North,Electronics,Smartphone,761.13,2,0.2,Debit Card,Returning,3.7,1217.81
ORD100906,2024-04-12,1205,38.0,Male,Islamabad,North,Electronics,Mouse,32.59,3,0.0,Bank Transfer,New,3.5,97.77
ORD103525,2024-04-12,1291,30.0,Female,Faisalabad,East,Clothing,Shoes,80.89,1,0.05,Debit Card,New,3.7,76.85
ORD104251,2024-04-12,1559,29.0,Male,Islamabad,North,Electronics,Smartwatch,240.55,1,0.0,Credit Card,New,3.8,240.55
ORD101247,2024-04-13,1726,36.0,Male,Peshawar,West,Electronics,Smartphone,755.45,2,0.0,Debit Card,VIP,4.0,1510.9
ORD100646,2024-04-13,1151,47.0,Male,Rawalpindi,North,Electronics,Smartphone,709.92,1,0.1,Digital Wallet,Returning,3.4,638.93
ORD103978,2024-04-13,1074,22.0,Female,Rawalpindi,North,Clothing,Jeans,68.75,2,0.2,Bank Transfer,VIP,3.3,110.0
ORD104336,2024-04-13,1478,18.0,Female,Rawalpindi,North,Clothing,Shoes,88.59,2,0.3,Credit Card,New,4.7,124.03
ORD100226,2024-04-13,1510,39.0,Male,Multan,South,Clothing,Shoes,91.33,2,0.15,Digital Wallet,VIP,3.2,155.26
ORD104576,2024-04-13,1340,31.0,Female,Faisalabad,East,Electronics,Tablet,533.15,5,0.25,Digital Wallet,Returning,4.1,1999.31
ORD103819,2024-04-13,1147,34.0,Male,Faisalabad,East,Accessories,Wallet,46.76,2,0.1,Cash,Returning,5.0,84.17
ORD103496,2024-04-14,1579,35.0,Female,Lahore,East,Clothing,Jeans,62.93,4,0.15,Digital Wallet,VIP,5.0,213.96
ORD104313,2024-04-14,1139,33.0,Male,Faisalabad,East,Electronics,Smartphone,736.26,1,0.0,Credit Card,New,3.3,736.26
ORD104951,2024-04-14,1465,56.0,Male,Lahore,East,Electronics,Monitor,249.24,4,0.1,Cash,New,5.0,897.26
ORD100715,2024-04-14,1476,43.0,Male,Lahore,East,Electronics,Headphones,125.73,4,0.1,Bank Transfer,Returning,5.0,452.63
ORD102786,2024-04-14,1211,43.0,Male,Multan,South,Accessories,Backpack,46.87,4,0.05,Digital Wallet,Returning,4.0,178.11
ORD102816,2024-04-14,1217,41.0,Male,Karachi,South,Electronics,Smartphone,772.44,1,0.0,Digital Wallet,Returning,4.2,772.44
ORD100669,2024-04-14,1230,40.0,Male,Islamabad,North,Electronics,Headphones,113.75,3,0.0,Digital Wallet,New,4.2,341.25
ORD102131,2024-04-14,1301,22.0,Female,Islamabad,North,Electronics,Smartphone,704.69,1,0.25,Credit Card,Returning,3.2,528.52
ORD102130,2024-04-15,1676,39.0,Female,Karachi,South,Accessories,Sunglasses,76.12,7,0.05,Credit Card,New,4.7,506.2
ORD101900,2024-04-15,1163,18.0,Female,Islamabad,North,Clothing,T-Shirt,29.67,2,0.1,Debit Card,Returning,4.4,53.41
ORD103621,2024-04-15,1771,32.0,Female,Karachi,South,Electronics,Monitor,286.35,3,0.1,Bank Transfer,New,3.7,773.15
ORD100455,2024-04-15,1054,39.0,Female,Faisalabad,East,Clothing,Jacket,112.79,5,0.05,Bank Transfer,Returning,,535.75
ORD103780,2024-04-15,1435,45.0,Male,Multan,South,Electronics,Monitor,295.42,1,0.0,Credit Card,Returning,3.1,295.42
ORD102566,2024-04-15,1042,18.0,Male,Karachi,South,Electronics,Monitor,307.94,3,0.0,Debit Card,New,3.0,923.82
ORD103711,2024-04-15,1344,39.0,Male,Rawalpindi,North,Electronics,Laptop,1177.44,3,0.1,Digital Wallet,Returning,,3179.09
ORD104933,2024-04-15,1548,35.0,Male,Karachi,South,Accessories,Sunglasses,78.57,1,0.0,Debit Card,Returning,4.7,78.57
ORD103802,2024-04-15,1267,34.0,Female,Faisalabad,East,Electronics,Smartwatch,224.11,1,0.05,Cash,New,2.9,212.9
ORD104824,2024-04-15,1296,46.0,Female,Faisalabad,East,Accessories,Sunglasses,83.12,1,0.25,Credit Card,New,3.9,62.34
ORD100464,2024-04-15,1196,41.0,Male,Faisalabad,East,Electronics,Laptop,1209.29,1,0.15,Debit Card,Returning,3.2,1027.9
ORD100940,2024-04-15,1524,43.0,Female,Lahore,East,Electronics,Smartwatch,239.93,2,0.0,Digital Wallet,Returning,2.8,479.86
ORD100616,2024-04-16,1062,18.0,Male,Karachi,South,Electronics,Smartphone,724.44,1,0.3,Credit Card,New,4.8,507.11
ORD101126,2024-04-16,1296,29.0,Male,Quetta,West,Accessories,Wallet,45.15,1,0.0,Credit Card,Returning,3.4,45.15
ORD103208,2024-04-16,1760,29.0,Female,Multan,South,Electronics,Smartwatch,197.59,6,0.25,Digital Wallet,New,3.1,889.16
ORD102402,2024-04-16,1202,34.0,Female,Karachi,South,Clothing,Jacket,110.48,3,0.05,Bank Transfer,Returning,3.1,314.87
ORD102703,2024-04-17,1338,18.0,Male,Lahore,East,Electronics,Monitor,303.79,4,0.15,Digital Wallet,New,3.9,1032.89
ORD101145,2024-04-17,1042,25.0,Male,Rawalpindi,North,Clothing,Shoes,103.27,6,0.05,Credit Card,New,4.5,588.64
ORD104599,2024-04-17,1078,23.0,Male,Islamabad,North,Accessories,Sunglasses,80.59,1,0.05,Credit Card,New,4.2,76.56
ORD103127,2024-04-17,1021,25.0,Female,Islamabad,North,Clothing,Shoes,77.88,2,0.0,Credit Card,Returning,3.6,155.76
ORD101491,2024-04-17,1227,25.0,Female,Karachi,South,Electronics,Mouse,37.8,2,0.1,Bank Transfer,Returning,4.1,68.04
ORD102241,2024-04-17,1069,45.0,Female,Peshawar,West,Electronics,Mouse,36.35,4,0.15,Credit Card,New,3.3,123.59
ORD100786,2024-04-17,1752,25.0,Female,Peshawar,West,Electronics,Smartphone,816.35,3,0.15,Credit Card,VIP,3.1,2081.69
ORD101762,2024-04-18,1262,27.0,Male,Quetta,West,Electronics,Tablet,529.92,1,0.1,Debit Card,VIP,3.5,476.93
ORD103062,2024-04-18,1261,48.0,Female,Multan,South,Electronics,Smartphone,723.6,8,0.15,Credit Card,Returning,4.5,4920.48
ORD100557,2024-04-18,1691,25.0,Male,Faisalabad,East,Electronics,Smartwatch,187.77,7,0.05,Digital Wallet,New,4.1,1248.67
ORD103566,2024-04-18,1168,33.0,Male,Islamabad,North,Electronics,Headphones,115.6,2,0.05,Credit Card,VIP,3.6,219.64
ORD104099,2024-04-18,1274,37.0,Female,Islamabad,North,Electronics,Smartwatch,210.95,1,0.0,Digital Wallet,New,3.5,210.95
ORD102989,2024-04-18,1500,24.0,Male,Karachi,South,Electronics,Keyboard,63.17,3,0.0,Debit Card,New,5.0,189.51
ORD104487,2024-04-18,1650,18.0,Male,Faisalabad,East,Accessories,Sunglasses,76.33,1,0.0,Debit Card,New,3.8,76.33
ORD101266,2024-04-18,1313,31.0,Female,Faisalabad,East,Accessories,Wallet,38.76,2,0.15,Credit Card,New,3.5,65.89
ORD102212,2024-04-19,1129,29.0,Female,Peshawar,West,Electronics,Smartphone,699.28,3,0.0,Digital Wallet,New,4.0,2097.84
ORD100410,2024-04-19,1639,34.0,Female,Islamabad,North,Electronics,Headphones,120.24,3,0.0,Digital Wallet,New,4.3,360.72
ORD102639,2024-04-19,1056,27.0,Female,Islamabad,North,Electronics,Mouse,32.72,2,0.0,Credit Card,Returning,3.4,65.44
ORD104941,2024-04-19,1006,41.0,Female,Islamabad,North,Electronics,Keyboard,67.92,1,0.0,Bank Transfer,New,2.0,67.92
ORD101276,2024-04-19,1475,27.0,Male,Peshawar,West,Clothing,Jacket,108.47,2,0.1,Credit Card,New,3.5,195.25
ORD100563,2024-04-20,1168,18.0,Male,Lahore,East,Electronics,Mouse,29.65,3,0.05,Digital Wallet,New,3.8,84.5
ORD101337,2024-04-20,1678,33.0,Male,Multan,South,Electronics,Headphones,116.32,2,0.0,Bank Transfer,Returning,3.6,232.64
ORD103343,2024-04-20,1454,30.0,Female,Multan,South,Electronics,Smartphone,682.24,4,0.15,Credit Card,New,3.9,2319.62
ORD101307,2024-04-20,1360,27.0,Female,Quetta,West,Clothing,Jeans,64.59,2,0.1,Bank Transfer,New,4.1,116.26
ORD101653,2024-04-20,1293,49.0,Male,Faisalabad,East,Electronics,Laptop,1258.89,1,0.1,Debit Card,New,3.2,1133.0
ORD101678,2024-04-20,1660,38.0,Female,Quetta,West,Clothing,Jacket,113.56,6,0.25,Digital Wallet,New,2.8,511.02
ORD101932,2024-04-20,1273,45.0,Female,Faisalabad,East,Electronics,Smartphone,650.21,2,0.0,Digital Wallet,Returning,3.5,1300.42
ORD100806,2024-04-20,1177,50.0,Male,Karachi,South,Clothing,T-Shirt,30.86,2,0.15,Credit Card,Returning,5.0,52.46
ORD100447,2024-04-21,1150,36.0,Male,Multan,South,Clothing,T-Shirt,27.28,3,0.1,Debit Card,New,2.7,73.66
ORD100750,2024-04-21,1143,18.0,Male,Faisalabad,East,Electronics,Smartwatch,203.92,2,0.0,Bank Transfer,Returning,2.6,407.84
ORD100334,2024-04-21,1161,25.0,Male,Faisalabad,East,Clothing,Jeans,62.25,1,0.0,Digital Wallet,Returning,2.9,62.25
ORD101975,2024-04-21,1086,25.0,Female,Karachi,South,Clothing,Jacket,108.66,2,0.05,Debit Card,Returning,1.7,206.45
ORD102689,2024-04-21,1246,31.0,Male,Peshawar,West,Electronics,Smartphone,822.47,3,0.2,Debit Card,New,3.1,1973.93
ORD102592,2024-04-21,1289,40.0,Male,Islamabad,North,Electronics,Headphones,120.17,3,0.15,Debit Card,New,2.8,306.43
ORD102204,2024-04-21,1384,25.0,Female,Multan,South,Electronics,Smartwatch,236.25,4,0.1,Credit Card,Returning,2.4,850.5
ORD101313,2024-04-21,1215,26.0,Male,Peshawar,West,Accessories,Sunglasses,72.11,4,0.0,Digital Wallet,Returning,4.3,288.44
ORD103552,2024-04-21,1571,31.0,Female,Islamabad,North,Clothing,T-Shirt,28.74,1,0.05,Credit Card,Returning,3.8,27.3
ORD103660,2024-04-21,1188,49.0,Female,Islamabad,North,Electronics,Laptop,1108.26,6,0.1,Cash,Returning,4.1,5984.6
ORD101766,2024-04-21,1168,18.0,Male,Peshawar,West,Accessories,Sunglasses,79.57,3,0.05,Debit Card,Returning,3.1,226.77
ORD104269,2024-04-21,1573,44.0,Male,Rawalpindi,North,Electronics,Monitor,311.39,1,0.0,Credit Card,New,4.6,311.39
ORD104582,2024-04-22,1561,34.0,Male,Rawalpindi,North,Electronics,Monitor,311.33,1,0.05,Bank Transfer,Returning,3.6,295.76
ORD104592,2024-04-22,1544,43.0,Male,Lahore,East,Clothing,Jeans,63.0,2,0.1,Digital Wallet,Returning,3.8,113.4
ORD100298,2024-04-22,1002,32.0,Female,Peshawar,West,Accessories,Backpack,55.87,7,0.1,Bank Transfer,New,3.3,351.98
ORD104385,2024-04-22,1605,51.0,Male,Karachi,South,Electronics,Mouse,30.92,5,0.25,Credit Card,New,4.8,115.95
ORD100711,2024-04-22,1220,40.0,Female,Multan,South,Electronics,Headphones,114.62,1,0.15,Debit Card,Returning,5.0,97.43
ORD102146,2024-04-22,1776,30.0,Female,Multan,South,Electronics,Smartphone,793.59,4,0.0,Digital Wallet,Returning,4.0,3174.36
ORD104770,2024-04-22,1068,21.0,Female,Karachi,South,Accessories,Sunglasses,74.01,1,0.0,Digital Wallet,New,3.0,74.01
ORD100962,2024-04-22,1625,45.0,Female,Islamabad,North,Electronics,Smartphone,666.51,3,0.05,Debit Card,VIP,5.0,1899.55
ORD101617,2024-04-22,1170,29.0,Male,Lahore,East,Electronics,Keyboard,77.15,1,0.25,Debit Card,New,4.9,57.86
ORD103370,2024-04-23,1737,36.0,Male,Karachi,South,Electronics,Headphones,117.01,3,0.0,Credit Card,Returning,4.2,351.03
ORD103635,2024-04-23,1419,21.0,Female,Multan,South,Electronics,Mouse,34.68,1,0.0,Digital Wallet,New,4.6,34.68
ORD102871,2024-04-23,1663,33.0,Male,Karachi,South,Accessories,Wallet,43.75,3,0.0,,Returning,2.4,131.25
ORD104511,2024-04-23,1185,29.0,Male,Peshawar,West,Accessories,Sunglasses,81.1,1,0.0,Cash,VIP,3.2,81.1
ORD101677,2024-04-23,1584,34.0,Male,Lahore,East,Clothing,T-Shirt,34.15,1,0.25,Debit Card,VIP,5.0,25.61
ORD102218,2024-04-23,1495,31.0,Female,Quetta,West,Accessories,Sunglasses,79.68,1,0.0,Digital Wallet,New,4.2,79.68
ORD100260,2024-04-23,1610,45.0,Female,Lahore,East,Accessories,Wallet,41.46,2,0.0,Credit Card,Returning,4.1,82.92
ORD103680,2024-04-23,1668,46.0,Male,Quetta,West,Clothing,Jeans,68.31,1,0.0,Bank Transfer,New,5.0,68.31
ORD102342,2024-04-23,1648,41.0,Female,Karachi,South,Electronics,Smartwatch,213.58,1,0.3,Debit Card,Returning,2.0,149.51
ORD103934,2024-04-24,1657,29.0,Male,Quetta,West,Accessories,Backpack,52.35,2,0.0,Digital Wallet,New,2.5,104.7
ORD100643,2024-04-24,1469,49.0,Female,Peshawar,West,Clothing,Jeans,57.26,1,0.1,Credit Card,New,3.8,51.53
ORD103517,2024-04-24,1362,50.0,Male,Quetta,West,Electronics,Smartphone,725.75,1,0.0,Debit Card,Returning,3.9,725.75
ORD101960,2024-04-24,1102,49.0,Male,Quetta,West,Clothing,Shoes,87.13,2,0.2,Cash,New,4.8,139.41
ORD104288,2024-04-24,1520,39.0,Male,Lahore,East,Electronics,Smartphone,694.09,4,0.0,Debit Card,Returning,4.3,2776.36
ORD104390,2024-04-24,1606,41.0,Male,Rawalpindi,North,Clothing,Jeans,65.65,1,0.05,Digital Wallet,Returning,4.1,62.37
ORD103752,2024-04-24,1165,50.0,Female,Karachi,South,Electronics,Keyboard,69.88,4,0.0,Digital Wallet,Returning,3.9,279.52
ORD103238,2024-04-25,1238,47.0,Male,Rawalpindi,North,Electronics,Smartphone,693.16,4,0.15,Credit Card,Returning,2.3,2356.74
ORD100991,2024-04-25,1015,20.0,Female,Islamabad,North,Clothing,Shoes,94.58,2,0.1,Bank Transfer,New,4.4,170.24
ORD101387,2024-04-25,1085,50.0,Male,Quetta,West,Accessories,Backpack,55.56,1,0.15,Credit Card,New,3.5,47.23
ORD101082,2024-04-25,1724,40.0,Female,Islamabad,North,Clothing,Jeans,63.05,2,0.15,Debit Card,New,4.0,107.18
ORD104230,2024-04-25,1025,35.0,Female,Rawalpindi,North,Accessories,Backpack,46.69,1,0.0,Digital Wallet,New,2.2,46.69
ORD104540,2024-04-25,1785,39.0,Male,Quetta,West,Electronics,Laptop,1235.54,1,0.0,Digital Wallet,New,4.2,1235.54
ORD100088,2024-04-25,1456,46.0,Male,Quetta,West,Electronics,Mouse,34.23,1,0.05,Cash,Returning,3.8,32.52
ORD102017,2024-04-25,1459,34.0,Female,Peshawar,West,Electronics,Headphones,111.13,1,0.0,Credit Card,Returning,3.7,111.13
ORD102375,2024-04-26,1559,45.0,Male,Multan,South,Electronics,Smartwatch,230.59,2,0.1,Digital Wallet,VIP,5.0,415.06
ORD103493,2024-04-26,1772,37.0,Female,Islamabad,North,Clothing,T-Shirt,29.67,3,0.15,Debit Card,VIP,3.7,75.66
ORD102357,2024-04-26,1108,26.0,Female,Peshawar,West,Electronics,Smartphone,746.54,3,0.0,Debit Card,Returning,3.9,2239.62
ORD103236,2024-04-26,1567,58.0,Female,Islamabad,North,Clothing,Jeans,64.94,2,0.15,Digital Wallet,Returning,3.3,110.4
ORD101866,2024-04-26,1285,57.0,Female,Peshawar,West,Accessories,Backpack,55.28,4,0.05,Bank Transfer,New,2.6,210.06
ORD102904,2024-04-26,1703,29.0,Male,Multan,South,Electronics,Monitor,278.54,3,0.05,Digital Wallet,VIP,3.5,793.84
ORD101527,2024-04-26,1039,62.0,Female,Karachi,South,Clothing,T-Shirt,26.56,3,0.0,Debit Card,VIP,4.1,79.68
ORD103790,2024-04-26,1787,40.0,Male,Lahore,East,Electronics,Monitor,291.87,3,0.25,Credit Card,Returning,2.9,656.71
ORD101670,2024-04-27,1062,45.0,Male,Lahore,East,Electronics,Tablet,501.45,4,0.25,Cash,Returning,3.8,1504.35
ORD101385,2024-04-27,1673,29.0,Male,Karachi,South,Clothing,T-Shirt,30.91,1,0.0,Digital Wallet,New,3.2,30.91
ORD103003,2024-04-27,1076,35.0,Female,Peshawar,West,Accessories,Wallet,46.2,6,0.05,Debit Card,New,3.5,263.34
ORD102442,2024-04-27,1302,41.0,Female,Karachi,South,Electronics,Monitor,315.79,2,0.05,Debit Card,New,2.2,600.0
ORD100002,2024-04-27,1436,36.0,Female,Quetta,West,Electronics,Smartphone,800.11,6,0.0,Digital Wallet,VIP,3.9,4800.66
ORD104417,2024-04-27,1401,44.0,Male,Rawalpindi,North,Clothing,Jeans,69.64,4,0.25,Credit Card,New,2.6,208.92
ORD104151,2024-04-27,1104,18.0,Male,Rawalpindi,North,Electronics,Mouse,36.07,2,0.15,Credit Card,Returning,3.9,61.32
ORD104587,2024-04-27,1192,46.0,Male,Islamabad,North,Clothing,Jeans,64.37,5,0.0,Digital Wallet,New,3.3,321.85
ORD104741,2024-04-27,1073,44.0,Female,Peshawar,West,Clothing,Jacket,116.83,4,0.15,Cash,Returning,3.9,397.22
ORD104240,2024-04-27,1068,25.0,Male,Peshawar,West,Accessories,Backpack,52.17,2,0.1,Digital Wallet,New,3.6,93.91
ORD100340,2024-04-27,1135,24.0,Female,Islamabad,North,Electronics,Smartphone,743.14,1,0.15,Credit Card,New,4.8,631.67
ORD104490,2024-04-28,1615,26.0,Female,Multan,South,Electronics,Smartphone,722.7,1,0.15,Bank Transfer,New,2.9,614.3
ORD100654,2024-04-28,1398,27.0,Male,Multan,South,Clothing,Jeans,56.73,1,0.2,Credit Card,VIP,3.6,45.38
ORD104297,2024-04-28,1333,45.0,Female,Lahore,East,Electronics,Monitor,321.89,2,0.1,Digital Wallet,VIP,3.8,579.4
ORD103136,2024-04-28,1445,34.0,Male,Lahore,East,Accessories,Sunglasses,85.19,2,0.05,Credit Card,New,3.0,161.86
ORD102557,2024-04-28,1143,28.0,Female,Lahore,East,Electronics,Smartphone,665.01,2,0.05,Digital Wallet,Returning,4.3,1263.52
ORD100217,2024-04-29,1608,20.0,Female,Quetta,West,Electronics,Mouse,35.26,1,0.1,Credit Card,Returning,4.1,31.73
ORD103224,2024-04-29,1779,55.0,Female,Karachi,South,Clothing,Jeans,70.23,1,0.05,Credit Card,Returning,2.8,66.72
ORD102626,2024-04-29,1060,43.0,Female,Quetta,West,Electronics,Tablet,546.34,3,0.0,Digital Wallet,Returning,3.8,1639.02
ORD100508,2024-04-29,1656,49.0,Male,Peshawar,West,Clothing,T-Shirt,30.72,1,0.0,Credit Card,New,3.0,30.72
ORD102364,2024-04-29,1445,44.0,Female,Quetta,West,Accessories,Sunglasses,80.17,4,0.0,Debit Card,New,4.2,320.68
ORD103850,2024-04-30,1511,34.0,Female,Karachi,South,Electronics,Headphones,133.42,1,0.3,Debit Card,Returning,3.0,93.39
ORD104085,2024-04-30,1031,21.0,Female,Islamabad,North,Electronics,Monitor,264.94,3,0.15,Digital Wallet,New,3.8,675.6
ORD102569,2024-04-30,1429,36.0,Female,Karachi,South,Electronics,Keyboard,73.63,1,0.0,Bank Transfer,New,4.4,73.63
ORD102461,2024-04-30,1708,35.0,Male,Peshawar,West,Electronics,Tablet,430.94,1,0.05,Credit Card,New,5.0,409.39
ORD101005,2024-04-30,1525,28.0,Male,Faisalabad,East,Accessories,Wallet,43.82,2,0.1,Bank Transfer,Returning,2.9,78.88
ORD104391,2024-04-30,1675,20.0,Male,Lahore,East,Electronics,Smartphone,732.64,2,0.3,Cash,New,3.0,1025.7
ORD102206,2024-05-01,1308,30.0,Male,Multan,South,Accessories,Backpack,58.82,1,0.1,Bank Transfer,Returning,4.5,52.94
ORD101596,2024-05-01,1188,62.0,Female,Islamabad,North,Accessories,Sunglasses,86.37,4,0.05,Digital Wallet,Returning,3.4,328.21
ORD100872,2024-05-01,1103,45.0,Male,Karachi,South,Electronics,Laptop,1199.37,1,0.3,Debit Card,New,3.6,839.56
ORD103128,2024-05-01,1082,38.0,Male,Faisalabad,East,Clothing,Shoes,88.69,1,0.15,Bank Transfer,New,3.7,75.39
ORD100108,2024-05-01,1065,18.0,Male,Multan,South,Electronics,Smartphone,813.05,2,0.2,Digital Wallet,Returning,2.1,1300.88
ORD103608,2024-05-02,1770,35.0,Male,Islamabad,North,Clothing,Jacket,109.56,2,0.15,Bank Transfer,Returning,3.8,186.25
ORD102513,2024-05-02,1348,36.0,Male,Lahore,East,Accessories,Sunglasses,71.38,1,0.25,Bank Transfer,New,3.6,53.54
ORD103345,2024-05-02,1660,23.0,Female,Rawalpindi,North,Electronics,Headphones,122.74,1,0.25,Digital Wallet,New,4.8,92.06
ORD103390,2024-05-02,1424,29.0,Female,Multan,South,Electronics,Mouse,31.86,4,0.1,Credit Card,Returning,2.5,114.7
ORD101999,2024-05-02,1009,41.0,Male,Islamabad,North,Electronics,Smartphone,729.82,3,0.15,Debit Card,New,3.5,1861.04
ORD104143,2024-05-02,1378,,Female,Karachi,South,Electronics,Monitor,309.94,6,0.25,Debit Card,New,4.4,1394.73
ORD101581,2024-05-02,1498,39.0,Male,Faisalabad,East,Clothing,T-Shirt,31.4,3,0.15,Debit Card,Returning,5.0,80.07
ORD101242,2024-05-02,1051,50.0,Male,Islamabad,North,Electronics,Tablet,504.49,1,0.15,Digital Wallet,VIP,5.0,428.82
ORD100119,2024-05-03,1675,27.0,Female,Lahore,East,Clothing,Jacket,115.45,2,0.1,,Returning,4.3,207.81
ORD101050,2024-05-03,1137,32.0,Male,Multan,South,Electronics,Mouse,33.61,2,0.0,Cash,Returning,4.8,67.22
ORD101214,2024-05-04,1069,43.0,Female,Multan,South,Accessories,Sunglasses,78.7,1,0.0,Digital Wallet,New,2.9,78.7
ORD100967,2024-05-04,1639,50.0,Male,Quetta,West,Electronics,Monitor,319.99,4,0.0,Credit Card,Returning,4.4,1279.96
ORD102253,2024-05-04,1585,26.0,Male,Multan,South,Clothing,T-Shirt,29.08,2,0.1,Digital Wallet,Returning,4.3,52.34
ORD100271,2024-05-04,1349,26.0,Female,Islamabad,North,Electronics,Laptop,1269.7,3,0.25,Bank Transfer,New,3.1,2856.82
ORD104971,2024-05-04,1597,24.0,Female,Multan,South,Clothing,T-Shirt,32.37,2,0.1,Credit Card,Returning,3.4,58.27
ORD104817,2024-05-04,1436,45.0,Male,Lahore,East,Clothing,T-Shirt,29.06,4,0.0,Debit Card,Returning,5.0,116.24
ORD100907,2024-05-04,1126,43.0,Female,Faisalabad,East,Electronics,Headphones,133.15,2,0.15,Credit Card,Returning,4.2,226.36
ORD102122,2024-05-04,1028,43.0,Male,Islamabad,North,Accessories,Wallet,45.52,5,0.3,Cash,New,2.8,159.32
ORD103472,2024-05-04,1332,31.0,Male,Lahore,East,Electronics,Smartwatch,224.14,4,0.1,Digital Wallet,New,2.4,806.9
ORD101705,2024-05-05,1690,37.0,Female,Islamabad,North,Accessories,Sunglasses,74.35,3,0.3,Debit Card,New,5.0,156.14
ORD102318,2024-05-05,1407,18.0,Male,Faisalabad,East,Electronics,Smartphone,745.59,2,0.1,Debit Card,VIP,3.1,1342.06
ORD101953,2024-05-05,1495,50.0,Male,Quetta,West,Electronics,Headphones,123.46,4,0.1,Credit Card,New,3.4,444.46
ORD101801,2024-05-05,1589,29.0,Male,Islamabad,North,Electronics,Laptop,1214.94,2,0.1,Credit Card,New,3.2,2186.89
ORD103724,2024-05-05,1262,18.0,Female,Multan,South,Electronics,Mouse,34.9,1,0.05,Digital Wallet,Returning,3.1,33.15
ORD103360,2024-05-05,1302,35.0,Female,Peshawar,West,Clothing,Shoes,90.63,2,0.0,Bank Transfer,Returning,3.6,181.26
ORD102196,2024-05-05,1223,31.0,Male,Rawalpindi,North,Electronics,Monitor,308.53,8,0.15,Bank Transfer,New,3.2,2098.0
ORD101711,2024-05-06,1739,40.0,Female,Multan,South,Electronics,Monitor,305.0,5,0.0,Digital Wallet,New,3.7,1525.0
ORD104711,2024-05-06,1098,40.0,Male,Quetta,West,Electronics,Monitor,310.88,6,0.25,Credit Card,Returning,4.5,1398.96
ORD104335,2024-05-06,1008,41.0,Female,Quetta,West,Accessories,Backpack,56.89,2,0.1,Bank Transfer,VIP,4.7,102.4
ORD102959,2024-05-06,1698,31.0,Male,Lahore,East,Electronics,Headphones,121.23,4,0.25,Credit Card,New,4.0,363.69
ORD100536,2024-05-06,1223,28.0,Male,Lahore,East,Electronics,Smartphone,791.54,4,0.0,Cash,Returning,3.1,3166.16
ORD100444,2024-05-07,1575,30.0,Female,Karachi,South,Electronics,Smartphone,825.8,1,0.05,Cash,New,3.6,784.51
ORD100885,2024-05-07,1166,30.0,Female,Quetta,West,Clothing,Jeans,63.07,6,0.05,Debit Card,New,4.4,359.5
ORD104844,2024-05-07,1504,40.0,Female,Lahore,East,Electronics,Smartwatch,232.77,2,0.25,Credit Card,Returning,2.9,349.16
ORD101220,2024-05-07,1712,18.0,Male,Peshawar,West,Electronics,Keyboard,76.63,1,0.15,Credit Card,New,4.7,65.14
ORD104669,2024-05-07,1141,50.0,Male,Rawalpindi,North,Electronics,Smartphone,760.4,1,0.0,Credit Card,New,4.3,760.4
ORD102919,2024-05-07,1656,36.0,Female,Rawalpindi,North,Clothing,Shoes,83.68,1,0.0,Debit Card,Returning,4.7,83.68
ORD104594,2024-05-07,1452,37.0,Female,Lahore,East,Electronics,Smartphone,705.56,4,0.1,Credit Card,VIP,4.1,2540.02
ORD103306,2024-05-07,1457,45.0,Male,Rawalpindi,North,Electronics,Monitor,289.02,2,0.0,Credit Card,New,4.2,578.04
ORD102178,2024-05-07,1757,32.0,Male,Peshawar,West,Electronics,Headphones,117.29,2,0.05,Debit Card,Returning,5.0,222.85
ORD102081,2024-05-07,1578,33.0,Female,Islamabad,North,Electronics,Laptop,1201.0,2,0.0,Bank Transfer,VIP,4.6,2402.0
ORD100730,2024-05-08,1556,45.0,Female,Multan,South,Electronics,Keyboard,68.36,6,0.15,Credit Card,New,3.9,348.64
ORD103467,2024-05-08,1008,41.0,Female,Islamabad,North,Electronics,Smartphone,728.5,2,0.1,Digital Wallet,Returning,3.8,1311.3
ORD104635,2024-05-08,1626,38.0,Male,Faisalabad,East,Electronics,Monitor,304.77,5,0.1,Bank Transfer,New,3.8,1371.46
ORD101128,2024-05-08,1572,38.0,Female,Rawalpindi,North,Accessories,Backpack,57.2,3,0.25,Credit Card,Returning,3.0,128.7
ORD102438,2024-05-08,1753,20.0,Male,Quetta,West,Accessories,Sunglasses,80.34,5,0.1,Credit Card,Returning,3.9,361.53
ORD102607,2024-05-08,1537,37.0,Male,Rawalpindi,North,Clothing,Jeans,69.0,3,0.05,Credit Card,New,5.0,196.65
ORD103853,2024-05-08,1337,46.0,Female,Islamabad,North,Clothing,Shoes,96.17,1,0.05,Bank Transfer,New,4.9,91.36
ORD101308,2024-05-08,1561,39.0,Female,Islamabad,North,Clothing,Shoes,86.31,1,0.15,Bank Transfer,VIP,4.7,73.36
ORD102259,2024-05-08,1610,47.0,Female,Faisalabad,East,Electronics,Headphones,119.32,6,0.0,Debit Card,VIP,3.5,715.92
ORD100192,2024-05-08,1348,37.0,Male,Multan,South,Electronics,Smartphone,766.07,2,0.0,Digital Wallet,Returning,3.5,1532.14
ORD104452,2024-05-09,1112,32.0,Female,Quetta,West,Electronics,Tablet,489.09,1,0.1,Digital Wallet,New,3.9,440.18
ORD101118,2024-05-09,1236,40.0,Female,Quetta,West,Accessories,Sunglasses,78.38,3,0.2,Credit Card,New,3.6,188.11
ORD101896,2024-05-09,1257,51.0,Female,Peshawar,West,Electronics,Laptop,1106.87,8,0.0,Credit Card,Returning,3.2,8854.96
ORD102086,2024-05-09,1755,42.0,Female,Islamabad,North,Electronics,Smartphone,700.67,1,0.25,Digital Wallet,Returning,3.3,525.5
ORD104934,2024-05-09,1622,19.0,Female,Multan,South,Electronics,Headphones,135.01,1,0.0,Digital Wallet,New,3.9,135.01
ORD102282,2024-05-09,1143,25.0,Male,Quetta,West,Electronics,Laptop,1218.13,1,0.1,Debit Card,New,3.0,1096.32
ORD104132,2024-05-09,1387,37.0,Female,Quetta,West,Accessories,Wallet,42.08,2,0.1,Cash,New,5.0,75.74
ORD103706,2024-05-09,1031,46.0,Male,Islamabad,North,Clothing,Shoes,90.31,7,0.2,Credit Card,New,3.7,505.74
ORD102490,2024-05-09,1662,32.0,Female,Islamabad,North,Electronics,Smartphone,704.24,3,0.05,Credit Card,VIP,2.9,2007.08
ORD102369,2024-05-09,1775,39.0,Female,Quetta,West,Electronics,Smartphone,815.46,4,0.0,Cash,Returning,2.7,3261.84
ORD103862,2024-05-09,1287,38.0,Male,Lahore,East,Electronics,Mouse,37.6,2,0.05,Debit Card,Returning,5.0,71.44
ORD103940,2024-05-09,1358,50.0,Female,Faisalabad,East,Clothing,T-Shirt,27.32,5,0.15,Digital Wallet,New,5.0,116.11
ORD102339,2024-05-09,1751,49.0,Male,Islamabad,North,Clothing,Shoes,99.71,2,0.0,Credit Card,Returning,3.9,199.42
ORD101882,2024-05-09,1539,25.0,Male,Faisalabad,East,Electronics,Keyboard,70.62,5,0.1,Credit Card,Returning,4.5,317.79
ORD102420,2024-05-10,1455,32.0,Female,Faisalabad,East,Clothing,Shoes,91.55,1,0.0,Debit Card,New,4.9,91.55
ORD101315,2024-05-10,1723,38.0,Female,Islamabad,North,Electronics,Smartphone,762.65,2,0.1,Bank Transfer,New,4.2,1372.77
ORD103835,2024-05-10,1704,37.0,Female,Islamabad,North,Clothing,Shoes,93.84,3,0.1,Debit Card,New,3.4,253.37
ORD102120,2024-05-11,1743,65.0,Female,Islamabad,North,Electronics,Mouse,34.57,1,0.15,Credit Card,New,3.9,29.38
ORD100725,2024-05-11,1369,34.0,Female,Multan,South,Clothing,Shoes,81.57,1,0.0,Digital Wallet,Returning,3.6,81.57
ORD102397,2024-05-11,1664,31.0,Female,Faisalabad,East,Clothing,Shoes,88.56,1,0.1,Digital Wallet,New,4.3,79.7
ORD102840,2024-05-11,1402,44.0,Male,Rawalpindi,North,Clothing,T-Shirt,30.98,3,0.0,Digital Wallet,Returning,2.9,92.94
ORD100500,2024-05-11,1189,37.0,Female,Peshawar,West,Clothing,T-Shirt,30.43,1,0.05,Digital Wallet,VIP,4.1,28.91
ORD102570,2024-05-11,1158,46.0,Female,Lahore,East,Accessories,Backpack,50.5,4,0.15,Debit Card,Returning,3.7,171.7
ORD102087,2024-05-11,1371,18.0,Male,Islamabad,North,Electronics,Tablet,480.76,2,0.2,Credit Card,VIP,4.0,769.22
ORD103274,2024-05-12,1162,32.0,Female,Rawalpindi,North,Clothing,Jacket,110.58,4,0.05,Debit Card,New,3.9,420.2
ORD104873,2024-05-12,1680,30.0,Female,Lahore,East,Electronics,Smartwatch,223.99,8,0.3,Digital Wallet,New,3.5,1254.34
ORD103783,2024-05-12,1099,23.0,Female,Lahore,East,Clothing,Shoes,82.36,3,0.0,Bank Transfer,New,4.1,247.08
ORD103118,2024-05-12,1655,40.0,Female,Peshawar,West,Electronics,Mouse,32.22,4,0.0,Credit Card,Returning,3.2,128.88
ORD103848,2024-05-12,1163,38.0,Male,Karachi,South,Electronics,Monitor,287.15,2,0.1,Debit Card,Returning,4.5,516.87
ORD104559,2024-05-12,1198,35.0,Female,Islamabad,North,Electronics,Headphones,129.02,1,0.05,Bank Transfer,Returning,3.9,122.57
ORD101951,2024-05-13,1338,44.0,Male,Peshawar,West,Electronics,Mouse,34.67,3,0.0,Credit Card,VIP,4.9,104.01
ORD104810,2024-05-13,1680,23.0,Male,Peshawar,West,Electronics,Tablet,495.71,7,0.2,Credit Card,Returning,4.4,2775.98
ORD102449,2024-05-13,1167,44.0,Male,Multan,South,Electronics,Tablet,441.17,1,0.1,Bank Transfer,Returning,3.9,397.05
ORD101553,2024-05-13,1485,19.0,Male,Islamabad,North,Accessories,Sunglasses,85.08,5,0.05,Credit Card,VIP,4.2,404.13
ORD101780,2024-05-13,1667,33.0,Male,Peshawar,West,Clothing,Shoes,93.82,5,0.0,Cash,Returning,4.1,469.1
ORD102506,2024-05-13,1400,32.0,Female,Islamabad,North,Clothing,Jeans,59.79,4,0.0,Credit Card,New,3.5,239.16
ORD101636,2024-05-13,1440,54.0,Male,Quetta,West,Electronics,Laptop,1238.03,1,0.25,Credit Card,New,4.8,928.52
ORD104068,2024-05-13,1502,,Female,Karachi,South,Electronics,Mouse,32.74,6,0.15,Cash,New,3.3,166.97
ORD102606,2024-05-14,1392,36.0,Female,Karachi,South,Electronics,Headphones,108.02,1,0.1,Debit Card,New,4.3,97.22
ORD101101,2024-05-14,1172,48.0,Female,Multan,South,Electronics,Mouse,31.72,1,0.1,Credit Card,Returning,2.4,28.55
ORD101534,2024-05-14,1478,53.0,Male,Peshawar,West,Clothing,Jeans,67.1,3,0.0,Credit Card,Returning,3.0,201.3
ORD103113,2024-05-14,1672,31.0,Male,Rawalpindi,North,Clothing,T-Shirt,30.86,7,0.2,Digital Wallet,New,4.0,172.82
ORD101753,2024-05-14,1349,42.0,Male,Faisalabad,East,Electronics,Tablet,534.1,3,0.0,Credit Card,Returning,4.1,1602.3
ORD100897,2024-05-15,1401,31.0,Female,Faisalabad,East,Electronics,Laptop,1339.39,4,0.0,Credit Card,Returning,4.5,5357.56
ORD104502,2024-05-15,1169,29.0,Female,Karachi,South,Electronics,Tablet,466.63,1,0.1,Digital Wallet,Returning,2.6,419.97
ORD101603,2024-05-15,1527,18.0,Male,Lahore,East,Electronics,Tablet,496.5,1,0.05,Credit Card,VIP,4.5,471.67
ORD104372,2024-05-15,1173,31.0,Female,Peshawar,West,Electronics,Smartphone,759.12,1,0.1,Debit Card,New,4.0,683.21
ORD100126,2024-05-15,1041,53.0,Female,Quetta,West,Electronics,Smartwatch,222.81,3,0.1,Digital Wallet,VIP,4.5,601.59
ORD100009,2024-05-16,1122,28.0,Female,Islamabad,North,Electronics,Mouse,36.57,2,0.15,Bank Transfer,Returning,4.9,62.17
ORD100687,2024-05-16,1342,47.0,Male,Faisalabad,East,Electronics,Smartwatch,223.58,2,0.0,Digital Wallet,New,3.0,447.16
ORD101840,2024-05-16,1022,33.0,Male,Multan,South,Electronics,Monitor,282.1,2,0.1,Debit Card,Returning,4.4,507.78
ORD104108,2024-05-16,1356,56.0,Male,Peshawar,West,Clothing,Jeans,69.27,1,0.0,Bank Transfer,Returning,3.7,69.27
ORD104349,2024-05-16,1044,36.0,Female,Rawalpindi,North,Clothing,Shoes,93.38,1,0.15,Digital Wallet,Returning,4.8,79.37
ORD101654,2024-05-16,1665,34.0,Male,Lahore,East,Clothing,T-Shirt,31.03,1,0.05,Credit Card,New,3.6,29.48
ORD101345,2024-05-16,1162,20.0,Female,Faisalabad,East,Clothing,Jeans,68.75,2,0.1,Credit Card,VIP,3.9,123.75
ORD104634,2024-05-17,1451,42.0,Female,Multan,South,Electronics,Tablet,495.43,3,0.1,Digital Wallet,Returning,4.8,1337.66
ORD104859,2024-05-17,1369,18.0,Male,Faisalabad,East,Electronics,Smartwatch,229.58,5,0.0,Debit Card,New,3.0,1147.9
ORD103165,2024-05-17,1022,39.0,Female,Islamabad,North,Clothing,Shoes,92.67,1,0.15,Credit Card,Returning,2.7,78.77
ORD100762,2024-05-17,1358,35.0,Male,Quetta,West,Electronics,Tablet,470.33,6,0.15,Cash,Returning,3.2,2398.68
ORD101117,2024-05-17,1318,40.0,Male,Quetta,West,Electronics,Tablet,524.99,2,0.15,Debit Card,VIP,2.6,892.48
ORD100272,2024-05-17,1771,38.0,Male,Peshawar,West,Accessories,Backpack,62.72,1,0.3,Credit Card,VIP,3.0,43.9
ORD104919,2024-05-17,1312,53.0,Female,Lahore,East,Electronics,Keyboard,71.8,4,0.25,Credit Card,Returning,3.6,215.4
ORD100071,2024-05-18,1081,35.0,Female,Faisalabad,East,Electronics,Smartwatch,220.1,3,0.1,Credit Card,New,4.0,594.27
ORD103870,2024-05-18,1566,18.0,Male,Karachi,South,Electronics,Keyboard,72.63,2,0.1,Bank Transfer,New,4.7,130.73
ORD100620,2024-05-18,1397,42.0,Female,Multan,South,Accessories,Sunglasses,73.65,2,0.1,Credit Card,New,5.0,132.57
ORD100641,2024-05-18,1396,34.0,Male,Lahore,East,Electronics,Keyboard,72.92,3,0.05,Debit Card,New,4.7,207.82
ORD102670,2024-05-18,1628,34.0,Male,Islamabad,North,Clothing,Shoes,94.03,3,0.1,Debit Card,New,4.0,253.88
ORD104717,2024-05-18,1586,41.0,Male,Rawalpindi,North,Clothing,Jeans,60.43,1,0.05,Bank Transfer,New,4.8,57.41
ORD104146,2024-05-18,1119,18.0,Male,Lahore,East,Electronics,Laptop,1167.9,1,0.15,Credit Card,Returning,3.2,992.72
ORD104464,2024-05-19,1040,36.0,Female,Quetta,West,Accessories,Sunglasses,78.66,7,0.0,Bank Transfer,Returning,5.0,550.62
ORD100723,2024-05-19,1191,35.0,Female,Lahore,East,Electronics,Headphones,118.15,4,0.2,Bank Transfer,New,3.2,378.08
ORD102685,2024-05-19,1386,35.0,Female,Islamabad,North,Electronics,Smartphone,869.76,8,0.2,Bank Transfer,Returning,4.0,5566.46
ORD103116,2024-05-19,1148,36.0,Female,Lahore,East,Electronics,Headphones,125.61,2,0.1,Credit Card,New,4.1,226.1
ORD102473,2024-05-19,1562,35.0,Male,Multan,South,Clothing,Jeans,63.81,5,0.15,Credit Card,Returning,4.1,271.19
ORD100608,2024-05-19,1780,38.0,Female,Faisalabad,East,Clothing,Jeans,67.23,4,0.1,Debit Card,Returning,3.7,242.03
ORD103613,2024-05-19,1266,41.0,Male,Lahore,East,Electronics,Mouse,34.08,4,0.2,Digital Wallet,Returning,3.7,109.06
ORD101641,2024-05-20,1359,39.0,Male,Lahore,East,Electronics,Mouse,32.52,2,0.2,Bank Transfer,Returning,3.3,52.03
ORD100884,2024-05-20,1249,51.0,Female,Multan,South,Clothing,Jacket,108.96,1,0.2,Debit Card,New,4.2,87.17
ORD104772,2024-05-20,1137,23.0,Male,Peshawar,West,Clothing,Shoes,90.83,3,0.05,Credit Card,New,4.1,258.87
ORD103694,2024-05-20,1479,23.0,Female,Faisalabad,East,Clothing,T-Shirt,28.52,2,0.1,Debit Card,Returning,3.3,51.34
ORD101032,2024-05-20,1443,42.0,Female,Rawalpindi,North,Accessories,Backpack,60.49,2,0.15,Debit Card,Returning,1.9,102.83
ORD104453,2024-05-20,1615,31.0,Male,Multan,South,Clothing,T-Shirt,33.15,3,0.0,Digital Wallet,Returning,3.0,99.45
ORD100020,2024-05-20,1309,39.0,Male,Karachi,South,Electronics,Mouse,37.11,1,0.0,Debit Card,Returning,3.7,37.11
ORD104173,2024-05-20,1638,24.0,Male,Islamabad,North,Electronics,Smartphone,640.68,8,0.15,Bank Transfer,New,4.3,4356.62
ORD104837,2024-05-20,1550,40.0,Male,Faisalabad,East,Electronics,Tablet,489.96,1,0.3,Digital Wallet,Returning,3.9,342.97
ORD103194,2024-05-20,1744,37.0,Female,Karachi,South,Electronics,Tablet,480.26,5,0.0,Cash,Returning,3.6,2401.3
ORD101254,2024-05-21,1622,47.0,Female,Faisalabad,East,Electronics,Laptop,1124.63,1,0.05,Digital Wallet,New,3.5,1068.4
ORD100588,2024-05-22,1413,24.0,Male,Peshawar,West,Clothing,Jeans,68.06,1,0.05,Digital Wallet,New,3.9,64.66
ORD102530,2024-05-22,1784,31.0,Male,Karachi,South,Electronics,Mouse,35.16,1,0.15,Bank Transfer,New,4.7,29.89
ORD100744,2024-05-22,1441,31.0,Male,Karachi,South,Clothing,T-Shirt,30.28,3,0.2,Debit Card,VIP,3.9,72.67
ORD102734,2024-05-22,1625,39.0,Male,Karachi,South,Accessories,Sunglasses,76.29,3,0.0,Debit Card,New,4.8,228.87
ORD101845,2024-05-22,1270,55.0,Male,Multan,South,Accessories,Sunglasses,79.15,2,0.0,Credit Card,Returning,4.9,158.3
ORD103637,2024-05-22,1311,44.0,Female,Islamabad,North,Electronics,Smartphone,702.59,2,0.1,Digital Wallet,Returning,3.9,1264.66
ORD102444,2024-05-23,1580,34.0,Female,Quetta,West,Clothing,Shoes,87.26,1,0.1,Credit Card,Returning,3.5,78.53
ORD102751,2024-05-23,1284,27.0,Male,Rawalpindi,North,Clothing,T-Shirt,28.43,6,0.25,Digital Wallet,Returning,4.0,127.93
ORD100052,2024-05-23,1167,33.0,Male,Karachi,South,Accessories,Backpack,58.16,1,0.15,Debit Card,New,4.0,49.44
ORD101914,2024-05-23,1309,48.0,Male,Faisalabad,East,Electronics,Laptop,1046.97,2,0.1,Credit Card,New,3.2,1884.55
ORD104753,2024-05-23,1452,44.0,Female,Rawalpindi,North,Electronics,Keyboard,64.6,1,0.0,Bank Transfer,Returning,4.7,64.6
ORD101931,2024-05-23,1455,46.0,Male,Multan,South,Electronics,Keyboard,68.72,4,0.05,Debit Card,New,3.6,261.14
ORD103791,2024-05-23,1165,46.0,Male,Islamabad,North,Clothing,Jacket,124.99,1,0.05,Debit Card,New,2.8,118.74
ORD101121,2024-05-23,1459,19.0,Male,Multan,South,Accessories,Sunglasses,78.95,2,0.05,Debit Card,VIP,3.8,150.0
ORD100363,2024-05-23,1609,28.0,Male,Faisalabad,East,Clothing,T-Shirt,32.36,4,0.0,Credit Card,Returning,4.0,129.44
ORD101560,2024-05-23,1268,34.0,Male,Multan,South,Electronics,Keyboard,69.11,8,0.0,Digital Wallet,Returning,3.6,552.88
ORD102888,2024-05-24,1436,38.0,Male,Lahore,East,Clothing,Shoes,92.07,2,0.0,Cash,New,5.0,184.14
ORD102930,2024-05-24,1010,22.0,Female,Rawalpindi,North,Electronics,Mouse,37.05,1,0.1,Debit Card,VIP,4.1,33.34
ORD100450,2024-05-24,1342,32.0,Male,Rawalpindi,North,Accessories,Sunglasses,81.7,8,0.05,Debit Card,Returning,2.8,620.92
ORD104514,2024-05-24,1379,46.0,Female,Faisalabad,East,Clothing,Shoes,82.1,2,0.15,Bank Transfer,New,4.1,139.57
ORD100877,2024-05-24,1306,31.0,Male,Peshawar,West,Accessories,Backpack,55.49,4,0.2,Debit Card,Returning,3.9,177.57
ORD104009,2024-05-25,1591,50.0,Female,Peshawar,West,Electronics,Smartphone,771.55,4,0.1,Credit Card,Returning,3.9,2777.58
ORD100855,2024-05-25,1771,32.0,Female,Quetta,West,Electronics,Smartphone,735.94,1,0.1,Digital Wallet,New,3.8,662.35
ORD104953,2024-05-25,1471,26.0,Female,Islamabad,North,Electronics,Tablet,447.73,3,0.15,Bank Transfer,Returning,3.9,1141.71
ORD101069,2024-05-25,1441,18.0,Female,Multan,South,Accessories,Backpack,53.44,5,0.05,Digital Wallet,VIP,4.5,253.84
ORD103036,2024-05-25,1124,24.0,Male,Quetta,West,Electronics,Mouse,41.3,3,0.15,Digital Wallet,VIP,3.4,105.31
ORD103069,2024-05-25,1295,38.0,Female,Rawalpindi,North,Electronics,Headphones,119.27,1,0.15,Debit Card,Returning,4.3,101.38
ORD102159,2024-05-25,1632,32.0,Female,Multan,South,Electronics,Headphones,111.7,5,0.1,Credit Card,Returning,2.8,502.65
ORD100930,2024-05-25,1789,30.0,Female,Rawalpindi,North,Accessories,Backpack,54.98,1,0.0,Digital Wallet,Returning,5.0,54.98
ORD101792,2024-05-25,1672,24.0,Female,Peshawar,West,Clothing,Shoes,80.35,1,0.1,Debit Card,New,3.9,72.32
ORD104838,2024-05-25,1639,47.0,Male,Faisalabad,East,Accessories,Backpack,52.32,1,0.1,Bank Transfer,Returning,3.5,47.09
ORD101593,2024-05-26,1159,46.0,Male,Multan,South,Electronics,Mouse,33.94,5,0.1,Debit Card,VIP,3.0,152.73
ORD103320,2024-05-26,1675,26.0,Male,Multan,South,Electronics,Smartwatch,214.83,3,0.05,Digital Wallet,New,3.9,612.27
ORD102941,2024-05-26,1234,32.0,Male,Faisalabad,East,Electronics,Laptop,999.32,6,0.2,Cash,Returning,4.1,4796.74
ORD101103,2024-05-26,1168,28.0,Female,Peshawar,West,Clothing,Jeans,65.24,4,0.1,Digital Wallet,Returning,3.2,234.86
ORD101681,2024-05-26,1243,42.0,Male,Lahore,East,Accessories,Sunglasses,77.01,2,0.0,Credit Card,New,,154.02
ORD104305,2024-05-26,1580,36.0,Male,Lahore,East,Electronics,Laptop,1164.48,5,0.05,Credit Card,VIP,4.4,5531.28
ORD100001,2024-05-26,1103,46.0,Male,Peshawar,West,Clothing,Jeans,71.45,1,0.05,Debit Card,Returning,3.7,67.88
ORD100650,2024-05-26,1109,34.0,Male,Quetta,West,Accessories,Backpack,53.33,4,0.05,Cash,New,3.8,202.65
ORD101086,2024-05-27,1140,37.0,Female,Peshawar,West,Electronics,Smartphone,746.33,4,0.0,Digital Wallet,New,2.6,2985.32
ORD101236,2024-05-27,1133,46.0,Female,Multan,South,Electronics,Smartphone,782.95,1,0.1,Debit Card,New,3.8,704.66
ORD104880,2024-05-27,1092,36.0,Male,Quetta,West,Accessories,Wallet,44.17,1,0.05,Credit Card,New,3.0,41.96
ORD102450,2024-05-27,1621,,Female,Islamabad,North,Clothing,T-Shirt,30.07,3,0.0,Credit Card,Returning,5.0,90.21
ORD101669,2024-05-27,1011,40.0,Female,Karachi,South,Clothing,Shoes,87.42,2,0.1,Digital Wallet,New,4.2,157.36
ORD102545,2024-05-28,1761,43.0,Female,Rawalpindi,North,Accessories,Sunglasses,84.64,1,0.05,Credit Card,Returning,2.9,80.41
ORD103898,2024-05-28,1549,29.0,Male,Karachi,South,Electronics,Smartphone,743.97,2,0.2,Digital Wallet,Returning,3.8,1190.35
ORD103400,2024-05-28,1713,36.0,Male,Multan,South,Electronics,Tablet,501.74,1,0.15,Cash,New,4.4,426.48
ORD104883,2024-05-28,1662,34.0,Male,Quetta,West,Electronics,Keyboard,62.78,2,0.25,Credit Card,VIP,4.1,94.17
ORD100736,2024-05-28,1213,45.0,Male,Karachi,South,Clothing,Shoes,94.24,1,0.3,Digital Wallet,Returning,3.5,65.97
ORD100642,2024-05-28,1025,19.0,Male,Karachi,South,Clothing,T-Shirt,28.62,2,0.15,Cash,New,3.7,48.65
ORD104751,2024-05-28,1258,45.0,Female,Karachi,South,Electronics,Laptop,1211.02,3,0.1,Debit Card,New,3.5,3269.75
ORD104168,2024-05-28,1665,37.0,Male,Islamabad,North,Electronics,Monitor,313.02,2,0.05,Credit Card,New,2.2,594.74
ORD103102,2024-05-29,1619,24.0,Female,Karachi,South,Clothing,Shoes,94.09,4,0.15,Digital Wallet,New,2.8,319.91
ORD102257,2024-05-29,1489,28.0,Female,Quetta,West,Clothing,T-Shirt,30.87,3,0.1,Credit Card,Returning,3.6,83.35
ORD101223,2024-05-29,1302,35.0,Male,Quetta,West,Electronics,Headphones,111.83,3,0.15,Bank Transfer,Returning,3.9,285.17
ORD104952,2024-05-29,1076,44.0,Male,Lahore,East,Electronics,Headphones,115.69,1,0.05,Credit Card,New,3.9,109.91
ORD103810,2024-05-29,1487,56.0,Male,Karachi,South,Clothing,Jeans,64.16,2,0.1,Digital Wallet,New,2.7,115.49
ORD100353,2024-05-29,1230,19.0,Female,Islamabad,North,Electronics,Tablet,537.72,1,0.25,Cash,Returning,3.5,403.29
ORD102839,2024-05-29,1273,32.0,Male,Islamabad,North,Electronics,Headphones,116.5,1,0.0,Digital Wallet,Returning,4.3,116.5
ORD100953,2024-05-29,1056,30.0,Male,Multan,South,Electronics,Tablet,536.46,1,0.15,Debit Card,New,3.3,455.99
ORD104172,2024-05-30,1756,38.0,Female,Faisalabad,East,Electronics,Headphones,112.44,2,0.0,Bank Transfer,Returning,2.9,224.88
ORD102714,2024-05-30,1183,56.0,Male,Karachi,South,Electronics,Headphones,121.49,1,0.1,Credit Card,Returning,3.5,109.34
ORD101886,2024-05-30,1440,50.0,Female,Faisalabad,East,Clothing,T-Shirt,29.11,3,0.25,Bank Transfer,New,4.7,65.5
ORD102884,2024-05-30,1770,29.0,Male,Karachi,South,Accessories,Wallet,44.56,6,0.0,Credit Card,New,3.6,267.36
ORD103180,2024-05-31,1611,29.0,Male,Rawalpindi,North,Clothing,T-Shirt,30.95,2,0.25,Digital Wallet,Returning,5.0,46.42
ORD100706,2024-05-31,1126,18.0,Female,Rawalpindi,North,Electronics,Laptop,1199.42,3,0.1,Debit Card,Returning,2.8,3238.43
ORD102383,2024-05-31,1783,26.0,Female,Karachi,South,Clothing,T-Shirt,27.54,1,0.0,Credit Card,Returning,4.0,27.54
ORD104361,2024-05-31,1764,45.0,Female,Karachi,South,Electronics,Monitor,307.85,2,0.0,Digital Wallet,New,5.0,615.7
ORD101956,2024-05-31,1544,33.0,Female,Peshawar,West,Electronics,Smartphone,804.77,5,0.1,Digital Wallet,Returning,3.7,3621.46
ORD104779,2024-05-31,1046,49.0,Male,Rawalpindi,North,Electronics,Tablet,541.8,5,0.0,Debit Card,Returning,3.2,2709.0
ORD104022,2024-06-01,1325,39.0,Female,Quetta,West,Clothing,T-Shirt,30.29,6,0.0,Credit Card,New,4.5,181.74
ORD101798,2024-06-01,1356,42.0,Male,Faisalabad,East,Electronics,Smartphone,799.35,3,0.15,Credit Card,New,4.4,2038.34
ORD102983,2024-06-01,1515,43.0,Female,Lahore,East,Electronics,Smartwatch,227.36,4,0.1,Bank Transfer,Returning,3.2,818.5
ORD104733,2024-06-01,1483,22.0,Male,Lahore,East,Accessories,Backpack,54.72,2,0.0,Cash,New,3.7,109.44
ORD104710,2024-06-01,1778,44.0,Female,Islamabad,North,Electronics,Mouse,35.28,5,0.15,Credit Card,Returning,2.9,149.94
ORD102413,2024-06-02,1673,35.0,Female,Peshawar,West,Accessories,Backpack,49.37,1,0.1,Debit Card,Returning,3.2,44.43
ORD102412,2024-06-02,1226,34.0,Male,Quetta,West,Clothing,Jacket,107.54,1,0.0,Debit Card,Returning,3.9,107.54
ORD101841,2024-06-02,1474,40.0,Male,Karachi,South,Clothing,Shoes,88.46,4,0.1,Digital Wallet,Returning,3.0,318.46
ORD102289,2024-06-02,1291,37.0,Male,Islamabad,North,Electronics,Smartphone,691.82,6,0.1,Digital Wallet,Returning,5.0,3735.83
ORD102543,2024-06-02,1341,29.0,Male,Peshawar,West,Accessories,Backpack,50.76,1,0.1,Credit Card,Returning,2.5,45.68
ORD103317,2024-06-02,1218,40.0,Male,Quetta,West,Electronics,Smartwatch,232.71,1,0.15,Cash,Returning,4.7,197.8
ORD102407,2024-06-03,1581,38.0,Female,Peshawar,West,Clothing,Shoes,89.58,1,0.2,Credit Card,Returning,4.9,71.66
ORD100367,2024-06-03,1659,20.0,Male,Islamabad,North,Electronics,Smartwatch,209.81,3,0.0,Cash,New,4.2,629.43
ORD100306,2024-06-03,1233,44.0,Female,Faisalabad,East,Electronics,Headphones,113.76,2,0.05,Credit Card,VIP,4.5,216.14
ORD104338,2024-06-03,1495,35.0,Male,Faisalabad,East,Electronics,Headphones,111.11,1,0.05,Bank Transfer,Returning,4.9,105.55
ORD101520,2024-06-03,1017,28.0,Male,Karachi,South,Electronics,Mouse,33.21,1,0.0,Credit Card,New,2.8,33.21
ORD102522,2024-06-03,1286,30.0,Female,Karachi,South,Electronics,Laptop,1246.39,1,0.05,Credit Card,Returning,2.3,1184.07
ORD101651,2024-06-03,1324,55.0,Female,Faisalabad,East,Electronics,Headphones,114.34,2,0.0,Digital Wallet,Returning,3.8,228.68
ORD104807,2024-06-03,1170,36.0,Male,Quetta,West,Clothing,Shoes,89.75,1,0.05,Bank Transfer,Returning,3.0,85.26
ORD101945,2024-06-03,1717,44.0,Female,Islamabad,North,Electronics,Mouse,38.39,1,0.1,Cash,New,3.9,34.55
ORD103402,2024-06-03,1173,38.0,Female,Multan,South,Electronics,Monitor,290.09,1,0.1,Credit Card,New,4.6,261.08
ORD100567,2024-06-04,1397,18.0,Female,Peshawar,West,Accessories,Wallet,47.28,3,0.0,Bank Transfer,VIP,4.8,141.84
ORD102966,2024-06-04,1227,23.0,Female,Faisalabad,East,Electronics,Tablet,508.47,1,0.1,Digital Wallet,New,3.3,457.62
ORD104788,2024-06-04,1054,48.0,Female,Peshawar,West,Electronics,Monitor,310.24,1,0.0,Credit Card,New,3.8,310.24
ORD104201,2024-06-04,1226,44.0,Male,Multan,South,Electronics,Headphones,125.74,2,0.25,Cash,VIP,4.8,188.61
ORD101470,2024-06-04,1702,29.0,Male,Multan,South,Clothing,T-Shirt,29.36,2,0.05,Bank Transfer,Returning,4.5,55.78
ORD100194,2024-06-04,1231,18.0,Female,Peshawar,West,Clothing,Shoes,85.21,2,0.15,Debit Card,Returning,4.2,144.86
ORD100345,2024-06-04,1688,42.0,Female,Multan,South,Electronics,Mouse,35.37,5,0.2,Debit Card,New,5.0,141.48
ORD101212,2024-06-04,1794,48.0,Female,Islamabad,North,Accessories,Backpack,54.35,2,0.15,Cash,New,3.3,92.4
ORD102396,2024-06-05,1050,47.0,Female,Islamabad,North,Electronics,Smartphone,767.77,1,0.15,Debit Card,Returning,3.2,652.6
ORD102111,2024-06-05,1318,39.0,Male,Peshawar,West,Accessories,Backpack,51.52,2,0.0,Bank Transfer,New,2.6,103.04
ORD103641,2024-06-05,1049,37.0,Female,Peshawar,West,Electronics,Monitor,292.76,1,0.15,Cash,New,3.4,248.85
ORD102447,2024-06-05,1554,42.0,Male,Multan,South,Clothing,Shoes,92.03,4,0.1,Debit Card,Returning,4.3,331.31
ORD102203,2024-06-06,1151,33.0,Male,Lahore,East,Accessories,Backpack,60.49,1,0.0,Cash,Returning,4.0,60.49
ORD104595,2024-06-06,1369,48.0,Female,Quetta,West,Clothing,Jeans,63.46,1,0.05,Cash,Returning,4.6,60.29
ORD103092,2024-06-06,1632,37.0,Female,Peshawar,West,Electronics,Laptop,1191.22,3,0.1,Cash,VIP,4.1,3216.29
ORD104204,2024-06-06,1079,25.0,Male,Peshawar,West,Electronics,Smartphone,721.56,3,0.25,Bank Transfer,New,4.6,1623.51
ORD103920,2024-06-06,1075,33.0,Female,Rawalpindi,North,Accessories,Wallet,42.0,1,0.2,Cash,Returning,3.2,33.6
ORD101739,2024-06-06,1251,51.0,Female,Lahore,East,Accessories,Wallet,43.52,3,0.15,Credit Card,New,4.2,110.98
ORD104029,2024-06-06,1659,38.0,Male,Multan,South,Electronics,Mouse,37.01,2,0.1,Cash,Returning,3.7,66.62
ORD100899,2024-06-07,1785,47.0,Female,Karachi,South,Clothing,Jeans,67.38,6,0.1,Digital Wallet,New,3.7,363.85
ORD103103,2024-06-07,1596,41.0,Female,Rawalpindi,North,Clothing,Jeans,68.24,1,0.0,Debit Card,New,3.8,68.24
ORD101106,2024-06-07,1321,51.0,Female,Islamabad,North,Accessories,Backpack,51.66,2,0.25,Credit Card,Returning,4.0,77.49
ORD103443,2024-06-07,1062,33.0,Female,Lahore,East,Electronics,Laptop,1305.81,1,0.0,Debit Card,New,3.8,1305.81
ORD101183,2024-06-08,1441,46.0,Male,Quetta,West,Clothing,Shoes,88.91,6,0.2,Credit Card,New,4.5,426.77
ORD103979,2024-06-09,1010,39.0,Female,Rawalpindi,North,Accessories,Sunglasses,79.21,6,0.05,Credit Card,Returning,3.9,451.5
ORD104577,2024-06-09,1308,52.0,Male,Quetta,West,Electronics,Tablet,481.39,2,0.0,Digital Wallet,VIP,5.0,962.78
ORD102675,2024-06-09,1519,38.0,Male,Islamabad,North,Clothing,Jeans,66.79,1,0.3,Debit Card,New,4.7,46.75
ORD102128,2024-06-09,1424,31.0,Female,Faisalabad,East,Accessories,Sunglasses,82.29,3,0.3,Cash,VIP,3.9,172.81
ORD101525,2024-06-09,1042,35.0,Male,Islamabad,North,Accessories,Backpack,60.72,1,0.05,Credit Card,New,3.0,57.68
ORD104747,2024-06-09,1443,36.0,Male,Islamabad,North,Electronics,Smartphone,774.1,3,0.1,Bank Transfer,Returning,3.6,2090.07
ORD100205,2024-06-09,1710,46.0,Female,Faisalabad,East,Clothing,Jacket,114.7,3,0.1,Debit Card,New,4.9,309.69
ORD104379,2024-06-09,1667,31.0,Male,Multan,South,Electronics,Tablet,504.29,2,0.0,Debit Card,New,4.0,1008.58
ORD102459,2024-06-09,1070,30.0,Female,Karachi,South,Electronics,Laptop,1160.65,1,0.0,Credit Card,Returning,4.0,1160.65
ORD103536,2024-06-09,1404,35.0,Female,Islamabad,North,Clothing,Shoes,96.48,1,0.15,Debit Card,Returning,4.1,82.01
ORD103239,2024-06-10,1104,30.0,Male,Islamabad,North,Electronics,Headphones,115.84,2,0.05,Credit Card,New,4.3,220.1
ORD103715,2024-06-10,1557,34.0,Male,Karachi,South,Electronics,Keyboard,66.07,1,0.0,Digital Wallet,VIP,4.2,66.07
ORD100720,2024-06-10,1348,47.0,Female,Peshawar,West,Electronics,Headphones,121.57,2,0.0,Digital Wallet,New,3.7,243.14
ORD102242,2024-06-10,1361,44.0,Female,Multan,South,Electronics,Smartphone,674.63,2,0.0,Digital Wallet,New,4.7,1349.26
ORD101182,2024-06-10,1550,19.0,Female,Islamabad,North,Electronics,Monitor,275.62,1,0.2,Bank Transfer,VIP,2.8,220.5
ORD104574,2024-06-10,1582,25.0,Male,Multan,South,Clothing,Jacket,108.23,3,0.1,Credit Card,Returning,3.3,292.22
ORD103077,2024-06-10,1188,41.0,Female,Faisalabad,East,Clothing,Shoes,99.84,3,0.2,Credit Card,Returning,3.0,239.62
ORD101108,2024-06-11,1613,29.0,Female,Karachi,South,Electronics,Mouse,33.63,4,0.1,Debit Card,Returning,2.1,121.07
ORD103291,2024-06-11,1227,36.0,Male,Peshawar,West,Electronics,Laptop,1353.14,2,0.3,Cash,New,5.0,1894.4
ORD104910,2024-06-11,1303,21.0,Female,Quetta,West,Electronics,Laptop,1182.82,1,0.0,Digital Wallet,Returning,4.7,1182.82
ORD100713,2024-06-11,1058,18.0,Male,Peshawar,West,Clothing,T-Shirt,30.62,1,0.2,Bank Transfer,VIP,4.2,24.5
ORD100830,2024-06-11,1458,24.0,Male,Quetta,West,Clothing,Jeans,61.77,2,0.1,Credit Card,New,3.8,111.19
ORD104541,2024-06-11,1560,40.0,Male,Lahore,East,Clothing,T-Shirt,27.39,2,0.0,Bank Transfer,Returning,3.9,54.78
ORD101235,2024-06-12,1324,33.0,Male,Peshawar,West,Electronics,Smartphone,726.65,1,0.1,Debit Card,New,4.4,653.98
ORD102674,2024-06-12,1483,58.0,Female,Rawalpindi,North,Accessories,Sunglasses,74.56,1,0.1,Credit Card,VIP,3.5,67.1
ORD103342,2024-06-12,1047,52.0,Female,Peshawar,West,Accessories,Backpack,52.52,3,0.0,Bank Transfer,New,4.7,157.56
ORD101872,2024-06-12,1271,45.0,Male,Rawalpindi,North,Electronics,Mouse,34.26,1,0.1,Debit Card,Returning,5.0,30.83
ORD104409,2024-06-12,1404,20.0,Female,Lahore,East,Electronics,Mouse,38.3,1,0.0,Cash,New,4.9,38.3
ORD101409,2024-06-12,1053,52.0,Male,Quetta,West,Accessories,Sunglasses,72.57,2,0.15,Cash,New,4.6,123.37
ORD100883,2024-06-12,1308,21.0,Female,Karachi,South,Electronics,Smartphone,812.54,2,0.1,Bank Transfer,Returning,3.2,1462.57
ORD101067,2024-06-12,1504,43.0,Male,Faisalabad,East,Electronics,Laptop,1242.65,1,0.25,Credit Card,New,3.1,931.99
ORD104912,2024-06-13,1595,22.0,Male,Multan,South,Electronics,Smartphone,701.12,1,0.0,Bank Transfer,New,2.7,701.12
ORD102887,2024-06-13,1463,22.0,Female,Multan,South,Clothing,Jeans,63.85,2,0.15,Debit Card,New,3.2,108.54
ORD102098,2024-06-13,1794,31.0,Male,Rawalpindi,North,Accessories,Backpack,50.22,2,0.15,Digital Wallet,New,3.3,85.37
ORD104706,2024-06-13,1689,31.0,Female,Faisalabad,East,Accessories,Sunglasses,84.57,2,0.1,Credit Card,New,3.7,152.23
ORD102004,2024-06-13,1416,42.0,Male,Rawalpindi,North,Clothing,Jeans,69.95,3,0.0,Debit Card,New,4.3,209.85
ORD104970,2024-06-13,1616,19.0,Female,Peshawar,West,Electronics,Mouse,33.88,1,0.15,Digital Wallet,Returning,5.0,28.8
ORD101061,2024-06-13,1732,28.0,Male,Peshawar,West,Clothing,Jacket,122.65,2,0.0,Debit Card,Returning,4.8,245.3
ORD102358,2024-06-14,1586,24.0,Male,Peshawar,West,Electronics,Mouse,41.16,3,0.05,Digital Wallet,Returning,3.6,117.31
ORD103885,2024-06-14,1019,46.0,Female,Quetta,West,Electronics,Monitor,300.13,6,0.0,Digital Wallet,VIP,3.5,1800.78
ORD104138,2024-06-14,1536,32.0,Male,Multan,South,Clothing,Jeans,67.36,1,0.0,Bank Transfer,New,3.8,67.36
ORD103275,2024-06-14,1260,29.0,Male,Multan,South,Electronics,Headphones,121.71,3,0.25,Bank Transfer,Returning,2.0,273.85
ORD100428,2024-06-14,1685,23.0,Male,Lahore,East,Electronics,Headphones,112.48,1,0.3,Digital Wallet,Returning,3.3,78.74
ORD100257,2024-06-14,1767,19.0,Male,Faisalabad,East,Accessories,Sunglasses,84.66,6,0.0,Digital Wallet,Returning,4.8,507.96
ORD101964,2024-06-14,1214,22.0,Female,Peshawar,West,Clothing,T-Shirt,30.45,3,0.05,Debit Card,New,5.0,86.78
ORD100343,2024-06-14,1640,29.0,Male,Karachi,South,Clothing,Shoes,96.15,6,0.0,Digital Wallet,New,3.4,576.9
ORD104519,2024-06-14,1504,22.0,Male,Peshawar,West,Clothing,T-Shirt,28.78,3,0.05,Digital Wallet,VIP,3.5,82.02
ORD100826,2024-06-14,1023,30.0,Female,Lahore,East,Electronics,Smartphone,683.65,1,0.15,Digital Wallet,Returning,2.3,581.1
ORD103261,2024-06-14,1366,18.0,Male,Quetta,West,Electronics,Keyboard,70.14,2,0.0,Digital Wallet,New,4.1,140.28
ORD102829,2024-06-15,1781,39.0,Male,Islamabad,North,Electronics,Mouse,33.18,1,0.0,Credit Card,Returning,4.4,33.18
ORD104956,2024-06-15,1457,38.0,Female,Rawalpindi,North,Electronics,Laptop,1243.07,6,0.05,Debit Card,Returning,3.9,7085.5
ORD103768,2024-06-15,1533,28.0,Female,Lahore,East,Electronics,Mouse,36.04,6,0.2,Debit Card,New,3.5,172.99
ORD103094,2024-06-15,1182,37.0,Male,Lahore,East,Accessories,Wallet,44.15,1,0.15,Debit Card,Returning,2.9,37.53
ORD102378,2024-06-16,1277,43.0,Male,Islamabad,North,Electronics,Tablet,541.17,1,0.15,Cash,New,5.0,459.99
ORD103184,2024-06-16,1032,31.0,Male,Peshawar,West,Electronics,Mouse,35.45,3,0.15,Cash,Returning,4.0,90.4
ORD101837,2024-06-16,1524,25.0,Male,Peshawar,West,Clothing,T-Shirt,28.95,1,0.0,Cash,VIP,3.9,28.95
ORD101786,2024-06-16,1557,32.0,Female,Peshawar,West,Electronics,Smartphone,731.99,3,0.1,Debit Card,New,4.3,1976.37
ORD101713,2024-06-16,1120,52.0,Female,Lahore,East,Accessories,Backpack,59.11,4,0.05,Digital Wallet,Returning,2.1,224.62
ORD104948,2024-06-16,1261,40.0,Female,Rawalpindi,North,Clothing,T-Shirt,29.54,2,0.1,Debit Card,VIP,4.7,53.17
ORD102851,2024-06-16,1435,37.0,Female,Rawalpindi,North,Electronics,Keyboard,73.54,2,0.0,Digital Wallet,New,3.4,147.08
ORD104005,2024-06-17,1639,,Female,Rawalpindi,North,Clothing,T-Shirt,29.0,1,0.0,Bank Transfer,New,3.7,29.0
ORD102296,2024-06-17,1794,50.0,Male,Quetta,West,Electronics,Monitor,285.71,1,0.1,Bank Transfer,New,4.9,257.14
ORD102723,2024-06-17,1594,44.0,Male,Peshawar,West,Electronics,Monitor,313.27,5,0.0,Digital Wallet,New,3.6,1566.35
ORD103770,2024-06-17,1139,30.0,Female,Islamabad,North,Clothing,T-Shirt,28.83,2,0.25,Digital Wallet,New,3.1,43.24
ORD102560,2024-06-17,1101,31.0,Male,Peshawar,West,Accessories,Backpack,57.69,2,0.0,Bank Transfer,Returning,3.6,115.38
ORD101439,2024-06-17,1029,43.0,Female,Rawalpindi,North,Electronics,Monitor,284.47,1,0.1,Digital Wallet,New,5.0,256.02
ORD104831,2024-06-18,1338,29.0,Male,Faisalabad,East,Electronics,Mouse,37.83,1,0.0,Debit Card,Returning,4.1,37.83
ORD102834,2024-06-18,1288,30.0,Male,Peshawar,West,Clothing,Shoes,89.14,2,0.1,Digital Wallet,New,3.9,160.45
ORD100299,2024-06-18,1304,30.0,Female,Quetta,West,Accessories,Backpack,54.78,2,0.15,Debit Card,Returning,4.2,93.13
ORD100581,2024-06-19,1115,32.0,Male,Peshawar,West,Clothing,Jeans,69.31,7,0.1,Credit Card,New,4.1,436.65
ORD100043,2024-06-19,1687,32.0,Male,Rawalpindi,North,Accessories,Backpack,55.57,3,0.2,Digital Wallet,New,3.6,133.37
ORD102148,2024-06-19,1513,41.0,Male,Faisalabad,East,Electronics,Headphones,124.87,4,0.05,Debit Card,New,3.0,474.51
ORD100916,2024-06-19,1374,35.0,Male,Karachi,South,Accessories,Sunglasses,80.39,5,0.05,Credit Card,Returning,4.4,381.85
ORD102234,2024-06-19,1345,37.0,Male,Peshawar,West,Clothing,Jeans,62.19,1,0.0,Debit Card,Returning,5.0,62.19
ORD101330,2024-06-19,1371,30.0,Male,Faisalabad,East,Electronics,Smartphone,770.87,2,0.15,Digital Wallet,New,4.4,1310.48
ORD103204,2024-06-19,1796,22.0,Female,Faisalabad,East,Electronics,Smartwatch,232.22,4,0.15,Debit Card,New,5.0,789.55
ORD101635,2024-06-19,1272,35.0,Female,Quetta,West,Clothing,T-Shirt,31.7,1,0.15,Digital Wallet,New,3.7,26.94
ORD104163,2024-06-19,1421,18.0,Female,Rawalpindi,North,Electronics,Mouse,34.06,1,0.1,Credit Card,New,2.7,30.65
ORD102939,2024-06-19,1500,28.0,Female,Islamabad,North,Electronics,Monitor,326.74,1,0.1,Credit Card,Returning,4.2,294.07
ORD103624,2024-06-19,1667,32.0,Male,Lahore,East,Electronics,Smartphone,770.26,1,0.1,Debit Card,New,4.2,693.23
ORD101149,2024-06-19,1295,34.0,Male,Faisalabad,East,Electronics,Mouse,38.35,1,0.1,Debit Card,New,3.2,34.52
ORD100898,2024-06-19,1330,49.0,Female,Peshawar,West,Electronics,Smartwatch,211.72,1,0.0,Digital Wallet,New,4.3,211.72
ORD103702,2024-06-20,1628,44.0,Female,Rawalpindi,North,Electronics,Laptop,1326.82,4,0.0,Credit Card,Returning,3.9,5307.28
ORD101551,2024-06-20,1081,19.0,Female,Lahore,East,Clothing,Jacket,121.98,6,0.0,Cash,Returning,5.0,731.88
ORD103992,2024-06-20,1030,33.0,Female,Rawalpindi,North,Accessories,Backpack,56.97,2,0.1,Bank Transfer,Returning,4.2,102.55
ORD101996,2024-06-20,1305,48.0,Female,Faisalabad,East,Clothing,Shoes,85.54,5,0.2,Debit Card,Returning,4.0,342.16
ORD101531,2024-06-20,1108,34.0,Male,Karachi,South,Electronics,Laptop,1190.53,1,0.05,Debit Card,New,4.2,1131.0
ORD103646,2024-06-20,1505,37.0,Female,Lahore,East,Electronics,Monitor,299.88,1,0.05,Bank Transfer,VIP,4.4,284.89
ORD101943,2024-06-21,1395,32.0,Female,Peshawar,West,Accessories,Wallet,46.85,1,0.25,Debit Card,New,3.7,35.14
ORD103230,2024-06-21,1476,26.0,Female,Quetta,West,Clothing,T-Shirt,27.3,1,0.0,Digital Wallet,Returning,3.8,27.3
ORD104291,2024-06-21,1235,29.0,Female,Multan,South,Electronics,Smartphone,716.85,7,0.1,Bank Transfer,Returning,4.8,4516.16
ORD103864,2024-06-21,1114,33.0,Male,Peshawar,West,Electronics,Monitor,302.75,5,0.1,Digital Wallet,Returning,4.0,1362.38
ORD100918,2024-06-21,1360,38.0,Male,Islamabad,North,Electronics,Laptop,1374.42,4,0.25,Cash,Returning,4.4,4123.26
ORD103872,2024-06-22,1126,38.0,Male,Multan,South,Electronics,Laptop,1322.26,4,0.1,Credit Card,New,4.0,4760.14
ORD103932,2024-06-22,1528,20.0,Female,Faisalabad,East,Accessories,Backpack,55.21,1,0.1,Debit Card,New,3.6,49.69
ORD103407,2024-06-22,1763,39.0,Male,Peshawar,West,Electronics,Headphones,110.65,2,0.1,Digital Wallet,Returning,3.1,199.17
ORD101674,2024-06-23,1564,31.0,Male,Multan,South,Clothing,Jeans,61.36,2,0.05,Cash,New,3.7,116.58
ORD100010,2024-06-23,1467,31.0,Female,Rawalpindi,North,Clothing,Jeans,66.03,2,0.05,Credit Card,Returning,3.5,125.46
ORD101598,2024-06-23,1131,34.0,Female,Rawalpindi,North,Electronics,Keyboard,68.35,1,0.05,Digital Wallet,Returning,3.1,64.93
ORD100968,2024-06-23,1056,31.0,Male,Quetta,West,Electronics,Laptop,1108.59,3,0.0,Credit Card,Returning,3.5,3325.77
ORD100016,2024-06-23,1100,25.0,Male,Lahore,East,Accessories,Backpack,55.28,1,0.15,Digital Wallet,New,3.4,46.99
ORD101043,2024-06-23,1624,49.0,Male,Faisalabad,East,Electronics,Smartphone,674.04,2,0.25,Cash,VIP,4.9,1011.06
ORD102355,2024-06-24,1263,32.0,Female,Faisalabad,East,Electronics,Headphones,106.28,5,0.1,Credit Card,Returning,4.4,478.26
ORD103537,2024-06-24,1602,18.0,Female,Multan,South,Clothing,Shoes,83.88,3,0.2,Credit Card,VIP,3.0,201.31
ORD104996,2024-06-24,1679,18.0,Female,Peshawar,West,Electronics,Mouse,33.76,1,0.2,Cash,New,3.7,27.01
ORD104821,2024-06-24,1366,27.0,Male,Peshawar,West,Electronics,Tablet,489.38,2,0.0,Credit Card,New,3.6,978.76
ORD103600,2024-06-24,1084,38.0,Male,Lahore,East,Clothing,T-Shirt,31.53,3,0.0,Cash,New,4.8,94.59
ORD102424,2024-06-25,1590,25.0,Male,Islamabad,North,Electronics,Smartphone,738.57,1,0.0,Cash,New,3.6,738.57
ORD101706,2024-06-25,1062,22.0,Female,Karachi,South,Electronics,Monitor,288.22,2,0.15,Digital Wallet,New,4.3,489.97
ORD101768,2024-06-25,1353,44.0,Female,Faisalabad,East,Electronics,Smartphone,779.79,5,0.15,Cash,New,5.0,3314.11
ORD100661,2024-06-25,1235,56.0,Male,Quetta,West,Electronics,Keyboard,74.16,3,0.1,Bank Transfer,New,4.8,200.23
ORD104404,2024-06-25,1324,31.0,Male,Rawalpindi,North,Electronics,Laptop,1225.18,3,0.2,Debit Card,New,2.8,2940.43
ORD104603,2024-06-25,1759,35.0,Female,Karachi,South,Electronics,Laptop,1250.11,2,0.15,Digital Wallet,Returning,3.6,2125.19
ORD104792,2024-06-25,1507,35.0,Male,Islamabad,North,Clothing,Jeans,66.15,1,0.0,Bank Transfer,Returning,3.7,66.15
ORD102669,2024-06-25,1485,47.0,Male,Karachi,South,Electronics,Keyboard,73.39,3,0.25,Digital Wallet,VIP,2.7,165.13
ORD100530,2024-06-25,1023,29.0,Female,Karachi,South,Clothing,T-Shirt,32.32,2,0.25,Digital Wallet,Returning,3.2,48.48
ORD100178,2024-06-26,1578,52.0,Male,Peshawar,West,Electronics,Tablet,460.86,1,0.15,Digital Wallet,Returning,5.0,391.73
ORD102726,2024-06-26,1745,26.0,Male,Multan,South,Electronics,Mouse,33.86,4,0.0,,Returning,4.4,135.44
ORD101459,2024-06-26,1287,47.0,Female,Rawalpindi,North,Clothing,Shoes,88.43,1,0.05,Digital Wallet,Returning,5.0,84.01
ORD103527,2024-06-26,1749,29.0,Male,Rawalpindi,North,Electronics,Mouse,38.19,7,0.05,Cash,New,2.5,253.96
ORD103120,2024-06-26,1426,49.0,Female,Faisalabad,East,Clothing,Jeans,60.07,2,0.2,Bank Transfer,VIP,3.8,96.11
ORD103087,2024-06-27,1342,27.0,Male,Multan,South,Electronics,Tablet,467.59,3,0.0,Cash,New,2.9,1402.77
ORD103325,2024-06-27,1338,18.0,Male,Rawalpindi,North,Electronics,Tablet,484.79,2,0.0,Debit Card,VIP,4.0,969.58
ORD100374,2024-06-27,1172,40.0,Female,Lahore,East,Clothing,Jeans,71.73,2,0.1,Debit Card,New,3.2,129.11
ORD103143,2024-06-27,1327,45.0,Male,Peshawar,West,Electronics,Mouse,35.09,3,0.0,Debit Card,Returning,4.1,105.27
ORD102222,2024-06-27,1311,49.0,Female,Islamabad,North,Clothing,Jeans,67.52,2,0.2,Credit Card,New,2.2,108.03
ORD101974,2024-06-27,1310,29.0,Female,Peshawar,West,Clothing,Jacket,120.57,2,0.05,Credit Card,Returning,4.2,229.08
ORD101565,2024-06-27,1047,18.0,Female,Karachi,South,Electronics,Smartwatch,206.76,6,0.05,Credit Card,New,3.9,1178.53
ORD101889,2024-06-27,1303,60.0,Female,Peshawar,West,Clothing,T-Shirt,30.5,3,0.1,Credit Card,Returning,3.7,82.35
ORD101649,2024-06-27,1376,22.0,Male,Karachi,South,Clothing,Jeans,60.95,2,0.1,Credit Card,Returning,3.6,109.71
ORD102640,2024-06-28,1463,52.0,Female,Faisalabad,East,Clothing,Jeans,72.07,4,0.15,Bank Transfer,Returning,4.2,245.04
ORD102644,2024-06-28,1149,29.0,Female,Rawalpindi,North,Electronics,Headphones,110.47,1,0.1,Debit Card,Returning,3.2,99.42
ORD101049,2024-06-28,1664,31.0,Female,Islamabad,North,Electronics,Laptop,1113.0,3,0.25,Credit Card,New,3.8,2504.25
ORD100590,2024-06-28,1420,33.0,Male,Karachi,South,Electronics,Laptop,1232.92,1,0.05,Bank Transfer,VIP,3.8,1171.27
ORD102512,2024-06-28,1279,31.0,Male,Peshawar,West,Clothing,Shoes,98.73,5,0.2,Credit Card,Returning,3.1,394.92
ORD102310,2024-06-28,1783,25.0,Male,Faisalabad,East,Accessories,Wallet,41.2,2,0.05,Credit Card,New,3.9,78.28
ORD104419,2024-06-28,1354,25.0,Female,Multan,South,Clothing,Jacket,109.29,1,0.2,Digital Wallet,Returning,4.8,87.43
ORD103201,2024-06-28,1381,29.0,Male,Islamabad,North,Electronics,Tablet,547.01,3,0.05,Credit Card,New,4.3,1558.98
ORD100764,2024-06-28,1668,30.0,Female,Faisalabad,East,Clothing,Jeans,60.88,4,0.15,Digital Wallet,Returning,3.2,206.99
ORD103300,2024-06-29,1211,42.0,Male,Lahore,East,Electronics,Headphones,119.28,2,0.05,Debit Card,VIP,4.4,226.63
ORD103575,2024-06-29,1240,40.0,Male,Lahore,East,Electronics,Smartphone,733.4,5,0.1,Debit Card,VIP,4.6,3300.3
ORD102782,2024-06-29,1228,18.0,Female,Rawalpindi,North,Electronics,Monitor,297.39,3,0.0,Digital Wallet,Returning,2.6,892.17
ORD101114,2024-06-29,1606,30.0,Male,Rawalpindi,North,Electronics,Laptop,1254.39,2,0.05,Credit Card,New,4.1,2383.34
ORD100368,2024-06-29,1516,32.0,Female,Lahore,East,Electronics,Smartphone,731.54,2,0.2,Credit Card,New,4.0,1170.46
ORD101140,2024-06-29,1410,20.0,Male,Lahore,East,Accessories,Backpack,56.31,1,0.1,Debit Card,Returning,3.2,50.68
ORD101426,2024-06-29,1521,40.0,Male,Islamabad,North,Electronics,Mouse,34.67,5,0.0,Bank Transfer,Returning,5.0,173.35
ORD104521,2024-06-29,1213,28.0,Male,Multan,South,Electronics,Monitor,285.38,1,0.3,Digital Wallet,New,3.9,199.77
ORD100456,2024-06-29,1444,30.0,Female,Multan,South,Clothing,Shoes,79.38,5,0.15,Bank Transfer,New,3.5,337.36
ORD104620,2024-06-29,1458,54.0,Female,Quetta,West,Electronics,Monitor,285.55,3,0.05,Digital Wallet,Returning,4.7,813.82
ORD103569,2024-06-29,1332,31.0,Male,Islamabad,North,Clothing,Shoes,92.19,2,0.0,Credit Card,Returning,2.9,184.38
ORD102154,2024-06-30,1687,53.0,Female,Multan,South,Electronics,Smartwatch,201.44,3,0.1,Credit Card,Returning,,543.89
ORD103323,2024-06-30,1041,37.0,Female,Karachi,South,Clothing,Jeans,65.62,3,0.05,Debit Card,Returning,4.5,187.02
ORD102798,2024-06-30,1320,34.0,Female,Peshawar,West,Electronics,Laptop,1127.59,4,0.0,Digital Wallet,New,3.8,4510.36
ORD102693,2024-06-30,1650,30.0,Female,Islamabad,North,Electronics,Mouse,33.72,1,0.3,Debit Card,Returning,3.9,23.6
ORD101156,2024-06-30,1023,24.0,Female,Lahore,East,Electronics,Mouse,32.95,3,0.0,Digital Wallet,New,5.0,98.85
ORD100232,2024-06-30,1081,41.0,Male,Peshawar,West,Accessories,Backpack,53.5,2,0.0,Digital Wallet,New,3.8,107.0
ORD104087,2024-06-30,1649,30.0,Female,Rawalpindi,North,Accessories,Wallet,41.7,3,0.0,Digital Wallet,New,4.4,125.1
ORD104544,2024-06-30,1153,34.0,Male,Faisalabad,East,Clothing,T-Shirt,29.16,1,0.15,Digital Wallet,Returning,4.5,24.79
ORD104112,2024-06-30,1227,27.0,Female,Multan,South,Accessories,Wallet,43.61,6,0.0,Credit Card,Returning,3.5,261.66
ORD100318,2024-06-30,1625,37.0,Male,Faisalabad,East,Electronics,Tablet,490.36,2,0.0,Debit Card,New,3.3,980.72
ORD101809,2024-06-30,1233,33.0,Female,Karachi,South,Accessories,Backpack,55.0,2,0.05,Credit Card,New,5.0,104.5
ORD102495,2024-07-01,1287,28.0,Male,Faisalabad,East,Electronics,Laptop,1137.0,3,0.1,Digital Wallet,New,4.0,3069.9
ORD101893,2024-07-01,1453,34.0,Female,Lahore,East,Clothing,Shoes,86.43,4,0.1,Digital Wallet,Returning,3.5,311.15
ORD100728,2024-07-01,1134,25.0,Female,Peshawar,West,Electronics,Keyboard,72.14,1,0.05,Credit Card,New,5.0,68.53
ORD104329,2024-07-01,1245,46.0,Male,Islamabad,North,Electronics,Smartphone,744.14,7,0.0,Digital Wallet,VIP,3.8,5208.98
ORD101923,2024-07-01,1693,42.0,Male,Islamabad,North,Accessories,Backpack,53.82,8,0.0,Bank Transfer,New,3.6,430.56
ORD104841,2024-07-02,1443,37.0,Male,Rawalpindi,North,Electronics,Laptop,1237.88,1,0.0,Credit Card,New,3.4,1237.88
ORD100651,2024-07-02,1693,42.0,Male,Islamabad,North,Electronics,Headphones,112.15,2,0.0,Debit Card,VIP,4.2,224.3
ORD103237,2024-07-02,1559,33.0,Male,Multan,South,Electronics,Monitor,328.6,3,0.0,Credit Card,New,2.6,985.8
ORD100346,2024-07-02,1460,42.0,Male,Peshawar,West,Clothing,T-Shirt,27.95,1,0.05,Credit Card,VIP,5.0,26.55
ORD102990,2024-07-02,1766,64.0,Male,Islamabad,North,Electronics,Smartwatch,236.67,4,0.05,Digital Wallet,Returning,3.6,899.35
ORD100457,2024-07-02,1613,34.0,Female,Islamabad,North,Electronics,Keyboard,69.69,1,0.1,Cash,New,3.1,62.72
ORD101971,2024-07-02,1672,27.0,Female,Faisalabad,East,Accessories,Backpack,55.0,4,0.0,Credit Card,New,4.4,220.0
ORD100689,2024-07-02,1657,33.0,Male,Rawalpindi,North,Electronics,Mouse,35.19,3,0.0,Bank Transfer,New,1.5,105.57
ORD101557,2024-07-03,1537,31.0,Male,Peshawar,West,Electronics,Tablet,570.08,1,0.0,Debit Card,Returning,3.8,570.08
ORD100085,2024-07-03,1202,18.0,Male,Islamabad,North,Clothing,Jeans,67.24,1,0.0,Bank Transfer,Returning,5.0,67.24
ORD100522,2024-07-03,1432,18.0,Male,Rawalpindi,North,Electronics,Tablet,527.62,1,0.05,Credit Card,Returning,3.6,501.24
ORD102280,2024-07-03,1076,28.0,Female,Islamabad,North,Electronics,Monitor,272.17,1,0.0,Cash,Returning,3.9,272.17
ORD101176,2024-07-03,1669,47.0,Male,Peshawar,West,Accessories,Wallet,42.46,3,0.0,Digital Wallet,VIP,3.7,127.38
ORD103833,2024-07-04,1399,31.0,Male,Faisalabad,East,Electronics,Headphones,124.26,2,0.0,Cash,New,4.1,248.52
ORD104808,2024-07-04,1212,21.0,Male,Faisalabad,East,Accessories,Backpack,53.8,2,0.1,Debit Card,Returning,5.0,96.84
ORD100675,2024-07-04,1393,47.0,Male,Rawalpindi,North,Electronics,Mouse,33.04,2,0.05,Digital Wallet,Returning,2.4,62.78
ORD104026,2024-07-04,1633,42.0,Female,Multan,South,Clothing,Shoes,95.31,2,0.0,Debit Card,Returning,4.8,190.62
ORD101539,2024-07-04,1044,25.0,Male,Multan,South,Clothing,T-Shirt,34.51,5,0.15,Debit Card,Returning,4.1,146.67
ORD103808,2024-07-04,1758,45.0,Male,Peshawar,West,Electronics,Tablet,499.72,2,0.25,Bank Transfer,Returning,4.4,749.58
ORD102672,2024-07-04,1574,44.0,Female,Multan,South,Electronics,Keyboard,69.95,1,0.0,Bank Transfer,Returning,2.6,69.95
ORD102336,2024-07-05,1494,18.0,Male,Peshawar,West,Clothing,Shoes,95.91,1,0.05,Digital Wallet,New,4.9,91.11
ORD100489,2024-07-05,1634,46.0,Male,Faisalabad,East,Clothing,Jacket,109.53,1,0.15,Debit Card,New,2.9,93.1
ORD100504,2024-07-05,1790,18.0,Female,Quetta,West,Electronics,Smartphone,821.99,2,0.05,Debit Card,Returning,4.2,1561.78
ORD101116,2024-07-05,1581,31.0,Male,Multan,South,Electronics,Smartwatch,232.86,1,0.15,Digital Wallet,Returning,3.8,197.93
ORD103311,2024-07-05,1588,51.0,Male,Faisalabad,East,Clothing,T-Shirt,29.86,3,0.0,Digital Wallet,New,4.1,89.58
ORD104920,2024-07-05,1746,27.0,Male,Quetta,West,Clothing,Jeans,64.08,4,0.0,Credit Card,Returning,3.8,256.32
ORD101011,2024-07-05,1233,29.0,Male,Peshawar,West,Accessories,Sunglasses,77.2,1,0.1,Digital Wallet,Returning,3.6,69.48
ORD101476,2024-07-05,1705,51.0,Male,Quetta,West,Electronics,Smartphone,774.28,1,0.2,Cash,New,3.9,619.42
ORD100888,2024-07-05,1542,27.0,Male,Faisalabad,East,Clothing,T-Shirt,28.83,3,0.25,Credit Card,New,3.4,64.87
ORD104103,2024-07-05,1149,44.0,Male,Multan,South,Electronics,Mouse,34.97,2,0.05,Digital Wallet,Returning,5.0,66.44
ORD103365,2024-07-06,1393,22.0,Male,Rawalpindi,North,Electronics,Laptop,1202.02,7,0.15,Cash,Returning,4.6,7152.02
ORD100496,2024-07-06,1601,36.0,Male,Peshawar,West,Clothing,T-Shirt,29.89,1,0.2,Debit Card,New,4.5,23.91
ORD103549,2024-07-06,1553,46.0,Male,Rawalpindi,North,Accessories,Sunglasses,79.31,2,0.15,Debit Card,Returning,4.4,134.83
ORD101316,2024-07-06,1318,20.0,Female,Peshawar,West,Electronics,Keyboard,65.84,1,0.0,Digital Wallet,New,3.6,65.84
ORD101449,2024-07-06,1034,34.0,Female,Lahore,East,Accessories,Sunglasses,79.18,6,0.2,Credit Card,Returning,2.5,380.06
ORD102716,2024-07-06,1794,19.0,Male,Multan,South,Clothing,T-Shirt,29.9,5,0.2,Digital Wallet,Returning,3.5,119.6
ORD101332,2024-07-06,1194,38.0,Male,Quetta,West,Electronics,Tablet,468.47,2,0.0,Bank Transfer,Returning,4.0,936.94
ORD103728,2024-07-06,1485,44.0,Male,Islamabad,North,Electronics,Mouse,39.01,4,0.0,Credit Card,Returning,3.7,156.04
ORD103592,2024-07-06,1673,37.0,Male,Rawalpindi,North,Accessories,Wallet,45.03,3,0.05,Credit Card,New,4.1,128.34
ORD102752,2024-07-07,1715,25.0,Female,Multan,South,Electronics,Keyboard,72.89,3,0.1,Bank Transfer,New,4.7,196.8
ORD103303,2024-07-07,1395,45.0,Male,Peshawar,West,Clothing,Shoes,91.25,4,0.05,Credit Card,Returning,5.0,346.75
ORD101461,2024-07-07,1731,35.0,Female,Rawalpindi,North,Electronics,Laptop,1176.55,3,0.0,Digital Wallet,New,5.0,3529.65
ORD103367,2024-07-07,1207,56.0,Female,Rawalpindi,North,Electronics,Monitor,315.71,2,0.05,Digital Wallet,Returning,4.0,599.85
ORD100305,2024-07-07,1009,38.0,Male,Karachi,South,Electronics,Laptop,1118.27,2,0.2,Digital Wallet,New,2.9,1789.23
ORD101110,2024-07-07,1785,18.0,Male,Faisalabad,East,Electronics,Laptop,1118.28,6,0.25,Credit Card,New,3.6,5032.26
ORD102150,2024-07-07,1576,31.0,Male,Multan,South,Electronics,Smartwatch,232.63,1,0.2,Bank Transfer,New,3.1,186.1
ORD102437,2024-07-07,1167,19.0,Female,Islamabad,North,Electronics,Headphones,119.18,2,0.0,Debit Card,Returning,5.0,238.36
ORD101857,2024-07-07,1033,29.0,Female,Faisalabad,East,Clothing,T-Shirt,28.56,2,0.05,Bank Transfer,New,4.0,54.26
ORD101965,2024-07-07,1691,46.0,Female,Islamabad,North,Clothing,T-Shirt,30.09,3,0.2,Cash,Returning,3.9,72.22
ORD101277,2024-07-08,1418,18.0,Male,Karachi,South,Electronics,Keyboard,73.91,1,0.15,Bank Transfer,New,2.4,62.82
ORD100890,2024-07-08,1106,35.0,Male,Faisalabad,East,Clothing,Shoes,88.02,6,0.2,Cash,New,4.7,422.5
ORD101640,2024-07-08,1266,37.0,Male,Quetta,West,Electronics,Monitor,278.63,1,0.15,Debit Card,New,3.1,236.84
ORD100613,2024-07-08,1217,52.0,Female,Lahore,East,Electronics,Laptop,1194.11,1,0.25,Credit Card,Returning,2.6,895.58
ORD104260,2024-07-08,1361,18.0,Male,Quetta,West,Electronics,Mouse,30.41,3,0.1,Digital Wallet,New,3.2,82.11
ORD100438,2024-07-08,1354,43.0,Female,Islamabad,North,Electronics,Smartphone,678.8,2,0.1,Cash,VIP,3.9,1221.84
ORD101863,2024-07-09,1482,34.0,Female,Lahore,East,Electronics,Laptop,1221.21,1,0.15,Debit Card,New,4.9,1038.03
ORD101981,2024-07-09,1002,29.0,Female,Faisalabad,East,Electronics,Smartwatch,228.43,3,0.1,Credit Card,New,4.7,616.76
ORD100293,2024-07-09,1764,28.0,Male,Karachi,South,Electronics,Keyboard,64.22,1,0.05,Cash,Returning,4.8,61.01
ORD101836,2024-07-09,1017,25.0,Female,Multan,South,Electronics,Headphones,125.47,2,0.0,Debit Card,Returning,5.0,250.94
ORD102323,2024-07-09,1399,44.0,Male,Lahore,East,Clothing,T-Shirt,29.99,1,0.05,Bank Transfer,New,4.6,28.49
ORD100506,2024-07-09,1076,34.0,Female,Peshawar,West,Electronics,Laptop,1352.25,1,0.0,Digital Wallet,Returning,3.3,1352.25
ORD104303,2024-07-09,1681,21.0,Male,Peshawar,West,Electronics,Smartphone,724.09,8,0.15,Debit Card,Returning,3.5,4923.81
ORD100808,2024-07-09,1282,18.0,Male,Faisalabad,East,Clothing,Shoes,88.48,3,0.1,Digital Wallet,New,4.1,238.9
ORD100769,2024-07-10,1676,42.0,Male,Quetta,West,Electronics,Laptop,1133.56,4,0.0,Credit Card,New,4.5,4534.24
ORD100635,2024-07-10,1564,33.0,Male,Peshawar,West,Electronics,Tablet,460.06,2,0.3,Bank Transfer,New,3.1,644.08
ORD101908,2024-07-10,1539,41.0,Male,Rawalpindi,North,Electronics,Keyboard,73.63,2,0.15,Digital Wallet,New,4.6,125.17
ORD102507,2024-07-10,1648,36.0,Male,Multan,South,Electronics,Mouse,35.21,4,0.05,Digital Wallet,Returning,3.2,133.8
ORD104973,2024-07-10,1485,35.0,Male,Islamabad,North,Clothing,T-Shirt,30.01,3,0.2,Credit Card,Returning,3.0,72.02
ORD100411,2024-07-10,1155,45.0,Female,Rawalpindi,North,Accessories,Sunglasses,89.7,3,0.0,Digital Wallet,Returning,3.8,269.1
ORD100759,2024-07-10,1330,51.0,Male,Peshawar,West,Electronics,Mouse,34.25,3,0.1,Credit Card,Returning,3.8,92.48
ORD104566,2024-07-10,1313,30.0,Male,Karachi,South,Electronics,Smartphone,860.32,1,0.25,Digital Wallet,Returning,2.9,645.24
ORD104430,2024-07-10,1403,36.0,Female,Islamabad,North,Accessories,Sunglasses,82.32,1,0.1,Debit Card,Returning,4.3,74.09
ORD102531,2024-07-10,1460,38.0,Male,Multan,South,Clothing,Jeans,62.77,1,0.15,Bank Transfer,VIP,2.8,53.35
ORD100440,2024-07-10,1727,40.0,Female,Quetta,West,Electronics,Smartphone,778.13,2,0.0,Credit Card,Returning,4.5,1556.26
ORD103880,2024-07-10,1286,29.0,Male,Karachi,South,Electronics,Headphones,104.45,2,0.0,Debit Card,Returning,4.3,208.9
ORD104712,2024-07-11,1345,28.0,Female,Rawalpindi,North,Electronics,Headphones,110.54,3,0.2,Credit Card,Returning,4.5,265.3
ORD100040,2024-07-11,1700,35.0,Male,Peshawar,West,Clothing,T-Shirt,26.62,1,0.15,Cash,Returning,5.0,22.63
ORD102923,2024-07-11,1515,26.0,Female,Rawalpindi,North,Accessories,Sunglasses,73.24,2,0.0,Digital Wallet,New,3.8,146.48
ORD102165,2024-07-11,1251,48.0,Male,Multan,South,Clothing,Shoes,90.28,1,0.25,Cash,Returning,3.3,67.71
ORD100322,2024-07-11,1254,49.0,Male,Rawalpindi,North,Clothing,Jeans,65.12,3,0.05,Debit Card,Returning,3.3,185.59
ORD104825,2024-07-11,1203,21.0,Male,Faisalabad,East,Electronics,Smartwatch,215.95,3,0.0,Bank Transfer,Returning,5.0,647.85
ORD102975,2024-07-11,1057,56.0,Male,Quetta,West,Accessories,Backpack,53.66,5,0.15,Debit Card,Returning,3.6,228.05
ORD101304,2024-07-11,1476,18.0,Female,Rawalpindi,North,Electronics,Smartphone,765.13,2,0.0,Cash,New,4.7,1530.26
ORD100952,2024-07-11,1239,22.0,Male,Peshawar,West,Accessories,Wallet,47.13,2,0.3,Debit Card,Returning,4.9,65.98
ORD100080,2024-07-12,1703,30.0,Female,Karachi,South,Clothing,Jeans,52.52,5,0.05,Credit Card,New,4.5,249.47
ORD101207,2024-07-12,1411,34.0,Male,Multan,South,Accessories,Wallet,40.0,6,0.1,Digital Wallet,Returning,5.0,216.0
ORD102671,2024-07-12,1703,52.0,Male,Quetta,West,Clothing,Jeans,56.35,1,0.0,Debit Card,New,2.3,56.35
ORD101119,2024-07-12,1334,18.0,Male,Multan,South,Clothing,T-Shirt,30.25,1,0.15,Digital Wallet,Returning,5.0,25.71
ORD103099,2024-07-12,1556,37.0,Male,Karachi,South,Electronics,Laptop,1296.63,1,0.2,Debit Card,New,4.1,1037.3
ORD100895,2024-07-12,1138,34.0,Female,Quetta,West,Electronics,Headphones,112.01,5,0.05,Digital Wallet,VIP,4.0,532.05
ORD101606,2024-07-13,1349,22.0,Male,Quetta,West,Clothing,T-Shirt,30.36,2,0.25,,Returning,4.0,45.54
ORD101239,2024-07-13,1604,31.0,Male,Multan,South,Electronics,Smartphone,648.33,1,0.1,Credit Card,Returning,3.3,583.5
ORD104401,2024-07-13,1693,35.0,Female,Faisalabad,East,Electronics,Headphones,125.29,3,0.15,Debit Card,Returning,5.0,319.49
ORD101154,2024-07-13,1637,41.0,Male,Rawalpindi,North,Clothing,Shoes,84.39,6,0.05,Cash,VIP,4.8,481.02
ORD103889,2024-07-13,1113,18.0,Female,Rawalpindi,North,Electronics,Laptop,1179.14,1,0.3,Bank Transfer,VIP,2.7,825.4
ORD100014,2024-07-13,1088,29.0,Female,Islamabad,North,Electronics,Tablet,475.49,4,0.25,Cash,New,5.0,1426.47
ORD100188,2024-07-13,1798,32.0,Male,Quetta,West,Accessories,Backpack,55.98,2,0.05,Digital Wallet,Returning,4.5,106.36
ORD101053,2024-07-13,1543,32.0,Female,Karachi,South,Clothing,Jacket,107.22,2,0.05,Digital Wallet,Returning,4.0,203.72
ORD101152,2024-07-13,1800,18.0,Female,Lahore,East,Electronics,Smartwatch,203.6,1,0.2,Cash,New,4.8,162.88
ORD100708,2024-07-13,1173,28.0,Female,Faisalabad,East,Clothing,T-Shirt,30.16,1,0.15,Bank Transfer,VIP,3.8,25.64
ORD104677,2024-07-14,1403,39.0,Female,Rawalpindi,North,Electronics,Smartwatch,201.59,2,0.05,Credit Card,New,5.0,383.02
ORD101546,2024-07-14,1592,25.0,Female,Multan,South,Accessories,Wallet,47.11,2,0.2,Digital Wallet,New,3.5,75.38
ORD103032,2024-07-14,1399,42.0,Male,Multan,South,Electronics,Headphones,111.14,1,0.0,Credit Card,New,3.9,111.14
ORD103130,2024-07-14,1131,39.0,Female,Karachi,South,Electronics,Tablet,497.42,3,0.05,Digital Wallet,Returning,4.7,1417.65
ORD103029,2024-07-14,1660,18.0,Male,Multan,South,Electronics,Tablet,454.42,6,0.05,Debit Card,New,4.8,2590.19
ORD101574,2024-07-15,1391,28.0,Female,Islamabad,North,Clothing,Jacket,114.98,5,0.1,Digital Wallet,New,4.6,517.41
ORD104273,2024-07-15,1453,35.0,Female,Karachi,South,Accessories,Backpack,49.07,6,0.3,Credit Card,VIP,5.0,206.09
ORD100912,2024-07-15,1761,18.0,Female,Islamabad,North,Electronics,Tablet,541.11,4,0.1,Digital Wallet,Returning,4.6,1948.0
ORD100778,2024-07-15,1740,26.0,Male,Lahore,East,Accessories,Wallet,47.07,3,0.2,Digital Wallet,New,3.3,112.97
ORD101890,2024-07-15,1084,30.0,Male,Lahore,East,Accessories,Wallet,44.69,2,0.3,Digital Wallet,New,2.8,62.57
ORD102770,2024-07-15,1385,43.0,Female,Multan,South,Electronics,Mouse,35.24,2,0.0,Debit Card,New,4.5,70.48
ORD102571,2024-07-15,1216,21.0,Male,Faisalabad,East,Electronics,Headphones,116.33,3,0.0,Credit Card,Returning,3.7,348.99
ORD104389,2024-07-15,1629,22.0,Male,Quetta,West,Clothing,T-Shirt,28.89,2,0.0,Debit Card,Returning,3.4,57.78
ORD103903,2024-07-16,1648,18.0,Female,Multan,South,Clothing,Jacket,109.6,2,0.1,Digital Wallet,New,4.3,197.28
ORD104080,2024-07-16,1013,30.0,Male,Multan,South,Electronics,Smartphone,724.43,1,0.0,Bank Transfer,Returning,3.4,724.43
ORD102263,2024-07-16,1644,41.0,Female,Multan,South,Electronics,Smartwatch,225.44,1,0.05,Debit Card,Returning,3.6,214.17
ORD104852,2024-07-16,1490,38.0,Female,Multan,South,Accessories,Sunglasses,79.39,2,0.1,Credit Card,New,4.4,142.9
ORD103727,2024-07-16,1542,32.0,Male,Lahore,East,Electronics,Monitor,285.22,4,0.0,Digital Wallet,New,3.9,1140.88
ORD102992,2024-07-16,1162,25.0,Male,Multan,South,Clothing,Jacket,99.79,4,0.0,Credit Card,Returning,3.7,399.16
ORD102177,2024-07-16,1485,18.0,Female,Islamabad,North,Accessories,Backpack,52.12,1,0.05,Credit Card,Returning,3.9,49.51
ORD101881,2024-07-17,1459,43.0,Female,Peshawar,West,Electronics,Headphones,130.62,1,0.1,Credit Card,Returning,5.0,117.56
ORD103412,2024-07-17,1787,18.0,Female,Lahore,East,Electronics,Smartwatch,218.57,3,0.0,Bank Transfer,VIP,5.0,655.71
ORD102343,2024-07-17,1144,44.0,Female,Quetta,West,Clothing,Shoes,82.53,1,0.3,Debit Card,Returning,4.1,57.77
ORD100065,2024-07-17,1455,49.0,Female,Multan,South,Electronics,Smartphone,747.26,1,0.0,Digital Wallet,Returning,4.6,747.26
ORD104353,2024-07-17,1548,41.0,Male,Rawalpindi,North,Electronics,Smartphone,726.07,2,0.3,Digital Wallet,New,3.5,1016.5
ORD102843,2024-07-17,1488,18.0,Female,Karachi,South,Accessories,Backpack,56.17,1,0.15,Bank Transfer,Returning,3.6,47.74
ORD102458,2024-07-17,1353,24.0,Female,Karachi,South,Clothing,Jeans,66.33,2,0.1,Credit Card,Returning,4.6,119.39
ORD103415,2024-07-18,1437,36.0,Male,Multan,South,Electronics,Tablet,474.39,1,0.0,Digital Wallet,Returning,3.1,474.39
ORD101340,2024-07-18,1055,27.0,Male,Lahore,East,Clothing,Shoes,97.42,1,0.05,Debit Card,Returning,5.0,92.55
ORD103980,2024-07-18,1484,43.0,Male,Multan,South,Electronics,Laptop,1206.09,1,0.05,Cash,Returning,3.4,1145.79
ORD104626,2024-07-18,1151,27.0,Female,Rawalpindi,North,Electronics,Keyboard,71.33,2,0.3,Cash,Returning,4.4,99.86
ORD103085,2024-07-18,1618,57.0,Female,Lahore,East,Electronics,Mouse,36.96,5,0.2,Cash,New,5.0,147.84
ORD102446,2024-07-18,1102,18.0,Male,Multan,South,Electronics,Headphones,113.43,5,0.15,Debit Card,Returning,4.3,482.08
ORD102787,2024-07-18,1391,46.0,Female,Multan,South,Electronics,Laptop,1238.21,6,0.05,Debit Card,Returning,3.7,7057.8
ORD101982,2024-07-18,1225,38.0,Female,Quetta,West,Electronics,Keyboard,67.28,5,0.15,Debit Card,Returning,4.2,285.94
ORD100477,2024-07-19,1787,40.0,Female,Quetta,West,Electronics,Smartwatch,238.08,4,0.1,Bank Transfer,New,2.6,857.09
ORD100589,2024-07-19,1376,40.0,Male,Rawalpindi,North,Accessories,Wallet,47.45,1,0.15,Credit Card,New,2.8,40.33
ORD100127,2024-07-19,1028,38.0,Female,Karachi,South,Electronics,Headphones,114.48,4,0.1,Bank Transfer,VIP,3.9,412.13
ORD102997,2024-07-19,1060,25.0,Male,Lahore,East,Accessories,Sunglasses,72.74,1,0.0,Credit Card,New,4.0,72.74
ORD105000,2024-07-19,1127,41.0,Female,Faisalabad,East,Clothing,Shoes,89.15,2,0.05,Credit Card,New,,169.38
ORD101191,2024-07-19,1517,26.0,Male,Rawalpindi,North,Accessories,Sunglasses,77.41,4,0.25,Debit Card,Returning,3.3,232.23
ORD101282,2024-07-19,1179,39.0,Male,Islamabad,North,Electronics,Laptop,1294.5,4,0.15,Digital Wallet,New,3.7,4401.3
ORD100900,2024-07-19,1508,,Female,Quetta,West,Electronics,Keyboard,70.68,3,0.05,Debit Card,VIP,5.0,201.44
ORD104799,2024-07-20,1605,62.0,Male,Karachi,South,Clothing,T-Shirt,31.9,1,0.2,Digital Wallet,New,4.2,25.52
ORD104050,2024-07-20,1023,33.0,Male,Quetta,West,Electronics,Keyboard,68.34,3,0.05,Debit Card,New,3.8,194.77
ORD100934,2024-07-20,1682,18.0,Male,Islamabad,North,Electronics,Laptop,1180.56,1,0.1,Cash,Returning,2.6,1062.5
ORD104767,2024-07-20,1284,42.0,Male,Rawalpindi,North,Clothing,Shoes,88.14,2,0.05,Digital Wallet,Returning,2.2,167.47
ORD104987,2024-07-20,1634,32.0,Female,Lahore,East,Electronics,Mouse,33.15,1,0.25,Credit Card,Returning,3.4,24.86
ORD103334,2024-07-21,1783,21.0,Male,Karachi,South,Electronics,Laptop,1236.98,1,0.0,Cash,VIP,3.3,1236.98
ORD104855,2024-07-21,1509,33.0,Male,Peshawar,West,Accessories,Sunglasses,77.1,2,0.0,Digital Wallet,VIP,2.3,154.2
ORD104796,2024-07-21,1367,39.0,Male,Lahore,East,Clothing,Shoes,92.58,6,0.15,Bank Transfer,Returning,4.3,472.16
ORD100767,2024-07-21,1122,37.0,Female,Quetta,West,Clothing,Jeans,68.01,6,0.05,Bank Transfer,New,4.3,387.66
ORD101489,2024-07-21,1187,39.0,Female,Islamabad,North,Electronics,Keyboard,70.94,1,0.1,Cash,New,2.8,63.85
ORD103098,2024-07-22,1582,28.0,Female,Faisalabad,East,Electronics,Tablet,513.14,2,0.1,Credit Card,Returning,5.0,923.65
ORD104498,2024-07-22,1038,46.0,Female,Karachi,South,Accessories,Backpack,55.79,2,0.3,Cash,VIP,4.6,78.11
ORD104615,2024-07-22,1483,37.0,Female,Faisalabad,East,Electronics,Smartwatch,215.67,4,0.1,Credit Card,Returning,4.3,776.41
ORD103028,2024-07-22,1260,48.0,Male,Rawalpindi,North,Electronics,Smartphone,755.47,4,0.05,Cash,New,2.8,2870.79
ORD103484,2024-07-22,1550,18.0,Female,Peshawar,West,Electronics,Laptop,1241.38,8,0.05,Credit Card,Returning,3.2,9434.49
ORD103681,2024-07-22,1007,39.0,Female,Islamabad,North,Electronics,Monitor,304.27,1,0.0,Debit Card,New,3.7,304.27
ORD102712,2024-07-22,1308,43.0,Female,Islamabad,North,Electronics,Smartwatch,210.79,3,0.0,Bank Transfer,New,4.9,632.37
ORD100204,2024-07-22,1359,27.0,Female,Multan,South,Electronics,Smartphone,846.21,2,0.1,Cash,New,3.3,1523.18
ORD101321,2024-07-22,1429,25.0,Male,Multan,South,Accessories,Sunglasses,71.5,4,0.3,Debit Card,New,5.0,200.2
ORD100023,2024-07-23,1492,30.0,Male,Faisalabad,East,Electronics,Mouse,34.75,1,0.0,Debit Card,VIP,3.9,34.75
ORD102485,2024-07-23,1354,39.0,Male,Islamabad,North,Electronics,Smartphone,712.34,2,0.15,Digital Wallet,Returning,3.8,1210.98
ORD102405,2024-07-23,1439,20.0,Male,Multan,South,Clothing,Jeans,67.06,2,0.2,Digital Wallet,New,2.7,107.3
ORD104386,2024-07-23,1327,45.0,Female,Islamabad,North,Electronics,Smartwatch,198.75,2,0.3,Debit Card,New,5.0,278.25
ORD103970,2024-07-23,1281,38.0,Female,Multan,South,Clothing,Shoes,89.01,2,0.1,Bank Transfer,New,3.4,160.22
ORD101229,2024-07-24,1210,34.0,Male,Peshawar,West,Clothing,Jeans,72.82,3,0.25,Digital Wallet,Returning,4.9,163.84
ORD104235,2024-07-24,1267,18.0,Female,Rawalpindi,North,Clothing,T-Shirt,31.53,1,0.0,Debit Card,New,3.3,31.53
ORD100101,2024-07-24,1764,44.0,Female,Quetta,West,Electronics,Smartphone,711.9,3,0.0,Credit Card,New,3.2,2135.7
ORD101269,2024-07-24,1575,32.0,Male,Lahore,East,Electronics,Smartwatch,230.49,4,0.0,Debit Card,New,3.7,921.96
ORD101888,2024-07-24,1021,47.0,Female,Quetta,West,Accessories,Sunglasses,83.89,2,0.05,Digital Wallet,New,4.3,159.39
ORD102244,2024-07-24,1220,18.0,Male,Quetta,West,Electronics,Mouse,37.28,3,0.2,Digital Wallet,Returning,4.0,89.47
ORD100524,2024-07-24,1551,28.0,Female,Islamabad,North,Electronics,Mouse,34.4,1,0.05,Bank Transfer,Returning,3.9,32.68
ORD102895,2024-07-24,1044,50.0,Female,Islamabad,North,Electronics,Tablet,503.49,1,0.1,Debit Card,Returning,3.5,453.14
ORD100338,2024-07-25,1504,27.0,Female,Lahore,East,Clothing,T-Shirt,31.44,2,0.0,Digital Wallet,Returning,3.4,62.88
ORD102821,2024-07-25,1370,18.0,Male,Multan,South,Clothing,Shoes,97.6,2,0.05,Bank Transfer,New,3.6,185.44
ORD100173,2024-07-25,1160,39.0,Male,Rawalpindi,North,Clothing,Shoes,89.96,2,0.0,Digital Wallet,New,4.9,179.92
ORD100047,2024-07-25,1505,29.0,Male,Peshawar,West,Electronics,Headphones,117.21,2,0.3,Bank Transfer,Returning,4.2,164.09
ORD100264,2024-07-25,1144,26.0,Female,Islamabad,North,Clothing,Jeans,67.35,1,0.15,Cash,Returning,3.3,57.25
ORD100381,2024-07-25,1099,35.0,Female,Multan,South,Accessories,Wallet,42.78,3,0.3,Digital Wallet,New,3.8,89.84
ORD102883,2024-07-25,1466,30.0,Male,Multan,South,Electronics,Laptop,1301.06,2,0.05,Bank Transfer,New,2.4,2472.01
ORD102211,2024-07-25,1341,35.0,Female,Rawalpindi,North,Electronics,Headphones,115.1,1,0.0,Digital Wallet,Returning,4.6,115.1
ORD101351,2024-07-25,1178,38.0,Female,Islamabad,North,Electronics,Smartphone,747.93,3,0.1,Debit Card,Returning,3.7,2019.41
ORD100199,2024-07-25,1283,26.0,Female,Rawalpindi,North,Clothing,T-Shirt,30.55,1,0.2,Debit Card,New,4.1,24.44
ORD103513,2024-07-25,1283,42.0,Female,Islamabad,North,Electronics,Laptop,1226.12,3,0.1,Credit Card,New,4.2,3310.52
ORD104899,2024-07-26,1121,48.0,Male,Islamabad,North,Clothing,Shoes,89.78,1,0.1,Digital Wallet,Returning,4.3,80.8
ORD104515,2024-07-26,1047,45.0,Male,Karachi,South,Electronics,Monitor,308.75,8,0.05,Credit Card,VIP,3.4,2346.5
ORD103398,2024-07-26,1426,25.0,Male,Lahore,East,Electronics,Laptop,1339.33,3,0.0,Cash,Returning,3.6,4017.99
ORD100818,2024-07-26,1385,45.0,Male,Faisalabad,East,Electronics,Laptop,1180.4,4,0.0,Bank Transfer,Returning,4.3,4721.6
ORD104004,2024-07-26,1354,38.0,Male,Quetta,West,Electronics,Mouse,34.92,1,0.05,Debit Card,Returning,3.3,33.17
ORD101622,2024-07-26,1781,45.0,Male,Multan,South,Electronics,Tablet,484.92,6,0.1,Credit Card,New,3.6,2618.57
ORD100269,2024-07-26,1326,28.0,Male,Karachi,South,Clothing,Shoes,92.59,1,0.2,Credit Card,New,3.4,74.07
ORD104645,2024-07-27,1126,29.0,Male,Rawalpindi,North,Electronics,Smartphone,757.98,3,0.0,Debit Card,New,3.5,2273.94
ORD100814,2024-07-27,1610,21.0,Male,Islamabad,North,Electronics,Monitor,302.52,2,0.0,Credit Card,New,4.7,605.04
ORD103045,2024-07-27,1050,40.0,Female,Quetta,West,Electronics,Mouse,34.79,3,0.0,Credit Card,Returning,4.0,104.37
ORD102007,2024-07-27,1716,19.0,Male,Islamabad,North,Electronics,Smartwatch,234.95,1,0.25,Credit Card,New,2.3,176.21
ORD101894,2024-07-27,1387,40.0,Male,Islamabad,North,Electronics,Smartwatch,233.03,1,0.3,Digital Wallet,Returning,3.8,163.12
ORD101843,2024-07-27,1210,26.0,Female,Lahore,East,Accessories,Backpack,48.98,4,0.1,Cash,Returning,4.1,176.33
ORD102067,2024-07-27,1732,39.0,Male,Faisalabad,East,Clothing,Shoes,79.85,2,0.05,Bank Transfer,Returning,4.2,151.71
ORD102319,2024-07-27,1619,18.0,Male,Multan,South,Clothing,Jeans,64.45,3,0.15,Digital Wallet,Returning,4.6,164.35
ORD103492,2024-07-27,1540,42.0,Female,Multan,South,Clothing,Shoes,93.99,1,0.0,Bank Transfer,New,3.8,93.99
ORD102679,2024-07-28,1455,34.0,Male,Quetta,West,Accessories,Backpack,50.89,1,0.1,Bank Transfer,New,3.6,45.8
ORD104289,2024-07-28,1428,35.0,Female,Faisalabad,East,Electronics,Mouse,34.29,2,0.1,Bank Transfer,New,3.3,61.72
ORD104547,2024-07-28,1753,38.0,Male,Multan,South,Electronics,Laptop,1243.23,1,0.15,Credit Card,New,3.1,1056.75
ORD103359,2024-07-28,1629,22.0,Male,Karachi,South,Electronics,Smartphone,753.91,2,0.1,Credit Card,New,3.2,1357.04
ORD103039,2024-07-28,1602,41.0,Male,Quetta,West,Clothing,Jeans,67.91,2,0.1,Debit Card,New,2.9,122.24
ORD100679,2024-07-28,1517,22.0,Female,Rawalpindi,North,Electronics,Tablet,493.96,2,0.1,Credit Card,Returning,5.0,889.13
ORD103843,2024-07-28,1604,44.0,Female,Faisalabad,East,Clothing,Shoes,93.61,1,0.2,Credit Card,Returning,2.7,74.89
ORD100138,2024-07-29,1684,32.0,Female,Quetta,West,Electronics,Mouse,35.87,2,0.0,Digital Wallet,Returning,4.0,71.74
ORD101348,2024-07-29,1055,42.0,Female,Faisalabad,East,Accessories,Sunglasses,85.13,1,0.0,Cash,Returning,2.9,85.13
ORD100287,2024-07-29,1473,44.0,Male,Quetta,West,Electronics,Mouse,34.71,4,0.1,Debit Card,New,3.0,124.96
ORD103759,2024-07-29,1554,33.0,Male,Faisalabad,East,Clothing,Jeans,63.46,1,0.1,Credit Card,New,5.0,57.11
ORD103607,2024-07-29,1041,23.0,Female,Quetta,West,Clothing,T-Shirt,27.69,5,0.25,Debit Card,New,3.8,103.84
ORD104165,2024-07-29,1391,32.0,Female,Peshawar,West,Clothing,Jacket,116.4,1,0.15,Cash,VIP,4.9,98.94
ORD100705,2024-07-29,1039,46.0,Female,Rawalpindi,North,Clothing,T-Shirt,29.69,7,0.1,Credit Card,New,3.5,187.05
ORD103055,2024-07-29,1547,19.0,Male,Quetta,West,Electronics,Smartwatch,215.26,3,0.1,Bank Transfer,Returning,3.4,581.2
ORD101339,2024-07-29,1264,43.0,Female,Karachi,South,Electronics,Smartwatch,220.78,1,0.05,Debit Card,Returning,4.3,209.74
ORD102264,2024-07-29,1614,25.0,Female,Peshawar,West,Clothing,T-Shirt,30.68,3,0.0,Digital Wallet,Returning,4.0,92.04
ORD104969,2024-07-29,1247,23.0,Female,Peshawar,West,Electronics,Mouse,37.02,6,0.05,Bank Transfer,New,4.6,211.01
ORD100481,2024-07-29,1741,29.0,Male,Multan,South,Electronics,Monitor,328.94,2,0.15,Cash,Returning,5.0,559.2
ORD103001,2024-07-29,1664,54.0,Male,Peshawar,West,Electronics,Headphones,116.46,2,0.15,Credit Card,Returning,2.6,197.98
ORD100375,2024-07-30,1220,30.0,Male,Faisalabad,East,Clothing,Shoes,90.76,3,0.05,Debit Card,Returning,3.1,258.67
ORD101322,2024-07-30,1477,27.0,Female,Quetta,West,Electronics,Laptop,1272.63,1,0.0,Digital Wallet,New,4.2,1272.63
ORD102195,2024-07-30,1039,54.0,Female,Islamabad,North,Accessories,Sunglasses,80.79,3,0.1,Credit Card,New,4.9,218.13
ORD103982,2024-07-30,1566,18.0,Male,Rawalpindi,North,Clothing,Shoes,90.97,3,0.1,Bank Transfer,New,3.2,245.62
ORD104590,2024-07-30,1783,45.0,Female,Islamabad,North,Clothing,Jeans,66.79,2,0.2,Bank Transfer,New,3.0,106.86
ORD103490,2024-07-30,1455,38.0,Female,Rawalpindi,North,Electronics,Laptop,1222.91,2,0.15,Cash,New,4.2,2078.95
ORD100935,2024-07-30,1534,49.0,Female,Rawalpindi,North,Clothing,Jacket,119.1,1,0.15,Digital Wallet,New,4.8,101.24
ORD102591,2024-07-30,1253,32.0,Male,Faisalabad,East,Accessories,Sunglasses,77.42,1,0.1,Digital Wallet,Returning,5.0,69.68
ORD104879,2024-07-31,1335,37.0,Male,Karachi,South,Electronics,Laptop,1251.73,1,0.15,Credit Card,New,4.4,1063.97
ORD104307,2024-07-31,1560,25.0,Male,Quetta,West,Accessories,Wallet,47.31,1,0.1,Cash,New,3.4,42.58
ORD104616,2024-07-31,1659,43.0,Female,Quetta,West,Electronics,Monitor,290.37,3,0.1,Digital Wallet,Returning,3.9,784.0
ORD102652,2024-07-31,1764,28.0,Male,Quetta,West,Electronics,Smartwatch,223.15,2,0.0,Debit Card,Returning,5.0,446.3
ORD101728,2024-08-01,1170,21.0,Male,Lahore,East,Clothing,Jeans,71.39,3,0.25,Debit Card,Returning,3.9,160.63
ORD104189,2024-08-01,1729,18.0,Female,Karachi,South,Electronics,Smartphone,729.99,1,0.0,Digital Wallet,New,3.7,729.99
ORD102568,2024-08-01,1594,31.0,Male,Multan,South,Clothing,Jacket,114.45,2,0.0,Credit Card,Returning,3.9,228.9
ORD103263,2024-08-01,1787,31.0,Female,Islamabad,North,Electronics,Mouse,35.21,3,0.15,Debit Card,Returning,4.4,89.79
ORD104217,2024-08-01,1143,20.0,Female,Multan,South,Electronics,Mouse,35.43,2,0.1,Digital Wallet,New,3.3,63.77
ORD103152,2024-08-01,1043,27.0,Male,Islamabad,North,Electronics,Tablet,532.38,2,0.05,Bank Transfer,New,3.3,1011.52
ORD104137,2024-08-01,1182,46.0,Male,Multan,South,Clothing,Shoes,88.11,2,0.3,Credit Card,Returning,5.0,123.35
ORD104003,2024-08-01,1760,18.0,Female,Lahore,East,Electronics,Keyboard,73.64,1,0.0,Cash,Returning,4.7,73.64
ORD100998,2024-08-01,1273,33.0,Male,Lahore,East,Electronics,Tablet,540.15,6,0.2,Digital Wallet,New,3.0,2592.72
ORD102869,2024-08-01,1238,41.0,Male,Lahore,East,Electronics,Laptop,1299.0,1,0.2,Cash,New,3.1,1039.2
ORD104975,2024-08-01,1620,18.0,Female,Faisalabad,East,Electronics,Smartphone,719.34,1,0.2,Digital Wallet,Returning,2.8,575.47
ORD100369,2024-08-02,1547,35.0,Female,Multan,South,Electronics,Smartphone,786.9,2,0.05,Debit Card,New,3.9,1495.11
ORD102844,2024-08-02,1124,67.0,Male,Lahore,East,Accessories,Backpack,57.74,2,0.0,Digital Wallet,New,3.2,115.48
ORD103919,2024-08-02,1358,43.0,Female,Islamabad,North,Electronics,Headphones,109.12,3,0.05,Debit Card,New,2.5,310.99
ORD102804,2024-08-02,1337,44.0,Female,Multan,South,Clothing,Jeans,62.2,1,0.0,Cash,New,2.9,62.2
ORD101950,2024-08-02,1320,37.0,Female,Rawalpindi,North,Clothing,Shoes,85.88,2,0.2,Credit Card,New,3.0,137.41
ORD102347,2024-08-02,1658,34.0,Male,Multan,South,Accessories,Wallet,45.71,6,0.05,Debit Card,Returning,3.3,260.55
ORD101399,2024-08-02,1386,40.0,Female,Islamabad,North,Accessories,Backpack,54.4,8,0.2,Credit Card,Returning,3.7,348.16
ORD103528,2024-08-02,1689,41.0,Female,Islamabad,North,Accessories,Sunglasses,79.14,2,0.2,Credit Card,New,4.4,126.62
ORD103884,2024-08-02,1163,18.0,Female,Rawalpindi,North,Electronics,Keyboard,71.14,3,0.0,Debit Card,VIP,3.9,213.42
ORD103500,2024-08-03,1347,49.0,Male,Peshawar,West,Electronics,Mouse,32.38,6,0.15,Credit Card,Returning,3.4,165.14
ORD104804,2024-08-03,1043,33.0,Male,Karachi,South,Clothing,T-Shirt,27.66,3,0.15,Debit Card,New,4.8,70.53
ORD103981,2024-08-03,1456,40.0,Female,Peshawar,West,Electronics,Laptop,1307.18,4,0.1,Digital Wallet,New,2.2,4705.85
ORD101916,2024-08-03,1591,37.0,Male,Peshawar,West,Clothing,T-Shirt,29.77,1,0.0,Debit Card,VIP,4.3,29.77
ORD103803,2024-08-03,1685,41.0,Male,Lahore,East,Electronics,Laptop,1248.38,5,0.1,Credit Card,Returning,3.9,5617.71
ORD102605,2024-08-03,1482,24.0,Female,Faisalabad,East,Clothing,Jacket,102.85,2,0.0,Debit Card,VIP,3.7,205.7
ORD102119,2024-08-03,1130,53.0,Male,Lahore,East,Electronics,Smartphone,726.96,1,0.05,Digital Wallet,New,3.5,690.61
ORD103452,2024-08-03,1469,41.0,Female,Peshawar,West,Electronics,Keyboard,74.08,3,0.3,Credit Card,Returning,4.3,155.57
ORD100220,2024-08-04,1692,52.0,Male,Karachi,South,Accessories,Backpack,55.28,5,0.15,Credit Card,VIP,4.8,234.94
ORD103111,2024-08-04,1639,27.0,Female,Multan,South,Accessories,Wallet,41.43,4,0.0,Cash,New,3.6,165.72
ORD101421,2024-08-04,1736,18.0,Female,Multan,South,Clothing,Jeans,68.3,6,0.15,,VIP,3.5,348.33
ORD103408,2024-08-04,1636,31.0,Male,Karachi,South,Accessories,Wallet,40.63,1,0.0,Digital Wallet,New,2.8,40.63
ORD101920,2024-08-04,1199,29.0,Female,Quetta,West,Accessories,Backpack,51.25,3,0.1,Debit Card,Returning,3.4,138.38
ORD101434,2024-08-04,1235,18.0,Female,Rawalpindi,North,Clothing,Shoes,89.46,3,0.1,Bank Transfer,New,3.2,241.54
ORD100847,2024-08-04,1095,32.0,Female,Multan,South,Electronics,Laptop,1380.8,1,0.15,Bank Transfer,VIP,3.7,1173.68
ORD104405,2024-08-04,1114,34.0,Male,Multan,South,Accessories,Backpack,59.0,2,0.05,Bank Transfer,Returning,4.2,112.1
ORD100660,2024-08-05,1733,52.0,Male,Rawalpindi,North,Clothing,T-Shirt,29.86,4,0.1,Credit Card,New,4.3,107.5
ORD104054,2024-08-05,1101,23.0,Female,Lahore,East,Accessories,Backpack,55.86,1,0.25,Credit Card,Returning,3.3,41.9
ORD104412,2024-08-05,1315,20.0,Female,Multan,South,Electronics,Headphones,119.12,2,0.0,Debit Card,VIP,3.6,238.24
ORD102673,2024-08-05,1768,26.0,Female,Karachi,South,Electronics,Mouse,34.45,6,0.2,Bank Transfer,Returning,4.6,165.36
ORD100473,2024-08-05,1670,31.0,Male,Lahore,East,Accessories,Wallet,39.73,5,0.15,Bank Transfer,VIP,3.9,168.85
ORD103380,2024-08-05,1142,28.0,Male,Peshawar,West,Accessories,Backpack,57.55,1,0.25,Debit Card,Returning,4.5,43.16
ORD104374,2024-08-06,1740,25.0,Male,Quetta,West,Accessories,Wallet,45.11,6,0.05,Digital Wallet,Returning,5.0,257.13
ORD104600,2024-08-06,1270,36.0,Female,Multan,South,Electronics,Laptop,1203.91,2,0.05,Credit Card,VIP,4.0,2287.43
ORD102956,2024-08-06,1070,43.0,Male,Lahore,East,Electronics,Mouse,37.32,8,0.05,Bank Transfer,Returning,3.0,283.63
ORD102279,2024-08-06,1065,33.0,Male,Multan,South,Electronics,Keyboard,62.54,2,0.15,Debit Card,New,5.0,106.32
ORD102746,2024-08-06,1097,44.0,Female,Lahore,East,Accessories,Sunglasses,84.57,3,0.0,Credit Card,New,,253.71
ORD102223,2024-08-06,1119,46.0,Female,Lahore,East,Electronics,Keyboard,65.1,6,0.0,Digital Wallet,Returning,3.6,390.6
ORD100509,2024-08-07,1435,31.0,Female,Karachi,South,Electronics,Laptop,1240.38,2,0.25,Bank Transfer,New,4.1,1860.57
ORD101362,2024-08-07,1239,33.0,Female,Faisalabad,East,Accessories,Backpack,58.37,3,0.1,Digital Wallet,Returning,4.6,157.6
ORD103455,2024-08-07,1325,30.0,Female,Islamabad,North,Electronics,Keyboard,68.72,2,0.1,Credit Card,Returning,3.8,123.7
ORD100146,2024-08-07,1005,37.0,Male,Peshawar,West,Clothing,Shoes,95.07,4,0.15,Credit Card,New,3.2,323.24
ORD101564,2024-08-07,1538,25.0,Female,Multan,South,Electronics,Smartwatch,200.29,1,0.05,Bank Transfer,New,2.8,190.28
ORD103935,2024-08-07,1375,25.0,Female,Islamabad,North,Accessories,Sunglasses,83.14,1,0.15,Debit Card,Returning,3.7,70.67
ORD104656,2024-08-07,1059,24.0,Female,Rawalpindi,North,Accessories,Wallet,44.41,1,0.1,Credit Card,New,4.0,39.97
ORD102742,2024-08-08,1130,45.0,Male,Faisalabad,East,Clothing,Jeans,69.39,5,0.2,Cash,New,4.8,277.56
ORD100096,2024-08-08,1749,18.0,Male,Islamabad,North,Clothing,Jacket,106.66,4,0.0,Cash,Returning,2.8,426.64
ORD103457,2024-08-08,1276,47.0,Male,Islamabad,North,Accessories,Sunglasses,77.67,4,0.05,Digital Wallet,New,3.4,295.15
ORD102948,2024-08-08,1633,43.0,Female,Islamabad,North,Electronics,Tablet,465.0,8,0.0,Digital Wallet,Returning,4.2,3720.0
ORD102796,2024-08-08,1352,38.0,Male,Islamabad,North,Electronics,Monitor,322.31,1,0.0,Credit Card,Returning,4.1,322.31
ORD104563,2024-08-08,1167,40.0,Male,Faisalabad,East,Electronics,Monitor,288.75,8,0.1,Credit Card,Returning,4.4,2079.0
ORD101805,2024-08-08,1525,34.0,Female,Multan,South,Clothing,Jacket,103.8,4,0.2,Bank Transfer,Returning,5.0,332.16
ORD101076,2024-08-08,1300,20.0,Female,Multan,South,Accessories,Wallet,43.85,4,0.1,Credit Card,New,5.0,157.86
ORD104319,2024-08-08,1154,18.0,Female,Faisalabad,East,Accessories,Sunglasses,82.0,1,0.05,Debit Card,VIP,4.4,77.9
ORD100342,2024-08-09,1401,18.0,Male,Peshawar,West,Accessories,Wallet,43.82,4,0.1,Digital Wallet,Returning,4.5,157.75
ORD104056,2024-08-09,1523,47.0,Female,Islamabad,North,Electronics,Laptop,1181.11,4,0.0,Credit Card,New,3.7,4724.44
ORD104200,2024-08-09,1610,56.0,Male,Lahore,East,Accessories,Wallet,45.32,2,0.0,Bank Transfer,New,4.3,90.64
ORD101972,2024-08-09,1463,23.0,Male,Karachi,South,Electronics,Tablet,518.82,1,0.15,Credit Card,VIP,3.7,441.0
ORD102048,2024-08-09,1662,28.0,Female,Rawalpindi,North,Electronics,Smartphone,760.7,2,0.1,Bank Transfer,New,4.7,1369.26
ORD101493,2024-08-09,1098,18.0,Male,Islamabad,North,Electronics,Tablet,570.44,1,0.0,Digital Wallet,New,4.0,570.44
ORD100190,2024-08-09,1640,42.0,Male,Faisalabad,East,Clothing,T-Shirt,30.4,5,0.0,Digital Wallet,New,2.8,152.0
ORD104321,2024-08-09,1260,37.0,Female,Rawalpindi,North,Clothing,Jeans,59.65,5,0.1,Debit Card,New,4.1,268.42
ORD100426,2024-08-10,1506,36.0,Male,Quetta,West,Electronics,Smartphone,724.73,3,0.05,Credit Card,New,4.0,2065.48
ORD104459,2024-08-10,1421,29.0,Female,Multan,South,Electronics,Smartphone,784.62,2,0.3,Digital Wallet,Returning,3.8,1098.47
ORD100378,2024-08-10,1046,41.0,Female,Islamabad,North,Electronics,Tablet,488.39,1,0.05,Bank Transfer,New,3.3,463.97
ORD101068,2024-08-11,1574,42.0,Male,Karachi,South,Electronics,Smartphone,781.67,2,0.2,Debit Card,VIP,3.5,1250.67
ORD104535,2024-08-11,1651,25.0,Male,Islamabad,North,Clothing,T-Shirt,24.62,8,0.0,Digital Wallet,Returning,3.4,196.96
ORD102011,2024-08-11,1084,60.0,Female,Lahore,East,Clothing,T-Shirt,28.19,3,0.2,Debit Card,Returning,2.6,67.66
ORD101563,2024-08-11,1489,36.0,Male,Islamabad,North,Electronics,Keyboard,68.88,3,0.2,Bank Transfer,New,4.7,165.31
ORD103316,2024-08-11,1760,22.0,Male,Rawalpindi,North,Accessories,Backpack,56.82,2,0.1,Digital Wallet,New,4.0,102.28
ORD100491,2024-08-11,1751,36.0,Male,Rawalpindi,North,Electronics,Keyboard,74.92,4,0.2,Debit Card,VIP,4.9,239.74
ORD103288,2024-08-12,1666,26.0,Female,Peshawar,West,Accessories,Wallet,44.11,1,0.1,Credit Card,New,4.2,39.7
ORD104649,2024-08-12,1140,24.0,Male,Quetta,West,Electronics,Headphones,116.64,2,0.15,Debit Card,Returning,4.8,198.29
ORD101744,2024-08-12,1316,24.0,Male,Faisalabad,East,Electronics,Mouse,33.93,5,0.0,Debit Card,New,4.1,169.65
ORD103446,2024-08-12,1268,36.0,Female,Quetta,West,Electronics,Tablet,490.94,6,0.15,Credit Card,New,3.2,2503.79
ORD101136,2024-08-12,1165,45.0,Female,Peshawar,West,Clothing,Shoes,93.01,1,0.2,Cash,New,4.1,74.41
ORD104326,2024-08-12,1354,34.0,Female,Lahore,East,Electronics,Keyboard,65.53,3,0.2,Credit Card,New,3.3,157.27
ORD101789,2024-08-12,1535,23.0,Female,Quetta,West,Accessories,Wallet,43.86,3,0.15,Debit Card,Returning,4.4,111.84
ORD100960,2024-08-12,1257,36.0,Male,Lahore,East,Clothing,Shoes,90.66,1,0.0,Bank Transfer,New,5.0,90.66
ORD103831,2024-08-13,1216,45.0,Male,Karachi,South,Clothing,Shoes,82.64,3,0.0,Bank Transfer,Returning,2.2,247.92
ORD104187,2024-08-13,1776,30.0,Male,Multan,South,Electronics,Tablet,484.96,1,0.15,Digital Wallet,New,4.3,412.22
ORD102815,2024-08-13,1169,24.0,Female,Multan,South,Accessories,Sunglasses,82.76,2,0.0,Credit Card,Returning,3.4,165.52
ORD102772,2024-08-13,1435,29.0,Female,Multan,South,Electronics,Monitor,284.36,1,0.0,Debit Card,Returning,4.6,284.36
ORD104542,2024-08-13,1436,22.0,Male,Rawalpindi,North,Electronics,Mouse,35.25,3,0.0,Credit Card,VIP,3.7,105.75
ORD101614,2024-08-13,1450,39.0,Male,Lahore,East,Clothing,Shoes,87.14,4,0.1,Debit Card,New,3.8,313.7
ORD100458,2024-08-13,1264,42.0,Male,Rawalpindi,North,Clothing,T-Shirt,30.63,1,0.0,Bank Transfer,New,4.7,30.63
ORD102316,2024-08-13,1427,30.0,Female,Faisalabad,East,Clothing,Shoes,87.52,4,0.3,Credit Card,New,3.8,245.06
ORD102657,2024-08-13,1552,35.0,Male,Lahore,East,Electronics,Keyboard,74.16,4,0.15,Credit Card,Returning,5.0,252.14
ORD104081,2024-08-13,1210,18.0,Male,Islamabad,North,Electronics,Headphones,114.97,4,0.15,Debit Card,New,3.7,390.9
ORD100484,2024-08-14,1791,36.0,Male,Islamabad,North,Electronics,Mouse,38.52,3,0.3,Digital Wallet,Returning,2.9,80.89
ORD104016,2024-08-14,1294,32.0,Female,Faisalabad,East,Clothing,Jeans,62.85,2,0.0,Credit Card,New,3.7,125.7
ORD100639,2024-08-14,1069,25.0,Female,Islamabad,North,Electronics,Tablet,519.38,1,0.0,Debit Card,Returning,2.8,519.38
ORD104110,2024-08-14,1252,25.0,Female,Faisalabad,East,Clothing,Shoes,81.9,6,0.1,Credit Card,Returning,3.4,442.26
ORD102980,2024-08-14,1516,29.0,Female,Lahore,East,Electronics,Mouse,37.0,6,0.0,Debit Card,Returning,4.1,222.0
ORD103210,2024-08-14,1044,18.0,Female,Rawalpindi,North,Electronics,Monitor,261.57,1,0.05,Debit Card,VIP,5.0,248.49
ORD100670,2024-08-15,1519,37.0,Female,Rawalpindi,North,Electronics,Keyboard,69.03,2,0.1,Digital Wallet,Returning,2.7,124.25
ORD104750,2024-08-15,1508,22.0,Male,Rawalpindi,North,Electronics,Mouse,35.64,1,0.05,Bank Transfer,New,3.6,33.86
ORD104604,2024-08-15,1728,28.0,Male,Faisalabad,East,Electronics,Keyboard,71.48,1,0.0,Debit Card,Returning,4.5,71.48
ORD102133,2024-08-15,1287,22.0,Male,Islamabad,North,Clothing,Shoes,86.0,2,0.0,Debit Card,New,3.4,172.0
ORD101054,2024-08-15,1040,46.0,Male,Peshawar,West,Electronics,Monitor,272.14,3,0.0,Debit Card,Returning,4.8,816.42
ORD104066,2024-08-15,1293,53.0,Female,Faisalabad,East,Electronics,Mouse,35.72,1,0.0,Debit Card,Returning,2.9,35.72
ORD100493,2024-08-16,1638,18.0,Female,Faisalabad,East,Electronics,Headphones,122.15,2,0.05,Credit Card,New,3.5,232.08
ORD104211,2024-08-16,1393,18.0,Male,Multan,South,Clothing,T-Shirt,32.08,3,0.05,Bank Transfer,New,3.8,91.43
ORD100565,2024-08-16,1556,26.0,Female,Peshawar,West,Clothing,Jeans,67.17,2,0.0,Credit Card,VIP,3.3,134.34
ORD103609,2024-08-16,1797,30.0,Male,Karachi,South,Accessories,Backpack,53.13,2,0.05,Credit Card,Returning,4.5,100.95
ORD103771,2024-08-16,1359,21.0,Female,Karachi,South,Clothing,Shoes,90.16,4,0.2,Credit Card,VIP,4.1,288.51
ORD102656,2024-08-16,1615,42.0,Male,Karachi,South,Accessories,Sunglasses,79.56,2,0.1,Credit Card,VIP,4.3,143.21
ORD101517,2024-08-16,1073,28.0,Female,Multan,South,Electronics,Mouse,36.06,1,0.0,Debit Card,Returning,3.4,36.06
ORD102368,2024-08-16,1452,32.0,Male,Peshawar,West,Clothing,Shoes,91.48,2,0.0,Digital Wallet,Returning,5.0,182.96
ORD102147,2024-08-16,1683,29.0,Female,Quetta,West,Electronics,Headphones,108.78,2,0.0,Credit Card,Returning,3.3,217.56
ORD104661,2024-08-16,1019,40.0,Male,Peshawar,West,Clothing,Shoes,86.66,1,0.1,Digital Wallet,Returning,2.3,77.99
ORD104147,2024-08-16,1156,26.0,Male,Faisalabad,East,Electronics,Smartwatch,209.08,4,0.2,Debit Card,Returning,3.4,669.06
ORD104689,2024-08-16,1218,44.0,Male,Rawalpindi,North,Electronics,Laptop,1216.7,5,0.1,Bank Transfer,Returning,3.6,5475.15
ORD100910,2024-08-17,1752,30.0,Male,Faisalabad,East,Electronics,Headphones,114.75,5,0.0,Debit Card,New,3.1,573.75
ORD104849,2024-08-17,1776,53.0,Male,Islamabad,North,Electronics,Monitor,292.24,2,0.2,Digital Wallet,Returning,3.6,467.58
ORD100228,2024-08-17,1387,49.0,Female,Multan,South,Electronics,Smartwatch,192.71,2,0.0,Debit Card,New,4.1,385.42
ORD103383,2024-08-17,1702,53.0,Male,Peshawar,West,Electronics,Mouse,31.26,3,0.1,Cash,New,3.4,84.4
ORD103366,2024-08-17,1764,49.0,Female,Quetta,West,Electronics,Headphones,132.25,4,0.2,Bank Transfer,New,4.3,423.2
ORD101995,2024-08-17,1428,24.0,Male,Lahore,East,Electronics,Monitor,304.51,2,0.1,Cash,Returning,4.6,548.12
ORD104543,2024-08-17,1111,35.0,Female,Lahore,East,Electronics,Smartwatch,231.94,2,0.2,Cash,Returning,2.6,371.1
ORD103914,2024-08-18,1535,20.0,Female,Karachi,South,Electronics,Smartwatch,191.07,7,0.0,Cash,Returning,2.6,1337.49
ORD103166,2024-08-18,1112,23.0,Female,Lahore,East,Clothing,Shoes,82.53,2,0.1,Credit Card,Returning,3.9,148.55
ORD102913,2024-08-18,1128,46.0,Female,Peshawar,West,Clothing,T-Shirt,30.38,1,0.0,Credit Card,VIP,3.5,30.38
ORD103647,2024-08-18,1294,40.0,Male,Peshawar,West,Clothing,T-Shirt,29.65,1,0.2,Debit Card,Returning,3.5,23.72
ORD104436,2024-08-18,1154,29.0,Female,Peshawar,West,Electronics,Laptop,1178.95,1,0.1,Cash,New,3.7,1061.06
ORD103887,2024-08-19,1264,37.0,Male,Multan,South,Clothing,T-Shirt,31.66,1,0.05,Credit Card,Returning,5.0,30.08
ORD101655,2024-08-19,1432,38.0,Female,Islamabad,North,Electronics,Smartwatch,197.25,2,0.05,Digital Wallet,New,4.0,374.78
ORD102645,2024-08-19,1329,45.0,Male,Karachi,South,Electronics,Mouse,36.36,3,0.1,Digital Wallet,New,4.0,98.17
ORD104094,2024-08-19,1749,24.0,Female,Rawalpindi,North,Accessories,Sunglasses,81.81,4,0.3,Credit Card,New,4.4,229.07
ORD101933,2024-08-19,1236,42.0,Female,Faisalabad,East,Electronics,Headphones,114.4,1,0.05,Debit Card,Returning,3.9,108.68
ORD104440,2024-08-19,1462,25.0,Female,Faisalabad,East,Electronics,Laptop,1190.26,3,0.0,Digital Wallet,New,3.9,3570.78
ORD100075,2024-08-19,1390,37.0,Male,Rawalpindi,North,Electronics,Tablet,482.58,1,0.15,Cash,Returning,3.7,410.19
ORD101364,2024-08-19,1579,36.0,Female,Lahore,East,Clothing,Jeans,65.0,4,0.1,Credit Card,New,4.4,234.0
ORD102650,2024-08-19,1080,41.0,Female,Karachi,South,Clothing,T-Shirt,28.54,5,0.15,Credit Card,Returning,3.9,121.29
ORD100617,2024-08-19,1596,48.0,Female,Multan,South,Electronics,Mouse,37.89,4,0.1,Debit Card,VIP,4.5,136.4
ORD103823,2024-08-20,1748,29.0,Male,Faisalabad,East,Clothing,Jeans,65.3,4,0.3,Debit Card,New,4.3,182.84
ORD100964,2024-08-20,1692,27.0,Male,Lahore,East,Accessories,Backpack,63.09,1,0.1,Bank Transfer,VIP,3.8,56.78
ORD101690,2024-08-20,1259,34.0,Male,Islamabad,North,Clothing,Shoes,89.15,2,0.15,Bank Transfer,New,3.8,151.56
ORD100638,2024-08-20,1144,57.0,Male,Multan,South,Clothing,Jeans,60.08,3,0.1,Digital Wallet,New,3.2,162.22
ORD104442,2024-08-20,1791,38.0,Male,Peshawar,West,Electronics,Mouse,34.96,1,0.0,Credit Card,Returning,4.0,34.96
ORD102453,2024-08-20,1741,43.0,Male,Multan,South,Electronics,Headphones,122.58,1,0.05,Debit Card,Returning,4.5,116.45
ORD104400,2024-08-20,1116,37.0,Male,Multan,South,Electronics,Headphones,119.63,3,0.2,Credit Card,New,3.2,287.11
ORD103674,2024-08-21,1118,35.0,Female,Rawalpindi,North,Electronics,Tablet,515.45,2,0.0,Digital Wallet,Returning,4.3,1030.9
ORD104292,2024-08-21,1620,18.0,Male,Islamabad,North,Electronics,Mouse,36.79,1,0.15,Credit Card,Returning,3.4,31.27
ORD104644,2024-08-21,1012,40.0,Female,Faisalabad,East,Clothing,T-Shirt,31.1,1,0.0,Debit Card,Returning,2.9,31.1
ORD100376,2024-08-21,1158,26.0,Female,Rawalpindi,North,Electronics,Headphones,108.14,1,0.3,Cash,New,2.8,75.7
ORD104116,2024-08-22,1118,33.0,Male,Karachi,South,Electronics,Headphones,121.09,5,0.2,Cash,New,3.7,484.36
ORD100113,2024-08-22,1472,42.0,Male,Karachi,South,Electronics,Mouse,31.25,5,0.0,Credit Card,Returning,3.5,156.25
ORD100265,2024-08-22,1609,27.0,Male,Lahore,East,Electronics,Tablet,455.34,2,0.2,Credit Card,New,3.7,728.54
ORD104421,2024-08-22,1733,18.0,Female,Quetta,West,Electronics,Monitor,309.35,1,0.2,Digital Wallet,Returning,2.5,247.48
ORD104367,2024-08-22,1613,34.0,Male,Faisalabad,East,Clothing,Jeans,59.82,2,0.05,Bank Transfer,New,5.0,113.66
ORD104340,2024-08-22,1427,37.0,Male,Faisalabad,East,Electronics,Tablet,445.74,5,0.0,Bank Transfer,New,4.5,2228.7
ORD103100,2024-08-22,1228,44.0,Female,Faisalabad,East,Clothing,T-Shirt,29.96,1,0.0,Credit Card,Returning,4.2,29.96
ORD103669,2024-08-23,1023,52.0,Female,Multan,South,Accessories,Sunglasses,74.5,4,0.1,Credit Card,VIP,4.2,268.2
ORD100407,2024-08-23,1626,35.0,Male,Quetta,West,Electronics,Smartphone,795.04,1,0.0,Debit Card,New,3.1,795.04
ORD104334,2024-08-23,1362,48.0,Female,Faisalabad,East,Electronics,Smartphone,757.23,2,0.0,Debit Card,Returning,3.4,1514.46
ORD101726,2024-08-23,1738,33.0,Female,Rawalpindi,North,Electronics,Smartphone,720.29,1,0.0,Credit Card,Returning,4.9,720.29
ORD102053,2024-08-23,1643,39.0,Male,Faisalabad,East,Electronics,Headphones,125.28,6,0.15,Debit Card,New,4.1,638.93
ORD104538,2024-08-23,1726,57.0,Male,Karachi,South,Clothing,T-Shirt,29.56,3,0.1,Bank Transfer,Returning,3.1,79.81
ORD104328,2024-08-23,1619,36.0,Female,Quetta,West,Electronics,Monitor,293.55,3,0.1,Digital Wallet,Returning,5.0,792.59
ORD103385,2024-08-23,1659,36.0,Male,Peshawar,West,Electronics,Mouse,33.46,4,0.0,Bank Transfer,Returning,2.9,133.84
ORD102600,2024-08-23,1436,47.0,Male,Islamabad,North,Clothing,T-Shirt,31.36,3,0.0,Credit Card,Returning,4.4,94.08
ORD100610,2024-08-24,1695,25.0,Male,Islamabad,North,Electronics,Headphones,122.13,1,0.05,Digital Wallet,Returning,4.7,116.02
ORD100894,2024-08-24,1797,18.0,Male,Peshawar,West,Electronics,Monitor,294.45,4,0.0,Cash,Returning,3.9,1177.8
ORD104195,2024-08-24,1644,54.0,Female,Lahore,East,Clothing,Jeans,62.5,3,0.3,Credit Card,VIP,5.0,131.25
ORD102745,2024-08-24,1029,47.0,Male,Quetta,West,Electronics,Smartphone,709.4,1,0.15,Credit Card,Returning,3.8,602.99
ORD100777,2024-08-24,1041,37.0,Female,Islamabad,North,Clothing,Jacket,108.63,1,0.0,Debit Card,New,3.7,108.63
ORD101988,2024-08-24,1194,23.0,Female,Rawalpindi,North,Clothing,T-Shirt,28.69,2,0.0,Cash,New,4.9,57.38
ORD101174,2024-08-24,1015,38.0,Male,Faisalabad,East,Electronics,Monitor,277.16,3,0.15,Digital Wallet,New,3.6,706.76
ORD104083,2024-08-24,1397,41.0,Female,Peshawar,West,Electronics,Tablet,506.36,3,0.0,Credit Card,New,4.0,1519.08
ORD102976,2024-08-24,1020,38.0,Female,Islamabad,North,Electronics,Keyboard,72.18,2,0.0,Cash,Returning,5.0,144.36
ORD102744,2024-08-24,1560,35.0,Female,Rawalpindi,North,Electronics,Smartphone,710.54,2,0.05,Bank Transfer,New,2.7,1350.03
ORD100166,2024-08-24,1231,39.0,Female,Quetta,West,Electronics,Monitor,326.58,4,0.1,Bank Transfer,New,4.1,1175.69
ORD100975,2024-08-24,1386,24.0,Male,Lahore,East,Accessories,Backpack,53.54,2,0.05,Bank Transfer,New,3.9,101.73
ORD103244,2024-08-24,1268,34.0,Male,Karachi,South,Clothing,Shoes,92.62,1,0.15,Digital Wallet,New,4.7,78.73
ORD100771,2024-08-24,1648,32.0,Male,Faisalabad,East,Electronics,Tablet,519.16,1,0.0,Digital Wallet,New,5.0,519.16
ORD104241,2024-08-24,1412,40.0,Female,Multan,South,Electronics,Laptop,1230.67,2,0.1,Bank Transfer,Returning,3.2,2215.21
ORD100514,2024-08-24,1069,29.0,Female,Rawalpindi,North,Accessories,Sunglasses,85.09,3,0.05,Debit Card,New,5.0,242.51
ORD102985,2024-08-24,1741,18.0,Female,Lahore,East,Electronics,Tablet,500.2,3,0.1,Credit Card,Returning,3.7,1350.54
ORD103601,2024-08-25,1113,22.0,Female,Multan,South,Electronics,Monitor,282.78,2,0.05,Debit Card,Returning,3.1,537.28
ORD102558,2024-08-25,1342,38.0,Female,Lahore,East,Electronics,Headphones,112.72,2,0.1,Credit Card,Returning,3.0,202.9
ORD102505,2024-08-25,1657,33.0,Male,Faisalabad,East,Electronics,Mouse,35.57,1,0.05,Debit Card,New,3.7,33.79
ORD100445,2024-08-25,1190,41.0,Male,Rawalpindi,North,Electronics,Tablet,493.2,6,0.1,Digital Wallet,Returning,3.0,2663.28
ORD104499,2024-08-25,1511,37.0,Female,Islamabad,North,Clothing,Jacket,104.55,2,0.05,Credit Card,Returning,3.1,198.64
ORD100578,2024-08-25,1605,46.0,Female,Karachi,South,Clothing,Shoes,90.76,1,0.1,Debit Card,New,2.8,81.68
ORD102961,2024-08-25,1623,43.0,Male,Lahore,East,Electronics,Laptop,1203.69,5,0.0,Debit Card,New,4.3,6018.45
ORD100366,2024-08-26,1453,29.0,Female,Islamabad,North,Electronics,Smartphone,678.51,1,0.2,Digital Wallet,New,3.6,542.81
ORD104981,2024-08-26,1414,55.0,Male,Quetta,West,Electronics,Headphones,129.39,6,0.0,Debit Card,Returning,5.0,776.34
ORD101083,2024-08-26,1225,40.0,Male,Lahore,East,Clothing,T-Shirt,31.42,3,0.0,Bank Transfer,Returning,3.2,94.26
ORD100187,2024-08-26,1340,32.0,Male,Peshawar,West,Electronics,Monitor,252.13,5,0.0,Credit Card,VIP,2.9,1260.65
ORD104962,2024-08-26,1672,37.0,Female,Karachi,South,Clothing,T-Shirt,28.52,3,0.15,Bank Transfer,New,5.0,72.73
ORD102849,2024-08-26,1172,28.0,Female,Peshawar,West,Electronics,Mouse,34.51,1,0.0,Debit Card,Returning,4.2,34.51
ORD100833,2024-08-26,1085,42.0,Female,Lahore,East,Electronics,Smartphone,769.83,2,0.2,Credit Card,VIP,3.2,1231.73
ORD101017,2024-08-26,1470,36.0,Female,Multan,South,Clothing,T-Shirt,30.9,1,0.05,Credit Card,Returning,4.3,29.35
ORD104395,2024-08-26,1603,37.0,Male,Karachi,South,Electronics,Smartwatch,210.74,3,0.05,Bank Transfer,New,4.6,600.61
ORD100022,2024-08-26,1344,28.0,Male,Peshawar,West,Accessories,Backpack,54.21,1,0.25,Cash,New,3.8,40.66
ORD103273,2024-08-26,1269,33.0,Female,Quetta,West,Clothing,Jacket,121.98,5,0.0,Debit Card,Returning,3.2,609.9
ORD104627,2024-08-27,1514,32.0,Male,Faisalabad,East,Electronics,Laptop,1213.37,4,0.0,Credit Card,VIP,4.6,4853.48
ORD104474,2024-08-27,1248,48.0,Female,Multan,South,Electronics,Laptop,1226.41,2,0.0,Debit Card,Returning,4.1,2452.82
ORD104438,2024-08-27,1645,28.0,Female,Faisalabad,East,Electronics,Headphones,120.4,6,0.15,Cash,Returning,4.3,614.04
ORD104277,2024-08-27,1598,40.0,Male,Rawalpindi,North,Clothing,Jacket,113.62,1,0.2,Credit Card,New,3.1,90.9
ORD103198,2024-08-28,1628,46.0,Female,Quetta,West,Electronics,Smartwatch,201.83,2,0.1,Credit Card,Returning,3.5,363.29
ORD101008,2024-08-28,1580,35.0,Male,Multan,South,Electronics,Keyboard,69.24,2,0.15,Bank Transfer,VIP,3.8,117.71
ORD101793,2024-08-28,1363,46.0,Male,Peshawar,West,Accessories,Sunglasses,83.74,2,0.05,Credit Card,New,5.0,159.11
ORD102183,2024-08-28,1012,27.0,Male,Quetta,West,Clothing,Jacket,122.81,3,0.1,Debit Card,Returning,4.5,331.59
ORD102622,2024-08-29,1672,39.0,Female,Quetta,West,Electronics,Smartphone,791.98,3,0.25,Bank Transfer,New,4.1,1781.96
ORD104581,2024-08-29,1575,22.0,Male,Quetta,West,Electronics,Monitor,314.11,1,0.0,Digital Wallet,New,4.1,314.11
ORD100761,2024-08-29,1784,47.0,Male,Quetta,West,Electronics,Keyboard,70.93,1,0.1,Debit Card,Returning,3.8,63.84
ORD101327,2024-08-30,1018,46.0,Female,Faisalabad,East,Electronics,Smartphone,701.4,1,0.1,Credit Card,New,3.5,631.26
ORD104183,2024-08-30,1307,54.0,Male,Quetta,West,Electronics,Smartwatch,224.77,6,0.1,,Returning,3.2,1213.76
ORD103594,2024-08-30,1420,39.0,Female,Karachi,South,Electronics,Laptop,1306.85,3,0.25,Digital Wallet,Returning,4.0,2940.41
ORD103512,2024-08-30,1730,44.0,Female,Quetta,West,Electronics,Smartphone,679.2,5,0.0,Debit Card,Returning,4.3,3396.0
ORD104135,2024-08-31,1017,43.0,Male,Peshawar,West,Clothing,Jeans,66.7,8,0.3,Bank Transfer,New,3.6,373.52
ORD101429,2024-08-31,1281,44.0,Male,Lahore,East,Clothing,Shoes,92.75,3,0.05,Bank Transfer,New,3.6,264.34
ORD100657,2024-08-31,1133,37.0,Female,Lahore,East,Electronics,Mouse,29.54,3,0.05,Digital Wallet,New,4.0,84.19
ORD101761,2024-09-01,1289,25.0,Male,Lahore,East,Clothing,Jacket,105.15,2,0.2,Credit Card,VIP,4.4,168.24
ORD101125,2024-09-01,1513,26.0,Male,Multan,South,Electronics,Tablet,495.15,5,0.05,Credit Card,New,4.1,2351.96
ORD100026,2024-09-01,1192,18.0,Female,Karachi,South,Electronics,Tablet,471.22,7,0.1,Digital Wallet,Returning,3.9,2968.69
ORD100840,2024-09-01,1772,44.0,Male,Faisalabad,East,Electronics,Smartwatch,229.12,3,0.25,Credit Card,Returning,3.5,515.52
ORD101271,2024-09-01,1537,50.0,Male,Multan,South,Electronics,Keyboard,69.83,5,0.15,Digital Wallet,VIP,4.9,296.78
ORD102611,2024-09-02,1012,32.0,Female,Faisalabad,East,Clothing,T-Shirt,27.01,1,0.0,Debit Card,VIP,5.0,27.01
ORD100731,2024-09-02,1685,30.0,Female,Multan,South,Electronics,Mouse,30.09,6,0.2,Cash,New,3.5,144.43
ORD101172,2024-09-02,1448,41.0,Female,Islamabad,North,Electronics,Headphones,118.77,6,0.2,Digital Wallet,New,3.7,570.1
ORD103811,2024-09-02,1476,37.0,Male,Islamabad,North,Electronics,Tablet,484.64,4,0.0,Bank Transfer,Returning,4.4,1938.56
ORD101428,2024-09-02,1237,32.0,Male,Islamabad,North,Clothing,Shoes,90.47,5,0.1,Debit Card,New,1.8,407.12
ORD101522,2024-09-02,1217,25.0,Female,Faisalabad,East,Clothing,Shoes,88.81,1,0.1,Credit Card,New,2.3,79.93
ORD104823,2024-09-02,1299,36.0,Female,Lahore,East,Electronics,Keyboard,66.07,1,0.0,Cash,Returning,4.2,66.07
ORD102514,2024-09-02,1627,25.0,Female,Peshawar,West,Electronics,Smartwatch,227.0,3,0.0,,New,4.7,681.0
ORD102881,2024-09-02,1797,28.0,Female,Rawalpindi,North,Electronics,Laptop,1111.74,3,0.1,Credit Card,Returning,3.5,3001.7
ORD100452,2024-09-03,1692,25.0,Male,Lahore,East,Clothing,Jeans,63.93,3,0.15,Digital Wallet,Returning,4.2,163.02
ORD100671,2024-09-03,1174,23.0,Male,Faisalabad,East,Clothing,Jacket,110.41,1,0.0,Credit Card,Returning,3.4,110.41
ORD100520,2024-09-03,1218,21.0,Male,Karachi,South,Clothing,Jeans,70.31,2,0.05,Credit Card,New,4.2,133.59
ORD101848,2024-09-03,1285,34.0,Male,Rawalpindi,North,Clothing,T-Shirt,29.77,2,0.05,Credit Card,New,3.1,56.56
ORD102038,2024-09-03,1356,55.0,Male,Faisalabad,East,Accessories,Wallet,44.88,1,0.05,Credit Card,Returning,3.2,42.64
ORD101291,2024-09-03,1285,21.0,Female,Islamabad,North,Clothing,T-Shirt,32.82,1,0.1,Debit Card,New,4.0,29.54
ORD102408,2024-09-03,1687,36.0,Female,Rawalpindi,North,Electronics,Headphones,119.65,1,0.0,Bank Transfer,Returning,4.0,119.65
ORD102847,2024-09-03,1414,26.0,Male,Rawalpindi,North,Clothing,Jacket,124.51,1,0.2,Credit Card,Returning,3.6,99.61
ORD100798,2024-09-03,1251,30.0,Male,Lahore,East,Clothing,Shoes,90.05,8,0.3,Bank Transfer,Returning,4.0,504.28
ORD102628,2024-09-04,1467,34.0,Female,Lahore,East,Clothing,Jeans,65.27,1,0.3,Credit Card,New,4.8,45.69
ORD103916,2024-09-04,1384,18.0,Male,Lahore,East,Accessories,Sunglasses,85.62,1,0.0,Credit Card,New,2.9,85.62
ORD100976,2024-09-04,1365,22.0,Male,Karachi,South,Clothing,Jacket,105.84,4,0.05,Credit Card,New,3.7,402.19
ORD102158,2024-09-04,1497,30.0,Male,Faisalabad,East,Electronics,Smartphone,773.09,2,0.05,Credit Card,New,4.5,1468.87
ORD103418,2024-09-04,1286,18.0,Male,Multan,South,Clothing,T-Shirt,29.33,1,0.1,Digital Wallet,New,2.8,26.4
ORD100857,2024-09-05,1268,52.0,Male,Lahore,East,Electronics,Headphones,121.62,3,0.15,Credit Card,New,5.0,310.13
ORD104809,2024-09-05,1493,38.0,Male,Lahore,East,Clothing,Jeans,59.37,1,0.0,Credit Card,Returning,3.7,59.37
ORD103449,2024-09-05,1576,30.0,Female,Islamabad,North,Electronics,Headphones,126.07,8,0.05,Bank Transfer,New,3.3,958.13
ORD101782,2024-09-05,1700,31.0,Female,Rawalpindi,North,Accessories,Backpack,58.25,4,0.15,Debit Card,Returning,2.4,198.05
ORD101659,2024-09-05,1344,20.0,Female,Multan,South,Electronics,Monitor,303.37,5,0.05,Digital Wallet,Returning,3.1,1441.01
ORD103424,2024-09-05,1654,26.0,Male,Quetta,West,Accessories,Sunglasses,78.64,3,0.05,Cash,New,4.0,224.12
ORD104545,2024-09-05,1635,38.0,Female,Quetta,West,Electronics,Laptop,1287.56,1,0.0,Credit Card,New,3.5,1287.56
ORD100128,2024-09-06,1135,19.0,Male,Multan,South,Clothing,Jeans,62.95,3,0.0,Credit Card,New,3.7,188.85
ORD100745,2024-09-06,1402,25.0,Female,Quetta,West,Clothing,T-Shirt,32.21,1,0.1,Digital Wallet,Returning,4.3,28.99
ORD104275,2024-09-06,1294,23.0,Male,Islamabad,North,Electronics,Laptop,1049.3,1,0.1,Digital Wallet,New,3.3,944.37
ORD100698,2024-09-06,1787,45.0,Female,Rawalpindi,North,Clothing,Jeans,63.87,8,0.05,Bank Transfer,Returning,4.2,485.41
ORD102700,2024-09-06,1493,28.0,Male,Karachi,South,Accessories,Backpack,55.81,2,0.05,Debit Card,New,3.8,106.04
ORD103827,2024-09-07,1228,28.0,Male,Faisalabad,East,Electronics,Smartphone,779.02,3,0.05,Bank Transfer,Returning,,2220.21
ORD100963,2024-09-07,1253,27.0,Female,Karachi,South,Electronics,Tablet,518.2,1,0.0,Digital Wallet,Returning,3.5,518.2
ORD102832,2024-09-07,1351,18.0,Male,Peshawar,West,Electronics,Mouse,33.51,1,0.1,Debit Card,Returning,5.0,30.16
ORD101278,2024-09-07,1347,53.0,Male,Multan,South,Clothing,Jeans,64.56,6,0.0,Bank Transfer,New,2.6,387.36
ORD102113,2024-09-07,1381,29.0,Female,Karachi,South,Clothing,Jacket,105.38,2,0.05,Credit Card,Returning,4.7,200.22
ORD101580,2024-09-07,1688,35.0,Female,Peshawar,West,Electronics,Mouse,36.02,8,0.1,Digital Wallet,Returning,4.5,259.34
ORD100045,2024-09-07,1567,49.0,Female,Rawalpindi,North,Electronics,Keyboard,60.15,3,0.0,Debit Card,VIP,3.7,180.45
ORD102682,2024-09-07,1645,42.0,Female,Peshawar,West,Electronics,Smartphone,722.74,4,0.0,Credit Card,Returning,4.3,2890.96
ORD103049,2024-09-08,1254,30.0,Male,Multan,South,Electronics,Mouse,35.82,4,0.15,Debit Card,New,4.6,121.79
ORD100676,2024-09-08,1795,21.0,Male,Islamabad,North,Accessories,Sunglasses,75.83,8,0.2,Cash,New,4.0,485.31
ORD103134,2024-09-08,1371,42.0,Female,Lahore,East,Electronics,Headphones,120.79,4,0.1,Digital Wallet,New,4.9,434.84
ORD104931,2024-09-09,1567,40.0,Female,Quetta,West,Clothing,T-Shirt,30.27,2,0.2,Debit Card,New,4.7,48.43
ORD101704,2024-09-09,1419,38.0,Male,Multan,South,Accessories,Sunglasses,88.52,5,0.05,Credit Card,New,3.2,420.47
ORD102596,2024-09-09,1110,29.0,Female,Faisalabad,East,Accessories,Sunglasses,77.77,1,0.1,Debit Card,New,3.8,69.99
ORD103686,2024-09-09,1559,45.0,Female,Karachi,South,Clothing,T-Shirt,28.18,4,0.2,Digital Wallet,VIP,3.5,90.18
ORD104822,2024-09-09,1069,25.0,Female,Multan,South,Electronics,Headphones,122.2,3,0.05,Bank Transfer,New,2.9,348.27
ORD101036,2024-09-09,1289,18.0,Male,Faisalabad,East,Clothing,Jacket,106.7,4,0.1,Debit Card,Returning,4.5,384.12
ORD104418,2024-09-09,1278,38.0,Female,Islamabad,North,Electronics,Keyboard,76.68,5,0.2,Debit Card,VIP,4.0,306.72
ORD104846,2024-09-09,1387,35.0,Male,Rawalpindi,North,Electronics,Tablet,500.47,1,0.0,Credit Card,Returning,4.2,500.47
ORD102021,2024-09-09,1314,43.0,Male,Islamabad,North,Electronics,Mouse,32.4,2,0.0,Bank Transfer,New,3.7,64.8
ORD100249,2024-09-09,1710,34.0,Female,Rawalpindi,North,Electronics,Mouse,39.23,1,0.2,Bank Transfer,New,3.7,31.38
ORD101499,2024-09-09,1069,56.0,Female,Lahore,East,Accessories,Sunglasses,80.87,1,0.25,Credit Card,Returning,4.3,60.65
ORD102715,2024-09-10,1629,18.0,Female,Quetta,West,Accessories,Backpack,52.51,4,0.25,Debit Card,Returning,2.8,157.53
ORD104509,2024-09-10,1411,23.0,Male,Islamabad,North,Electronics,Smartwatch,206.37,2,0.05,Bank Transfer,New,3.8,392.1
ORD102487,2024-09-10,1798,52.0,Female,Islamabad,North,Accessories,Backpack,52.36,4,0.0,Credit Card,Returning,2.9,209.44
ORD103951,2024-09-11,1451,23.0,Male,Lahore,East,Clothing,Shoes,91.05,1,0.2,Debit Card,New,4.0,72.84
ORD103384,2024-09-11,1547,41.0,Female,Karachi,South,Electronics,Headphones,121.54,1,0.0,Credit Card,VIP,3.8,121.54
ORD103086,2024-09-11,1414,18.0,Male,Quetta,West,Clothing,Jacket,120.82,3,0.15,Debit Card,Returning,4.5,308.09
ORD101497,2024-09-11,1758,34.0,Female,Faisalabad,East,Clothing,Shoes,85.78,4,0.1,Digital Wallet,Returning,5.0,308.81
ORD102733,2024-09-11,1397,28.0,Female,Multan,South,Electronics,Headphones,119.34,1,0.2,Credit Card,New,4.2,95.47
ORD102753,2024-09-11,1759,18.0,Female,Multan,South,Electronics,Smartphone,845.0,3,0.1,Bank Transfer,New,3.5,2281.5
ORD102701,2024-09-11,1213,18.0,Male,Faisalabad,East,Electronics,Mouse,36.67,4,0.3,Credit Card,New,3.3,102.68
ORD103746,2024-09-11,1500,40.0,Male,Islamabad,North,Electronics,Smartwatch,195.58,7,0.05,Credit Card,New,4.9,1300.61
ORD102818,2024-09-11,1119,,Male,Lahore,East,Accessories,Wallet,47.9,2,0.1,Digital Wallet,New,3.9,86.22
ORD103657,2024-09-11,1073,41.0,Male,Peshawar,West,Clothing,Jeans,58.12,2,0.05,Credit Card,New,4.4,110.43
ORD100532,2024-09-11,1522,23.0,Male,Islamabad,North,Electronics,Laptop,1091.51,1,0.0,Credit Card,Returning,3.9,1091.51
ORD102762,2024-09-12,1449,43.0,Male,Quetta,West,Clothing,Jeans,69.57,7,0.0,Bank Transfer,New,3.6,486.99
ORD103990,2024-09-12,1408,24.0,Male,Quetta,West,Electronics,Mouse,37.45,8,0.1,Digital Wallet,Returning,3.0,269.64
ORD100115,2024-09-12,1139,33.0,Male,Lahore,East,Electronics,Headphones,114.96,1,0.1,Credit Card,New,4.4,103.46
ORD100971,2024-09-12,1474,40.0,Male,Karachi,South,Clothing,Jeans,68.84,1,0.0,Cash,Returning,3.7,68.84
ORD102047,2024-09-12,1723,20.0,Female,Lahore,East,Accessories,Backpack,54.17,4,0.1,Credit Card,Returning,3.5,195.01
ORD100371,2024-09-12,1049,38.0,Male,Lahore,East,Clothing,Shoes,98.39,3,0.1,Digital Wallet,Returning,4.1,265.65
ORD101500,2024-09-13,1312,54.0,Male,Faisalabad,East,Electronics,Smartphone,740.48,3,0.0,Credit Card,New,4.2,2221.44
ORD104339,2024-09-13,1606,33.0,Male,Multan,South,Electronics,Mouse,31.38,1,0.05,Digital Wallet,New,3.9,29.81
ORD103392,2024-09-13,1154,30.0,Female,Multan,South,Electronics,Tablet,481.34,2,0.15,Cash,New,3.8,818.28
ORD103364,2024-09-14,1551,38.0,Male,Lahore,East,Clothing,Shoes,94.57,2,0.15,Digital Wallet,New,3.4,160.77
ORD102708,2024-09-14,1497,35.0,Female,Faisalabad,East,Clothing,Shoes,86.9,2,0.2,Debit Card,New,4.5,139.04
ORD100229,2024-09-14,1113,23.0,Male,Multan,South,Clothing,Jeans,55.92,3,0.0,Digital Wallet,New,3.2,167.76
ORD102653,2024-09-14,1609,35.0,Female,Multan,South,Electronics,Smartphone,742.1,1,0.0,Digital Wallet,Returning,3.4,742.1
ORD101004,2024-09-14,1145,18.0,Female,Quetta,West,Electronics,Laptop,1162.21,2,0.0,Debit Card,New,3.8,2324.42
ORD104322,2024-09-14,1620,35.0,Female,Peshawar,West,Clothing,T-Shirt,31.19,2,0.15,Digital Wallet,Returning,4.4,53.02
ORD103011,2024-09-14,1740,36.0,Female,Quetta,West,Electronics,Smartphone,798.73,1,0.0,Debit Card,Returning,3.4,798.73
ORD102696,2024-09-15,1065,26.0,Male,Karachi,South,Electronics,Smartphone,779.84,2,0.1,Digital Wallet,Returning,4.2,1403.71
ORD104076,2024-09-15,1768,29.0,Female,Faisalabad,East,Clothing,Jacket,101.89,2,0.1,Credit Card,New,5.0,183.4
ORD103182,2024-09-15,1243,31.0,Male,Peshawar,West,Electronics,Tablet,477.62,3,0.05,Cash,New,4.6,1361.22
ORD103232,2024-09-15,1164,34.0,Female,Quetta,West,Electronics,Smartwatch,216.29,3,0.15,Digital Wallet,Returning,4.5,551.54
ORD101533,2024-09-15,1435,34.0,Male,Karachi,South,Electronics,Smartphone,741.69,3,0.0,Digital Wallet,New,3.4,2225.07
ORD103531,2024-09-15,1049,18.0,Male,Islamabad,North,Clothing,T-Shirt,28.86,3,0.1,Debit Card,New,3.3,77.92
ORD103395,2024-09-15,1662,41.0,Male,Rawalpindi,North,Accessories,Backpack,56.24,1,0.0,Digital Wallet,New,3.9,56.24
ORD104175,2024-09-16,1528,48.0,Male,Peshawar,West,Clothing,Jeans,66.01,1,0.0,Digital Wallet,VIP,2.0,66.01
ORD100321,2024-09-16,1104,18.0,Male,Rawalpindi,North,Clothing,Jacket,114.85,1,0.2,Cash,Returning,4.0,91.88
ORD101478,2024-09-16,1292,48.0,Female,Islamabad,North,Electronics,Smartphone,715.34,1,0.0,Cash,New,4.3,715.34
ORD102121,2024-09-16,1145,35.0,Female,Rawalpindi,North,Clothing,Shoes,89.19,1,0.25,Cash,New,2.9,66.89
ORD101389,2024-09-16,1624,46.0,Female,Karachi,South,Clothing,Jeans,60.98,7,0.15,Debit Card,Returning,4.1,362.83
ORD101455,2024-09-16,1599,44.0,Male,Lahore,East,Electronics,Headphones,121.24,3,0.2,Credit Card,New,4.6,290.98
ORD103643,2024-09-16,1223,41.0,Male,Quetta,West,Clothing,Jeans,67.15,1,0.25,Digital Wallet,VIP,3.2,50.36
ORD103388,2024-09-17,1596,24.0,Female,Lahore,East,Electronics,Tablet,494.86,2,0.05,,Returning,5.0,940.23
ORD103969,2024-09-17,1313,27.0,Female,Faisalabad,East,Electronics,Tablet,472.94,1,0.05,Debit Card,Returning,3.3,449.29
ORD104246,2024-09-17,1102,40.0,Female,Multan,South,Clothing,Jacket,110.53,2,0.0,Debit Card,New,4.5,221.06
ORD101849,2024-09-17,1716,29.0,Female,Peshawar,West,Electronics,Monitor,320.77,1,0.1,Credit Card,New,3.9,288.69
ORD104625,2024-09-18,1428,18.0,Male,Faisalabad,East,Clothing,Jeans,63.39,2,0.0,Credit Card,Returning,4.7,126.78
ORD104209,2024-09-18,1602,43.0,Male,Lahore,East,Clothing,Jeans,57.79,2,0.05,Credit Card,Returning,3.6,109.8
ORD102954,2024-09-18,1755,38.0,Male,Multan,South,Electronics,Smartphone,696.58,2,0.3,Debit Card,Returning,4.2,975.21
ORD101013,2024-09-18,1146,33.0,Female,Karachi,South,Electronics,Tablet,518.36,1,0.2,Bank Transfer,New,3.7,414.69
ORD103196,2024-09-18,1079,48.0,Female,Quetta,West,Clothing,Jeans,64.18,1,0.0,Debit Card,Returning,4.8,64.18
ORD101028,2024-09-19,1692,26.0,Female,Faisalabad,East,Accessories,Wallet,45.88,5,0.0,Digital Wallet,VIP,4.3,229.4
ORD101369,2024-09-19,1418,39.0,Female,Multan,South,Clothing,Shoes,97.79,2,0.25,Credit Card,Returning,3.7,146.68
ORD100380,2024-09-20,1518,32.0,Male,Lahore,East,Electronics,Headphones,122.1,1,0.15,Credit Card,New,3.6,103.78
ORD103749,2024-09-20,1278,44.0,Female,Islamabad,North,Electronics,Smartphone,788.26,1,0.1,Digital Wallet,New,3.8,709.43
ORD103419,2024-09-20,1265,26.0,Female,Lahore,East,Electronics,Smartwatch,210.45,2,0.2,Cash,Returning,4.1,336.72
ORD100230,2024-09-20,1613,38.0,Male,Islamabad,North,Clothing,T-Shirt,31.39,3,0.0,Digital Wallet,Returning,3.7,94.17
ORD100145,2024-09-21,1769,37.0,Male,Faisalabad,East,Electronics,Smartphone,756.08,1,0.1,Credit Card,Returning,3.8,680.47
ORD102404,2024-09-21,1676,18.0,Male,Quetta,West,Clothing,T-Shirt,30.35,1,0.2,Credit Card,New,4.3,24.28
ORD100607,2024-09-21,1037,47.0,Male,Faisalabad,East,Electronics,Laptop,1168.99,2,0.0,Digital Wallet,New,4.1,2337.98
ORD103050,2024-09-21,1630,24.0,Male,Karachi,South,Clothing,Shoes,76.02,1,0.1,Debit Card,Returning,3.8,68.42
ORD101568,2024-09-21,1016,33.0,Male,Faisalabad,East,Electronics,Tablet,500.77,6,0.0,Bank Transfer,Returning,4.2,3004.62
ORD102104,2024-09-21,1298,40.0,Male,Quetta,West,Electronics,Monitor,322.93,2,0.1,Bank Transfer,New,4.1,581.27
ORD100442,2024-09-22,1665,19.0,Female,Peshawar,West,Electronics,Keyboard,65.62,1,0.05,Debit Card,VIP,3.8,62.34
ORD102441,2024-09-22,1700,23.0,Male,Peshawar,West,Accessories,Wallet,49.21,2,0.2,Digital Wallet,Returning,4.6,78.74
ORD101620,2024-09-22,1251,45.0,Male,Islamabad,North,Clothing,Jeans,65.1,2,0.05,Credit Card,VIP,4.0,123.69
ORD102625,2024-09-22,1130,46.0,Male,Multan,South,Electronics,Keyboard,72.92,5,0.0,Credit Card,New,3.8,364.6
ORD102952,2024-09-22,1020,30.0,Female,Lahore,East,Clothing,Jacket,103.97,1,0.1,,VIP,3.6,93.57
ORD101867,2024-09-23,1516,31.0,Female,Karachi,South,Clothing,Jeans,62.18,1,0.15,Credit Card,Returning,3.9,52.85
ORD100159,2024-09-23,1743,56.0,Male,Islamabad,North,Accessories,Wallet,45.42,5,0.1,Cash,New,4.8,204.39
ORD103924,2024-09-23,1188,26.0,Male,Quetta,West,Electronics,Smartphone,727.93,2,0.15,Digital Wallet,New,4.1,1237.48
ORD101370,2024-09-23,1096,26.0,Male,Karachi,South,Clothing,Jacket,109.53,4,0.05,Debit Card,New,3.5,416.21
ORD102580,2024-09-23,1405,22.0,Male,Lahore,East,Clothing,T-Shirt,30.21,3,0.1,Cash,VIP,2.6,81.57
ORD104607,2024-09-23,1339,42.0,Female,Peshawar,West,Accessories,Wallet,42.72,1,0.05,Bank Transfer,Returning,5.0,40.58
ORD102546,2024-09-23,1449,43.0,Male,Rawalpindi,North,Electronics,Smartphone,756.42,1,0.25,Bank Transfer,New,3.0,567.31
ORD100614,2024-09-24,1798,39.0,Male,Multan,South,Electronics,Headphones,120.81,1,0.25,Credit Card,Returning,4.8,90.61
ORD101875,2024-09-24,1075,39.0,Male,Peshawar,West,Accessories,Backpack,50.58,3,0.3,Credit Card,New,4.7,106.22
ORD100388,2024-09-24,1181,55.0,Male,Peshawar,West,Accessories,Sunglasses,80.7,3,0.05,Debit Card,Returning,4.6,230.0
ORD104830,2024-09-24,1528,25.0,Male,Quetta,West,Accessories,Backpack,52.8,3,0.05,Bank Transfer,VIP,3.2,150.48
ORD101492,2024-09-24,1310,18.0,Male,Faisalabad,East,Electronics,Smartwatch,224.74,3,0.0,Credit Card,New,4.3,674.22
ORD102496,2024-09-24,1303,24.0,Male,Lahore,East,Electronics,Smartphone,811.92,1,0.2,Digital Wallet,New,3.0,649.54
ORD103222,2024-09-24,1709,34.0,Male,Rawalpindi,North,Electronics,Keyboard,73.19,1,0.3,Digital Wallet,VIP,4.6,51.23
ORD100033,2024-09-25,1748,,Male,Islamabad,North,Accessories,Sunglasses,83.42,1,0.3,Debit Card,New,4.4,58.39
ORD100838,2024-09-25,1685,18.0,Male,Rawalpindi,North,Clothing,Shoes,87.77,2,0.0,Credit Card,New,4.4,175.54
ORD101666,2024-09-25,1319,57.0,Male,Peshawar,West,Clothing,T-Shirt,33.25,3,0.05,Cash,Returning,2.9,94.76
ORD101382,2024-09-25,1007,19.0,Male,Peshawar,West,Clothing,Jacket,98.37,3,0.1,Credit Card,Returning,4.8,265.6
ORD100158,2024-09-25,1575,46.0,Female,Quetta,West,Electronics,Tablet,464.69,1,0.0,Credit Card,VIP,3.6,464.69
ORD103785,2024-09-25,1104,42.0,Female,Multan,South,Electronics,Tablet,489.04,3,0.0,Cash,Returning,3.2,1467.12
ORD103162,2024-09-25,1577,19.0,Male,Rawalpindi,North,Electronics,Headphones,109.46,3,0.2,Digital Wallet,New,3.1,262.7
ORD100665,2024-09-25,1009,25.0,Female,Rawalpindi,North,Clothing,Jeans,71.64,4,0.0,Debit Card,VIP,3.9,286.56
ORD100497,2024-09-26,1488,20.0,Male,Faisalabad,East,Clothing,T-Shirt,32.6,1,0.2,Debit Card,New,3.8,26.08
ORD102018,2024-09-26,1084,47.0,Male,Faisalabad,East,Electronics,Keyboard,64.63,3,0.0,Credit Card,New,4.4,193.89
ORD104468,2024-09-26,1536,27.0,Female,Faisalabad,East,Electronics,Mouse,35.66,2,0.3,Cash,New,3.2,49.92
ORD104748,2024-09-26,1100,30.0,Female,Lahore,East,Electronics,Headphones,105.1,3,0.15,Digital Wallet,New,4.3,268.0
ORD103616,2024-09-26,1118,59.0,Male,Quetta,West,Accessories,Wallet,41.82,1,0.0,Digital Wallet,Returning,4.0,41.82
ORD102309,2024-09-26,1740,46.0,Female,Faisalabad,East,Clothing,Jeans,66.79,1,0.0,Debit Card,Returning,5.0,66.79
ORD101924,2024-09-26,1536,27.0,Male,Rawalpindi,North,Clothing,Shoes,93.48,1,0.25,Digital Wallet,Returning,2.9,70.11
ORD103650,2024-09-26,1438,50.0,Male,Faisalabad,East,Accessories,Sunglasses,78.8,1,0.1,Credit Card,Returning,3.8,70.92
ORD100959,2024-09-26,1026,35.0,Male,Multan,South,Electronics,Laptop,1277.44,1,0.15,Digital Wallet,New,4.8,1085.82
ORD104892,2024-09-26,1135,33.0,Male,Karachi,South,Electronics,Tablet,491.93,8,0.05,Debit Card,Returning,2.4,3738.67
ORD103426,2024-09-27,1739,31.0,Male,Quetta,West,Accessories,Backpack,56.33,7,0.0,Digital Wallet,VIP,3.0,394.31
ORD102345,2024-09-27,1420,23.0,Female,Lahore,East,Clothing,Jeans,64.44,4,0.0,Credit Card,New,3.8,257.76
ORD101528,2024-09-27,1131,23.0,Female,Peshawar,West,Clothing,T-Shirt,28.56,1,0.0,Debit Card,New,4.8,28.56
ORD104850,2024-09-27,1691,44.0,Female,Karachi,South,Accessories,Backpack,54.99,1,0.15,Credit Card,New,4.7,46.74
ORD102036,2024-09-27,1567,31.0,Female,Quetta,West,Accessories,Wallet,42.47,4,0.0,Digital Wallet,New,4.3,169.88
ORD103514,2024-09-27,1648,34.0,Female,Lahore,East,Electronics,Keyboard,66.81,3,0.1,Bank Transfer,VIP,4.5,180.39
ORD104134,2024-09-27,1614,26.0,Male,Faisalabad,East,Clothing,Shoes,79.32,5,0.25,Digital Wallet,Returning,2.3,297.45
ORD100465,2024-09-27,1774,33.0,Male,Islamabad,North,Electronics,Headphones,104.88,5,0.0,Cash,Returning,3.8,524.4
ORD103051,2024-09-27,1710,37.0,Female,Peshawar,West,Clothing,Jacket,110.11,2,0.15,Credit Card,New,3.7,187.19
ORD103389,2024-09-27,1281,33.0,Male,Lahore,East,Clothing,T-Shirt,28.85,1,0.05,Debit Card,Returning,3.8,27.41
ORD102539,2024-09-27,1114,57.0,Female,Karachi,South,Clothing,Jeans,67.44,7,0.0,Digital Wallet,New,4.1,472.08
ORD100712,2024-09-27,1638,24.0,Male,Islamabad,North,Clothing,Jeans,58.68,7,0.2,Digital Wallet,New,3.1,328.61
ORD100570,2024-09-28,1302,42.0,Female,Islamabad,North,Electronics,Laptop,1153.98,3,0.0,Digital Wallet,Returning,3.3,3461.94
ORD104060,2024-09-28,1793,22.0,Female,Rawalpindi,North,Electronics,Laptop,1073.3,1,0.0,Digital Wallet,Returning,3.9,1073.3
ORD101844,2024-09-28,1306,33.0,Female,Multan,South,Electronics,Monitor,277.49,1,0.2,Bank Transfer,Returning,2.4,221.99
ORD100623,2024-09-29,1177,39.0,Female,Karachi,South,Electronics,Mouse,35.28,1,0.1,Digital Wallet,New,4.1,31.75
ORD101941,2024-09-29,1344,38.0,Male,Lahore,East,Electronics,Mouse,37.73,1,0.2,Debit Card,New,4.7,30.18
ORD102235,2024-09-29,1001,48.0,Female,Multan,South,Accessories,Backpack,57.27,7,0.2,Digital Wallet,New,3.1,320.71
ORD102207,2024-09-29,1336,18.0,Male,Faisalabad,East,Electronics,Mouse,34.85,2,0.05,Digital Wallet,Returning,4.0,66.22
ORD104093,2024-09-29,1173,21.0,Female,Multan,South,Electronics,Monitor,274.08,1,0.15,Digital Wallet,VIP,4.4,232.97
ORD100553,2024-09-29,1690,48.0,Female,Quetta,West,Electronics,Mouse,35.75,7,0.1,Bank Transfer,New,5.0,225.22
ORD102422,2024-09-29,1523,41.0,Male,Faisalabad,East,Clothing,Jeans,72.76,3,0.2,Cash,New,4.1,174.62
ORD101413,2024-09-29,1280,41.0,Male,Rawalpindi,North,Clothing,T-Shirt,28.36,2,0.25,Debit Card,New,4.1,42.54
ORD102083,2024-09-29,1418,26.0,Female,Peshawar,West,Electronics,Mouse,35.21,2,0.15,Debit Card,Returning,3.5,59.86
ORD104378,2024-09-29,1247,18.0,Male,Peshawar,West,Accessories,Sunglasses,83.87,4,0.15,Digital Wallet,Returning,3.8,285.16
ORD100648,2024-09-29,1569,27.0,Female,Rawalpindi,North,Accessories,Wallet,44.26,1,0.0,Cash,New,2.6,44.26
ORD102374,2024-09-29,1362,50.0,Female,Peshawar,West,Clothing,T-Shirt,29.09,3,0.15,Credit Card,New,2.8,74.18
ORD102385,2024-09-30,1378,51.0,Male,Multan,South,Electronics,Headphones,123.6,2,0.1,Digital Wallet,Returning,4.6,222.48
ORD101532,2024-09-30,1172,18.0,Male,Rawalpindi,North,Clothing,Shoes,92.3,3,0.0,Debit Card,VIP,4.0,276.9
ORD101829,2024-09-30,1278,42.0,Male,Faisalabad,East,Accessories,Wallet,43.62,1,0.0,Cash,Returning,3.2,43.62
ORD104220,2024-09-30,1278,28.0,Female,Rawalpindi,North,Electronics,Smartphone,749.64,2,0.0,Bank Transfer,Returning,4.2,1499.28
ORD104148,2024-09-30,1784,33.0,Female,Islamabad,North,Clothing,Shoes,90.02,2,0.25,Credit Card,Returning,4.0,135.03
ORD103756,2024-10-01,1365,21.0,Male,Faisalabad,East,Accessories,Backpack,53.77,1,0.0,Bank Transfer,Returning,3.0,53.77
ORD103000,2024-10-01,1406,19.0,Male,Peshawar,West,Electronics,Headphones,129.91,2,0.05,Digital Wallet,New,4.2,246.83
ORD104761,2024-10-01,1560,37.0,Male,Rawalpindi,North,Electronics,Laptop,1219.39,3,0.1,Credit Card,New,5.0,3292.35
ORD102680,2024-10-01,1741,28.0,Male,Faisalabad,East,Electronics,Headphones,120.52,3,0.1,Bank Transfer,VIP,5.0,325.4
ORD101359,2024-10-01,1328,31.0,Female,Karachi,South,Electronics,Mouse,34.31,2,0.2,,New,4.2,54.9
ORD101697,2024-10-01,1689,48.0,Male,Rawalpindi,North,Clothing,T-Shirt,30.16,2,0.1,Credit Card,New,4.2,54.29
ORD102492,2024-10-02,1548,30.0,Male,Peshawar,West,Electronics,Monitor,288.95,1,0.2,Credit Card,VIP,3.8,231.16
ORD104394,2024-10-02,1359,33.0,Male,Quetta,West,Accessories,Backpack,55.66,4,0.25,Digital Wallet,VIP,2.2,166.98
ORD103542,2024-10-02,1618,18.0,Female,Islamabad,North,Electronics,Headphones,116.78,6,0.1,Digital Wallet,New,4.4,630.61
ORD103753,2024-10-02,1489,57.0,Male,Faisalabad,East,Electronics,Smartphone,689.8,1,0.0,Credit Card,Returning,2.5,689.8
ORD101324,2024-10-02,1144,54.0,Female,Islamabad,North,Clothing,Jacket,108.44,1,0.0,Digital Wallet,Returning,3.4,108.44
ORD100548,2024-10-02,1258,30.0,Male,Karachi,South,Clothing,Shoes,83.22,8,0.1,Debit Card,Returning,5.0,599.18
ORD100384,2024-10-02,1280,18.0,Male,Rawalpindi,North,Clothing,T-Shirt,28.97,2,0.0,Credit Card,New,3.1,57.94
ORD104462,2024-10-02,1280,38.0,Male,Multan,South,Clothing,Jeans,59.92,2,0.1,Cash,New,3.4,107.86
ORD100236,2024-10-02,1642,46.0,Female,Faisalabad,East,Electronics,Tablet,502.86,3,0.05,Digital Wallet,New,3.4,1433.15
ORD100397,2024-10-02,1323,40.0,Female,Multan,South,Clothing,Jeans,64.76,1,0.2,Credit Card,Returning,4.2,51.81
ORD100285,2024-10-02,1641,20.0,Male,Lahore,East,Accessories,Backpack,55.96,1,0.1,Debit Card,New,3.7,50.36
ORD100312,2024-10-03,1152,37.0,Male,Peshawar,West,Clothing,T-Shirt,28.24,4,0.0,Debit Card,New,3.0,112.96
ORD102979,2024-10-03,1583,50.0,Female,Multan,South,Accessories,Wallet,39.65,2,0.25,Credit Card,New,3.2,59.47
ORD103176,2024-10-03,1344,47.0,Male,Lahore,East,Electronics,Tablet,533.36,2,0.1,Debit Card,Returning,5.0,960.05
ORD103741,2024-10-04,1797,38.0,Female,Lahore,East,Clothing,Jeans,63.99,2,0.0,Bank Transfer,Returning,3.1,127.98
ORD101488,2024-10-04,1113,20.0,Female,Quetta,West,Accessories,Sunglasses,72.85,4,0.3,Cash,Returning,3.1,203.98
ORD102108,2024-10-04,1375,18.0,Male,Lahore,East,Electronics,Headphones,111.64,5,0.25,Digital Wallet,New,2.6,418.65
ORD101437,2024-10-04,1666,57.0,Female,Islamabad,North,Clothing,T-Shirt,30.55,6,0.05,Digital Wallet,New,4.1,174.14
ORD103815,2024-10-04,1558,32.0,Female,Peshawar,West,Clothing,Shoes,85.47,4,0.25,Debit Card,New,3.1,256.41
ORD101095,2024-10-04,1259,20.0,Male,Islamabad,North,Electronics,Laptop,1098.29,6,0.0,Digital Wallet,VIP,3.7,6589.74
ORD100803,2024-10-04,1146,51.0,Female,Islamabad,North,Electronics,Laptop,1181.33,3,0.3,Credit Card,New,3.4,2480.79
ORD104363,2024-10-04,1567,25.0,Female,Faisalabad,East,Electronics,Headphones,133.94,4,0.15,Credit Card,New,4.1,455.4
ORD102509,2024-10-04,1656,32.0,Female,Lahore,East,Clothing,Shoes,94.55,1,0.25,Debit Card,Returning,5.0,70.91
ORD102214,2024-10-04,1669,22.0,Male,Faisalabad,East,Electronics,Smartphone,703.18,2,0.0,Cash,New,3.9,1406.36
ORD102267,2024-10-05,1482,38.0,Male,Multan,South,Electronics,Laptop,1190.11,3,0.15,Digital Wallet,New,2.8,3034.78
ORD102681,2024-10-05,1598,32.0,Male,Rawalpindi,North,Accessories,Sunglasses,78.44,2,0.15,Credit Card,New,5.0,133.35
ORD100558,2024-10-05,1427,38.0,Male,Quetta,West,Clothing,Shoes,86.81,1,0.0,Debit Card,New,3.3,86.81
ORD103044,2024-10-05,1138,38.0,Female,Islamabad,North,Electronics,Smartphone,723.09,3,0.1,Debit Card,Returning,3.9,1952.34
ORD103104,2024-10-05,1250,34.0,Female,Quetta,West,Accessories,Wallet,42.43,2,0.1,Credit Card,New,5.0,76.37
ORD104024,2024-10-05,1668,32.0,Male,Peshawar,West,Clothing,Shoes,106.41,2,0.15,Credit Card,New,4.1,180.9
ORD104237,2024-10-06,1693,28.0,Male,Karachi,South,Electronics,Monitor,300.63,1,0.15,Cash,VIP,3.6,255.54
ORD101215,2024-10-06,1660,24.0,Male,Quetta,West,Clothing,Jeans,68.16,2,0.1,Digital Wallet,VIP,4.3,122.69
ORD104007,2024-10-06,1716,36.0,Male,Islamabad,North,Electronics,Smartwatch,222.4,3,0.0,Credit Card,New,3.8,667.2
ORD104212,2024-10-06,1631,27.0,Male,Multan,South,Clothing,T-Shirt,31.52,1,0.25,Credit Card,Returning,4.1,23.64
ORD103353,2024-10-07,1442,30.0,Male,Multan,South,Electronics,Keyboard,68.83,1,0.2,Credit Card,VIP,3.5,55.06
ORD102803,2024-10-07,1220,30.0,Female,Lahore,East,Electronics,Tablet,486.87,3,0.25,Credit Card,VIP,2.5,1095.46
ORD103755,2024-10-07,1674,30.0,Male,Faisalabad,East,Clothing,Shoes,96.58,1,0.05,Digital Wallet,Returning,4.1,91.75
ORD104358,2024-10-07,1171,34.0,Male,Peshawar,West,Electronics,Mouse,32.55,8,0.0,Credit Card,Returning,3.5,260.4
ORD100974,2024-10-07,1216,41.0,Male,Quetta,West,Electronics,Smartphone,712.12,2,0.0,Debit Card,Returning,4.0,1424.24
ORD101066,2024-10-07,1606,18.0,Male,Quetta,West,Electronics,Laptop,1209.22,1,0.0,Credit Card,New,4.1,1209.22
ORD104254,2024-10-08,1686,25.0,Male,Rawalpindi,North,Electronics,Headphones,128.82,6,0.0,Debit Card,Returning,3.4,772.92
ORD103782,2024-10-08,1273,49.0,Male,Quetta,West,Electronics,Laptop,1141.3,2,0.15,Bank Transfer,Returning,4.0,1940.21
ORD102479,2024-10-08,1130,25.0,Male,Quetta,West,Electronics,Keyboard,71.66,1,0.1,Credit Card,Returning,5.0,64.49
ORD100702,2024-10-08,1091,31.0,Female,Lahore,East,Electronics,Tablet,480.5,3,0.1,Cash,New,3.6,1297.35
ORD100030,2024-10-08,1314,38.0,Male,Multan,South,Accessories,Wallet,47.01,2,0.0,Bank Transfer,New,3.1,94.02
ORD100718,2024-10-08,1001,43.0,Male,Karachi,South,Electronics,Keyboard,73.13,1,0.15,Digital Wallet,New,4.7,62.16
ORD102710,2024-10-08,1395,51.0,Female,Rawalpindi,North,Electronics,Monitor,308.53,3,0.0,Debit Card,New,5.0,925.59
ORD100709,2024-10-09,1653,18.0,Female,Multan,South,Electronics,Tablet,474.96,1,0.3,Bank Transfer,New,3.2,332.47
ORD101466,2024-10-09,1455,22.0,Male,Lahore,East,Clothing,Jeans,62.89,1,0.15,Credit Card,New,3.7,53.46
ORD103463,2024-10-09,1482,21.0,Male,Karachi,South,Electronics,Smartphone,788.55,1,0.0,Bank Transfer,New,4.8,788.55
ORD102124,2024-10-09,1163,51.0,Male,Rawalpindi,North,Accessories,Backpack,59.1,1,0.2,Digital Wallet,Returning,3.9,47.28
ORD103900,2024-10-09,1549,32.0,Male,Karachi,South,Clothing,Jeans,66.99,3,0.0,Bank Transfer,New,3.3,200.97
ORD101179,2024-10-09,1231,48.0,Male,Rawalpindi,North,Electronics,Smartphone,784.92,1,0.2,Credit Card,New,3.6,627.94
ORD104210,2024-10-09,1104,48.0,Male,Islamabad,North,Electronics,Monitor,315.91,1,0.15,Debit Card,Returning,3.2,268.52
ORD101991,2024-10-09,1686,36.0,Male,Faisalabad,East,Clothing,Shoes,90.59,3,0.1,Digital Wallet,Returning,2.4,244.59
ORD101025,2024-10-09,1425,29.0,Female,Multan,South,Clothing,T-Shirt,27.75,3,0.1,Debit Card,Returning,5.0,74.92
ORD104069,2024-10-09,1304,33.0,Female,Quetta,West,Clothing,Jacket,109.39,1,0.1,Credit Card,New,2.9,98.45
ORD102637,2024-10-09,1690,35.0,Male,Lahore,East,Electronics,Tablet,547.63,7,0.1,Credit Card,New,4.3,3450.07
ORD103010,2024-10-09,1685,47.0,Male,Faisalabad,East,Electronics,Mouse,37.4,1,0.05,Debit Card,Returning,3.1,35.53
ORD100893,2024-10-10,1133,24.0,Female,Quetta,West,Clothing,Shoes,89.72,2,0.05,Digital Wallet,VIP,3.9,170.47
ORD102129,2024-10-10,1460,29.0,Male,Islamabad,North,Electronics,Keyboard,65.91,2,0.0,Debit Card,Returning,3.8,131.82
ORD102767,2024-10-10,1505,39.0,Female,Quetta,West,Electronics,Keyboard,65.06,2,0.25,Digital Wallet,New,4.9,97.59
ORD104306,2024-10-10,1252,60.0,Female,Quetta,West,Electronics,Smartwatch,207.03,3,0.25,Debit Card,Returning,3.7,465.82
ORD102333,2024-10-10,1334,46.0,Female,Multan,South,Accessories,Sunglasses,70.29,3,0.2,Credit Card,New,3.8,168.7
ORD101962,2024-10-10,1392,34.0,Female,Peshawar,West,Clothing,T-Shirt,29.35,2,0.1,Debit Card,New,4.3,52.83
ORD104457,2024-10-10,1475,43.0,Female,Faisalabad,East,Electronics,Mouse,31.86,1,0.15,Bank Transfer,New,3.5,27.08
ORD103031,2024-10-11,1047,39.0,Female,Islamabad,North,Electronics,Monitor,311.81,1,0.0,Debit Card,New,4.4,311.81
ORD101208,2024-10-11,1095,25.0,Male,Quetta,West,Electronics,Monitor,290.16,1,0.0,Credit Card,New,3.6,290.16
ORD101952,2024-10-11,1366,32.0,Female,Karachi,South,Electronics,Smartphone,677.92,2,0.1,Debit Card,VIP,2.8,1220.26
ORD104917,2024-10-11,1444,18.0,Male,Quetta,West,Electronics,Mouse,36.71,3,0.05,Bank Transfer,New,3.0,104.62
ORD103588,2024-10-11,1689,42.0,Male,Peshawar,West,Electronics,Smartphone,705.52,7,0.1,Digital Wallet,New,4.0,4444.78
ORD101064,2024-10-11,1646,48.0,Male,Lahore,East,Electronics,Smartphone,762.99,3,0.05,Debit Card,New,3.5,2174.52
ORD102471,2024-10-12,1230,24.0,Male,Faisalabad,East,Accessories,Sunglasses,75.06,8,0.3,Credit Card,New,5.0,420.34
ORD104249,2024-10-12,1700,30.0,Female,Rawalpindi,North,Electronics,Mouse,38.41,4,0.25,Debit Card,New,3.7,115.23
ORD100574,2024-10-12,1035,45.0,Female,Peshawar,West,Electronics,Monitor,318.62,3,0.1,Credit Card,VIP,4.0,860.27
ORD103716,2024-10-12,1772,49.0,Female,Rawalpindi,North,Electronics,Keyboard,69.88,2,0.0,Digital Wallet,Returning,3.8,139.76
ORD102192,2024-10-12,1306,29.0,Female,Karachi,South,Accessories,Backpack,60.51,3,0.3,Credit Card,New,3.9,127.07
ORD104890,2024-10-12,1214,38.0,Female,Quetta,West,Clothing,Shoes,88.1,5,0.1,Bank Transfer,Returning,2.9,396.45
ORD101826,2024-10-13,1335,18.0,Male,Lahore,East,Electronics,Keyboard,67.23,4,0.05,Bank Transfer,VIP,3.4,255.47
ORD100691,2024-10-13,1327,36.0,Male,Karachi,South,Electronics,Smartphone,822.23,1,0.3,Credit Card,New,4.8,575.56
ORD104845,2024-10-13,1686,51.0,Male,Multan,South,Clothing,T-Shirt,31.12,4,0.15,Debit Card,VIP,2.7,105.81
ORD101272,2024-10-13,1602,27.0,Male,Islamabad,North,Clothing,Jacket,110.55,4,0.2,Debit Card,New,2.8,353.76
ORD102303,2024-10-13,1665,64.0,Female,Lahore,East,Clothing,Jeans,64.13,6,0.0,Bank Transfer,New,4.4,384.78
ORD100896,2024-10-13,1184,21.0,Female,Rawalpindi,North,Accessories,Backpack,51.17,4,0.1,Cash,Returning,2.9,184.21
ORD100537,2024-10-13,1762,31.0,Male,Islamabad,North,Clothing,Jeans,65.4,4,0.2,Digital Wallet,New,2.9,209.28
ORD101115,2024-10-14,1095,19.0,Female,Rawalpindi,North,Electronics,Tablet,539.18,2,0.15,Credit Card,New,2.9,916.61
ORD103048,2024-10-14,1625,37.0,Male,Islamabad,North,Electronics,Mouse,34.73,1,0.15,Credit Card,Returning,4.7,29.52
ORD100668,2024-10-14,1253,30.0,Female,Islamabad,North,Electronics,Laptop,1204.8,5,0.1,Debit Card,New,2.1,5421.6
ORD104067,2024-10-14,1101,45.0,Female,Lahore,East,Electronics,Tablet,442.86,2,0.05,Credit Card,Returning,5.0,841.43
ORD100304,2024-10-14,1160,33.0,Female,Rawalpindi,North,Clothing,T-Shirt,28.16,2,0.05,Debit Card,Returning,5.0,53.5
ORD101088,2024-10-14,1001,36.0,Female,Peshawar,West,Electronics,Laptop,1150.85,3,0.1,Digital Wallet,Returning,3.4,3107.29
ORD104104,2024-10-14,1540,34.0,Male,Lahore,East,Clothing,T-Shirt,33.17,1,0.15,Debit Card,New,2.5,28.19
ORD100928,2024-10-14,1051,45.0,Male,Peshawar,West,Accessories,Sunglasses,78.92,3,0.0,Digital Wallet,Returning,3.9,236.76
ORD103271,2024-10-15,1533,55.0,Male,Lahore,East,Accessories,Backpack,56.08,3,0.3,Bank Transfer,VIP,5.0,117.77
ORD100011,2024-10-15,1215,37.0,Male,Lahore,East,Clothing,Jacket,107.75,1,0.0,Debit Card,New,2.0,107.75
ORD104342,2024-10-15,1593,36.0,Male,Rawalpindi,North,Electronics,Smartphone,780.29,1,0.0,Digital Wallet,New,5.0,780.29
ORD103676,2024-10-15,1380,51.0,Female,Faisalabad,East,Electronics,Monitor,303.21,1,0.05,Bank Transfer,New,3.1,288.05
ORD104773,2024-10-15,1164,33.0,Female,Karachi,South,Electronics,Smartwatch,220.26,1,0.1,Debit Card,Returning,2.6,198.23
ORD101701,2024-10-15,1753,28.0,Female,Multan,South,Accessories,Sunglasses,79.84,8,0.05,Digital Wallet,VIP,4.2,606.78
ORD102651,2024-10-15,1400,27.0,Male,Faisalabad,East,Electronics,Keyboard,79.26,4,0.0,Cash,Returning,3.7,317.04
ORD104496,2024-10-15,1691,34.0,Female,Multan,South,Electronics,Headphones,111.74,3,0.15,Digital Wallet,New,3.8,284.94
ORD104612,2024-10-16,1390,26.0,Female,Peshawar,West,Electronics,Mouse,33.48,4,0.1,Credit Card,New,3.2,120.53
ORD104283,2024-10-16,1223,43.0,Female,Faisalabad,East,Electronics,Mouse,34.25,1,0.0,Credit Card,Returning,4.5,34.25
ORD104213,2024-10-16,1645,,Male,Islamabad,North,Clothing,Jeans,58.74,2,0.3,Credit Card,Returning,4.2,82.24
ORD104666,2024-10-16,1679,18.0,Male,Multan,South,Electronics,Mouse,34.96,2,0.0,Digital Wallet,Returning,3.6,69.92
ORD104876,2024-10-16,1252,45.0,Male,Peshawar,West,Electronics,Tablet,484.45,2,0.05,Credit Card,New,3.1,920.46
ORD101462,2024-10-17,1168,31.0,Female,Islamabad,North,Clothing,T-Shirt,28.74,8,0.1,Cash,VIP,5.0,206.93
ORD103966,2024-10-17,1403,38.0,Female,Islamabad,North,Electronics,Headphones,125.1,2,0.05,Credit Card,Returning,3.5,237.69
ORD101280,2024-10-17,1640,35.0,Male,Islamabad,North,Electronics,Monitor,272.35,3,0.2,Debit Card,New,3.3,653.64
ORD100950,2024-10-17,1121,42.0,Male,Faisalabad,East,Accessories,Backpack,51.46,4,0.05,Cash,Returning,3.5,195.55
ORD103349,2024-10-17,1640,46.0,Female,Rawalpindi,North,Electronics,Tablet,495.83,3,0.0,Digital Wallet,Returning,3.1,1487.49
ORD102077,2024-10-17,1250,38.0,Female,Faisalabad,East,Accessories,Wallet,43.11,2,0.3,Cash,Returning,4.8,60.35
ORD104447,2024-10-18,1109,42.0,Female,Faisalabad,East,Accessories,Backpack,53.86,7,0.0,Credit Card,New,4.9,377.02
ORD104893,2024-10-18,1573,18.0,Male,Lahore,East,Electronics,Keyboard,77.7,1,0.0,Digital Wallet,New,2.5,77.7
ORD101464,2024-10-18,1268,29.0,Male,Islamabad,North,Accessories,Wallet,47.81,2,0.15,Credit Card,New,3.1,81.28
ORD103573,2024-10-18,1268,22.0,Female,Islamabad,North,Electronics,Mouse,33.52,8,0.0,Credit Card,Returning,2.7,268.16
ORD100086,2024-10-18,1270,47.0,Male,Quetta,West,Clothing,Shoes,92.86,3,0.0,Digital Wallet,Returning,2.8,278.58
ORD102341,2024-10-18,1291,27.0,Female,Islamabad,North,Electronics,Keyboard,54.65,1,0.0,Cash,Returning,4.7,54.65
ORD104835,2024-10-18,1650,22.0,Male,Faisalabad,East,Clothing,Jeans,61.92,4,0.2,Bank Transfer,New,5.0,198.14
ORD104256,2024-10-19,1794,42.0,Female,Lahore,East,Electronics,Headphones,120.51,2,0.1,Digital Wallet,New,3.3,216.92
ORD104638,2024-10-19,1179,39.0,Male,Islamabad,North,Electronics,Smartwatch,228.19,1,0.1,Digital Wallet,Returning,5.0,205.37
ORD100655,2024-10-19,1223,52.0,Female,Faisalabad,East,Electronics,Headphones,124.77,3,0.3,Debit Card,Returning,4.4,262.02
ORD103863,2024-10-19,1720,32.0,Male,Faisalabad,East,Electronics,Smartphone,734.96,1,0.0,Credit Card,Returning,3.4,734.96
ORD102537,2024-10-19,1481,18.0,Female,Karachi,South,Clothing,Jacket,111.75,1,0.1,Debit Card,Returning,4.4,100.58
ORD101052,2024-10-19,1243,48.0,Male,Rawalpindi,North,Electronics,Tablet,515.79,3,0.0,Digital Wallet,New,3.8,1547.37
ORD104572,2024-10-19,1073,32.0,Female,Karachi,South,Clothing,T-Shirt,29.74,3,0.1,Credit Card,Returning,4.0,80.3
ORD101238,2024-10-20,1106,49.0,Male,Multan,South,Electronics,Headphones,128.75,6,0.0,Credit Card,VIP,4.8,772.5
ORD102610,2024-10-20,1173,49.0,Male,Rawalpindi,North,Electronics,Mouse,39.15,4,0.2,Digital Wallet,Returning,3.9,125.28
ORD102208,2024-10-20,1746,18.0,Female,Quetta,West,Electronics,Mouse,33.51,6,0.2,Credit Card,New,3.9,160.85
ORD102838,2024-10-20,1783,26.0,Male,Rawalpindi,North,Clothing,Shoes,95.07,1,0.1,Digital Wallet,VIP,5.0,85.56
ORD100743,2024-10-20,1532,36.0,Male,Multan,South,Accessories,Wallet,41.0,4,0.0,Digital Wallet,New,3.5,164.0
ORD101715,2024-10-20,1329,18.0,Male,Multan,South,Clothing,Jacket,94.03,5,0.0,Credit Card,Returning,4.2,470.15
ORD102623,2024-10-20,1043,39.0,Female,Quetta,West,Electronics,Headphones,112.83,1,0.15,Credit Card,Returning,3.5,95.91
ORD101590,2024-10-20,1615,49.0,Female,Rawalpindi,North,Clothing,Jeans,63.79,2,0.25,Digital Wallet,New,3.5,95.68
ORD104915,2024-10-21,1196,47.0,Female,Karachi,South,Electronics,Tablet,477.76,2,0.1,Credit Card,New,4.4,859.97
ORD102149,2024-10-21,1313,44.0,Male,Lahore,East,Electronics,Smartphone,791.13,4,0.0,Debit Card,Returning,4.0,3164.52
ORD104630,2024-10-21,1313,37.0,Female,Multan,South,Clothing,Shoes,90.33,4,0.1,Bank Transfer,VIP,3.9,325.19
ORD104161,2024-10-21,1745,19.0,Female,Karachi,South,Electronics,Monitor,309.36,5,0.1,Digital Wallet,New,3.7,1392.12
ORD100028,2024-10-21,1161,34.0,Male,Faisalabad,East,Electronics,Mouse,36.37,3,0.2,Bank Transfer,Returning,3.1,87.29
ORD101148,2024-10-22,1296,27.0,Male,Lahore,East,Electronics,Mouse,36.42,7,0.15,Digital Wallet,New,4.7,216.7
ORD100406,2024-10-22,1792,31.0,Male,Quetta,West,Electronics,Smartwatch,222.38,4,0.1,Digital Wallet,Returning,4.7,800.57
ORD101765,2024-10-22,1336,36.0,Female,Peshawar,West,Accessories,Wallet,47.41,1,0.1,Digital Wallet,VIP,5.0,42.67
ORD100357,2024-10-22,1776,38.0,Male,Islamabad,North,Electronics,Keyboard,73.53,3,0.05,Bank Transfer,New,3.6,209.56
ORD102161,2024-10-22,1156,28.0,Male,Quetta,West,Electronics,Mouse,34.2,5,0.15,Debit Card,Returning,4.9,145.35
ORD100339,2024-10-22,1392,33.0,Male,Faisalabad,East,Electronics,Keyboard,60.33,4,0.05,Bank Transfer,Returning,4.8,229.25
ORD103191,2024-10-22,1214,37.0,Male,Karachi,South,Electronics,Tablet,482.56,1,0.2,Cash,Returning,3.8,386.05
ORD102937,2024-10-22,1013,30.0,Male,Islamabad,North,Accessories,Wallet,43.29,3,0.05,Credit Card,Returning,3.6,123.38
ORD102912,2024-10-23,1281,28.0,Female,Faisalabad,East,Clothing,T-Shirt,30.44,3,0.1,Credit Card,Returning,4.5,82.19
ORD103606,2024-10-23,1655,31.0,Male,Rawalpindi,North,Accessories,Sunglasses,78.46,4,0.2,Credit Card,Returning,3.7,251.07
ORD101779,2024-10-23,1191,32.0,Female,Multan,South,Electronics,Headphones,127.97,2,0.1,Digital Wallet,VIP,4.7,230.35
ORD103861,2024-10-23,1701,32.0,Female,Quetta,West,Clothing,T-Shirt,30.57,8,0.1,Bank Transfer,New,4.0,220.1
ORD104690,2024-10-23,1574,43.0,Male,Islamabad,North,Clothing,T-Shirt,32.37,4,0.0,Digital Wallet,Returning,4.4,129.48
ORD103526,2024-10-23,1432,35.0,Male,Multan,South,Clothing,Shoes,88.7,1,0.2,Credit Card,New,3.5,70.96
ORD102636,2024-10-24,1779,58.0,Male,Faisalabad,East,Clothing,Shoes,91.06,1,0.2,Credit Card,Returning,4.1,72.85
ORD101166,2024-10-24,1198,19.0,Female,Islamabad,North,Electronics,Mouse,34.08,1,0.0,Credit Card,New,4.5,34.08
ORD101019,2024-10-24,1623,24.0,Male,Karachi,South,Clothing,T-Shirt,30.92,5,0.0,Credit Card,New,5.0,154.6
ORD102000,2024-10-24,1774,33.0,Female,Multan,South,Electronics,Keyboard,73.77,2,0.0,Debit Card,Returning,4.8,147.54
ORD102173,2024-10-24,1001,22.0,Male,Rawalpindi,North,Clothing,Jeans,67.36,1,0.0,Digital Wallet,VIP,4.4,67.36
ORD101871,2024-10-24,1039,33.0,Male,Faisalabad,East,Clothing,T-Shirt,27.52,3,0.1,Bank Transfer,Returning,3.1,74.3
ORD104347,2024-10-24,1093,24.0,Female,Rawalpindi,North,Clothing,T-Shirt,30.1,1,0.2,Debit Card,Returning,4.2,24.08
ORD101343,2024-10-25,1778,26.0,Female,Multan,South,Clothing,Shoes,96.9,3,0.3,Digital Wallet,Returning,3.7,203.49
ORD103878,2024-10-25,1547,29.0,Female,Rawalpindi,North,Electronics,Smartphone,726.35,2,0.15,Credit Card,VIP,4.1,1234.8
ORD104479,2024-10-25,1181,44.0,Female,Faisalabad,East,Electronics,Smartwatch,235.33,2,0.2,Digital Wallet,New,3.9,376.53
ORD103519,2024-10-25,1441,26.0,Male,Peshawar,West,Electronics,Headphones,123.13,2,0.0,Bank Transfer,New,4.3,246.26
ORD100238,2024-10-25,1566,43.0,Female,Faisalabad,East,Clothing,T-Shirt,27.17,2,0.1,Debit Card,New,5.0,48.91
ORD100662,2024-10-25,1658,38.0,Male,Faisalabad,East,Electronics,Smartphone,754.75,2,0.15,Credit Card,Returning,3.9,1283.08
ORD104955,2024-10-25,1726,35.0,Female,Islamabad,North,Clothing,Jacket,125.87,4,0.05,Credit Card,New,5.0,478.31
ORD101096,2024-10-26,1673,50.0,Male,Multan,South,Clothing,Jacket,112.0,1,0.0,Credit Card,Returning,3.4,112.0
ORD103695,2024-10-26,1475,18.0,Female,Peshawar,West,Accessories,Backpack,56.57,2,0.1,Credit Card,Returning,3.6,101.83
ORD102759,2024-10-26,1467,26.0,Male,Islamabad,North,Clothing,T-Shirt,31.56,2,0.0,Digital Wallet,Returning,4.6,63.12
ORD103285,2024-10-26,1353,18.0,Male,Lahore,East,Electronics,Smartphone,834.92,1,0.3,Debit Card,New,4.3,584.44
ORD102901,2024-10-26,1353,40.0,Female,Islamabad,North,Electronics,Mouse,33.82,2,0.05,Credit Card,VIP,4.4,64.26
ORD100171,2024-10-26,1036,30.0,Male,Rawalpindi,North,Accessories,Backpack,53.36,4,0.3,Credit Card,Returning,1.9,149.41
ORD102462,2024-10-27,1781,63.0,Female,Quetta,West,Electronics,Headphones,126.09,2,0.05,Digital Wallet,VIP,4.0,239.57
ORD103301,2024-10-27,1572,31.0,Female,Lahore,East,Electronics,Smartwatch,212.03,2,0.05,Debit Card,New,4.8,402.86
ORD104827,2024-10-28,1314,18.0,Male,Rawalpindi,North,Clothing,T-Shirt,31.05,1,0.0,Credit Card,VIP,5.0,31.05
ORD104362,2024-10-28,1322,25.0,Female,Faisalabad,East,Clothing,Shoes,89.42,3,0.3,Cash,New,4.4,187.78
ORD103917,2024-10-28,1260,25.0,Male,Karachi,South,Electronics,Tablet,488.9,6,0.1,Bank Transfer,Returning,4.1,2640.06
ORD103421,2024-10-28,1673,35.0,Male,Karachi,South,Electronics,Tablet,500.74,6,0.25,Cash,New,3.9,2253.33
ORD101123,2024-10-28,1588,43.0,Male,Karachi,South,Electronics,Headphones,125.14,2,0.05,Cash,New,3.8,237.77
ORD102435,2024-10-28,1374,23.0,Female,Multan,South,Clothing,Shoes,90.6,4,0.15,Digital Wallet,New,3.9,308.04
ORD100436,2024-10-28,1143,30.0,Female,Peshawar,West,Electronics,Monitor,309.0,3,0.1,Digital Wallet,New,3.2,834.3
ORD100746,2024-10-28,1047,46.0,Male,Lahore,East,Clothing,Shoes,82.65,1,0.3,Debit Card,New,3.4,57.86
ORD104396,2024-10-28,1718,22.0,Female,Islamabad,North,Clothing,Jeans,65.76,6,0.15,Digital Wallet,New,4.4,335.38
ORD104370,2024-10-28,1451,31.0,Female,Rawalpindi,North,Electronics,Smartphone,697.18,5,0.1,Digital Wallet,New,4.0,3137.31
ORD101170,2024-10-29,1179,24.0,Male,Peshawar,West,Electronics,Smartphone,755.84,2,0.0,Credit Card,Returning,5.0,1511.68
ORD101749,2024-10-29,1040,47.0,Male,Faisalabad,East,Clothing,T-Shirt,32.86,3,0.15,Debit Card,New,4.0,83.79
ORD100752,2024-10-29,1513,39.0,Male,Multan,South,Electronics,Headphones,115.29,7,0.2,Debit Card,Returning,4.4,645.62
ORD104624,2024-10-29,1452,18.0,Male,Islamabad,North,Electronics,Tablet,514.47,2,0.15,Debit Card,Returning,4.2,874.6
ORD104287,2024-10-30,1093,18.0,Male,Multan,South,Clothing,Shoes,86.37,2,0.05,Credit Card,Returning,2.9,164.1
ORD102488,2024-10-30,1116,18.0,Female,Quetta,West,Electronics,Monitor,306.35,1,0.2,Cash,Returning,3.7,245.08
ORD101482,2024-10-30,1149,52.0,Male,Faisalabad,East,Electronics,Tablet,459.09,1,0.1,Bank Transfer,Returning,3.8,413.18
ORD101018,2024-10-30,1034,34.0,Male,Peshawar,West,Clothing,T-Shirt,32.58,3,0.0,Debit Card,New,2.9,97.74
ORD100254,2024-10-30,1184,18.0,Male,Multan,South,Electronics,Mouse,32.89,3,0.0,Bank Transfer,Returning,4.3,98.67
ORD103892,2024-10-30,1542,40.0,Female,Multan,South,Clothing,T-Shirt,29.64,1,0.1,Bank Transfer,Returning,2.8,26.68
ORD101930,2024-10-31,1206,26.0,Male,Peshawar,West,Electronics,Headphones,119.08,1,0.3,Bank Transfer,Returning,3.6,83.36
ORD104247,2024-10-31,1216,58.0,Male,Quetta,West,Clothing,T-Shirt,28.46,2,0.05,Credit Card,New,3.6,54.07
ORD104008,2024-10-31,1561,41.0,Male,Rawalpindi,North,Clothing,Jacket,106.19,1,0.25,Digital Wallet,New,3.8,79.64
ORD100035,2024-10-31,1475,18.0,Female,Faisalabad,East,Electronics,Keyboard,66.39,2,0.1,Bank Transfer,New,2.1,119.5
ORD101392,2024-10-31,1285,37.0,Female,Peshawar,West,Electronics,Keyboard,70.18,2,0.1,Debit Card,New,4.8,126.32
ORD102079,2024-11-01,1512,27.0,Female,Faisalabad,East,Clothing,Jeans,63.61,2,0.1,Credit Card,New,4.0,114.5
ORD101626,2024-11-01,1608,44.0,Male,Peshawar,West,Clothing,T-Shirt,31.24,1,0.15,Cash,New,3.9,26.55
ORD102943,2024-11-01,1314,18.0,Male,Rawalpindi,North,Electronics,Mouse,35.07,1,0.15,Digital Wallet,Returning,3.6,29.81
ORD102601,2024-11-01,1483,20.0,Female,Faisalabad,East,Clothing,Shoes,93.88,5,0.1,Debit Card,New,3.8,422.46
ORD101446,2024-11-01,1042,37.0,Male,Faisalabad,East,Electronics,Monitor,276.07,5,0.05,Bank Transfer,New,4.7,1311.33
ORD101133,2024-11-01,1798,18.0,Female,Islamabad,North,Accessories,Backpack,53.6,2,0.05,Digital Wallet,Returning,3.1,101.84
ORD102579,2024-11-02,1399,18.0,Male,Multan,South,Accessories,Wallet,47.09,1,0.3,Digital Wallet,New,3.1,32.96
ORD102789,2024-11-02,1540,23.0,Male,Faisalabad,East,Clothing,Jacket,117.8,4,0.05,Bank Transfer,Returning,3.2,447.64
ORD103033,2024-11-02,1710,58.0,Female,Rawalpindi,North,Electronics,Headphones,128.97,3,0.2,Cash,New,3.6,309.53
ORD102799,2024-11-02,1138,47.0,Female,Karachi,South,Electronics,Laptop,1253.26,1,0.1,Debit Card,Returning,4.1,1127.93
ORD103562,2024-11-02,1127,30.0,Female,Lahore,East,Accessories,Sunglasses,80.7,1,0.1,Cash,New,2.1,72.63
ORD100534,2024-11-03,1100,18.0,Male,Multan,South,Clothing,T-Shirt,28.33,2,0.15,Digital Wallet,New,4.1,48.16
ORD102432,2024-11-03,1597,26.0,Female,Multan,South,Electronics,Tablet,531.93,3,0.15,Credit Card,New,2.8,1356.42
ORD100599,2024-11-03,1689,48.0,Female,Karachi,South,Accessories,Backpack,52.71,4,0.05,Digital Wallet,New,2.9,200.3
ORD100666,2024-11-03,1074,34.0,Male,Karachi,South,Electronics,Tablet,534.81,4,0.15,Debit Card,New,4.2,1818.35
ORD104937,2024-11-03,1314,29.0,Male,Lahore,East,Clothing,Shoes,84.43,2,0.25,Digital Wallet,New,5.0,126.65
ORD101880,2024-11-03,1022,35.0,Male,Islamabad,North,Clothing,Shoes,90.74,1,0.05,Credit Card,Returning,4.7,86.2
ORD104381,2024-11-03,1499,40.0,Female,Rawalpindi,North,Electronics,Laptop,1239.59,2,0.0,Credit Card,New,3.1,2479.18
ORD100386,2024-11-04,1497,37.0,Female,Multan,South,Accessories,Wallet,43.55,7,0.15,Bank Transfer,Returning,4.5,259.12
ORD102588,2024-11-04,1266,43.0,Female,Faisalabad,East,Electronics,Mouse,35.27,5,0.2,Debit Card,Returning,3.7,141.08
ORD101683,2024-11-04,1366,42.0,Female,Quetta,West,Clothing,T-Shirt,29.3,3,0.0,Debit Card,New,3.1,87.9
ORD102666,2024-11-04,1231,30.0,Male,Peshawar,West,Electronics,Headphones,112.39,2,0.15,Digital Wallet,New,4.6,191.06
ORD104242,2024-11-04,1491,49.0,Female,Multan,South,Clothing,T-Shirt,28.34,3,0.1,Credit Card,New,3.7,76.52
ORD102810,2024-11-04,1463,40.0,Male,Peshawar,West,Electronics,Smartphone,737.91,3,0.3,Credit Card,VIP,5.0,1549.61
ORD101262,2024-11-05,1309,18.0,Male,Lahore,East,Electronics,Headphones,113.48,4,0.2,Digital Wallet,New,3.8,363.14
ORD102065,2024-11-05,1404,31.0,Female,Rawalpindi,North,Electronics,Smartwatch,219.33,3,0.05,Credit Card,Returning,4.3,625.09
ORD102683,2024-11-05,1510,48.0,Male,Peshawar,West,Accessories,Backpack,57.28,3,0.0,Debit Card,New,2.6,171.84
ORD103553,2024-11-05,1183,39.0,Male,Lahore,East,Clothing,T-Shirt,28.28,1,0.1,Digital Wallet,Returning,4.5,25.45
ORD100499,2024-11-05,1272,34.0,Female,Lahore,East,Electronics,Headphones,118.98,4,0.1,Credit Card,VIP,5.0,428.33
ORD101718,2024-11-05,1610,25.0,Female,Islamabad,North,Clothing,Jeans,63.51,2,0.0,Debit Card,New,2.9,127.02
ORD103186,2024-11-05,1277,25.0,Female,Lahore,East,Electronics,Smartphone,700.73,5,0.0,Bank Transfer,Returning,3.0,3503.65
ORD104356,2024-11-05,1156,51.0,Male,Multan,South,Electronics,Monitor,303.28,5,0.0,Cash,Returning,3.4,1516.4
ORD104897,2024-11-06,1003,47.0,Female,Karachi,South,Electronics,Smartphone,763.68,1,0.0,Digital Wallet,Returning,4.6,763.68
ORD104641,2024-11-06,1464,42.0,Male,Rawalpindi,North,Electronics,Smartwatch,215.89,3,0.2,Credit Card,VIP,3.3,518.14
ORD103107,2024-11-06,1196,18.0,Female,Islamabad,North,Electronics,Headphones,133.89,8,0.15,Credit Card,Returning,4.8,910.45
ORD102875,2024-11-06,1256,41.0,Male,Rawalpindi,North,Clothing,Jacket,102.69,2,0.3,Credit Card,VIP,4.0,143.77
ORD103399,2024-11-06,1275,31.0,Female,Multan,South,Clothing,Jeans,58.19,3,0.0,Debit Card,VIP,4.5,174.57
ORD101063,2024-11-06,1004,39.0,Male,Multan,South,Clothing,Shoes,97.78,4,0.0,Debit Card,New,3.2,391.12
ORD103697,2024-11-06,1395,32.0,Female,Islamabad,North,Accessories,Wallet,39.51,1,0.1,Cash,New,4.3,35.56
ORD100773,2024-11-06,1316,35.0,Male,Multan,South,Electronics,Monitor,286.89,3,0.0,Debit Card,VIP,5.0,860.67
ORD104014,2024-11-06,1096,32.0,Female,Quetta,West,Accessories,Backpack,56.49,1,0.1,Bank Transfer,New,5.0,50.84
ORD101983,2024-11-07,1745,39.0,Male,Multan,South,Clothing,Shoes,92.57,1,0.05,Digital Wallet,New,2.1,87.94
ORD102768,2024-11-07,1087,28.0,Male,Lahore,East,Clothing,Jacket,105.46,1,0.0,Credit Card,Returning,3.9,105.46
ORD103723,2024-11-08,1563,31.0,Female,Multan,South,Clothing,T-Shirt,31.09,3,0.1,Debit Card,New,3.5,83.94
ORD104222,2024-11-08,1529,28.0,Female,Quetta,West,Electronics,Tablet,516.05,1,0.25,Credit Card,Returning,1.9,387.04
ORD101404,2024-11-08,1532,47.0,Female,Rawalpindi,North,Accessories,Wallet,47.72,6,0.2,Credit Card,New,2.6,229.06
ORD103661,2024-11-08,1364,,Female,Quetta,West,Electronics,Tablet,457.29,2,0.2,Credit Card,New,2.7,731.66
ORD100908,2024-11-08,1747,27.0,Male,Karachi,South,Electronics,Headphones,113.46,1,0.05,Bank Transfer,Returning,3.0,107.79
ORD101745,2024-11-08,1688,30.0,Female,Quetta,West,Accessories,Wallet,49.22,4,0.2,Credit Card,Returning,3.2,157.5
ORD104674,2024-11-08,1215,48.0,Female,Quetta,West,Electronics,Keyboard,68.75,1,0.15,Credit Card,VIP,2.6,58.44
ORD100129,2024-11-09,1201,29.0,Male,Peshawar,West,Accessories,Wallet,45.7,8,0.25,Credit Card,Returning,3.5,274.2
ORD104840,2024-11-09,1164,32.0,Male,Rawalpindi,North,Clothing,T-Shirt,28.23,4,0.15,Digital Wallet,New,3.0,95.98
ORD101221,2024-11-09,1023,18.0,Female,Peshawar,West,Clothing,Jeans,64.42,1,0.0,Credit Card,Returning,4.1,64.42
ORD104561,2024-11-09,1407,21.0,Female,Lahore,East,Electronics,Mouse,32.41,1,0.0,Credit Card,New,4.6,32.41
ORD103476,2024-11-09,1559,44.0,Male,Multan,South,Electronics,Smartwatch,227.25,5,0.15,Digital Wallet,Returning,5.0,965.81
ORD100984,2024-11-09,1750,45.0,Female,Islamabad,North,Electronics,Headphones,110.66,1,0.3,Digital Wallet,Returning,3.7,77.46
ORD102301,2024-11-09,1221,25.0,Male,Islamabad,North,Electronics,Keyboard,63.65,1,0.2,Bank Transfer,Returning,4.4,50.92
ORD100038,2024-11-09,1682,31.0,Female,Peshawar,West,Electronics,Smartphone,749.22,2,0.1,Debit Card,Returning,4.4,1348.6
ORD103142,2024-11-09,1490,22.0,Male,Quetta,West,Accessories,Wallet,41.05,5,0.1,Digital Wallet,Returning,4.6,184.72
ORD100133,2024-11-09,1503,45.0,Female,Lahore,East,Electronics,Keyboard,72.59,3,0.15,Credit Card,Returning,5.0,185.1
ORD103304,2024-11-09,1450,36.0,Male,Faisalabad,East,Electronics,Mouse,35.59,4,0.25,Digital Wallet,New,3.0,106.77
ORD104091,2024-11-10,1100,40.0,Female,Peshawar,West,Clothing,T-Shirt,28.92,1,0.05,Digital Wallet,New,4.5,27.47
ORD101644,2024-11-10,1577,40.0,Male,Quetta,West,Clothing,Shoes,87.93,3,0.0,Credit Card,New,4.2,263.79
ORD103007,2024-11-10,1704,35.0,Male,Faisalabad,East,Electronics,Headphones,121.83,2,0.25,Bank Transfer,New,3.5,182.74
ORD100561,2024-11-10,1577,41.0,Male,Islamabad,North,Accessories,Sunglasses,79.24,2,0.1,Credit Card,New,3.2,142.63
ORD103529,2024-11-10,1653,55.0,Female,Peshawar,West,Electronics,Headphones,109.28,1,0.1,Digital Wallet,New,3.3,98.35
ORD100294,2024-11-10,1144,18.0,Male,Quetta,West,Accessories,Sunglasses,70.39,3,0.05,Credit Card,Returning,3.6,200.61
ORD104602,2024-11-10,1701,46.0,Female,Islamabad,North,Electronics,Headphones,127.84,2,0.15,Credit Card,New,4.5,217.33
ORD100956,2024-11-11,1048,32.0,Male,Quetta,West,Electronics,Smartphone,773.45,5,0.05,Debit Card,VIP,4.0,3673.89
ORD104826,2024-11-11,1061,32.0,Female,Multan,South,Electronics,Smartwatch,228.76,2,0.0,Credit Card,VIP,3.0,457.52
ORD101158,2024-11-11,1143,37.0,Male,Multan,South,Accessories,Backpack,54.04,2,0.15,Digital Wallet,New,4.6,91.87
ORD101120,2024-11-11,1376,33.0,Female,Lahore,East,Electronics,Headphones,116.97,6,0.1,Credit Card,VIP,2.9,631.64
ORD102022,2024-11-12,1022,24.0,Female,Rawalpindi,North,Accessories,Wallet,44.04,3,0.25,Digital Wallet,Returning,3.2,99.09
ORD100027,2024-11-12,1277,18.0,Male,Quetta,West,Electronics,Keyboard,63.85,5,0.25,Digital Wallet,Returning,3.9,239.44
ORD101255,2024-11-12,1420,27.0,Female,Faisalabad,East,Electronics,Headphones,129.19,2,0.0,Cash,Returning,4.1,258.38
ORD101372,2024-11-12,1078,,Male,Faisalabad,East,Clothing,Shoes,91.38,1,0.0,Credit Card,Returning,2.6,91.38
ORD100121,2024-11-12,1289,25.0,Female,Rawalpindi,North,Electronics,Smartwatch,214.92,3,0.05,Debit Card,Returning,3.6,612.52
ORD100875,2024-11-12,1764,18.0,Male,Quetta,West,Electronics,Mouse,33.86,3,0.05,Credit Card,New,2.1,96.5
ORD103952,2024-11-12,1215,45.0,Male,Karachi,South,Electronics,Smartwatch,227.76,3,0.05,Debit Card,New,3.7,649.12
ORD100182,2024-11-13,1646,19.0,Male,Peshawar,West,Electronics,Monitor,290.19,1,0.25,Credit Card,New,4.7,217.64
ORD102136,2024-11-13,1707,42.0,Male,Lahore,East,Electronics,Smartwatch,251.26,6,0.1,Debit Card,Returning,4.1,1356.8
ORD104583,2024-11-13,1076,45.0,Female,Islamabad,North,Clothing,Jacket,102.28,1,0.2,Credit Card,Returning,3.9,81.82
ORD102371,2024-11-13,1172,50.0,Female,Multan,South,Electronics,Headphones,117.86,1,0.0,Bank Transfer,Returning,4.8,117.86
ORD103132,2024-11-13,1730,27.0,Female,Peshawar,West,Electronics,Headphones,123.26,2,0.3,Cash,Returning,3.5,172.56
ORD101913,2024-11-13,1605,27.0,Female,Peshawar,West,Clothing,Shoes,88.14,3,0.0,Digital Wallet,New,4.7,264.42
ORD104546,2024-11-13,1102,35.0,Male,Karachi,South,Clothing,Shoes,85.97,2,0.15,Debit Card,VIP,4.1,146.15
ORD104781,2024-11-14,1800,18.0,Female,Karachi,South,Clothing,Jeans,68.05,5,0.15,Digital Wallet,Returning,4.1,289.21
ORD101646,2024-11-14,1003,33.0,Male,Lahore,East,Accessories,Sunglasses,80.08,2,0.1,Debit Card,Returning,4.6,144.14
ORD104111,2024-11-15,1235,31.0,Female,Peshawar,West,Electronics,Smartwatch,227.13,5,0.25,Debit Card,Returning,3.7,851.74
ORD101432,2024-11-15,1758,38.0,Female,Islamabad,North,Electronics,Laptop,1308.8,1,0.3,Credit Card,New,2.3,916.16
ORD103653,2024-11-15,1420,43.0,Female,Faisalabad,East,Electronics,Headphones,116.04,1,0.15,Digital Wallet,Returning,4.5,98.63
ORD104622,2024-11-15,1660,54.0,Male,Faisalabad,East,Accessories,Wallet,42.29,1,0.0,Cash,Returning,,42.29
ORD102221,2024-11-16,1193,43.0,Male,Islamabad,North,Clothing,Shoes,84.57,2,0.0,Bank Transfer,Returning,3.6,169.14
ORD101138,2024-11-16,1379,35.0,Female,Multan,South,Electronics,Headphones,120.18,3,0.0,Debit Card,Returning,3.8,360.54
ORD103059,2024-11-16,1049,35.0,Female,Rawalpindi,North,Electronics,Mouse,39.14,4,0.25,Credit Card,Returning,4.8,117.42
ORD104219,2024-11-16,1540,38.0,Female,Islamabad,North,Electronics,Smartwatch,227.06,1,0.0,Debit Card,Returning,3.4,227.06
ORD101198,2024-11-16,1015,38.0,Male,Lahore,East,Clothing,Shoes,80.2,4,0.0,Digital Wallet,New,2.6,320.8
ORD104811,2024-11-16,1039,25.0,Male,Quetta,West,Electronics,Laptop,1074.91,5,0.05,Digital Wallet,New,3.9,5105.82
ORD100615,2024-11-16,1273,47.0,Female,Lahore,East,Electronics,Headphones,114.58,3,0.2,Digital Wallet,New,3.3,274.99
ORD104907,2024-11-16,1242,28.0,Female,Multan,South,Electronics,Smartphone,763.51,5,0.05,Credit Card,Returning,2.5,3626.67
ORD101186,2024-11-17,1289,39.0,Female,Lahore,East,Electronics,Laptop,1322.08,3,0.1,Credit Card,Returning,4.9,3569.62
ORD102999,2024-11-17,1211,18.0,Male,Rawalpindi,North,Clothing,Jeans,61.32,3,0.05,Credit Card,New,3.7,174.76
ORD102497,2024-11-17,1311,29.0,Male,Islamabad,North,Electronics,Monitor,322.64,3,0.1,Cash,Returning,3.6,871.13
ORD103894,2024-11-18,1579,47.0,Female,Islamabad,North,Electronics,Monitor,308.76,2,0.1,Credit Card,Returning,4.3,555.77
ORD104618,2024-11-18,1592,18.0,Female,Lahore,East,Clothing,Jeans,65.2,3,0.05,Debit Card,New,5.0,185.82
ORD103961,2024-11-18,1233,25.0,Male,Peshawar,West,Electronics,Mouse,38.35,2,0.1,Digital Wallet,Returning,4.4,69.03
ORD101660,2024-11-18,1140,48.0,Female,Quetta,West,Electronics,Smartphone,776.4,2,0.0,Debit Card,Returning,4.3,1552.8
ORD102982,2024-11-18,1526,36.0,Female,Karachi,South,Electronics,Headphones,120.5,5,0.2,Digital Wallet,New,5.0,482.0
ORD100098,2024-11-18,1053,21.0,Male,Multan,South,Electronics,Mouse,37.45,2,0.15,Digital Wallet,New,2.6,63.67
ORD103842,2024-11-18,1082,,Female,Peshawar,West,Electronics,Headphones,128.39,8,0.05,Digital Wallet,Returning,3.5,975.76
ORD104853,2024-11-18,1721,27.0,Female,Peshawar,West,Accessories,Backpack,56.39,4,0.1,Digital Wallet,Returning,4.2,203.0
ORD104359,2024-11-18,1728,30.0,Female,Rawalpindi,North,Electronics,Monitor,305.14,5,0.0,Debit Card,Returning,3.2,1525.7
ORD103193,2024-11-19,1376,29.0,Female,Rawalpindi,North,Accessories,Wallet,42.81,6,0.1,Credit Card,New,4.3,231.17
ORD104702,2024-11-19,1474,35.0,Female,Quetta,West,Electronics,Mouse,34.86,3,0.1,Digital Wallet,Returning,4.2,94.12
ORD101373,2024-11-19,1288,40.0,Male,Lahore,East,Clothing,Shoes,94.46,1,0.0,Digital Wallet,New,3.2,94.46
ORD103183,2024-11-19,1561,19.0,Male,Quetta,West,Accessories,Backpack,52.04,4,0.1,Digital Wallet,Returning,4.4,187.34
ORD101918,2024-11-19,1686,23.0,Female,Karachi,South,Clothing,Jeans,62.83,1,0.05,Bank Transfer,Returning,3.6,59.69
ORD104304,2024-11-19,1272,27.0,Female,Islamabad,North,Electronics,Headphones,117.39,5,0.0,Debit Card,VIP,3.7,586.95
ORD104885,2024-11-19,1139,51.0,Female,Rawalpindi,North,Electronics,Headphones,126.39,1,0.2,Debit Card,Returning,4.2,101.11
ORD102092,2024-11-20,1643,38.0,Female,Lahore,East,Electronics,Mouse,32.03,2,0.0,Bank Transfer,New,3.4,64.06
ORD103560,2024-11-20,1659,30.0,Male,Peshawar,West,Accessories,Wallet,44.81,2,0.0,Cash,Returning,3.5,89.62
ORD103172,2024-11-20,1637,28.0,Female,Multan,South,Electronics,Headphones,126.35,8,0.05,,New,3.0,960.26
ORD101909,2024-11-20,1584,23.0,Female,Lahore,East,Clothing,Jeans,61.66,2,0.05,Credit Card,New,3.4,117.15
ORD102909,2024-11-20,1030,34.0,Male,Peshawar,West,Electronics,Mouse,31.29,1,0.2,Credit Card,Returning,1.0,25.03
ORD100034,2024-11-20,1561,44.0,Female,Karachi,South,Clothing,Jeans,68.07,3,0.0,Bank Transfer,Returning,2.5,204.21
ORD104002,2024-11-20,1290,18.0,Female,Islamabad,North,Electronics,Headphones,119.11,4,0.1,Digital Wallet,New,3.6,428.8
ORD101283,2024-11-21,1182,33.0,Male,Lahore,East,Clothing,T-Shirt,29.18,3,0.1,Debit Card,Returning,3.9,78.79
ORD103258,2024-11-21,1619,39.0,Male,Multan,South,Clothing,Jeans,62.93,1,0.15,Digital Wallet,New,4.5,53.49
ORD101310,2024-11-21,1769,,Male,Lahore,East,Electronics,Smartphone,677.44,6,0.1,Cash,New,2.9,3658.18
ORD104697,2024-11-21,1325,26.0,Male,Multan,South,Electronics,Monitor,290.33,1,0.0,Credit Card,VIP,4.6,290.33
ORD104206,2024-11-21,1471,39.0,Male,Multan,South,Clothing,Jeans,69.45,1,0.0,Bank Transfer,VIP,4.1,69.45
ORD103477,2024-11-21,1527,48.0,Female,Karachi,South,Electronics,Tablet,511.73,1,0.05,Cash,New,4.4,486.14
ORD104704,2024-11-21,1425,50.0,Male,Lahore,East,Clothing,T-Shirt,30.26,1,0.2,Credit Card,Returning,4.5,24.21
ORD103147,2024-11-21,1664,21.0,Male,Multan,South,Clothing,Shoes,95.43,3,0.0,Debit Card,New,3.2,286.29
ORD104044,2024-11-21,1698,18.0,Female,Lahore,East,Clothing,T-Shirt,28.5,1,0.1,Bank Transfer,New,3.7,25.65
ORD102247,2024-11-22,1585,47.0,Male,Peshawar,West,Electronics,Mouse,37.69,1,0.1,Debit Card,Returning,4.5,33.92
ORD102240,2024-11-22,1304,22.0,Male,Islamabad,North,Clothing,Shoes,87.51,4,0.0,Bank Transfer,Returning,3.8,350.04
ORD101131,2024-11-22,1229,22.0,Male,Peshawar,West,Electronics,Laptop,1279.73,1,0.05,Debit Card,New,3.7,1215.74
ORD100483,2024-11-22,1117,47.0,Female,Karachi,South,Electronics,Monitor,322.69,6,0.0,Digital Wallet,Returning,4.1,1936.14
ORD103131,2024-11-22,1599,,Female,Islamabad,North,Clothing,Jacket,120.09,2,0.25,Credit Card,New,4.5,180.14
ORD104648,2024-11-22,1283,26.0,Male,Rawalpindi,North,Clothing,Shoes,85.51,1,0.1,Credit Card,New,3.5,76.96
ORD101611,2024-11-22,1493,37.0,Female,Multan,South,Accessories,Sunglasses,76.12,2,0.3,Credit Card,New,4.1,106.57
ORD101978,2024-11-22,1673,46.0,Male,Multan,South,Electronics,Mouse,32.34,1,0.2,Debit Card,Returning,4.0,25.87
ORD102116,2024-11-22,1504,33.0,Female,Multan,South,Accessories,Backpack,55.46,1,0.25,Cash,Returning,4.9,41.6
ORD100878,2024-11-22,1098,,Male,Karachi,South,Electronics,Smartphone,710.44,5,0.25,Cash,New,5.0,2664.15
ORD104977,2024-11-23,1606,46.0,Female,Quetta,West,Electronics,Headphones,134.22,7,0.15,Debit Card,Returning,4.5,798.61
ORD100555,2024-11-23,1380,18.0,Male,Karachi,South,Clothing,Jacket,104.67,2,0.3,Credit Card,Returning,4.2,146.54
ORD101365,2024-11-23,1051,28.0,Female,Islamabad,North,Clothing,Shoes,90.33,1,0.1,Debit Card,New,3.2,81.3
ORD103758,2024-11-23,1343,18.0,Male,Peshawar,West,Electronics,Laptop,1037.33,5,0.05,Digital Wallet,VIP,3.9,4927.32
ORD100560,2024-11-23,1268,49.0,Female,Karachi,South,Clothing,Shoes,93.01,4,0.15,Bank Transfer,Returning,4.0,316.23
ORD104250,2024-11-23,1569,28.0,Male,Multan,South,Electronics,Keyboard,72.92,1,0.0,Cash,New,3.8,72.92
ORD101973,2024-11-23,1592,35.0,Male,Multan,South,Electronics,Mouse,35.32,1,0.05,Bank Transfer,Returning,4.3,33.55
ORD101832,2024-11-24,1242,41.0,Male,Peshawar,West,Electronics,Laptop,1283.99,3,0.0,Debit Card,New,2.2,3851.97
ORD103845,2024-11-24,1751,20.0,Male,Islamabad,North,Clothing,Shoes,91.11,2,0.25,Cash,Returning,4.1,136.66
ORD103008,2024-11-24,1019,33.0,Male,Quetta,West,Electronics,Keyboard,67.27,1,0.0,Digital Wallet,Returning,4.6,67.27
ORD103751,2024-11-24,1069,18.0,Male,Faisalabad,East,Electronics,Monitor,323.39,2,0.0,Credit Card,Returning,4.5,646.78
ORD104651,2024-11-24,1097,43.0,Female,Rawalpindi,North,Accessories,Sunglasses,72.25,2,0.0,Digital Wallet,New,2.9,144.5
ORD102717,2024-11-24,1510,33.0,Male,Lahore,East,Electronics,Smartphone,778.31,3,0.15,Credit Card,Returning,3.8,1984.69
ORD101440,2024-11-25,1109,32.0,Female,Faisalabad,East,Clothing,Shoes,90.59,1,0.1,Credit Card,Returning,3.0,81.53
ORD102576,2024-11-25,1007,33.0,Female,Peshawar,West,Electronics,Monitor,273.44,2,0.0,Digital Wallet,Returning,3.4,546.88
ORD101579,2024-11-25,1137,44.0,Female,Faisalabad,East,Clothing,Shoes,89.46,2,0.15,Digital Wallet,VIP,4.1,152.08
ORD102722,2024-11-25,1764,44.0,Male,Karachi,South,Electronics,Headphones,128.91,2,0.15,Debit Card,Returning,4.2,219.15
ORD100015,2024-11-25,1373,28.0,Male,Peshawar,West,Electronics,Mouse,35.12,4,0.0,Credit Card,VIP,3.9,140.48
ORD101856,2024-11-25,1029,23.0,Male,Peshawar,West,Electronics,Laptop,1114.64,1,0.05,Cash,Returning,4.3,1058.91
ORD103712,2024-11-25,1443,21.0,Male,Multan,South,Clothing,T-Shirt,31.06,5,0.05,Credit Card,Returning,2.9,147.53
ORD104006,2024-11-25,1075,46.0,Male,Quetta,West,Accessories,Backpack,59.01,4,0.0,Debit Card,New,3.4,236.04
ORD104800,2024-11-25,1379,29.0,Male,Faisalabad,East,Clothing,Jacket,105.14,2,0.15,Debit Card,VIP,3.2,178.74
ORD103499,2024-11-26,1162,38.0,Female,Rawalpindi,North,Accessories,Sunglasses,82.72,2,0.25,Credit Card,New,4.4,124.08
ORD104575,2024-11-26,1262,29.0,Female,Islamabad,North,Electronics,Laptop,1217.53,2,0.1,Bank Transfer,New,3.9,2191.55
ORD101150,2024-11-26,1616,31.0,Male,Faisalabad,East,Electronics,Monitor,290.2,3,0.0,Debit Card,Returning,2.8,870.6
ORD101781,2024-11-26,1422,35.0,Female,Islamabad,North,Electronics,Smartphone,779.28,1,0.05,Bank Transfer,VIP,4.9,740.32
ORD100231,2024-11-26,1625,32.0,Male,Rawalpindi,North,Electronics,Monitor,288.86,4,0.0,Debit Card,New,3.7,1155.44
ORD101957,2024-11-26,1011,33.0,Male,Quetta,West,Clothing,T-Shirt,32.12,4,0.0,Digital Wallet,New,4.0,128.48
ORD101007,2024-11-26,1025,49.0,Female,Peshawar,West,Electronics,Mouse,31.02,2,0.0,Bank Transfer,New,4.4,62.04
ORD103157,2024-11-27,1529,58.0,Male,Rawalpindi,North,Electronics,Keyboard,68.82,1,0.0,Debit Card,New,4.7,68.82
ORD104526,2024-11-27,1571,37.0,Female,Lahore,East,Electronics,Tablet,506.64,1,0.0,Digital Wallet,Returning,2.6,506.64
ORD101222,2024-11-27,1346,32.0,Male,Karachi,South,Electronics,Smartphone,780.56,3,0.1,Debit Card,New,3.8,2107.51
ORD103986,2024-11-27,1014,38.0,Male,Multan,South,Electronics,Laptop,1190.77,1,0.0,Credit Card,New,2.1,1190.77
ORD103967,2024-11-27,1053,34.0,Male,Islamabad,North,Electronics,Keyboard,68.85,1,0.15,Bank Transfer,VIP,4.9,58.52
ORD101022,2024-11-28,1748,32.0,Male,Islamabad,North,Electronics,Laptop,1215.85,1,0.2,Credit Card,Returning,3.0,972.68
ORD101610,2024-11-28,1016,43.0,Female,Peshawar,West,Electronics,Smartphone,684.89,1,0.1,Credit Card,New,2.9,616.4
ORD104444,2024-11-28,1399,31.0,Female,Islamabad,North,Electronics,Laptop,1347.77,6,0.1,Debit Card,Returning,4.6,7277.96
ORD100092,2024-11-28,1702,44.0,Female,Islamabad,North,Electronics,Monitor,267.45,2,0.1,Bank Transfer,New,4.9,481.41
ORD104720,2024-11-28,1154,32.0,Male,Multan,South,Electronics,Keyboard,69.02,2,0.0,Debit Card,Returning,3.1,138.04
ORD101605,2024-11-28,1516,34.0,Male,Karachi,South,Clothing,Shoes,99.31,5,0.1,Digital Wallet,VIP,,446.9
ORD102890,2024-11-28,1562,41.0,Male,Karachi,South,Clothing,Shoes,84.4,2,0.1,Credit Card,Returning,3.5,151.92
ORD103547,2024-11-28,1344,34.0,Male,Faisalabad,East,Electronics,Tablet,554.63,2,0.15,,New,4.0,942.87
ORD103860,2024-11-28,1494,30.0,Female,Faisalabad,East,Electronics,Tablet,474.25,1,0.0,Digital Wallet,New,4.6,474.25
ORD104470,2024-11-28,1290,38.0,Male,Islamabad,North,Clothing,Jacket,112.52,8,0.0,Credit Card,New,3.7,900.16
ORD101410,2024-11-29,1500,24.0,Male,Peshawar,West,Electronics,Smartphone,734.18,5,0.25,Debit Card,Returning,3.1,2753.18
ORD104570,2024-11-29,1681,44.0,Female,Quetta,West,Accessories,Backpack,57.47,5,0.0,Credit Card,Returning,3.4,287.35
ORD100989,2024-11-29,1506,32.0,Male,Karachi,South,Clothing,Jacket,105.96,2,0.1,Digital Wallet,New,4.9,190.73
ORD102457,2024-11-29,1648,31.0,Female,Lahore,East,Clothing,Jeans,65.0,3,0.0,Credit Card,VIP,3.4,195.0
ORD102054,2024-11-29,1714,56.0,Female,Rawalpindi,North,Electronics,Smartphone,698.43,2,0.05,Bank Transfer,New,4.1,1327.02
ORD102288,2024-11-29,1497,33.0,Female,Lahore,East,Electronics,Tablet,523.61,1,0.25,Credit Card,VIP,3.7,392.71
ORD102454,2024-11-29,1353,41.0,Female,Karachi,South,Electronics,Tablet,459.75,3,0.05,Cash,Returning,4.3,1310.29
ORD101609,2024-11-29,1161,25.0,Male,Faisalabad,East,Accessories,Backpack,50.3,1,0.1,Digital Wallet,New,4.4,45.27
ORD103891,2024-11-29,1327,47.0,Female,Karachi,South,Clothing,Jeans,67.83,1,0.0,Bank Transfer,Returning,3.9,67.83
ORD100813,2024-11-30,1461,25.0,Female,Quetta,West,Electronics,Smartphone,745.14,1,0.15,Debit Card,New,2.6,633.37
ORD104298,2024-11-30,1050,27.0,Female,Faisalabad,East,Accessories,Wallet,43.4,2,0.1,Credit Card,Returning,2.8,78.12
ORD101084,2024-11-30,1532,49.0,Male,Multan,South,Electronics,Tablet,517.71,3,0.1,Debit Card,New,4.5,1397.82
ORD100087,2024-11-30,1271,32.0,Male,Rawalpindi,North,Electronics,Smartphone,676.05,1,0.0,Debit Card,New,3.8,676.05
ORD102032,2024-11-30,1301,47.0,Male,Faisalabad,East,Accessories,Wallet,47.14,4,0.05,Cash,New,3.8,179.13
ORD103265,2024-11-30,1649,55.0,Female,Lahore,East,Electronics,Headphones,117.46,3,0.05,Credit Card,Returning,4.6,334.76
ORD100094,2024-11-30,1725,41.0,Male,Multan,South,Electronics,Headphones,126.29,1,0.3,Cash,New,2.8,88.4
ORD103642,2024-11-30,1127,31.0,Male,Multan,South,Accessories,Backpack,56.47,3,0.05,Bank Transfer,Returning,4.6,160.94
ORD103047,2024-11-30,1619,52.0,Female,Rawalpindi,North,Electronics,Tablet,477.56,8,0.1,Credit Card,New,3.9,3438.43
ORD103591,2024-12-01,1324,32.0,Female,Lahore,East,Accessories,Wallet,42.1,3,0.25,Bank Transfer,New,4.1,94.72
ORD104905,2024-12-01,1714,27.0,Female,Multan,South,Electronics,Keyboard,73.36,1,0.2,Credit Card,Returning,5.0,58.69
ORD100174,2024-12-01,1699,20.0,Female,Karachi,South,Accessories,Sunglasses,85.37,7,0.1,Credit Card,New,4.2,537.83
ORD104299,2024-12-01,1523,38.0,Female,Islamabad,North,Electronics,Tablet,523.53,1,0.1,Debit Card,Returning,3.4,471.18
ORD101181,2024-12-01,1157,39.0,Male,Rawalpindi,North,Electronics,Laptop,1127.4,2,0.0,Digital Wallet,New,4.1,2254.8
ORD103228,2024-12-01,1008,31.0,Female,Rawalpindi,North,Electronics,Mouse,34.0,3,0.05,Bank Transfer,New,4.1,96.9
ORD102451,2024-12-01,1036,31.0,Male,Peshawar,West,Clothing,Shoes,92.24,1,0.0,Debit Card,New,4.0,92.24
ORD100060,2024-12-01,1346,27.0,Male,Peshawar,West,Accessories,Sunglasses,78.23,2,0.05,Credit Card,Returning,4.6,148.64
ORD102756,2024-12-01,1200,46.0,Male,Islamabad,North,Electronics,Tablet,524.89,2,0.0,Credit Card,New,4.1,1049.78
ORD102824,2024-12-01,1676,34.0,Female,Peshawar,West,Clothing,Jacket,109.14,1,0.0,Debit Card,New,4.2,109.14
ORD104497,2024-12-02,1342,22.0,Female,Multan,South,Electronics,Smartwatch,217.84,3,0.05,Digital Wallet,Returning,3.8,620.84
ORD100868,2024-12-02,1229,48.0,Female,Faisalabad,East,Clothing,Shoes,76.25,2,0.2,Credit Card,VIP,3.5,122.0
ORD104972,2024-12-02,1450,32.0,Female,Faisalabad,East,Clothing,Jeans,61.6,3,0.05,Debit Card,VIP,3.9,175.56
ORD100551,2024-12-02,1475,38.0,Male,Karachi,South,Electronics,Keyboard,71.23,2,0.05,Debit Card,VIP,4.1,135.34
ORD102373,2024-12-02,1685,41.0,Male,Karachi,South,Electronics,Headphones,123.42,4,0.05,Debit Card,VIP,3.9,469.0
ORD102486,2024-12-02,1471,53.0,Female,Karachi,South,Electronics,Smartwatch,237.47,2,0.05,Bank Transfer,New,3.7,451.19
ORD101252,2024-12-02,1405,29.0,Male,Multan,South,Clothing,Shoes,91.01,5,0.05,Digital Wallet,New,5.0,432.3
ORD103619,2024-12-02,1551,50.0,Female,Islamabad,North,Clothing,Jacket,111.78,1,0.2,Cash,Returning,4.5,89.42
ORD100580,2024-12-03,1418,18.0,Female,Karachi,South,Electronics,Headphones,134.61,7,0.05,Credit Card,New,4.5,895.16
ORD102398,2024-12-03,1531,20.0,Female,Peshawar,West,Clothing,T-Shirt,28.74,2,0.0,Bank Transfer,Returning,2.8,57.48
ORD104106,2024-12-03,1438,27.0,Female,Rawalpindi,North,Electronics,Keyboard,74.59,2,0.0,Digital Wallet,New,3.5,149.18
ORD100427,2024-12-03,1036,34.0,Female,Islamabad,North,Clothing,Jacket,109.06,1,0.15,Cash,New,3.4,92.7
ORD102417,2024-12-03,1432,36.0,Female,Rawalpindi,North,Electronics,Headphones,130.11,2,0.0,Credit Card,Returning,4.2,260.22
ORD103344,2024-12-03,1201,43.0,Female,Rawalpindi,North,Electronics,Smartwatch,222.23,6,0.1,Digital Wallet,New,4.1,1200.04
ORD101112,2024-12-04,1550,19.0,Male,Karachi,South,Clothing,Shoes,93.56,4,0.25,Bank Transfer,New,4.2,280.68
ORD101583,2024-12-04,1477,30.0,Male,Faisalabad,East,Accessories,Sunglasses,88.8,3,0.15,Cash,Returning,2.6,226.44
ORD104311,2024-12-04,1446,31.0,Female,Faisalabad,East,Clothing,Jeans,65.21,2,0.1,Credit Card,Returning,4.2,117.38
ORD102695,2024-12-04,1423,26.0,Male,Peshawar,West,Clothing,Shoes,88.22,7,0.0,Debit Card,New,4.5,617.54
ORD100273,2024-12-04,1660,46.0,Male,Karachi,South,Electronics,Headphones,126.01,1,0.05,Credit Card,New,3.3,119.71
ORD100068,2024-12-04,1776,18.0,Male,Peshawar,West,Electronics,Smartwatch,216.84,2,0.05,Digital Wallet,New,3.5,412.0
ORD102501,2024-12-04,1670,29.0,Female,Rawalpindi,North,Clothing,Jeans,59.8,2,0.1,Debit Card,Returning,3.7,107.64
ORD102258,2024-12-05,1324,18.0,Male,Lahore,East,Clothing,Jacket,110.5,2,0.05,Debit Card,Returning,3.6,209.95
ORD100360,2024-12-05,1226,30.0,Male,Islamabad,North,Electronics,Headphones,122.02,3,0.1,Digital Wallet,Returning,4.9,329.45
ORD101597,2024-12-05,1098,53.0,Male,Karachi,South,Electronics,Tablet,494.13,1,0.2,Bank Transfer,New,3.0,395.3
ORD102073,2024-12-05,1689,34.0,Female,Lahore,East,Electronics,Tablet,510.79,2,0.25,Debit Card,Returning,4.3,766.18
ORD101213,2024-12-05,1283,26.0,Female,Peshawar,West,Accessories,Wallet,46.04,2,0.1,Credit Card,Returning,3.6,82.87
ORD104755,2024-12-05,1595,27.0,Male,Quetta,West,Electronics,Monitor,314.53,3,0.1,Debit Card,Returning,3.3,849.23
ORD100203,2024-12-05,1259,25.0,Male,Karachi,South,Clothing,T-Shirt,31.16,1,0.2,Digital Wallet,Returning,,24.93
ORD101756,2024-12-05,1323,57.0,Male,Islamabad,North,Electronics,Monitor,322.19,1,0.1,Credit Card,Returning,4.7,289.97
ORD100202,2024-12-05,1745,27.0,Male,Karachi,South,Electronics,Smartphone,671.04,1,0.0,Cash,Returning,2.4,671.04
ORD104945,2024-12-05,1662,29.0,Male,Quetta,West,Electronics,Tablet,473.83,2,0.1,Digital Wallet,New,3.7,852.89
ORD104721,2024-12-05,1439,31.0,Female,Karachi,South,Electronics,Laptop,1168.22,2,0.0,Credit Card,Returning,4.0,2336.44
ORD102380,2024-12-06,1220,22.0,Male,Karachi,South,Clothing,Jacket,126.18,1,0.0,Credit Card,Returning,,126.18
ORD101129,2024-12-06,1349,31.0,Female,Lahore,East,Electronics,Smartwatch,199.95,3,0.0,Digital Wallet,New,4.7,599.85
ORD103949,2024-12-06,1290,50.0,Female,Karachi,South,Clothing,Jacket,102.04,1,0.15,Bank Transfer,Returning,4.6,86.73
ORD104793,2024-12-06,1341,31.0,Male,Peshawar,West,Electronics,Smartwatch,217.9,2,0.1,Credit Card,New,3.4,392.22
ORD102106,2024-12-07,1334,21.0,Female,Peshawar,West,Electronics,Mouse,32.61,3,0.05,Debit Card,Returning,4.6,92.94
ORD100632,2024-12-07,1718,43.0,Female,Quetta,West,Clothing,T-Shirt,29.04,1,0.3,Credit Card,New,3.9,20.33
ORD103435,2024-12-07,1622,29.0,Male,Faisalabad,East,Accessories,Wallet,43.83,3,0.1,Credit Card,Returning,4.0,118.34
ORD100449,2024-12-08,1570,55.0,Male,Peshawar,West,Electronics,Smartphone,772.97,3,0.05,Digital Wallet,Returning,4.6,2202.96
ORD101769,2024-12-08,1571,29.0,Male,Quetta,West,Accessories,Backpack,52.42,1,0.1,Digital Wallet,New,4.7,47.18
ORD100314,2024-12-08,1120,42.0,Male,Peshawar,West,Electronics,Mouse,34.7,2,0.15,Bank Transfer,New,5.0,58.99
ORD102646,2024-12-08,1156,30.0,Female,Multan,South,Electronics,Smartwatch,207.01,3,0.1,Digital Wallet,Returning,4.4,558.93
ORD101737,2024-12-08,1038,55.0,Male,Faisalabad,East,Clothing,Jacket,111.07,1,0.0,Digital Wallet,New,4.0,111.07
ORD102667,2024-12-08,1690,38.0,Male,Faisalabad,East,Electronics,Mouse,37.94,5,0.25,Credit Card,Returning,3.4,142.27
ORD101717,2024-12-08,1357,18.0,Female,Multan,South,Clothing,Jacket,112.39,3,0.25,Bank Transfer,New,4.5,252.88
ORD103938,2024-12-08,1380,31.0,Male,Quetta,West,Clothing,Shoes,89.58,3,0.05,Bank Transfer,New,3.4,255.3
ORD101794,2024-12-09,1437,29.0,Female,Quetta,West,Clothing,Shoes,89.86,1,0.3,Digital Wallet,New,3.6,62.9
ORD104758,2024-12-09,1079,23.0,Male,Lahore,East,Electronics,Smartphone,733.8,2,0.0,Debit Card,New,4.4,1467.6
ORD101297,2024-12-09,1049,18.0,Female,Lahore,East,Electronics,Mouse,32.29,6,0.0,Bank Transfer,New,3.6,193.74
ORD103041,2024-12-09,1505,19.0,Male,Faisalabad,East,Electronics,Laptop,1144.08,3,0.05,Digital Wallet,New,3.7,3260.63
ORD104662,2024-12-09,1726,37.0,Female,Peshawar,West,Electronics,Headphones,126.61,1,0.1,Credit Card,Returning,3.7,113.95
ORD102361,2024-12-09,1583,32.0,Female,Karachi,South,Clothing,Jeans,67.13,4,0.1,Bank Transfer,Returning,3.8,241.67
ORD104208,2024-12-09,1516,32.0,Female,Lahore,East,Electronics,Mouse,34.22,7,0.05,Debit Card,New,3.4,227.56
ORD104051,2024-12-09,1725,28.0,Male,Multan,South,Electronics,Laptop,1148.65,7,0.05,Digital Wallet,Returning,4.4,7638.52
ORD104448,2024-12-10,1221,18.0,Female,Rawalpindi,North,Electronics,Monitor,310.73,1,0.0,Cash,New,4.6,310.73
ORD101817,2024-12-10,1326,28.0,Male,Quetta,West,Clothing,Jeans,59.54,2,0.0,Debit Card,Returning,3.2,119.08
ORD100490,2024-12-10,1513,50.0,Male,Faisalabad,East,Electronics,Headphones,128.95,1,0.3,Digital Wallet,New,4.1,90.26
ORD100763,2024-12-10,1408,33.0,Female,Faisalabad,East,Electronics,Tablet,489.52,1,0.1,Digital Wallet,Returning,4.5,440.57
ORD100535,2024-12-10,1180,18.0,Male,Multan,South,Electronics,Laptop,1240.9,4,0.0,Digital Wallet,Returning,2.9,4963.6
ORD101628,2024-12-10,1039,42.0,Male,Multan,South,Electronics,Smartwatch,206.2,2,0.25,Digital Wallet,Returning,3.2,309.3
ORD101804,2024-12-10,1224,18.0,Female,Faisalabad,East,Accessories,Backpack,50.86,3,0.15,Credit Card,Returning,2.6,129.69
ORD103382,2024-12-11,1501,41.0,Male,Lahore,East,Clothing,Shoes,85.63,4,0.2,Digital Wallet,New,3.8,274.02
ORD101759,2024-12-12,1040,38.0,Female,Multan,South,Electronics,Laptop,1284.87,2,0.0,Cash,Returning,4.2,2569.74
ORD103927,2024-12-12,1045,49.0,Female,Karachi,South,Electronics,Tablet,487.57,1,0.1,Credit Card,New,1.9,438.81
ORD101757,2024-12-12,1568,40.0,Male,Quetta,West,Clothing,T-Shirt,30.32,8,0.25,Debit Card,Returning,4.8,181.92
ORD102064,2024-12-12,1024,37.0,Male,Faisalabad,East,Accessories,Sunglasses,81.85,1,0.05,Debit Card,New,4.1,77.76
ORD103203,2024-12-13,1058,18.0,Female,Lahore,East,Clothing,T-Shirt,32.58,1,0.05,Credit Card,New,4.3,30.95
ORD101397,2024-12-13,1523,53.0,Male,Multan,South,Electronics,Mouse,34.4,2,0.1,Debit Card,New,4.8,61.92
ORD100117,2024-12-13,1593,38.0,Male,Faisalabad,East,Electronics,Mouse,34.4,3,0.3,Credit Card,New,3.9,72.24
ORD101412,2024-12-13,1364,27.0,Female,Islamabad,North,Electronics,Keyboard,69.19,1,0.05,Cash,VIP,4.2,65.73
ORD104375,2024-12-13,1265,35.0,Male,Islamabad,North,Electronics,Smartwatch,217.86,1,0.0,Digital Wallet,VIP,4.0,217.86
ORD101137,2024-12-13,1005,26.0,Male,Quetta,West,Accessories,Backpack,51.34,1,0.15,Debit Card,New,2.8,43.64
ORD101584,2024-12-13,1594,37.0,Female,Quetta,West,Electronics,Smartphone,772.48,2,0.0,Credit Card,New,4.2,1544.96
ORD103322,2024-12-14,1546,36.0,Male,Multan,South,Electronics,Keyboard,72.47,5,0.0,Bank Transfer,Returning,3.3,362.35
ORD104325,2024-12-14,1125,40.0,Male,Multan,South,Electronics,Smartphone,741.85,2,0.1,Debit Card,Returning,4.7,1335.33
ORD101592,2024-12-14,1526,47.0,Female,Lahore,East,Electronics,Smartphone,719.3,8,0.0,Debit Card,New,3.9,5754.4
ORD102055,2024-12-14,1755,39.0,Male,Faisalabad,East,Electronics,Laptop,1166.47,1,0.05,Debit Card,Returning,4.0,1108.15
ORD100531,2024-12-14,1762,41.0,Male,Multan,South,Clothing,Jeans,67.94,8,0.05,Credit Card,Returning,3.5,516.34
ORD100921,2024-12-15,1195,49.0,Male,Karachi,South,Clothing,Jeans,71.17,2,0.15,Bank Transfer,New,2.7,120.99
ORD100390,2024-12-15,1099,23.0,Male,Peshawar,West,Electronics,Smartwatch,225.66,3,0.1,Credit Card,Returning,2.9,609.28
ORD103295,2024-12-15,1265,18.0,Male,Multan,South,Clothing,Shoes,91.75,3,0.0,Digital Wallet,Returning,2.5,275.25
ORD103319,2024-12-16,1417,52.0,Male,Faisalabad,East,Clothing,T-Shirt,27.92,5,0.0,Credit Card,Returning,3.8,139.6
ORD103115,2024-12-16,1203,36.0,Male,Faisalabad,East,Electronics,Tablet,447.03,2,0.05,Debit Card,Returning,3.5,849.36
ORD100246,2024-12-16,1684,42.0,Male,Karachi,South,Clothing,Jeans,67.81,1,0.25,Cash,Returning,3.6,50.86
ORD100721,2024-12-16,1190,58.0,Male,Lahore,East,Accessories,Sunglasses,88.37,2,0.05,Digital Wallet,Returning,5.0,167.9
ORD103876,2024-12-16,1681,50.0,Male,Islamabad,North,Clothing,Shoes,92.67,3,0.0,Credit Card,Returning,4.8,278.01
ORD102635,2024-12-17,1382,34.0,Male,Peshawar,West,Clothing,Jeans,64.4,1,0.05,Credit Card,VIP,3.7,61.18
ORD102045,2024-12-17,1307,53.0,Male,Lahore,East,Electronics,Mouse,32.97,6,0.1,Debit Card,New,2.8,178.04
ORD103707,2024-12-17,1388,37.0,Female,Multan,South,Electronics,Mouse,32.45,1,0.05,Debit Card,Returning,3.9,30.83
ORD101738,2024-12-17,1328,42.0,Female,Islamabad,North,Electronics,Laptop,1181.7,2,0.15,Credit Card,Returning,3.9,2008.89
ORD102370,2024-12-17,1385,27.0,Male,Lahore,East,Electronics,Keyboard,67.03,2,0.15,Digital Wallet,Returning,4.4,113.95
ORD104762,2024-12-18,1248,51.0,Male,Lahore,East,Clothing,Shoes,86.15,1,0.05,Credit Card,New,4.4,81.84
ORD102763,2024-12-18,1087,18.0,Male,Multan,South,Clothing,Shoes,92.15,2,0.1,Bank Transfer,Returning,4.3,165.87
ORD103225,2024-12-18,1504,35.0,Male,Multan,South,Electronics,Tablet,515.57,3,0.15,Credit Card,VIP,3.8,1314.7
ORD104664,2024-12-18,1450,30.0,Male,Lahore,East,Electronics,Keyboard,64.63,1,0.15,Cash,New,3.5,54.94
ORD104248,2024-12-19,1438,30.0,Female,Peshawar,West,Electronics,Headphones,130.83,2,0.0,Debit Card,VIP,4.1,261.66
ORD104443,2024-12-19,1084,36.0,Male,Multan,South,Clothing,Jeans,69.04,1,0.1,Credit Card,New,3.4,62.14
ORD103734,2024-12-19,1035,26.0,Female,Lahore,East,Electronics,Laptop,1278.4,2,0.0,Bank Transfer,Returning,4.7,2556.8
ORD100018,2024-12-19,1131,42.0,Female,Peshawar,West,Electronics,Smartwatch,243.31,6,0.0,Digital Wallet,Returning,4.2,1459.86
ORD102430,2024-12-20,1320,37.0,Female,Karachi,South,Electronics,Headphones,122.32,1,0.0,Bank Transfer,New,3.1,122.32
ORD100136,2024-12-20,1728,31.0,Female,Rawalpindi,North,Accessories,Wallet,42.07,2,0.0,Bank Transfer,New,5.0,84.14
ORD102732,2024-12-20,1554,29.0,Male,Karachi,South,Electronics,Headphones,119.47,1,0.2,Debit Card,Returning,3.5,95.58
ORD100677,2024-12-20,1634,39.0,Female,Faisalabad,East,Accessories,Sunglasses,83.14,3,0.0,Bank Transfer,New,3.6,249.42
ORD100882,2024-12-20,1447,55.0,Female,Peshawar,West,Clothing,Jeans,68.87,1,0.3,Debit Card,Returning,4.9,48.21
ORD103199,2024-12-20,1604,31.0,Female,Quetta,West,Accessories,Backpack,59.28,1,0.15,Credit Card,Returning,4.6,50.39
ORD101273,2024-12-20,1075,18.0,Male,Multan,South,Electronics,Mouse,35.15,1,0.1,Digital Wallet,New,5.0,31.64
ORD101788,2024-12-20,1031,38.0,Female,Quetta,West,Electronics,Smartphone,805.43,2,0.15,Debit Card,New,3.3,1369.23
ORD101474,2024-12-20,1130,49.0,Male,Islamabad,North,Electronics,Keyboard,65.84,3,0.2,Digital Wallet,Returning,3.5,158.02
ORD100267,2024-12-20,1124,47.0,Female,Peshawar,West,Electronics,Smartwatch,206.46,2,0.05,Debit Card,New,4.5,392.27
ORD100990,2024-12-20,1739,47.0,Female,Rawalpindi,North,Electronics,Smartwatch,223.01,3,0.0,Cash,VIP,4.9,669.03
ORD100446,2024-12-20,1125,33.0,Female,Rawalpindi,North,Electronics,Headphones,120.79,3,0.05,Debit Card,VIP,5.0,344.25
ORD103869,2024-12-21,1683,24.0,Female,Quetta,West,Electronics,Laptop,1295.95,1,0.2,Debit Card,New,4.5,1036.76
ORD102508,2024-12-21,1515,21.0,Female,Peshawar,West,Clothing,T-Shirt,25.85,2,0.1,Digital Wallet,Returning,4.7,46.53
ORD100262,2024-12-21,1511,38.0,Male,Faisalabad,East,Electronics,Monitor,306.26,2,0.05,Credit Card,New,4.1,581.89
ORD103570,2024-12-21,1584,40.0,Female,Quetta,West,Clothing,T-Shirt,30.12,1,0.0,Credit Card,New,3.7,30.12
ORD104803,2024-12-21,1785,31.0,Female,Quetta,West,Electronics,Keyboard,62.74,1,0.15,Credit Card,New,4.7,53.33
ORD101231,2024-12-21,1616,38.0,Male,Islamabad,North,Clothing,T-Shirt,30.34,4,0.15,Debit Card,VIP,4.5,103.16
ORD103905,2024-12-21,1128,29.0,Male,Quetta,West,Accessories,Backpack,55.9,2,0.25,Debit Card,New,3.9,83.85
ORD104947,2024-12-21,1630,32.0,Female,Karachi,South,Accessories,Sunglasses,81.37,3,0.0,Cash,Returning,3.4,244.11
ORD104465,2024-12-22,1189,36.0,Female,Karachi,South,Clothing,Shoes,87.1,1,0.3,Credit Card,VIP,5.0,60.97
ORD101514,2024-12-22,1154,21.0,Male,Karachi,South,Electronics,Headphones,118.38,4,0.05,Credit Card,New,4.7,449.84
ORD103568,2024-12-22,1019,31.0,Male,Islamabad,North,Clothing,T-Shirt,30.29,3,0.0,Credit Card,New,4.6,90.87
ORD102761,2024-12-22,1416,28.0,Female,Karachi,South,Electronics,Keyboard,72.71,4,0.1,Bank Transfer,New,4.2,261.76
ORD103149,2024-12-22,1573,33.0,Female,Islamabad,North,Electronics,Headphones,129.83,4,0.0,Cash,New,3.9,519.32
ORD104613,2024-12-22,1525,35.0,Female,Multan,South,Clothing,Shoes,90.17,2,0.0,Digital Wallet,New,5.0,180.34
ORD102525,2024-12-22,1406,24.0,Male,Rawalpindi,North,Electronics,Tablet,469.57,5,0.1,Bank Transfer,New,4.5,2113.06
ORD102068,2024-12-22,1364,43.0,Male,Faisalabad,East,Electronics,Smartphone,757.96,3,0.15,Cash,New,3.6,1932.8
ORD103406,2024-12-23,1073,44.0,Male,Quetta,West,Clothing,Jacket,107.41,2,0.0,Debit Card,Returning,4.2,214.82
ORD103121,2024-12-23,1666,31.0,Female,Multan,South,Electronics,Smartwatch,203.08,2,0.3,Cash,Returning,2.1,284.31
ORD101422,2024-12-23,1721,18.0,Female,Peshawar,West,Electronics,Smartwatch,219.96,1,0.0,Credit Card,Returning,4.0,219.96
ORD103290,2024-12-23,1645,40.0,Female,Faisalabad,East,Electronics,Tablet,498.76,4,0.2,Bank Transfer,Returning,4.0,1596.03
ORD100399,2024-12-23,1018,29.0,Male,Rawalpindi,North,Clothing,T-Shirt,30.72,3,0.0,Bank Transfer,Returning,3.9,92.16
ORD102917,2024-12-23,1362,52.0,Female,Karachi,South,Electronics,Mouse,36.11,1,0.1,Cash,Returning,3.6,32.5
ORD104031,2024-12-24,1674,23.0,Female,Rawalpindi,North,Electronics,Monitor,305.13,2,0.15,Credit Card,Returning,3.7,518.72
ORD101371,2024-12-24,1088,31.0,Male,Quetta,West,Electronics,Smartphone,690.5,2,0.2,Bank Transfer,New,5.0,1104.8
ORD104700,2024-12-24,1681,41.0,Female,Lahore,East,Clothing,T-Shirt,31.45,2,0.2,Debit Card,Returning,4.1,50.32
ORD104672,2024-12-24,1391,18.0,Male,Faisalabad,East,Accessories,Wallet,48.22,2,0.15,Debit Card,Returning,4.1,81.97
ORD100783,2024-12-25,1724,24.0,Female,Faisalabad,East,Accessories,Sunglasses,78.46,2,0.0,Debit Card,Returning,4.8,156.92
ORD104414,2024-12-25,1041,32.0,Male,Islamabad,North,Electronics,Mouse,33.73,5,0.1,Digital Wallet,Returning,4.0,151.78
ORD100703,2024-12-25,1714,31.0,Female,Quetta,West,Clothing,T-Shirt,30.58,1,0.0,Credit Card,Returning,3.7,30.58
ORD100409,2024-12-25,1663,32.0,Male,Islamabad,North,Electronics,Headphones,124.3,4,0.15,Digital Wallet,New,5.0,422.62
ORD102043,2024-12-26,1695,45.0,Female,Islamabad,North,Clothing,Shoes,97.65,1,0.15,Credit Card,New,3.5,83.0
ORD101917,2024-12-26,1027,24.0,Female,Islamabad,North,Accessories,Sunglasses,75.3,1,0.05,Debit Card,Returning,4.1,71.54
ORD101167,2024-12-26,1646,38.0,Female,Peshawar,West,Electronics,Smartwatch,223.29,1,0.1,Bank Transfer,Returning,5.0,200.96
ORD102728,2024-12-27,1436,35.0,Female,Multan,South,Electronics,Laptop,1220.28,1,0.2,Credit Card,Returning,3.5,976.22
ORD104505,2024-12-27,1542,18.0,Male,Quetta,West,Clothing,Shoes,94.68,3,0.0,Bank Transfer,New,3.1,284.04
ORD103626,2024-12-27,1514,36.0,Female,Multan,South,Electronics,Keyboard,71.58,4,0.3,Digital Wallet,Returning,4.9,200.42
ORD103901,2024-12-27,1141,44.0,Male,Rawalpindi,North,Electronics,Smartwatch,226.67,2,0.2,Debit Card,VIP,4.1,362.67
ORD101178,2024-12-28,1478,30.0,Female,Islamabad,North,Electronics,Mouse,34.35,3,0.2,Debit Card,Returning,2.8,82.44
ORD104223,2024-12-28,1571,49.0,Male,Faisalabad,East,Clothing,Shoes,90.53,4,0.0,,VIP,4.7,362.12
ORD104698,2024-12-28,1412,54.0,Female,Multan,South,Electronics,Tablet,469.19,7,0.1,Credit Card,Returning,4.3,2955.9
ORD100879,2024-12-28,1798,28.0,Female,Peshawar,West,Accessories,Backpack,58.03,2,0.0,Cash,Returning,3.9,116.06
ORD104801,2024-12-28,1073,42.0,Male,Karachi,South,Electronics,Monitor,273.32,2,0.05,Cash,New,3.4,519.31
ORD104475,2024-12-28,1628,33.0,Male,Lahore,East,Electronics,Smartphone,777.6,1,0.1,Credit Card,New,3.8,699.84
ORD102169,2024-12-28,1293,31.0,Male,Islamabad,North,Electronics,Laptop,1167.81,1,0.1,Credit Card,New,3.3,1051.03
ORD104985,2024-12-28,1416,34.0,Male,Faisalabad,East,Electronics,Smartphone,796.7,4,0.15,,Returning,4.2,2708.78
ORD100007,2024-12-28,1021,39.0,Female,Quetta,West,Clothing,Shoes,91.87,1,0.05,Digital Wallet,VIP,3.8,87.28
ORD100063,2024-12-29,1092,43.0,Female,Islamabad,North,Clothing,Jacket,116.12,1,0.1,,New,3.4,104.51
ORD104268,2024-12-29,1736,43.0,Male,Multan,South,Clothing,Shoes,92.75,6,0.15,Credit Card,New,3.4,473.02
ORD101014,2024-12-29,1111,35.0,Male,Islamabad,North,Electronics,Monitor,321.66,6,0.05,Bank Transfer,New,4.2,1833.46
ORD100592,2024-12-29,1277,38.0,Male,Peshawar,West,Electronics,Smartphone,693.01,4,0.0,Digital Wallet,Returning,4.5,2772.04
ORD101540,2024-12-29,1017,54.0,Female,Rawalpindi,North,Electronics,Tablet,433.78,1,0.25,Bank Transfer,New,5.0,325.33
ORD100751,2024-12-29,1415,36.0,Male,Islamabad,North,Electronics,Smartphone,769.35,2,0.05,Cash,Returning,3.4,1461.76
ORD100395,2024-12-29,1161,39.0,Female,Faisalabad,East,Accessories,Sunglasses,79.34,3,0.1,Cash,New,3.3,214.22
ORD102556,2024-12-29,1406,38.0,Male,Islamabad,North,Electronics,Smartwatch,211.99,5,0.0,Digital Wallet,Returning,2.4,1059.95
ORD101320,2024-12-29,1305,54.0,Male,Karachi,South,Electronics,Tablet,495.16,1,0.1,Credit Card,Returning,4.7,445.64
ORD104131,2024-12-29,1675,27.0,Female,Karachi,South,Clothing,Shoes,82.16,2,0.0,Digital Wallet,VIP,2.3,164.32
ORD103056,2024-12-30,1302,24.0,Female,Peshawar,West,Clothing,Jeans,58.28,3,0.0,Debit Card,Returning,3.7,174.84
ORD103433,2024-12-30,1514,27.0,Female,Karachi,South,Electronics,Laptop,1214.79,1,0.15,Digital Wallet,VIP,4.3,1032.57
ORD102775,2024-12-30,1664,47.0,Male,Peshawar,West,Clothing,Shoes,87.09,8,0.25,Digital Wallet,New,4.9,522.54
ORD102900,2024-12-30,1701,,Female,Lahore,East,Electronics,Headphones,119.42,5,0.15,Digital Wallet,Returning,3.1,507.54
ORD100244,2024-12-30,1130,42.0,Female,Lahore,East,Electronics,Smartwatch,228.66,3,0.0,Digital Wallet,New,3.3,685.98
ORD104282,2024-12-31,1302,30.0,Female,Peshawar,West,Accessories,Backpack,57.3,1,0.0,Bank Transfer,New,3.9,57.3
ORD100831,2024-12-31,1083,25.0,Male,Lahore,East,Electronics,Monitor,296.85,2,0.15,Credit Card,New,2.2,504.65
ORD101394,2024-12-31,1082,39.0,Male,Quetta,West,Clothing,T-Shirt,31.38,1,0.25,,Returning,2.7,23.54
ORD100383,2024-12-31,1037,30.0,Female,Karachi,South,Clothing,Shoes,88.9,3,0.25,Debit Card,New,3.9,200.03
ORD101864,2024-12-31,1430,42.0,Male,Lahore,East,Electronics,Headphones,104.87,3,0.1,Credit Card,VIP,4.6,283.15
ORD102363,2024-12-31,1241,45.0,Female,Multan,South,Accessories,Backpack,56.18,3,0.0,Bank Transfer,Returning,4.5,168.54
ORD100222,2024-12-31,1497,32.0,Male,Faisalabad,East,Clothing,Shoes,90.36,2,0.05,Credit Card,Returning,3.1,171.68
ORD102725,2024-12-31,1227,27.0,Male,Multan,South,Accessories,Sunglasses,74.92,3,0.0,Credit Card,New,3.7,224.76
ORD100688,2025-01-01,1500,25.0,Female,Faisalabad,East,Electronics,Headphones,126.83,1,0.3,Digital Wallet,VIP,4.2,88.78
ORD102861,2025-01-01,1233,34.0,Male,Faisalabad,East,Accessories,Backpack,52.2,2,0.1,Digital Wallet,New,3.7,93.96
ORD103773,2025-01-01,1385,47.0,Female,Faisalabad,East,Clothing,Shoes,85.36,2,0.2,Cash,New,3.9,136.58
ORD100602,2025-01-01,1096,35.0,Male,Karachi,South,Electronics,Monitor,310.19,1,0.25,Bank Transfer,VIP,5.0,232.64
ORD102850,2025-01-01,1288,48.0,Female,Lahore,East,Electronics,Monitor,317.59,1,0.0,Credit Card,New,3.0,317.59
ORD101912,2025-01-01,1657,42.0,Male,Islamabad,North,Electronics,Keyboard,74.26,1,0.25,Credit Card,VIP,3.6,55.7
ORD101079,2025-01-01,1410,38.0,Male,Faisalabad,East,Accessories,Sunglasses,77.58,2,0.1,Credit Card,New,3.9,139.64
ORD104274,2025-01-01,1390,29.0,Male,Multan,South,Clothing,T-Shirt,30.92,4,0.05,Bank Transfer,Returning,3.7,117.5
ORD103207,2025-01-01,1066,45.0,Male,Quetta,West,Clothing,Jeans,66.4,1,0.2,Digital Wallet,VIP,4.9,53.12
ORD101671,2025-01-01,1226,44.0,Female,Islamabad,North,Clothing,Shoes,97.02,2,0.05,Digital Wallet,New,5.0,184.34
ORD101403,2025-01-01,1396,29.0,Male,Quetta,West,Accessories,Sunglasses,82.28,1,0.0,Digital Wallet,New,4.6,82.28
ORD104324,2025-01-01,1571,31.0,Female,Karachi,South,Clothing,T-Shirt,27.32,2,0.0,Debit Card,VIP,3.2,54.64
ORD100130,2025-01-02,1780,35.0,Male,Rawalpindi,North,Clothing,T-Shirt,29.41,4,0.1,Digital Wallet,Returning,3.4,105.88
ORD102831,2025-01-02,1160,28.0,Male,Lahore,East,Electronics,Mouse,35.79,2,0.1,Bank Transfer,New,3.9,64.42
ORD100977,2025-01-02,1666,30.0,Male,Multan,South,Clothing,Jeans,61.19,1,0.25,Bank Transfer,VIP,3.4,45.89
ORD103489,2025-01-02,1132,36.0,Female,Lahore,East,Clothing,Jeans,66.17,1,0.3,Digital Wallet,New,4.1,46.32
ORD102020,2025-01-02,1390,39.0,Male,Quetta,West,Accessories,Wallet,44.98,1,0.0,Credit Card,New,3.4,44.98
ORD101633,2025-01-02,1748,23.0,Female,Lahore,East,Electronics,Smartphone,722.67,1,0.0,Debit Card,New,3.2,722.67
ORD102776,2025-01-02,1017,47.0,Female,Peshawar,West,Electronics,Smartphone,772.78,6,0.0,Debit Card,VIP,,4636.68
ORD102376,2025-01-02,1141,19.0,Male,Karachi,South,Accessories,Backpack,53.13,2,0.0,Digital Wallet,Returning,3.5,106.26
ORD100729,2025-01-02,1058,49.0,Female,Lahore,East,Electronics,Keyboard,77.74,4,0.1,Digital Wallet,New,3.3,279.86
ORD102991,2025-01-02,1536,37.0,Male,Lahore,East,Accessories,Wallet,46.21,1,0.15,Digital Wallet,VIP,2.4,39.28
ORD103797,2025-01-03,1164,33.0,Female,Peshawar,West,Electronics,Laptop,1065.2,2,0.05,Digital Wallet,VIP,4.1,2023.88
ORD101625,2025-01-03,1416,18.0,Male,Quetta,West,Electronics,Tablet,503.86,1,0.15,Digital Wallet,Returning,3.3,428.28
ORD100183,2025-01-03,1796,29.0,Male,Peshawar,West,Electronics,Headphones,119.92,1,0.2,Cash,New,4.3,95.94
ORD104399,2025-01-03,1685,30.0,Female,Quetta,West,Electronics,Smartwatch,232.08,1,0.2,Credit Card,New,2.7,185.66
ORD102184,2025-01-03,1490,18.0,Female,Islamabad,North,Clothing,Shoes,90.34,3,0.25,Credit Card,Returning,5.0,203.26
ORD102870,2025-01-03,1647,29.0,Female,Rawalpindi,North,Clothing,T-Shirt,30.45,2,0.0,Debit Card,Returning,2.8,60.9
ORD101361,2025-01-03,1761,42.0,Female,Rawalpindi,North,Clothing,Jeans,60.81,2,0.2,Bank Transfer,Returning,2.8,97.3
ORD104782,2025-01-03,1262,27.0,Female,Rawalpindi,North,Accessories,Backpack,59.8,4,0.1,Debit Card,New,4.4,215.28
ORD103266,2025-01-03,1524,18.0,Female,Multan,South,Clothing,T-Shirt,29.03,1,0.15,Digital Wallet,New,3.7,24.68
ORD101673,2025-01-04,1711,27.0,Female,Multan,South,Accessories,Sunglasses,78.1,8,0.2,Digital Wallet,New,3.8,499.84
ORD100685,2025-01-04,1496,30.0,Male,Faisalabad,East,Electronics,Headphones,113.83,1,0.1,Debit Card,Returning,3.6,102.45
ORD103965,2025-01-05,1533,39.0,Male,Lahore,East,Electronics,Laptop,1260.71,1,0.1,Credit Card,Returning,4.2,1134.64
ORD104480,2025-01-05,1681,40.0,Female,Faisalabad,East,Clothing,T-Shirt,30.45,2,0.0,Digital Wallet,VIP,4.6,60.9
ORD100905,2025-01-05,1450,18.0,Female,Faisalabad,East,Electronics,Monitor,299.49,1,0.2,Bank Transfer,New,4.3,239.59
ORD103416,2025-01-05,1676,31.0,Female,Islamabad,North,Electronics,Smartwatch,240.12,2,0.15,Credit Card,New,2.8,408.2
ORD104966,2025-01-05,1624,34.0,Female,Faisalabad,East,Clothing,Jeans,65.33,3,0.2,Credit Card,Returning,4.7,156.79
ORD104928,2025-01-05,1749,34.0,Female,Faisalabad,East,Electronics,Headphones,123.5,1,0.0,Debit Card,Returning,3.0,123.5
ORD102993,2025-01-05,1670,44.0,Male,Faisalabad,East,Electronics,Smartwatch,220.74,1,0.15,Digital Wallet,Returning,4.2,187.63
ORD100640,2025-01-05,1099,57.0,Female,Quetta,West,Electronics,Laptop,1234.8,1,0.05,Credit Card,Returning,3.0,1173.06
ORD100656,2025-01-05,1634,41.0,Female,Faisalabad,East,Accessories,Sunglasses,90.22,2,0.15,Digital Wallet,Returning,4.3,153.37
ORD104178,2025-01-05,1373,52.0,Female,Quetta,West,Clothing,Shoes,92.05,3,0.15,Debit Card,Returning,4.9,234.73
ORD100462,2025-01-05,1005,57.0,Male,Lahore,East,Clothing,Jacket,106.84,1,0.15,Debit Card,Returning,3.2,90.81
ORD100180,2025-01-05,1557,40.0,Male,Quetta,West,Electronics,Mouse,37.32,3,0.2,Credit Card,Returning,3.5,89.57
ORD104207,2025-01-05,1218,36.0,Male,Quetta,West,Clothing,Shoes,85.32,2,0.0,Credit Card,New,3.2,170.64
ORD103330,2025-01-06,1662,40.0,Female,Rawalpindi,North,Accessories,Wallet,48.01,4,0.2,Digital Wallet,New,3.5,153.63
ORD102013,2025-01-06,1111,37.0,Male,Rawalpindi,North,Electronics,Smartphone,688.57,1,0.25,Cash,Returning,4.8,516.43
ORD104865,2025-01-06,1187,20.0,Female,Rawalpindi,North,Clothing,Shoes,95.25,3,0.15,Digital Wallet,New,4.0,242.89
ORD103846,2025-01-06,1772,23.0,Male,Islamabad,North,Electronics,Headphones,123.88,1,0.25,Credit Card,Returning,4.2,92.91
ORD102962,2025-01-06,1381,18.0,Male,Islamabad,North,Accessories,Sunglasses,79.28,1,0.0,Credit Card,New,2.9,79.28
ORD104170,2025-01-06,1055,34.0,Female,Faisalabad,East,Clothing,T-Shirt,28.0,3,0.1,Bank Transfer,New,4.4,75.6
ORD101267,2025-01-06,1117,,Female,Peshawar,West,Clothing,Jeans,65.97,1,0.05,Debit Card,Returning,3.4,62.67
ORD103567,2025-01-06,1620,33.0,Female,Multan,South,Electronics,Monitor,314.45,5,0.0,Bank Transfer,Returning,3.5,1572.25
ORD103445,2025-01-07,1670,45.0,Female,Karachi,South,Accessories,Backpack,55.68,2,0.1,Bank Transfer,New,2.8,100.22
ORD103019,2025-01-07,1113,35.0,Female,Faisalabad,East,Accessories,Backpack,56.82,1,0.0,Digital Wallet,Returning,2.6,56.82
ORD103277,2025-01-07,1506,22.0,Male,Faisalabad,East,Electronics,Headphones,128.57,1,0.3,Digital Wallet,New,3.8,90.0
ORD102515,2025-01-07,1104,42.0,Male,Multan,South,Electronics,Monitor,309.99,1,0.05,Digital Wallet,New,4.2,294.49
ORD102994,2025-01-07,1594,42.0,Male,Lahore,East,Accessories,Backpack,58.41,2,0.05,Debit Card,Returning,3.2,110.98
ORD101168,2025-01-08,1579,49.0,Male,Islamabad,North,Clothing,T-Shirt,30.3,3,0.05,Credit Card,Returning,3.4,86.36
ORD103670,2025-01-08,1360,44.0,Female,Rawalpindi,North,Clothing,T-Shirt,29.08,3,0.05,Credit Card,VIP,4.7,82.88
ORD101686,2025-01-08,1226,49.0,Female,Islamabad,North,Electronics,Laptop,1278.61,2,0.05,Credit Card,Returning,2.9,2429.36
ORD103276,2025-01-08,1102,46.0,Female,Multan,South,Electronics,Headphones,124.96,6,0.15,Digital Wallet,Returning,5.0,637.3
ORD104382,2025-01-08,1129,34.0,Male,Lahore,East,Accessories,Sunglasses,76.85,2,0.1,Cash,New,3.6,138.33
ORD100693,2025-01-09,1301,39.0,Male,Quetta,West,Accessories,Sunglasses,85.88,1,0.1,Debit Card,New,2.6,77.29
ORD100434,2025-01-09,1654,23.0,Male,Islamabad,North,Electronics,Smartphone,811.66,2,0.0,Credit Card,VIP,4.2,1623.32
ORD103298,2025-01-09,1434,51.0,Male,Lahore,East,Electronics,Keyboard,80.4,5,0.05,Bank Transfer,New,3.9,381.9
ORD104446,2025-01-09,1628,35.0,Female,Lahore,East,Clothing,T-Shirt,27.78,3,0.15,Digital Wallet,Returning,4.3,70.84
ORD100335,2025-01-09,1580,45.0,Male,Karachi,South,Accessories,Backpack,55.29,2,0.05,Bank Transfer,Returning,2.5,105.05
ORD102616,2025-01-09,1653,61.0,Female,Peshawar,West,Clothing,T-Shirt,27.91,2,0.1,Credit Card,New,3.5,50.24
ORD100986,2025-01-09,1751,43.0,Female,Faisalabad,East,Electronics,Headphones,115.8,3,0.1,Cash,Returning,3.2,312.66
ORD101901,2025-01-09,1793,32.0,Female,Rawalpindi,North,Electronics,Monitor,312.67,2,0.05,Digital Wallet,VIP,5.0,594.07
ORD102400,2025-01-10,1060,50.0,Female,Islamabad,North,Electronics,Keyboard,66.74,2,0.0,Digital Wallet,Returning,4.1,133.48
ORD104517,2025-01-10,1551,23.0,Female,Quetta,West,Clothing,Jacket,104.59,3,0.05,Debit Card,Returning,4.0,298.08
ORD100938,2025-01-10,1645,30.0,Female,Rawalpindi,North,Clothing,Jeans,62.17,7,0.2,Digital Wallet,Returning,4.8,348.15
ORD101368,2025-01-10,1264,26.0,Male,Faisalabad,East,Electronics,Smartphone,731.62,3,0.0,Digital Wallet,New,3.6,2194.86
ORD100430,2025-01-10,1321,20.0,Female,Karachi,South,Electronics,Keyboard,66.11,3,0.15,Digital Wallet,New,3.9,168.58
ORD101873,2025-01-10,1797,42.0,Male,Rawalpindi,North,Electronics,Tablet,468.07,1,0.0,Digital Wallet,Returning,4.3,468.07
ORD104877,2025-01-10,1619,48.0,Male,Quetta,West,Clothing,Shoes,81.5,4,0.1,Credit Card,New,5.0,293.4
ORD101038,2025-01-10,1662,18.0,Male,Islamabad,North,Clothing,Shoes,90.21,2,0.0,Credit Card,New,4.2,180.42
ORD103163,2025-01-10,1517,56.0,Female,Multan,South,Electronics,Smartwatch,224.05,2,0.0,Digital Wallet,New,2.3,448.1
ORD104936,2025-01-10,1362,31.0,Male,Rawalpindi,North,Electronics,Headphones,127.0,1,0.25,Bank Transfer,Returning,4.6,95.25
ORD104350,2025-01-10,1137,38.0,Female,Peshawar,West,Electronics,Mouse,33.41,1,0.15,Bank Transfer,New,3.6,28.4
ORD103939,2025-01-11,1656,18.0,Female,Quetta,West,Accessories,Backpack,51.8,4,0.0,Cash,New,3.4,207.2
ORD102792,2025-01-11,1442,20.0,Female,Karachi,South,Electronics,Laptop,1285.68,1,0.05,Debit Card,Returning,2.7,1221.4
ORD101468,2025-01-11,1401,42.0,Male,Quetta,West,Electronics,Smartphone,803.94,8,0.0,Credit Card,New,3.3,6431.52
ORD104777,2025-01-11,1073,30.0,Male,Quetta,West,Clothing,Jeans,64.78,2,0.1,Digital Wallet,New,3.5,116.6
ORD102618,2025-01-12,1532,31.0,Male,Peshawar,West,Electronics,Laptop,1218.94,1,0.05,Digital Wallet,New,3.9,1157.99
ORD100195,2025-01-12,1190,40.0,Female,Faisalabad,East,Electronics,Smartwatch,215.76,3,0.25,Digital Wallet,New,4.4,485.46
ORD101542,2025-01-12,1569,37.0,Female,Islamabad,North,Accessories,Sunglasses,70.55,5,0.2,Debit Card,New,3.6,282.2
ORD100735,2025-01-12,1080,35.0,Female,Peshawar,West,Electronics,Smartphone,767.88,7,0.05,Digital Wallet,Returning,4.9,5106.4
ORD102533,2025-01-12,1500,23.0,Female,Peshawar,West,Clothing,Shoes,93.75,3,0.0,Bank Transfer,VIP,4.6,281.25
ORD102950,2025-01-12,1437,46.0,Female,Lahore,East,Accessories,Backpack,60.12,2,0.0,Credit Card,Returning,3.5,120.24
ORD104608,2025-01-13,1193,40.0,Male,Lahore,East,Clothing,Shoes,94.06,1,0.2,Bank Transfer,Returning,4.2,75.25
ORD103902,2025-01-13,1744,18.0,Female,Peshawar,West,Accessories,Backpack,51.97,2,0.1,Digital Wallet,New,3.7,93.55
ORD104568,2025-01-13,1418,22.0,Male,Peshawar,West,Accessories,Sunglasses,79.11,1,0.15,Cash,Returning,4.8,67.24
ORD103066,2025-01-13,1260,38.0,Male,Rawalpindi,North,Electronics,Smartwatch,199.43,1,0.0,Credit Card,Returning,4.5,199.43
ORD104233,2025-01-13,1301,29.0,Male,Karachi,South,Clothing,Jacket,107.53,3,0.1,Debit Card,Returning,4.8,290.33
ORD103910,2025-01-13,1547,41.0,Female,Rawalpindi,North,Electronics,Keyboard,74.97,1,0.2,Cash,VIP,4.3,59.98
ORD104320,2025-01-13,1390,38.0,Male,Faisalabad,East,Clothing,T-Shirt,32.7,3,0.2,Cash,Returning,5.0,78.48
ORD101986,2025-01-13,1666,50.0,Female,Peshawar,West,Clothing,Shoes,83.52,5,0.0,Cash,New,4.5,417.6
ORD104278,2025-01-14,1446,30.0,Female,Islamabad,North,Electronics,Laptop,1119.52,2,0.0,Debit Card,New,4.1,2239.04
ORD102489,2025-01-14,1264,40.0,Female,Lahore,East,Electronics,Tablet,494.37,1,0.0,Digital Wallet,Returning,4.3,494.37
ORD103122,2025-01-14,1492,20.0,Male,Quetta,West,Electronics,Tablet,501.82,8,0.0,Credit Card,Returning,3.3,4014.56
ORD100385,2025-01-14,1349,45.0,Male,Karachi,South,Electronics,Monitor,337.41,1,0.25,Digital Wallet,New,3.4,253.06
ORD102857,2025-01-14,1631,42.0,Male,Peshawar,West,Electronics,Laptop,1193.87,1,0.1,Cash,Returning,3.5,1074.48
ORD100051,2025-01-14,1021,22.0,Female,Rawalpindi,North,Electronics,Mouse,36.41,2,0.05,Debit Card,Returning,3.6,69.18
ORD104225,2025-01-14,1492,41.0,Female,Multan,South,Clothing,Jeans,58.88,1,0.1,Credit Card,Returning,3.7,52.99
ORD101384,2025-01-15,1775,21.0,Female,Peshawar,West,Accessories,Backpack,57.99,1,0.0,Digital Wallet,New,4.3,57.99
ORD103747,2025-01-15,1109,50.0,Male,Faisalabad,East,Clothing,T-Shirt,28.98,2,0.05,Cash,New,4.0,55.06
ORD104506,2025-01-15,1702,27.0,Female,Lahore,East,Electronics,Smartwatch,241.28,1,0.0,Digital Wallet,New,3.9,241.28
ORD101051,2025-01-15,1759,46.0,Female,Faisalabad,East,Electronics,Smartphone,718.4,3,0.3,Credit Card,New,3.1,1508.64
ORD101831,2025-01-15,1484,24.0,Male,Karachi,South,Electronics,Smartphone,835.35,4,0.2,Credit Card,Returning,2.9,2673.12
ORD101164,2025-01-15,1104,61.0,Female,Peshawar,West,Accessories,Sunglasses,83.96,2,0.1,Credit Card,VIP,3.5,151.13
ORD101445,2025-01-15,1128,,Male,Karachi,South,Electronics,Smartwatch,232.99,1,0.0,Digital Wallet,New,3.7,232.99
ORD104978,2025-01-15,1662,39.0,Male,Lahore,East,Accessories,Backpack,55.56,4,0.1,Bank Transfer,VIP,3.5,200.02
ORD100876,2025-01-15,1738,29.0,Female,Quetta,West,Electronics,Headphones,129.29,4,0.1,Credit Card,New,3.7,465.44
ORD104891,2025-01-16,1256,41.0,Male,Rawalpindi,North,Clothing,Shoes,83.35,3,0.0,Credit Card,Returning,4.0,250.05
ORD104492,2025-01-16,1317,46.0,Female,Quetta,West,Electronics,Keyboard,66.42,3,0.15,Digital Wallet,Returning,5.0,169.37
ORD102631,2025-01-16,1467,31.0,Male,Faisalabad,East,Clothing,T-Shirt,32.79,1,0.15,Digital Wallet,New,3.5,27.87
ORD104500,2025-01-16,1420,38.0,Female,Quetta,West,Electronics,Mouse,35.89,4,0.0,Bank Transfer,Returning,4.4,143.56
ORD100003,2025-01-16,1271,36.0,Male,Multan,South,Electronics,Laptop,1153.47,2,0.05,Credit Card,New,4.1,2191.59
ORD100917,2025-01-16,1520,26.0,Male,Rawalpindi,North,Clothing,T-Shirt,28.23,5,0.05,Digital Wallet,VIP,3.9,134.09
ORD102848,2025-01-16,1725,33.0,Female,Faisalabad,East,Accessories,Sunglasses,81.65,3,0.05,Digital Wallet,Returning,3.5,232.7
ORD103714,2025-01-17,1075,38.0,Male,Faisalabad,East,Electronics,Laptop,1128.39,1,0.1,Digital Wallet,New,4.9,1015.55
ORD100278,2025-01-17,1147,39.0,Male,Karachi,South,Electronics,Tablet,507.57,1,0.2,Credit Card,VIP,2.6,406.06
ORD100541,2025-01-17,1769,30.0,Female,Peshawar,West,Accessories,Backpack,52.89,1,0.0,Debit Card,New,4.5,52.89
ORD100429,2025-01-17,1020,34.0,Male,Quetta,West,Electronics,Mouse,33.56,1,0.2,Cash,VIP,3.6,26.85
ORD102006,2025-01-17,1370,38.0,Female,Multan,South,Electronics,Headphones,119.14,4,0.0,Digital Wallet,New,4.3,476.56
ORD104057,2025-01-17,1785,30.0,Male,Karachi,South,Electronics,Mouse,33.24,2,0.0,Credit Card,Returning,4.2,66.48
ORD101501,2025-01-17,1289,24.0,Male,Rawalpindi,North,Electronics,Headphones,107.27,3,0.0,Bank Transfer,New,5.0,321.81
ORD101959,2025-01-17,1729,25.0,Male,Quetta,West,Clothing,T-Shirt,30.5,1,0.1,Cash,New,2.7,27.45
ORD101552,2025-01-17,1727,29.0,Male,Peshawar,West,Electronics,Laptop,1157.0,6,0.1,Debit Card,Returning,3.1,6247.8
ORD102974,2025-01-18,1188,45.0,Female,Quetta,West,Accessories,Sunglasses,73.79,2,0.05,Credit Card,Returning,3.6,140.2
ORD101107,2025-01-18,1319,49.0,Male,Multan,South,Electronics,Smartphone,700.73,8,0.05,Debit Card,Returning,3.8,5325.55
ORD100078,2025-01-18,1772,37.0,Female,Multan,South,Electronics,Headphones,110.66,4,0.1,Bank Transfer,Returning,3.6,398.38
ORD102186,2025-01-18,1693,25.0,Female,Karachi,South,Clothing,Jeans,58.64,2,0.15,Debit Card,Returning,3.1,99.69
ORD103996,2025-01-18,1059,23.0,Female,Peshawar,West,Electronics,Tablet,482.77,7,0.05,Bank Transfer,New,4.1,3210.42
ORD104778,2025-01-18,1237,28.0,Male,Lahore,East,Electronics,Tablet,518.39,1,0.0,Bank Transfer,New,3.8,518.39
ORD100861,2025-01-18,1734,18.0,Male,Multan,South,Accessories,Sunglasses,84.95,1,0.0,Bank Transfer,New,3.6,84.95
ORD100596,2025-01-18,1457,18.0,Female,Multan,South,Electronics,Headphones,127.75,1,0.2,Credit Card,New,3.7,102.2
ORD100184,2025-01-18,1028,43.0,Male,Peshawar,West,Clothing,Shoes,97.58,4,0.25,Digital Wallet,Returning,4.2,292.74
ORD103584,2025-01-18,1343,26.0,Female,Faisalabad,East,Clothing,T-Shirt,29.35,5,0.1,Bank Transfer,Returning,4.1,132.08
ORD101915,2025-01-18,1520,31.0,Female,Faisalabad,East,Clothing,Jeans,67.27,1,0.15,Cash,New,3.4,57.18
ORD100807,2025-01-19,1779,25.0,Male,Rawalpindi,North,Electronics,Tablet,485.34,3,0.3,Debit Card,Returning,5.0,1019.21
ORD104929,2025-01-19,1311,28.0,Female,Lahore,East,Clothing,Shoes,83.91,2,0.1,Digital Wallet,New,4.8,151.04
ORD104415,2025-01-19,1105,39.0,Female,Islamabad,North,Electronics,Smartwatch,196.47,1,0.0,Debit Card,VIP,3.9,196.47
ORD102066,2025-01-20,1516,37.0,Male,Karachi,South,Electronics,Keyboard,66.14,3,0.15,Digital Wallet,Returning,2.7,168.66
ORD101203,2025-01-20,1047,46.0,Male,Lahore,East,Clothing,Jeans,66.55,2,0.05,Bank Transfer,VIP,4.0,126.44
ORD100167,2025-01-20,1749,26.0,Male,Rawalpindi,North,Electronics,Mouse,32.76,1,0.15,Bank Transfer,Returning,4.7,27.85
ORD104848,2025-01-20,1750,28.0,Female,Quetta,West,Accessories,Sunglasses,80.06,1,0.2,Digital Wallet,Returning,5.0,64.05
ORD101143,2025-01-20,1601,21.0,Male,Karachi,South,Clothing,Jacket,106.22,2,0.0,Credit Card,Returning,3.2,212.44
ORD103687,2025-01-20,1148,37.0,Male,Islamabad,North,Clothing,T-Shirt,29.01,2,0.1,Credit Card,Returning,4.7,52.22
ORD103956,2025-01-20,1630,38.0,Male,Karachi,South,Clothing,Jeans,69.36,5,0.0,Digital Wallet,VIP,4.2,346.8
ORD101987,2025-01-21,1103,22.0,Male,Rawalpindi,North,Electronics,Laptop,1135.43,1,0.0,Debit Card,Returning,2.7,1135.43
ORD102540,2025-01-21,1749,36.0,Female,Quetta,West,Electronics,Smartwatch,226.03,4,0.15,Credit Card,Returning,4.2,768.5
ORD102040,2025-01-21,1733,41.0,Male,Karachi,South,Electronics,Tablet,484.07,4,0.15,Debit Card,New,2.6,1645.84
ORD102977,2025-01-21,1273,32.0,Female,Islamabad,North,Electronics,Monitor,339.57,1,0.1,Bank Transfer,VIP,3.7,305.61
ORD100046,2025-01-21,1244,31.0,Female,Faisalabad,East,Electronics,Smartphone,726.97,6,0.2,Debit Card,New,2.9,3489.46
ORD104918,2025-01-21,1283,43.0,Female,Faisalabad,East,Electronics,Mouse,34.22,3,0.15,Debit Card,Returning,3.8,87.26
ORD100527,2025-01-21,1254,24.0,Female,Rawalpindi,North,Clothing,Shoes,87.25,3,0.1,Debit Card,Returning,3.4,235.58
ORD102532,2025-01-21,1550,40.0,Female,Quetta,West,Electronics,Headphones,117.67,5,0.1,Credit Card,New,2.8,529.52
ORD104759,2025-01-21,1315,54.0,Male,Rawalpindi,North,Electronics,Laptop,1183.91,8,0.15,Debit Card,New,2.5,8050.59
ORD101582,2025-01-21,1727,29.0,Female,Peshawar,West,Clothing,Jeans,61.0,2,0.0,Digital Wallet,Returning,3.2,122.0
ORD103973,2025-01-21,1337,55.0,Male,Multan,South,Electronics,Smartphone,723.26,3,0.0,Debit Card,Returning,3.9,2169.78
ORD103378,2025-01-21,1558,21.0,Female,Quetta,West,Clothing,Shoes,86.61,2,0.1,Digital Wallet,Returning,4.0,155.9
ORD101842,2025-01-22,1120,19.0,Female,Rawalpindi,North,Electronics,Smartphone,799.52,1,0.05,Digital Wallet,Returning,3.6,759.54
ORD103025,2025-01-22,1161,30.0,Female,Quetta,West,Electronics,Mouse,34.42,4,0.0,Digital Wallet,New,4.5,137.68
ORD100944,2025-01-22,1078,36.0,Female,Karachi,South,Electronics,Smartwatch,237.62,2,0.0,Debit Card,New,3.5,475.24
ORD101089,2025-01-22,1090,39.0,Female,Rawalpindi,North,Accessories,Sunglasses,81.47,4,0.0,Credit Card,Returning,1.7,325.88
ORD100543,2025-01-22,1516,28.0,Male,Rawalpindi,North,Clothing,T-Shirt,26.31,2,0.05,Bank Transfer,Returning,3.8,49.99
ORD100891,2025-01-22,1563,29.0,Male,Islamabad,North,Clothing,Jeans,60.44,2,0.0,Cash,Returning,3.9,120.88
ORD103612,2025-01-22,1450,23.0,Female,Rawalpindi,North,Clothing,T-Shirt,30.32,2,0.2,Bank Transfer,Returning,5.0,48.51
ORD104136,2025-01-22,1780,35.0,Female,Peshawar,West,Electronics,Keyboard,66.84,2,0.05,Bank Transfer,Returning,5.0,127.0
ORD100856,2025-01-22,1306,21.0,Male,Faisalabad,East,Clothing,Shoes,100.96,1,0.0,Credit Card,New,3.8,100.96
ORD100200,2025-01-22,1633,27.0,Female,Faisalabad,East,Electronics,Smartphone,821.38,3,0.1,Credit Card,Returning,3.5,2217.73
ORD104476,2025-01-23,1279,38.0,Female,Faisalabad,East,Electronics,Smartphone,732.65,8,0.25,Digital Wallet,New,3.5,4395.9
ORD103379,2025-01-23,1550,52.0,Female,Peshawar,West,Clothing,Jeans,66.43,4,0.0,Credit Card,New,4.0,265.72
ORD103618,2025-01-23,1377,32.0,Female,Peshawar,West,Clothing,Jeans,65.47,1,0.2,Digital Wallet,Returning,4.9,52.38
ORD102009,2025-01-23,1690,66.0,Male,Karachi,South,Electronics,Mouse,37.42,1,0.3,Credit Card,Returning,4.1,26.19
ORD103947,2025-01-23,1111,54.0,Male,Quetta,West,Electronics,Mouse,34.5,5,0.1,Digital Wallet,Returning,3.0,155.25
ORD103090,2025-01-23,1220,45.0,Male,Rawalpindi,North,Electronics,Monitor,306.05,2,0.15,Cash,New,3.8,520.28
ORD103458,2025-01-23,1684,32.0,Female,Peshawar,West,Electronics,Smartphone,702.64,2,0.1,Digital Wallet,VIP,3.9,1264.75
ORD100494,2025-01-24,1118,42.0,Female,Quetta,West,Electronics,Smartwatch,226.71,4,0.1,Debit Card,New,4.3,816.16
ORD102090,2025-01-24,1637,35.0,Male,Peshawar,West,Electronics,Mouse,33.27,1,0.1,Debit Card,Returning,4.4,29.94
ORD104812,2025-01-24,1369,31.0,Female,Karachi,South,Accessories,Backpack,53.78,1,0.1,Digital Wallet,Returning,3.5,48.4
ORD100851,2025-01-24,1250,30.0,Male,Multan,South,Clothing,Shoes,92.03,1,0.1,Credit Card,VIP,3.7,82.83
ORD103638,2025-01-24,1357,31.0,Female,Lahore,East,Electronics,Monitor,301.18,6,0.25,Digital Wallet,New,4.2,1355.31
ORD101505,2025-01-24,1148,18.0,Male,Rawalpindi,North,Accessories,Backpack,54.95,2,0.05,Debit Card,New,4.1,104.4
ORD102619,2025-01-24,1658,18.0,Male,Rawalpindi,North,Electronics,Laptop,1242.13,3,0.0,Credit Card,Returning,3.3,3726.39
ORD100631,2025-01-24,1796,26.0,Female,Quetta,West,Electronics,Laptop,1267.34,1,0.0,Digital Wallet,New,3.4,1267.34
ORD102238,2025-01-25,1654,32.0,Female,Karachi,South,Electronics,Headphones,107.6,1,0.15,Digital Wallet,Returning,4.0,91.46
ORD103615,2025-01-25,1563,23.0,Male,Islamabad,North,Electronics,Smartwatch,202.48,1,0.2,Credit Card,Returning,4.0,161.98
ORD101443,2025-01-25,1075,18.0,Male,Islamabad,North,Electronics,Monitor,295.74,1,0.2,Debit Card,New,3.7,236.59
ORD102271,2025-01-25,1365,26.0,Female,Quetta,West,Accessories,Wallet,42.12,2,0.1,Bank Transfer,New,2.6,75.82
ORD102063,2025-01-26,1159,31.0,Female,Quetta,West,Accessories,Wallet,51.93,4,0.05,Credit Card,VIP,4.4,197.33
ORD102577,2025-01-26,1526,19.0,Female,Quetta,West,Electronics,Tablet,542.03,2,0.05,Credit Card,New,3.9,1029.86
ORD104493,2025-01-26,1212,33.0,Female,Quetta,West,Clothing,Shoes,85.59,1,0.3,Credit Card,New,3.2,59.91
ORD102922,2025-01-26,1261,49.0,Male,Faisalabad,East,Clothing,Jacket,112.73,5,0.2,Debit Card,Returning,3.3,450.92
ORD104397,2025-01-26,1017,41.0,Male,Lahore,East,Electronics,Tablet,533.15,5,0.15,Credit Card,Returning,3.5,2265.89
ORD100207,2025-01-26,1411,32.0,Female,Rawalpindi,North,Electronics,Smartwatch,205.72,1,0.2,Credit Card,Returning,4.0,164.58
ORD104549,2025-01-26,1729,35.0,Female,Rawalpindi,North,Electronics,Mouse,37.17,1,0.05,Credit Card,VIP,3.6,35.31
ORD100955,2025-01-27,1107,44.0,Female,Quetta,West,Electronics,Monitor,303.26,3,0.25,Credit Card,New,5.0,682.34
ORD103082,2025-01-27,1548,32.0,Female,Islamabad,North,Electronics,Tablet,454.01,3,0.2,Bank Transfer,Returning,4.7,1089.62
ORD103922,2025-01-27,1584,22.0,Male,Quetta,West,Electronics,Laptop,1230.05,1,0.0,Debit Card,New,3.4,1230.05
ORD103896,2025-01-27,1292,37.0,Female,Quetta,West,Clothing,Jeans,63.48,4,0.05,Debit Card,Returning,5.0,241.22
ORD104939,2025-01-27,1213,34.0,Female,Rawalpindi,North,Electronics,Laptop,1241.46,2,0.1,Digital Wallet,New,4.1,2234.63
ORD103699,2025-01-27,1325,36.0,Female,Faisalabad,East,Electronics,Smartphone,770.85,2,0.0,Digital Wallet,Returning,4.2,1541.7
ORD100470,2025-01-27,1370,18.0,Male,Multan,South,Electronics,Headphones,113.76,1,0.1,Credit Card,Returning,4.6,102.38
ORD103522,2025-01-28,1753,31.0,Female,Islamabad,North,Electronics,Mouse,32.72,2,0.05,Debit Card,New,2.4,62.17
ORD103429,2025-01-28,1041,44.0,Male,Karachi,South,Electronics,Tablet,511.82,1,0.2,Digital Wallet,New,4.7,409.46
ORD104310,2025-01-28,1090,33.0,Male,Faisalabad,East,Electronics,Laptop,1211.79,1,0.0,Digital Wallet,New,4.3,1211.79
ORD104596,2025-01-28,1043,28.0,Male,Quetta,West,Clothing,Jacket,104.35,3,0.3,Digital Wallet,New,2.7,219.13
ORD103824,2025-01-28,1582,18.0,Female,Lahore,East,Electronics,Smartphone,799.6,2,0.0,Debit Card,New,4.0,1599.2
ORD102915,2025-01-28,1111,44.0,Female,Multan,South,Electronics,Headphones,119.63,2,0.0,Digital Wallet,Returning,3.9,239.26
ORD104553,2025-01-28,1088,38.0,Female,Karachi,South,Accessories,Sunglasses,73.27,2,0.0,Credit Card,VIP,4.3,146.54
ORD100172,2025-01-29,1525,57.0,Male,Karachi,South,Clothing,T-Shirt,30.98,7,0.0,Debit Card,VIP,4.7,216.86
ORD104154,2025-01-29,1795,34.0,Female,Multan,South,Electronics,Keyboard,68.56,3,0.1,Bank Transfer,Returning,3.9,185.11
ORD104874,2025-01-29,1420,,Female,Multan,South,Electronics,Smartwatch,220.17,1,0.0,Debit Card,New,3.6,220.17
ORD103257,2025-01-29,1688,18.0,Male,Multan,South,Clothing,Shoes,93.95,1,0.0,Digital Wallet,New,4.8,93.95
ORD104432,2025-01-30,1700,38.0,Male,Faisalabad,East,Electronics,Laptop,1145.21,4,0.25,Credit Card,New,4.4,3435.63
ORD102801,2025-01-30,1623,39.0,Male,Multan,South,Electronics,Laptop,1169.09,4,0.15,Credit Card,New,3.8,3974.91
ORD103213,2025-01-30,1227,48.0,Female,Quetta,West,Clothing,Jacket,110.84,3,0.2,Bank Transfer,Returning,4.4,266.02
ORD101251,2025-01-30,1613,58.0,Male,Karachi,South,Electronics,Laptop,1154.46,1,0.0,Cash,New,5.0,1154.46
ORD104665,2025-01-30,1559,30.0,Female,Karachi,South,Accessories,Sunglasses,72.8,7,0.05,Debit Card,Returning,3.5,484.12
ORD104531,2025-01-30,1162,42.0,Male,Karachi,South,Electronics,Smartphone,799.02,2,0.15,Digital Wallet,Returning,3.1,1358.33
ORD103252,2025-01-30,1486,47.0,Female,Karachi,South,Clothing,Shoes,85.13,1,0.3,Credit Card,VIP,4.8,59.59
ORD104633,2025-01-30,1375,37.0,Male,Quetta,West,Electronics,Monitor,280.13,1,0.0,Cash,Returning,2.9,280.13
ORD101588,2025-01-30,1443,24.0,Female,Karachi,South,Electronics,Monitor,309.12,4,0.3,Digital Wallet,New,3.6,865.54
ORD104192,2025-01-30,1045,31.0,Male,Islamabad,North,Electronics,Smartwatch,225.68,4,0.25,Debit Card,Returning,3.6,677.04
ORD104886,2025-01-30,1698,18.0,Female,Faisalabad,East,Electronics,Laptop,1159.89,1,0.0,Bank Transfer,New,3.6,1159.89
ORD100179,2025-01-30,1682,42.0,Female,Faisalabad,East,Electronics,Keyboard,66.22,1,0.1,Credit Card,New,5.0,59.6
ORD104122,2025-01-30,1586,35.0,Female,Islamabad,North,Clothing,T-Shirt,30.03,4,0.2,Cash,VIP,4.4,96.1
ORD103521,2025-01-31,1621,33.0,Male,Quetta,West,Electronics,Tablet,510.16,8,0.05,Bank Transfer,New,3.7,3877.22
ORD102565,2025-01-31,1561,47.0,Male,Peshawar,West,Accessories,Wallet,43.05,1,0.2,Digital Wallet,New,3.1,34.44
ORD102719,2025-01-31,1546,32.0,Male,Lahore,East,Accessories,Sunglasses,82.34,3,0.1,Debit Card,New,4.9,222.32
ORD103720,2025-01-31,1363,37.0,Female,Peshawar,West,Electronics,Keyboard,74.23,1,0.25,Credit Card,Returning,3.7,55.67
ORD100886,2025-02-01,1481,35.0,Female,Lahore,East,Electronics,Laptop,1206.05,2,0.15,Debit Card,Returning,4.4,2050.28
ORD102469,2025-02-01,1149,35.0,Female,Karachi,South,Electronics,Smartphone,694.68,4,0.15,Credit Card,VIP,4.2,2361.91
ORD103091,2025-02-01,1270,22.0,Female,Karachi,South,Electronics,Keyboard,64.66,3,0.3,Bank Transfer,New,3.4,135.79
ORD102209,2025-02-01,1375,48.0,Male,Peshawar,West,Clothing,Shoes,84.56,2,0.15,Credit Card,Returning,4.4,143.75
ORD104027,2025-02-01,1577,41.0,Female,Multan,South,Electronics,Mouse,34.67,7,0.05,Credit Card,Returning,4.4,230.56
ORD102795,2025-02-02,1350,23.0,Female,Peshawar,West,Clothing,Shoes,81.5,1,0.1,Digital Wallet,Returning,3.9,73.35
ORD100863,2025-02-02,1401,33.0,Male,Islamabad,North,Electronics,Mouse,34.46,2,0.05,Digital Wallet,Returning,3.4,65.47
ORD104196,2025-02-02,1616,47.0,Male,Karachi,South,Accessories,Backpack,49.92,2,0.1,Credit Card,Returning,3.5,89.86
ORD100463,2025-02-02,1103,32.0,Male,Quetta,West,Electronics,Tablet,500.18,3,0.15,Cash,New,4.1,1275.46
ORD101047,2025-02-03,1350,25.0,Male,Multan,South,Electronics,Smartwatch,245.28,3,0.0,Debit Card,Returning,4.5,735.84
ORD100149,2025-02-03,1767,51.0,Female,Karachi,South,Clothing,Shoes,83.71,2,0.1,Digital Wallet,Returning,3.0,150.68
ORD100248,2025-02-03,1672,23.0,Male,Multan,South,Electronics,Headphones,121.44,1,0.0,Credit Card,Returning,3.0,121.44
ORD101243,2025-02-03,1029,34.0,Female,Multan,South,Electronics,Smartwatch,193.39,1,0.1,Cash,Returning,4.4,174.05
ORD104053,2025-02-03,1013,25.0,Male,Multan,South,Electronics,Smartwatch,227.83,1,0.15,Debit Card,New,4.0,193.66
ORD101774,2025-02-04,1557,18.0,Female,Multan,South,Clothing,T-Shirt,28.51,1,0.25,Digital Wallet,Returning,2.3,21.38
ORD101260,2025-02-04,1661,37.0,Male,Karachi,South,Electronics,Headphones,112.5,3,0.1,Cash,New,4.5,303.75
ORD100148,2025-02-04,1503,35.0,Female,Peshawar,West,Electronics,Keyboard,73.17,2,0.0,Credit Card,Returning,4.0,146.34
ORD104727,2025-02-04,1020,39.0,Male,Quetta,West,Clothing,Shoes,96.81,5,0.05,Debit Card,VIP,4.3,459.85
ORD100942,2025-02-04,1046,37.0,Female,Multan,South,Clothing,Jacket,113.91,1,0.05,Cash,New,4.1,108.21
ORD104023,2025-02-04,1157,34.0,Female,Karachi,South,Accessories,Backpack,60.45,1,0.3,Credit Card,VIP,3.1,42.32
ORD104791,2025-02-04,1756,27.0,Female,Rawalpindi,North,Electronics,Mouse,35.54,2,0.1,Bank Transfer,Returning,4.1,63.97
ORD104534,2025-02-05,1521,41.0,Male,Islamabad,North,Electronics,Laptop,1205.03,1,0.1,Digital Wallet,New,3.8,1084.53
ORD103078,2025-02-05,1569,34.0,Female,Multan,South,Electronics,Smartphone,711.39,1,0.1,Bank Transfer,VIP,4.5,640.25
ORD102205,2025-02-05,1638,45.0,Male,Quetta,West,Clothing,Jacket,88.25,3,0.0,Bank Transfer,Returning,4.9,264.75
ORD102660,2025-02-05,1359,28.0,Male,Quetta,West,Electronics,Smartphone,648.58,2,0.2,Bank Transfer,Returning,4.0,1037.73
ORD104994,2025-02-05,1011,44.0,Female,Faisalabad,East,Electronics,Headphones,111.84,8,0.0,Credit Card,New,3.9,894.72
ORD101815,2025-02-05,1365,27.0,Male,Islamabad,North,Electronics,Tablet,482.62,5,0.1,Credit Card,Returning,3.5,2171.79
ORD102894,2025-02-05,1088,37.0,Male,Peshawar,West,Electronics,Tablet,467.4,3,0.1,Debit Card,New,3.1,1261.98
ORD103841,2025-02-06,1731,41.0,Female,Karachi,South,Clothing,Shoes,91.68,4,0.0,Credit Card,New,5.0,366.72
ORD102891,2025-02-06,1607,25.0,Female,Rawalpindi,North,Clothing,Shoes,95.46,5,0.05,Debit Card,New,,453.43
ORD104284,2025-02-06,1734,,Male,Lahore,East,Electronics,Monitor,302.73,2,0.2,Credit Card,Returning,,484.37
ORD104121,2025-02-06,1053,23.0,Male,Peshawar,West,Electronics,Headphones,126.29,6,0.0,Credit Card,Returning,3.7,757.74
ORD104295,2025-02-06,1752,45.0,Female,Multan,South,Electronics,Tablet,534.99,2,0.05,Digital Wallet,Returning,4.4,1016.48
ORD103105,2025-02-07,1441,43.0,Female,Rawalpindi,North,Electronics,Mouse,33.37,3,0.0,Credit Card,Returning,4.1,100.11
ORD104887,2025-02-07,1185,34.0,Male,Lahore,East,Clothing,Jacket,112.64,3,0.0,Digital Wallet,New,3.7,337.92
ORD104070,2025-02-07,1540,51.0,Female,Faisalabad,East,Accessories,Backpack,56.7,3,0.0,Credit Card,Returning,4.4,170.1
ORD100332,2025-02-07,1720,46.0,Female,Peshawar,West,Electronics,Smartphone,736.82,3,0.1,Credit Card,Returning,3.0,1989.41
ORD103486,2025-02-07,1505,34.0,Male,Peshawar,West,Accessories,Sunglasses,74.08,1,0.15,Cash,Returning,4.8,62.97
ORD102399,2025-02-07,1612,32.0,Female,Rawalpindi,North,Electronics,Tablet,523.62,2,0.0,Digital Wallet,VIP,4.2,1047.24
ORD102544,2025-02-08,1770,23.0,Male,Rawalpindi,North,Clothing,Jacket,106.13,1,0.1,Debit Card,New,4.0,95.52
ORD104684,2025-02-08,1338,26.0,Male,Quetta,West,Clothing,Jeans,59.9,4,0.15,Credit Card,New,3.9,203.66
ORD101523,2025-02-08,1061,61.0,Female,Peshawar,West,Electronics,Keyboard,72.55,1,0.15,Credit Card,Returning,3.6,61.67
ORD104387,2025-02-08,1753,19.0,Female,Multan,South,Clothing,Jeans,68.55,3,0.15,Debit Card,Returning,4.2,174.8
ORD102921,2025-02-08,1129,32.0,Female,Multan,South,Clothing,Shoes,76.72,1,0.1,Cash,Returning,3.0,69.05
ORD100212,2025-02-08,1234,36.0,Male,Lahore,East,Electronics,Laptop,1188.59,3,0.0,Bank Transfer,New,5.0,3565.77
ORD100812,2025-02-08,1689,34.0,Male,Karachi,South,Clothing,Shoes,93.01,3,0.1,Bank Transfer,New,4.5,251.13
ORD100997,2025-02-08,1039,45.0,Female,Rawalpindi,North,Clothing,T-Shirt,29.07,4,0.1,Credit Card,Returning,3.2,104.65
ORD103899,2025-02-08,1001,37.0,Female,Islamabad,North,Clothing,T-Shirt,30.0,4,0.3,Debit Card,New,3.7,84.0
ORD103868,2025-02-09,1726,52.0,Male,Islamabad,North,Clothing,T-Shirt,28.78,4,0.0,Credit Card,Returning,4.4,115.12
ORD100542,2025-02-09,1325,18.0,Female,Rawalpindi,North,Electronics,Laptop,1112.25,1,0.1,Credit Card,VIP,4.7,1001.02
ORD100325,2025-02-09,1510,27.0,Male,Quetta,West,Electronics,Headphones,105.46,3,0.25,Bank Transfer,Returning,3.9,237.28
ORD100516,2025-02-09,1094,50.0,Male,Lahore,East,Electronics,Smartphone,696.08,3,0.3,Credit Card,New,3.7,1461.77
ORD104503,2025-02-10,1343,32.0,Female,Faisalabad,East,Accessories,Sunglasses,79.46,3,0.0,Bank Transfer,New,4.1,238.38
ORD103436,2025-02-10,1598,37.0,Male,Rawalpindi,North,Electronics,Keyboard,66.79,1,0.1,Credit Card,Returning,3.2,60.11
ORD104197,2025-02-10,1195,32.0,Male,Islamabad,North,Electronics,Tablet,495.05,2,0.0,Cash,Returning,5.0,990.1
ORD100629,2025-02-10,1265,36.0,Male,Peshawar,West,Clothing,Jeans,63.31,2,0.0,Digital Wallet,Returning,3.7,126.62
ORD100846,2025-02-10,1348,32.0,Female,Faisalabad,East,Electronics,Smartwatch,190.48,2,0.15,Cash,New,3.1,323.82
ORD101202,2025-02-11,1157,43.0,Male,Karachi,South,Accessories,Wallet,46.59,2,0.0,Credit Card,New,2.7,93.18
ORD101616,2025-02-11,1739,29.0,Male,Lahore,East,Electronics,Smartwatch,218.18,1,0.15,Cash,Returning,3.5,185.45
ORD103725,2025-02-11,1125,48.0,Male,Karachi,South,Electronics,Headphones,118.81,1,0.1,Cash,New,,106.93
ORD102436,2025-02-11,1637,59.0,Female,Multan,South,Electronics,Smartphone,805.34,3,0.0,Bank Transfer,New,3.1,2416.02
ORD104270,2025-02-12,1122,31.0,Male,Rawalpindi,North,Accessories,Backpack,57.17,1,0.15,Digital Wallet,Returning,2.9,48.59
ORD103096,2025-02-12,1729,35.0,Female,Peshawar,West,Clothing,Jacket,103.35,3,0.05,Bank Transfer,New,3.6,294.55
ORD101285,2025-02-12,1025,25.0,Male,Islamabad,North,Clothing,Shoes,99.63,3,0.15,Debit Card,Returning,2.3,254.06
ORD100125,2025-02-12,1231,19.0,Female,Multan,South,Clothing,Jeans,60.76,8,0.0,Credit Card,New,5.0,486.08
ORD102758,2025-02-12,1173,49.0,Female,Faisalabad,East,Clothing,Jeans,65.83,2,0.15,Credit Card,VIP,3.4,111.91
ORD101147,2025-02-13,1402,40.0,Male,Lahore,East,Electronics,Headphones,118.67,2,0.05,Bank Transfer,Returning,4.4,225.47
ORD102269,2025-02-13,1397,25.0,Male,Multan,South,Clothing,Jeans,71.88,7,0.0,Digital Wallet,New,4.6,503.16
ORD101132,2025-02-13,1270,27.0,Female,Quetta,West,Accessories,Wallet,44.84,1,0.0,Credit Card,Returning,4.0,44.84
ORD102691,2025-02-13,1591,33.0,Male,Lahore,East,Accessories,Wallet,49.34,1,0.0,Credit Card,Returning,3.0,49.34
ORD102608,2025-02-13,1079,18.0,Female,Islamabad,North,Electronics,Headphones,112.66,5,0.3,Digital Wallet,New,2.8,394.31
ORD101708,2025-02-13,1216,38.0,Male,Quetta,West,Accessories,Wallet,47.78,2,0.1,Digital Wallet,New,3.9,86.0
ORD103335,2025-02-14,1289,30.0,Female,Faisalabad,East,Electronics,Headphones,114.75,1,0.15,Credit Card,New,4.0,97.54
ORD101355,2025-02-14,1313,34.0,Male,Peshawar,West,Clothing,Jeans,68.95,3,0.15,Credit Card,Returning,4.3,175.82
ORD104776,2025-02-14,1420,37.0,Male,Peshawar,West,Electronics,Headphones,123.08,3,0.2,Debit Card,New,3.2,295.39
ORD102180,2025-02-14,1161,35.0,Male,Rawalpindi,North,Electronics,Headphones,120.04,2,0.0,Debit Card,New,4.7,240.08
ORD103351,2025-02-15,1579,33.0,Female,Faisalabad,East,Clothing,Shoes,95.79,4,0.3,Debit Card,Returning,3.1,268.21
ORD103097,2025-02-15,1205,28.0,Male,Lahore,East,Electronics,Mouse,33.14,4,0.05,Bank Transfer,New,3.5,125.93
ORD100004,2025-02-15,1107,34.0,Female,Faisalabad,East,Clothing,T-Shirt,28.07,1,0.0,Credit Card,New,2.7,28.07
ORD100512,2025-02-15,1285,43.0,Male,Multan,South,Clothing,Shoes,97.78,5,0.15,Bank Transfer,New,3.5,415.56
ORD104159,2025-02-15,1175,40.0,Female,Lahore,East,Accessories,Sunglasses,83.66,7,0.15,Bank Transfer,New,2.6,497.78
ORD103440,2025-02-15,1695,20.0,Male,Multan,South,Electronics,Smartphone,799.81,5,0.15,Debit Card,VIP,2.8,3399.19
ORD103786,2025-02-15,1214,39.0,Female,Quetta,West,Accessories,Wallet,40.67,3,0.2,Digital Wallet,Returning,5.0,97.61
ORD101562,2025-02-15,1571,32.0,Female,Rawalpindi,North,Electronics,Smartphone,751.23,2,0.3,Credit Card,New,3.0,1051.72
ORD100067,2025-02-16,1509,19.0,Female,Multan,South,Accessories,Wallet,48.95,1,0.1,Credit Card,Returning,,44.06
ORD104145,2025-02-16,1230,50.0,Female,Quetta,West,Electronics,Smartwatch,225.83,1,0.0,Credit Card,Returning,5.0,225.83
ORD102197,2025-02-16,1184,18.0,Male,Karachi,South,Electronics,Laptop,1097.12,5,0.0,Digital Wallet,Returning,3.5,5485.6
ORD104756,2025-02-16,1154,22.0,Female,Faisalabad,East,Clothing,Jeans,56.9,1,0.0,Bank Transfer,New,4.8,56.9
ORD102293,2025-02-16,1777,51.0,Male,Karachi,South,Electronics,Headphones,115.14,3,0.0,Debit Card,Returning,,345.42
ORD101472,2025-02-16,1558,27.0,Female,Faisalabad,East,Clothing,T-Shirt,29.5,2,0.25,Bank Transfer,Returning,4.5,44.25
ORD103767,2025-02-16,1383,33.0,Female,Peshawar,West,Electronics,Tablet,536.32,1,0.05,Debit Card,New,2.4,509.5
ORD100112,2025-02-17,1648,30.0,Male,Faisalabad,East,Electronics,Keyboard,71.42,2,0.1,Debit Card,Returning,5.0,128.56
ORD101415,2025-02-17,1714,43.0,Male,Rawalpindi,North,Electronics,Headphones,113.17,3,0.0,Bank Transfer,Returning,5.0,339.51
ORD102692,2025-02-17,1661,33.0,Male,Lahore,East,Electronics,Smartphone,739.85,1,0.15,Cash,Returning,3.7,628.87
ORD102892,2025-02-17,1463,23.0,Female,Quetta,West,Electronics,Headphones,124.45,2,0.05,Digital Wallet,Returning,3.5,236.46
ORD104851,2025-02-18,1494,41.0,Male,Quetta,West,Accessories,Backpack,56.62,1,0.0,Credit Card,Returning,4.3,56.62
ORD104420,2025-02-18,1749,21.0,Female,Rawalpindi,North,Accessories,Sunglasses,80.21,1,0.1,Cash,VIP,,72.19
ORD100839,2025-02-18,1717,36.0,Female,Quetta,West,Accessories,Sunglasses,81.81,1,0.15,Bank Transfer,Returning,3.9,69.54
ORD102023,2025-02-18,1410,29.0,Male,Rawalpindi,North,Electronics,Mouse,32.13,3,0.0,Credit Card,New,3.9,96.39
ORD104552,2025-02-18,1489,49.0,Female,Lahore,East,Clothing,Jacket,107.4,4,0.2,Debit Card,Returning,3.9,343.68
ORD103368,2025-02-18,1210,36.0,Female,Peshawar,West,Electronics,Keyboard,68.16,2,0.0,Credit Card,New,4.7,136.32
ORD104124,2025-02-18,1525,18.0,Male,Karachi,South,Electronics,Smartphone,747.82,2,0.0,Credit Card,New,5.0,1495.64
ORD102879,2025-02-18,1345,18.0,Male,Karachi,South,Clothing,Shoes,84.81,1,0.0,Debit Card,New,4.5,84.81
ORD104454,2025-02-18,1558,51.0,Female,Islamabad,North,Electronics,Mouse,35.12,4,0.0,Debit Card,New,3.7,140.48
ORD100258,2025-02-18,1294,34.0,Male,Quetta,West,Electronics,Headphones,117.85,4,0.0,Credit Card,Returning,3.4,471.4
ORD103975,2025-02-18,1023,26.0,Male,Karachi,South,Electronics,Headphones,130.9,4,0.3,Bank Transfer,New,4.6,366.52
ORD101111,2025-02-18,1777,18.0,Male,Islamabad,North,Clothing,Jeans,62.14,5,0.1,Cash,New,3.6,279.63
ORD100946,2025-02-19,1073,45.0,Male,Rawalpindi,North,Electronics,Mouse,39.5,2,0.05,Credit Card,Returning,4.8,75.05
ORD103150,2025-02-19,1354,51.0,Female,Quetta,West,Electronics,Smartphone,736.13,6,0.05,Digital Wallet,Returning,4.3,4195.94
ORD104926,2025-02-19,1052,41.0,Female,Faisalabad,East,Electronics,Monitor,316.4,1,0.0,Bank Transfer,Returning,4.3,316.4
ORD104924,2025-02-19,1061,28.0,Female,Rawalpindi,North,Electronics,Keyboard,70.32,2,0.25,Digital Wallet,New,3.8,105.48
ORD101571,2025-02-19,1794,20.0,Female,Islamabad,North,Electronics,Mouse,37.41,3,0.2,Bank Transfer,VIP,4.3,89.78
ORD103248,2025-02-19,1259,18.0,Female,Multan,South,Electronics,Headphones,115.34,2,0.1,Debit Card,Returning,3.0,207.61
ORD102731,2025-02-19,1021,29.0,Male,Lahore,East,Electronics,Smartphone,738.35,1,0.1,Debit Card,Returning,4.0,664.52
ORD100625,2025-02-19,1396,27.0,Female,Quetta,West,Clothing,Shoes,86.82,1,0.15,Bank Transfer,New,3.9,73.8
ORD104205,2025-02-19,1124,21.0,Male,Karachi,South,Electronics,Laptop,1116.0,4,0.25,Credit Card,New,3.5,3348.0
ORD100050,2025-02-19,1647,22.0,Male,Karachi,South,Electronics,Mouse,38.04,2,0.1,Cash,Returning,5.0,68.47
ORD100598,2025-02-20,1739,22.0,Male,Quetta,West,Electronics,Tablet,450.54,1,0.2,Digital Wallet,VIP,5.0,360.43
ORD103144,2025-02-21,1598,30.0,Male,Rawalpindi,North,Electronics,Monitor,306.58,1,0.0,Digital Wallet,Returning,4.6,306.58
ORD104591,2025-02-21,1100,26.0,Male,Multan,South,Electronics,Keyboard,71.02,1,0.1,Digital Wallet,Returning,4.3,63.92
ORD104352,2025-02-22,1074,18.0,Male,Multan,South,Electronics,Mouse,37.8,1,0.05,Credit Card,Returning,4.2,35.91
ORD104179,2025-02-22,1484,31.0,Female,Lahore,East,Clothing,T-Shirt,30.26,2,0.0,Debit Card,New,2.8,60.52
ORD100869,2025-02-22,1578,46.0,Male,Karachi,South,Electronics,Headphones,122.14,3,0.15,Credit Card,New,3.4,311.46
ORD101722,2025-02-22,1635,18.0,Male,Multan,South,Clothing,Jacket,122.36,2,0.1,Debit Card,New,4.1,220.25
ORD103053,2025-02-22,1757,32.0,Male,Multan,South,Electronics,Smartwatch,238.51,3,0.15,Bank Transfer,Returning,4.9,608.2
ORD100867,2025-02-22,1207,34.0,Female,Multan,South,Electronics,Monitor,285.89,2,0.0,Bank Transfer,New,3.6,571.78
ORD102897,2025-02-23,1278,32.0,Female,Peshawar,West,Clothing,Jeans,68.99,2,0.0,Debit Card,New,3.6,137.98
ORD103197,2025-02-23,1726,27.0,Female,Quetta,West,Clothing,Jacket,121.7,1,0.05,Credit Card,Returning,4.2,115.62
ORD101227,2025-02-23,1141,38.0,Female,Multan,South,Electronics,Laptop,1190.78,1,0.25,Digital Wallet,New,4.5,893.08
ORD101634,2025-02-23,1697,18.0,Female,Peshawar,West,Clothing,Jacket,106.09,7,0.0,Credit Card,New,3.9,742.63
ORD102867,2025-02-23,1302,42.0,Male,Multan,South,Electronics,Smartphone,725.79,4,0.0,Digital Wallet,Returning,4.0,2903.16
ORD102806,2025-02-23,1648,24.0,Female,Faisalabad,East,Electronics,Monitor,263.82,1,0.25,Cash,New,4.2,197.86
ORD100419,2025-02-23,1039,38.0,Male,Multan,South,Clothing,Jeans,56.34,3,0.25,Cash,New,3.6,126.77
ORD104095,2025-02-23,1162,53.0,Female,Islamabad,North,Electronics,Mouse,38.05,8,0.15,Bank Transfer,New,,258.74
ORD102740,2025-02-24,1425,36.0,Male,Multan,South,Clothing,T-Shirt,29.37,7,0.2,Credit Card,New,4.8,164.47
ORD104373,2025-02-24,1010,31.0,Female,Peshawar,West,Electronics,Monitor,308.13,7,0.0,Digital Wallet,Returning,3.8,2156.91
ORD101171,2025-02-24,1554,45.0,Female,Quetta,West,Electronics,Laptop,1149.14,2,0.0,Digital Wallet,VIP,3.9,2298.28
ORD103394,2025-02-24,1727,40.0,Female,Multan,South,Electronics,Tablet,470.02,1,0.0,Digital Wallet,Returning,4.4,470.02
ORD101479,2025-02-24,1371,24.0,Female,Peshawar,West,Accessories,Backpack,51.4,2,0.25,Cash,New,3.2,77.1
ORD101378,2025-02-24,1165,25.0,Male,Karachi,South,Electronics,Monitor,290.07,2,0.0,Bank Transfer,Returning,4.7,580.14
ORD101538,2025-02-24,1613,44.0,Female,Lahore,East,Electronics,Monitor,317.56,4,0.0,Debit Card,VIP,5.0,1270.24
ORD100507,2025-02-25,1154,36.0,Male,Peshawar,West,Electronics,Headphones,128.44,1,0.25,Credit Card,Returning,5.0,96.33
ORD103796,2025-02-25,1613,42.0,Female,Rawalpindi,North,Electronics,Laptop,1207.84,3,0.0,Digital Wallet,New,3.6,3623.52
ORD104860,2025-02-25,1796,36.0,Female,Faisalabad,East,Clothing,T-Shirt,28.06,7,0.2,Digital Wallet,Returning,3.7,157.14
ORD104483,2025-02-25,1700,43.0,Male,Peshawar,West,Electronics,Mouse,35.18,2,0.25,Debit Card,VIP,4.3,52.77
ORD100518,2025-02-25,1453,27.0,Male,Faisalabad,East,Accessories,Backpack,54.96,1,0.2,Credit Card,New,3.2,43.97
ORD102609,2025-02-25,1580,41.0,Female,Islamabad,North,Clothing,Shoes,85.83,3,0.15,Digital Wallet,Returning,4.4,218.87
ORD101431,2025-02-25,1201,31.0,Female,Rawalpindi,North,Clothing,Shoes,90.61,1,0.2,Bank Transfer,New,4.0,72.49
ORD101537,2025-02-25,1275,27.0,Female,Multan,South,Electronics,Laptop,1270.71,1,0.0,Bank Transfer,Returning,3.7,1270.71
ORD104906,2025-02-25,1021,35.0,Male,Karachi,South,Clothing,Shoes,89.83,1,0.05,Credit Card,Returning,5.0,85.34
ORD102781,2025-02-25,1366,29.0,Male,Rawalpindi,North,Electronics,Smartwatch,204.52,1,0.05,Digital Wallet,New,3.6,194.29
ORD102547,2025-02-25,1180,21.0,Female,Quetta,West,Electronics,Monitor,313.64,1,0.1,Bank Transfer,Returning,4.6,282.28
ORD102112,2025-02-25,1502,24.0,Male,Karachi,South,Electronics,Smartphone,744.01,2,0.2,Cash,New,3.9,1190.42
ORD101124,2025-02-26,1547,24.0,Female,Quetta,West,Electronics,Smartwatch,225.59,1,0.1,Cash,New,4.1,203.03
ORD101521,2025-02-26,1641,55.0,Female,Faisalabad,East,Electronics,Keyboard,73.87,4,0.15,Credit Card,Returning,4.2,251.16
ORD100913,2025-02-26,1663,32.0,Male,Multan,South,Electronics,Smartphone,830.52,3,0.0,Cash,Returning,3.1,2491.56
ORD103017,2025-02-26,1146,36.0,Female,Rawalpindi,North,Electronics,Mouse,37.65,5,0.0,Credit Card,New,4.9,188.25
ORD103930,2025-02-26,1123,52.0,Male,Karachi,South,Clothing,Jeans,65.93,3,0.0,Debit Card,New,4.5,197.79
ORD104681,2025-02-26,1404,27.0,Female,Quetta,West,Clothing,Shoes,93.27,1,0.0,Debit Card,New,3.3,93.27
ORD101188,2025-02-27,1196,50.0,Female,Karachi,South,Clothing,Shoes,97.37,2,0.1,Debit Card,New,2.6,175.27
ORD100443,2025-02-27,1698,35.0,Female,Peshawar,West,Clothing,Jacket,117.58,1,0.1,Bank Transfer,VIP,4.4,105.82
ORD103023,2025-02-27,1303,18.0,Female,Peshawar,West,Electronics,Smartwatch,223.33,5,0.0,Digital Wallet,VIP,3.4,1116.65
ORD102362,2025-02-27,1312,51.0,Female,Rawalpindi,North,Electronics,Laptop,1120.66,2,0.0,Credit Card,Returning,4.1,2241.32
ORD104062,2025-02-27,1713,23.0,Male,Quetta,West,Accessories,Sunglasses,78.45,1,0.1,Credit Card,New,4.5,70.6
ORD100628,2025-02-27,1076,18.0,Male,Lahore,East,Clothing,Shoes,87.25,4,0.1,Digital Wallet,New,4.3,314.1
ORD100931,2025-02-27,1005,63.0,Male,Multan,South,Electronics,Headphones,122.43,3,0.05,Debit Card,New,4.8,348.93
ORD103437,2025-02-28,1632,36.0,Female,Rawalpindi,North,Clothing,T-Shirt,29.83,5,0.0,Digital Wallet,VIP,4.0,149.15
ORD100315,2025-02-28,1673,57.0,Male,Multan,South,Accessories,Backpack,56.71,1,0.1,Credit Card,New,4.7,51.04
ORD104839,2025-02-28,1275,18.0,Female,Peshawar,West,Electronics,Keyboard,69.2,1,0.0,Digital Wallet,Returning,2.5,69.2
ORD102817,2025-02-28,1378,18.0,Female,Rawalpindi,North,Electronics,Smartphone,759.25,4,0.0,Bank Transfer,Returning,3.5,3037.0
ORD101615,2025-02-28,1311,50.0,Female,Rawalpindi,North,Accessories,Backpack,53.19,8,0.0,Credit Card,New,3.7,425.52
ORD102199,2025-02-28,1427,45.0,Male,Lahore,East,Electronics,Monitor,291.9,2,0.2,Bank Transfer,Returning,2.8,467.04
ORD100061,2025-02-28,1565,24.0,Female,Islamabad,North,Clothing,Shoes,100.86,1,0.0,Credit Card,Returning,3.3,100.86
ORD103805,2025-02-28,1140,40.0,Female,Multan,South,Accessories,Sunglasses,83.31,1,0.0,Debit Card,Returning,3.2,83.31
ORD104925,2025-03-01,1319,19.0,Female,Lahore,East,Electronics,Smartphone,795.96,3,0.1,Debit Card,Returning,2.8,2149.09
ORD102978,2025-03-01,1119,45.0,Male,Faisalabad,East,Accessories,Sunglasses,80.56,2,0.0,Credit Card,Returning,4.0,161.12
ORD102151,2025-03-01,1284,20.0,Female,Karachi,South,Clothing,T-Shirt,27.18,3,0.25,Debit Card,New,4.4,61.15
ORD100811,2025-03-01,1795,55.0,Male,Multan,South,Electronics,Smartphone,791.33,1,0.15,Credit Card,Returning,4.8,672.63
ORD101554,2025-03-01,1374,24.0,Female,Peshawar,West,Clothing,Shoes,91.92,3,0.0,Digital Wallet,Returning,3.0,275.76
ORD102102,2025-03-01,1478,45.0,Male,Rawalpindi,North,Clothing,Shoes,90.51,1,0.2,Digital Wallet,Returning,4.6,72.41
ORD103308,2025-03-01,1728,26.0,Male,Quetta,West,Clothing,Jeans,63.54,5,0.3,Bank Transfer,VIP,3.9,222.39
ORD103469,2025-03-01,1343,18.0,Female,Karachi,South,Electronics,Mouse,31.53,1,0.2,Credit Card,New,3.6,25.22
ORD101358,2025-03-02,1767,28.0,Male,Islamabad,North,Accessories,Backpack,54.88,6,0.0,Digital Wallet,New,2.9,329.28
ORD104539,2025-03-02,1505,41.0,Male,Karachi,South,Accessories,Backpack,48.74,2,0.15,Credit Card,Returning,3.6,82.86
ORD101452,2025-03-02,1153,21.0,Female,Lahore,East,Electronics,Keyboard,72.31,2,0.1,Credit Card,Returning,3.5,130.16
ORD101637,2025-03-02,1748,63.0,Female,Karachi,South,Electronics,Keyboard,73.8,1,0.2,Bank Transfer,Returning,3.6,59.04
ORD101075,2025-03-02,1173,35.0,Male,Multan,South,Electronics,Tablet,464.66,3,0.25,Credit Card,New,3.2,1045.49
ORD102356,2025-03-02,1351,18.0,Female,Peshawar,West,Electronics,Keyboard,74.44,7,0.0,Cash,Returning,3.9,521.08
ORD102903,2025-03-03,1515,44.0,Female,Quetta,West,Accessories,Backpack,58.56,1,0.0,Debit Card,VIP,2.6,58.56
ORD101618,2025-03-03,1546,20.0,Female,Quetta,West,Electronics,Keyboard,69.36,4,0.2,Debit Card,Returning,2.1,221.95
ORD101688,2025-03-03,1753,50.0,Female,Quetta,West,Electronics,Smartwatch,194.21,2,0.2,Credit Card,Returning,4.1,310.74
ORD104203,2025-03-03,1205,24.0,Female,Multan,South,Electronics,Mouse,33.96,3,0.0,Cash,VIP,4.5,101.88
ORD100479,2025-03-03,1058,37.0,Female,Multan,South,Accessories,Sunglasses,75.68,5,0.0,Digital Wallet,VIP,3.8,378.4
ORD104450,2025-03-03,1368,37.0,Male,Karachi,South,Clothing,Shoes,95.33,1,0.05,Cash,New,4.4,90.56
ORD103074,2025-03-03,1182,44.0,Female,Islamabad,North,Electronics,Mouse,36.66,5,0.25,Cash,New,3.2,137.48
ORD100131,2025-03-04,1033,53.0,Male,Multan,South,Accessories,Backpack,62.63,2,0.0,Credit Card,New,3.9,125.26
ORD102360,2025-03-04,1159,25.0,Male,Peshawar,West,Electronics,Mouse,35.19,1,0.0,Cash,VIP,4.6,35.19
ORD101400,2025-03-04,1707,46.0,Male,Karachi,South,Clothing,Jeans,62.3,2,0.0,Digital Wallet,New,4.8,124.6
ORD101569,2025-03-04,1711,45.0,Female,Karachi,South,Clothing,T-Shirt,30.42,3,0.25,Digital Wallet,New,3.8,68.45
ORD100892,2025-03-04,1081,20.0,Female,Lahore,East,Clothing,T-Shirt,31.22,3,0.15,Debit Card,Returning,5.0,79.61
ORD100829,2025-03-04,1714,55.0,Female,Islamabad,North,Clothing,Jacket,110.01,1,0.05,Credit Card,VIP,5.0,104.51
ORD103024,2025-03-04,1118,38.0,Male,Islamabad,North,Electronics,Laptop,1170.08,8,0.15,Debit Card,Returning,3.2,7956.54
ORD103907,2025-03-04,1127,18.0,Male,Lahore,East,Clothing,Jeans,75.09,1,0.05,Debit Card,New,3.0,71.34
ORD103655,2025-03-04,1429,37.0,Female,Peshawar,West,Electronics,Mouse,30.34,3,0.05,Digital Wallet,Returning,5.0,86.47
ORD100070,2025-03-04,1206,36.0,Male,Lahore,East,Electronics,Smartphone,766.38,7,0.1,Bank Transfer,Returning,4.6,4828.19
ORD102819,2025-03-04,1190,27.0,Male,Islamabad,North,Electronics,Mouse,35.06,2,0.05,Credit Card,New,2.8,66.61
ORD101665,2025-03-04,1440,19.0,Female,Multan,South,Electronics,Smartphone,744.67,2,0.0,Debit Card,Returning,4.5,1489.34
ORD101799,2025-03-04,1258,29.0,Male,Faisalabad,East,Accessories,Backpack,55.0,1,0.1,Debit Card,Returning,5.0,49.5
ORD103690,2025-03-05,1202,20.0,Male,Rawalpindi,North,Electronics,Smartphone,662.68,2,0.3,Digital Wallet,Returning,3.7,927.75
ORD100329,2025-03-05,1338,32.0,Male,Faisalabad,East,Electronics,Tablet,487.39,2,0.15,Credit Card,New,4.1,828.56
ORD101016,2025-03-06,1111,29.0,Male,Peshawar,West,Electronics,Laptop,1110.14,3,0.1,Digital Wallet,New,3.9,2997.38
ORD101055,2025-03-06,1229,38.0,Female,Faisalabad,East,Clothing,T-Shirt,31.6,2,0.1,Digital Wallet,New,3.1,56.88
ORD102187,2025-03-06,1242,25.0,Female,Quetta,West,Clothing,Shoes,90.32,7,0.25,Credit Card,VIP,4.9,474.18
ORD102172,2025-03-06,1797,34.0,Female,Multan,South,Electronics,Smartphone,841.14,5,0.0,Digital Wallet,New,3.7,4205.7
ORD104922,2025-03-06,1665,40.0,Female,Islamabad,North,Electronics,Smartphone,771.36,3,0.0,Digital Wallet,New,3.6,2314.08
ORD103838,2025-03-07,1754,47.0,Male,Peshawar,West,Accessories,Wallet,46.42,1,0.05,Debit Card,Returning,3.9,44.1
ORD101755,2025-03-07,1698,43.0,Male,Faisalabad,East,Electronics,Monitor,308.54,2,0.1,Digital Wallet,VIP,3.8,555.37
ORD100873,2025-03-07,1422,18.0,Male,Multan,South,Clothing,Jeans,63.97,1,0.1,Credit Card,Returning,3.9,57.57
ORD103441,2025-03-07,1016,21.0,Female,Faisalabad,East,Electronics,Mouse,35.21,1,0.0,Debit Card,New,5.0,35.21
ORD102008,2025-03-07,1264,29.0,Male,Rawalpindi,North,Clothing,Jeans,69.87,2,0.2,Bank Transfer,New,1.6,111.79
ORD104316,2025-03-07,1274,50.0,Female,Quetta,West,Electronics,Smartphone,750.83,3,0.0,Cash,VIP,3.0,2252.49
ORD101662,2025-03-07,1061,27.0,Male,Islamabad,North,Electronics,Smartwatch,219.34,5,0.0,Debit Card,Returning,4.8,1096.7
ORD104021,2025-03-08,1390,49.0,Male,Quetta,West,Electronics,Keyboard,69.45,3,0.15,Credit Card,New,3.7,177.1
ORD103628,2025-03-08,1678,40.0,Male,Quetta,West,Electronics,Monitor,307.09,5,0.15,Bank Transfer,New,5.0,1305.13
ORD100737,2025-03-08,1203,63.0,Male,Faisalabad,East,Electronics,Smartphone,707.4,1,0.2,Cash,VIP,4.6,565.92
ORD101567,2025-03-08,1778,27.0,Male,Multan,South,Electronics,Tablet,488.58,1,0.0,Credit Card,New,4.7,488.58
ORD102841,2025-03-08,1183,43.0,Female,Multan,South,Electronics,Smartphone,821.18,4,0.15,Bank Transfer,Returning,3.8,2792.01
ORD100025,2025-03-08,1386,31.0,Female,Multan,South,Electronics,Smartphone,762.59,1,0.05,Credit Card,New,4.1,724.46
ORD102416,2025-03-08,1662,40.0,Female,Karachi,South,Clothing,Shoes,97.09,3,0.25,Digital Wallet,New,4.0,218.45
ORD100261,2025-03-08,1198,52.0,Male,Faisalabad,East,Accessories,Backpack,52.0,2,0.0,Digital Wallet,Returning,3.6,104.0
ORD102395,2025-03-08,1580,26.0,Female,Lahore,East,Electronics,Laptop,1134.48,1,0.0,Credit Card,New,4.4,1134.48
ORD104117,2025-03-08,1054,43.0,Male,Multan,South,Electronics,Mouse,34.77,1,0.25,Debit Card,New,4.6,26.08
ORD103061,2025-03-08,1704,35.0,Female,Islamabad,North,Electronics,Monitor,315.58,2,0.05,Digital Wallet,New,3.5,599.6
ORD104813,2025-03-09,1757,22.0,Male,Rawalpindi,North,Electronics,Keyboard,78.67,1,0.1,Credit Card,Returning,3.5,70.8
ORD101892,2025-03-09,1659,30.0,Female,Rawalpindi,North,Clothing,Jacket,119.89,1,0.05,Digital Wallet,VIP,4.3,113.9
ORD100331,2025-03-09,1163,33.0,Female,Rawalpindi,North,Clothing,Jacket,117.91,2,0.0,Bank Transfer,Returning,4.9,235.82
ORD102252,2025-03-09,1781,50.0,Female,Lahore,East,Clothing,Jeans,61.98,4,0.25,Credit Card,VIP,3.1,185.94
ORD100722,2025-03-09,1505,30.0,Male,Faisalabad,East,Electronics,Headphones,119.81,3,0.05,Bank Transfer,Returning,4.5,341.46
ORD102820,2025-03-09,1767,26.0,Female,Islamabad,North,Electronics,Tablet,533.34,2,0.15,Debit Card,New,2.5,906.68
ORD100333,2025-03-09,1681,24.0,Male,Rawalpindi,North,Electronics,Monitor,295.48,2,0.0,Digital Wallet,New,3.7,590.96
ORD103577,2025-03-09,1602,22.0,Female,Rawalpindi,North,Clothing,Jeans,63.36,2,0.05,Bank Transfer,New,3.7,120.38
ORD101751,2025-03-10,1224,19.0,Male,Islamabad,North,Electronics,Mouse,34.53,1,0.1,Cash,New,4.1,31.08
ORD102659,2025-03-10,1101,24.0,Male,Islamabad,North,Electronics,Smartphone,716.41,2,0.05,Credit Card,VIP,3.8,1361.18
ORD100077,2025-03-10,1106,18.0,Female,Islamabad,North,Electronics,Laptop,1193.15,7,0.25,Credit Card,Returning,3.9,6264.04
ORD102174,2025-03-10,1119,28.0,Female,Islamabad,North,Clothing,T-Shirt,27.42,2,0.1,Cash,Returning,4.5,49.36
ORD101199,2025-03-10,1157,30.0,Female,Islamabad,North,Electronics,Keyboard,68.21,1,0.0,Bank Transfer,New,3.9,68.21
ORD101350,2025-03-10,1800,27.0,Male,Karachi,South,Electronics,Mouse,33.31,5,0.1,Cash,Returning,3.9,149.9
ORD101056,2025-03-11,1548,35.0,Female,Lahore,East,Electronics,Tablet,447.2,1,0.1,Cash,New,4.0,402.48
ORD102465,2025-03-11,1517,35.0,Male,Multan,South,Electronics,Smartphone,707.69,3,0.1,Bank Transfer,New,3.9,1910.76
ORD102987,2025-03-11,1698,27.0,Male,Peshawar,West,Electronics,Mouse,37.57,2,0.0,Bank Transfer,VIP,4.0,75.14
ORD102668,2025-03-11,1063,40.0,Female,Karachi,South,Clothing,Jeans,65.86,2,0.0,Debit Card,Returning,5.0,131.72
ORD104075,2025-03-12,1658,41.0,Female,Multan,South,Electronics,Smartwatch,221.12,3,0.2,Debit Card,Returning,3.6,530.69
ORD104355,2025-03-12,1512,23.0,Male,Islamabad,North,Electronics,Laptop,1193.67,1,0.25,Debit Card,VIP,5.0,895.25
ORD100198,2025-03-12,1377,18.0,Female,Islamabad,North,Clothing,Jacket,113.01,1,0.1,Credit Card,New,4.4,101.71
ORD103893,2025-03-12,1647,27.0,Female,Rawalpindi,North,Electronics,Smartwatch,194.51,3,0.0,Debit Card,New,3.8,583.53
ORD101306,2025-03-12,1701,50.0,Female,Peshawar,West,Electronics,Smartphone,740.2,4,0.1,Credit Card,VIP,4.0,2664.72
ORD102598,2025-03-13,1238,39.0,Male,Quetta,West,Accessories,Backpack,61.61,3,0.0,Digital Wallet,VIP,4.2,184.83
ORD102260,2025-03-13,1381,41.0,Male,Islamabad,North,Clothing,Shoes,84.89,1,0.0,Debit Card,New,2.9,84.89
ORD104564,2025-03-13,1509,22.0,Female,Peshawar,West,Clothing,Jeans,57.78,3,0.0,Bank Transfer,Returning,4.7,173.34
ORD103401,2025-03-13,1284,37.0,Male,Rawalpindi,North,Accessories,Wallet,44.41,1,0.05,Credit Card,VIP,3.5,42.19
ORD100790,2025-03-13,1390,20.0,Male,Rawalpindi,North,Accessories,Backpack,50.68,1,0.25,Digital Wallet,New,2.7,38.01
ORD101398,2025-03-13,1746,43.0,Female,Karachi,South,Clothing,Shoes,84.25,5,0.3,Digital Wallet,VIP,5.0,294.88
ORD100350,2025-03-13,1750,35.0,Female,Lahore,East,Electronics,Tablet,500.79,1,0.15,Cash,Returning,4.3,425.67
ORD104902,2025-03-13,1038,39.0,Female,Rawalpindi,North,Electronics,Monitor,294.31,1,0.15,Cash,New,4.4,250.16
ORD101679,2025-03-14,1575,43.0,Male,Peshawar,West,Accessories,Backpack,49.74,1,0.0,Digital Wallet,New,3.6,49.74
ORD100802,2025-03-14,1065,36.0,Male,Rawalpindi,North,Clothing,Jacket,113.96,1,0.0,Credit Card,New,4.2,113.96
ORD101814,2025-03-14,1448,40.0,Male,Rawalpindi,North,Accessories,Sunglasses,77.7,2,0.15,Credit Card,Returning,4.0,132.09
ORD102132,2025-03-14,1303,45.0,Female,Faisalabad,East,Clothing,Jeans,67.34,4,0.05,Debit Card,New,2.3,255.89
ORD103209,2025-03-14,1254,24.0,Male,Quetta,West,Electronics,Mouse,36.29,3,0.1,Digital Wallet,VIP,5.0,97.98
ORD103555,2025-03-14,1551,31.0,Male,Quetta,West,Electronics,Smartphone,716.77,2,0.3,Digital Wallet,New,5.0,1003.48
ORD100362,2025-03-14,1798,35.0,Female,Faisalabad,East,Clothing,T-Shirt,30.1,1,0.1,Digital Wallet,Returning,3.1,27.09
ORD100454,2025-03-14,1783,20.0,Female,Karachi,South,Electronics,Tablet,491.65,5,0.1,Credit Card,Returning,3.5,2212.43
ORD102110,2025-03-14,1553,18.0,Male,Multan,South,Clothing,Shoes,90.67,1,0.0,Debit Card,Returning,4.6,90.67
ORD101954,2025-03-14,1607,26.0,Female,Faisalabad,East,Electronics,Keyboard,63.63,3,0.1,Debit Card,Returning,5.0,171.8
ORD104728,2025-03-14,1553,39.0,Female,Islamabad,North,Electronics,Tablet,573.18,1,0.0,Credit Card,Returning,4.4,573.18
ORD101699,2025-03-14,1099,57.0,Male,Islamabad,North,Electronics,Keyboard,69.65,2,0.05,Bank Transfer,New,3.2,132.34
ORD101352,2025-03-14,1391,35.0,Female,Multan,South,Clothing,Shoes,93.3,8,0.05,Digital Wallet,New,3.1,709.08
ORD101727,2025-03-14,1332,20.0,Male,Faisalabad,East,Clothing,Shoes,89.89,2,0.05,Debit Card,New,3.4,170.79
ORD100487,2025-03-14,1641,64.0,Male,Rawalpindi,North,Accessories,Sunglasses,72.69,3,0.25,Bank Transfer,New,,163.55
ORD104445,2025-03-14,1754,44.0,Female,Rawalpindi,North,Electronics,Laptop,1248.84,1,0.25,Credit Card,Returning,5.0,936.63
ORD104149,2025-03-14,1687,39.0,Female,Faisalabad,East,Electronics,Monitor,309.34,4,0.1,Debit Card,New,4.5,1113.62
ORD101695,2025-03-15,1047,34.0,Female,Peshawar,West,Clothing,Jeans,65.93,3,0.05,Credit Card,New,3.5,187.9
ORD101232,2025-03-15,1683,26.0,Female,Peshawar,West,Electronics,Keyboard,72.13,3,0.25,Credit Card,New,3.7,162.29
ORD102143,2025-03-15,1257,57.0,Female,Faisalabad,East,Accessories,Backpack,52.64,2,0.0,Cash,Returning,3.9,105.28
ORD101347,2025-03-15,1087,38.0,Female,Faisalabad,East,Clothing,Shoes,95.61,1,0.25,Credit Card,Returning,5.0,71.71
ORD102213,2025-03-15,1776,28.0,Female,Islamabad,North,Electronics,Headphones,110.25,6,0.05,Digital Wallet,New,2.9,628.42
ORD104427,2025-03-15,1099,26.0,Male,Islamabad,North,Clothing,Jeans,68.16,3,0.25,Debit Card,Returning,4.0,153.36
ORD104032,2025-03-15,1428,36.0,Female,Lahore,East,Electronics,Mouse,33.13,1,0.05,Digital Wallet,Returning,2.9,31.47
ORD104255,2025-03-16,1242,18.0,Male,Lahore,East,Clothing,Jeans,64.98,3,0.05,Debit Card,New,3.8,185.19
ORD103250,2025-03-16,1626,39.0,Female,Quetta,West,Clothing,Shoes,92.33,3,0.0,Credit Card,Returning,4.6,276.99
ORD104657,2025-03-16,1033,23.0,Male,Faisalabad,East,Electronics,Mouse,37.23,8,0.0,Debit Card,Returning,3.8,297.84
ORD103645,2025-03-16,1408,30.0,Female,Faisalabad,East,Accessories,Backpack,49.76,8,0.05,Digital Wallet,Returning,4.7,378.18
ORD101109,2025-03-16,1329,27.0,Male,Karachi,South,Clothing,Shoes,86.99,3,0.1,,New,5.0,234.87
ORD101085,2025-03-16,1113,33.0,Female,Multan,South,Clothing,Shoes,96.16,4,0.2,Digital Wallet,Returning,3.9,307.71
ORD101442,2025-03-16,1727,52.0,Female,Faisalabad,East,Clothing,Jeans,70.58,2,0.1,Credit Card,Returning,4.5,127.04
ORD101333,2025-03-16,1502,28.0,Male,Islamabad,North,Accessories,Backpack,53.75,1,0.25,Credit Card,Returning,4.0,40.31
ORD101647,2025-03-16,1429,33.0,Female,Multan,South,Electronics,Laptop,1164.7,5,0.3,Digital Wallet,VIP,5.0,4076.45
ORD102582,2025-03-16,1578,21.0,Male,Rawalpindi,North,Electronics,Mouse,34.43,4,0.15,Digital Wallet,Returning,1.4,117.06
ORD100147,2025-03-17,1218,30.0,Male,Peshawar,West,Electronics,Smartphone,765.45,5,0.15,Digital Wallet,Returning,5.0,3253.16
ORD100266,2025-03-17,1201,18.0,Female,Quetta,West,Electronics,Keyboard,70.0,2,0.1,Credit Card,Returning,3.8,126.0
ORD101502,2025-03-17,1762,40.0,Female,Karachi,South,Accessories,Backpack,51.61,1,0.0,Debit Card,New,3.5,51.61
ORD102445,2025-03-17,1218,63.0,Male,Lahore,East,Electronics,Smartphone,763.29,1,0.05,Credit Card,New,3.4,725.13
ORD103212,2025-03-17,1554,49.0,Female,Peshawar,West,Electronics,Tablet,490.35,2,0.3,Credit Card,VIP,5.0,686.49
ORD102084,2025-03-17,1774,52.0,Male,Islamabad,North,Clothing,Jacket,100.18,5,0.1,Cash,Returning,4.0,450.81
ORD103333,2025-03-17,1651,43.0,Male,Multan,South,Electronics,Smartphone,828.37,3,0.05,Bank Transfer,New,4.4,2360.85
ORD102338,2025-03-17,1669,25.0,Male,Rawalpindi,North,Accessories,Backpack,52.69,6,0.0,Bank Transfer,New,3.4,316.14
ORD104096,2025-03-17,1728,38.0,Female,Multan,South,Electronics,Keyboard,68.34,4,0.1,Credit Card,New,3.5,246.02
ORD100776,2025-03-18,1732,35.0,Male,Peshawar,West,Clothing,T-Shirt,31.62,1,0.0,Digital Wallet,Returning,5.0,31.62
ORD102527,2025-03-18,1743,27.0,Male,Quetta,West,Electronics,Keyboard,66.09,2,0.2,Debit Card,Returning,4.3,105.74
ORD102633,2025-03-18,1345,49.0,Male,Karachi,South,Accessories,Sunglasses,78.84,2,0.25,Cash,Returning,3.0,118.26
ORD103837,2025-03-18,1499,49.0,Male,Rawalpindi,North,Accessories,Wallet,50.0,2,0.0,Debit Card,Returning,3.5,100.0
ORD104601,2025-03-18,1674,18.0,Male,Quetta,West,Electronics,Smartwatch,232.48,2,0.2,Digital Wallet,Returning,5.0,371.97
ORD101578,2025-03-18,1519,18.0,Female,Multan,South,Clothing,T-Shirt,33.09,5,0.15,Digital Wallet,VIP,2.8,140.63
ORD101366,2025-03-18,1609,24.0,Male,Quetta,West,Electronics,Tablet,476.97,1,0.15,Debit Card,New,2.8,405.42
ORD102918,2025-03-19,1186,23.0,Male,Peshawar,West,Electronics,Smartwatch,221.33,8,0.0,Debit Card,Returning,4.5,1770.64
ORD104525,2025-03-19,1272,37.0,Female,Multan,South,Electronics,Mouse,34.58,4,0.05,Credit Card,New,4.2,131.4
ORD102348,2025-03-19,1002,34.0,Male,Quetta,West,Accessories,Sunglasses,85.17,1,0.05,Bank Transfer,New,4.4,80.91
ORD101165,2025-03-19,1039,31.0,Female,Peshawar,West,Electronics,Monitor,298.18,3,0.05,Debit Card,New,2.7,849.81
ORD100482,2025-03-19,1474,54.0,Female,Lahore,East,Electronics,Tablet,512.49,1,0.0,Cash,New,4.8,512.49
ORD101723,2025-03-19,1541,43.0,Female,Rawalpindi,North,Electronics,Mouse,38.19,1,0.05,Digital Wallet,New,4.0,36.28
ORD104384,2025-03-19,1601,25.0,Male,Quetta,West,Electronics,Headphones,122.2,3,0.15,Debit Card,New,4.6,311.61
ORD101645,2025-03-19,1689,28.0,Female,Karachi,South,Accessories,Backpack,57.6,3,0.1,Cash,New,4.5,155.52
ORD104331,2025-03-19,1247,36.0,Female,Lahore,East,Clothing,Shoes,93.89,4,0.1,Bank Transfer,Returning,4.2,338.0
ORD103211,2025-03-19,1097,39.0,Male,Karachi,South,Clothing,Jeans,69.49,3,0.05,Credit Card,New,3.9,198.05
ORD104055,2025-03-20,1536,18.0,Male,Karachi,South,Electronics,Smartphone,739.4,3,0.05,Digital Wallet,Returning,3.9,2107.29
ORD100835,2025-03-20,1457,32.0,Male,Peshawar,West,Electronics,Headphones,116.57,8,0.1,Credit Card,New,4.3,839.3
ORD100789,2025-03-20,1253,45.0,Female,Peshawar,West,Electronics,Laptop,1176.3,2,0.0,Cash,New,3.4,2352.6
ORD100157,2025-03-20,1691,29.0,Male,Lahore,East,Clothing,Shoes,81.45,3,0.05,Digital Wallet,New,4.1,232.13
ORD103701,2025-03-20,1688,23.0,Female,Faisalabad,East,Clothing,Jeans,66.24,3,0.25,Credit Card,Returning,3.2,149.04
ORD102936,2025-03-20,1112,37.0,Male,Multan,South,Electronics,Tablet,470.23,1,0.0,Bank Transfer,New,3.7,470.23
ORD102075,2025-03-20,1617,49.0,Female,Quetta,West,Clothing,Jeans,67.97,8,0.0,Credit Card,New,3.7,543.76
ORD102015,2025-03-21,1383,34.0,Male,Faisalabad,East,Electronics,Monitor,300.5,3,0.15,Digital Wallet,New,4.5,766.28
ORD102617,2025-03-21,1543,50.0,Female,Karachi,South,Clothing,Jacket,119.97,3,0.0,Bank Transfer,New,5.0,359.91
ORD100448,2025-03-21,1314,18.0,Female,Rawalpindi,North,Clothing,Jeans,63.38,3,0.0,Debit Card,New,2.1,190.14
ORD104036,2025-03-21,1083,42.0,Female,Peshawar,West,Electronics,Mouse,34.0,1,0.0,Credit Card,New,4.4,34.0
ORD100741,2025-03-21,1227,30.0,Female,Quetta,West,Electronics,Monitor,301.2,1,0.1,Cash,Returning,4.0,271.08
ORD102051,2025-03-21,1312,30.0,Female,Faisalabad,East,Electronics,Smartwatch,208.89,3,0.0,Bank Transfer,New,3.1,626.67
ORD103807,2025-03-21,1661,40.0,Male,Multan,South,Electronics,Monitor,304.56,1,0.05,Credit Card,Returning,2.9,289.33
ORD102947,2025-03-21,1014,26.0,Female,Islamabad,North,Clothing,T-Shirt,31.51,8,0.0,Bank Transfer,Returning,3.1,252.08
ORD102837,2025-03-21,1522,39.0,Female,Faisalabad,East,Clothing,Jeans,66.7,4,0.0,Digital Wallet,Returning,3.0,266.8
ORD104407,2025-03-21,1058,29.0,Male,Lahore,East,Electronics,Laptop,1234.45,4,0.05,Debit Card,New,4.3,4690.91
ORD102350,2025-03-22,1644,18.0,Male,Quetta,West,Clothing,Jeans,67.24,3,0.1,Credit Card,New,3.8,181.55
ORD100478,2025-03-22,1604,27.0,Female,Faisalabad,East,Clothing,Shoes,87.55,7,0.05,Credit Card,New,4.5,582.21
ORD104654,2025-03-22,1069,28.0,Female,Multan,South,Clothing,Shoes,95.13,2,0.0,Debit Card,Returning,3.9,190.26
ORD103247,2025-03-22,1387,39.0,Male,Karachi,South,Electronics,Smartwatch,224.46,5,0.15,Debit Card,Returning,2.6,953.96
ORD102019,2025-03-22,1208,27.0,Female,Multan,South,Electronics,Tablet,504.21,5,0.25,Credit Card,VIP,5.0,1890.79
ORD102581,2025-03-22,1675,38.0,Male,Multan,South,Clothing,Shoes,88.98,2,0.1,Credit Card,Returning,4.2,160.16
ORD100681,2025-03-22,1165,24.0,Male,Faisalabad,East,Clothing,Shoes,91.58,7,0.0,Cash,Returning,3.9,641.06
ORD100939,2025-03-22,1233,50.0,Male,Quetta,West,Clothing,Jeans,60.79,3,0.0,Digital Wallet,New,4.1,182.37
ORD103347,2025-03-22,1001,38.0,Female,Peshawar,West,Electronics,Monitor,300.37,1,0.1,Digital Wallet,New,4.1,270.33
ORD100854,2025-03-23,1118,31.0,Male,Rawalpindi,North,Clothing,T-Shirt,28.33,1,0.05,Digital Wallet,New,4.1,26.91
ORD101360,2025-03-23,1054,37.0,Male,Lahore,East,Electronics,Headphones,125.66,1,0.0,Credit Card,Returning,4.4,125.66
ORD104795,2025-03-23,1409,39.0,Female,Rawalpindi,North,Clothing,Shoes,99.52,4,0.05,Digital Wallet,Returning,4.6,378.18
ORD102095,2025-03-23,1552,43.0,Male,Multan,South,Clothing,Jacket,106.74,3,0.2,Debit Card,New,4.1,256.18
ORD103417,2025-03-23,1465,50.0,Female,Peshawar,West,Electronics,Headphones,114.24,1,0.15,Bank Transfer,VIP,3.9,97.1
ORD101002,2025-03-23,1126,48.0,Male,Rawalpindi,North,Electronics,Laptop,1249.72,2,0.05,Cash,New,4.0,2374.47
ORD100017,2025-03-24,1664,30.0,Male,Islamabad,North,Electronics,Smartwatch,223.45,1,0.0,Credit Card,Returning,3.9,223.45
ORD103502,2025-03-24,1769,27.0,Male,Karachi,South,Electronics,Smartphone,740.91,1,0.0,Credit Card,New,3.9,740.91
ORD104719,2025-03-24,1022,35.0,Male,Faisalabad,East,Electronics,Headphones,108.1,1,0.15,Digital Wallet,New,3.3,91.88
ORD100782,2025-03-24,1201,38.0,Female,Faisalabad,East,Clothing,Jeans,65.55,5,0.05,Debit Card,New,3.5,311.36
ORD102421,2025-03-25,1160,27.0,Male,Islamabad,North,Electronics,Smartphone,692.65,3,0.25,Credit Card,Returning,3.3,1558.46
ORD101550,2025-03-25,1661,41.0,Male,Karachi,South,Clothing,Shoes,99.42,7,0.1,Bank Transfer,New,3.2,626.35
ORD103732,2025-03-25,1170,30.0,Female,Faisalabad,East,Clothing,T-Shirt,27.84,2,0.15,Bank Transfer,Returning,3.5,47.33
ORD103124,2025-03-25,1313,25.0,Female,Multan,South,Accessories,Wallet,45.9,1,0.0,Credit Card,New,4.0,45.9
ORD100281,2025-03-25,1489,32.0,Female,Karachi,South,Electronics,Headphones,121.58,7,0.1,Digital Wallet,New,3.4,765.95
ORD100644,2025-03-25,1484,35.0,Male,Peshawar,West,Clothing,Shoes,92.52,1,0.1,Credit Card,Returning,3.2,83.27
ORD100243,2025-03-26,1638,34.0,Male,Multan,South,Electronics,Laptop,1368.94,3,0.05,Bank Transfer,Returning,4.3,3901.48
ORD100036,2025-03-26,1059,24.0,Female,Islamabad,North,Clothing,Jeans,60.72,6,0.0,Bank Transfer,New,3.4,364.32
ORD101601,2025-03-26,1364,39.0,Male,Quetta,West,Electronics,Headphones,131.9,1,0.15,Digital Wallet,New,3.6,112.12
ORD100511,2025-03-26,1697,22.0,Male,Islamabad,North,Accessories,Backpack,54.12,1,0.0,Digital Wallet,New,3.0,54.12
ORD104655,2025-03-27,1118,52.0,Female,Faisalabad,East,Clothing,T-Shirt,32.35,2,0.15,Credit Card,Returning,4.6,55.0
ORD103852,2025-03-27,1116,21.0,Male,Karachi,South,Clothing,Shoes,86.39,1,0.15,Credit Card,Returning,3.6,73.43
ORD100945,2025-03-27,1730,35.0,Male,Lahore,East,Clothing,T-Shirt,27.14,1,0.3,Debit Card,VIP,4.7,19.0
ORD104950,2025-03-27,1087,30.0,Male,Rawalpindi,North,Clothing,Shoes,95.78,3,0.05,Cash,New,3.8,272.97
ORD101245,2025-03-27,1296,50.0,Female,Faisalabad,East,Clothing,T-Shirt,33.91,3,0.0,Debit Card,Returning,3.5,101.73
ORD102243,2025-03-27,1602,38.0,Male,Islamabad,North,Electronics,Smartphone,729.52,2,0.05,Digital Wallet,VIP,3.1,1386.09
ORD102864,2025-03-27,1397,19.0,Male,Islamabad,North,Electronics,Laptop,1197.94,1,0.15,Debit Card,New,4.0,1018.25
ORD103313,2025-03-28,1798,22.0,Female,Karachi,South,Electronics,Smartwatch,218.93,1,0.0,Debit Card,New,4.8,218.93
ORD104894,2025-03-28,1088,23.0,Male,Multan,South,Electronics,Keyboard,77.52,2,0.0,Cash,New,5.0,155.04
ORD101572,2025-03-28,1086,39.0,Female,Quetta,West,Electronics,Headphones,112.09,4,0.05,Debit Card,New,4.9,425.94
ORD100439,2025-03-28,1800,34.0,Male,Faisalabad,East,Electronics,Laptop,1160.51,2,0.15,Bank Transfer,VIP,2.5,1972.87
ORD100920,2025-03-28,1281,24.0,Male,Multan,South,Electronics,Smartphone,758.51,2,0.05,Bank Transfer,VIP,2.8,1441.17
ORD102914,2025-03-28,1229,43.0,Female,Peshawar,West,Accessories,Sunglasses,78.64,1,0.1,Debit Card,New,3.8,70.78
ORD104965,2025-03-28,1495,33.0,Female,Lahore,East,Clothing,T-Shirt,30.57,3,0.0,Digital Wallet,New,3.9,91.71
ORD104012,2025-03-28,1154,44.0,Female,Lahore,East,Electronics,Laptop,1185.57,4,0.0,Credit Card,New,4.7,4742.28
ORD103718,2025-03-29,1155,34.0,Female,Peshawar,West,Electronics,Monitor,333.53,2,0.0,Bank Transfer,New,4.6,667.06
ORD104802,2025-03-29,1248,18.0,Female,Quetta,West,Clothing,Shoes,82.39,1,0.2,Digital Wallet,Returning,4.1,65.91
ORD100949,2025-03-29,1047,30.0,Female,Lahore,East,Electronics,Smartphone,730.68,2,0.15,Bank Transfer,New,3.7,1242.16
ORD103959,2025-03-29,1565,47.0,Female,Faisalabad,East,Electronics,Smartphone,759.54,1,0.0,Debit Card,New,4.5,759.54
ORD101224,2025-03-29,1363,30.0,Male,Islamabad,North,Clothing,Jacket,107.95,6,0.05,Bank Transfer,Returning,4.3,615.32
ORD104281,2025-03-30,1714,36.0,Female,Islamabad,North,Accessories,Backpack,56.26,2,0.05,Debit Card,Returning,4.3,106.89
ORD104833,2025-03-30,1304,35.0,Female,Rawalpindi,North,Electronics,Laptop,1327.5,1,0.0,Credit Card,VIP,3.5,1327.5
ORD104709,2025-03-30,1387,43.0,Male,Rawalpindi,North,Electronics,Headphones,107.98,1,0.1,Cash,Returning,5.0,97.18
ORD101498,2025-03-30,1406,28.0,Female,Karachi,South,Clothing,Jacket,104.22,5,0.0,Digital Wallet,Returning,3.6,521.1
ORD104667,2025-03-30,1452,23.0,Female,Rawalpindi,North,Clothing,T-Shirt,25.64,1,0.2,Bank Transfer,Returning,3.9,20.51
ORD103540,2025-03-30,1704,35.0,Female,Multan,South,Clothing,T-Shirt,29.73,4,0.15,Debit Card,New,3.0,101.08
ORD103818,2025-03-30,1529,43.0,Female,Faisalabad,East,Accessories,Sunglasses,76.62,1,0.25,Debit Card,Returning,2.3,57.46
ORD100225,2025-03-30,1268,56.0,Male,Rawalpindi,North,Clothing,Jeans,71.05,3,0.2,Digital Wallet,New,3.5,170.52
ORD102649,2025-03-30,1263,52.0,Male,Rawalpindi,North,Electronics,Laptop,1083.53,5,0.1,Credit Card,New,4.3,4875.88
ORD103409,2025-03-31,1375,29.0,Male,Rawalpindi,North,Clothing,T-Shirt,29.48,8,0.2,Digital Wallet,New,4.2,188.67
ORD104243,2025-03-31,1049,39.0,Female,Karachi,South,Electronics,Smartwatch,237.64,1,0.2,Debit Card,Returning,3.4,190.11
ORD102482,2025-04-01,1770,36.0,Male,Quetta,West,Electronics,Headphones,125.62,5,0.15,Digital Wallet,VIP,3.6,533.88
ORD101460,2025-04-01,1646,34.0,Male,Lahore,East,Accessories,Sunglasses,82.74,1,0.1,Credit Card,Returning,5.0,74.47
ORD104441,2025-04-01,1132,36.0,Male,Faisalabad,East,Accessories,Backpack,53.75,3,0.0,Digital Wallet,VIP,3.9,161.25
ORD100792,2025-04-01,1256,24.0,Male,Peshawar,West,Electronics,Smartwatch,224.11,1,0.0,Bank Transfer,Returning,4.3,224.11
ORD100933,2025-04-01,1604,30.0,Female,Faisalabad,East,Clothing,Jacket,106.49,1,0.15,Debit Card,Returning,5.0,90.52
ORD100242,2025-04-02,1403,42.0,Male,Faisalabad,East,Electronics,Monitor,321.7,1,0.25,Digital Wallet,New,4.0,241.27
ORD100909,2025-04-02,1043,37.0,Male,Karachi,South,Electronics,Laptop,1162.34,7,0.3,,Returning,3.7,5695.47
ORD100319,2025-04-02,1420,43.0,Female,Peshawar,West,Accessories,Backpack,51.76,5,0.15,Credit Card,New,4.1,219.98
ORD103505,2025-04-02,1262,22.0,Male,Faisalabad,East,Clothing,T-Shirt,31.38,2,0.05,Bank Transfer,New,3.3,59.62
ORD102721,2025-04-03,1624,18.0,Female,Rawalpindi,North,Accessories,Backpack,58.39,1,0.0,Digital Wallet,New,4.0,58.39
ORD102467,2025-04-03,1539,33.0,Male,Multan,South,Clothing,Shoes,97.96,2,0.2,Cash,Returning,4.7,156.74
ORD100994,2025-04-03,1485,42.0,Male,Faisalabad,East,Electronics,Smartphone,668.53,1,0.0,Credit Card,New,4.8,668.53
ORD100250,2025-04-03,1416,28.0,Female,Islamabad,North,Electronics,Tablet,484.29,8,0.05,Cash,New,2.9,3680.6
ORD104315,2025-04-03,1601,33.0,Male,Quetta,West,Clothing,Shoes,94.11,8,0.0,Debit Card,Returning,3.8,752.88
ORD102194,2025-04-03,1185,39.0,Male,Faisalabad,East,Clothing,Jacket,108.32,6,0.05,Debit Card,Returning,3.0,617.42
ORD103847,2025-04-04,1365,37.0,Male,Multan,South,Electronics,Mouse,33.59,1,0.1,Bank Transfer,VIP,5.0,30.23
ORD104156,2025-04-04,1693,51.0,Male,Lahore,East,Electronics,Laptop,1105.06,4,0.3,Credit Card,Returning,3.4,3094.17
ORD100714,2025-04-04,1660,,Male,Peshawar,West,Clothing,Jacket,115.9,5,0.15,Debit Card,New,3.5,492.58
ORD102595,2025-04-04,1782,31.0,Female,Karachi,South,Clothing,Shoes,92.73,2,0.1,Cash,Returning,4.5,166.91
ORD100682,2025-04-04,1422,28.0,Male,Lahore,East,Electronics,Laptop,1194.63,6,0.1,Credit Card,Returning,4.5,6451.0
ORD104898,2025-04-05,1754,40.0,Male,Islamabad,North,Electronics,Monitor,305.7,2,0.0,Bank Transfer,New,4.6,611.4
ORD103662,2025-04-05,1800,43.0,Male,Karachi,South,Electronics,Keyboard,80.0,4,0.15,Bank Transfer,Returning,5.0,272.0
ORD103192,2025-04-05,1655,39.0,Female,Quetta,West,Electronics,Headphones,123.05,2,0.05,Digital Wallet,Returning,4.1,233.8
ORD102862,2025-04-05,1530,36.0,Male,Islamabad,North,Electronics,Mouse,32.07,2,0.15,Debit Card,Returning,3.5,54.52
ORD101057,2025-04-05,1223,44.0,Female,Islamabad,North,Clothing,Jacket,102.93,1,0.15,Credit Card,New,3.4,87.49
ORD102748,2025-04-05,1242,30.0,Female,Faisalabad,East,Clothing,T-Shirt,31.37,1,0.1,Bank Transfer,VIP,3.8,28.23
ORD102270,2025-04-05,1279,41.0,Male,Faisalabad,East,Electronics,Smartphone,747.07,1,0.15,Digital Wallet,Returning,3.5,635.01
ORD104263,2025-04-06,1566,47.0,Male,Rawalpindi,North,Accessories,Backpack,51.73,2,0.05,Digital Wallet,New,4.4,98.29
ORD103664,2025-04-06,1195,52.0,Female,Islamabad,North,Electronics,Tablet,549.52,2,0.1,Credit Card,New,2.7,989.14
ORD100859,2025-04-06,1236,45.0,Female,Rawalpindi,North,Electronics,Monitor,283.05,1,0.1,Debit Card,VIP,5.0,254.74
ORD103636,2025-04-06,1235,30.0,Male,Lahore,East,Clothing,T-Shirt,30.17,2,0.0,Digital Wallet,Returning,3.8,60.34
ORD101248,2025-04-06,1779,48.0,Male,Quetta,West,Clothing,T-Shirt,30.65,2,0.15,Bank Transfer,Returning,4.1,52.1
ORD104786,2025-04-06,1370,33.0,Female,Peshawar,West,Electronics,Laptop,1217.91,1,0.2,Credit Card,VIP,,974.33
ORD100259,2025-04-06,1280,55.0,Male,Islamabad,North,Clothing,T-Shirt,27.95,1,0.2,Bank Transfer,New,3.4,22.36
ORD103126,2025-04-07,1314,58.0,Female,Islamabad,North,Electronics,Mouse,34.73,1,0.0,Bank Transfer,Returning,2.5,34.73
ORD104082,2025-04-07,1741,32.0,Male,Islamabad,North,Electronics,Tablet,518.63,1,0.15,Credit Card,Returning,3.2,440.84
ORD104460,2025-04-07,1707,46.0,Male,Islamabad,North,Electronics,Headphones,126.56,1,0.2,Credit Card,Returning,2.5,101.25
ORD103109,2025-04-07,1519,26.0,Female,Multan,South,Accessories,Backpack,56.53,3,0.2,Debit Card,VIP,4.2,135.67
ORD100887,2025-04-07,1335,33.0,Male,Islamabad,North,Electronics,Smartphone,746.2,1,0.0,Debit Card,Returning,5.0,746.2
ORD104354,2025-04-07,1613,50.0,Female,Peshawar,West,Accessories,Wallet,42.06,2,0.0,Credit Card,VIP,4.0,84.12
ORD101743,2025-04-07,1037,37.0,Male,Karachi,South,Electronics,Smartphone,707.66,7,0.15,Digital Wallet,Returning,3.8,4210.58
ORD104127,2025-04-07,1792,30.0,Male,Lahore,East,Clothing,Jeans,64.82,4,0.0,Digital Wallet,New,3.6,259.28
ORD102865,2025-04-08,1661,40.0,Male,Lahore,East,Electronics,Keyboard,74.92,3,0.0,Bank Transfer,Returning,2.8,224.76
ORD103251,2025-04-08,1040,39.0,Female,Multan,South,Electronics,Smartwatch,206.97,5,0.25,Debit Card,Returning,5.0,776.14
ORD101994,2025-04-08,1106,51.0,Male,Karachi,South,Clothing,Jeans,62.26,8,0.0,Credit Card,Returning,4.4,498.08
ORD104964,2025-04-08,1372,37.0,Male,Multan,South,Electronics,Smartphone,772.73,1,0.0,Debit Card,Returning,2.7,772.73
ORD100710,2025-04-08,1754,29.0,Female,Rawalpindi,North,Electronics,Tablet,478.19,1,0.1,Digital Wallet,New,4.7,430.37
ORD102443,2025-04-08,1531,50.0,Female,Rawalpindi,North,Electronics,Headphones,124.24,4,0.05,Debit Card,New,3.3,472.11
ORD103578,2025-04-08,1103,41.0,Male,Faisalabad,East,Electronics,Laptop,1151.27,7,0.15,Credit Card,New,4.3,6850.06
ORD102137,2025-04-08,1630,27.0,Female,Karachi,South,Electronics,Monitor,305.64,3,0.25,Digital Wallet,Returning,3.0,687.69
ORD103297,2025-04-08,1486,42.0,Female,Multan,South,Electronics,Smartphone,770.16,1,0.25,Debit Card,New,4.6,577.62
ORD101037,2025-04-09,1437,18.0,Female,Faisalabad,East,Electronics,Mouse,34.67,1,0.0,Digital Wallet,New,3.6,34.67
ORD101629,2025-04-09,1029,19.0,Male,Lahore,East,Clothing,T-Shirt,28.29,4,0.05,Credit Card,New,4.2,107.5
ORD100377,2025-04-09,1477,33.0,Male,Karachi,South,Accessories,Wallet,44.85,1,0.2,Debit Card,Returning,4.8,35.88
ORD104314,2025-04-10,1357,19.0,Male,Karachi,South,Electronics,Smartwatch,238.72,2,0.0,Debit Card,New,4.4,477.44
ORD103576,2025-04-10,1301,37.0,Female,Multan,South,Electronics,Keyboard,70.68,1,0.0,Debit Card,New,4.4,70.68
ORD103018,2025-04-10,1628,32.0,Female,Karachi,South,Accessories,Sunglasses,83.88,2,0.3,Debit Card,New,4.9,117.43
ORD104724,2025-04-10,1669,35.0,Female,Peshawar,West,Clothing,T-Shirt,27.29,2,0.05,Digital Wallet,VIP,3.7,51.85
ORD104034,2025-04-10,1612,39.0,Male,Peshawar,West,Accessories,Backpack,55.39,3,0.25,Debit Card,Returning,4.6,124.63
ORD101747,2025-04-10,1593,52.0,Male,Faisalabad,East,Clothing,Jeans,65.94,1,0.0,Credit Card,Returning,4.2,65.94
ORD104236,2025-04-10,1461,42.0,Male,Peshawar,West,Clothing,Shoes,90.95,1,0.05,Digital Wallet,VIP,3.6,86.4
ORD101925,2025-04-11,1378,33.0,Female,Islamabad,North,Electronics,Keyboard,76.86,2,0.05,Bank Transfer,New,3.1,146.03
ORD100586,2025-04-11,1493,18.0,Female,Karachi,South,Electronics,Monitor,283.12,4,0.15,Digital Wallet,New,3.6,962.61
ORD104878,2025-04-11,1549,37.0,Female,Faisalabad,East,Clothing,Jeans,60.64,1,0.0,Debit Card,New,3.4,60.64
ORD101911,2025-04-11,1430,37.0,Male,Faisalabad,East,Clothing,Jeans,70.11,3,0.15,Credit Card,Returning,3.6,178.78
ORD101929,2025-04-11,1734,38.0,Female,Rawalpindi,North,Accessories,Sunglasses,84.41,7,0.25,Debit Card,New,3.6,443.15
ORD104999,2025-04-11,1758,37.0,Female,Faisalabad,East,Electronics,Smartwatch,230.19,3,0.0,Debit Card,New,4.9,690.57
ORD104114,2025-04-11,1313,18.0,Male,Multan,South,Electronics,Headphones,120.93,7,0.0,Bank Transfer,Returning,3.9,846.51
ORD101408,2025-04-11,1226,,Female,Islamabad,North,Electronics,Headphones,130.85,2,0.05,Digital Wallet,Returning,3.6,248.61
ORD101656,2025-04-12,1705,45.0,Female,Faisalabad,East,Clothing,Shoes,94.62,3,0.2,Digital Wallet,Returning,5.0,227.09
ORD103095,2025-04-12,1618,33.0,Male,Faisalabad,East,Clothing,T-Shirt,30.69,2,0.0,Debit Card,New,3.5,61.38
ORD104746,2025-04-12,1745,39.0,Male,Lahore,East,Electronics,Tablet,485.11,2,0.3,Debit Card,New,4.7,679.15
ORD101177,2025-04-12,1289,33.0,Male,Multan,South,Electronics,Headphones,132.99,6,0.1,Cash,VIP,4.0,718.15
ORD100300,2025-04-12,1254,18.0,Male,Islamabad,North,Electronics,Mouse,33.61,1,0.0,Credit Card,New,3.1,33.61
ORD103974,2025-04-12,1183,23.0,Female,Islamabad,North,Clothing,Jeans,58.13,3,0.05,Credit Card,New,3.7,165.67
ORD102898,2025-04-12,1683,19.0,Male,Faisalabad,East,Electronics,Smartwatch,205.16,3,0.0,Bank Transfer,Returning,3.8,615.48
ORD102590,2025-04-13,1793,40.0,Male,Rawalpindi,North,Electronics,Tablet,481.86,2,0.0,Bank Transfer,Returning,4.0,963.72
ORD102876,2025-04-13,1598,57.0,Female,Multan,South,Electronics,Monitor,301.87,6,0.15,Digital Wallet,New,4.6,1539.54
ORD100740,2025-04-13,1676,42.0,Male,Rawalpindi,North,Clothing,Shoes,86.1,3,0.0,Debit Card,Returning,3.1,258.3
ORD102163,2025-04-14,1719,30.0,Female,Quetta,West,Electronics,Mouse,37.11,4,0.05,Debit Card,Returning,5.0,141.02
ORD100154,2025-04-14,1015,52.0,Female,Rawalpindi,North,Electronics,Tablet,439.0,1,0.05,Digital Wallet,New,3.0,417.05
ORD104228,2025-04-14,1441,18.0,Female,Peshawar,West,Accessories,Wallet,46.91,3,0.1,Credit Card,Returning,4.2,126.66
ORD100431,2025-04-15,1776,49.0,Male,Islamabad,North,Clothing,Shoes,82.94,2,0.2,Bank Transfer,New,3.5,132.7
ORD100753,2025-04-15,1373,53.0,Female,Islamabad,North,Electronics,Smartwatch,222.94,2,0.1,Cash,New,4.3,401.29
ORD104882,2025-04-15,1063,35.0,Female,Karachi,South,Clothing,Jeans,59.52,5,0.2,Cash,New,3.9,238.08
ORD104279,2025-04-15,1210,18.0,Female,Multan,South,Electronics,Laptop,1269.24,6,0.1,Credit Card,Returning,3.9,6853.9
ORD103314,2025-04-15,1277,21.0,Male,Islamabad,North,Accessories,Backpack,61.9,1,0.25,Digital Wallet,New,3.9,46.42
ORD100724,2025-04-15,1508,29.0,Female,Islamabad,North,Electronics,Tablet,488.01,2,0.2,Digital Wallet,New,3.3,780.82
ORD101072,2025-04-15,1392,27.0,Female,Rawalpindi,North,Clothing,T-Shirt,28.12,7,0.2,Debit Card,Returning,3.7,157.47
ORD103995,2025-04-15,1205,31.0,Female,Rawalpindi,North,Accessories,Backpack,57.58,6,0.1,Debit Card,Returning,4.3,310.93
ORD100595,2025-04-15,1394,43.0,Male,Karachi,South,Clothing,T-Shirt,29.58,3,0.2,Credit Card,Returning,3.0,70.99
ORD102210,2025-04-15,1008,41.0,Female,Islamabad,North,Clothing,Jeans,61.3,4,0.3,Credit Card,New,5.0,171.64
ORD100310,2025-04-15,1131,44.0,Female,Islamabad,North,Electronics,Headphones,124.64,4,0.05,Debit Card,Returning,2.8,473.63
ORD103698,2025-04-15,1576,41.0,Male,Lahore,East,Clothing,T-Shirt,29.69,4,0.0,Digital Wallet,Returning,3.3,118.76
ORD102549,2025-04-16,1407,51.0,Female,Multan,South,Clothing,Jeans,70.36,2,0.05,Cash,New,2.9,133.68
ORD102846,2025-04-16,1790,42.0,Male,Karachi,South,Clothing,Jeans,69.83,4,0.0,Digital Wallet,New,4.3,279.32
ORD103977,2025-04-16,1446,35.0,Female,Faisalabad,East,Electronics,Keyboard,73.34,6,0.0,Bank Transfer,New,2.9,440.04
ORD102139,2025-04-16,1592,27.0,Male,Quetta,West,Electronics,Tablet,456.2,4,0.25,Debit Card,VIP,3.8,1368.6
ORD100683,2025-04-16,1339,32.0,Male,Faisalabad,East,Electronics,Smartphone,748.38,3,0.15,Debit Card,Returning,3.6,1908.37
ORD100692,2025-04-16,1217,46.0,Male,Karachi,South,Electronics,Smartwatch,230.5,4,0.15,Debit Card,Returning,2.9,783.7
ORD103190,2025-04-17,1068,40.0,Female,Quetta,West,Electronics,Laptop,1169.41,1,0.1,Digital Wallet,New,3.9,1052.47
ORD100568,2025-04-17,1012,30.0,Male,Lahore,East,Clothing,T-Shirt,26.75,5,0.25,Debit Card,Returning,4.3,100.31
ORD104760,2025-04-17,1662,20.0,Female,Karachi,South,Electronics,Keyboard,71.07,5,0.2,Debit Card,New,3.2,284.28
ORD103684,2025-04-18,1568,21.0,Male,Peshawar,West,Accessories,Backpack,56.41,1,0.05,Credit Card,Returning,4.3,53.59
ORD102858,2025-04-18,1039,31.0,Female,Quetta,West,Electronics,Monitor,284.46,1,0.05,Digital Wallet,New,5.0,270.24
ORD102170,2025-04-18,1020,25.0,Male,Lahore,East,Accessories,Backpack,60.13,5,0.0,Debit Card,VIP,4.2,300.65
ORD104017,2025-04-18,1209,34.0,Female,Peshawar,West,Electronics,Headphones,109.25,2,0.25,Credit Card,New,4.8,163.88
ORD100562,2025-04-18,1417,,Male,Rawalpindi,North,Electronics,Laptop,1246.0,2,0.05,Debit Card,Returning,4.8,2367.4
ORD101184,2025-04-18,1097,31.0,Female,Lahore,East,Electronics,Tablet,572.66,1,0.0,Debit Card,New,3.1,572.66
ORD101024,2025-04-18,1554,35.0,Female,Karachi,South,Electronics,Monitor,305.91,1,0.0,Bank Transfer,New,3.9,305.91
ORD103205,2025-04-18,1026,30.0,Female,Quetta,West,Clothing,Jeans,59.88,4,0.0,Credit Card,Returning,3.8,239.52
ORD104244,2025-04-19,1687,35.0,Male,Faisalabad,East,Electronics,Smartwatch,227.02,2,0.2,Debit Card,Returning,3.8,363.23
ORD104726,2025-04-19,1230,36.0,Male,Rawalpindi,North,Electronics,Headphones,126.7,2,0.15,Digital Wallet,VIP,3.7,215.39
ORD101319,2025-04-19,1285,22.0,Male,Quetta,West,Accessories,Backpack,54.67,3,0.25,Debit Card,New,2.8,123.01
ORD101274,2025-04-20,1386,49.0,Female,Faisalabad,East,Electronics,Headphones,114.35,3,0.0,Credit Card,Returning,4.1,343.05
ORD104261,2025-04-20,1459,18.0,Female,Islamabad,North,Electronics,Laptop,1187.36,1,0.05,Debit Card,Returning,4.8,1127.99
ORD101335,2025-04-20,1114,20.0,Female,Rawalpindi,North,Clothing,Jeans,61.65,2,0.15,Digital Wallet,Returning,4.3,104.8
ORD102647,2025-04-21,1190,30.0,Male,Lahore,East,Clothing,T-Shirt,30.01,6,0.1,Digital Wallet,New,3.8,162.05
ORD102594,2025-04-21,1095,34.0,Male,Rawalpindi,North,Clothing,Jeans,59.66,1,0.25,Bank Transfer,Returning,4.6,44.74
ORD104790,2025-04-21,1419,55.0,Female,Rawalpindi,North,Electronics,Tablet,513.02,1,0.0,Debit Card,Returning,3.5,513.02
ORD102059,2025-04-21,1207,44.0,Female,Rawalpindi,North,Clothing,Jeans,63.4,5,0.1,Digital Wallet,New,4.3,285.3
ORD104426,2025-04-21,1661,21.0,Male,Lahore,East,Electronics,Headphones,125.21,1,0.0,Digital Wallet,Returning,5.0,125.21
ORD104510,2025-04-21,1206,25.0,Female,Peshawar,West,Clothing,T-Shirt,27.74,3,0.05,Digital Wallet,Returning,2.6,79.06
ORD102219,2025-04-21,1086,41.0,Female,Rawalpindi,North,Clothing,Jeans,59.9,2,0.05,Debit Card,New,3.1,113.81
ORD101105,2025-04-22,1596,25.0,Female,Quetta,West,Electronics,Smartwatch,216.6,4,0.2,Digital Wallet,New,2.6,693.12
ORD102602,2025-04-22,1025,48.0,Female,Islamabad,North,Electronics,Headphones,111.5,1,0.2,Cash,New,3.8,89.2
ORD103495,2025-04-22,1076,31.0,Female,Quetta,West,Electronics,Smartphone,799.74,3,0.0,Debit Card,New,,2399.22
ORD101458,2025-04-22,1027,32.0,Male,Faisalabad,East,Electronics,Monitor,330.52,2,0.0,Digital Wallet,New,3.1,661.04
ORD102866,2025-04-22,1638,41.0,Male,Faisalabad,East,Clothing,Jeans,60.21,2,0.0,Credit Card,Returning,2.6,120.42
ORD103278,2025-04-22,1735,38.0,Male,Quetta,West,Clothing,Shoes,95.06,3,0.2,Credit Card,New,5.0,228.14
ORD100109,2025-04-23,1521,26.0,Male,Quetta,West,Electronics,Keyboard,73.34,3,0.15,Digital Wallet,New,4.3,187.02
ORD101833,2025-04-23,1324,30.0,Male,Peshawar,West,Electronics,Monitor,310.05,4,0.05,Digital Wallet,New,2.1,1178.19
ORD103133,2025-04-23,1305,22.0,Male,Multan,South,Accessories,Sunglasses,71.18,1,0.0,Debit Card,Returning,3.5,71.18
ORD103279,2025-04-23,1571,30.0,Female,Rawalpindi,North,Clothing,Jacket,113.55,7,0.0,Debit Card,New,5.0,794.85
ORD103187,2025-04-23,1532,27.0,Female,Peshawar,West,Electronics,Headphones,122.83,1,0.0,Digital Wallet,Returning,3.3,122.83
ORD100593,2025-04-23,1761,31.0,Female,Quetta,West,Clothing,Shoes,83.73,3,0.15,Credit Card,New,3.8,213.51
ORD103596,2025-04-23,1485,28.0,Male,Islamabad,North,Electronics,Smartphone,799.23,3,0.0,Digital Wallet,New,4.5,2397.69
ORD102935,2025-04-23,1066,46.0,Female,Quetta,West,Electronics,Laptop,1251.66,3,0.0,Digital Wallet,Returning,4.9,3754.98
ORD103076,2025-04-23,1364,36.0,Male,Faisalabad,East,Clothing,Jeans,56.97,3,0.0,Digital Wallet,Returning,4.6,170.91
ORD100201,2025-04-24,1628,42.0,Male,Rawalpindi,North,Electronics,Smartphone,748.12,5,0.3,Credit Card,Returning,4.1,2618.42
ORD100240,2025-04-24,1225,34.0,Male,Peshawar,West,Clothing,Shoes,93.25,1,0.0,Credit Card,Returning,3.0,93.25
ORD104198,2025-04-24,1489,30.0,Female,Peshawar,West,Clothing,Jeans,70.99,3,0.15,Bank Transfer,Returning,4.2,181.02
ORD101241,2025-04-24,1378,32.0,Male,Rawalpindi,North,Electronics,Laptop,1126.62,1,0.15,Digital Wallet,New,3.9,957.63
ORD104171,2025-04-24,1519,29.0,Male,Islamabad,North,Electronics,Headphones,123.89,1,0.3,Credit Card,New,3.8,86.72
ORD104337,2025-04-24,1352,48.0,Male,Peshawar,West,Accessories,Wallet,49.59,4,0.05,Credit Card,Returning,3.9,188.44
ORD101391,2025-04-24,1548,50.0,Female,Peshawar,West,Electronics,Smartphone,781.42,4,0.2,Credit Card,VIP,3.7,2500.54
ORD102418,2025-04-24,1655,41.0,Male,Lahore,East,Electronics,Laptop,1268.06,1,0.1,Debit Card,Returning,3.5,1141.25
ORD101577,2025-04-24,1629,34.0,Female,Lahore,East,Electronics,Headphones,121.83,3,0.15,Digital Wallet,Returning,3.8,310.67
ORD104484,2025-04-24,1566,20.0,Female,Multan,South,Electronics,Headphones,110.29,2,0.15,Cash,Returning,3.5,187.49
ORD102518,2025-04-24,1248,30.0,Male,Multan,South,Electronics,Keyboard,63.13,3,0.1,Debit Card,VIP,3.8,170.45
ORD100132,2025-04-24,1048,22.0,Male,Karachi,South,Electronics,Headphones,119.46,2,0.05,Digital Wallet,New,4.3,226.97
ORD100012,2025-04-25,1331,47.0,Male,Faisalabad,East,Electronics,Tablet,478.64,4,0.1,Debit Card,New,3.5,1723.1
ORD100552,2025-04-25,1664,24.0,Male,Peshawar,West,Electronics,Tablet,448.06,4,0.0,Debit Card,Returning,4.0,1792.24
ORD101813,2025-04-25,1700,30.0,Female,Rawalpindi,North,Electronics,Tablet,494.79,1,0.1,Debit Card,VIP,3.7,445.31
ORD100609,2025-04-25,1369,23.0,Male,Karachi,South,Electronics,Keyboard,74.45,3,0.0,Digital Wallet,New,3.0,223.35
ORD101657,2025-04-25,1585,51.0,Female,Multan,South,Accessories,Backpack,52.55,1,0.1,Credit Card,Returning,4.4,47.3
ORD104718,2025-04-25,1166,56.0,Female,Lahore,East,Clothing,Shoes,89.71,2,0.05,Debit Card,New,4.6,170.45
ORD100624,2025-04-25,1612,43.0,Male,Quetta,West,Electronics,Monitor,249.44,6,0.15,Bank Transfer,Returning,4.9,1272.14
ORD100742,2025-04-25,1659,60.0,Male,Rawalpindi,North,Accessories,Backpack,46.34,2,0.15,Cash,New,5.0,78.78
ORD103524,2025-04-26,1142,26.0,Male,Quetta,West,Electronics,Mouse,35.49,5,0.1,Digital Wallet,Returning,3.5,159.71
ORD100120,2025-04-26,1419,27.0,Female,Lahore,East,Electronics,Monitor,295.23,1,0.0,Digital Wallet,Returning,3.7,295.23
ORD102089,2025-04-26,1246,46.0,Male,Lahore,East,Electronics,Smartphone,677.82,1,0.0,Bank Transfer,Returning,4.6,677.82
ORD102771,2025-04-26,1621,33.0,Female,Faisalabad,East,Electronics,Laptop,1159.91,2,0.0,Debit Card,Returning,3.2,2319.82
ORD102217,2025-04-26,1517,26.0,Female,Rawalpindi,North,Clothing,T-Shirt,31.0,6,0.1,Digital Wallet,New,3.4,167.4
ORD101803,2025-04-26,1295,49.0,Male,Multan,South,Electronics,Mouse,36.31,2,0.25,Cash,New,3.9,54.46
ORD101961,2025-04-26,1425,56.0,Female,Multan,South,Electronics,Tablet,476.81,2,0.0,Digital Wallet,Returning,3.5,953.62
ORD104153,2025-04-27,1698,18.0,Female,Lahore,East,Electronics,Mouse,38.32,2,0.1,Digital Wallet,VIP,4.9,68.98
ORD103520,2025-04-27,1093,42.0,Male,Multan,South,Clothing,Jeans,67.53,2,0.15,Digital Wallet,Returning,2.8,114.8
ORD101712,2025-04-27,1781,23.0,Female,Islamabad,North,Electronics,Keyboard,79.85,3,0.1,Digital Wallet,Returning,,215.6
ORD101010,2025-04-27,1067,19.0,Female,Faisalabad,East,Electronics,Smartphone,709.68,5,0.25,Credit Card,Returning,2.8,2661.3
ORD103181,2025-04-27,1704,55.0,Male,Faisalabad,East,Clothing,Jacket,109.92,1,0.1,Bank Transfer,New,4.2,98.93
ORD103731,2025-04-28,1549,33.0,Female,Islamabad,North,Accessories,Wallet,43.1,3,0.2,Digital Wallet,Returning,4.9,103.44
ORD102942,2025-04-28,1602,33.0,Male,Faisalabad,East,Electronics,Smartwatch,217.37,1,0.1,Debit Card,New,3.9,195.63
ORD103509,2025-04-28,1573,30.0,Male,Faisalabad,East,Clothing,Shoes,96.28,1,0.1,Bank Transfer,New,3.3,86.65
ORD102003,2025-04-28,1223,39.0,Female,Lahore,East,Electronics,Monitor,263.82,2,0.0,Debit Card,New,3.1,527.64
ORD100137,2025-04-29,1099,23.0,Female,Rawalpindi,North,Clothing,Shoes,84.85,2,0.0,Debit Card,VIP,4.1,169.7
ORD101869,2025-04-29,1397,36.0,Male,Islamabad,North,Electronics,Headphones,108.44,1,0.0,Digital Wallet,Returning,3.4,108.44
ORD100402,2025-04-29,1566,27.0,Female,Multan,South,Clothing,Jeans,64.78,3,0.1,Bank Transfer,New,4.1,174.91
ORD104742,2025-04-29,1481,54.0,Male,Islamabad,North,Electronics,Smartphone,771.89,2,0.15,Digital Wallet,New,2.8,1312.21
ORD102255,2025-04-29,1589,18.0,Male,Islamabad,North,Electronics,Smartphone,792.61,4,0.15,Cash,Returning,3.5,2694.87
ORD102707,2025-04-29,1465,18.0,Female,Peshawar,West,Electronics,Tablet,512.96,2,0.0,Credit Card,New,3.8,1025.92
ORD102078,2025-04-29,1117,49.0,Female,Multan,South,Electronics,Tablet,490.3,1,0.15,Debit Card,Returning,4.1,416.76
ORD100153,2025-04-29,1207,32.0,Female,Rawalpindi,North,Accessories,Sunglasses,76.07,1,0.15,Debit Card,New,3.2,64.66
ORD103178,2025-04-30,1571,46.0,Female,Rawalpindi,North,Accessories,Backpack,53.78,1,0.05,Bank Transfer,New,3.3,51.09
ORD103355,2025-04-30,1191,36.0,Female,Peshawar,West,Electronics,Monitor,295.16,1,0.25,Cash,New,4.4,221.37
ORD103413,2025-04-30,1398,18.0,Male,Multan,South,Clothing,Shoes,87.18,2,0.0,Digital Wallet,New,4.2,174.36
ORD100441,2025-04-30,1051,23.0,Male,Karachi,South,Clothing,T-Shirt,30.01,1,0.15,Bank Transfer,New,3.3,25.51
ORD103140,2025-04-30,1629,18.0,Male,Rawalpindi,North,Electronics,Tablet,520.29,2,0.0,Debit Card,Returning,3.6,1040.58
ORD104265,2025-04-30,1422,38.0,Male,Quetta,West,Clothing,Jeans,62.78,8,0.1,Digital Wallet,Returning,2.4,452.02
ORD102963,2025-04-30,1132,23.0,Female,Quetta,West,Electronics,Tablet,495.9,1,0.25,Bank Transfer,New,4.0,371.92
ORD100505,2025-04-30,1247,33.0,Female,Faisalabad,East,Electronics,Headphones,114.6,1,0.2,Digital Wallet,Returning,3.8,91.68
ORD100540,2025-05-01,1608,48.0,Male,Peshawar,West,Electronics,Monitor,303.76,1,0.25,Credit Card,Returning,4.3,227.82
ORD102747,2025-05-01,1010,34.0,Female,Rawalpindi,North,Clothing,Jeans,66.49,1,0.05,Cash,New,3.6,63.17
ORD104968,2025-05-01,1401,26.0,Female,Lahore,East,Clothing,T-Shirt,30.18,3,0.2,Bank Transfer,New,2.9,72.43
ORD101885,2025-05-01,1748,37.0,Female,Lahore,East,Clothing,Shoes,93.04,1,0.0,Credit Card,New,3.6,93.04
ORD100901,2025-05-01,1069,33.0,Male,Karachi,South,Electronics,Laptop,1000.19,5,0.05,Credit Card,New,,4750.9
ORD101663,2025-05-01,1380,20.0,Male,Peshawar,West,Electronics,Tablet,487.26,3,0.2,Credit Card,Returning,3.7,1169.42
ORD102448,2025-05-01,1288,47.0,Male,Islamabad,North,Electronics,Keyboard,71.85,2,0.25,Cash,New,3.7,107.78
ORD101530,2025-05-01,1229,26.0,Female,Quetta,West,Electronics,Headphones,110.5,4,0.3,Debit Card,Returning,4.2,309.4
ORD103754,2025-05-02,1305,51.0,Male,Peshawar,West,Electronics,Keyboard,63.06,1,0.0,Bank Transfer,New,2.0,63.06
ORD100492,2025-05-02,1096,25.0,Male,Karachi,South,Electronics,Mouse,36.2,2,0.1,Credit Card,VIP,5.0,65.16
ORD102099,2025-05-02,1520,29.0,Female,Quetta,West,Electronics,Tablet,439.94,1,0.05,Bank Transfer,New,3.8,417.94
ORD102044,2025-05-02,1288,42.0,Male,Karachi,South,Electronics,Laptop,1199.81,3,0.1,Credit Card,Returning,3.4,3239.49
ORD104037,2025-05-02,1177,30.0,Female,Multan,South,Electronics,Mouse,37.11,2,0.1,Digital Wallet,VIP,4.6,66.8
ORD101731,2025-05-03,1040,46.0,Female,Multan,South,Electronics,Headphones,126.65,2,0.0,Cash,VIP,4.2,253.3
ORD101484,2025-05-03,1296,33.0,Female,Peshawar,West,Accessories,Backpack,53.81,3,0.25,Credit Card,Returning,2.5,121.07
ORD104609,2025-05-03,1453,26.0,Female,Lahore,East,Electronics,Mouse,35.15,1,0.05,Digital Wallet,Returning,4.4,33.39
ORD100152,2025-05-04,1393,28.0,Female,Karachi,South,Electronics,Smartwatch,236.0,6,0.05,Debit Card,Returning,4.7,1345.2
ORD100809,2025-05-04,1063,37.0,Female,Lahore,East,Clothing,T-Shirt,29.26,3,0.0,Credit Card,New,3.7,87.78
ORD100453,2025-05-04,1682,37.0,Male,Multan,South,Electronics,Monitor,291.95,2,0.25,Debit Card,New,4.0,437.92
ORD101104,2025-05-04,1642,40.0,Female,Rawalpindi,North,Electronics,Monitor,308.08,3,0.0,Bank Transfer,New,3.9,924.24
ORD101155,2025-05-04,1422,45.0,Female,Islamabad,North,Electronics,Keyboard,69.88,2,0.1,Cash,Returning,3.7,125.78
ORD100982,2025-05-04,1003,46.0,Male,Rawalpindi,North,Electronics,Smartwatch,220.75,3,0.1,Cash,Returning,4.0,596.02
ORD104267,2025-05-04,1015,18.0,Male,Islamabad,North,Clothing,T-Shirt,31.87,2,0.0,Cash,VIP,5.0,63.74
ORD101435,2025-05-04,1494,38.0,Male,Karachi,South,Clothing,T-Shirt,30.27,6,0.0,Credit Card,New,4.0,181.62
ORD101015,2025-05-05,1228,42.0,Male,Karachi,South,Electronics,Smartphone,803.11,2,0.1,Cash,Returning,3.7,1445.6
ORD101824,2025-05-05,1412,39.0,Female,Rawalpindi,North,Electronics,Smartphone,731.64,1,0.3,Digital Wallet,New,3.7,512.15
ORD101802,2025-05-05,1524,34.0,Male,Rawalpindi,North,Accessories,Backpack,50.92,6,0.0,Debit Card,VIP,5.0,305.52
ORD103745,2025-05-05,1638,24.0,Female,Islamabad,North,Electronics,Smartwatch,212.68,3,0.1,Debit Card,Returning,4.5,574.24
ORD101741,2025-05-05,1602,26.0,Male,Quetta,West,Electronics,Keyboard,63.26,3,0.3,Credit Card,VIP,2.5,132.85
ORD100866,2025-05-05,1303,47.0,Male,Peshawar,West,Electronics,Headphones,127.71,3,0.25,Bank Transfer,Returning,3.4,287.35
ORD101621,2025-05-05,1759,48.0,Female,Rawalpindi,North,Electronics,Headphones,132.64,2,0.1,Debit Card,Returning,3.8,238.75
ORD103501,2025-05-06,1361,37.0,Male,Quetta,West,Accessories,Sunglasses,80.13,4,0.2,Cash,New,4.2,256.42
ORD101921,2025-05-06,1387,25.0,Female,Lahore,East,Clothing,Jeans,66.83,1,0.1,Bank Transfer,New,3.7,60.15
ORD103361,2025-05-06,1654,18.0,Male,Faisalabad,East,Electronics,Smartphone,743.71,4,0.1,Debit Card,New,4.1,2677.36
ORD102225,2025-05-06,1427,34.0,Male,Quetta,West,Clothing,Jacket,107.61,2,0.0,Debit Card,New,4.2,215.22
ORD100686,2025-05-06,1365,18.0,Female,Karachi,South,Electronics,Smartphone,741.22,1,0.0,Bank Transfer,New,3.6,741.22
ORD100634,2025-05-07,1384,43.0,Male,Faisalabad,East,Clothing,T-Shirt,28.98,5,0.15,Debit Card,New,3.7,123.16
ORD103305,2025-05-07,1364,30.0,Male,Quetta,West,Clothing,Jeans,65.26,5,0.1,Credit Card,Returning,2.6,293.67
ORD101895,2025-05-07,1507,27.0,Male,Rawalpindi,North,Accessories,Sunglasses,80.84,1,0.2,Debit Card,New,3.1,64.67
ORD103221,2025-05-07,1427,26.0,Male,Faisalabad,East,Electronics,Smartphone,762.98,2,0.0,Debit Card,VIP,3.6,1525.96
ORD101151,2025-05-07,1526,35.0,Female,Faisalabad,East,Electronics,Monitor,282.02,1,0.2,Bank Transfer,VIP,3.8,225.62
ORD102167,2025-05-08,1642,37.0,Male,Karachi,South,Electronics,Monitor,268.08,4,0.0,Cash,New,4.6,1072.32
ORD100923,2025-05-08,1667,27.0,Male,Quetta,West,Clothing,Jeans,65.32,2,0.0,Digital Wallet,Returning,2.7,130.64
ORD100391,2025-05-08,1700,43.0,Female,Islamabad,North,Clothing,Jacket,115.82,1,0.25,Bank Transfer,New,4.2,86.86
ORD101632,2025-05-08,1245,27.0,Male,Quetta,West,Electronics,Smartphone,693.3,2,0.25,Digital Wallet,New,2.9,1039.95
ORD100983,2025-05-08,1623,18.0,Female,Rawalpindi,North,Electronics,Monitor,298.53,1,0.0,Credit Card,VIP,3.1,298.53
ORD103084,2025-05-08,1408,18.0,Male,Peshawar,West,Clothing,T-Shirt,28.41,2,0.1,Digital Wallet,Returning,4.5,51.14
ORD100673,2025-05-08,1168,43.0,Female,Islamabad,North,Electronics,Laptop,1296.64,3,0.0,Credit Card,VIP,4.7,3889.92
ORD102335,2025-05-08,1564,51.0,Female,Faisalabad,East,Electronics,Tablet,476.17,1,0.1,Credit Card,Returning,5.0,428.55
ORD101263,2025-05-09,1137,52.0,Male,Quetta,West,Electronics,Smartwatch,221.76,6,0.1,Credit Card,VIP,4.0,1197.5
ORD103376,2025-05-09,1603,19.0,Female,Quetta,West,Clothing,Shoes,83.64,2,0.3,Debit Card,Returning,3.8,117.1
ORD100978,2025-05-09,1526,28.0,Male,Islamabad,North,Clothing,Shoes,89.45,2,0.0,Bank Transfer,VIP,4.2,178.9
ORD101676,2025-05-09,1571,28.0,Male,Multan,South,Electronics,Smartphone,761.36,1,0.0,Credit Card,New,3.8,761.36
ORD103604,2025-05-09,1378,41.0,Female,Peshawar,West,Electronics,Mouse,36.62,2,0.0,Credit Card,New,2.4,73.24
ORD103497,2025-05-09,1492,39.0,Female,Quetta,West,Electronics,Smartphone,790.03,5,0.15,Digital Wallet,Returning,4.0,3357.63
ORD100796,2025-05-09,1798,25.0,Female,Karachi,South,Electronics,Smartwatch,238.32,3,0.1,Digital Wallet,New,3.6,643.46
ORD101444,2025-05-10,1146,39.0,Male,Rawalpindi,North,Electronics,Laptop,1211.21,1,0.05,Cash,New,1.8,1150.65
ORD103874,2025-05-10,1204,18.0,Male,Quetta,West,Electronics,Smartphone,717.47,1,0.05,Bank Transfer,Returning,3.4,681.6
ORD104097,2025-05-10,1776,35.0,Female,Rawalpindi,North,Electronics,Mouse,33.83,5,0.3,Credit Card,Returning,4.5,118.4
ORD100827,2025-05-10,1565,18.0,Female,Peshawar,West,Clothing,T-Shirt,34.52,4,0.0,Digital Wallet,New,3.9,138.08
ORD101607,2025-05-10,1397,33.0,Male,Faisalabad,East,Electronics,Smartwatch,222.58,2,0.0,Debit Card,New,4.4,445.16
ORD102743,2025-05-10,1572,24.0,Female,Karachi,South,Electronics,Smartphone,786.67,4,0.05,Digital Wallet,New,3.7,2989.35
ORD104118,2025-05-10,1650,,Female,Rawalpindi,North,Clothing,Jacket,107.82,2,0.05,Digital Wallet,Returning,3.5,204.86
ORD101862,2025-05-10,1538,24.0,Male,Karachi,South,Electronics,Mouse,34.99,2,0.1,Credit Card,New,3.2,62.98
ORD102387,2025-05-10,1637,26.0,Female,Rawalpindi,North,Electronics,Tablet,529.04,8,0.0,Digital Wallet,VIP,3.5,4232.32
ORD100566,2025-05-11,1285,25.0,Female,Multan,South,Electronics,Tablet,490.73,8,0.2,Debit Card,Returning,4.3,3140.67
ORD102995,2025-05-11,1159,32.0,Male,Islamabad,North,Electronics,Smartwatch,203.97,2,0.2,Digital Wallet,New,4.0,326.35
ORD104908,2025-05-11,1455,25.0,Male,Multan,South,Clothing,Jacket,108.13,1,0.25,Credit Card,Returning,4.3,81.1
ORD103840,2025-05-11,1691,33.0,Male,Rawalpindi,North,Electronics,Headphones,122.89,5,0.25,Credit Card,Returning,4.5,460.84
ORD102337,2025-05-12,1539,42.0,Female,Quetta,West,Electronics,Smartwatch,220.19,1,0.1,Digital Wallet,VIP,4.0,198.17
ORD103994,2025-05-12,1260,18.0,Male,Rawalpindi,North,Clothing,Jeans,62.73,3,0.05,Bank Transfer,Returning,3.4,178.78
ORD103985,2025-05-12,1160,43.0,Male,Lahore,East,Electronics,Mouse,36.35,3,0.2,Digital Wallet,Returning,4.4,87.24
ORD101778,2025-05-12,1356,19.0,Female,Lahore,East,Electronics,Mouse,39.64,3,0.0,Bank Transfer,New,4.7,118.92
ORD103543,2025-05-12,1363,39.0,Male,Lahore,East,Electronics,Mouse,32.34,1,0.2,Credit Card,Returning,2.7,25.87
ORD101401,2025-05-12,1471,38.0,Female,Multan,South,Electronics,Headphones,117.28,3,0.25,Debit Card,Returning,3.2,263.88
ORD102031,2025-05-12,1537,28.0,Male,Peshawar,West,Electronics,Monitor,303.01,2,0.05,Credit Card,New,4.1,575.72
ORD103139,2025-05-12,1178,26.0,Female,Rawalpindi,North,Electronics,Smartphone,769.82,2,0.15,Debit Card,New,3.1,1308.69
ORD103423,2025-05-12,1089,57.0,Male,Rawalpindi,North,Electronics,Tablet,486.22,1,0.0,Digital Wallet,Returning,4.4,486.22
ORD100577,2025-05-12,1776,34.0,Female,Quetta,West,Electronics,Keyboard,66.66,1,0.1,Credit Card,VIP,3.3,59.99
ORD102155,2025-05-13,1204,18.0,Male,Multan,South,Clothing,Jeans,63.39,5,0.0,Debit Card,Returning,3.0,316.95
ORD100252,2025-05-13,1439,30.0,Male,Peshawar,West,Electronics,Laptop,1118.34,1,0.0,,New,3.7,1118.34
ORD100062,2025-05-13,1340,53.0,Male,Rawalpindi,North,Clothing,Jeans,61.79,7,0.3,Credit Card,New,4.4,302.77
ORD101810,2025-05-13,1017,32.0,Male,Rawalpindi,North,Accessories,Backpack,52.01,2,0.2,Credit Card,New,3.0,83.22
ORD100019,2025-05-13,1662,22.0,Female,Karachi,South,Accessories,Backpack,54.56,4,0.1,Credit Card,New,3.0,196.42
ORD104621,2025-05-13,1089,56.0,Male,Lahore,East,Accessories,Backpack,57.23,8,0.15,Digital Wallet,Returning,3.9,389.16
ORD102198,2025-05-13,1495,41.0,Female,Karachi,South,Electronics,Laptop,1211.35,7,0.2,Debit Card,New,3.9,6783.56
ORD100636,2025-05-13,1506,41.0,Male,Islamabad,North,Electronics,Smartphone,740.11,2,0.1,Cash,New,3.1,1332.2
ORD101416,2025-05-14,1158,38.0,Male,Peshawar,West,Accessories,Sunglasses,71.89,4,0.25,Bank Transfer,New,2.4,215.67
ORD104738,2025-05-14,1719,18.0,Female,Islamabad,North,Accessories,Backpack,60.42,1,0.05,Debit Card,VIP,4.5,57.4
ORD104341,2025-05-14,1039,30.0,Male,Karachi,South,Clothing,T-Shirt,26.26,1,0.15,Bank Transfer,New,5.0,22.32
ORD100549,2025-05-14,1497,27.0,Male,Islamabad,North,Electronics,Headphones,107.5,3,0.25,Debit Card,Returning,2.9,241.88
ORD101938,2025-05-14,1501,61.0,Female,Karachi,South,Clothing,Shoes,89.95,3,0.15,Debit Card,New,4.4,229.37
ORD100134,2025-05-14,1407,49.0,Female,Rawalpindi,North,Accessories,Backpack,48.59,3,0.0,Bank Transfer,New,2.3,145.77
ORD104556,2025-05-15,1783,19.0,Male,Quetta,West,Accessories,Backpack,55.43,2,0.2,Credit Card,New,3.5,88.69
ORD100255,2025-05-15,1123,27.0,Female,Peshawar,West,Clothing,T-Shirt,33.01,3,0.0,Bank Transfer,New,4.4,99.03
ORD103825,2025-05-15,1695,31.0,Female,Multan,South,Electronics,Headphones,132.91,2,0.0,Bank Transfer,Returning,3.9,265.82
ORD102261,2025-05-15,1102,34.0,Male,Multan,South,Clothing,Shoes,99.79,1,0.15,Bank Transfer,Returning,3.4,84.82
ORD101696,2025-05-16,1727,25.0,Male,Multan,South,Electronics,Monitor,295.41,1,0.0,Digital Wallet,Returning,3.1,295.41
ORD103895,2025-05-16,1065,47.0,Female,Multan,South,Electronics,Smartwatch,209.26,3,0.05,Credit Card,New,4.9,596.39
ORD103430,2025-05-16,1708,40.0,Female,Quetta,West,Clothing,T-Shirt,30.08,1,0.1,Debit Card,Returning,4.3,27.07
ORD102058,2025-05-16,1093,38.0,Male,Faisalabad,East,Electronics,Headphones,118.61,3,0.15,Cash,Returning,4.5,302.46
ORD103373,2025-05-16,1219,34.0,Male,Faisalabad,East,Electronics,Smartwatch,237.94,2,0.05,Digital Wallet,New,3.2,452.09
ORD101453,2025-05-16,1378,22.0,Female,Karachi,South,Electronics,Mouse,36.87,7,0.0,Bank Transfer,VIP,3.7,258.09
ORD102029,2025-05-16,1087,24.0,Female,Lahore,East,Clothing,Jeans,63.38,1,0.3,Bank Transfer,New,3.3,44.37
ORD104101,2025-05-16,1028,37.0,Male,Faisalabad,East,Electronics,Laptop,1203.01,7,0.05,Credit Card,Returning,4.7,8000.02
ORD103871,2025-05-17,1320,41.0,Female,Islamabad,North,Electronics,Headphones,113.26,1,0.1,Credit Card,New,3.1,101.93
ORD102553,2025-05-17,1311,65.0,Female,Lahore,East,Electronics,Tablet,463.69,3,0.0,Credit Card,New,4.3,1391.07
ORD102872,2025-05-17,1236,35.0,Male,Lahore,East,Clothing,Jacket,101.27,1,0.05,Debit Card,VIP,3.5,96.21
ORD103135,2025-05-17,1384,45.0,Female,Quetta,West,Accessories,Sunglasses,81.43,1,0.1,Digital Wallet,Returning,3.6,73.29
ORD100766,2025-05-17,1008,18.0,Female,Multan,South,Clothing,T-Shirt,28.93,6,0.2,Cash,New,4.2,138.86
ORD102085,2025-05-17,1295,30.0,Male,Rawalpindi,North,Clothing,Shoes,88.84,2,0.0,Debit Card,New,3.4,177.68
ORD101000,2025-05-17,1086,34.0,Male,Islamabad,North,Accessories,Backpack,51.05,2,0.15,Debit Card,Returning,3.0,86.78
ORD104527,2025-05-17,1799,25.0,Male,Peshawar,West,Electronics,Mouse,33.71,1,0.1,Digital Wallet,New,3.3,30.34
ORD101787,2025-05-17,1761,18.0,Male,Rawalpindi,North,Electronics,Keyboard,71.95,3,0.15,Credit Card,New,4.5,183.47
ORD101556,2025-05-17,1200,26.0,Male,Peshawar,West,Electronics,Smartphone,718.67,1,0.1,Digital Wallet,New,3.3,646.8
ORD104735,2025-05-17,1414,32.0,Female,Faisalabad,East,Clothing,Shoes,103.0,2,0.05,Bank Transfer,Returning,3.1,195.7
ORD100466,2025-05-17,1350,55.0,Male,Islamabad,North,Electronics,Tablet,519.59,1,0.2,Cash,Returning,3.6,415.67
ORD103002,2025-05-18,1109,52.0,Female,Lahore,East,Electronics,Monitor,279.07,2,0.1,Bank Transfer,Returning,3.2,502.33
ORD100904,2025-05-18,1053,30.0,Female,Quetta,West,Accessories,Sunglasses,76.32,3,0.0,Credit Card,Returning,4.7,228.96
ORD104141,2025-05-18,1409,33.0,Female,Faisalabad,East,Electronics,Mouse,32.15,1,0.0,Digital Wallet,Returning,3.8,32.15
ORD100224,2025-05-18,1564,18.0,Male,Islamabad,North,Electronics,Headphones,108.07,8,0.0,Debit Card,New,4.7,864.56
ORD100948,2025-05-18,1249,39.0,Male,Karachi,South,Electronics,Smartphone,738.21,1,0.0,Debit Card,New,4.9,738.21
ORD104988,2025-05-18,1650,42.0,Male,Islamabad,North,Electronics,Headphones,128.09,2,0.15,Bank Transfer,VIP,4.5,217.75
ORD100122,2025-05-18,1379,28.0,Male,Karachi,South,Accessories,Sunglasses,73.52,5,0.25,Debit Card,New,4.7,275.7
ORD104518,2025-05-18,1528,21.0,Female,Karachi,South,Electronics,Mouse,36.13,5,0.1,Digital Wallet,New,3.9,162.58
ORD101193,2025-05-19,1118,36.0,Male,Rawalpindi,North,Electronics,Monitor,294.44,5,0.05,Credit Card,Returning,3.8,1398.59
ORD100058,2025-05-19,1242,28.0,Female,Islamabad,North,Accessories,Sunglasses,80.15,1,0.05,Bank Transfer,Returning,3.3,76.14
ORD104986,2025-05-19,1499,38.0,Female,Rawalpindi,North,Clothing,Shoes,89.74,1,0.0,Digital Wallet,Returning,4.6,89.74
ORD103447,2025-05-19,1035,35.0,Male,Rawalpindi,North,Electronics,Tablet,475.62,1,0.05,Credit Card,New,4.2,451.84
ORD100186,2025-05-19,1556,18.0,Male,Multan,South,Electronics,Smartphone,761.67,2,0.2,Credit Card,Returning,2.8,1218.67
ORD101430,2025-05-20,1359,26.0,Male,Quetta,West,Electronics,Smartwatch,251.56,1,0.0,Digital Wallet,VIP,4.0,251.56
ORD103912,2025-05-20,1703,,Male,Quetta,West,Electronics,Tablet,480.49,3,0.05,Digital Wallet,New,5.0,1369.4
ORD103480,2025-05-20,1605,21.0,Male,Multan,South,Electronics,Headphones,119.31,2,0.0,Credit Card,Returning,3.6,238.62
ORD103620,2025-05-20,1540,54.0,Male,Rawalpindi,North,Clothing,T-Shirt,30.55,6,0.25,Cash,Returning,3.7,137.48
ORD102164,2025-05-20,1620,27.0,Male,Lahore,East,Electronics,Tablet,520.72,1,0.2,Digital Wallet,Returning,4.1,416.58
ORD100626,2025-05-20,1445,47.0,Male,Islamabad,North,Electronics,Tablet,542.21,6,0.15,Debit Card,Returning,3.8,2765.27
ORD103890,2025-05-20,1488,24.0,Female,Multan,South,Clothing,Jeans,64.23,2,0.0,Debit Card,Returning,3.4,128.46
ORD104086,2025-05-20,1528,29.0,Male,Quetta,West,Electronics,Tablet,556.45,1,0.0,Credit Card,New,3.9,556.45
ORD102906,2025-05-21,1019,58.0,Female,Islamabad,North,Accessories,Backpack,52.52,1,0.1,,Returning,5.0,47.27
ORD100106,2025-05-21,1157,34.0,Female,Faisalabad,East,Electronics,Smartphone,776.23,2,0.1,Digital Wallet,Returning,4.1,1397.21
ORD101424,2025-05-21,1209,24.0,Male,Karachi,South,Electronics,Smartwatch,225.1,8,0.25,Digital Wallet,Returning,2.8,1350.6
ORD104000,2025-05-21,1012,30.0,Female,Islamabad,North,Electronics,Tablet,509.05,2,0.05,Debit Card,VIP,4.9,967.2
ORD104109,2025-05-22,1533,43.0,Female,Multan,South,Clothing,Shoes,93.45,5,0.15,Bank Transfer,Returning,3.5,397.16
ORD101287,2025-05-22,1710,25.0,Female,Rawalpindi,North,Electronics,Smartphone,721.76,3,0.15,Debit Card,New,3.7,1840.49
ORD101878,2025-05-22,1687,18.0,Male,Multan,South,Clothing,Jeans,71.24,3,0.2,Debit Card,Returning,3.8,170.98
ORD103983,2025-05-22,1564,45.0,Male,Islamabad,North,Clothing,T-Shirt,31.06,2,0.1,Credit Card,Returning,3.7,55.91
ORD104504,2025-05-22,1306,18.0,Male,Rawalpindi,North,Electronics,Tablet,520.61,2,0.25,Cash,VIP,4.1,780.92
ORD101800,2025-05-22,1718,25.0,Male,Karachi,South,Electronics,Monitor,300.53,3,0.05,Credit Card,Returning,3.7,856.51
ORD101471,2025-05-22,1634,44.0,Male,Lahore,East,Clothing,Jeans,62.56,2,0.05,Digital Wallet,New,2.3,118.86
ORD100253,2025-05-22,1203,23.0,Female,Karachi,South,Accessories,Backpack,54.28,1,0.2,Debit Card,New,4.2,43.42
ORD103079,2025-05-22,1543,37.0,Male,Islamabad,North,Electronics,Mouse,33.48,7,0.15,Debit Card,New,4.4,199.21
ORD104732,2025-05-23,1596,22.0,Female,Faisalabad,East,Electronics,Mouse,34.95,1,0.0,Digital Wallet,New,3.8,34.95
ORD100008,2025-05-23,1615,18.0,Female,Karachi,South,Clothing,Jeans,61.97,2,0.0,Debit Card,New,3.1,123.94
ORD102998,2025-05-23,1319,29.0,Male,Quetta,West,Electronics,Keyboard,66.68,2,0.2,Digital Wallet,VIP,4.6,106.69
ORD103156,2025-05-23,1177,18.0,Female,Faisalabad,East,Electronics,Monitor,268.83,2,0.25,Credit Card,Returning,2.3,403.24
ORD103362,2025-05-23,1460,43.0,Female,Multan,South,Electronics,Headphones,121.41,3,0.1,Credit Card,Returning,4.7,327.81
ORD100837,2025-05-23,1051,35.0,Female,Rawalpindi,North,Clothing,Jacket,101.47,3,0.2,Credit Card,Returning,4.0,243.53
ORD102504,2025-05-23,1012,47.0,Male,Quetta,West,Clothing,Shoes,92.72,2,0.3,Debit Card,Returning,3.9,129.81
ORD101870,2025-05-23,1489,34.0,Female,Lahore,East,Accessories,Backpack,56.87,2,0.0,Credit Card,New,2.5,113.74
ORD102812,2025-05-24,1382,54.0,Male,Karachi,South,Electronics,Monitor,311.76,6,0.0,Digital Wallet,Returning,3.6,1870.56
ORD104343,2025-05-24,1187,27.0,Male,Lahore,East,Electronics,Smartphone,774.81,2,0.15,Debit Card,Returning,3.8,1317.18
ORD104691,2025-05-24,1669,20.0,Female,Islamabad,North,Electronics,Monitor,264.02,1,0.2,Cash,New,3.4,211.22
ORD100699,2025-05-24,1445,37.0,Female,Quetta,West,Accessories,Wallet,47.08,3,0.0,Digital Wallet,VIP,4.8,141.24
ORD100317,2025-05-25,1587,30.0,Female,Multan,South,Accessories,Sunglasses,86.07,3,0.2,Credit Card,Returning,3.9,206.57
ORD103450,2025-05-25,1494,51.0,Male,Multan,South,Electronics,Tablet,506.26,3,0.1,Digital Wallet,Returning,4.4,1366.9
ORD101284,2025-05-25,1664,18.0,Male,Lahore,East,Electronics,Headphones,122.44,1,0.0,Credit Card,New,4.1,122.44
ORD103081,2025-05-25,1664,41.0,Female,Rawalpindi,North,Accessories,Backpack,61.12,1,0.0,Bank Transfer,Returning,2.5,61.12
ORD100696,2025-05-25,1252,36.0,Male,Faisalabad,East,Clothing,Jeans,67.02,2,0.15,Credit Card,New,2.8,113.93
ORD104262,2025-05-25,1248,37.0,Female,Islamabad,North,Electronics,Monitor,262.26,6,0.2,Debit Card,Returning,3.9,1258.85
ORD100573,2025-05-25,1754,39.0,Female,Islamabad,North,Electronics,Smartphone,802.29,3,0.0,,Returning,3.8,2406.87
ORD100372,2025-05-25,1512,22.0,Female,Quetta,West,Clothing,Shoes,82.78,1,0.2,Debit Card,Returning,3.6,66.22
ORD103504,2025-05-25,1087,,Female,Rawalpindi,North,Electronics,Laptop,1210.28,6,0.0,Debit Card,Returning,3.4,7261.68
ORD102349,2025-05-26,1589,42.0,Male,Karachi,South,Electronics,Keyboard,72.67,3,0.0,Credit Card,New,3.3,218.01
ORD104184,2025-05-26,1457,45.0,Male,Multan,South,Electronics,Tablet,509.46,2,0.3,Credit Card,New,2.6,713.24
ORD104597,2025-05-26,1419,32.0,Male,Faisalabad,East,Clothing,Jeans,68.78,4,0.3,Credit Card,Returning,5.0,192.58
ORD102498,2025-05-26,1208,37.0,Male,Rawalpindi,North,Electronics,Laptop,1148.26,3,0.1,Credit Card,New,2.6,3100.3
ORD104631,2025-05-26,1519,24.0,Female,Lahore,East,Electronics,Mouse,35.27,2,0.0,Debit Card,New,3.7,70.54
ORD101456,2025-05-27,1629,38.0,Male,Peshawar,West,Electronics,Smartphone,833.43,3,0.0,Debit Card,New,3.2,2500.29
ORD101448,2025-05-27,1041,27.0,Male,Quetta,West,Electronics,Keyboard,66.52,3,0.1,Credit Card,Returning,4.1,179.6
ORD102828,2025-05-27,1374,28.0,Female,Faisalabad,East,Electronics,Keyboard,68.56,1,0.1,Debit Card,Returning,,61.7
ORD102118,2025-05-27,1084,41.0,Male,Quetta,West,Electronics,Tablet,494.95,6,0.0,Credit Card,Returning,3.6,2969.7
ORD103962,2025-05-27,1670,42.0,Male,Multan,South,Clothing,Jacket,111.62,5,0.05,Digital Wallet,New,2.3,530.2
ORD103294,2025-05-28,1477,23.0,Male,Peshawar,West,Electronics,Tablet,512.6,4,0.0,Debit Card,New,4.7,2050.4
ORD103599,2025-05-28,1412,53.0,Female,Rawalpindi,North,Accessories,Wallet,45.97,3,0.15,Debit Card,Returning,3.5,117.22
ORD104734,2025-05-28,1367,39.0,Male,Faisalabad,East,Electronics,Tablet,502.09,1,0.0,Debit Card,Returning,4.5,502.09
ORD100177,2025-05-28,1796,18.0,Male,Lahore,East,Electronics,Headphones,110.95,4,0.15,Bank Transfer,Returning,3.9,377.23
ORD102468,2025-05-28,1160,46.0,Female,Multan,South,Electronics,Monitor,299.96,2,0.2,Digital Wallet,Returning,3.5,479.94
ORD103605,2025-05-28,1755,19.0,Female,Karachi,South,Clothing,T-Shirt,29.88,7,0.05,Credit Card,New,4.1,198.7
ORD104868,2025-05-28,1570,57.0,Male,Karachi,South,Electronics,Headphones,113.19,1,0.1,Bank Transfer,Returning,4.3,101.87
ORD100781,2025-05-28,1145,22.0,Male,Faisalabad,East,Electronics,Tablet,495.29,3,0.0,Bank Transfer,Returning,3.0,1485.87
ORD103689,2025-05-29,1669,38.0,Male,Rawalpindi,North,Accessories,Sunglasses,86.83,7,0.0,Cash,New,3.7,607.81
ORD102300,2025-05-29,1629,28.0,Male,Peshawar,West,Electronics,Smartphone,690.24,2,0.05,Digital Wallet,VIP,4.2,1311.46
ORD103151,2025-05-29,1028,27.0,Female,Karachi,South,Clothing,T-Shirt,28.6,2,0.1,Credit Card,New,3.4,51.48
ORD100954,2025-05-29,1350,35.0,Male,Quetta,West,Electronics,Smartphone,694.93,2,0.15,Cash,New,3.2,1181.38
ORD103721,2025-05-29,1448,38.0,Female,Islamabad,North,Clothing,Shoes,81.29,2,0.0,Cash,VIP,2.3,162.58
ORD100268,2025-05-29,1187,51.0,Male,Islamabad,North,Electronics,Smartwatch,225.3,5,0.05,Digital Wallet,Returning,3.6,1070.18
ORD100425,2025-05-30,1525,30.0,Female,Peshawar,West,Electronics,Mouse,38.23,7,0.05,Credit Card,New,4.6,254.23
ORD103179,2025-05-30,1650,62.0,Female,Rawalpindi,North,Accessories,Sunglasses,80.49,1,0.2,Credit Card,New,3.9,64.39
ORD101835,2025-05-30,1192,47.0,Female,Lahore,East,Electronics,Headphones,133.37,5,0.25,Credit Card,VIP,4.0,500.14
ORD102564,2025-05-30,1239,39.0,Female,Multan,South,Electronics,Tablet,504.64,5,0.0,Cash,Returning,3.6,2523.2
ORD101450,2025-05-30,1017,34.0,Male,Faisalabad,East,Electronics,Headphones,116.7,2,0.1,Credit Card,New,4.5,210.06
ORD104010,2025-05-30,1441,31.0,Female,Islamabad,North,Electronics,Laptop,1269.93,1,0.2,Credit Card,New,3.7,1015.94
ORD102720,2025-05-31,1564,32.0,Female,Islamabad,North,Electronics,Keyboard,70.39,1,0.25,Debit Card,New,3.9,52.79
ORD102967,2025-05-31,1154,27.0,Male,Peshawar,West,Electronics,Tablet,457.74,1,0.0,Credit Card,Returning,4.4,457.74
ORD103233,2025-05-31,1485,44.0,Male,Quetta,West,Electronics,Headphones,114.11,3,0.05,Debit Card,VIP,3.1,325.21
ORD101091,2025-05-31,1320,18.0,Male,Peshawar,West,Electronics,Smartphone,724.39,3,0.05,Debit Card,Returning,4.7,2064.51
ORD100216,2025-05-31,1672,30.0,Female,Multan,South,Electronics,Smartphone,803.13,7,0.15,Bank Transfer,New,3.8,4778.62
ORD101949,2025-06-01,1274,18.0,Male,Multan,South,Electronics,Tablet,515.69,2,0.05,Cash,VIP,4.7,979.81
ORD101661,2025-06-01,1187,31.0,Female,Faisalabad,East,Electronics,Keyboard,71.87,1,0.1,Debit Card,Returning,4.6,64.68
ORD101587,2025-06-01,1402,25.0,Female,Quetta,West,Clothing,Jeans,68.1,2,0.0,Credit Card,New,3.6,136.2
ORD100083,2025-06-01,1556,25.0,Male,Multan,South,Electronics,Smartwatch,218.2,2,0.05,Bank Transfer,Returning,4.2,414.58
ORD104536,2025-06-01,1480,30.0,Male,Faisalabad,East,Accessories,Sunglasses,82.04,2,0.2,Credit Card,New,2.8,131.26
ORD102311,2025-06-01,1043,45.0,Female,Peshawar,West,Clothing,Jeans,72.89,3,0.2,Digital Wallet,New,3.7,174.94
ORD104188,2025-06-01,1225,43.0,Female,Peshawar,West,Electronics,Smartphone,762.72,2,0.15,Credit Card,Returning,3.9,1296.62
ORD103161,2025-06-02,1610,55.0,Male,Quetta,West,Accessories,Backpack,55.76,2,0.0,Credit Card,Returning,3.4,111.52
ORD100364,2025-06-02,1284,18.0,Female,Multan,South,Clothing,Jeans,64.42,3,0.05,Debit Card,Returning,3.0,183.6
ORD101927,2025-06-02,1527,18.0,Male,Quetta,West,Accessories,Backpack,54.2,1,0.0,Bank Transfer,New,3.1,54.2
ORD101436,2025-06-02,1004,39.0,Male,Faisalabad,East,Electronics,Mouse,32.43,2,0.2,Credit Card,Returning,4.3,51.89
ORD101990,2025-06-02,1090,26.0,Male,Faisalabad,East,Electronics,Mouse,37.37,1,0.0,Credit Card,New,4.1,37.37
ORD103307,2025-06-02,1725,41.0,Male,Islamabad,North,Electronics,Smartwatch,208.36,3,0.2,Bank Transfer,VIP,5.0,500.06
ORD101039,2025-06-03,1277,44.0,Female,Rawalpindi,North,Electronics,Headphones,130.3,1,0.1,Debit Card,Returning,5.0,117.27
ORD104567,2025-06-03,1593,37.0,Male,Quetta,West,Electronics,Mouse,31.65,7,0.0,Debit Card,Returning,2.9,221.55
ORD101463,2025-06-03,1610,42.0,Male,Lahore,East,Clothing,Jeans,66.89,2,0.05,Cash,New,3.3,127.09
ORD103667,2025-06-03,1041,51.0,Male,Karachi,South,Clothing,Shoes,93.06,2,0.05,Credit Card,Returning,3.7,176.81
ORD102585,2025-06-03,1206,35.0,Female,Peshawar,West,Clothing,Jeans,65.05,2,0.15,Debit Card,Returning,3.2,110.58
ORD104757,2025-06-03,1266,38.0,Male,Islamabad,North,Electronics,Laptop,1256.76,3,0.05,Bank Transfer,Returning,4.0,3581.77
ORD101595,2025-06-03,1620,22.0,Male,Rawalpindi,North,Electronics,Tablet,538.7,1,0.1,Credit Card,New,4.5,484.83
ORD100162,2025-06-03,1096,34.0,Male,Rawalpindi,North,Electronics,Mouse,32.42,1,0.05,Credit Card,VIP,4.5,30.8
ORD103828,2025-06-04,1102,39.0,Male,Lahore,East,Electronics,Keyboard,67.32,2,0.0,Digital Wallet,VIP,4.6,134.64
ORD102764,2025-06-04,1101,37.0,Male,Lahore,East,Electronics,Mouse,34.87,2,0.0,Cash,Returning,4.6,69.74
ORD104176,2025-06-04,1720,42.0,Female,Islamabad,North,Clothing,T-Shirt,29.79,6,0.25,Digital Wallet,Returning,4.5,134.06
ORD101865,2025-06-04,1738,18.0,Male,Islamabad,North,Electronics,Laptop,1094.68,3,0.0,Bank Transfer,Returning,2.7,3284.04
ORD102808,2025-06-04,1360,37.0,Male,Multan,South,Clothing,Shoes,89.34,2,0.25,Credit Card,New,3.4,134.01
ORD102171,2025-06-04,1282,27.0,Female,Faisalabad,East,Clothing,Jeans,65.76,3,0.3,Bank Transfer,VIP,4.4,138.1
ORD101838,2025-06-04,1401,30.0,Male,Multan,South,Electronics,Monitor,307.06,2,0.25,Debit Card,Returning,3.8,460.59
ORD104286,2025-06-04,1518,39.0,Male,Islamabad,North,Electronics,Headphones,119.91,1,0.1,Digital Wallet,Returning,3.6,107.92
ORD102916,2025-06-05,1136,,Male,Islamabad,North,Electronics,Headphones,116.91,2,0.05,Credit Card,New,3.9,222.13
ORD101946,2025-06-05,1721,35.0,Female,Faisalabad,East,Accessories,Backpack,52.75,3,0.25,Credit Card,Returning,3.2,118.69
ORD102589,2025-06-05,1537,38.0,Male,Lahore,East,Electronics,Smartwatch,231.85,5,0.2,Debit Card,New,4.1,927.4
ORD102561,2025-06-05,1244,48.0,Male,Islamabad,North,Clothing,Jacket,108.61,2,0.0,Bank Transfer,Returning,4.9,217.22
ORD101192,2025-06-05,1635,31.0,Female,Karachi,South,Electronics,Keyboard,64.47,2,0.1,Debit Card,Returning,5.0,116.05
ORD104398,2025-06-05,1274,27.0,Male,Peshawar,West,Electronics,Headphones,115.91,6,0.2,Debit Card,New,4.0,556.37
ORD103064,2025-06-05,1582,18.0,Male,Faisalabad,East,Electronics,Monitor,304.77,2,0.1,Digital Wallet,New,4.0,548.59
ORD102800,2025-06-05,1550,21.0,Male,Peshawar,West,Clothing,T-Shirt,26.08,4,0.0,Credit Card,New,5.0,104.32
ORD102529,2025-06-06,1161,56.0,Female,Multan,South,Electronics,Mouse,33.75,1,0.0,Debit Card,Returning,4.6,33.75
ORD101543,2025-06-06,1497,34.0,Female,Rawalpindi,North,Electronics,Mouse,38.69,2,0.0,Debit Card,New,2.8,77.38
ORD100995,2025-06-06,1028,60.0,Female,Rawalpindi,North,Electronics,Smartphone,818.96,2,0.1,Debit Card,New,3.6,1474.13
ORD103235,2025-06-06,1072,30.0,Female,Islamabad,North,Electronics,Smartwatch,228.9,4,0.0,Credit Card,Returning,4.8,915.6
ORD103937,2025-06-06,1746,64.0,Male,Quetta,West,Electronics,Smartphone,650.24,1,0.25,Bank Transfer,New,4.0,487.68
ORD103733,2025-06-06,1124,18.0,Female,Quetta,West,Accessories,Backpack,55.05,1,0.0,Bank Transfer,New,5.0,55.05
ORD103331,2025-06-06,1273,40.0,Female,Islamabad,North,Clothing,Jeans,66.41,1,0.0,Credit Card,New,4.9,66.41
ORD101356,2025-06-06,1759,24.0,Female,Lahore,East,Electronics,Headphones,115.33,3,0.1,Bank Transfer,New,4.4,311.39
ORD100392,2025-06-06,1116,38.0,Male,Rawalpindi,North,Electronics,Smartphone,761.99,1,0.15,Bank Transfer,VIP,4.2,647.69
ORD104052,2025-06-06,1235,38.0,Female,Islamabad,North,Clothing,Shoes,92.03,5,0.2,Digital Wallet,New,3.1,368.12
ORD101396,2025-06-06,1709,33.0,Male,Karachi,South,Accessories,Sunglasses,72.28,3,0.0,Digital Wallet,New,3.6,216.84
ORD103777,2025-06-07,1483,35.0,Female,Rawalpindi,North,Accessories,Sunglasses,81.51,1,0.0,Credit Card,Returning,4.7,81.51
ORD101210,2025-06-07,1755,39.0,Female,Islamabad,North,Electronics,Laptop,1290.28,3,0.2,Credit Card,Returning,4.0,3096.67
ORD104063,2025-06-07,1533,26.0,Female,Islamabad,North,Electronics,Smartwatch,227.91,1,0.0,Bank Transfer,VIP,4.3,227.91
ORD102511,2025-06-07,1237,41.0,Female,Karachi,South,Clothing,T-Shirt,27.58,5,0.2,Digital Wallet,New,3.1,110.32
ORD102765,2025-06-07,1008,18.0,Female,Karachi,South,Accessories,Sunglasses,79.17,3,0.0,Debit Card,Returning,3.2,237.51
ORD101518,2025-06-07,1713,31.0,Male,Lahore,East,Accessories,Backpack,54.01,7,0.1,Credit Card,Returning,3.0,340.26
ORD103859,2025-06-07,1013,33.0,Male,Quetta,West,Clothing,Jeans,65.98,4,0.0,Digital Wallet,Returning,4.3,263.92
ORD100544,2025-06-08,1016,27.0,Male,Rawalpindi,North,Electronics,Smartphone,807.02,4,0.0,Cash,VIP,4.0,3228.08
ORD102676,2025-06-08,1155,25.0,Female,Islamabad,North,Accessories,Backpack,60.66,2,0.0,Debit Card,Returning,2.3,121.32
ORD103223,2025-06-08,1307,35.0,Female,Karachi,South,Electronics,Keyboard,72.33,3,0.05,Digital Wallet,Returning,2.5,206.14
ORD100468,2025-06-08,1656,35.0,Female,Lahore,East,Electronics,Tablet,557.99,3,0.2,Credit Card,Returning,4.0,1339.18
ORD101854,2025-06-08,1460,38.0,Female,Multan,South,Electronics,Smartphone,788.2,3,0.0,Bank Transfer,New,3.8,2364.6
ORD103397,2025-06-08,1622,40.0,Male,Peshawar,West,Electronics,Tablet,486.24,1,0.2,Digital Wallet,New,3.1,388.99
ORD100858,2025-06-09,1054,44.0,Male,Faisalabad,East,Electronics,Tablet,494.82,2,0.0,Digital Wallet,New,2.5,989.64
ORD102597,2025-06-09,1336,26.0,Female,Peshawar,West,Clothing,T-Shirt,29.42,1,0.0,Digital Wallet,New,4.8,29.42
ORD102552,2025-06-09,1466,24.0,Female,Rawalpindi,North,Electronics,Smartwatch,235.46,1,0.1,Digital Wallet,New,4.6,211.91
ORD100832,2025-06-09,1145,24.0,Female,Peshawar,West,Clothing,Shoes,90.45,4,0.0,Credit Card,New,4.2,361.8
ORD101209,2025-06-10,1627,40.0,Female,Karachi,South,Electronics,Tablet,495.96,3,0.0,Debit Card,VIP,3.8,1487.88
ORD102330,2025-06-10,1141,30.0,Female,Multan,South,Clothing,T-Shirt,31.19,8,0.25,Debit Card,New,3.3,187.14
ORD104123,2025-06-10,1558,50.0,Male,Multan,South,Electronics,Headphones,113.85,2,0.0,Debit Card,VIP,4.7,227.7
ORD104673,2025-06-10,1591,47.0,Female,Peshawar,West,Electronics,Smartphone,704.25,2,0.0,Debit Card,Returning,4.3,1408.5
ORD101258,2025-06-10,1567,18.0,Male,Islamabad,North,Clothing,Jeans,65.45,1,0.05,Credit Card,New,3.1,62.18
ORD104001,2025-06-10,1631,35.0,Male,Quetta,West,Electronics,Laptop,1178.68,6,0.15,Debit Card,Returning,4.8,6011.27
ORD102886,2025-06-11,1213,18.0,Female,Quetta,West,Electronics,Headphones,116.93,2,0.3,Digital Wallet,Returning,2.5,163.7
ORD101300,2025-06-11,1689,36.0,Female,Peshawar,West,Electronics,Tablet,500.54,2,0.0,Digital Wallet,New,3.4,1001.08
ORD104015,2025-06-11,1726,49.0,Female,Rawalpindi,North,Electronics,Headphones,124.55,5,0.2,Debit Card,New,3.5,498.2
ORD101720,2025-06-11,1617,29.0,Female,Peshawar,West,Electronics,Smartwatch,222.1,3,0.1,Digital Wallet,VIP,4.5,599.67
ORD100161,2025-06-11,1564,35.0,Male,Rawalpindi,North,Accessories,Sunglasses,82.85,8,0.1,Credit Card,New,3.2,596.52
ORD104513,2025-06-11,1496,58.0,Male,Rawalpindi,North,Clothing,Jeans,69.81,1,0.05,Bank Transfer,New,3.9,66.32
ORD102096,2025-06-11,1021,24.0,Male,Peshawar,West,Electronics,Tablet,476.38,8,0.0,Cash,New,4.4,3811.04
ORD102224,2025-06-11,1218,39.0,Female,Karachi,South,Electronics,Headphones,115.05,2,0.0,Debit Card,Returning,3.9,230.1
ORD101808,2025-06-11,1113,48.0,Female,Islamabad,North,Electronics,Headphones,117.46,2,0.15,Debit Card,New,4.9,199.68
ORD101473,2025-06-11,1576,32.0,Male,Multan,South,Clothing,Jeans,69.22,3,0.3,Digital Wallet,Returning,4.3,145.36
ORD103774,2025-06-11,1604,36.0,Female,Karachi,South,Electronics,Mouse,32.73,1,0.0,Debit Card,Returning,4.3,32.73
ORD102542,2025-06-12,1361,27.0,Female,Islamabad,North,Electronics,Tablet,571.74,1,0.1,Digital Wallet,Returning,4.7,514.57
ORD100042,2025-06-12,1190,24.0,Female,Peshawar,West,Electronics,Mouse,34.42,5,0.0,Debit Card,New,4.0,172.1
ORD103016,2025-06-12,1481,19.0,Female,Lahore,East,Electronics,Smartphone,755.14,5,0.2,Cash,Returning,3.6,3020.56
ORD102392,2025-06-12,1049,38.0,Female,Karachi,South,Accessories,Sunglasses,77.74,6,0.15,Credit Card,Returning,1.2,396.47
ORD103168,2025-06-12,1066,26.0,Female,Peshawar,West,Clothing,Shoes,89.01,7,0.1,Digital Wallet,Returning,4.4,560.76
ORD101480,2025-06-12,1794,24.0,Female,Lahore,East,Electronics,Smartphone,814.71,6,0.2,Bank Transfer,Returning,5.0,3910.61
ORD103040,2025-06-12,1400,37.0,Male,Peshawar,West,Electronics,Keyboard,70.28,2,0.05,Digital Wallet,Returning,4.6,133.53
ORD100822,2025-06-12,1709,42.0,Female,Multan,South,Electronics,Laptop,1251.78,2,0.25,Debit Card,Returning,3.3,1877.67
ORD102115,2025-06-13,1014,26.0,Male,Lahore,East,Electronics,Keyboard,61.17,1,0.2,Credit Card,VIP,5.0,48.94
ORD103071,2025-06-13,1792,51.0,Male,Multan,South,Electronics,Smartphone,714.29,3,0.05,Cash,Returning,1.9,2035.73
ORD100961,2025-06-13,1008,44.0,Male,Multan,South,Electronics,Keyboard,65.99,7,0.0,Credit Card,New,3.9,461.93
ORD100461,2025-06-13,1620,39.0,Female,Rawalpindi,North,Electronics,Headphones,116.76,2,0.0,Credit Card,Returning,4.7,233.52
ORD100755,2025-06-13,1259,20.0,Female,Peshawar,West,Clothing,Jeans,64.02,1,0.25,Digital Wallet,VIP,5.0,48.02
ORD104714,2025-06-13,1514,29.0,Male,Karachi,South,Electronics,Headphones,120.07,1,0.1,Credit Card,Returning,4.1,108.06
ORD102969,2025-06-13,1469,33.0,Female,Rawalpindi,North,Electronics,Laptop,1191.44,5,0.0,Digital Wallet,New,5.0,5957.2
ORD101237,2025-06-13,1127,42.0,Male,Karachi,South,Electronics,Laptop,1277.57,1,0.05,Digital Wallet,New,5.0,1213.69
ORD101494,2025-06-13,1055,36.0,Female,Quetta,West,Clothing,Jeans,67.38,3,0.1,Debit Card,New,3.4,181.93
ORD101639,2025-06-13,1377,46.0,Male,Lahore,East,Electronics,Monitor,294.5,6,0.05,Credit Card,Returning,4.4,1678.65
ORD101009,2025-06-13,1394,49.0,Male,Quetta,West,Electronics,Monitor,332.11,2,0.2,Digital Wallet,New,3.2,531.38
ORD102687,2025-06-13,1731,31.0,Female,Peshawar,West,Electronics,Headphones,106.89,3,0.05,Credit Card,New,4.3,304.64
ORD104038,2025-06-13,1198,37.0,Female,Lahore,East,Electronics,Mouse,38.37,1,0.15,Cash,New,3.1,32.61
ORD102654,2025-06-13,1260,38.0,Male,Faisalabad,East,Electronics,Tablet,554.39,3,0.0,Bank Transfer,New,3.6,1663.17
ORD104516,2025-06-14,1740,47.0,Male,Quetta,West,Clothing,Shoes,84.57,5,0.0,Bank Transfer,New,3.1,422.85
ORD104042,2025-06-14,1421,36.0,Female,Faisalabad,East,Electronics,Headphones,109.44,4,0.05,Debit Card,Returning,2.7,415.87
ORD101791,2025-06-14,1394,48.0,Male,Multan,South,Clothing,T-Shirt,28.52,4,0.0,Cash,Returning,3.7,114.08
ORD104686,2025-06-14,1361,25.0,Male,Faisalabad,East,Accessories,Sunglasses,87.46,1,0.0,Digital Wallet,New,3.6,87.46
ORD101146,2025-06-14,1089,29.0,Male,Islamabad,North,Electronics,Tablet,490.96,1,0.0,Digital Wallet,Returning,3.7,490.96
ORD102409,2025-06-14,1561,51.0,Female,Quetta,West,Clothing,Jeans,66.14,2,0.1,Bank Transfer,Returning,4.2,119.05
ORD104982,2025-06-15,1721,23.0,Female,Multan,South,Electronics,Smartphone,807.45,3,0.15,Cash,VIP,3.9,2059.0
ORD103658,2025-06-15,1634,32.0,Male,Peshawar,West,Clothing,Jeans,61.44,4,0.15,Bank Transfer,New,5.0,208.9
ORD102179,2025-06-15,1059,53.0,Female,Lahore,East,Electronics,Keyboard,64.26,1,0.1,Credit Card,New,4.0,57.83
ORD101302,2025-06-15,1630,34.0,Female,Rawalpindi,North,Clothing,Jeans,59.13,6,0.2,Debit Card,New,3.2,283.82
ORD100095,2025-06-15,1720,30.0,Male,Quetta,West,Accessories,Sunglasses,79.31,2,0.1,Credit Card,New,4.9,142.76
ORD100341,2025-06-15,1195,34.0,Male,Rawalpindi,North,Clothing,Jeans,70.4,1,0.05,Digital Wallet,New,2.4,66.88
ORD100850,2025-06-15,1154,35.0,Male,Lahore,East,Electronics,Monitor,290.6,4,0.15,Digital Wallet,New,3.4,988.04
ORD103249,2025-06-15,1283,26.0,Male,Quetta,West,Clothing,Jeans,66.68,8,0.05,Credit Card,New,3.9,506.77
ORD103414,2025-06-16,1120,,Male,Lahore,East,Clothing,T-Shirt,29.62,1,0.1,Bank Transfer,VIP,4.8,26.66
ORD102957,2025-06-16,1211,24.0,Female,Faisalabad,East,Clothing,T-Shirt,31.33,3,0.2,Debit Card,New,3.1,75.19
ORD103945,2025-06-16,1013,31.0,Male,Lahore,East,Electronics,Mouse,35.02,1,0.05,Credit Card,Returning,4.3,33.27
ORD101763,2025-06-16,1216,31.0,Female,Rawalpindi,North,Electronics,Keyboard,69.12,1,0.15,Cash,New,4.7,58.75
ORD101077,2025-06-17,1645,44.0,Female,Multan,South,Clothing,Jacket,115.96,3,0.15,Credit Card,New,4.2,295.7
ORD103580,2025-06-17,1453,36.0,Male,Lahore,East,Electronics,Smartphone,752.51,3,0.0,Digital Wallet,New,3.5,2257.53
ORD102193,2025-06-17,1797,21.0,Female,Faisalabad,East,Accessories,Backpack,56.44,2,0.1,Credit Card,Returning,3.6,101.59
ORD100951,2025-06-17,1214,33.0,Female,Karachi,South,Electronics,Laptop,1338.61,1,0.0,Digital Wallet,New,4.8,1338.61
ORD103563,2025-06-17,1558,53.0,Male,Multan,South,Electronics,Smartphone,802.89,4,0.15,Credit Card,Returning,3.5,2729.83
ORD101175,2025-06-17,1623,45.0,Female,Peshawar,West,Electronics,Headphones,103.07,3,0.0,Credit Card,Returning,4.9,309.21
ORD104940,2025-06-17,1137,44.0,Male,Peshawar,West,Clothing,Shoes,90.3,2,0.2,Credit Card,New,2.8,144.48
ORD103784,2025-06-17,1764,30.0,Female,Multan,South,Electronics,Smartphone,699.51,4,0.05,Bank Transfer,New,4.2,2658.14
ORD100210,2025-06-17,1677,26.0,Female,Faisalabad,East,Accessories,Sunglasses,78.43,1,0.0,Debit Card,Returning,4.2,78.43
ORD100082,2025-06-17,1730,35.0,Male,Islamabad,North,Clothing,T-Shirt,30.07,4,0.05,Cash,New,3.2,114.27
ORD103206,2025-06-17,1447,36.0,Male,Peshawar,West,Electronics,Tablet,464.41,2,0.15,Credit Card,New,3.5,789.5
ORD102237,2025-06-18,1287,24.0,Female,Quetta,West,Electronics,Mouse,34.3,5,0.05,Credit Card,Returning,3.7,162.92
ORD102268,2025-06-18,1594,36.0,Male,Quetta,West,Electronics,Tablet,515.91,2,0.0,Digital Wallet,New,4.1,1031.82
ORD102535,2025-06-18,1509,21.0,Male,Rawalpindi,North,Electronics,Keyboard,64.4,1,0.0,Credit Card,Returning,4.7,64.4
ORD104659,2025-06-18,1050,29.0,Female,Peshawar,West,Clothing,Shoes,81.73,6,0.1,Digital Wallet,New,4.6,441.34
ORD103488,2025-06-19,1179,42.0,Female,Peshawar,West,Electronics,Laptop,1285.64,4,0.0,Credit Card,New,3.8,5142.56
ORD102185,2025-06-19,1276,36.0,Female,Karachi,South,Accessories,Wallet,42.79,4,0.1,Debit Card,Returning,4.8,154.04
ORD103177,2025-06-19,1294,18.0,Male,Peshawar,West,Electronics,Laptop,1349.3,4,0.1,Credit Card,Returning,4.8,4857.48
ORD104640,2025-06-19,1500,25.0,Male,Islamabad,North,Clothing,T-Shirt,29.7,2,0.05,Bank Transfer,Returning,3.9,56.43
ORD103507,2025-06-19,1665,40.0,Female,Karachi,South,Electronics,Tablet,494.86,2,0.3,Digital Wallet,Returning,3.6,692.8
ORD103503,2025-06-19,1584,44.0,Female,Multan,South,Electronics,Mouse,33.96,2,0.0,Digital Wallet,Returning,4.2,67.92
ORD104642,2025-06-20,1124,31.0,Female,Islamabad,North,Electronics,Laptop,1199.69,8,0.0,Digital Wallet,New,5.0,9597.52
ORD103465,2025-06-20,1480,41.0,Male,Quetta,West,Electronics,Laptop,1104.23,3,0.3,Credit Card,New,3.9,2318.88
ORD102353,2025-06-20,1350,25.0,Male,Faisalabad,East,Electronics,Laptop,1177.23,2,0.15,Digital Wallet,New,4.5,2001.29
ORD101776,2025-06-20,1693,33.0,Female,Lahore,East,Electronics,Laptop,1272.86,4,0.2,Cash,Returning,5.0,4073.15
ORD100044,2025-06-20,1563,18.0,Male,Rawalpindi,North,Clothing,T-Shirt,32.24,1,0.2,Debit Card,VIP,3.4,25.79
ORD102440,2025-06-20,1280,42.0,Male,Multan,South,Accessories,Sunglasses,90.53,3,0.15,Debit Card,New,3.8,230.85
ORD103955,2025-06-20,1027,29.0,Female,Multan,South,Accessories,Sunglasses,78.02,2,0.05,Cash,New,3.2,148.24
ORD101668,2025-06-20,1344,33.0,Female,Karachi,South,Accessories,Backpack,51.95,3,0.05,Digital Wallet,Returning,4.6,148.06
ORD100695,2025-06-20,1070,58.0,Female,Quetta,West,Electronics,Keyboard,65.17,2,0.15,Digital Wallet,VIP,5.0,110.79
ORD103692,2025-06-20,1419,36.0,Female,Peshawar,West,Electronics,Smartwatch,220.31,1,0.0,Debit Card,VIP,3.7,220.31
ORD100274,2025-06-20,1764,18.0,Female,Peshawar,West,Accessories,Wallet,44.56,2,0.1,Digital Wallet,Returning,5.0,80.21
ORD102460,2025-06-21,1425,45.0,Male,Quetta,West,Electronics,Smartphone,750.88,1,0.05,Digital Wallet,Returning,4.7,713.34
ORD104903,2025-06-21,1341,48.0,Male,Islamabad,North,Clothing,Jacket,102.11,2,0.0,Digital Wallet,Returning,4.4,204.22
ORD101684,2025-06-21,1330,43.0,Female,Karachi,South,Clothing,Jeans,66.44,1,0.0,Bank Transfer,Returning,2.6,66.44
ORD101958,2025-06-21,1301,42.0,Female,Peshawar,West,Clothing,Jeans,66.46,2,0.2,Digital Wallet,Returning,4.8,106.34
ORD100351,2025-06-21,1670,27.0,Female,Multan,South,Accessories,Sunglasses,74.11,1,0.15,Bank Transfer,Returning,4.3,62.99
ORD103535,2025-06-21,1555,36.0,Male,Islamabad,North,Electronics,Smartwatch,215.47,6,0.0,Digital Wallet,New,3.9,1292.82
ORD101405,2025-06-21,1261,25.0,Male,Peshawar,West,Clothing,T-Shirt,27.12,1,0.2,Digital Wallet,Returning,3.9,21.7
ORD102410,2025-06-21,1483,37.0,Male,Rawalpindi,North,Clothing,Shoes,88.4,1,0.05,Cash,Returning,4.4,83.98
ORD103812,2025-06-21,1517,37.0,Female,Faisalabad,East,Clothing,Jacket,113.78,3,0.15,Cash,Returning,3.2,290.14
ORD104694,2025-06-21,1322,34.0,Female,Rawalpindi,North,Clothing,T-Shirt,31.72,1,0.1,Digital Wallet,VIP,4.8,28.55
ORD103776,2025-06-21,1637,20.0,Female,Peshawar,West,Electronics,Mouse,34.87,1,0.0,Cash,New,4.1,34.87
ORD102229,2025-06-21,1538,38.0,Female,Peshawar,West,Clothing,Shoes,100.18,4,0.15,Digital Wallet,Returning,3.5,340.61
ORD102863,2025-06-22,1149,35.0,Female,Rawalpindi,North,Clothing,Shoes,90.11,2,0.0,Bank Transfer,Returning,5.0,180.22
ORD104300,2025-06-22,1668,28.0,Male,Peshawar,West,Accessories,Wallet,42.13,2,0.05,Digital Wallet,New,3.0,80.05
ORD103942,2025-06-22,1322,26.0,Female,Karachi,South,Clothing,T-Shirt,30.68,1,0.05,Debit Card,VIP,3.6,29.15
ORD103508,2025-06-23,1722,20.0,Female,Peshawar,West,Electronics,Headphones,118.26,1,0.15,Credit Card,Returning,3.5,100.52
ORD103906,2025-06-23,1201,27.0,Female,Karachi,South,Electronics,Mouse,35.61,3,0.15,Credit Card,Returning,3.5,90.81
ORD101402,2025-06-23,1119,18.0,Female,Quetta,West,Clothing,T-Shirt,31.91,3,0.3,Credit Card,Returning,3.2,67.01
ORD100417,2025-06-23,1246,27.0,Female,Quetta,West,Clothing,Jacket,115.81,1,0.05,Bank Transfer,Returning,4.2,110.02
ORD100291,2025-06-23,1611,45.0,Male,Peshawar,West,Electronics,Headphones,110.82,1,0.2,Credit Card,Returning,4.3,88.66
ORD101702,2025-06-23,1573,34.0,Female,Lahore,East,Electronics,Monitor,323.36,2,0.15,Credit Card,Returning,5.0,549.71
ORD100206,2025-06-23,1456,34.0,Male,Quetta,West,Accessories,Wallet,42.87,1,0.15,Credit Card,Returning,3.2,36.44
ORD101721,2025-06-23,1323,39.0,Male,Peshawar,West,Electronics,Smartphone,707.6,1,0.1,Credit Card,New,3.8,636.84
ORD104128,2025-06-24,1770,42.0,Female,Quetta,West,Clothing,T-Shirt,27.21,2,0.2,Bank Transfer,New,2.2,43.54
ORD100277,2025-06-24,1511,35.0,Female,Faisalabad,East,Clothing,Shoes,85.89,1,0.0,Bank Transfer,New,3.1,85.89
ORD104018,2025-06-24,1343,34.0,Male,Peshawar,West,Electronics,Laptop,1274.29,2,0.05,Debit Card,New,4.3,2421.15
ORD103888,2025-06-24,1794,44.0,Male,Peshawar,West,Electronics,Keyboard,73.52,5,0.3,Debit Card,VIP,4.5,257.32
ORD100141,2025-06-24,1739,46.0,Female,Lahore,East,Electronics,Monitor,295.92,1,0.3,Bank Transfer,Returning,5.0,207.14
ORD101407,2025-06-24,1734,23.0,Female,Faisalabad,East,Electronics,Tablet,529.0,2,0.15,Credit Card,Returning,4.9,899.3
ORD103454,2025-06-24,1661,19.0,Female,Peshawar,West,Clothing,T-Shirt,31.51,1,0.25,Credit Card,New,3.3,23.63
ORD104911,2025-06-24,1596,24.0,Male,Islamabad,North,Electronics,Tablet,469.33,7,0.25,Credit Card,New,4.6,2463.98
ORD101524,2025-06-24,1616,39.0,Female,Quetta,West,Electronics,Headphones,111.41,1,0.2,Bank Transfer,VIP,3.8,89.13
ORD103614,2025-06-24,1210,33.0,Female,Faisalabad,East,Electronics,Smartphone,693.78,2,0.25,Digital Wallet,Returning,4.3,1040.67
ORD100048,2025-06-24,1131,51.0,Female,Faisalabad,East,Accessories,Wallet,44.09,1,0.1,Digital Wallet,New,3.6,39.68
ORD102664,2025-06-25,1124,25.0,Male,Lahore,East,Electronics,Smartwatch,211.94,4,0.15,Bank Transfer,New,4.3,720.6
ORD103679,2025-06-25,1440,42.0,Female,Rawalpindi,North,Electronics,Smartwatch,218.12,3,0.0,Credit Card,New,4.7,654.36
ORD100073,2025-06-25,1388,18.0,Male,Lahore,East,Electronics,Laptop,1150.46,1,0.05,Digital Wallet,Returning,4.2,1092.94
ORD101928,2025-06-25,1153,18.0,Male,Multan,South,Accessories,Wallet,46.68,4,0.05,Digital Wallet,New,3.7,177.38
ORD101486,2025-06-25,1512,42.0,Male,Rawalpindi,North,Electronics,Tablet,517.85,2,0.0,Cash,New,3.9,1035.7
ORD101828,2025-06-25,1037,26.0,Male,Peshawar,West,Electronics,Laptop,1202.1,4,0.0,Digital Wallet,Returning,3.4,4808.4
ORD101515,2025-06-25,1450,44.0,Female,Lahore,East,Electronics,Headphones,119.46,4,0.0,Digital Wallet,New,4.0,477.84
ORD103748,2025-06-25,1736,42.0,Male,Rawalpindi,North,Electronics,Smartphone,782.19,1,0.0,Credit Card,New,3.7,782.19
ORD102202,2025-06-26,1294,39.0,Female,Faisalabad,East,Electronics,Keyboard,67.46,4,0.15,Debit Card,New,4.4,229.36
ORD100799,2025-06-26,1005,33.0,Female,Karachi,South,Clothing,Jeans,62.06,3,0.0,Bank Transfer,Returning,2.9,186.18
ORD103242,2025-06-26,1468,36.0,Female,Multan,South,Electronics,Mouse,35.01,1,0.1,Digital Wallet,VIP,3.1,31.51
ORD104090,2025-06-26,1459,24.0,Male,Faisalabad,East,Electronics,Smartphone,756.64,1,0.0,Credit Card,New,3.3,756.64
ORD103886,2025-06-26,1370,18.0,Male,Islamabad,North,Electronics,Laptop,1114.23,2,0.0,Digital Wallet,Returning,4.4,2228.46
ORD104671,2025-06-26,1694,41.0,Male,Lahore,East,Clothing,Jeans,68.88,4,0.15,Digital Wallet,VIP,4.5,234.19
ORD100525,2025-06-27,1612,66.0,Male,Karachi,South,Accessories,Backpack,56.03,3,0.05,Credit Card,New,3.8,159.69
ORD102127,2025-06-27,1449,48.0,Female,Peshawar,West,Electronics,Smartphone,787.63,2,0.05,Bank Transfer,Returning,3.8,1496.5
ORD102718,2025-06-27,1708,59.0,Male,Faisalabad,East,Electronics,Mouse,36.16,6,0.05,Credit Card,VIP,4.2,206.11
ORD102641,2025-06-27,1457,25.0,Male,Rawalpindi,North,Electronics,Smartphone,773.7,3,0.0,Bank Transfer,New,3.3,2321.1
ORD101467,2025-06-27,1685,22.0,Female,Multan,South,Electronics,Monitor,365.0,2,0.1,Credit Card,Returning,4.5,657.0
ORD104997,2025-06-28,1247,46.0,Male,Islamabad,North,Electronics,Headphones,125.05,1,0.25,Debit Card,Returning,2.8,93.79
ORD102783,2025-06-28,1651,21.0,Male,Lahore,East,Electronics,Keyboard,64.27,7,0.15,Debit Card,Returning,3.8,382.41
ORD104461,2025-06-28,1367,22.0,Female,Rawalpindi,North,Electronics,Monitor,307.45,1,0.1,Credit Card,Returning,3.5,276.7
ORD102559,2025-06-29,1316,19.0,Female,Rawalpindi,North,Clothing,T-Shirt,31.27,2,0.0,Digital Wallet,New,3.4,62.54
ORD102686,2025-06-29,1574,50.0,Female,Quetta,West,Accessories,Backpack,52.56,1,0.05,Bank Transfer,New,3.2,49.93
ORD104047,2025-06-29,1729,45.0,Male,Faisalabad,East,Electronics,Tablet,469.17,5,0.0,Bank Transfer,Returning,3.4,2345.85
ORD104376,2025-06-29,1438,41.0,Male,Faisalabad,East,Accessories,Sunglasses,88.78,1,0.1,Cash,Returning,2.6,79.9
ORD102907,2025-06-29,1023,31.0,Male,Faisalabad,East,Electronics,Headphones,119.72,1,0.2,Bank Transfer,Returning,4.3,95.78
ORD101947,2025-06-29,1072,36.0,Male,Rawalpindi,North,Electronics,Smartwatch,208.5,1,0.1,Credit Card,New,2.4,187.65
ORD104676,2025-06-29,1215,26.0,Male,Karachi,South,Electronics,Headphones,119.99,2,0.0,Bank Transfer,Returning,3.5,239.98
ORD102050,2025-06-29,1352,35.0,Female,Peshawar,West,Electronics,Headphones,120.89,3,0.1,Debit Card,VIP,3.5,326.4
ORD101816,2025-06-29,1675,27.0,Female,Faisalabad,East,Electronics,Tablet,490.7,1,0.1,Digital Wallet,New,2.9,441.63
ORD102294,2025-06-29,1003,22.0,Male,Rawalpindi,North,Electronics,Headphones,121.23,1,0.1,Credit Card,New,4.3,109.11
ORD103506,2025-06-30,1214,38.0,Female,Karachi,South,Electronics,Smartphone,729.37,4,0.3,Debit Card,Returning,2.5,2042.24
ORD103551,2025-06-30,1789,18.0,Female,Peshawar,West,Electronics,Headphones,124.81,3,0.15,Credit Card,New,2.6,318.27
ORD102550,2025-06-30,1666,55.0,Male,Peshawar,West,Clothing,T-Shirt,28.19,4,0.0,Bank Transfer,New,4.2,112.76
ORD102290,2025-06-30,1102,18.0,Male,Islamabad,North,Clothing,T-Shirt,29.69,4,0.1,Bank Transfer,Returning,5.0,106.88
ORD103231,2025-06-30,1297,40.0,Male,Lahore,East,Electronics,Headphones,127.96,5,0.1,Digital Wallet,VIP,3.6,575.82
ORD101411,2025-06-30,1506,36.0,Male,Peshawar,West,Electronics,Tablet,531.03,1,0.1,Credit Card,New,3.3,477.93
ORD103088,2025-06-30,1220,34.0,Male,Quetta,West,Electronics,Smartwatch,238.67,1,0.05,Debit Card,New,4.3,226.74
ORD101922,2025-06-30,1349,27.0,Female,Multan,South,Electronics,Headphones,121.57,3,0.05,Credit Card,New,2.4,346.47
ORD103022,2025-07-01,1763,19.0,Female,Rawalpindi,North,Clothing,Jeans,62.82,1,0.25,Credit Card,New,3.6,47.12
ORD102275,2025-07-01,1455,18.0,Female,Multan,South,Accessories,Backpack,58.51,1,0.1,Debit Card,New,3.4,52.66
ORD104828,2025-07-01,1161,30.0,Female,Rawalpindi,North,Electronics,Keyboard,68.98,1,0.15,Credit Card,Returning,3.2,58.63
ORD101948,2025-07-01,1789,25.0,Female,Faisalabad,East,Clothing,Shoes,86.75,3,0.1,Credit Card,New,4.0,234.22
ORD104489,2025-07-02,1391,28.0,Female,Islamabad,North,Electronics,Mouse,34.67,3,0.2,Credit Card,Returning,4.1,83.21
ORD104967,2025-07-02,1045,28.0,Male,Lahore,East,Clothing,Jeans,59.68,1,0.15,Digital Wallet,Returning,4.8,50.73
ORD103434,2025-07-02,1637,48.0,Male,Rawalpindi,North,Accessories,Backpack,54.87,3,0.05,Debit Card,Returning,3.4,156.38
ORD101876,2025-07-02,1800,33.0,Female,Peshawar,West,Electronics,Tablet,496.34,5,0.1,Bank Transfer,New,3.3,2233.53
ORD100774,2025-07-02,1178,42.0,Male,Rawalpindi,North,Clothing,T-Shirt,28.03,2,0.15,Credit Card,VIP,4.1,47.65
ORD104520,2025-07-03,1022,49.0,Female,Multan,South,Electronics,Monitor,290.72,2,0.1,Debit Card,New,5.0,523.3
ORD101783,2025-07-03,1007,41.0,Female,Islamabad,North,Accessories,Backpack,51.71,1,0.0,Debit Card,New,4.5,51.71
ORD101080,2025-07-03,1118,25.0,Male,Islamabad,North,Clothing,Jeans,65.28,4,0.05,Debit Card,Returning,3.9,248.06
ORD103312,2025-07-03,1476,47.0,Female,Lahore,East,Clothing,Jeans,61.33,6,0.0,Cash,VIP,4.0,367.98
ORD102061,2025-07-03,1332,31.0,Male,Faisalabad,East,Clothing,Jacket,113.47,4,0.05,Credit Card,Returning,3.8,431.19
ORD100233,2025-07-03,1699,33.0,Female,Karachi,South,Electronics,Laptop,1235.15,3,0.0,Digital Wallet,Returning,4.4,3705.45
ORD100653,2025-07-03,1186,39.0,Male,Karachi,South,Clothing,Jacket,111.14,2,0.1,Debit Card,New,4.4,200.05
ORD103254,2025-07-04,1129,38.0,Female,Islamabad,North,Clothing,Shoes,90.13,1,0.0,Credit Card,New,3.9,90.13
ORD101349,2025-07-04,1476,,Female,Peshawar,West,Clothing,Shoes,91.56,4,0.3,Credit Card,Returning,4.2,256.37
ORD103793,2025-07-04,1284,34.0,Male,Lahore,East,Clothing,Jacket,116.44,2,0.25,Debit Card,Returning,4.4,174.66
ORD104410,2025-07-04,1628,47.0,Male,Faisalabad,East,Electronics,Mouse,36.34,3,0.15,Bank Transfer,New,3.4,92.67
ORD103988,2025-07-04,1412,45.0,Female,Faisalabad,East,Electronics,Keyboard,73.27,3,0.0,Debit Card,Returning,4.5,219.81
ORD104832,2025-07-04,1606,19.0,Male,Faisalabad,East,Clothing,T-Shirt,32.11,3,0.1,Digital Wallet,VIP,2.2,86.7
ORD100501,2025-07-04,1704,22.0,Male,Quetta,West,Electronics,Smartphone,753.67,2,0.0,Bank Transfer,Returning,3.6,1507.34
ORD103337,2025-07-04,1272,,Male,Peshawar,West,Electronics,Monitor,299.33,1,0.3,Digital Wallet,Returning,3.4,209.53
ORD101825,2025-07-04,1572,40.0,Male,Multan,South,Electronics,Mouse,34.33,1,0.15,Debit Card,Returning,3.4,29.18
ORD103218,2025-07-04,1601,41.0,Female,Faisalabad,East,Electronics,Mouse,34.26,1,0.15,Credit Card,Returning,4.9,29.12
ORD101481,2025-07-04,1029,18.0,Male,Lahore,East,Clothing,Shoes,91.93,2,0.0,Credit Card,New,3.6,183.86
ORD103021,2025-07-04,1476,62.0,Male,Rawalpindi,North,Electronics,Monitor,298.4,1,0.2,Credit Card,VIP,3.6,238.72
ORD103761,2025-07-05,1416,32.0,Female,Rawalpindi,North,Electronics,Headphones,114.98,5,0.1,Debit Card,New,4.3,517.41
ORD104617,2025-07-05,1716,20.0,Male,Karachi,South,Clothing,Jeans,69.62,1,0.2,Cash,New,4.6,55.7
ORD100804,2025-07-05,1224,25.0,Female,Peshawar,West,Electronics,Smartphone,820.38,1,0.2,Digital Wallet,New,3.5,656.3
ORD104344,2025-07-05,1596,48.0,Male,Lahore,East,Electronics,Smartphone,804.35,4,0.1,Credit Card,New,4.0,2895.66
ORD100760,2025-07-05,1736,38.0,Male,Lahore,East,Accessories,Backpack,55.26,1,0.0,Debit Card,VIP,3.6,55.26
ORD102981,2025-07-05,1221,26.0,Female,Multan,South,Clothing,Jacket,108.47,3,0.0,Credit Card,New,4.2,325.41
ORD101180,2025-07-06,1420,21.0,Female,Multan,South,Electronics,Headphones,104.7,2,0.2,Credit Card,Returning,3.1,167.52
ORD101998,2025-07-06,1635,18.0,Female,Faisalabad,East,Electronics,Laptop,1101.76,1,0.1,Digital Wallet,New,3.2,991.58
ORD102328,2025-07-06,1324,22.0,Female,Peshawar,West,Electronics,Headphones,124.93,6,0.0,Credit Card,New,3.8,749.58
ORD101575,2025-07-07,1782,26.0,Female,Islamabad,North,Accessories,Wallet,47.66,7,0.1,Bank Transfer,VIP,3.8,300.26
ORD103005,2025-07-07,1314,32.0,Female,Karachi,South,Accessories,Sunglasses,83.2,2,0.15,Credit Card,New,3.8,141.44
ORD103877,2025-07-07,1664,18.0,Female,Rawalpindi,North,Electronics,Keyboard,62.56,4,0.1,Digital Wallet,VIP,4.4,225.22
ORD101940,2025-07-07,1386,34.0,Male,Rawalpindi,North,Electronics,Headphones,131.18,2,0.15,Credit Card,New,3.8,223.01
ORD103459,2025-07-07,1201,26.0,Male,Quetta,West,Electronics,Tablet,476.13,3,0.1,Digital Wallet,New,4.3,1285.55
ORD101169,2025-07-07,1391,35.0,Male,Multan,South,Electronics,Tablet,482.94,4,0.1,Cash,Returning,4.5,1738.58
ORD104923,2025-07-07,1277,52.0,Male,Peshawar,West,Accessories,Backpack,53.93,1,0.0,Debit Card,VIP,3.6,53.93
ORD102200,2025-07-07,1178,18.0,Male,Karachi,South,Electronics,Keyboard,72.13,1,0.1,Debit Card,Returning,2.7,64.92
ORD102386,2025-07-07,1633,33.0,Male,Rawalpindi,North,Electronics,Mouse,36.76,1,0.15,Bank Transfer,New,4.6,31.25
ORD101642,2025-07-08,1340,30.0,Male,Lahore,East,Electronics,Headphones,106.77,1,0.15,Credit Card,New,3.2,90.75
ORD104805,2025-07-08,1377,39.0,Female,Faisalabad,East,Electronics,Laptop,1114.98,4,0.1,Bank Transfer,New,3.8,4013.93
ORD102949,2025-07-08,1418,18.0,Female,Rawalpindi,North,Clothing,T-Shirt,32.23,2,0.1,Cash,Returning,5.0,58.01
ORD101033,2025-07-08,1315,18.0,Male,Faisalabad,East,Clothing,Jeans,69.93,2,0.0,Credit Card,New,3.8,139.86
ORD104185,2025-07-08,1160,33.0,Female,Islamabad,North,Clothing,Jeans,62.57,1,0.2,Credit Card,Returning,4.4,50.06
ORD102503,2025-07-09,1055,45.0,Female,Lahore,East,Electronics,Keyboard,74.12,1,0.05,Digital Wallet,Returning,2.5,70.41
ORD102613,2025-07-09,1128,32.0,Male,Lahore,East,Electronics,Smartphone,729.31,5,0.0,Bank Transfer,New,3.2,3646.55
ORD102615,2025-07-09,1092,18.0,Female,Peshawar,West,Electronics,Smartphone,709.78,1,0.05,Bank Transfer,Returning,3.5,674.29
ORD100862,2025-07-09,1763,55.0,Female,Multan,South,Accessories,Backpack,57.89,3,0.1,Credit Card,VIP,4.3,156.3
ORD102475,2025-07-09,1381,19.0,Female,Lahore,East,Electronics,Monitor,286.0,2,0.0,Bank Transfer,New,,572.0
ORD103904,2025-07-09,1188,36.0,Female,Lahore,East,Electronics,Tablet,501.08,2,0.2,Digital Wallet,Returning,4.9,801.73
ORD100717,2025-07-09,1361,43.0,Female,Faisalabad,East,Clothing,Shoes,85.62,1,0.2,Credit Card,Returning,4.6,68.5
ORD103145,2025-07-09,1289,41.0,Male,Peshawar,West,Clothing,Jeans,60.31,3,0.0,Digital Wallet,New,5.0,180.93
ORD103740,2025-07-09,1369,34.0,Male,Rawalpindi,North,Electronics,Keyboard,68.09,3,0.05,,Returning,4.7,194.06
ORD101259,2025-07-09,1371,31.0,Male,Lahore,East,Clothing,Shoes,98.82,1,0.15,Digital Wallet,New,3.5,84.0
ORD104221,2025-07-09,1233,43.0,Male,Lahore,East,Electronics,Headphones,105.87,2,0.0,Bank Transfer,New,4.4,211.74
ORD101264,2025-07-09,1202,35.0,Male,Quetta,West,Accessories,Wallet,49.16,6,0.0,Credit Card,New,3.1,294.96
ORD101687,2025-07-10,1218,49.0,Male,Quetta,West,Clothing,Shoes,92.83,2,0.0,Bank Transfer,VIP,4.5,185.66
ORD100545,2025-07-10,1792,27.0,Male,Multan,South,Electronics,Laptop,1235.74,1,0.0,Cash,Returning,4.7,1235.74
ORD102390,2025-07-10,1152,19.0,Female,Karachi,South,Electronics,Headphones,119.63,1,0.1,Credit Card,Returning,4.2,107.67
ORD100902,2025-07-10,1546,55.0,Female,Karachi,South,Electronics,Laptop,1329.06,3,0.1,Credit Card,New,2.5,3588.46
ORD100093,2025-07-10,1296,26.0,Female,Quetta,West,Electronics,Tablet,461.72,2,0.15,Bank Transfer,New,3.4,784.92
ORD101602,2025-07-10,1039,26.0,Female,Multan,South,Electronics,Mouse,33.66,1,0.1,Credit Card,New,2.5,30.29
ORD103256,2025-07-10,1613,23.0,Male,Rawalpindi,North,Clothing,Jacket,114.34,3,0.15,Digital Wallet,New,4.7,291.57
ORD103672,2025-07-10,1560,18.0,Female,Lahore,East,Electronics,Mouse,35.6,1,0.0,Credit Card,VIP,4.1,35.6
ORD104949,2025-07-10,1426,,Male,Multan,South,Electronics,Keyboard,69.58,1,0.2,Debit Card,New,3.8,55.66
ORD103739,2025-07-11,1201,33.0,Female,Lahore,East,Clothing,Shoes,95.41,2,0.0,Bank Transfer,Returning,5.0,190.82
ORD103799,2025-07-11,1064,18.0,Male,Faisalabad,East,Electronics,Laptop,1224.16,2,0.0,Bank Transfer,Returning,3.2,2448.32
ORD101257,2025-07-11,1001,37.0,Male,Rawalpindi,North,Electronics,Monitor,318.31,1,0.25,Digital Wallet,New,3.9,238.73
ORD104769,2025-07-11,1301,29.0,Female,Multan,South,Clothing,T-Shirt,31.36,2,0.0,Debit Card,VIP,4.2,62.72
ORD102494,2025-07-11,1477,36.0,Male,Quetta,West,Clothing,T-Shirt,24.81,2,0.1,Credit Card,Returning,2.2,44.66
ORD101725,2025-07-11,1195,34.0,Male,Rawalpindi,North,Electronics,Smartphone,754.04,3,0.15,Debit Card,New,2.8,1922.8
ORD104585,2025-07-11,1109,41.0,Male,Lahore,East,Electronics,Monitor,287.81,2,0.0,Credit Card,VIP,4.6,575.62
ORD101303,2025-07-11,1342,27.0,Female,Quetta,West,Electronics,Mouse,32.95,2,0.25,Bank Transfer,VIP,3.1,49.42
ORD102401,2025-07-12,1167,36.0,Male,Islamabad,North,Electronics,Monitor,291.78,2,0.05,Debit Card,New,4.2,554.38
ORD101139,2025-07-12,1078,30.0,Female,Quetta,West,Electronics,Mouse,35.52,2,0.15,Debit Card,New,4.7,60.38
ORD103586,2025-07-12,1431,18.0,Male,Quetta,West,Electronics,Smartwatch,225.49,1,0.2,Digital Wallet,Returning,3.9,180.39
ORD101425,2025-07-12,1526,23.0,Female,Karachi,South,Electronics,Tablet,498.36,3,0.0,Digital Wallet,New,3.0,1495.08
ORD102042,2025-07-12,1309,28.0,Female,Islamabad,North,Clothing,Jeans,63.47,1,0.1,Bank Transfer,New,5.0,57.12
ORD103309,2025-07-12,1226,19.0,Female,Multan,South,Clothing,Jeans,69.45,1,0.1,Bank Transfer,Returning,2.2,62.5
ORD101475,2025-07-12,1363,51.0,Male,Rawalpindi,North,Clothing,Jeans,60.83,4,0.3,Debit Card,New,3.8,170.32
ORD103964,2025-07-13,1781,18.0,Female,Faisalabad,East,Clothing,Jeans,64.07,1,0.2,Digital Wallet,New,3.9,51.26
ORD104784,2025-07-13,1166,28.0,Male,Lahore,East,Clothing,Jacket,107.46,8,0.1,Credit Card,Returning,3.4,773.71
ORD100024,2025-07-13,1414,52.0,Male,Multan,South,Clothing,Jeans,64.77,2,0.0,Debit Card,New,3.1,129.54
ORD102852,2025-07-13,1686,25.0,Female,Peshawar,West,Electronics,Smartphone,636.65,1,0.1,Debit Card,New,3.7,572.98
ORD102010,2025-07-13,1318,42.0,Male,Islamabad,North,Electronics,Mouse,34.48,4,0.0,Debit Card,New,4.6,137.92
ORD104166,2025-07-13,1736,47.0,Female,Islamabad,North,Electronics,Smartphone,792.8,1,0.0,Credit Card,Returning,3.3,792.8
ORD100079,2025-07-13,1477,21.0,Female,Lahore,East,Electronics,Laptop,1147.91,4,0.1,Digital Wallet,New,4.6,4132.48
ORD103318,2025-07-13,1190,27.0,Female,Rawalpindi,North,Electronics,Smartphone,819.33,3,0.2,Digital Wallet,New,4.8,1966.39
ORD102519,2025-07-13,1364,33.0,Male,Peshawar,West,Clothing,Jacket,91.21,1,0.05,Credit Card,VIP,4.6,86.65
ORD102439,2025-07-14,1459,48.0,Male,Quetta,West,Electronics,Keyboard,75.15,2,0.1,Debit Card,New,4.5,135.27
ORD102472,2025-07-14,1712,29.0,Male,Multan,South,Electronics,Tablet,479.93,2,0.25,Cash,New,4.3,719.9
ORD100116,2025-07-14,1499,47.0,Female,Peshawar,West,Electronics,Monitor,295.39,2,0.1,Digital Wallet,Returning,2.8,531.7
ORD104942,2025-07-14,1109,32.0,Female,Rawalpindi,North,Electronics,Smartwatch,221.86,1,0.0,Digital Wallet,Returning,3.8,221.86
ORD103597,2025-07-14,1659,18.0,Female,Faisalabad,East,Accessories,Backpack,57.85,1,0.15,Debit Card,VIP,4.3,49.17
ORD104369,2025-07-14,1349,39.0,Male,Faisalabad,East,Electronics,Tablet,507.51,3,0.1,Debit Card,New,3.9,1370.28
ORD102845,2025-07-14,1626,53.0,Female,Rawalpindi,North,Electronics,Monitor,298.29,3,0.25,Bank Transfer,New,4.1,671.15
ORD102836,2025-07-14,1523,23.0,Male,Faisalabad,East,Electronics,Tablet,478.61,4,0.15,Digital Wallet,New,3.4,1627.27
ORD100297,2025-07-15,1572,38.0,Male,Faisalabad,East,Accessories,Backpack,56.49,2,0.05,Bank Transfer,Returning,5.0,107.33
ORD102037,2025-07-15,1750,21.0,Male,Faisalabad,East,Clothing,Jacket,102.69,3,0.15,Digital Wallet,New,3.2,261.86
ORD104862,2025-07-15,1549,41.0,Male,Karachi,South,Electronics,Laptop,1171.88,2,0.05,Cash,New,4.0,2226.57
ORD104150,2025-07-15,1465,51.0,Male,Quetta,West,Electronics,Laptop,1222.27,5,0.15,Digital Wallet,Returning,4.4,5194.65
ORD101692,2025-07-16,1517,42.0,Female,Islamabad,North,Clothing,T-Shirt,31.55,4,0.1,Debit Card,New,3.0,113.58
ORD103154,2025-07-16,1423,28.0,Male,Faisalabad,East,Accessories,Backpack,61.27,1,0.1,Digital Wallet,New,4.2,55.14
ORD100295,2025-07-16,1346,32.0,Male,Quetta,West,Electronics,Tablet,515.97,5,0.15,Credit Card,Returning,4.1,2192.87
ORD102624,2025-07-16,1254,24.0,Male,Multan,South,Electronics,Tablet,507.95,1,0.1,Digital Wallet,New,2.6,457.16
ORD103816,2025-07-16,1524,46.0,Male,Peshawar,West,Clothing,Shoes,88.58,4,0.2,Debit Card,Returning,3.5,283.46
ORD101376,2025-07-16,1452,46.0,Male,Peshawar,West,Electronics,Laptop,1255.98,6,0.3,Digital Wallet,VIP,4.6,5275.12
ORD100401,2025-07-17,1735,26.0,Male,Peshawar,West,Accessories,Sunglasses,78.88,2,0.1,Digital Wallet,New,4.9,141.98
ORD104836,2025-07-17,1338,27.0,Female,Quetta,West,Electronics,Smartwatch,247.41,3,0.2,Cash,New,,593.78
ORD100800,2025-07-17,1119,36.0,Male,Karachi,South,Electronics,Headphones,125.84,2,0.15,Credit Card,New,3.4,213.93
ORD103478,2025-07-18,1659,47.0,Male,Peshawar,West,Electronics,Mouse,34.56,3,0.1,Digital Wallet,New,4.1,93.31
ORD100594,2025-07-18,1676,24.0,Female,Islamabad,North,Electronics,Smartphone,706.38,4,0.15,Digital Wallet,New,4.3,2401.69
ORD102523,2025-07-18,1149,52.0,Female,Karachi,South,Electronics,Mouse,35.14,3,0.05,Bank Transfer,New,3.8,100.15
ORD104946,2025-07-18,1425,33.0,Female,Karachi,South,Electronics,Tablet,483.32,1,0.1,Credit Card,Returning,4.4,434.99
ORD103726,2025-07-18,1245,33.0,Male,Islamabad,North,Clothing,Jeans,60.68,5,0.05,Credit Card,New,,288.23
ORD103310,2025-07-18,1131,31.0,Female,Peshawar,West,Clothing,T-Shirt,32.44,2,0.0,Debit Card,Returning,2.8,64.88
ORD103315,2025-07-18,1156,48.0,Female,Rawalpindi,North,Electronics,Smartphone,794.95,1,0.0,Credit Card,New,3.2,794.95
ORD104914,2025-07-19,1129,36.0,Male,Multan,South,Clothing,Jeans,63.36,5,0.05,Credit Card,New,4.0,300.96
ORD101386,2025-07-19,1151,34.0,Male,Lahore,East,Electronics,Tablet,479.72,1,0.0,Credit Card,New,3.6,479.72
ORD101296,2025-07-19,1469,60.0,Male,Quetta,West,Accessories,Wallet,44.19,2,0.1,Digital Wallet,New,4.1,79.54
ORD101970,2025-07-19,1046,,Male,Peshawar,West,Electronics,Laptop,1164.91,2,0.1,Digital Wallet,New,3.9,2096.84
ORD100585,2025-07-20,1626,32.0,Female,Faisalabad,East,Electronics,Tablet,507.51,2,0.0,Debit Card,Returning,3.6,1015.02
ORD101559,2025-07-20,1089,36.0,Female,Faisalabad,East,Electronics,Mouse,37.1,2,0.1,Cash,New,3.0,66.78
ORD102277,2025-07-20,1725,,Male,Multan,South,Clothing,Jacket,99.3,2,0.0,Debit Card,Returning,2.9,198.6
ORD102428,2025-07-20,1254,49.0,Male,Rawalpindi,North,Accessories,Backpack,59.6,1,0.0,Cash,Returning,2.3,59.6
ORD104078,2025-07-20,1236,41.0,Male,Quetta,West,Electronics,Smartphone,791.95,4,0.3,Credit Card,Returning,3.2,2217.46
ORD104435,2025-07-20,1327,43.0,Female,Karachi,South,Electronics,Mouse,33.35,1,0.05,Cash,VIP,4.4,31.68
ORD102283,2025-07-20,1605,37.0,Female,Rawalpindi,North,Electronics,Headphones,123.04,1,0.1,Digital Wallet,New,3.3,110.74
ORD103719,2025-07-20,1430,36.0,Female,Quetta,West,Electronics,Smartwatch,224.0,7,0.1,Digital Wallet,New,3.8,1411.2
ORD100307,2025-07-20,1099,25.0,Female,Peshawar,West,Accessories,Sunglasses,80.97,7,0.0,Credit Card,New,3.1,566.79
ORD102070,2025-07-21,1532,35.0,Female,Quetta,West,Electronics,Smartphone,807.19,3,0.0,Cash,New,4.3,2421.57
ORD100413,2025-07-21,1386,28.0,Female,Karachi,South,Electronics,Smartphone,781.28,2,0.0,Digital Wallet,Returning,4.0,1562.56
ORD100630,2025-07-21,1455,34.0,Male,Lahore,East,Electronics,Smartphone,775.53,2,0.15,Credit Card,New,4.1,1318.4
ORD102215,2025-07-21,1352,29.0,Female,Faisalabad,East,Electronics,Headphones,122.33,2,0.0,Cash,New,4.4,244.66
ORD102785,2025-07-21,1399,34.0,Male,Islamabad,North,Electronics,Smartphone,737.37,2,0.0,Cash,New,4.4,1474.74
ORD102216,2025-07-22,1358,,Female,Peshawar,West,Electronics,Headphones,120.36,3,0.1,Debit Card,New,3.7,324.97
ORD101205,2025-07-22,1685,30.0,Male,Faisalabad,East,Electronics,Laptop,1203.29,3,0.1,Credit Card,New,4.7,3248.88
ORD104346,2025-07-22,1754,30.0,Female,Multan,South,Electronics,Mouse,36.57,7,0.0,Digital Wallet,Returning,4.5,255.99
ORD102777,2025-07-23,1645,39.0,Female,Faisalabad,East,Electronics,Smartwatch,214.02,3,0.05,Credit Card,New,4.4,609.96
ORD100845,2025-07-23,1034,46.0,Male,Peshawar,West,Electronics,Laptop,1215.01,4,0.15,Credit Card,Returning,4.5,4131.03
ORD100667,2025-07-23,1492,39.0,Female,Faisalabad,East,Clothing,Jeans,63.43,1,0.0,Credit Card,VIP,,63.43
ORD104998,2025-07-23,1559,57.0,Female,Rawalpindi,North,Electronics,Mouse,33.32,2,0.05,Credit Card,New,3.8,63.31
ORD103659,2025-07-23,1030,31.0,Female,Faisalabad,East,Electronics,Headphones,123.78,2,0.25,Digital Wallet,VIP,4.7,185.67
ORD104428,2025-07-23,1588,47.0,Female,Karachi,South,Accessories,Sunglasses,79.01,3,0.1,Credit Card,Returning,4.1,213.33
ORD100396,2025-07-23,1256,31.0,Female,Lahore,East,Electronics,Smartwatch,207.96,3,0.2,Bank Transfer,Returning,3.2,499.1
ORD100780,2025-07-24,1502,37.0,Male,Lahore,East,Electronics,Monitor,323.9,3,0.05,Bank Transfer,New,4.1,923.11
ORD100853,2025-07-24,1438,38.0,Male,Lahore,East,Electronics,Mouse,37.0,6,0.2,Bank Transfer,VIP,3.3,177.6
ORD100316,2025-07-24,1628,23.0,Male,Karachi,South,Electronics,Laptop,1189.84,1,0.15,Credit Card,Returning,4.1,1011.36
ORD100142,2025-07-24,1613,26.0,Male,Quetta,West,Electronics,Headphones,115.46,1,0.0,Cash,New,4.2,115.46
ORD103511,2025-07-24,1262,29.0,Female,Faisalabad,East,Clothing,Jacket,101.85,1,0.1,Bank Transfer,New,3.8,91.66
ORD100107,2025-07-25,1015,26.0,Female,Lahore,East,Electronics,Smartwatch,222.0,4,0.15,Digital Wallet,VIP,4.8,754.8
ORD100914,2025-07-25,1183,45.0,Male,Peshawar,West,Clothing,Jeans,63.44,3,0.0,Bank Transfer,New,4.3,190.32
ORD101883,2025-07-25,1707,18.0,Female,Rawalpindi,North,Electronics,Smartwatch,222.9,1,0.25,Debit Card,Returning,4.5,167.18
ORD104881,2025-07-26,1530,39.0,Female,Peshawar,West,Clothing,Shoes,86.41,8,0.0,Credit Card,New,4.2,691.28
ORD104693,2025-07-26,1017,43.0,Male,Quetta,West,Electronics,Headphones,131.84,4,0.05,Bank Transfer,Returning,4.3,500.99
ORD104707,2025-07-26,1204,18.0,Female,Lahore,East,Electronics,Smartwatch,205.93,1,0.25,Digital Wallet,New,3.8,154.45
ORD102308,2025-07-26,1300,38.0,Female,Karachi,South,Clothing,Jeans,62.46,1,0.1,Debit Card,Returning,4.8,56.21
ORD100768,2025-07-26,1348,34.0,Female,Rawalpindi,North,Electronics,Laptop,1248.44,1,0.3,Digital Wallet,Returning,3.7,873.91
ORD100283,2025-07-26,1551,39.0,Female,Lahore,East,Electronics,Laptop,1158.88,3,0.0,Digital Wallet,New,2.6,3476.64
ORD102809,2025-07-26,1329,31.0,Male,Karachi,South,Clothing,T-Shirt,29.51,2,0.05,Debit Card,New,4.5,56.07
ORD100276,2025-07-26,1346,31.0,Male,Islamabad,North,Accessories,Sunglasses,79.0,2,0.0,Credit Card,New,4.8,158.0
ORD100241,2025-07-26,1385,27.0,Male,Multan,South,Electronics,Mouse,33.57,2,0.2,Bank Transfer,Returning,4.6,53.71
ORD104437,2025-07-27,1552,33.0,Male,Quetta,West,Electronics,Tablet,495.03,2,0.2,Bank Transfer,Returning,4.5,792.05
ORD103632,2025-07-27,1258,28.0,Male,Quetta,West,Electronics,Smartphone,670.35,1,0.0,Digital Wallet,Returning,5.0,670.35
ORD100041,2025-07-27,1783,35.0,Male,Rawalpindi,North,Electronics,Smartwatch,242.73,1,0.1,Credit Card,Returning,3.8,218.46
ORD100155,2025-07-27,1554,32.0,Male,Rawalpindi,North,Electronics,Laptop,1164.12,1,0.0,Debit Card,New,4.9,1164.12
ORD100104,2025-07-27,1493,41.0,Female,Peshawar,West,Electronics,Headphones,133.63,4,0.1,Digital Wallet,VIP,3.9,481.07
ORD102191,2025-07-27,1217,36.0,Female,Islamabad,North,Clothing,Shoes,83.55,1,0.15,Debit Card,New,3.8,71.02
ORD102934,2025-07-27,1731,50.0,Male,Karachi,South,Clothing,Shoes,88.73,2,0.05,Cash,Returning,3.8,168.59
ORD104976,2025-07-27,1018,51.0,Female,Karachi,South,Electronics,Tablet,531.62,4,0.15,Debit Card,New,3.5,1807.51
ORD103013,2025-07-27,1183,45.0,Male,Lahore,East,Clothing,Shoes,92.81,2,0.0,Digital Wallet,New,3.9,185.62
ORD102331,2025-07-27,1470,33.0,Female,Multan,South,Electronics,Smartphone,755.02,1,0.25,Credit Card,New,3.8,566.26
ORD101030,2025-07-28,1320,23.0,Female,Islamabad,North,Clothing,Shoes,87.01,1,0.0,Debit Card,VIP,2.7,87.01
ORD103012,2025-07-28,1350,42.0,Male,Islamabad,North,Accessories,Wallet,47.14,3,0.05,Credit Card,Returning,4.5,134.35
ORD102464,2025-07-28,1642,35.0,Male,Karachi,South,Electronics,Keyboard,65.53,1,0.1,Bank Transfer,Returning,4.7,58.98
ORD103856,2025-07-28,1575,28.0,Female,Quetta,West,Electronics,Headphones,126.46,3,0.1,Credit Card,New,3.3,341.44
ORD100865,2025-07-28,1767,39.0,Female,Faisalabad,East,Electronics,Headphones,132.04,1,0.0,Debit Card,VIP,5.0,132.04
ORD102940,2025-07-28,1598,53.0,Male,Lahore,East,Electronics,Smartwatch,219.54,2,0.15,Bank Transfer,Returning,3.5,373.22
ORD102002,2025-07-28,1359,37.0,Male,Rawalpindi,North,Accessories,Wallet,45.38,3,0.0,Credit Card,Returning,2.5,136.14
ORD100209,2025-07-28,1318,48.0,Male,Quetta,West,Clothing,Jeans,72.81,4,0.0,Digital Wallet,Returning,3.5,291.24
ORD102648,2025-07-29,1494,46.0,Female,Rawalpindi,North,Electronics,Mouse,34.84,4,0.2,Digital Wallet,Returning,5.0,111.49
ORD103321,2025-07-29,1692,47.0,Male,Islamabad,North,Clothing,Shoes,87.14,1,0.0,Bank Transfer,VIP,4.6,87.14
ORD100151,2025-07-29,1795,30.0,Male,Peshawar,West,Clothing,Jacket,112.61,7,0.1,Credit Card,New,4.9,709.44
ORD101427,2025-07-29,1552,28.0,Female,Multan,South,Clothing,Jeans,62.87,1,0.2,Cash,New,3.8,50.3
ORD101003,2025-07-29,1537,29.0,Male,Peshawar,West,Clothing,T-Shirt,28.86,5,0.05,Debit Card,New,4.4,137.08
ORD104507,2025-07-29,1537,40.0,Male,Quetta,West,Accessories,Wallet,43.98,2,0.0,Bank Transfer,New,2.8,87.96
ORD103703,2025-07-29,1440,35.0,Female,Karachi,South,Electronics,Mouse,35.06,1,0.15,Bank Transfer,VIP,4.0,29.8
ORD101363,2025-07-30,1229,34.0,Male,Karachi,South,Electronics,Laptop,1297.46,1,0.05,Debit Card,VIP,4.0,1232.59
ORD102736,2025-07-30,1192,31.0,Male,Peshawar,West,Electronics,Keyboard,72.11,3,0.1,Debit Card,Returning,4.5,194.7
ORD103559,2025-07-30,1494,18.0,Female,Quetta,West,Electronics,Monitor,284.87,1,0.25,Credit Card,New,,213.65
ORD103491,2025-07-30,1348,35.0,Male,Islamabad,North,Clothing,Shoes,89.77,1,0.0,Credit Card,New,4.0,89.77
ORD104980,2025-07-31,1289,23.0,Female,Multan,South,Electronics,Monitor,286.09,3,0.1,Debit Card,New,3.8,772.44
ORD101197,2025-07-31,1696,18.0,Female,Islamabad,North,Accessories,Wallet,45.16,4,0.15,Bank Transfer,Returning,4.3,153.54
ORD103479,2025-07-31,1026,25.0,Male,Faisalabad,East,Electronics,Keyboard,72.82,2,0.05,Credit Card,New,3.8,138.36
ORD100733,2025-07-31,1173,38.0,Female,Multan,South,Clothing,Shoes,90.9,2,0.1,Debit Card,VIP,4.7,163.62
ORD102481,2025-07-31,1172,25.0,Male,Peshawar,West,Clothing,Shoes,93.89,2,0.05,Digital Wallet,Returning,4.4,178.39
ORD103678,2025-08-01,1290,43.0,Male,Rawalpindi,North,Clothing,Shoes,91.74,2,0.0,Credit Card,Returning,5.0,183.48
ORD104485,2025-08-01,1326,36.0,Female,Multan,South,Accessories,Sunglasses,72.85,1,0.05,Debit Card,New,3.8,69.21
ORD102292,2025-08-01,1622,30.0,Male,Peshawar,West,Electronics,Smartphone,727.3,2,0.2,Cash,Returning,4.3,1163.68
ORD103240,2025-08-01,1210,42.0,Male,Faisalabad,East,Electronics,Tablet,497.23,1,0.0,Digital Wallet,Returning,4.5,497.23
ORD100697,2025-08-01,1415,32.0,Male,Quetta,West,Electronics,Smartphone,689.65,1,0.0,Digital Wallet,New,5.0,689.65
ORD103155,2025-08-01,1598,36.0,Male,Lahore,East,Electronics,Headphones,113.86,6,0.15,Digital Wallet,Returning,4.1,580.69
ORD102905,2025-08-02,1630,29.0,Female,Faisalabad,East,Electronics,Smartwatch,214.56,1,0.0,Digital Wallet,Returning,3.3,214.56
ORD101544,2025-08-02,1012,45.0,Female,Quetta,West,Clothing,Shoes,92.63,2,0.15,Credit Card,New,,157.47
ORD100658,2025-08-02,1163,39.0,Female,Lahore,East,Electronics,Smartphone,694.39,3,0.0,Digital Wallet,VIP,4.8,2083.17
ORD101102,2025-08-02,1013,36.0,Male,Faisalabad,East,Clothing,T-Shirt,29.49,3,0.15,Digital Wallet,Returning,4.3,75.2
ORD103518,2025-08-02,1449,41.0,Male,Faisalabad,East,Clothing,Shoes,82.81,6,0.1,Credit Card,New,4.5,447.17
ORD103691,2025-08-02,1444,18.0,Male,Karachi,South,Electronics,Monitor,289.78,6,0.3,Credit Card,New,5.0,1217.08
ORD103709,2025-08-03,1434,34.0,Male,Islamabad,North,Electronics,Headphones,119.13,2,0.05,Debit Card,VIP,4.1,226.35
ORD103671,2025-08-03,1075,32.0,Male,Lahore,East,Electronics,Mouse,36.78,2,0.0,Debit Card,Returning,3.5,73.56
ORD102534,2025-08-03,1738,25.0,Female,Karachi,South,Electronics,Smartphone,727.47,5,0.1,Credit Card,Returning,3.8,3273.62
ORD103215,2025-08-03,1679,41.0,Male,Quetta,West,Electronics,Tablet,443.04,2,0.25,Digital Wallet,VIP,3.4,664.56
ORD103363,2025-08-03,1401,44.0,Female,Karachi,South,Electronics,Laptop,1286.37,4,0.0,Credit Card,VIP,3.8,5145.48
ORD102135,2025-08-04,1010,24.0,Male,Rawalpindi,North,Clothing,Shoes,91.43,3,0.15,Cash,New,2.1,233.15
ORD102034,2025-08-04,1122,44.0,Female,Quetta,West,Clothing,Shoes,79.95,2,0.15,Bank Transfer,Returning,2.5,135.92
ORD102162,2025-08-04,1367,31.0,Female,Rawalpindi,North,Electronics,Smartphone,746.74,4,0.15,Credit Card,VIP,2.9,2538.92
ORD101902,2025-08-04,1792,68.0,Male,Rawalpindi,North,Clothing,Shoes,80.48,4,0.1,Digital Wallet,New,5.0,289.73
ORD101081,2025-08-04,1787,30.0,Female,Islamabad,North,Electronics,Smartphone,761.11,7,0.0,Bank Transfer,New,3.5,5327.77
ORD104558,2025-08-04,1423,53.0,Female,Islamabad,North,Electronics,Keyboard,65.28,2,0.1,Bank Transfer,Returning,3.2,117.5
ORD101506,2025-08-04,1467,34.0,Male,Faisalabad,East,Electronics,Headphones,119.48,6,0.15,Cash,New,3.0,609.35
ORD100903,2025-08-05,1774,40.0,Female,Multan,South,Clothing,T-Shirt,31.23,1,0.0,Digital Wallet,Returning,5.0,31.23
ORD102299,2025-08-05,1454,25.0,Male,Lahore,East,Clothing,Jacket,109.1,3,0.0,Bank Transfer,Returning,3.8,327.3
ORD102314,2025-08-05,1498,29.0,Female,Karachi,South,Accessories,Backpack,54.02,2,0.1,Cash,New,4.7,97.24
ORD100143,2025-08-05,1462,18.0,Male,Rawalpindi,North,Electronics,Keyboard,74.68,1,0.0,Digital Wallet,Returning,3.6,74.68
ORD104695,2025-08-05,1518,22.0,Male,Quetta,West,Clothing,Jeans,70.17,2,0.15,Credit Card,New,5.0,119.29
ORD103075,2025-08-06,1686,44.0,Male,Peshawar,West,Accessories,Wallet,42.15,2,0.25,Cash,Returning,2.6,63.22
ORD100405,2025-08-06,1686,18.0,Male,Peshawar,West,Electronics,Headphones,118.41,1,0.05,Debit Card,VIP,3.5,112.49
ORD101935,2025-08-06,1521,33.0,Male,Lahore,East,Electronics,Smartwatch,229.04,1,0.1,Cash,VIP,,206.14
ORD100006,2025-08-06,1701,36.0,Female,Islamabad,North,Clothing,T-Shirt,29.81,2,0.0,Credit Card,Returning,3.0,59.62
ORD103267,2025-08-06,1016,26.0,Male,Faisalabad,East,Electronics,Headphones,134.38,1,0.25,Bank Transfer,New,4.5,100.78
ORD102663,2025-08-06,1420,37.0,Female,Lahore,East,Electronics,Mouse,35.33,1,0.2,Cash,New,5.0,28.26
ORD103387,2025-08-06,1507,50.0,Female,Islamabad,North,Clothing,T-Shirt,30.74,2,0.2,Bank Transfer,Returning,3.8,49.18
ORD100779,2025-08-07,1704,28.0,Female,Lahore,East,Clothing,Jacket,90.43,2,0.05,Debit Card,New,3.4,171.82
ORD104529,2025-08-07,1032,27.0,Female,Islamabad,North,Clothing,T-Shirt,30.71,2,0.0,Debit Card,Returning,3.9,61.42
ORD104944,2025-08-07,1039,38.0,Female,Islamabad,North,Clothing,Jeans,71.98,3,0.2,Credit Card,New,3.3,172.75
ORD102790,2025-08-08,1563,18.0,Male,Lahore,East,Accessories,Wallet,45.58,1,0.1,Credit Card,VIP,4.7,41.02
ORD100980,2025-08-08,1312,18.0,Male,Faisalabad,East,Clothing,Jeans,66.91,3,0.2,Credit Card,New,4.5,160.58
ORD102384,2025-08-08,1010,31.0,Male,Peshawar,West,Electronics,Smartwatch,233.54,2,0.15,Debit Card,New,4.3,397.02
ORD103125,2025-08-08,1165,41.0,Female,Islamabad,North,Clothing,Jeans,71.54,3,0.15,Credit Card,Returning,4.2,182.43
ORD102232,2025-08-08,1744,21.0,Male,Islamabad,North,Clothing,Shoes,84.16,2,0.25,Cash,Returning,3.9,126.24
ORD102638,2025-08-08,1253,30.0,Male,Karachi,South,Accessories,Backpack,53.73,7,0.0,Digital Wallet,Returning,2.9,376.11
ORD100197,2025-08-08,1385,20.0,Male,Faisalabad,East,Accessories,Sunglasses,76.32,2,0.2,Credit Card,New,3.9,122.11
ORD104909,2025-08-09,1621,45.0,Male,Multan,South,Electronics,Headphones,112.37,1,0.05,Digital Wallet,New,5.0,106.75
ORD101093,2025-08-09,1139,38.0,Female,Rawalpindi,North,Electronics,Smartphone,719.23,2,0.0,Debit Card,Returning,4.4,1438.46
ORD101907,2025-08-09,1208,36.0,Female,Faisalabad,East,Electronics,Tablet,481.86,1,0.2,Digital Wallet,Returning,4.2,385.49
ORD103243,2025-08-09,1454,18.0,Male,Faisalabad,East,Electronics,Mouse,35.67,5,0.1,Cash,New,3.7,160.52
ORD100352,2025-08-09,1038,65.0,Male,Lahore,East,Clothing,Jeans,65.17,1,0.0,Debit Card,Returning,4.4,65.17
ORD101295,2025-08-09,1156,46.0,Male,Peshawar,West,Electronics,Monitor,305.38,1,0.0,Digital Wallet,Returning,3.1,305.38
ORD102874,2025-08-10,1203,45.0,Male,Peshawar,West,Clothing,Jacket,112.73,1,0.2,Credit Card,New,4.3,90.18
ORD102423,2025-08-10,1650,38.0,Female,Quetta,West,Electronics,Laptop,1138.67,1,0.0,Debit Card,New,4.5,1138.67
ORD101190,2025-08-10,1522,44.0,Male,Karachi,South,Electronics,Smartwatch,218.56,1,0.2,Digital Wallet,Returning,3.2,174.85
ORD100690,2025-08-10,1511,39.0,Male,Karachi,South,Accessories,Wallet,48.65,2,0.0,Cash,VIP,3.9,97.3
ORD102702,2025-08-10,1693,24.0,Male,Faisalabad,East,Electronics,Laptop,1058.66,5,0.15,Debit Card,Returning,3.0,4499.3
ORD102825,2025-08-10,1652,41.0,Male,Lahore,East,Clothing,Shoes,96.69,2,0.15,Digital Wallet,New,3.8,164.37
ORD100801,2025-08-10,1374,26.0,Female,Lahore,East,Electronics,Monitor,295.43,1,0.05,Credit Card,New,3.1,280.66
ORD101675,2025-08-10,1772,42.0,Male,Faisalabad,East,Clothing,Shoes,84.27,4,0.0,Credit Card,New,4.3,337.08
ORD101740,2025-08-11,1176,41.0,Female,Islamabad,North,Clothing,T-Shirt,28.8,1,0.05,Digital Wallet,New,2.8,27.36
ORD104033,2025-08-11,1452,18.0,Female,Quetta,West,Electronics,Mouse,36.95,2,0.0,Bank Transfer,New,5.0,73.9
ORD103200,2025-08-11,1782,36.0,Male,Lahore,East,Electronics,Smartwatch,229.74,1,0.0,Debit Card,New,4.2,229.74
ORD104775,2025-08-11,1650,41.0,Female,Faisalabad,East,Electronics,Headphones,119.62,5,0.0,Debit Card,New,3.7,598.1
ORD101767,2025-08-11,1092,35.0,Male,Multan,South,Accessories,Backpack,56.28,2,0.0,Bank Transfer,Returning,3.1,112.56
ORD104992,2025-08-11,1234,43.0,Female,Peshawar,West,Electronics,Smartphone,751.8,3,0.2,Bank Transfer,New,5.0,1804.32
ORD102706,2025-08-11,1164,35.0,Female,Faisalabad,East,Electronics,Smartphone,746.06,3,0.05,Bank Transfer,Returning,4.0,2126.27
ORD104682,2025-08-11,1029,35.0,Male,Karachi,South,Accessories,Sunglasses,78.49,1,0.2,Debit Card,New,4.4,62.79
ORD101591,2025-08-11,1273,26.0,Female,Rawalpindi,North,Electronics,Keyboard,65.85,4,0.0,Credit Card,Returning,3.6,263.4
ORD100495,2025-08-11,1560,25.0,Male,Karachi,South,Clothing,T-Shirt,30.11,4,0.2,Credit Card,Returning,3.8,96.35
ORD103998,2025-08-11,1776,22.0,Female,Faisalabad,East,Accessories,Wallet,48.72,5,0.2,Digital Wallet,Returning,4.0,194.88
ORD101097,2025-08-11,1690,39.0,Male,Lahore,East,Accessories,Sunglasses,83.25,3,0.1,Digital Wallet,New,2.8,224.78
ORD100828,2025-08-12,1677,37.0,Male,Faisalabad,East,Electronics,Laptop,1285.74,4,0.0,Credit Card,Returning,3.3,5142.96
ORD102476,2025-08-12,1058,30.0,Female,Peshawar,West,Electronics,Headphones,120.54,2,0.15,Credit Card,New,3.1,204.92
ORD102245,2025-08-12,1704,30.0,Male,Lahore,East,Electronics,Mouse,34.07,4,0.1,Digital Wallet,Returning,2.8,122.65
ORD102778,2025-08-12,1148,36.0,Female,Islamabad,North,Electronics,Tablet,501.89,4,0.15,Digital Wallet,Returning,3.9,1706.43
ORD104293,2025-08-12,1161,29.0,Female,Rawalpindi,North,Electronics,Monitor,278.9,4,0.1,Cash,Returning,3.5,1004.04
ORD101026,2025-08-13,1613,48.0,Female,Faisalabad,East,Accessories,Backpack,53.5,1,0.0,Debit Card,Returning,3.7,53.5
ORD100215,2025-08-13,1374,22.0,Female,Rawalpindi,North,Clothing,Jeans,61.04,2,0.1,Bank Transfer,Returning,3.8,109.87
ORD103538,2025-08-13,1341,18.0,Female,Multan,South,Electronics,Monitor,319.38,1,0.2,Credit Card,New,4.2,255.5
ORD102039,2025-08-13,1685,26.0,Female,Multan,South,Clothing,T-Shirt,30.54,4,0.0,Cash,Returning,3.6,122.16
ORD103281,2025-08-13,1640,62.0,Male,Quetta,West,Clothing,T-Shirt,29.12,1,0.0,Cash,Returning,4.9,29.12
ORD103557,2025-08-14,1704,40.0,Male,Islamabad,North,Electronics,Keyboard,70.33,1,0.1,Digital Wallet,New,3.7,63.3
ORD101714,2025-08-14,1089,47.0,Female,Karachi,South,Electronics,Mouse,34.48,1,0.0,Cash,New,5.0,34.48
ORD104058,2025-08-14,1452,36.0,Male,Karachi,South,Electronics,Tablet,475.61,2,0.15,Debit Card,VIP,4.2,808.54
ORD101937,2025-08-14,1726,28.0,Male,Faisalabad,East,Clothing,Jeans,63.9,1,0.15,Debit Card,Returning,3.6,54.32
ORD103431,2025-08-14,1068,41.0,Male,Faisalabad,East,Clothing,Jeans,67.61,1,0.1,Debit Card,Returning,4.5,60.85
ORD104683,2025-08-15,1792,47.0,Female,Faisalabad,East,Electronics,Headphones,121.02,1,0.0,Credit Card,New,4.7,121.02
ORD100175,2025-08-15,1243,33.0,Female,Karachi,South,Clothing,T-Shirt,32.58,3,0.2,Debit Card,New,4.1,78.19
ORD102091,2025-08-15,1268,32.0,Male,Lahore,East,Accessories,Wallet,46.54,1,0.0,Digital Wallet,New,4.2,46.54
ORD101906,2025-08-16,1492,33.0,Female,Quetta,West,Electronics,Headphones,123.4,3,0.0,Bank Transfer,New,3.6,370.2
ORD104619,2025-08-16,1555,28.0,Female,Multan,South,Electronics,Smartwatch,220.17,2,0.2,Credit Card,Returning,3.6,352.27
ORD102304,2025-08-16,1012,43.0,Male,Peshawar,West,Clothing,Jeans,66.69,5,0.1,Credit Card,New,3.7,300.1
ORD102705,2025-08-16,1672,21.0,Female,Peshawar,West,Electronics,Smartphone,759.59,4,0.1,Bank Transfer,VIP,4.4,2734.52
ORD104864,2025-08-16,1568,66.0,Male,Karachi,South,Electronics,Mouse,31.88,2,0.2,Debit Card,Returning,4.7,51.01
ORD103610,2025-08-16,1105,36.0,Male,Multan,South,Electronics,Mouse,35.51,1,0.1,Debit Card,Returning,4.6,31.96
ORD103089,2025-08-16,1163,32.0,Male,Rawalpindi,North,Clothing,Shoes,86.17,2,0.0,Credit Card,New,2.7,172.34
ORD104660,2025-08-17,1489,28.0,Female,Faisalabad,East,Electronics,Mouse,34.98,2,0.0,Digital Wallet,Returning,3.4,69.96
ORD101939,2025-08-17,1117,56.0,Male,Peshawar,West,Electronics,Tablet,473.89,2,0.0,Credit Card,Returning,4.4,947.78
ORD104276,2025-08-17,1574,34.0,Female,Faisalabad,East,Electronics,Smartwatch,217.62,5,0.05,Bank Transfer,New,4.1,1033.7
ORD102797,2025-08-17,1520,31.0,Female,Lahore,East,Electronics,Tablet,495.63,2,0.1,Credit Card,Returning,5.0,892.13
ORD103558,2025-08-17,1779,27.0,Female,Peshawar,West,Electronics,Laptop,1220.11,4,0.15,Debit Card,New,3.6,4148.37
ORD101161,2025-08-18,1225,24.0,Male,Rawalpindi,North,Clothing,Jacket,123.24,2,0.0,Credit Card,New,3.8,246.48
ORD104357,2025-08-18,1255,37.0,Male,Quetta,West,Electronics,Headphones,127.67,2,0.05,Credit Card,New,4.3,242.57
ORD103356,2025-08-18,1533,39.0,Female,Rawalpindi,North,Electronics,Smartwatch,227.36,1,0.0,Bank Transfer,Returning,4.4,227.36
ORD102658,2025-08-18,1785,18.0,Female,Faisalabad,East,Electronics,Laptop,1171.15,7,0.0,Cash,New,4.0,8198.05
ORD100539,2025-08-18,1442,48.0,Male,Quetta,West,Electronics,Smartphone,753.11,4,0.05,Credit Card,New,4.8,2861.82
ORD104048,2025-08-18,1632,38.0,Male,Faisalabad,East,Electronics,Laptop,1153.44,1,0.0,Digital Wallet,VIP,4.0,1153.44
ORD102491,2025-08-18,1442,36.0,Female,Rawalpindi,North,Electronics,Mouse,36.89,2,0.15,Credit Card,New,4.6,62.71
ORD102074,2025-08-19,1608,18.0,Male,Peshawar,West,Electronics,Laptop,1025.49,1,0.2,Bank Transfer,New,3.6,820.39
ORD101600,2025-08-19,1183,27.0,Male,Rawalpindi,North,Electronics,Monitor,312.53,5,0.05,Debit Card,VIP,3.3,1484.52
ORD102088,2025-08-19,1186,47.0,Female,Multan,South,Electronics,Headphones,121.03,2,0.0,Digital Wallet,VIP,4.8,242.06
ORD103736,2025-08-19,1646,33.0,Female,Quetta,West,Electronics,Tablet,458.8,2,0.1,Credit Card,New,4.0,825.84
ORD103590,2025-08-19,1658,25.0,Male,Islamabad,North,Electronics,Smartwatch,240.38,1,0.0,Credit Card,Returning,3.3,240.38
ORD100996,2025-08-19,1714,28.0,Female,Peshawar,West,Clothing,T-Shirt,27.55,6,0.15,Bank Transfer,New,5.0,140.5
ORD100059,2025-08-20,1777,28.0,Female,Karachi,South,Accessories,Sunglasses,78.99,1,0.0,Digital Wallet,New,3.7,78.99
ORD104731,2025-08-20,1403,27.0,Female,Lahore,East,Electronics,Monitor,292.65,7,0.1,Digital Wallet,Returning,4.8,1843.69
ORD104491,2025-08-20,1085,38.0,Female,Rawalpindi,North,Electronics,Smartphone,673.28,1,0.2,Digital Wallet,VIP,4.2,538.62
ORD104765,2025-08-20,1414,23.0,Male,Multan,South,Electronics,Mouse,34.05,3,0.05,Digital Wallet,VIP,3.3,97.04
ORD101510,2025-08-20,1507,26.0,Male,Multan,South,Electronics,Smartwatch,222.05,3,0.0,Cash,New,3.1,666.15
ORD100256,2025-08-20,1401,36.0,Male,Islamabad,North,Electronics,Headphones,121.56,1,0.3,Credit Card,Returning,2.8,85.09
ORD104120,2025-08-21,1044,31.0,Male,Karachi,South,Clothing,Jacket,102.2,1,0.0,Bank Transfer,Returning,3.2,102.2
ORD101253,2025-08-21,1346,36.0,Female,Peshawar,West,Electronics,Smartwatch,223.0,2,0.0,Digital Wallet,VIP,4.6,446.0
ORD100958,2025-08-21,1337,35.0,Male,Peshawar,West,Clothing,Jacket,102.34,1,0.0,Debit Card,New,3.6,102.34
ORD103468,2025-08-21,1301,26.0,Male,Quetta,West,Electronics,Laptop,1225.05,1,0.2,Cash,New,3.7,980.04
ORD102996,2025-08-21,1188,43.0,Female,Multan,South,Clothing,Jeans,70.37,2,0.0,Cash,Returning,4.0,140.74
ORD103897,2025-08-21,1025,24.0,Female,Lahore,East,Clothing,T-Shirt,32.62,2,0.2,Credit Card,Returning,3.0,52.19
ORD103482,2025-08-21,1232,41.0,Male,Rawalpindi,North,Electronics,Headphones,119.09,3,0.0,Bank Transfer,VIP,4.3,357.27
ORD101503,2025-08-21,1548,42.0,Female,Rawalpindi,North,Electronics,Tablet,490.45,2,0.0,Digital Wallet,New,3.1,980.9
ORD102138,2025-08-21,1270,19.0,Female,Peshawar,West,Electronics,Smartwatch,209.29,4,0.0,Debit Card,Returning,3.8,837.16
ORD102285,2025-08-21,1417,24.0,Male,Peshawar,West,Electronics,Smartwatch,243.23,2,0.1,Credit Card,Returning,4.2,437.81
ORD104815,2025-08-22,1111,,Male,Islamabad,North,Electronics,Monitor,296.22,1,0.15,Credit Card,Returning,4.7,251.79
ORD101380,2025-08-22,1469,32.0,Female,Rawalpindi,North,Clothing,Jeans,58.5,1,0.0,Digital Wallet,New,2.5,58.5
ORD101830,2025-08-22,1196,42.0,Male,Faisalabad,East,Clothing,T-Shirt,32.25,1,0.1,Credit Card,New,3.1,29.02
ORD104867,2025-08-22,1445,37.0,Female,Islamabad,North,Electronics,Tablet,498.44,1,0.0,Digital Wallet,Returning,2.9,498.44
ORD103167,2025-08-22,1057,40.0,Male,Multan,South,Accessories,Sunglasses,86.23,2,0.0,Cash,New,2.9,172.46
ORD103989,2025-08-23,1053,55.0,Female,Lahore,East,Clothing,Jacket,115.12,3,0.15,Credit Card,Returning,3.4,293.56
ORD102346,2025-08-23,1670,29.0,Female,Islamabad,North,Clothing,T-Shirt,30.64,2,0.05,Bank Transfer,Returning,3.5,58.22
ORD102677,2025-08-23,1092,52.0,Female,Lahore,East,Electronics,Tablet,419.81,1,0.05,Bank Transfer,New,3.7,398.82
ORD103264,2025-08-23,1544,40.0,Female,Quetta,West,Electronics,Laptop,1287.61,2,0.0,Credit Card,New,4.2,2575.22
ORD102069,2025-08-23,1382,48.0,Male,Islamabad,North,Electronics,Headphones,136.92,6,0.1,Bank Transfer,New,3.1,739.37
ORD101289,2025-08-23,1161,41.0,Female,Rawalpindi,North,Electronics,Mouse,35.06,1,0.25,Credit Card,New,4.2,26.3
ORD101383,2025-08-23,1330,31.0,Male,Rawalpindi,North,Clothing,T-Shirt,31.84,4,0.05,Credit Card,VIP,4.9,120.99
ORD104743,2025-08-23,1352,19.0,Male,Rawalpindi,North,Clothing,Jeans,65.75,7,0.25,Digital Wallet,New,3.5,345.19
ORD103820,2025-08-23,1666,32.0,Male,Karachi,South,Accessories,Sunglasses,82.65,1,0.2,Digital Wallet,New,2.7,66.12
ORD104993,2025-08-23,1540,27.0,Female,Islamabad,North,Electronics,Headphones,126.88,5,0.25,Digital Wallet,New,2.9,475.8
ORD101185,2025-08-23,1411,48.0,Female,Faisalabad,East,Electronics,Smartwatch,226.08,3,0.05,Credit Card,Returning,5.0,644.33
ORD100732,2025-08-23,1672,43.0,Male,Rawalpindi,North,Clothing,Shoes,92.6,1,0.05,Debit Card,Returning,3.8,87.97
ORD101967,2025-08-24,1553,43.0,Male,Lahore,East,Electronics,Smartwatch,240.71,1,0.1,Digital Wallet,New,4.2,216.64
ORD103453,2025-08-24,1767,50.0,Female,Islamabad,North,Accessories,Backpack,52.59,1,0.15,Debit Card,New,4.1,44.7
ORD104524,2025-08-24,1753,31.0,Male,Islamabad,North,Electronics,Tablet,501.55,2,0.0,Credit Card,Returning,4.7,1003.1
ORD103589,2025-08-24,1687,24.0,Male,Peshawar,West,Accessories,Sunglasses,78.26,2,0.1,Credit Card,New,3.5,140.87
ORD100823,2025-08-24,1645,40.0,Male,Islamabad,North,Clothing,Jacket,102.88,3,0.25,Credit Card,New,3.5,231.48
ORD102760,2025-08-24,1581,47.0,Male,Lahore,East,Electronics,Keyboard,59.81,2,0.2,Credit Card,Returning,2.6,95.7
ORD104140,2025-08-24,1171,34.0,Female,Peshawar,West,Clothing,Shoes,86.32,3,0.15,Credit Card,Returning,4.8,220.12
ORD100787,2025-08-24,1558,40.0,Male,Rawalpindi,North,Clothing,Shoes,92.14,2,0.05,Bank Transfer,New,5.0,175.07
ORD104495,2025-08-25,1384,35.0,Female,Multan,South,Electronics,Monitor,294.08,3,0.0,Debit Card,Returning,3.9,882.24
ORD103451,2025-08-25,1562,25.0,Male,Islamabad,North,Electronics,Smartwatch,244.38,1,0.25,Cash,New,4.0,183.28
ORD103341,2025-08-25,1156,43.0,Male,Peshawar,West,Accessories,Wallet,48.12,3,0.05,Digital Wallet,Returning,4.7,137.14
ORD104557,2025-08-26,1096,22.0,Female,Lahore,East,Accessories,Sunglasses,72.55,2,0.05,Digital Wallet,Returning,4.5,137.84
ORD103855,2025-08-26,1147,48.0,Male,Islamabad,North,Clothing,T-Shirt,31.22,4,0.0,Debit Card,New,4.5,124.88
ORD104074,2025-08-26,1496,42.0,Female,Karachi,South,Clothing,T-Shirt,27.14,1,0.05,Bank Transfer,VIP,3.9,25.78
ORD101773,2025-08-26,1363,41.0,Male,Multan,South,Electronics,Mouse,35.94,1,0.0,Digital Wallet,New,2.5,35.94
ORD102924,2025-08-26,1449,19.0,Female,Faisalabad,East,Electronics,Keyboard,69.6,5,0.05,Credit Card,Returning,4.2,330.6
ORD104858,2025-08-26,1295,,Male,Quetta,West,Electronics,Laptop,1292.68,2,0.05,Credit Card,New,4.8,2456.09
ORD104708,2025-08-26,1583,33.0,Male,Faisalabad,East,Clothing,Shoes,91.48,3,0.2,Credit Card,New,3.5,219.55
ORD104729,2025-08-27,1148,18.0,Male,Karachi,South,Electronics,Smartwatch,242.33,7,0.1,Digital Wallet,New,3.8,1526.68
ORD101853,2025-08-27,1381,49.0,Female,Peshawar,West,Clothing,T-Shirt,28.54,5,0.05,Bank Transfer,Returning,5.0,135.56
ORD103425,2025-08-27,1203,33.0,Male,Multan,South,Electronics,Smartphone,717.61,4,0.1,Credit Card,Returning,,2583.4
ORD104231,2025-08-27,1394,40.0,Male,Lahore,East,Electronics,Mouse,36.61,2,0.1,Bank Transfer,New,3.4,65.9
ORD101548,2025-08-27,1339,19.0,Male,Islamabad,North,Electronics,Headphones,122.16,2,0.15,Digital Wallet,New,3.5,207.67
ORD102972,2025-08-27,1038,58.0,Female,Faisalabad,East,Clothing,Jeans,56.99,6,0.05,Credit Card,VIP,3.9,324.84
ORD104028,2025-08-27,1619,30.0,Male,Quetta,West,Clothing,Shoes,95.66,3,0.0,Cash,Returning,4.1,286.98
ORD104646,2025-08-27,1565,34.0,Male,Quetta,West,Electronics,Smartphone,805.37,1,0.1,Credit Card,Returning,4.9,724.83
ORD100582,2025-08-28,1617,46.0,Male,Rawalpindi,North,Accessories,Sunglasses,79.09,1,0.1,Credit Card,VIP,2.7,71.18
ORD100791,2025-08-28,1594,39.0,Male,Islamabad,North,Electronics,Monitor,316.75,3,0.1,Bank Transfer,Returning,3.0,855.22
ORD103427,2025-08-28,1334,18.0,Male,Quetta,West,Electronics,Keyboard,78.63,5,0.1,Digital Wallet,Returning,4.0,353.84
ORD103931,2025-08-28,1358,29.0,Female,Lahore,East,Electronics,Tablet,519.68,2,0.0,Debit Card,New,3.8,1039.36
ORD100985,2025-08-28,1363,25.0,Male,Multan,South,Electronics,Mouse,35.34,3,0.2,Digital Wallet,VIP,3.2,84.82
ORD103968,2025-08-28,1787,44.0,Male,Karachi,South,Clothing,T-Shirt,27.92,6,0.0,Cash,VIP,4.2,167.52
ORD104872,2025-08-28,1742,34.0,Male,Lahore,East,Electronics,Smartwatch,218.67,4,0.0,Digital Wallet,New,3.6,874.68
ORD103851,2025-08-28,1329,41.0,Female,Quetta,West,Accessories,Sunglasses,75.54,7,0.0,Digital Wallet,Returning,4.2,528.78
ORD104783,2025-08-28,1176,25.0,Female,Lahore,East,Clothing,Jeans,70.29,4,0.05,Bank Transfer,New,2.9,267.1
ORD100168,2025-08-28,1655,30.0,Female,Quetta,West,Electronics,Laptop,1261.16,4,0.0,Cash,Returning,2.9,5044.64
ORD101664,2025-08-28,1710,28.0,Female,Lahore,East,Accessories,Backpack,56.36,1,0.1,Digital Wallet,New,4.2,50.72
ORD100382,2025-08-29,1745,27.0,Female,Peshawar,West,Accessories,Wallet,43.07,3,0.0,Digital Wallet,VIP,4.9,129.21
ORD101134,2025-08-29,1291,23.0,Female,Faisalabad,East,Electronics,Smartwatch,216.52,4,0.0,Bank Transfer,Returning,4.9,866.08
ORD101513,2025-08-29,1201,38.0,Male,Karachi,South,Electronics,Monitor,310.6,3,0.0,Digital Wallet,New,3.7,931.8
ORD101100,2025-08-29,1650,25.0,Male,Lahore,East,Electronics,Smartwatch,220.23,3,0.0,Debit Card,Returning,3.7,660.69
ORD101286,2025-08-29,1180,36.0,Male,Peshawar,West,Accessories,Backpack,53.14,2,0.0,Credit Card,New,4.8,106.28
ORD101541,2025-08-29,1330,55.0,Male,Rawalpindi,North,Electronics,Smartwatch,229.91,1,0.05,Digital Wallet,Returning,2.8,218.41
ORD100498,2025-08-29,1237,31.0,Male,Islamabad,North,Electronics,Smartwatch,240.63,3,0.1,Debit Card,New,3.2,649.7
ORD101113,2025-08-29,1419,35.0,Female,Karachi,South,Clothing,Jeans,71.43,2,0.0,Credit Card,New,3.8,142.86
ORD100213,2025-08-30,1684,32.0,Female,Faisalabad,East,Electronics,Smartphone,735.74,1,0.0,Credit Card,New,2.3,735.74
ORD100932,2025-08-30,1466,37.0,Male,Quetta,West,Electronics,Smartphone,748.46,5,0.1,Digital Wallet,New,3.1,3368.07
ORD104532,2025-08-30,1767,27.0,Female,Peshawar,West,Accessories,Backpack,58.91,1,0.0,Credit Card,Returning,3.8,58.91
ORD101294,2025-08-30,1666,34.0,Female,Multan,South,Accessories,Sunglasses,79.14,1,0.0,Credit Card,Returning,3.7,79.14
ORD100576,2025-08-30,1090,46.0,Female,Peshawar,West,Clothing,Jeans,69.94,1,0.0,Debit Card,Returning,4.5,69.94
ORD102248,2025-08-30,1161,28.0,Male,Multan,South,Electronics,Smartphone,783.07,5,0.15,Bank Transfer,Returning,3.4,3328.05
ORD100517,2025-08-30,1750,20.0,Female,Faisalabad,East,Accessories,Wallet,50.13,6,0.0,Digital Wallet,Returning,5.0,300.78
ORD102284,2025-08-31,1473,26.0,Female,Rawalpindi,North,Clothing,T-Shirt,29.88,1,0.1,Debit Card,New,2.0,26.89
ORD102365,2025-08-31,1298,29.0,Male,Karachi,South,Clothing,T-Shirt,29.45,2,0.1,Digital Wallet,Returning,3.7,53.01
ORD102114,2025-08-31,1623,37.0,Male,Faisalabad,East,Electronics,Headphones,113.8,1,0.05,Debit Card,Returning,3.8,108.11
ORD103772,2025-08-31,1499,48.0,Female,Karachi,South,Electronics,Headphones,116.13,4,0.2,Debit Card,Returning,3.9,371.62
ORD102295,2025-08-31,1085,36.0,Female,Rawalpindi,North,Electronics,Smartphone,728.92,4,0.05,Cash,Returning,2.9,2769.9
ORD102946,2025-08-31,1209,22.0,Female,Islamabad,North,Electronics,Mouse,34.0,3,0.0,Credit Card,New,3.1,102.0
ORD100680,2025-08-31,1029,27.0,Male,Multan,South,Electronics,Smartphone,809.74,1,0.15,Digital Wallet,New,2.8,688.28
ORD103410,2025-08-31,1633,33.0,Female,Multan,South,Clothing,Jacket,107.35,4,0.2,Digital Wallet,Returning,3.6,343.52
ORD102201,2025-09-01,1428,,Male,Quetta,West,Electronics,Mouse,33.45,4,0.0,Credit Card,Returning,3.6,133.8
ORD104348,2025-09-01,1086,37.0,Male,Lahore,East,Accessories,Backpack,55.55,5,0.0,Credit Card,New,3.2,277.75
ORD102854,2025-09-01,1122,46.0,Male,Multan,South,Clothing,Shoes,87.87,4,0.05,Credit Card,New,3.5,333.91
ORD101357,2025-09-01,1443,27.0,Female,Quetta,West,Electronics,Laptop,1116.83,4,0.05,Debit Card,Returning,2.6,4243.95
ORD103750,2025-09-01,1068,28.0,Female,Rawalpindi,North,Clothing,Jeans,63.16,1,0.05,Credit Card,New,4.6,60.0
ORD101265,2025-09-01,1436,50.0,Male,Quetta,West,Clothing,Shoes,98.6,1,0.0,Debit Card,Returning,3.8,98.6
ORD102478,2025-09-01,1342,18.0,Male,Karachi,South,Electronics,Mouse,32.01,3,0.15,Credit Card,New,3.5,81.63
ORD100915,2025-09-01,1095,27.0,Female,Lahore,East,Accessories,Backpack,56.25,1,0.05,Debit Card,New,3.9,53.44
ORD102805,2025-09-01,1223,44.0,Male,Islamabad,North,Electronics,Smartphone,731.27,2,0.15,Bank Transfer,Returning,3.4,1243.16
ORD103292,2025-09-01,1701,32.0,Male,Faisalabad,East,Clothing,Jeans,65.51,1,0.1,Digital Wallet,New,3.7,58.96
ORD101710,2025-09-01,1160,28.0,Female,Peshawar,West,Electronics,Keyboard,65.41,1,0.0,Credit Card,Returning,5.0,65.41
ORD103926,2025-09-02,1290,23.0,Male,Peshawar,West,Clothing,Shoes,98.17,1,0.1,Cash,Returning,3.4,88.35
ORD101301,2025-09-02,1148,38.0,Female,Multan,South,Clothing,T-Shirt,30.0,2,0.05,Bank Transfer,Returning,4.2,57.0
ORD101846,2025-09-02,1704,33.0,Male,Peshawar,West,Electronics,Smartphone,765.92,5,0.0,Bank Transfer,New,4.6,3829.6
ORD102016,2025-09-02,1007,18.0,Male,Karachi,South,Clothing,Jeans,60.86,2,0.0,Bank Transfer,New,3.9,121.72
ORD103348,2025-09-02,1759,43.0,Female,Multan,South,Electronics,Monitor,280.76,1,0.0,Digital Wallet,New,3.5,280.76
ORD102190,2025-09-02,1126,60.0,Female,Rawalpindi,North,Clothing,T-Shirt,29.74,2,0.0,Credit Card,Returning,3.2,59.48
ORD101868,2025-09-02,1099,18.0,Female,Islamabad,North,Accessories,Wallet,47.69,7,0.2,Digital Wallet,Returning,4.4,267.06
ORD100817,2025-09-02,1511,34.0,Female,Quetta,West,Clothing,Jacket,92.24,2,0.1,Debit Card,New,3.3,166.03
ORD103043,2025-09-02,1573,44.0,Male,Rawalpindi,North,Clothing,T-Shirt,31.79,7,0.3,Credit Card,VIP,4.1,155.77
ORD101709,2025-09-02,1003,19.0,Male,Multan,South,Clothing,Jeans,59.53,4,0.1,Bank Transfer,Returning,4.1,214.31
ORD100526,2025-09-02,1289,23.0,Male,Quetta,West,Electronics,Laptop,1250.0,2,0.1,Debit Card,New,3.3,2250.0
ORD101926,2025-09-03,1558,34.0,Female,Faisalabad,East,Clothing,Jeans,63.85,3,0.1,Debit Card,Returning,2.4,172.4
ORD102231,2025-09-03,1303,18.0,Female,Quetta,West,Electronics,Laptop,1125.24,1,0.1,Cash,Returning,3.2,1012.72
ORD102499,2025-09-03,1618,41.0,Male,Lahore,East,Accessories,Backpack,53.76,4,0.05,Digital Wallet,New,3.1,204.29
ORD103583,2025-09-03,1174,29.0,Male,Lahore,East,Electronics,Smartphone,660.86,4,0.1,Digital Wallet,Returning,3.6,2379.1
ORD100870,2025-09-03,1075,22.0,Female,Multan,South,Electronics,Tablet,523.96,3,0.0,Credit Card,Returning,3.6,1571.88
ORD103014,2025-09-03,1113,38.0,Female,Rawalpindi,North,Electronics,Keyboard,64.77,1,0.0,Credit Card,Returning,4.8,64.77
ORD104193,2025-09-03,1214,36.0,Female,Lahore,East,Electronics,Headphones,112.97,5,0.2,Debit Card,New,3.0,451.88
ORD104523,2025-09-03,1661,29.0,Male,Multan,South,Electronics,Smartwatch,211.85,1,0.0,Bank Transfer,New,3.5,211.85
ORD102105,2025-09-03,1526,30.0,Female,Lahore,East,Electronics,Keyboard,63.72,4,0.0,Cash,Returning,4.5,254.88
ORD104125,2025-09-04,1677,25.0,Male,Lahore,East,Clothing,Jeans,59.57,4,0.05,Bank Transfer,New,4.4,226.37
ORD101045,2025-09-04,1350,31.0,Male,Rawalpindi,North,Clothing,Shoes,94.75,2,0.05,Debit Card,New,3.3,180.02
ORD101211,2025-09-04,1292,51.0,Female,Quetta,West,Electronics,Smartwatch,218.67,1,0.0,Digital Wallet,New,4.4,218.67
ORD104046,2025-09-04,1218,49.0,Male,Faisalabad,East,Clothing,T-Shirt,28.59,1,0.0,Cash,New,3.7,28.59
ORD100805,2025-09-04,1239,47.0,Male,Quetta,West,Electronics,Monitor,287.41,1,0.1,Digital Wallet,VIP,4.4,258.67
ORD101613,2025-09-05,1108,44.0,Female,Islamabad,North,Electronics,Smartwatch,215.57,1,0.2,Credit Card,VIP,5.0,172.46
ORD100633,2025-09-05,1735,40.0,Female,Rawalpindi,North,Accessories,Backpack,54.23,4,0.2,Debit Card,New,4.7,173.54
ORD103439,2025-09-05,1255,45.0,Male,Multan,South,Electronics,Headphones,115.72,5,0.05,Debit Card,Returning,3.8,549.67
ORD104687,2025-09-05,1569,25.0,Female,Faisalabad,East,Clothing,Jeans,65.21,1,0.0,Digital Wallet,Returning,3.9,65.21
ORD103844,2025-09-06,1687,33.0,Male,Karachi,South,Electronics,Monitor,303.78,1,0.1,Credit Card,Returning,3.8,273.4
ORD101884,2025-09-06,1382,36.0,Male,Karachi,South,Clothing,Jacket,110.87,8,0.0,Debit Card,New,5.0,886.96
ORD102773,2025-09-06,1408,34.0,Male,Karachi,South,Accessories,Backpack,57.51,1,0.0,Digital Wallet,New,4.3,57.51
ORD100621,2025-09-06,1699,34.0,Male,Faisalabad,East,Electronics,Headphones,109.78,3,0.05,Credit Card,Returning,3.5,312.87
ORD103585,2025-09-06,1670,42.0,Female,Multan,South,Clothing,Shoes,81.22,3,0.2,Credit Card,New,3.2,194.93
ORD101746,2025-09-06,1796,32.0,Male,Karachi,South,Electronics,Tablet,495.27,1,0.25,Credit Card,New,4.7,371.45
ORD103217,2025-09-06,1791,38.0,Female,Rawalpindi,North,Clothing,Jeans,70.21,3,0.25,Debit Card,New,3.9,157.97
ORD104696,2025-09-06,1570,39.0,Male,Quetta,West,Electronics,Laptop,1199.51,1,0.05,Credit Card,Returning,2.0,1139.53
ORD103352,2025-09-06,1516,47.0,Male,Lahore,East,Electronics,Laptop,1227.31,2,0.05,Digital Wallet,Returning,4.2,2331.89
ORD100793,2025-09-06,1709,32.0,Male,Lahore,East,Electronics,Smartwatch,237.97,2,0.0,Cash,New,5.0,475.94
ORD103738,2025-09-07,1786,47.0,Female,Quetta,West,Electronics,Monitor,299.0,3,0.0,Bank Transfer,New,3.4,897.0
ORD100163,2025-09-07,1734,18.0,Female,Peshawar,West,Electronics,Mouse,34.32,1,0.15,Debit Card,New,4.4,29.17
ORD102755,2025-09-07,1726,33.0,Male,Rawalpindi,North,Electronics,Smartphone,852.41,3,0.05,Credit Card,VIP,4.4,2429.37
ORD102698,2025-09-07,1213,45.0,Female,Peshawar,West,Electronics,Tablet,531.44,1,0.1,Bank Transfer,New,3.8,478.3
ORD101989,2025-09-07,1166,29.0,Male,Quetta,West,Electronics,Keyboard,62.04,1,0.05,Digital Wallet,New,3.6,58.94
ORD104301,2025-09-07,1492,36.0,Male,Faisalabad,East,Clothing,Jeans,63.92,2,0.0,Credit Card,VIP,4.5,127.84
ORD100324,2025-09-07,1112,18.0,Female,Faisalabad,East,Accessories,Backpack,57.02,4,0.1,Digital Wallet,Returning,3.9,205.27
ORD101268,2025-09-07,1666,37.0,Female,Karachi,South,Electronics,Keyboard,56.51,3,0.05,Bank Transfer,New,3.0,161.05
ORD102097,2025-09-08,1737,34.0,Male,Quetta,West,Clothing,Shoes,91.09,2,0.2,Credit Card,New,3.7,145.74
ORD102306,2025-09-08,1304,39.0,Female,Quetta,West,Clothing,T-Shirt,30.58,3,0.0,Debit Card,New,2.8,91.74
ORD104522,2025-09-08,1310,20.0,Female,Islamabad,North,Accessories,Backpack,60.89,3,0.0,Debit Card,Returning,3.8,182.67
ORD101859,2025-09-08,1079,37.0,Male,Islamabad,North,Electronics,Mouse,33.06,4,0.1,Credit Card,VIP,5.0,119.02
ORD104866,2025-09-08,1770,22.0,Female,Lahore,East,Electronics,Headphones,110.18,1,0.0,Cash,New,3.4,110.18
ORD103941,2025-09-08,1188,41.0,Female,Rawalpindi,North,Electronics,Smartwatch,205.08,4,0.1,Digital Wallet,New,4.5,738.29
ORD103117,2025-09-09,1472,34.0,Male,Rawalpindi,North,Electronics,Laptop,1174.35,3,0.05,Credit Card,New,3.3,3346.9
ORD102548,2025-09-09,1702,42.0,Female,Multan,South,Clothing,T-Shirt,30.31,2,0.0,Bank Transfer,New,3.0,60.62
ORD101141,2025-09-09,1574,32.0,Male,Rawalpindi,North,Clothing,Shoes,91.2,3,0.15,Debit Card,New,4.4,232.56
ORD100929,2025-09-09,1403,28.0,Male,Faisalabad,East,Electronics,Tablet,545.74,2,0.05,Bank Transfer,Returning,5.0,1036.91
ORD101144,2025-09-09,1749,43.0,Female,Quetta,West,Electronics,Laptop,1132.19,1,0.15,Credit Card,New,3.8,962.36
ORD102774,2025-09-09,1483,63.0,Male,Karachi,South,Clothing,Shoes,92.0,3,0.05,Digital Wallet,New,4.9,262.2
ORD101423,2025-09-09,1115,23.0,Male,Islamabad,North,Electronics,Keyboard,63.24,2,0.0,Debit Card,New,4.0,126.48
ORD104239,2025-09-09,1360,31.0,Male,Peshawar,West,Electronics,Smartwatch,228.98,1,0.2,Debit Card,Returning,2.8,183.18
ORD104092,2025-09-09,1621,30.0,Female,Faisalabad,East,Accessories,Wallet,41.15,1,0.1,Debit Card,New,3.2,37.03
ORD101099,2025-09-09,1261,21.0,Male,Rawalpindi,North,Electronics,Tablet,557.66,4,0.0,Debit Card,Returning,4.4,2230.64
ORD101058,2025-09-09,1006,35.0,Male,Faisalabad,East,Accessories,Backpack,49.65,1,0.1,Bank Transfer,New,3.9,44.68
ORD102160,2025-09-09,1556,37.0,Female,Peshawar,West,Electronics,Smartphone,717.41,4,0.25,Bank Transfer,VIP,3.8,2152.23
ORD104130,2025-09-10,1138,39.0,Female,Karachi,South,Electronics,Smartphone,706.63,7,0.1,Digital Wallet,Returning,3.4,4451.77
ORD104318,2025-09-10,1311,31.0,Male,Karachi,South,Electronics,Laptop,1191.44,3,0.3,Digital Wallet,VIP,3.6,2502.02
ORD102524,2025-09-10,1084,50.0,Female,Rawalpindi,North,Accessories,Backpack,55.31,1,0.2,Debit Card,Returning,3.8,44.25
ORD103565,2025-09-10,1001,38.0,Male,Multan,South,Electronics,Smartphone,771.75,3,0.15,Credit Card,Returning,4.4,1967.96
ORD100110,2025-09-10,1344,27.0,Male,Multan,South,Electronics,Laptop,1034.86,5,0.1,Cash,Returning,4.3,4656.87
ORD103788,2025-09-10,1664,39.0,Male,Faisalabad,East,Electronics,Headphones,127.5,1,0.1,Cash,VIP,3.5,114.75
ORD103189,2025-09-11,1383,34.0,Male,Faisalabad,East,Electronics,Headphones,126.75,2,0.0,Bank Transfer,New,3.5,253.5
ORD100924,2025-09-11,1093,,Male,Karachi,South,Accessories,Sunglasses,81.56,3,0.15,Credit Card,VIP,5.0,207.98
ORD102470,2025-09-11,1776,25.0,Female,Quetta,West,Accessories,Backpack,54.31,4,0.0,Debit Card,VIP,4.7,217.24
ORD102951,2025-09-11,1377,28.0,Male,Peshawar,West,Electronics,Mouse,33.08,5,0.0,Digital Wallet,New,3.5,165.4
ORD104294,2025-09-11,1721,38.0,Male,Lahore,East,Clothing,Shoes,89.07,1,0.15,Digital Wallet,Returning,4.7,75.71
ORD102738,2025-09-11,1120,23.0,Female,Peshawar,West,Electronics,Smartphone,860.02,7,0.15,Debit Card,VIP,3.8,5117.12
ORD102403,2025-09-11,1146,52.0,Female,Faisalabad,East,Electronics,Laptop,1298.95,1,0.3,Digital Wallet,VIP,2.9,909.26
ORD103119,2025-09-11,1199,25.0,Female,Multan,South,Electronics,Laptop,1131.33,5,0.05,Debit Card,Returning,3.3,5373.82
ORD101323,2025-09-12,1286,23.0,Male,Faisalabad,East,Accessories,Wallet,42.42,1,0.15,Credit Card,Returning,4.6,36.06
ORD101839,2025-09-12,1705,37.0,Male,Rawalpindi,North,Electronics,Smartphone,778.18,3,0.0,Credit Card,New,,2334.54
ORD102276,2025-09-12,1601,22.0,Female,Islamabad,North,Electronics,Headphones,119.13,6,0.1,Credit Card,Returning,2.4,643.3
ORD104472,2025-09-12,1471,23.0,Female,Multan,South,Clothing,T-Shirt,31.01,8,0.1,Credit Card,New,3.4,223.27
ORD101979,2025-09-12,1714,27.0,Male,Islamabad,North,Clothing,T-Shirt,31.66,1,0.1,Digital Wallet,New,3.8,28.49
ORD101855,2025-09-12,1007,47.0,Male,Faisalabad,East,Electronics,Laptop,1226.59,1,0.25,Credit Card,Returning,3.7,919.94
ORD104856,2025-09-12,1390,40.0,Female,Karachi,South,Electronics,Smartphone,716.96,1,0.1,Digital Wallet,New,3.6,645.26
ORD101623,2025-09-13,1141,18.0,Female,Multan,South,Electronics,Tablet,464.57,3,0.0,Cash,Returning,3.9,1393.71
ORD101420,2025-09-13,1128,30.0,Male,Lahore,East,Clothing,Jeans,66.01,4,0.15,Debit Card,New,4.8,224.43
ORD103708,2025-09-13,1625,27.0,Female,Lahore,East,Electronics,Smartphone,790.54,6,0.1,Credit Card,VIP,5.0,4268.92
ORD100289,2025-09-13,1415,41.0,Female,Karachi,South,Accessories,Backpack,57.15,8,0.05,Credit Card,New,2.6,434.34
ORD102661,2025-09-13,1380,33.0,Female,Multan,South,Clothing,T-Shirt,28.31,4,0.25,Bank Transfer,New,2.8,84.93
ORD101216,2025-09-13,1011,42.0,Female,Islamabad,North,Electronics,Monitor,335.63,2,0.0,Cash,New,4.5,671.26
ORD100196,2025-09-13,1225,41.0,Female,Peshawar,West,Electronics,Tablet,531.96,1,0.15,Debit Card,Returning,3.6,452.17
ORD101852,2025-09-14,1227,41.0,Female,Quetta,West,Accessories,Sunglasses,77.16,6,0.0,Digital Wallet,New,3.3,462.96
ORD101589,2025-09-14,1490,18.0,Male,Rawalpindi,North,Electronics,Mouse,38.41,1,0.05,Credit Card,Returning,4.5,36.49
ORD104332,2025-09-14,1520,51.0,Female,Rawalpindi,North,Clothing,Jeans,65.89,4,0.15,Debit Card,New,3.4,224.03
ORD100584,2025-09-15,1501,30.0,Female,Multan,South,Clothing,Jeans,60.19,1,0.0,Debit Card,Returning,3.9,60.19
ORD100937,2025-09-15,1513,,Male,Rawalpindi,North,Accessories,Backpack,50.91,3,0.2,Credit Card,New,3.6,122.18
ORD102082,2025-09-16,1335,32.0,Female,Multan,South,Electronics,Mouse,33.83,6,0.15,Credit Card,New,3.1,172.53
ORD104705,2025-09-16,1731,37.0,Female,Peshawar,West,Electronics,Mouse,37.02,2,0.05,Credit Card,Returning,3.9,70.34
ORD102141,2025-09-16,1778,21.0,Female,Lahore,East,Electronics,Tablet,496.43,4,0.05,Cash,New,4.5,1886.43
ORD100749,2025-09-16,1526,40.0,Female,Karachi,South,Clothing,Shoes,95.15,3,0.15,Debit Card,New,3.5,242.63
ORD103272,2025-09-17,1670,35.0,Female,Karachi,South,Electronics,Smartphone,759.16,1,0.3,Cash,Returning,3.0,531.41
ORD103744,2025-09-17,1431,30.0,Male,Quetta,West,Electronics,Headphones,117.17,3,0.05,Credit Card,Returning,4.1,333.93
ORD104129,2025-09-17,1398,32.0,Male,Karachi,South,Clothing,Shoes,92.73,3,0.05,Cash,Returning,3.7,264.28
ORD104456,2025-09-17,1505,36.0,Female,Multan,South,Electronics,Keyboard,76.2,6,0.05,Debit Card,Returning,4.7,434.34
ORD100547,2025-09-17,1759,27.0,Male,Islamabad,North,Electronics,Keyboard,75.31,3,0.0,Digital Wallet,New,2.9,225.93
ORD103651,2025-09-17,1107,27.0,Male,Karachi,South,Clothing,Shoes,92.76,1,0.2,Credit Card,New,3.1,74.21
ORD102322,2025-09-18,1124,34.0,Female,Karachi,South,Electronics,Smartphone,715.3,2,0.3,Debit Card,New,3.7,1001.42
ORD104713,2025-09-18,1208,18.0,Male,Islamabad,North,Electronics,Mouse,34.13,2,0.1,Bank Transfer,Returning,3.5,61.43
ORD101341,2025-09-18,1643,44.0,Female,Lahore,East,Clothing,T-Shirt,30.32,3,0.15,Digital Wallet,Returning,3.9,77.32
ORD104780,2025-09-18,1618,36.0,Female,Quetta,West,Electronics,Headphones,120.99,2,0.15,Debit Card,Returning,3.9,205.68
ORD101735,2025-09-18,1226,31.0,Male,Lahore,East,Electronics,Smartwatch,226.82,2,0.0,Cash,New,3.4,453.64
ORD103494,2025-09-19,1406,35.0,Male,Multan,South,Clothing,Shoes,87.55,1,0.05,Cash,New,4.6,83.17
ORD102826,2025-09-19,1488,52.0,Male,Faisalabad,East,Electronics,Headphones,109.22,1,0.2,Credit Card,Returning,4.4,87.38
ORD104857,2025-09-19,1619,51.0,Male,Karachi,South,Electronics,Laptop,1159.31,1,0.0,Digital Wallet,Returning,3.4,1159.31
ORD100361,2025-09-19,1277,23.0,Male,Karachi,South,Clothing,T-Shirt,28.41,6,0.0,Cash,Returning,3.4,170.46
ORD104105,2025-09-19,1488,23.0,Male,Faisalabad,East,Electronics,Headphones,124.35,1,0.2,Digital Wallet,Returning,2.8,99.48
ORD102026,2025-09-19,1700,20.0,Male,Quetta,West,Electronics,Laptop,1172.76,1,0.0,Bank Transfer,New,4.9,1172.76
ORD100587,2025-09-19,1075,52.0,Male,Karachi,South,Electronics,Monitor,269.61,6,0.1,Credit Card,Returning,2.9,1455.89
ORD104639,2025-09-19,1210,22.0,Female,Peshawar,West,Clothing,Jeans,61.61,2,0.0,Bank Transfer,New,3.2,123.22
ORD100738,2025-09-19,1764,41.0,Male,Lahore,East,Electronics,Smartphone,736.44,5,0.0,Bank Transfer,Returning,3.6,3682.2
ORD103411,2025-09-20,1508,37.0,Male,Lahore,East,Electronics,Smartphone,741.13,3,0.0,Digital Wallet,Returning,5.0,2223.39
ORD101377,2025-09-20,1500,22.0,Female,Islamabad,North,Accessories,Sunglasses,74.96,2,0.0,Debit Card,New,4.4,149.92
ORD100049,2025-09-20,1485,20.0,Female,Multan,South,Electronics,Keyboard,69.27,6,0.0,Credit Card,Returning,3.8,415.62
ORD101772,2025-09-20,1781,47.0,Male,Karachi,South,Electronics,Keyboard,65.98,1,0.05,Digital Wallet,New,3.5,62.68
ORD103544,2025-09-20,1382,48.0,Male,Peshawar,West,Accessories,Sunglasses,84.69,4,0.0,Bank Transfer,Returning,4.4,338.76
ORD101519,2025-09-21,1296,27.0,Female,Karachi,South,Electronics,Mouse,34.61,5,0.1,Bank Transfer,New,3.5,155.74
ORD100064,2025-09-21,1367,34.0,Male,Lahore,East,Clothing,T-Shirt,30.0,2,0.15,Credit Card,VIP,4.8,51.0
ORD101388,2025-09-21,1147,31.0,Male,Islamabad,North,Clothing,Jeans,63.0,2,0.15,Digital Wallet,Returning,3.1,107.1
ORD104408,2025-09-21,1154,38.0,Female,Quetta,West,Electronics,Monitor,293.37,1,0.1,Bank Transfer,New,4.2,264.03
ORD102433,2025-09-21,1658,35.0,Male,Faisalabad,East,Electronics,Headphones,116.66,4,0.1,Credit Card,Returning,3.5,419.98
ORD100700,2025-09-21,1182,38.0,Male,Karachi,South,Electronics,Monitor,325.44,2,0.0,Debit Card,Returning,3.3,650.88
ORD101042,2025-09-21,1503,42.0,Female,Islamabad,North,Accessories,Backpack,50.28,1,0.0,Debit Card,New,3.5,50.28
ORD100379,2025-09-22,1373,34.0,Female,Peshawar,West,Electronics,Tablet,461.77,1,0.0,Digital Wallet,Returning,4.1,461.77
ORD100387,2025-09-22,1302,25.0,Male,Peshawar,West,Clothing,Jeans,66.72,1,0.05,Credit Card,New,4.2,63.38
ORD102551,2025-09-22,1196,66.0,Male,Multan,South,Clothing,Shoes,97.25,1,0.05,Credit Card,New,3.0,92.39
ORD102286,2025-09-22,1305,27.0,Female,Multan,South,Clothing,Shoes,90.35,3,0.1,Credit Card,Returning,3.2,243.94
ORD101566,2025-09-22,1288,54.0,Male,Lahore,East,Electronics,Headphones,125.1,2,0.0,Debit Card,New,5.0,250.2
ORD100056,2025-09-23,1316,18.0,Male,Rawalpindi,North,Electronics,Laptop,1089.88,1,0.0,Bank Transfer,Returning,3.7,1089.88
ORD104754,2025-09-23,1065,31.0,Male,Quetta,West,Electronics,Mouse,34.16,1,0.0,Digital Wallet,Returning,3.4,34.16
ORD104045,2025-09-23,1471,30.0,Female,Faisalabad,East,Clothing,T-Shirt,27.16,2,0.0,Credit Card,Returning,3.0,54.32
ORD102968,2025-09-23,1742,18.0,Female,Rawalpindi,North,Accessories,Wallet,43.06,8,0.25,Digital Wallet,Returning,3.0,258.36
ORD103836,2025-09-23,1761,40.0,Female,Quetta,West,Accessories,Sunglasses,81.44,3,0.2,Digital Wallet,VIP,3.8,195.46
ORD103639,2025-09-23,1213,39.0,Female,Multan,South,Electronics,Smartphone,703.97,2,0.2,Bank Transfer,New,4.7,1126.35
ORD103957,2025-09-24,1733,29.0,Female,Karachi,South,Electronics,Tablet,510.34,3,0.0,Digital Wallet,New,3.9,1531.02
ORD102814,2025-09-24,1617,33.0,Male,Lahore,East,Accessories,Backpack,50.51,1,0.0,Debit Card,Returning,4.2,50.51
ORD104798,2025-09-24,1644,22.0,Male,Peshawar,West,Electronics,Headphones,118.0,2,0.05,Bank Transfer,New,2.7,224.2
ORD104555,2025-09-24,1104,55.0,Male,Karachi,South,Electronics,Monitor,319.99,1,0.2,Bank Transfer,New,2.9,255.99
ORD104177,2025-09-24,1555,35.0,Male,Lahore,East,Electronics,Laptop,1406.43,1,0.1,Digital Wallet,VIP,4.9,1265.79
ORD101821,2025-09-25,1586,34.0,Female,Faisalabad,East,Electronics,Laptop,1317.67,1,0.15,Credit Card,Returning,4.5,1120.02
ORD102080,2025-09-25,1740,40.0,Male,Faisalabad,East,Electronics,Keyboard,66.99,6,0.0,Credit Card,New,3.0,401.94
ORD104932,2025-09-25,1389,26.0,Male,Islamabad,North,Electronics,Keyboard,71.59,4,0.0,Credit Card,New,4.0,286.36
ORD102562,2025-09-25,1490,33.0,Male,Peshawar,West,Electronics,Headphones,125.88,2,0.05,Digital Wallet,New,3.4,239.17
ORD100922,2025-09-25,1195,44.0,Female,Lahore,East,Clothing,Shoes,96.55,7,0.15,Credit Card,Returning,3.5,574.47
ORD104537,2025-09-25,1010,40.0,Male,Multan,South,Electronics,Smartphone,732.39,4,0.0,Digital Wallet,New,3.4,2929.56
ORD101395,2025-09-25,1514,46.0,Female,Peshawar,West,Clothing,Shoes,93.56,1,0.1,Debit Card,New,4.5,84.2
ORD104089,2025-09-25,1166,34.0,Female,Quetta,West,Electronics,Smartphone,817.98,3,0.2,Credit Card,New,3.0,1963.15
ORD101899,2025-09-25,1162,46.0,Male,Lahore,East,Electronics,Smartwatch,237.63,8,0.15,Digital Wallet,New,3.4,1615.88
ORD103283,2025-09-26,1537,41.0,Male,Islamabad,North,Electronics,Mouse,35.53,1,0.1,Credit Card,Returning,4.2,31.98
ORD104508,2025-09-26,1112,27.0,Male,Faisalabad,East,Electronics,Smartwatch,218.32,5,0.0,Credit Card,New,3.3,1091.6
ORD104578,2025-09-26,1245,44.0,Female,Quetta,West,Accessories,Sunglasses,79.09,4,0.15,Debit Card,New,3.5,268.91
ORD101465,2025-09-26,1749,45.0,Female,Quetta,West,Accessories,Sunglasses,82.27,1,0.2,Bank Transfer,New,5.0,65.82
ORD100097,2025-09-26,1338,28.0,Male,Quetta,West,Accessories,Backpack,54.98,1,0.0,Digital Wallet,Returning,4.7,54.98
ORD102750,2025-09-26,1789,41.0,Male,Faisalabad,East,Electronics,Headphones,106.48,3,0.25,Bank Transfer,New,5.0,239.58
ORD104308,2025-09-26,1696,56.0,Male,Multan,South,Electronics,Smartphone,741.79,2,0.0,Debit Card,VIP,5.0,1483.58
ORD101200,2025-09-27,1648,33.0,Male,Quetta,West,Electronics,Mouse,35.65,1,0.0,Digital Wallet,Returning,4.2,35.65
ORD104766,2025-09-27,1025,19.0,Male,Lahore,East,Electronics,Mouse,35.32,4,0.0,Digital Wallet,New,4.8,141.28
ORD102873,2025-09-27,1736,35.0,Female,Quetta,West,Accessories,Wallet,41.68,4,0.1,Debit Card,New,3.5,150.05
ORD102587,2025-09-27,1768,43.0,Male,Lahore,East,Electronics,Mouse,34.19,3,0.05,Debit Card,Returning,5.0,97.44
ORD104685,2025-09-27,1714,45.0,Male,Peshawar,West,Electronics,Headphones,114.57,4,0.15,Debit Card,VIP,4.1,389.54
ORD100420,2025-09-28,1477,23.0,Male,Lahore,East,Electronics,Mouse,34.93,2,0.0,Bank Transfer,Returning,2.8,69.86
ORD102578,2025-09-28,1073,29.0,Female,Peshawar,West,Electronics,Keyboard,64.98,4,0.0,Digital Wallet,New,3.3,259.92
ORD103475,2025-09-28,1174,28.0,Female,Quetta,West,Electronics,Smartwatch,210.3,1,0.3,Bank Transfer,New,4.1,147.21
ORD103324,2025-09-28,1307,18.0,Male,Karachi,South,Electronics,Headphones,125.45,1,0.1,Digital Wallet,Returning,3.7,112.9
ORD100404,2025-09-29,1323,21.0,Male,Quetta,West,Accessories,Backpack,56.03,1,0.2,Digital Wallet,New,3.4,44.82
ORD104961,2025-09-29,1653,45.0,Male,Quetta,West,Electronics,Tablet,531.15,1,0.0,Debit Card,New,3.4,531.15
ORD101092,2025-09-29,1550,38.0,Male,Peshawar,West,Electronics,Smartwatch,214.08,1,0.1,Bank Transfer,VIP,4.0,192.67
ORD103677,2025-09-29,1679,26.0,Female,Islamabad,North,Electronics,Monitor,303.99,1,0.1,Digital Wallet,New,2.8,273.59
ORD101716,2025-09-29,1580,24.0,Female,Lahore,East,Clothing,Jacket,110.54,1,0.0,Debit Card,Returning,3.8,110.54
ORD104643,2025-09-30,1113,51.0,Female,Quetta,West,Electronics,Headphones,119.98,4,0.1,Debit Card,Returning,4.0,431.93
ORD103909,2025-09-30,1676,33.0,Male,Islamabad,North,Electronics,Mouse,37.06,4,0.1,Digital Wallet,Returning,4.6,133.42
ORD100987,2025-09-30,1508,33.0,Male,Peshawar,West,Electronics,Smartphone,689.37,5,0.0,Debit Card,Returning,3.9,3446.85
ORD102709,2025-09-30,1700,29.0,Male,Quetta,West,Clothing,T-Shirt,32.03,1,0.05,Credit Card,Returning,2.8,30.43
ORD102729,2025-09-30,1422,22.0,Male,Islamabad,North,Electronics,Headphones,135.31,2,0.1,Digital Wallet,New,4.1,243.56
ORD100546,2025-09-30,1336,26.0,Female,Karachi,South,Electronics,Smartphone,766.31,1,0.1,Credit Card,New,5.0,689.68
ORD102340,2025-09-30,1156,36.0,Male,Faisalabad,East,Electronics,Smartphone,775.94,6,0.0,Cash,New,4.6,4655.64
ORD102984,2025-09-30,1728,43.0,Female,Multan,South,Electronics,Smartphone,649.86,1,0.1,Debit Card,Returning,2.8,584.87
ORD104258,2025-09-30,1005,30.0,Male,Islamabad,North,Electronics,Laptop,1246.55,3,0.1,Credit Card,Returning,3.1,3365.68
ORD101230,2025-09-30,1623,47.0,Female,Islamabad,North,Electronics,Keyboard,75.3,2,0.1,Digital Wallet,New,3.1,135.54
ORD104434,2025-10-01,1303,46.0,Male,Karachi,South,Accessories,Sunglasses,80.55,5,0.15,Credit Card,New,4.8,342.34
ORD103229,2025-10-01,1508,19.0,Male,Rawalpindi,North,Clothing,Shoes,94.37,7,0.05,Credit Card,Returning,3.9,627.56
ORD103561,2025-10-01,1333,45.0,Male,Lahore,East,Electronics,Smartwatch,192.86,3,0.1,Debit Card,New,3.0,520.72
ORD100029,2025-10-01,1460,41.0,Male,Faisalabad,East,Accessories,Sunglasses,84.31,1,0.1,Cash,Returning,4.4,75.88
ORD100359,2025-10-01,1027,24.0,Male,Quetta,West,Electronics,Laptop,1267.9,1,0.0,Debit Card,New,4.3,1267.9
ORD103063,2025-10-02,1356,35.0,Female,Multan,South,Electronics,Mouse,36.42,1,0.1,Credit Card,New,5.0,32.78
ORD101292,2025-10-02,1063,58.0,Female,Faisalabad,East,Clothing,T-Shirt,31.12,2,0.15,Digital Wallet,Returning,3.8,52.9
ORD103046,2025-10-02,1771,38.0,Female,Peshawar,West,Accessories,Backpack,51.96,6,0.05,Debit Card,Returning,5.0,296.17
ORD104943,2025-10-02,1547,42.0,Female,Peshawar,West,Clothing,T-Shirt,30.48,1,0.05,Debit Card,New,3.3,28.96
ORD101811,2025-10-02,1360,41.0,Female,Multan,South,Electronics,Mouse,37.11,3,0.15,Bank Transfer,VIP,3.5,94.63
ORD104889,2025-10-02,1772,31.0,Male,Rawalpindi,North,Electronics,Smartphone,778.75,1,0.3,Digital Wallet,New,2.9,545.12
ORD100432,2025-10-03,1512,19.0,Female,Faisalabad,East,Electronics,Mouse,37.87,8,0.0,Bank Transfer,Returning,3.1,302.96
ORD103262,2025-10-03,1758,41.0,Female,Rawalpindi,North,Electronics,Laptop,1097.53,1,0.25,Bank Transfer,New,3.8,823.15
ORD103700,2025-10-03,1392,52.0,Female,Faisalabad,East,Electronics,Tablet,523.41,1,0.1,Digital Wallet,New,4.3,471.07
ORD102573,2025-10-03,1462,18.0,Female,Quetta,West,Electronics,Mouse,36.57,1,0.1,Credit Card,Returning,3.6,32.91
ORD101023,2025-10-03,1595,34.0,Male,Lahore,East,Clothing,T-Shirt,32.23,1,0.05,Digital Wallet,New,3.9,30.62
ORD103683,2025-10-04,1421,32.0,Male,Islamabad,North,Electronics,Smartwatch,232.47,1,0.1,Digital Wallet,New,1.9,209.22
ORD104589,2025-10-04,1474,36.0,Male,Faisalabad,East,Accessories,Sunglasses,78.94,3,0.15,Credit Card,Returning,2.8,201.3
ORD100344,2025-10-04,1033,18.0,Male,Multan,South,Electronics,Laptop,1177.94,2,0.0,Bank Transfer,New,4.1,2355.88
ORD102426,2025-10-04,1509,37.0,Female,Karachi,South,Electronics,Smartphone,745.17,3,0.25,Debit Card,New,4.5,1676.63
ORD100513,2025-10-04,1220,36.0,Male,Quetta,West,Electronics,Headphones,115.58,3,0.2,Debit Card,New,2.8,277.39
ORD104991,2025-10-05,1713,28.0,Male,Multan,South,Clothing,Shoes,84.39,8,0.2,Bank Transfer,New,4.1,540.1
ORD104989,2025-10-05,1115,35.0,Male,Islamabad,North,Clothing,Shoes,98.82,1,0.1,Bank Transfer,New,3.4,88.94
ORD101485,2025-10-05,1011,24.0,Male,Multan,South,Clothing,T-Shirt,31.32,1,0.1,Cash,Returning,5.0,28.19
ORD103541,2025-10-05,1318,29.0,Male,Islamabad,North,Clothing,Shoes,96.15,2,0.0,Bank Transfer,Returning,3.4,192.3
ORD104266,2025-10-05,1738,40.0,Female,Faisalabad,East,Electronics,Smartphone,786.92,4,0.0,Digital Wallet,Returning,2.7,3147.68
ORD101451,2025-10-05,1677,18.0,Female,Rawalpindi,North,Clothing,Shoes,92.35,4,0.2,Cash,New,4.0,295.52
ORD100105,2025-10-05,1041,45.0,Male,Karachi,South,Clothing,Jacket,119.44,4,0.0,Debit Card,New,5.0,477.76
ORD100313,2025-10-06,1054,25.0,Female,Lahore,East,Clothing,Shoes,90.43,1,0.0,Credit Card,Returning,4.3,90.43
ORD103779,2025-10-06,1139,30.0,Male,Peshawar,West,Clothing,Jeans,66.72,1,0.2,Digital Wallet,New,4.3,53.38
ORD101281,2025-10-06,1763,44.0,Male,Karachi,South,Electronics,Laptop,1065.79,3,0.05,Credit Card,New,4.2,3037.5
ORD101733,2025-10-07,1261,36.0,Female,Quetta,West,Electronics,Mouse,35.83,1,0.0,Credit Card,Returning,4.6,35.83
ORD101819,2025-10-07,1414,18.0,Female,Lahore,East,Accessories,Sunglasses,84.13,5,0.15,Digital Wallet,New,4.7,357.55
ORD104958,2025-10-07,1239,47.0,Female,Multan,South,Accessories,Backpack,54.73,1,0.2,Credit Card,VIP,4.0,43.78
ORD103170,2025-10-07,1144,23.0,Female,Quetta,West,Clothing,Jacket,116.34,1,0.0,Bank Transfer,Returning,4.8,116.34
ORD103798,2025-10-07,1659,49.0,Male,Faisalabad,East,Clothing,Jeans,65.37,5,0.2,Bank Transfer,New,4.0,261.48
ORD101758,2025-10-07,1040,32.0,Female,Quetta,West,Electronics,Mouse,34.64,2,0.1,Credit Card,New,3.5,62.35
ORD104586,2025-10-08,1183,60.0,Female,Karachi,South,Accessories,Sunglasses,84.85,1,0.05,Credit Card,Returning,5.0,80.61
ORD102526,2025-10-08,1456,35.0,Male,Faisalabad,East,Electronics,Laptop,1161.84,1,0.3,Debit Card,New,4.0,813.29
ORD103460,2025-10-08,1445,45.0,Female,Peshawar,West,Accessories,Sunglasses,76.43,1,0.05,Bank Transfer,New,4.2,72.61
ORD104424,2025-10-08,1256,41.0,Male,Lahore,East,Electronics,Tablet,497.44,2,0.0,Credit Card,Returning,3.9,994.88
ORD104199,2025-10-08,1157,45.0,Male,Multan,South,Electronics,Smartwatch,200.75,3,0.2,Digital Wallet,Returning,4.1,481.8
ORD103775,2025-10-08,1280,20.0,Female,Rawalpindi,North,Clothing,Jeans,68.06,3,0.0,Bank Transfer,New,4.0,204.18
ORD104144,2025-10-09,1188,20.0,Male,Karachi,South,Electronics,Headphones,117.95,7,0.15,Debit Card,Returning,3.1,701.8
ORD104238,2025-10-09,1456,30.0,Female,Peshawar,West,Electronics,Headphones,120.37,7,0.25,Debit Card,Returning,3.8,631.94
ORD100081,2025-10-09,1402,40.0,Male,Peshawar,West,Clothing,T-Shirt,29.11,3,0.1,Debit Card,New,4.7,78.6
ORD101760,2025-10-10,1749,48.0,Female,Lahore,East,Accessories,Backpack,56.61,1,0.0,Debit Card,Returning,4.1,56.61
ORD101098,2025-10-10,1010,31.0,Female,Quetta,West,Clothing,Jeans,62.73,4,0.1,Bank Transfer,Returning,4.6,225.83
ORD102372,2025-10-10,1376,32.0,Male,Multan,South,Clothing,T-Shirt,34.22,1,0.0,Digital Wallet,Returning,4.7,34.22
ORD100600,2025-10-10,1099,36.0,Female,Multan,South,Clothing,T-Shirt,28.7,4,0.05,Debit Card,New,3.2,109.06
ORD103993,2025-10-10,1703,33.0,Female,Peshawar,West,Electronics,Headphones,116.79,2,0.0,Digital Wallet,New,3.6,233.58
ORD103627,2025-10-10,1605,38.0,Female,Karachi,South,Clothing,Jeans,64.16,1,0.25,Credit Card,VIP,4.9,48.12
ORD104073,2025-10-10,1303,36.0,Female,Quetta,West,Electronics,Headphones,112.23,1,0.0,Cash,New,3.9,112.23
ORD103673,2025-10-10,1672,,Female,Multan,South,Electronics,Keyboard,74.63,5,0.05,Credit Card,Returning,5.0,354.49
ORD104560,2025-10-10,1001,31.0,Female,Quetta,West,Electronics,Smartphone,771.96,6,0.0,Debit Card,Returning,3.4,4631.76
ORD100415,2025-10-11,1104,40.0,Female,Islamabad,North,Accessories,Backpack,50.42,7,0.2,Debit Card,Returning,3.8,282.35
ORD101441,2025-10-11,1610,37.0,Female,Lahore,East,Accessories,Wallet,48.22,8,0.2,Credit Card,New,3.5,308.61
ORD100170,2025-10-11,1541,45.0,Female,Peshawar,West,Electronics,Tablet,465.65,1,0.0,Credit Card,Returning,2.9,465.65
ORD103280,2025-10-11,1247,26.0,Male,Peshawar,West,Electronics,Headphones,108.78,1,0.15,Debit Card,New,3.7,92.46
ORD102586,2025-10-12,1788,31.0,Male,Karachi,South,Clothing,Jacket,101.62,4,0.05,Credit Card,New,5.0,386.16
ORD100288,2025-10-12,1151,34.0,Female,Rawalpindi,North,Electronics,Mouse,38.71,1,0.25,Debit Card,Returning,3.1,29.03
ORD103849,2025-10-12,1048,22.0,Female,Peshawar,West,Accessories,Sunglasses,86.84,1,0.0,Bank Transfer,Returning,2.5,86.84
ORD104834,2025-10-12,1503,46.0,Male,Faisalabad,East,Clothing,Jeans,65.68,2,0.0,Digital Wallet,New,3.9,131.36
ORD100941,2025-10-12,1346,32.0,Female,Rawalpindi,North,Electronics,Laptop,1290.55,4,0.1,Debit Card,Returning,4.0,4645.98
ORD104364,2025-10-12,1456,45.0,Male,Quetta,West,Electronics,Smartwatch,199.59,5,0.0,Debit Card,Returning,3.5,997.95
ORD100237,2025-10-13,1220,34.0,Female,Faisalabad,East,Accessories,Backpack,54.72,3,0.1,Digital Wallet,New,5.0,147.74
ORD101375,2025-10-13,1491,45.0,Male,Multan,South,Clothing,Jeans,70.73,2,0.05,Credit Card,New,3.8,134.39
ORD103813,2025-10-13,1184,18.0,Female,Rawalpindi,North,Electronics,Mouse,33.22,2,0.1,Debit Card,Returning,3.8,59.8
ORD102555,2025-10-13,1419,27.0,Male,Faisalabad,East,Electronics,Laptop,1196.9,1,0.1,Digital Wallet,Returning,4.6,1077.21
ORD102256,2025-10-13,1159,34.0,Female,Peshawar,West,Accessories,Sunglasses,79.14,1,0.0,Debit Card,Returning,4.0,79.14
ORD102583,2025-10-13,1130,46.0,Female,Multan,South,Electronics,Monitor,288.51,1,0.15,Debit Card,Returning,4.9,245.23
ORD101074,2025-10-14,1435,43.0,Male,Multan,South,Electronics,Mouse,35.05,2,0.25,Debit Card,New,3.6,52.58
ORD102945,2025-10-14,1012,43.0,Male,Islamabad,North,Electronics,Tablet,510.09,2,0.3,Digital Wallet,New,3.0,714.13
ORD101874,2025-10-14,1157,37.0,Male,Faisalabad,East,Clothing,Shoes,100.27,1,0.1,Digital Wallet,Returning,4.7,90.24
ORD104477,2025-10-14,1581,33.0,Female,Multan,South,Electronics,Laptop,1106.27,1,0.3,Digital Wallet,New,3.5,774.39
ORD101331,2025-10-14,1175,26.0,Male,Faisalabad,East,Electronics,Monitor,312.08,1,0.25,Digital Wallet,Returning,2.9,234.06
ORD100824,2025-10-14,1771,32.0,Female,Peshawar,West,Clothing,Jacket,111.72,4,0.0,Debit Card,Returning,2.8,446.88
ORD103821,2025-10-14,1304,37.0,Female,Lahore,East,Clothing,Jacket,108.21,1,0.05,Cash,Returning,3.4,102.8
ORD104658,2025-10-14,1318,18.0,Male,Islamabad,North,Clothing,Shoes,90.39,2,0.15,Cash,Returning,3.8,153.66
ORD104392,2025-10-14,1611,30.0,Male,Islamabad,North,Clothing,T-Shirt,30.75,1,0.05,Bank Transfer,Returning,4.3,29.21
ORD104202,2025-10-15,1412,58.0,Female,Quetta,West,Electronics,Laptop,1365.6,6,0.25,Debit Card,New,3.5,6145.2
ORD100330,2025-10-15,1706,35.0,Male,Islamabad,North,Electronics,Mouse,37.1,6,0.05,Credit Card,VIP,5.0,211.47
ORD101785,2025-10-15,1747,18.0,Male,Multan,South,Clothing,Shoes,92.07,1,0.1,Credit Card,Returning,3.2,82.86
ORD100694,2025-10-15,1132,25.0,Female,Peshawar,West,Accessories,Backpack,51.73,4,0.15,Digital Wallet,VIP,4.9,175.88
ORD104458,2025-10-16,1271,38.0,Female,Quetta,West,Accessories,Backpack,43.47,1,0.1,Credit Card,New,4.5,39.12
ORD103875,2025-10-16,1194,51.0,Male,Islamabad,North,Electronics,Tablet,533.14,3,0.1,Credit Card,Returning,3.8,1439.48
ORD100323,2025-10-16,1227,42.0,Male,Quetta,West,Electronics,Tablet,519.01,3,0.0,Bank Transfer,Returning,3.0,1557.03
ORD102727,2025-10-16,1733,20.0,Male,Multan,South,Clothing,T-Shirt,33.52,1,0.3,Credit Card,Returning,3.2,23.46
ORD100247,2025-10-16,1730,37.0,Male,Rawalpindi,North,Electronics,Mouse,33.88,1,0.0,Credit Card,New,4.0,33.88
ORD102793,2025-10-16,1261,24.0,Female,Karachi,South,Electronics,Tablet,496.05,1,0.25,Digital Wallet,Returning,4.6,372.04
ORD100836,2025-10-16,1001,,Male,Peshawar,West,Accessories,Wallet,46.52,4,0.25,Debit Card,VIP,5.0,139.56
ORD104548,2025-10-17,1191,31.0,Female,Multan,South,Electronics,Headphones,110.61,5,0.3,Debit Card,VIP,3.7,387.13
ORD103391,2025-10-17,1270,21.0,Male,Rawalpindi,North,Clothing,T-Shirt,27.54,2,0.2,Credit Card,Returning,3.6,44.06
ORD101012,2025-10-17,1109,31.0,Female,Karachi,South,Clothing,T-Shirt,27.87,7,0.05,Debit Card,Returning,3.4,185.34
ORD101157,2025-10-17,1575,31.0,Male,Multan,South,Clothing,T-Shirt,27.39,3,0.15,Bank Transfer,Returning,5.0,69.84
ORD103611,2025-10-17,1202,34.0,Female,Rawalpindi,North,Electronics,Smartwatch,204.91,3,0.15,Digital Wallet,VIP,3.2,522.52
ORD103393,2025-10-17,1614,46.0,Male,Quetta,West,Electronics,Keyboard,67.06,5,0.1,Digital Wallet,VIP,4.1,301.77
ORD100825,2025-10-18,1437,35.0,Female,Islamabad,North,Clothing,Jacket,115.94,1,0.25,Bank Transfer,New,4.6,86.96
ORD104614,2025-10-18,1240,35.0,Male,Rawalpindi,North,Electronics,Mouse,34.97,1,0.1,Cash,VIP,4.4,31.47
ORD104730,2025-10-18,1108,41.0,Female,Rawalpindi,North,Clothing,Jeans,60.33,1,0.1,Debit Card,Returning,3.6,54.3
ORD103255,2025-10-18,1520,34.0,Female,Peshawar,West,Electronics,Laptop,1184.19,2,0.0,Credit Card,Returning,3.4,2368.38
ORD102366,2025-10-18,1036,40.0,Male,Faisalabad,East,Accessories,Backpack,58.87,1,0.1,Credit Card,New,4.7,52.98
ORD104451,2025-10-18,1147,18.0,Female,Peshawar,West,Electronics,Smartphone,745.62,1,0.1,Credit Card,New,2.8,671.06
ORD102620,2025-10-18,1447,37.0,Female,Quetta,West,Electronics,Mouse,34.71,1,0.0,,Returning,3.6,34.71
ORD102563,2025-10-18,1012,36.0,Female,Faisalabad,East,Electronics,Smartphone,792.54,1,0.0,Credit Card,Returning,3.8,792.54
ORD103160,2025-10-18,1198,34.0,Female,Islamabad,North,Electronics,Keyboard,64.41,1,0.05,Debit Card,Returning,3.3,61.19
ORD103630,2025-10-19,1350,21.0,Male,Islamabad,North,Accessories,Sunglasses,83.91,1,0.05,Debit Card,New,3.7,79.71
ORD101217,2025-10-19,1254,28.0,Male,Rawalpindi,North,Clothing,T-Shirt,33.94,1,0.05,Credit Card,Returning,4.6,32.24
ORD101643,2025-10-19,1389,36.0,Female,Multan,South,Electronics,Smartphone,729.36,4,0.15,Digital Wallet,New,1.6,2479.82
ORD104182,2025-10-19,1623,23.0,Female,Quetta,West,Electronics,Headphones,126.69,6,0.05,Credit Card,New,4.2,722.13
ORD103123,2025-10-19,1142,36.0,Female,Karachi,South,Electronics,Monitor,293.04,1,0.1,Digital Wallet,New,4.5,263.74
ORD102811,2025-10-19,1561,37.0,Male,Peshawar,West,Clothing,Jacket,110.09,3,0.3,Digital Wallet,New,5.0,231.19
ORD103735,2025-10-19,1087,32.0,Female,Karachi,South,Electronics,Monitor,289.01,1,0.0,Debit Card,Returning,5.0,289.01
ORD103804,2025-10-19,1559,35.0,Female,Islamabad,North,Clothing,Jeans,60.45,2,0.0,Digital Wallet,New,4.2,120.9
ORD102153,2025-10-19,1107,33.0,Female,Lahore,East,Electronics,Monitor,287.96,1,0.05,Debit Card,Returning,4.4,273.56
ORD100076,2025-10-19,1566,42.0,Female,Karachi,South,Clothing,Jacket,115.95,2,0.1,Debit Card,New,3.9,208.71
ORD101469,2025-10-19,1476,33.0,Female,Rawalpindi,North,Electronics,Smartwatch,232.32,5,0.2,Cash,Returning,3.4,929.28
ORD101851,2025-10-19,1763,32.0,Female,Multan,South,Electronics,Laptop,1267.61,4,0.25,Digital Wallet,Returning,5.0,3802.83
ORD100911,2025-10-19,1111,32.0,Male,Islamabad,North,Electronics,Mouse,35.17,5,0.2,Debit Card,Returning,4.1,140.68
ORD100181,2025-10-19,1574,36.0,Female,Quetta,West,Accessories,Backpack,56.85,2,0.0,Debit Card,New,4.6,113.7
ORD101742,2025-10-19,1454,35.0,Male,Quetta,West,Clothing,T-Shirt,28.36,7,0.15,Digital Wallet,Returning,4.8,168.74
ORD100069,2025-10-20,1035,26.0,Female,Faisalabad,East,Accessories,Backpack,57.64,4,0.3,Credit Card,Returning,3.9,161.39
ORD102249,2025-10-20,1681,22.0,Female,Quetta,West,Electronics,Mouse,36.83,6,0.1,Digital Wallet,New,2.4,198.88
ORD103954,2025-10-21,1567,18.0,Male,Rawalpindi,North,Accessories,Sunglasses,83.79,1,0.15,Credit Card,Returning,4.3,71.22
ORD103058,2025-10-21,1349,37.0,Male,Multan,South,Accessories,Sunglasses,79.01,1,0.0,Credit Card,New,3.4,79.01
ORD100472,2025-10-21,1106,36.0,Female,Lahore,East,Electronics,Monitor,307.44,3,0.15,Digital Wallet,Returning,2.9,783.97
ORD102094,2025-10-21,1530,18.0,Male,Lahore,East,Clothing,Jeans,69.7,2,0.25,Debit Card,VIP,2.7,104.55
ORD100354,2025-10-21,1365,34.0,Female,Rawalpindi,North,Electronics,Headphones,132.55,4,0.25,Debit Card,Returning,4.2,397.65
ORD101065,2025-10-21,1118,34.0,Female,Quetta,West,Electronics,Headphones,112.97,2,0.15,Bank Transfer,New,4.9,192.05
ORD101770,2025-10-21,1571,52.0,Male,Lahore,East,Accessories,Backpack,56.27,1,0.05,Cash,Returning,3.3,53.46
ORD103302,2025-10-21,1377,47.0,Female,Rawalpindi,North,Clothing,Jacket,110.57,2,0.1,Debit Card,New,3.5,199.03
ORD102381,2025-10-22,1026,27.0,Female,Faisalabad,East,Electronics,Smartwatch,213.54,2,0.15,Bank Transfer,New,3.2,363.02
ORD100756,2025-10-22,1656,24.0,Male,Peshawar,West,Electronics,Monitor,308.6,1,0.0,Bank Transfer,New,3.1,308.6
ORD104181,2025-10-22,1228,36.0,Male,Rawalpindi,North,Clothing,T-Shirt,29.21,1,0.2,Cash,VIP,3.7,23.37
ORD102599,2025-10-22,1381,48.0,Female,Peshawar,West,Electronics,Smartphone,741.16,3,0.0,Cash,Returning,4.0,2223.48
ORD104739,2025-10-22,1283,36.0,Male,Faisalabad,East,Electronics,Mouse,33.71,3,0.15,Credit Card,New,3.7,85.96
ORD100296,2025-10-22,1624,30.0,Female,Multan,South,Electronics,Smartphone,764.44,7,0.1,Digital Wallet,New,4.2,4815.97
ORD101246,2025-10-22,1297,32.0,Female,Multan,South,Electronics,Monitor,311.12,7,0.0,Digital Wallet,Returning,3.8,2177.84
ORD100583,2025-10-22,1196,24.0,Male,Peshawar,West,Clothing,Jeans,68.42,1,0.0,Credit Card,New,4.2,68.42
ORD102480,2025-10-22,1727,27.0,Female,Rawalpindi,North,Accessories,Sunglasses,78.17,5,0.0,Debit Card,New,4.0,390.85
ORD103485,2025-10-23,1788,24.0,Female,Lahore,East,Electronics,Smartphone,732.09,1,0.25,Cash,New,3.8,549.07
ORD101570,2025-10-23,1401,73.0,Female,Rawalpindi,North,Accessories,Backpack,56.03,2,0.25,Digital Wallet,VIP,4.6,84.04
ORD104768,2025-10-23,1449,51.0,Male,Islamabad,North,Clothing,Jeans,57.88,1,0.0,Credit Card,Returning,4.1,57.88
ORD101719,2025-10-23,1267,42.0,Male,Karachi,South,Clothing,Jacket,104.39,3,0.0,Bank Transfer,New,3.4,313.17
ORD104035,2025-10-24,1141,41.0,Male,Rawalpindi,North,Accessories,Backpack,54.23,8,0.0,Debit Card,Returning,4.1,433.84
ORD101694,2025-10-24,1054,38.0,Male,Lahore,East,Electronics,Laptop,1203.65,1,0.0,Debit Card,Returning,4.4,1203.65
ORD102027,2025-10-24,1014,24.0,Male,Lahore,East,Accessories,Backpack,50.75,2,0.0,Credit Card,Returning,4.5,101.5
ORD102749,2025-10-24,1232,44.0,Male,Quetta,West,Electronics,Monitor,284.11,2,0.05,Credit Card,New,5.0,539.81
ORD102741,2025-10-24,1129,18.0,Male,Rawalpindi,North,Electronics,Laptop,1144.47,2,0.1,Bank Transfer,Returning,3.8,2060.05
ORD101240,2025-10-24,1799,49.0,Male,Rawalpindi,North,Electronics,Tablet,482.02,2,0.3,Bank Transfer,New,2.1,674.83
ORD100919,2025-10-24,1696,32.0,Male,Quetta,West,Clothing,Shoes,97.36,6,0.05,Debit Card,Returning,3.4,554.95
ORD101046,2025-10-24,1446,18.0,Male,Peshawar,West,Electronics,Headphones,119.43,1,0.0,Bank Transfer,New,4.4,119.43
ORD103817,2025-10-24,1582,27.0,Female,Faisalabad,East,Clothing,T-Shirt,31.11,1,0.1,Digital Wallet,New,4.6,28.0
ORD100758,2025-10-24,1012,49.0,Male,Faisalabad,East,Accessories,Backpack,54.56,4,0.1,Cash,New,3.3,196.42
ORD102298,2025-10-24,1450,38.0,Male,Karachi,South,Electronics,Monitor,325.78,2,0.15,Digital Wallet,VIP,3.0,553.83
ORD101734,2025-10-24,1395,18.0,Male,Quetta,West,Clothing,Shoes,95.3,2,0.0,Digital Wallet,New,4.1,190.6
ORD104019,2025-10-24,1088,24.0,Female,Islamabad,North,Electronics,Monitor,279.84,3,0.0,Cash,Returning,4.3,839.52
ORD100005,2025-10-25,1072,28.0,Female,Faisalabad,East,Accessories,Sunglasses,79.07,2,0.2,Digital Wallet,VIP,3.5,126.51
ORD104901,2025-10-25,1614,18.0,Male,Faisalabad,East,Electronics,Smartphone,759.37,1,0.05,Debit Card,Returning,4.4,721.4
ORD103883,2025-10-25,1303,22.0,Female,Islamabad,North,Electronics,Smartphone,696.74,2,0.0,Digital Wallet,Returning,3.2,1393.48
ORD104449,2025-10-25,1553,18.0,Female,Multan,South,Accessories,Backpack,56.59,2,0.2,Credit Card,Returning,3.7,90.54
ORD104842,2025-10-25,1319,33.0,Male,Quetta,West,Electronics,Keyboard,67.46,1,0.0,Credit Card,VIP,4.4,67.46
ORD103034,2025-10-25,1559,45.0,Male,Rawalpindi,North,Accessories,Backpack,58.22,2,0.0,Bank Transfer,Returning,4.0,116.44
ORD101790,2025-10-25,1426,36.0,Female,Multan,South,Electronics,Smartwatch,219.28,3,0.2,Digital Wallet,Returning,4.3,526.27
ORD101509,2025-10-25,1491,39.0,Male,Quetta,West,Clothing,Jacket,118.71,1,0.25,,Returning,3.4,89.03
ORD104071,2025-10-26,1553,32.0,Female,Lahore,East,Electronics,Laptop,1213.14,4,0.25,Digital Wallet,Returning,3.2,3639.42
ORD101897,2025-10-26,1570,22.0,Male,Islamabad,North,Clothing,Shoes,96.76,2,0.2,Debit Card,Returning,3.5,154.82
ORD103470,2025-10-26,1431,29.0,Female,Peshawar,West,Accessories,Sunglasses,82.52,5,0.25,Bank Transfer,Returning,3.5,309.45
ORD104816,2025-10-26,1480,18.0,Female,Multan,South,Electronics,Keyboard,72.93,6,0.1,Credit Card,Returning,3.8,393.82
ORD104469,2025-10-26,1004,43.0,Female,Quetta,West,Clothing,Jeans,69.66,1,0.1,Credit Card,New,4.2,62.69
ORD100284,2025-10-26,1338,36.0,Female,Faisalabad,East,Accessories,Sunglasses,73.84,4,0.1,Debit Card,Returning,3.9,265.82
ORD104871,2025-10-27,1188,46.0,Female,Rawalpindi,North,Electronics,Mouse,34.72,4,0.15,Digital Wallet,New,4.6,118.05
ORD103428,2025-10-27,1222,31.0,Male,Islamabad,North,Electronics,Smartwatch,208.45,3,0.05,Credit Card,VIP,2.7,594.08
ORD101631,2025-10-27,1318,18.0,Female,Rawalpindi,North,Electronics,Laptop,1249.28,2,0.15,Bank Transfer,Returning,3.3,2123.78
ORD104744,2025-10-27,1560,33.0,Male,Rawalpindi,North,Accessories,Backpack,58.1,2,0.05,Credit Card,VIP,4.7,110.39
ORD101353,2025-10-27,1349,44.0,Female,Islamabad,North,Electronics,Mouse,35.49,1,0.2,Digital Wallet,Returning,3.4,28.39
ORD101374,2025-10-27,1120,22.0,Female,Multan,South,Electronics,Smartwatch,219.66,3,0.1,Bank Transfer,New,3.5,593.08
ORD102429,2025-10-27,1770,34.0,Male,Faisalabad,East,Clothing,Shoes,95.13,3,0.1,Digital Wallet,VIP,5.0,256.85
ORD102455,2025-10-27,1676,45.0,Female,Islamabad,North,Electronics,Smartwatch,209.76,1,0.0,Debit Card,Returning,4.8,209.76
ORD103794,2025-10-27,1517,44.0,Male,Multan,South,Electronics,Tablet,496.66,2,0.1,Digital Wallet,New,3.2,893.99
ORD103195,2025-10-28,1213,24.0,Male,Faisalabad,East,Electronics,Tablet,481.45,2,0.3,Credit Card,New,4.4,674.03
ORD104501,2025-10-28,1751,25.0,Female,Multan,South,Electronics,Tablet,459.16,1,0.0,Digital Wallet,New,3.9,459.16
ORD100612,2025-10-28,1279,18.0,Female,Faisalabad,East,Clothing,Jacket,109.04,1,0.0,Credit Card,New,4.2,109.04
ORD102332,2025-10-28,1787,39.0,Male,Multan,South,Clothing,T-Shirt,28.18,3,0.05,Digital Wallet,New,4.5,80.31
ORD104478,2025-10-29,1254,21.0,Male,Karachi,South,Electronics,Keyboard,74.01,1,0.0,Debit Card,VIP,4.5,74.01
ORD100647,2025-10-29,1144,38.0,Female,Rawalpindi,North,Clothing,Jeans,60.1,5,0.0,Credit Card,Returning,3.7,300.5
ORD102704,2025-10-29,1173,32.0,Female,Islamabad,North,Clothing,Shoes,90.28,3,0.0,Bank Transfer,VIP,3.7,270.84
ORD100054,2025-10-29,1388,42.0,Female,Peshawar,West,Clothing,Jeans,59.54,4,0.25,Credit Card,New,4.7,178.62
ORD103293,2025-10-29,1476,34.0,Female,Multan,South,Clothing,T-Shirt,28.85,3,0.0,Debit Card,New,5.0,86.55
ORD104272,2025-10-29,1558,47.0,Female,Karachi,South,Electronics,Headphones,120.07,1,0.2,Debit Card,New,4.1,96.06
ORD102885,2025-10-29,1541,41.0,Male,Faisalabad,East,Clothing,Jeans,61.5,2,0.05,Bank Transfer,New,4.2,116.85
ORD104224,2025-10-29,1090,33.0,Female,Peshawar,West,Electronics,Mouse,33.1,3,0.0,Digital Wallet,Returning,4.9,99.3
ORD101887,2025-10-30,1604,20.0,Female,Multan,South,Electronics,Headphones,118.46,6,0.0,Digital Wallet,New,4.2,710.76
ORD104699,2025-10-30,1318,51.0,Male,Peshawar,West,Electronics,Smartphone,700.64,6,0.1,Credit Card,Returning,4.2,3783.46
ORD101980,2025-10-30,1242,28.0,Male,Faisalabad,East,Electronics,Keyboard,64.54,1,0.05,Bank Transfer,Returning,4.0,61.31
ORD100734,2025-10-31,1149,51.0,Male,Karachi,South,Clothing,Shoes,86.04,1,0.1,Debit Card,New,3.8,77.44
ORD101487,2025-10-31,1676,30.0,Male,Faisalabad,East,Electronics,Headphones,128.15,2,0.0,Credit Card,Returning,3.5,256.3
ORD103027,2025-10-31,1198,40.0,Male,Karachi,South,Electronics,Laptop,1168.89,3,0.15,Debit Card,New,3.9,2980.67
ORD102317,2025-10-31,1021,50.0,Male,Lahore,East,Clothing,T-Shirt,25.59,1,0.1,Cash,Returning,3.1,23.03
ORD104935,2025-10-31,1177,42.0,Female,Faisalabad,East,Electronics,Monitor,283.78,1,0.0,Credit Card,Returning,4.3,283.78
ORD101204,2025-11-01,1324,37.0,Male,Rawalpindi,North,Electronics,Mouse,36.22,2,0.25,Credit Card,New,4.9,54.33
ORD100118,2025-11-01,1392,33.0,Female,Peshawar,West,Electronics,Headphones,117.92,1,0.3,Bank Transfer,New,4.8,82.54
ORD104668,2025-11-01,1289,26.0,Male,Rawalpindi,North,Clothing,T-Shirt,29.07,3,0.2,Bank Transfer,New,2.8,69.77
ORD103350,2025-11-01,1191,51.0,Male,Rawalpindi,North,Clothing,Jeans,63.64,2,0.2,Credit Card,New,3.5,101.82
ORD103593,2025-11-01,1639,32.0,Female,Lahore,East,Clothing,Shoes,93.13,1,0.05,Credit Card,Returning,4.1,88.47
ORD102757,2025-11-01,1079,38.0,Male,Islamabad,North,Clothing,Shoes,82.48,5,0.15,Credit Card,VIP,3.3,350.54
ORD101652,2025-11-02,1146,47.0,Male,Multan,South,Clothing,Shoes,83.84,1,0.0,Debit Card,VIP,3.7,83.84
ORD100503,2025-11-02,1581,27.0,Female,Peshawar,West,Electronics,Laptop,1175.78,6,0.0,Bank Transfer,Returning,3.3,7054.68
ORD104606,2025-11-02,1168,31.0,Female,Lahore,East,Accessories,Backpack,51.47,1,0.1,Digital Wallet,VIP,3.8,46.32
ORD103881,2025-11-02,1057,29.0,Female,Lahore,East,Clothing,Shoes,90.46,1,0.0,Credit Card,New,4.1,90.46
ORD103787,2025-11-03,1761,51.0,Female,Quetta,West,Clothing,Jeans,59.61,3,0.1,Credit Card,VIP,3.7,160.95
ORD102944,2025-11-03,1566,32.0,Female,Quetta,West,Electronics,Tablet,493.02,3,0.1,Digital Wallet,New,2.8,1331.15
ORD104979,2025-11-03,1758,55.0,Male,Karachi,South,Clothing,Shoes,87.15,7,0.2,Credit Card,New,3.1,488.04
ORD103929,2025-11-03,1083,25.0,Female,Islamabad,North,Clothing,T-Shirt,26.12,5,0.05,Credit Card,New,2.6,124.07
ORD101314,2025-11-03,1435,30.0,Male,Karachi,South,Clothing,T-Shirt,29.96,3,0.0,Digital Wallet,New,3.8,89.88
ORD101447,2025-11-03,1356,52.0,Male,Peshawar,West,Clothing,Shoes,92.19,2,0.1,Digital Wallet,New,2.8,165.94
ORD101219,2025-11-04,1134,37.0,Female,Peshawar,West,Clothing,Jeans,66.31,2,0.0,Digital Wallet,Returning,3.6,132.62
ORD102502,2025-11-04,1633,37.0,Female,Quetta,West,Electronics,Keyboard,66.01,2,0.05,Digital Wallet,New,4.5,125.42
ORD102109,2025-11-04,1293,34.0,Female,Lahore,East,Clothing,Jeans,60.32,1,0.1,Bank Transfer,Returning,4.1,54.29
ORD100797,2025-11-04,1242,40.0,Female,Karachi,South,Electronics,Monitor,334.41,1,0.05,Credit Card,New,3.2,317.69
ORD104227,2025-11-04,1362,27.0,Female,Faisalabad,East,Accessories,Backpack,59.06,1,0.0,Credit Card,Returning,3.3,59.06
ORD103137,2025-11-04,1425,24.0,Female,Karachi,South,Electronics,Smartphone,831.88,1,0.25,Digital Wallet,New,3.6,623.91
ORD104229,2025-11-05,1026,38.0,Female,Lahore,East,Clothing,Jeans,62.36,1,0.1,Debit Card,Returning,5.0,56.12
ORD101317,2025-11-05,1032,30.0,Female,Karachi,South,Clothing,T-Shirt,32.56,4,0.1,Digital Wallet,New,4.6,117.22
ORD100841,2025-11-05,1446,20.0,Female,Peshawar,West,Accessories,Backpack,52.51,2,0.0,Credit Card,Returning,4.7,105.02
ORD100871,2025-11-05,1435,27.0,Male,Karachi,South,Electronics,Mouse,32.71,1,0.1,Digital Wallet,Returning,3.1,29.44
ORD103696,2025-11-05,1126,26.0,Male,Rawalpindi,North,Electronics,Mouse,38.32,3,0.05,Debit Card,Returning,4.0,109.21
ORD100214,2025-11-05,1664,62.0,Male,Karachi,South,Clothing,Shoes,98.47,1,0.15,Debit Card,Returning,4.4,83.7
ORD100245,2025-11-05,1053,46.0,Male,Karachi,South,Electronics,Smartphone,817.18,2,0.2,Debit Card,New,3.7,1307.49
ORD104368,2025-11-05,1155,37.0,Female,Karachi,South,Accessories,Backpack,49.47,5,0.2,Credit Card,New,4.0,197.88
ORD104637,2025-11-06,1595,41.0,Female,Karachi,South,Electronics,Mouse,37.0,2,0.2,Debit Card,New,2.7,59.2
ORD103545,2025-11-06,1233,37.0,Female,Karachi,South,Electronics,Headphones,119.39,1,0.3,Debit Card,New,4.1,83.57
ORD104736,2025-11-06,1309,18.0,Male,Peshawar,West,Electronics,Smartphone,701.31,1,0.15,Credit Card,New,2.9,596.11
ORD100663,2025-11-06,1751,51.0,Female,Islamabad,North,Clothing,Shoes,97.52,2,0.0,Digital Wallet,VIP,4.1,195.04
ORD101201,2025-11-06,1261,30.0,Male,Peshawar,West,Electronics,Smartwatch,226.77,1,0.25,Credit Card,New,2.5,170.08
ORD103571,2025-11-06,1456,24.0,Female,Karachi,South,Clothing,T-Shirt,32.39,1,0.1,Credit Card,New,4.5,29.15
ORD103462,2025-11-06,1035,,Female,Faisalabad,East,Electronics,Tablet,482.82,1,0.05,Digital Wallet,New,3.2,458.68
ORD103372,2025-11-06,1251,33.0,Male,Karachi,South,Accessories,Wallet,46.61,4,0.0,Credit Card,VIP,4.4,186.44
ORD101094,2025-11-07,1511,27.0,Male,Faisalabad,East,Clothing,Shoes,91.07,4,0.0,Debit Card,VIP,4.1,364.28
ORD103268,2025-11-07,1129,32.0,Male,Quetta,West,Clothing,Jeans,70.89,4,0.0,Debit Card,New,4.4,283.56
ORD104126,2025-11-07,1102,28.0,Male,Peshawar,West,Electronics,Smartphone,723.2,2,0.05,Bank Transfer,New,3.1,1374.08
ORD100208,2025-11-07,1649,33.0,Female,Quetta,West,Electronics,Mouse,33.0,2,0.2,Bank Transfer,Returning,3.6,52.8
ORD103933,2025-11-07,1066,36.0,Female,Rawalpindi,North,Clothing,Jeans,64.72,2,0.1,Credit Card,New,4.3,116.5
ORD102794,2025-11-08,1773,32.0,Male,Peshawar,West,Accessories,Wallet,45.0,3,0.25,Bank Transfer,New,4.0,101.25
ORD103801,2025-11-08,1117,41.0,Female,Islamabad,North,Clothing,Jacket,122.83,1,0.15,Cash,Returning,5.0,104.41
ORD100816,2025-11-08,1099,28.0,Female,Islamabad,North,Electronics,Smartwatch,232.27,1,0.1,Bank Transfer,Returning,3.2,209.04
ORD103403,2025-11-08,1327,32.0,Male,Rawalpindi,North,Electronics,Headphones,114.98,7,0.1,Cash,Returning,4.3,724.37
ORD100189,2025-11-08,1331,35.0,Male,Lahore,East,Clothing,Jacket,116.17,3,0.05,Debit Card,New,3.0,331.08
ORD101162,2025-11-08,1503,30.0,Female,Rawalpindi,North,Accessories,Wallet,46.15,2,0.1,Credit Card,New,4.5,83.07
ORD103106,2025-11-08,1533,24.0,Male,Quetta,West,Electronics,Keyboard,67.1,7,0.1,Credit Card,Returning,4.7,422.73
ORD100301,2025-11-08,1652,24.0,Female,Karachi,South,Clothing,T-Shirt,30.93,2,0.0,Bank Transfer,New,5.0,61.86
ORD102938,2025-11-08,1393,37.0,Male,Peshawar,West,Clothing,Jeans,68.68,1,0.0,Debit Card,New,3.2,68.68
ORD103442,2025-11-08,1477,40.0,Male,Karachi,South,Clothing,Shoes,94.82,2,0.0,Digital Wallet,Returning,4.0,189.64
ORD103072,2025-11-09,1313,30.0,Male,Karachi,South,Electronics,Mouse,35.67,3,0.05,Credit Card,New,3.2,101.66
ORD104488,2025-11-09,1680,32.0,Male,Islamabad,North,Electronics,Headphones,122.49,1,0.15,Bank Transfer,Returning,3.7,104.12
ORD104745,2025-11-09,1326,31.0,Female,Rawalpindi,North,Electronics,Monitor,283.92,1,0.0,Digital Wallet,VIP,3.9,283.92
ORD101561,2025-11-09,1655,26.0,Female,Rawalpindi,North,Clothing,Jacket,106.44,2,0.05,Digital Wallet,New,3.1,202.24
ORD101326,2025-11-09,1019,24.0,Female,Lahore,East,Clothing,Shoes,97.89,2,0.05,Bank Transfer,Returning,3.7,185.99
ORD100467,2025-11-09,1047,18.0,Male,Quetta,West,Electronics,Mouse,34.39,2,0.15,Debit Card,Returning,3.4,58.46
ORD102603,2025-11-09,1653,31.0,Male,Faisalabad,East,Clothing,Shoes,80.03,1,0.1,Debit Card,VIP,3.5,72.03
ORD103911,2025-11-10,1194,35.0,Female,Quetta,West,Accessories,Backpack,56.63,1,0.1,Bank Transfer,New,3.7,50.97
ORD102228,2025-11-10,1145,52.0,Male,Faisalabad,East,Electronics,Laptop,1201.44,3,0.0,Credit Card,Returning,4.0,3604.32
ORD104214,2025-11-10,1608,29.0,Female,Lahore,East,Electronics,Tablet,518.21,1,0.05,Credit Card,New,3.2,492.3
ORD101750,2025-11-10,1301,24.0,Female,Rawalpindi,North,Electronics,Tablet,482.73,5,0.05,Credit Card,VIP,2.7,2292.97
ORD103296,2025-11-11,1372,42.0,Male,Multan,South,Electronics,Headphones,128.19,3,0.15,Cash,New,4.9,326.88
ORD103579,2025-11-11,1250,33.0,Male,Lahore,East,Electronics,Smartphone,758.97,1,0.0,Credit Card,New,1.9,758.97
ORD101261,2025-11-11,1431,31.0,Male,Karachi,South,Electronics,Headphones,112.19,1,0.05,Digital Wallet,Returning,3.7,106.58
ORD103960,2025-11-11,1321,35.0,Male,Multan,South,Accessories,Sunglasses,79.91,5,0.15,Digital Wallet,Returning,4.2,339.62
ORD102297,2025-11-11,1328,20.0,Female,Rawalpindi,North,Clothing,Shoes,87.39,2,0.05,Debit Card,Returning,4.7,166.04
ORD102324,2025-11-12,1793,28.0,Female,Faisalabad,East,Electronics,Headphones,108.39,3,0.0,Credit Card,New,4.1,325.17
ORD100156,2025-11-12,1461,34.0,Male,Faisalabad,East,Accessories,Backpack,58.33,3,0.05,Debit Card,Returning,2.7,166.24
ORD101752,2025-11-12,1318,47.0,Male,Karachi,South,Accessories,Wallet,44.71,2,0.0,Credit Card,Returning,5.0,89.42
ORD103766,2025-11-12,1341,56.0,Male,Karachi,South,Clothing,Jeans,62.5,1,0.0,Digital Wallet,Returning,5.0,62.5
ORD103282,2025-11-12,1795,39.0,Female,Faisalabad,East,Electronics,Smartphone,786.87,3,0.2,Bank Transfer,VIP,3.3,1888.49
ORD102823,2025-11-12,1149,46.0,Female,Islamabad,North,Clothing,Jeans,62.08,1,0.0,Debit Card,New,3.0,62.08
ORD104463,2025-11-12,1283,18.0,Male,Peshawar,West,Clothing,T-Shirt,29.89,4,0.15,Credit Card,New,3.8,101.63
ORD103640,2025-11-12,1574,32.0,Male,Islamabad,North,Electronics,Monitor,284.24,2,0.3,Credit Card,New,3.7,397.94
ORD100622,2025-11-13,1019,18.0,Male,Faisalabad,East,Electronics,Smartwatch,204.28,2,0.1,Debit Card,New,5.0,367.7
ORD103713,2025-11-13,1579,34.0,Male,Faisalabad,East,Clothing,T-Shirt,30.72,4,0.0,Digital Wallet,New,3.6,122.88
ORD101535,2025-11-13,1102,36.0,Female,Quetta,West,Electronics,Smartphone,718.8,3,0.0,Digital Wallet,Returning,5.0,2156.4
ORD100280,2025-11-13,1711,33.0,Male,Faisalabad,East,Electronics,Tablet,443.31,1,0.1,Credit Card,Returning,5.0,398.98
ORD104629,2025-11-13,1022,44.0,Female,Karachi,South,Clothing,Shoes,90.07,3,0.1,Credit Card,New,4.2,243.19
ORD102125,2025-11-13,1229,43.0,Male,Peshawar,West,Clothing,Shoes,80.02,1,0.0,Debit Card,New,5.0,80.02
ORD102791,2025-11-13,1491,18.0,Male,Karachi,South,Clothing,Jeans,67.87,5,0.1,Cash,New,2.6,305.42
ORD102665,2025-11-14,1422,36.0,Male,Peshawar,West,Clothing,Shoes,101.65,3,0.25,Debit Card,Returning,4.8,228.71
ORD104789,2025-11-14,1690,26.0,Male,Faisalabad,East,Electronics,Headphones,121.98,1,0.0,Credit Card,VIP,2.1,121.98
ORD102988,2025-11-14,1055,31.0,Female,Rawalpindi,North,Electronics,Tablet,521.81,4,0.25,Digital Wallet,New,4.2,1565.43
ORD100999,2025-11-15,1231,48.0,Female,Multan,South,Electronics,Mouse,34.51,8,0.0,Cash,New,2.8,276.08
ORD101724,2025-11-15,1649,28.0,Female,Peshawar,West,Electronics,Smartphone,779.61,2,0.1,Credit Card,New,4.3,1403.3
ORD100090,2025-11-15,1727,28.0,Male,Lahore,East,Electronics,Smartphone,714.63,2,0.0,Cash,New,2.1,1429.26
ORD101226,2025-11-15,1218,25.0,Female,Multan,South,Electronics,Monitor,287.07,1,0.1,Credit Card,Returning,3.5,258.36
ORD101329,2025-11-15,1590,37.0,Female,Quetta,West,Electronics,Smartphone,812.21,3,0.0,,Returning,3.8,2436.63
ORD101418,2025-11-15,1059,23.0,Female,Faisalabad,East,Electronics,Keyboard,73.76,4,0.05,Bank Transfer,Returning,4.0,280.29
ORD100193,2025-11-15,1473,47.0,Female,Faisalabad,East,Electronics,Mouse,32.41,3,0.0,Digital Wallet,Returning,4.2,97.23
ORD100559,2025-11-16,1613,18.0,Female,Islamabad,North,Electronics,Tablet,478.87,3,0.25,Debit Card,Returning,4.3,1077.46
ORD102414,2025-11-16,1631,18.0,Female,Multan,South,Electronics,Smartphone,873.43,2,0.0,Digital Wallet,New,5.0,1746.86
ORD101955,2025-11-16,1166,22.0,Male,Peshawar,West,Clothing,Shoes,84.97,2,0.1,Debit Card,VIP,4.3,152.95
ORD102833,2025-11-16,1288,44.0,Male,Faisalabad,East,Electronics,Monitor,310.9,1,0.05,Debit Card,VIP,4.8,295.35
ORD104253,2025-11-17,1489,38.0,Female,Quetta,West,Electronics,Monitor,313.74,2,0.0,Credit Card,Returning,3.7,627.48
ORD102014,2025-11-17,1251,37.0,Male,Lahore,East,Clothing,Shoes,100.52,1,0.1,Debit Card,VIP,4.0,90.47
ORD102655,2025-11-17,1772,23.0,Female,Multan,South,Electronics,Tablet,488.11,3,0.15,Credit Card,Returning,3.6,1244.68
ORD100719,2025-11-17,1387,44.0,Female,Karachi,South,Electronics,Smartphone,778.75,1,0.2,Bank Transfer,New,3.9,623.0
ORD104611,2025-11-17,1336,41.0,Male,Rawalpindi,North,Clothing,Jacket,116.62,3,0.1,Cash,VIP,4.5,314.87
ORD104380,2025-11-17,1546,39.0,Male,Quetta,West,Accessories,Backpack,51.38,1,0.05,Bank Transfer,Returning,4.5,48.81
ORD100821,2025-11-17,1476,34.0,Female,Islamabad,North,Clothing,Shoes,89.64,6,0.1,Cash,New,3.3,484.06
ORD103972,2025-11-17,1031,38.0,Female,Lahore,East,Clothing,Shoes,88.65,1,0.0,Credit Card,New,3.7,88.65
ORD101194,2025-11-18,1159,26.0,Female,Lahore,East,Electronics,Smartwatch,221.08,1,0.15,Cash,New,3.3,187.92
ORD100219,2025-11-18,1233,53.0,Male,Quetta,West,Electronics,Tablet,547.48,2,0.0,Bank Transfer,New,4.0,1094.96
ORD100460,2025-11-18,1572,26.0,Male,Karachi,South,Clothing,Jeans,63.13,2,0.0,Debit Card,VIP,4.4,126.26
ORD103795,2025-11-18,1657,52.0,Male,Peshawar,West,Clothing,T-Shirt,31.41,2,0.1,Bank Transfer,Returning,3.0,56.54
ORD103159,2025-11-18,1494,30.0,Male,Karachi,South,Electronics,Smartwatch,207.76,1,0.05,Debit Card,New,3.7,197.37
ORD103284,2025-11-18,1131,47.0,Female,Faisalabad,East,Accessories,Wallet,47.23,5,0.25,Digital Wallet,Returning,3.5,177.11
ORD104365,2025-11-18,1603,18.0,Male,Multan,South,Electronics,Headphones,129.87,3,0.0,Credit Card,VIP,3.8,389.61
ORD100727,2025-11-18,1117,19.0,Female,Karachi,South,Electronics,Smartwatch,218.61,2,0.0,Digital Wallet,New,4.9,437.22
ORD104530,2025-11-18,1443,32.0,Female,Lahore,East,Clothing,Jacket,104.3,1,0.05,Debit Card,VIP,4.5,99.08
ORD103185,2025-11-18,1391,46.0,Male,Multan,South,Electronics,Laptop,1123.19,2,0.15,Credit Card,New,3.7,1909.42
ORD100234,2025-11-18,1113,18.0,Female,Peshawar,West,Electronics,Headphones,116.28,6,0.1,Digital Wallet,Returning,3.6,627.91
ORD101968,2025-11-18,1401,34.0,Male,Quetta,West,Clothing,Jeans,67.37,1,0.1,Digital Wallet,New,4.8,60.63
ORD103781,2025-11-19,1509,42.0,Female,Peshawar,West,Electronics,Tablet,485.55,2,0.0,Credit Card,VIP,3.6,971.1
ORD104403,2025-11-19,1082,26.0,Male,Rawalpindi,North,Clothing,Jacket,109.78,1,0.15,Cash,Returning,3.9,93.31
ORD103377,2025-11-19,1354,33.0,Female,Islamabad,North,Electronics,Monitor,275.9,1,0.3,Credit Card,New,3.2,193.13
ORD104632,2025-11-19,1206,23.0,Male,Multan,South,Electronics,Mouse,35.13,1,0.05,Credit Card,VIP,5.0,33.37
ORD102856,2025-11-19,1222,51.0,Female,Lahore,East,Accessories,Backpack,54.36,2,0.2,Credit Card,Returning,4.8,86.98
ORD103997,2025-11-20,1471,29.0,Female,Karachi,South,Electronics,Smartwatch,219.73,6,0.0,Digital Wallet,New,2.9,1318.38
ORD104065,2025-11-20,1652,25.0,Female,Lahore,East,Electronics,Headphones,120.09,2,0.1,Digital Wallet,VIP,4.0,216.16
ORD100218,2025-11-20,1472,44.0,Male,Islamabad,North,Clothing,Shoes,96.52,2,0.1,Credit Card,VIP,4.8,173.74
ORD103148,2025-11-20,1573,28.0,Female,Multan,South,Electronics,Tablet,458.85,2,0.0,Bank Transfer,Returning,3.6,917.7
ORD104573,2025-11-20,1141,32.0,Male,Peshawar,West,Clothing,T-Shirt,27.92,8,0.1,Credit Card,New,2.7,201.02
ORD102001,2025-11-20,1073,29.0,Female,Multan,South,Electronics,Tablet,510.4,1,0.0,Debit Card,Returning,3.3,510.4
ORD102920,2025-11-21,1584,34.0,Female,Islamabad,North,Clothing,T-Shirt,30.46,3,0.05,Cash,Returning,3.2,86.81
ORD103693,2025-11-21,1427,32.0,Male,Lahore,East,Electronics,Keyboard,66.31,2,0.0,Credit Card,New,3.4,132.62
ORD101599,2025-11-21,1171,37.0,Female,Islamabad,North,Electronics,Smartphone,668.3,1,0.1,Credit Card,New,4.2,601.47
ORD101934,2025-11-21,1740,54.0,Male,Peshawar,West,Accessories,Backpack,51.24,2,0.05,Digital Wallet,VIP,4.0,97.36
ORD102176,2025-11-21,1198,57.0,Male,Peshawar,West,Electronics,Keyboard,69.29,1,0.25,Debit Card,Returning,3.4,51.97
ORD104569,2025-11-21,1763,48.0,Male,Rawalpindi,North,Electronics,Smartwatch,237.32,3,0.2,Bank Transfer,Returning,4.7,569.57
ORD104628,2025-11-22,1376,48.0,Female,Lahore,East,Electronics,Smartwatch,219.48,1,0.25,Digital Wallet,Returning,5.0,164.61
ORD103574,2025-11-22,1445,57.0,Male,Peshawar,West,Electronics,Tablet,502.96,2,0.1,Debit Card,Returning,5.0,905.33
ORD100597,2025-11-22,1192,41.0,Male,Lahore,East,Electronics,Mouse,37.23,1,0.15,Debit Card,New,4.2,31.65
ORD103948,2025-11-22,1508,29.0,Male,Rawalpindi,North,Accessories,Sunglasses,73.35,1,0.2,Bank Transfer,Returning,5.0,58.68
ORD101529,2025-11-22,1498,22.0,Male,Faisalabad,East,Clothing,Jeans,66.86,4,0.0,Cash,New,3.0,267.44
ORD101078,2025-11-22,1326,18.0,Male,Karachi,South,Electronics,Laptop,1125.9,5,0.05,Cash,New,3.2,5348.02
ORD101703,2025-11-22,1490,47.0,Male,Faisalabad,East,Clothing,T-Shirt,28.01,3,0.05,Credit Card,Returning,3.5,79.83
ORD103220,2025-11-23,1178,19.0,Male,Quetta,West,Electronics,Monitor,292.96,1,0.2,Credit Card,New,2.8,234.37
ORD102239,2025-11-23,1053,18.0,Female,Rawalpindi,North,Electronics,Headphones,114.27,6,0.25,Credit Card,Returning,4.6,514.22
ORD102724,2025-11-23,1744,43.0,Female,Karachi,South,Clothing,Jacket,106.12,1,0.0,Digital Wallet,New,3.7,106.12
ORD100716,2025-11-23,1456,18.0,Male,Faisalabad,East,Accessories,Backpack,54.13,2,0.0,Bank Transfer,New,4.2,108.26
ORD103742,2025-11-23,1077,25.0,Female,Islamabad,North,Electronics,Mouse,34.69,6,0.1,Digital Wallet,VIP,4.8,187.33
ORD102419,2025-11-23,1419,42.0,Male,Multan,South,Electronics,Keyboard,69.17,2,0.15,Debit Card,New,3.5,117.59
ORD102536,2025-11-23,1654,24.0,Male,Lahore,East,Clothing,T-Shirt,31.01,2,0.25,Cash,Returning,4.1,46.52
ORD100772,2025-11-23,1698,24.0,Male,Islamabad,North,Clothing,T-Shirt,29.68,2,0.1,Digital Wallet,Returning,4.4,53.42
ORD104157,2025-11-23,1682,35.0,Female,Karachi,South,Clothing,Jeans,64.24,5,0.05,Bank Transfer,VIP,4.7,305.14
ORD104030,2025-11-23,1137,39.0,Male,Multan,South,Electronics,Smartphone,813.44,4,0.15,Debit Card,Returning,3.7,2765.7
ORD100072,2025-11-23,1562,36.0,Male,Peshawar,West,Electronics,Smartwatch,222.7,1,0.0,Credit Card,New,4.2,222.7
ORD101496,2025-11-23,1664,18.0,Male,Peshawar,West,Electronics,Headphones,120.32,1,0.05,Digital Wallet,New,5.0,114.3
ORD102182,2025-11-24,1206,35.0,Male,Karachi,South,Accessories,Backpack,51.69,1,0.15,Credit Card,New,4.0,43.94
ORD100308,2025-11-24,1659,38.0,Female,Peshawar,West,Electronics,Headphones,104.59,2,0.1,Digital Wallet,Returning,5.0,188.26
ORD102145,2025-11-24,1276,30.0,Female,Karachi,South,Electronics,Laptop,1161.67,4,0.25,Digital Wallet,New,4.0,3485.01
ORD100810,2025-11-24,1217,28.0,Female,Multan,South,Accessories,Sunglasses,83.55,5,0.0,Digital Wallet,New,4.8,417.75
ORD103471,2025-11-24,1424,35.0,Male,Faisalabad,East,Electronics,Keyboard,61.58,3,0.05,Debit Card,New,3.9,175.5
ORD102964,2025-11-24,1020,44.0,Male,Multan,South,Accessories,Backpack,54.92,1,0.0,Debit Card,New,4.0,54.92
ORD101159,2025-11-24,1665,42.0,Male,Karachi,South,Clothing,Jeans,61.34,3,0.05,Digital Wallet,New,2.6,174.82
ORD100100,2025-11-24,1217,21.0,Female,Rawalpindi,North,Electronics,Smartwatch,227.13,5,0.0,Bank Transfer,Returning,4.1,1135.65
ORD102766,2025-11-24,1200,31.0,Female,Islamabad,North,Accessories,Sunglasses,78.89,5,0.2,Debit Card,New,2.9,315.56
ORD100601,2025-11-24,1548,41.0,Male,Rawalpindi,North,Accessories,Sunglasses,67.85,4,0.25,Digital Wallet,New,4.2,203.55
ORD103826,2025-11-25,1762,29.0,Female,Multan,South,Electronics,Laptop,1182.63,3,0.0,Debit Card,New,3.5,3547.89
ORD100263,2025-11-25,1752,47.0,Male,Faisalabad,East,Accessories,Wallet,46.4,4,0.1,Bank Transfer,New,4.2,167.04
ORD102382,2025-11-25,1521,45.0,Male,Multan,South,Electronics,Monitor,338.4,2,0.1,Credit Card,New,3.2,609.12
ORD100290,2025-11-25,1298,53.0,Male,Islamabad,North,Clothing,Jeans,59.66,1,0.3,Digital Wallet,New,3.3,41.76
ORD100678,2025-11-26,1194,21.0,Female,Islamabad,North,Electronics,Tablet,457.91,2,0.0,Bank Transfer,Returning,4.6,915.82
ORD100795,2025-11-26,1010,43.0,Female,Faisalabad,East,Electronics,Mouse,34.12,2,0.0,Credit Card,Returning,2.7,68.24
ORD102175,2025-11-26,1035,28.0,Male,Multan,South,Electronics,Mouse,33.71,1,0.05,Credit Card,Returning,4.0,32.02
ORD104554,2025-11-26,1194,34.0,Female,Multan,South,Accessories,Backpack,53.71,1,0.0,Bank Transfer,Returning,3.4,53.71
ORD102425,2025-11-26,1077,50.0,Male,Multan,South,Electronics,Smartwatch,221.31,4,0.3,Credit Card,New,3.7,619.67
ORD103685,2025-11-27,1193,32.0,Female,Islamabad,North,Clothing,Jacket,113.31,1,0.05,Bank Transfer,VIP,4.8,107.64
ORD103633,2025-11-27,1081,31.0,Male,Karachi,South,Accessories,Wallet,42.37,5,0.0,Digital Wallet,New,3.8,211.85
ORD102189,2025-11-27,1251,53.0,Female,Multan,South,Electronics,Laptop,1256.38,2,0.05,Debit Card,Returning,3.5,2387.12
ORD102933,2025-11-27,1231,35.0,Male,Islamabad,North,Clothing,Shoes,94.1,2,0.1,Digital Wallet,Returning,3.8,169.38
ORD104797,2025-11-27,1271,26.0,Male,Quetta,West,Accessories,Wallet,43.45,1,0.1,Digital Wallet,Returning,3.3,39.11
ORD102860,2025-11-27,1780,37.0,Male,Multan,South,Electronics,Tablet,549.65,3,0.0,Bank Transfer,New,4.0,1648.95
ORD102103,2025-11-27,1599,18.0,Female,Quetta,West,Electronics,Headphones,115.57,1,0.1,Credit Card,Returning,4.2,104.01
ORD103971,2025-11-27,1726,18.0,Male,Peshawar,West,Electronics,Smartwatch,237.81,1,0.1,Credit Card,Returning,4.6,214.03
ORD103114,2025-11-27,1760,36.0,Male,Peshawar,West,Electronics,Smartwatch,229.55,2,0.0,Digital Wallet,VIP,3.0,459.1
ORD101904,2025-11-28,1786,22.0,Male,Faisalabad,East,Clothing,T-Shirt,27.71,1,0.0,Credit Card,New,4.7,27.71
ORD104913,2025-11-28,1069,18.0,Female,Rawalpindi,North,Electronics,Smartphone,804.25,4,0.15,Bank Transfer,Returning,4.5,2734.45
ORD100794,2025-11-28,1450,23.0,Female,Karachi,South,Electronics,Headphones,118.6,2,0.0,Bank Transfer,Returning,5.0,237.2
ORD104388,2025-11-28,1404,22.0,Male,Multan,South,Accessories,Wallet,43.21,3,0.0,Bank Transfer,New,5.0,129.63
ORD104703,2025-11-28,1468,42.0,Male,Multan,South,Electronics,Smartwatch,226.71,1,0.0,Digital Wallet,New,4.5,226.71
ORD103729,2025-11-28,1122,39.0,Male,Lahore,East,Clothing,Jeans,61.14,4,0.15,Digital Wallet,Returning,4.2,207.88
ORD102880,2025-11-28,1534,48.0,Female,Lahore,East,Electronics,Tablet,511.46,1,0.1,Credit Card,New,2.8,460.31
ORD103405,2025-11-28,1063,69.0,Female,Multan,South,Electronics,Headphones,118.38,3,0.2,Cash,New,4.0,284.11
ORD102699,2025-11-28,1242,18.0,Female,Multan,South,Electronics,Monitor,309.19,2,0.05,Digital Wallet,New,3.9,587.46
ORD100528,2025-11-29,1734,28.0,Male,Karachi,South,Electronics,Laptop,1212.29,2,0.1,Debit Card,New,3.6,2182.12
ORD102005,2025-11-29,1553,47.0,Female,Multan,South,Electronics,Headphones,121.61,1,0.1,Debit Card,New,3.6,109.45
ORD104562,2025-11-29,1378,39.0,Male,Rawalpindi,North,Accessories,Sunglasses,71.52,2,0.0,Digital Wallet,New,3.4,143.04
ORD101244,2025-11-29,1462,42.0,Male,Islamabad,North,Electronics,Laptop,1052.72,2,0.05,Credit Card,Returning,5.0,2000.17
ORD102236,2025-11-29,1147,34.0,Male,Peshawar,West,Electronics,Monitor,289.35,2,0.05,Credit Card,Returning,3.9,549.76
ORD101700,2025-11-29,1020,18.0,Male,Islamabad,North,Electronics,Smartphone,748.64,2,0.0,Debit Card,New,2.0,1497.28
ORD103743,2025-11-29,1059,39.0,Female,Faisalabad,East,Electronics,Keyboard,70.37,1,0.1,Bank Transfer,VIP,3.4,63.33
ORD100564,2025-11-29,1043,52.0,Female,Islamabad,North,Clothing,T-Shirt,28.49,1,0.25,Cash,Returning,3.1,21.37
ORD100223,2025-11-29,1442,30.0,Female,Quetta,West,Clothing,T-Shirt,29.83,4,0.05,Credit Card,Returning,3.8,113.35
ORD100251,2025-11-29,1247,30.0,Female,Quetta,West,Accessories,Sunglasses,75.01,2,0.25,Credit Card,Returning,3.5,112.52
ORD102493,2025-11-29,1453,35.0,Female,Lahore,East,Electronics,Smartwatch,197.56,2,0.2,Bank Transfer,New,4.0,316.1
ORD100672,2025-11-30,1653,40.0,Male,Rawalpindi,North,Electronics,Keyboard,69.64,2,0.0,Credit Card,New,4.4,139.28
ORD103769,2025-11-30,1300,42.0,Male,Karachi,South,Clothing,T-Shirt,30.32,1,0.0,Bank Transfer,New,3.6,30.32
ORD104983,2025-11-30,1638,37.0,Female,Lahore,East,Accessories,Backpack,59.78,5,0.25,Debit Card,New,3.6,224.18
ORD104169,2025-11-30,1033,36.0,Female,Peshawar,West,Accessories,Wallet,46.76,7,0.05,Cash,VIP,4.7,310.95
ORD101021,2025-11-30,1369,32.0,Female,Peshawar,West,Clothing,T-Shirt,29.15,1,0.1,Bank Transfer,Returning,4.3,26.24
ORD103999,2025-11-30,1466,29.0,Female,Peshawar,West,Accessories,Wallet,48.3,8,0.15,Credit Card,Returning,2.9,328.44
ORD101630,2025-11-30,1477,47.0,Female,Rawalpindi,North,Electronics,Headphones,117.67,1,0.2,Credit Card,New,4.1,94.14
ORD103052,2025-11-30,1563,18.0,Female,Rawalpindi,North,Clothing,Shoes,85.97,1,0.0,Credit Card,New,3.5,85.97
ORD100784,2025-11-30,1461,46.0,Male,Faisalabad,East,Electronics,Tablet,541.87,1,0.15,Debit Card,New,4.3,460.59
ORD104847,2025-11-30,1603,23.0,Male,Peshawar,West,Electronics,Keyboard,70.72,2,0.0,Debit Card,Returning,3.8,141.44
ORD102134,2025-11-30,1395,22.0,Male,Peshawar,West,Accessories,Wallet,45.69,2,0.15,,New,3.3,77.67
ORD104280,2025-12-01,1590,48.0,Male,Islamabad,North,Electronics,Headphones,123.65,5,0.1,Digital Wallet,VIP,3.5,556.43
ORD100569,2025-12-01,1607,31.0,Female,Quetta,West,Electronics,Smartphone,782.9,4,0.1,Bank Transfer,New,4.2,2818.44
ORD104040,2025-12-01,1568,50.0,Female,Multan,South,Accessories,Sunglasses,82.99,3,0.3,Debit Card,Returning,4.9,174.28
ORD102612,2025-12-01,1800,49.0,Male,Lahore,East,Electronics,Keyboard,64.72,1,0.15,Debit Card,New,3.1,55.01
ORD104588,2025-12-01,1065,50.0,Female,Faisalabad,East,Electronics,Headphones,109.06,4,0.15,Cash,Returning,4.2,370.8
ORD102046,2025-12-01,1594,29.0,Female,Karachi,South,Electronics,Tablet,471.27,4,0.2,Credit Card,New,3.0,1508.06
ORD103381,2025-12-01,1612,18.0,Female,Lahore,East,Accessories,Backpack,51.87,1,0.25,Credit Card,Returning,4.0,38.9
ORD104360,2025-12-02,1170,19.0,Male,Karachi,South,Electronics,Headphones,108.99,1,0.0,Credit Card,New,3.7,108.99
ORD104610,2025-12-02,1283,25.0,Male,Multan,South,Clothing,Jeans,68.39,1,0.1,Debit Card,New,4.7,61.55
ORD100619,2025-12-02,1342,19.0,Male,Peshawar,West,Electronics,Headphones,131.46,2,0.2,Credit Card,Returning,4.1,210.34
ORD101526,2025-12-02,1025,39.0,Female,Peshawar,West,Clothing,T-Shirt,32.3,5,0.1,Credit Card,New,3.6,145.35
ORD101796,2025-12-02,1551,30.0,Male,Faisalabad,East,Electronics,Mouse,32.93,3,0.25,Digital Wallet,VIP,4.2,74.09
ORD102041,2025-12-02,1631,46.0,Female,Peshawar,West,Electronics,Mouse,33.87,3,0.1,Digital Wallet,New,4.9,91.45
ORD103764,2025-12-02,1762,30.0,Female,Islamabad,North,Clothing,T-Shirt,32.24,6,0.0,Cash,Returning,3.6,193.44
ORD100820,2025-12-02,1518,33.0,Female,Faisalabad,East,Electronics,Tablet,520.08,2,0.1,Debit Card,New,3.7,936.14
ORD100533,2025-12-02,1758,19.0,Male,Rawalpindi,North,Electronics,Keyboard,69.1,3,0.1,,New,2.7,186.57
ORD104670,2025-12-02,1084,36.0,Male,Quetta,West,Electronics,Keyboard,65.56,1,0.0,Digital Wallet,Returning,1.9,65.56
ORD104155,2025-12-03,1502,37.0,Female,Multan,South,Accessories,Sunglasses,79.43,2,0.1,Credit Card,New,3.2,142.97
ORD101942,2025-12-03,1584,49.0,Male,Peshawar,West,Electronics,Smartwatch,241.36,2,0.1,Debit Card,Returning,4.0,434.45
ORD104100,2025-12-03,1003,37.0,Male,Lahore,East,Accessories,Backpack,55.91,2,0.1,Bank Transfer,New,4.4,100.64
ORD104605,2025-12-03,1315,25.0,Female,Rawalpindi,North,Clothing,T-Shirt,28.11,1,0.2,Credit Card,New,3.3,22.49
ORD103004,2025-12-03,1542,52.0,Female,Faisalabad,East,Electronics,Mouse,36.39,6,0.0,Digital Wallet,New,3.0,218.34
ORD104785,2025-12-03,1657,40.0,Male,Peshawar,West,Electronics,Monitor,318.66,4,0.1,Debit Card,New,4.2,1147.18
ORD103357,2025-12-03,1227,39.0,Male,Karachi,South,Electronics,Headphones,118.8,1,0.1,Debit Card,Returning,3.7,106.92
ORD101029,2025-12-03,1282,65.0,Female,Quetta,West,Accessories,Wallet,45.32,3,0.05,Bank Transfer,New,5.0,129.16
ORD103839,2025-12-04,1465,28.0,Female,Faisalabad,East,Electronics,Keyboard,74.68,3,0.0,Digital Wallet,Returning,3.0,224.04
ORD102278,2025-12-04,1655,37.0,Female,Faisalabad,East,Electronics,Tablet,530.65,2,0.0,Bank Transfer,VIP,4.3,1061.3
ORD100139,2025-12-04,1726,34.0,Male,Quetta,West,Electronics,Monitor,318.64,4,0.0,Digital Wallet,Returning,4.3,1274.56
ORD102060,2025-12-04,1353,38.0,Male,Faisalabad,East,Electronics,Laptop,1104.81,1,0.05,Debit Card,Returning,4.2,1049.57
ORD102233,2025-12-04,1588,43.0,Male,Lahore,East,Electronics,Mouse,31.28,2,0.2,Cash,New,5.0,50.05
ORD103515,2025-12-05,1467,28.0,Male,Peshawar,West,Accessories,Wallet,46.81,3,0.0,Digital Wallet,VIP,4.6,140.43
ORD103346,2025-12-05,1124,26.0,Male,Faisalabad,East,Electronics,Tablet,502.81,3,0.1,Credit Card,New,3.5,1357.59
ORD101691,2025-12-05,1774,44.0,Female,Lahore,East,Clothing,Jacket,110.97,1,0.25,Credit Card,New,4.7,83.23
ORD102908,2025-12-06,1413,42.0,Female,Multan,South,Electronics,Smartphone,719.19,1,0.0,Credit Card,New,3.9,719.19
ORD104701,2025-12-06,1082,49.0,Female,Faisalabad,East,Electronics,Headphones,123.7,1,0.1,Digital Wallet,Returning,4.1,111.33
ORD104142,2025-12-06,1740,37.0,Male,Rawalpindi,North,Electronics,Smartphone,778.0,3,0.0,Bank Transfer,New,4.1,2334.0
ORD101309,2025-12-06,1327,18.0,Male,Islamabad,North,Accessories,Sunglasses,75.35,1,0.0,Cash,New,3.8,75.35
ORD104904,2025-12-06,1645,44.0,Female,Quetta,West,Electronics,Headphones,116.69,2,0.0,Credit Card,Returning,2.7,233.38
ORD104679,2025-12-06,1477,27.0,Male,Islamabad,North,Electronics,Tablet,474.41,2,0.2,Digital Wallet,Returning,3.0,759.06
ORD104995,2025-12-06,1206,47.0,Female,Karachi,South,Electronics,Headphones,121.63,2,0.0,Cash,Returning,4.9,243.26
ORD101903,2025-12-07,1524,34.0,Male,Peshawar,West,Accessories,Backpack,53.35,1,0.15,Debit Card,New,3.5,45.35
ORD104723,2025-12-07,1219,25.0,Male,Peshawar,West,Clothing,Shoes,86.98,1,0.05,Debit Card,New,1.6,82.63
ORD102868,2025-12-07,1360,44.0,Male,Quetta,West,Electronics,Headphones,104.54,3,0.3,Credit Card,Returning,4.0,219.53
ORD102877,2025-12-08,1662,58.0,Male,Multan,South,Electronics,Mouse,39.29,3,0.1,Credit Card,Returning,4.4,106.08
ORD104049,2025-12-08,1175,18.0,Female,Quetta,West,Electronics,Smartwatch,202.5,1,0.1,Bank Transfer,New,3.4,182.25
ORD103663,2025-12-08,1451,32.0,Male,Islamabad,North,Electronics,Smartphone,688.83,2,0.05,Digital Wallet,New,4.4,1308.78
ORD104422,2025-12-08,1580,36.0,Male,Peshawar,West,Electronics,Tablet,492.07,6,0.15,Bank Transfer,Returning,3.9,2509.56
ORD102156,2025-12-08,1165,36.0,Male,Peshawar,West,Clothing,Jacket,104.03,1,0.0,Credit Card,New,5.0,104.03
ORD101984,2025-12-08,1589,18.0,Female,Multan,South,Electronics,Mouse,36.91,1,0.05,Bank Transfer,Returning,5.0,35.06
ORD100488,2025-12-08,1058,31.0,Female,Faisalabad,East,Electronics,Monitor,307.65,2,0.1,Credit Card,Returning,3.8,553.77
ORD101667,2025-12-09,1302,34.0,Male,Peshawar,West,Accessories,Backpack,56.94,3,0.1,Credit Card,New,4.0,153.74
ORD101318,2025-12-09,1670,34.0,Female,Quetta,West,Clothing,Jeans,63.5,1,0.1,Credit Card,VIP,5.0,57.15
ORD103026,2025-12-09,1401,37.0,Female,Quetta,West,Clothing,T-Shirt,30.83,3,0.05,Bank Transfer,New,2.9,87.87
ORD100292,2025-12-09,1263,35.0,Male,Multan,South,Electronics,Mouse,35.32,4,0.1,Digital Wallet,New,3.3,127.15
ORD104345,2025-12-09,1600,33.0,Male,Quetta,West,Clothing,Jeans,60.88,2,0.1,Digital Wallet,Returning,3.1,109.58
ORD102101,2025-12-09,1752,,Male,Islamabad,North,Accessories,Wallet,44.64,3,0.1,Digital Wallet,Returning,4.3,120.53
ORD100270,2025-12-09,1464,31.0,Male,Karachi,South,Clothing,T-Shirt,27.89,1,0.15,Bank Transfer,Returning,3.1,23.71
ORD100844,2025-12-09,1800,27.0,Female,Lahore,East,Clothing,Shoes,96.27,2,0.1,Digital Wallet,Returning,3.5,173.29
ORD101250,2025-12-10,1769,19.0,Male,Multan,South,Accessories,Sunglasses,84.79,4,0.0,Credit Card,Returning,5.0,339.16
ORD102735,2025-12-10,1105,35.0,Male,Multan,South,Clothing,Jeans,60.52,3,0.05,,VIP,3.6,172.48
ORD102970,2025-12-10,1405,58.0,Male,Quetta,West,Clothing,T-Shirt,25.93,3,0.0,Bank Transfer,New,4.2,77.79
ORD103138,2025-12-10,1161,51.0,Male,Islamabad,North,Accessories,Wallet,47.45,2,0.15,Credit Card,Returning,4.9,80.67
ORD100852,2025-12-10,1674,19.0,Male,Peshawar,West,Electronics,Tablet,511.6,2,0.1,Debit Card,Returning,2.9,920.88
ORD102220,2025-12-10,1175,,Female,Multan,South,Accessories,Sunglasses,82.37,1,0.1,Debit Card,Returning,4.6,74.13
ORD103253,2025-12-11,1220,32.0,Female,Faisalabad,East,Accessories,Backpack,56.69,1,0.05,Debit Card,New,5.0,53.86
ORD101256,2025-12-11,1182,23.0,Female,Multan,South,Electronics,Headphones,116.79,8,0.05,Bank Transfer,Returning,4.4,887.6
ORD104088,2025-12-11,1329,49.0,Female,Quetta,West,Electronics,Keyboard,72.22,1,0.15,Debit Card,New,4.3,61.39
ORD101142,2025-12-11,1132,41.0,Female,Lahore,East,Electronics,Keyboard,72.17,1,0.1,Credit Card,New,3.0,64.95
ORD104226,2025-12-11,1199,42.0,Female,Faisalabad,East,Electronics,Keyboard,76.47,1,0.0,Bank Transfer,VIP,4.3,76.47
ORD103241,2025-12-12,1554,44.0,Female,Peshawar,West,Electronics,Keyboard,66.84,1,0.2,Digital Wallet,New,3.5,53.47
ORD104330,2025-12-12,1450,41.0,Female,Lahore,East,Electronics,Laptop,1170.4,4,0.05,Cash,Returning,4.8,4447.52
ORD101624,2025-12-12,1274,46.0,Female,Multan,South,Electronics,Headphones,116.39,1,0.0,Bank Transfer,Returning,4.3,116.39
ORD100765,2025-12-12,1373,31.0,Male,Peshawar,West,Electronics,Mouse,34.92,1,0.0,Credit Card,New,3.1,34.92
ORD101508,2025-12-12,1244,29.0,Female,Faisalabad,East,Electronics,Mouse,35.05,1,0.05,Credit Card,New,5.0,33.3
ORD102627,2025-12-12,1663,45.0,Female,Faisalabad,East,Electronics,Smartwatch,245.71,2,0.0,Credit Card,Returning,3.4,491.42
ORD100519,2025-12-12,1204,38.0,Male,Karachi,South,Electronics,Mouse,33.87,1,0.0,Digital Wallet,Returning,4.9,33.87
ORD100637,2025-12-12,1367,29.0,Female,Peshawar,West,Clothing,Jeans,63.85,1,0.0,Credit Card,Returning,4.0,63.85
ORD102431,2025-12-12,1263,43.0,Female,Karachi,South,Electronics,Monitor,292.81,1,0.25,Digital Wallet,New,4.0,219.61
ORD104466,2025-12-13,1164,52.0,Female,Faisalabad,East,Electronics,Monitor,325.42,4,0.1,Digital Wallet,New,3.6,1171.51
ORD102100,2025-12-13,1100,34.0,Female,Faisalabad,East,Electronics,Smartwatch,213.94,2,0.2,Bank Transfer,New,3.2,342.3
ORD103083,2025-12-13,1725,49.0,Female,Peshawar,West,Electronics,Mouse,32.99,3,0.2,Digital Wallet,VIP,4.4,79.18
ORD104957,2025-12-13,1285,36.0,Male,Islamabad,North,Electronics,Tablet,528.55,2,0.0,Cash,Returning,4.2,1057.1
ORD104843,2025-12-13,1589,18.0,Female,Faisalabad,East,Clothing,Shoes,88.45,1,0.0,Credit Card,New,3.9,88.45
ORD104323,2025-12-13,1797,32.0,Female,Multan,South,Electronics,Smartphone,800.7,3,0.0,Digital Wallet,New,3.6,2402.1
ORD104152,2025-12-14,1604,28.0,Female,Lahore,East,Electronics,Headphones,114.52,2,0.15,Credit Card,New,4.0,194.68
ORD100591,2025-12-14,1729,48.0,Female,Peshawar,West,Electronics,Laptop,1186.83,2,0.1,Credit Card,VIP,3.8,2136.29
ORD100965,2025-12-14,1719,23.0,Female,Islamabad,North,Electronics,Smartphone,704.31,2,0.1,Digital Wallet,Returning,4.4,1267.76
ORD104327,2025-12-14,1273,37.0,Male,Multan,South,Electronics,Monitor,307.75,4,0.0,Digital Wallet,New,3.6,1231.0
ORD104895,2025-12-15,1207,44.0,Female,Faisalabad,East,Clothing,Shoes,92.63,1,0.05,Debit Card,Returning,5.0,88.0
ORD104692,2025-12-15,1202,29.0,Female,Rawalpindi,North,Electronics,Headphones,118.64,3,0.05,Credit Card,Returning,4.7,338.12
ORD100303,2025-12-15,1037,53.0,Male,Faisalabad,East,Electronics,Laptop,1163.91,2,0.0,Bank Transfer,VIP,4.3,2327.82
ORD104216,2025-12-15,1331,45.0,Male,Rawalpindi,North,Electronics,Keyboard,70.24,3,0.1,Credit Card,New,4.4,189.65
ORD101680,2025-12-15,1310,18.0,Female,Multan,South,Electronics,Laptop,1147.73,1,0.1,Bank Transfer,Returning,4.4,1032.96
ORD102379,2025-12-15,1726,44.0,Male,Quetta,West,Electronics,Smartwatch,205.44,2,0.05,Digital Wallet,New,2.8,390.34
ORD102351,2025-12-15,1090,38.0,Male,Lahore,East,Clothing,Jacket,111.33,1,0.0,Cash,New,3.1,111.33
ORD103042,2025-12-15,1500,29.0,Male,Lahore,East,Clothing,T-Shirt,28.07,2,0.25,Digital Wallet,VIP,4.7,42.1
ORD104317,2025-12-16,1019,27.0,Female,Islamabad,North,Electronics,Tablet,486.59,1,0.0,Digital Wallet,New,4.1,486.59
ORD104921,2025-12-16,1535,29.0,Male,Peshawar,West,Electronics,Mouse,33.55,1,0.2,Digital Wallet,New,3.4,26.84
ORD104954,2025-12-16,1414,40.0,Female,Islamabad,North,Electronics,Keyboard,64.98,1,0.1,Credit Card,Returning,4.3,58.48
ORD103915,2025-12-16,1265,40.0,Male,Rawalpindi,North,Clothing,Jacket,105.49,1,0.25,Credit Card,Returning,4.1,79.12
ORD102325,2025-12-16,1715,18.0,Female,Lahore,East,Clothing,Shoes,90.77,4,0.2,Digital Wallet,New,2.0,290.46
ORD103730,2025-12-16,1125,22.0,Female,Quetta,West,Clothing,Shoes,84.56,2,0.0,Digital Wallet,VIP,4.2,169.12
ORD100084,2025-12-16,1162,34.0,Male,Lahore,East,Electronics,Tablet,559.4,8,0.3,Cash,New,4.6,3132.64
ORD104829,2025-12-16,1331,34.0,Male,Faisalabad,East,Accessories,Sunglasses,88.21,3,0.2,Digital Wallet,Returning,4.2,211.7
ORD100169,2025-12-16,1171,29.0,Female,Multan,South,Electronics,Headphones,117.31,1,0.05,Debit Card,New,3.1,111.44
ORD103532,2025-12-16,1302,18.0,Female,Rawalpindi,North,Clothing,T-Shirt,33.85,4,0.0,Credit Card,Returning,3.5,135.4
ORD103987,2025-12-17,1178,36.0,Male,Rawalpindi,North,Electronics,Tablet,498.98,2,0.0,Credit Card,Returning,3.3,997.96
ORD103174,2025-12-17,1086,42.0,Male,Islamabad,North,Electronics,Tablet,458.9,1,0.2,Digital Wallet,New,3.2,367.12
ORD104740,2025-12-17,1778,37.0,Male,Multan,South,Clothing,Jeans,66.53,1,0.3,Bank Transfer,New,4.4,46.57
ORD103792,2025-12-17,1520,30.0,Male,Islamabad,North,Clothing,Jeans,58.57,1,0.15,Digital Wallet,Returning,4.1,49.78
ORD100788,2025-12-17,1547,26.0,Female,Islamabad,North,Electronics,Keyboard,72.62,3,0.1,Bank Transfer,Returning,4.8,196.07
ORD100550,2025-12-17,1160,36.0,Male,Rawalpindi,North,Clothing,T-Shirt,30.69,3,0.15,Digital Wallet,New,3.5,78.26
ORD104900,2025-12-17,1385,32.0,Male,Islamabad,North,Clothing,Shoes,92.38,4,0.15,Digital Wallet,VIP,4.0,314.09
ORD104190,2025-12-18,1504,23.0,Female,Peshawar,West,Accessories,Backpack,55.96,1,0.1,Credit Card,Returning,3.9,50.36
ORD104725,2025-12-18,1495,39.0,Female,Lahore,East,Electronics,Tablet,489.01,7,0.25,Digital Wallet,New,5.0,2567.3
ORD100981,2025-12-18,1007,45.0,Female,Peshawar,West,Electronics,Monitor,299.85,1,0.05,Digital Wallet,New,2.8,284.86
ORD100066,2025-12-18,1428,18.0,Female,Faisalabad,East,Electronics,Keyboard,74.94,3,0.15,Digital Wallet,Returning,3.8,191.1
ORD104309,2025-12-18,1699,56.0,Female,Rawalpindi,North,Electronics,Monitor,303.63,4,0.15,Credit Card,VIP,3.6,1032.34
ORD102030,2025-12-18,1524,35.0,Male,Peshawar,West,Clothing,T-Shirt,30.57,2,0.2,Digital Wallet,New,3.1,48.91
ORD104413,2025-12-18,1715,49.0,Female,Peshawar,West,Clothing,Jeans,68.81,4,0.0,Digital Wallet,Returning,2.9,275.24
ORD103101,2025-12-18,1696,27.0,Male,Rawalpindi,North,Electronics,Mouse,36.06,1,0.1,Digital Wallet,Returning,3.6,32.45
ORD101249,2025-12-18,1407,33.0,Female,Quetta,West,Accessories,Wallet,45.4,1,0.2,Credit Card,VIP,4.6,36.32
ORD100123,2025-12-19,1773,42.0,Male,Multan,South,Clothing,Jacket,116.76,3,0.0,Debit Card,VIP,3.1,350.28
ORD103757,2025-12-19,1379,22.0,Female,Multan,South,Clothing,Jeans,60.27,6,0.05,Bank Transfer,New,3.4,343.54
ORD102327,2025-12-20,1783,23.0,Male,Quetta,West,Clothing,Jeans,69.37,2,0.0,Credit Card,Returning,2.9,138.74
ORD100684,2025-12-20,1648,43.0,Male,Islamabad,North,Electronics,Monitor,281.47,1,0.05,Bank Transfer,New,5.0,267.4
ORD103865,2025-12-20,1480,18.0,Male,Peshawar,West,Electronics,Headphones,121.49,1,0.15,Debit Card,VIP,4.7,103.27
ORD101414,2025-12-20,1593,40.0,Male,Islamabad,North,Clothing,T-Shirt,27.21,1,0.3,Debit Card,Returning,3.1,19.05
ORD100476,2025-12-20,1120,31.0,Female,Peshawar,West,Clothing,Shoes,84.88,6,0.1,Bank Transfer,Returning,4.0,458.35
ORD100606,2025-12-20,1736,36.0,Female,Multan,South,Clothing,Jeans,65.34,2,0.05,Debit Card,Returning,4.0,124.15
ORD103879,2025-12-20,1696,52.0,Male,Peshawar,West,Electronics,Smartphone,762.56,4,0.05,Credit Card,VIP,4.4,2897.73
ORD102287,2025-12-20,1736,30.0,Female,Quetta,West,Clothing,T-Shirt,31.86,3,0.1,Debit Card,Returning,4.3,86.02
ORD101173,2025-12-20,1500,23.0,Female,Faisalabad,East,Electronics,Keyboard,68.59,1,0.15,Debit Card,New,4.2,58.3
ORD100889,2025-12-20,1759,45.0,Female,Faisalabad,East,Clothing,Jeans,62.84,1,0.05,Credit Card,Returning,5.0,59.7
ORD101381,2025-12-20,1735,18.0,Female,Rawalpindi,North,Electronics,Monitor,306.05,3,0.1,Debit Card,New,2.6,826.34
ORD100515,2025-12-20,1047,18.0,Male,Faisalabad,East,Electronics,Headphones,110.09,8,0.15,Bank Transfer,New,3.6,748.61
ORD103648,2025-12-20,1796,50.0,Male,Quetta,West,Electronics,Smartphone,681.05,3,0.25,Credit Card,VIP,3.3,1532.36
ORD102684,2025-12-20,1183,40.0,Male,Quetta,West,Electronics,Mouse,38.44,2,0.0,Credit Card,Returning,3.0,76.88
ORD101041,2025-12-20,1582,28.0,Female,Faisalabad,East,Clothing,Jeans,67.1,7,0.0,Credit Card,New,4.5,469.7
ORD101001,2025-12-21,1474,30.0,Female,Karachi,South,Electronics,Tablet,521.39,1,0.25,Debit Card,New,2.6,391.04
ORD100327,2025-12-21,1099,50.0,Female,Multan,South,Clothing,Shoes,84.49,3,0.0,Credit Card,New,3.2,253.47
ORD100135,2025-12-21,1574,27.0,Male,Faisalabad,East,Clothing,Shoes,85.35,3,0.2,Bank Transfer,Returning,2.1,204.84
ORD101135,2025-12-21,1725,21.0,Female,Lahore,East,Clothing,Shoes,88.58,2,0.0,Debit Card,New,3.3,177.16
ORD102334,2025-12-21,1373,30.0,Male,Faisalabad,East,Accessories,Sunglasses,81.52,5,0.05,Debit Card,Returning,5.0,387.22
ORD100358,2025-12-21,1283,29.0,Female,Islamabad,North,Electronics,Laptop,1180.13,5,0.15,Credit Card,Returning,3.2,5015.55
ORD103858,2025-12-22,1443,29.0,Male,Multan,South,Accessories,Backpack,56.09,1,0.0,Digital Wallet,Returning,3.3,56.09
ORD101438,2025-12-22,1442,36.0,Male,Lahore,East,Accessories,Backpack,48.43,2,0.15,Cash,Returning,5.0,82.33
ORD101936,2025-12-22,1678,41.0,Male,Peshawar,West,Clothing,T-Shirt,29.56,2,0.1,Debit Card,Returning,3.7,53.21
ORD101545,2025-12-22,1318,46.0,Female,Peshawar,West,Accessories,Sunglasses,75.43,2,0.0,Digital Wallet,Returning,3.8,150.86
ORD101536,2025-12-22,1524,31.0,Female,Rawalpindi,North,Electronics,Smartwatch,190.38,1,0.05,Credit Card,Returning,4.0,180.86
ORD100572,2025-12-22,1499,18.0,Male,Faisalabad,East,Electronics,Smartphone,794.6,1,0.1,Digital Wallet,Returning,3.7,715.14
ORD100309,2025-12-22,1208,26.0,Female,Rawalpindi,North,Accessories,Sunglasses,82.11,1,0.3,Bank Transfer,Returning,2.5,57.48
ORD103656,2025-12-22,1375,33.0,Female,Quetta,West,Electronics,Smartphone,747.11,3,0.05,Credit Card,Returning,3.5,2129.26
ORD104234,2025-12-22,1339,56.0,Male,Lahore,East,Accessories,Wallet,48.04,5,0.15,Debit Card,New,2.8,204.17
ORD101806,2025-12-23,1046,41.0,Female,Multan,South,Clothing,Shoes,84.33,5,0.05,Digital Wallet,New,4.6,400.57
ORD104959,2025-12-23,1677,38.0,Female,Rawalpindi,North,Electronics,Smartphone,784.14,2,0.25,Cash,New,3.7,1176.21
ORD103038,2025-12-23,1137,27.0,Female,Multan,South,Clothing,T-Shirt,28.29,1,0.15,Debit Card,Returning,3.3,24.05
ORD103171,2025-12-23,1435,33.0,Male,Quetta,West,Electronics,Mouse,32.57,6,0.2,Credit Card,New,4.4,156.34
ORD103175,2025-12-23,1588,40.0,Female,Islamabad,North,Electronics,Smartphone,838.38,2,0.0,Credit Card,VIP,4.5,1676.76
ORD102388,2025-12-24,1682,24.0,Male,Multan,South,Electronics,Headphones,116.42,1,0.0,Credit Card,Returning,3.0,116.42
ORD101279,2025-12-24,1529,20.0,Male,Quetta,West,Electronics,Laptop,1138.01,2,0.05,Digital Wallet,New,5.0,2162.22
ORD102463,2025-12-24,1561,36.0,Female,Rawalpindi,North,Electronics,Smartphone,831.36,3,0.1,Digital Wallet,New,4.5,2244.67
ORD101293,2025-12-24,1662,42.0,Female,Peshawar,West,Electronics,Mouse,38.04,1,0.15,Digital Wallet,Returning,4.4,32.33
ORD100627,2025-12-25,1233,18.0,Female,Lahore,East,Accessories,Backpack,58.24,1,0.15,Digital Wallet,New,5.0,49.5
ORD100538,2025-12-25,1659,27.0,Female,Lahore,East,Electronics,Monitor,295.17,1,0.1,Digital Wallet,New,2.6,265.65
ORD102928,2025-12-25,1491,41.0,Female,Multan,South,Electronics,Monitor,327.05,2,0.0,Digital Wallet,Returning,4.1,654.1
ORD103822,2025-12-25,1620,30.0,Female,Karachi,South,Clothing,Jeans,69.53,1,0.0,Credit Card,Returning,4.1,69.53
ORD103060,2025-12-25,1074,37.0,Male,Islamabad,North,Clothing,T-Shirt,33.0,2,0.1,Bank Transfer,Returning,4.4,59.4
ORD102107,2025-12-26,1002,36.0,Male,Karachi,South,Electronics,Smartwatch,226.42,7,0.1,Digital Wallet,New,3.2,1426.45
ORD101976,2025-12-26,1092,22.0,Female,Islamabad,North,Accessories,Backpack,53.33,1,0.1,Credit Card,VIP,3.3,48.0
ORD103054,2025-12-26,1426,32.0,Male,Karachi,South,Electronics,Smartphone,882.42,2,0.0,Debit Card,New,3.1,1764.84
ORD101910,2025-12-26,1060,53.0,Female,Rawalpindi,North,Electronics,Tablet,526.56,1,0.2,Credit Card,Returning,3.5,421.25
ORD100757,2025-12-26,1471,19.0,Male,Peshawar,West,Accessories,Sunglasses,80.21,4,0.1,Digital Wallet,New,3.2,288.76
ORD100947,2025-12-26,1794,45.0,Female,Faisalabad,East,Electronics,Tablet,479.46,1,0.05,Debit Card,Returning,3.8,455.49
ORD100326,2025-12-26,1473,51.0,Male,Faisalabad,East,Electronics,Headphones,111.79,1,0.0,Credit Card,New,3.4,111.79
ORD100659,2025-12-26,1215,23.0,Male,Quetta,West,Electronics,Smartphone,621.82,3,0.0,Digital Wallet,VIP,4.6,1865.46
ORD103918,2025-12-26,1414,21.0,Male,Islamabad,North,Accessories,Backpack,60.27,1,0.2,Digital Wallet,New,4.8,48.22
ORD101693,2025-12-26,1773,31.0,Male,Islamabad,North,Electronics,Smartphone,751.94,1,0.0,Credit Card,New,2.4,751.94
ORD100739,2025-12-26,1229,35.0,Male,Islamabad,North,Accessories,Sunglasses,87.09,7,0.1,Digital Wallet,Returning,2.5,548.67
ORD101573,2025-12-27,1250,26.0,Female,Peshawar,West,Electronics,Smartphone,775.66,1,0.0,Bank Transfer,New,3.7,775.66
ORD103456,2025-12-27,1304,47.0,Female,Islamabad,North,Electronics,Monitor,321.9,1,0.05,Cash,New,2.4,305.8
ORD100150,2025-12-27,1398,38.0,Male,Peshawar,West,Electronics,Mouse,33.97,3,0.1,Bank Transfer,New,4.1,91.72
ORD103760,2025-12-27,1354,52.0,Female,Lahore,East,Electronics,Headphones,122.91,1,0.15,Cash,VIP,4.1,104.47
ORD100972,2025-12-27,1028,39.0,Male,Islamabad,North,Electronics,Mouse,37.78,3,0.1,Digital Wallet,Returning,4.2,102.01
ORD101218,2025-12-28,1550,23.0,Female,Multan,South,Electronics,Monitor,301.75,2,0.1,Cash,Returning,2.9,543.15
ORD103928,2025-12-28,1573,18.0,Female,Karachi,South,Accessories,Sunglasses,71.79,1,0.0,Bank Transfer,Returning,4.2,71.79
ORD103214,2025-12-28,1774,42.0,Male,Quetta,West,Clothing,Jeans,62.08,2,0.1,Digital Wallet,New,2.8,111.74
ORD100400,2025-12-28,1793,53.0,Male,Lahore,East,Electronics,Mouse,35.38,1,0.1,Digital Wallet,VIP,4.8,31.84
ORD102477,2025-12-28,1259,36.0,Female,Islamabad,North,Electronics,Mouse,35.45,2,0.2,Digital Wallet,Returning,4.4,56.72
ORD101689,2025-12-28,1506,37.0,Female,Peshawar,West,Electronics,Smartphone,702.42,3,0.15,Credit Card,VIP,3.9,1791.17
ORD103030,2025-12-28,1752,28.0,Female,Quetta,West,Electronics,Smartwatch,209.01,3,0.0,Digital Wallet,New,3.8,627.03
ORD103564,2025-12-28,1557,39.0,Male,Peshawar,West,Clothing,Shoes,82.31,3,0.05,Digital Wallet,Returning,3.9,234.58
ORD103991,2025-12-28,1022,46.0,Male,Rawalpindi,North,Clothing,T-Shirt,30.99,1,0.15,Digital Wallet,VIP,3.5,26.34
ORD102367,2025-12-28,1084,31.0,Female,Lahore,East,Electronics,Smartphone,709.33,4,0.15,Debit Card,Returning,4.5,2411.72
ORD102855,2025-12-28,1544,52.0,Male,Quetta,West,Clothing,Shoes,92.14,4,0.1,Credit Card,New,4.2,331.7
ORD104820,2025-12-28,1737,42.0,Female,Rawalpindi,North,Clothing,Jacket,102.46,4,0.2,Bank Transfer,VIP,3.2,327.87
ORD101233,2025-12-29,1460,31.0,Male,Faisalabad,East,Electronics,Mouse,35.83,8,0.1,Bank Transfer,Returning,3.5,257.98
ORD102411,2025-12-29,1108,30.0,Female,Rawalpindi,North,Clothing,Jeans,70.23,5,0.0,Credit Card,Returning,4.3,351.15
ORD103556,2025-12-29,1397,21.0,Female,Quetta,West,Clothing,T-Shirt,30.43,3,0.25,Digital Wallet,New,3.6,68.47
ORD101454,2025-12-30,1588,43.0,Male,Lahore,East,Clothing,Shoes,91.88,1,0.0,Credit Card,New,2.7,91.88
ORD100176,2025-12-30,1086,27.0,Female,Islamabad,North,Accessories,Wallet,41.81,2,0.05,Bank Transfer,New,3.9,79.44
ORD104974,2025-12-30,1646,31.0,Male,Faisalabad,East,Clothing,T-Shirt,32.76,1,0.3,Bank Transfer,Returning,5.0,22.93
ORD102474,2025-12-30,1067,47.0,Female,Faisalabad,East,Clothing,Jacket,103.87,1,0.1,Debit Card,VIP,5.0,93.48
ORD102830,2025-12-30,1693,28.0,Male,Rawalpindi,North,Electronics,Smartphone,789.28,1,0.0,Debit Card,New,3.6,789.28
ORD103516,2025-12-30,1380,19.0,Female,Quetta,West,Electronics,Smartphone,690.1,2,0.0,Credit Card,New,4.0,1380.2
ORD101299,2025-12-30,1361,18.0,Female,Multan,South,Electronics,Mouse,36.12,2,0.1,Debit Card,New,3.9,65.02
ORD104774,2025-12-30,1083,52.0,Male,Islamabad,North,Clothing,Jacket,117.72,3,0.1,Credit Card,New,2.8,317.84
ORD103234,2025-12-30,1597,36.0,Male,Faisalabad,East,Clothing,T-Shirt,28.02,1,0.1,Credit Card,Returning,3.7,25.22
ORD103173,2025-12-31,1679,23.0,Male,Rawalpindi,North,Electronics,Headphones,109.74,4,0.05,Digital Wallet,Returning,3.8,417.01
ORD101288,2025-12-31,1501,36.0,Male,Peshawar,West,Clothing,Jeans,64.48,1,0.3,Debit Card,New,3.4,45.14
ORD100556,2025-12-31,1545,38.0,Male,Islamabad,North,Clothing,Jacket,107.8,5,0.3,Bank Transfer,New,4.6,377.3
ORD100474,2025-12-31,1659,33.0,Female,Lahore,East,Accessories,Wallet,42.76,5,0.05,Bank Transfer,VIP,3.8,203.11
ORD104043,2025-12-31,1401,46.0,Male,Lahore,East,Electronics,Monitor,302.66,2,0.0,Debit Card,Returning,3.0,605.32
ORD101993,2025-12-31,1143,22.0,Male,Islamabad,North,Accessories,Backpack,59.8,3,0.05,Debit Card,New,4.1,170.43
