customer_id,age,gender,income,education,employment_status,marital_status,dependents,annual_spending,purchase_count,avg_purchase_value,satisfaction_score,churn_risk,account_age_months,preferred_category,is_premium,engagement_score,signup_date,last_purchase_date,signup_season,days_since_last_purchase
1,52.0,Male,200000.0,Bachelor,Employed,Single,2,78015.57,17,4589.15,2.3,1,39,Clothing,0,6.0,2025-03-09 23:33:35.526001,2026-08-06 23:33:35.526001,Spring,25
2,42.0,Male,200000.0,Bachelor,Self-Employed,Divorced,1,38104.07,19,2005.48,5.0,1,31,Sports,0,28.0,2023-10-07 23:33:35.526001,2026-05-09 23:33:35.526001,Fall,114
3,54.0,Female,200000.0,Bachelor,Employed,Married,2,57059.89,16,3566.24,3.2,0,14,Clothing,0,61.0,2022-08-24 23:33:35.526001,2026-07-02 23:33:35.526001,Summer,60
4,67.0,Female,200000.0,High School,Employed,Married,1,80000.0,15,5333.33,3.6,0,9,Books,0,80.0,2023-03-25 23:33:35.526001,2026-08-30 23:33:35.526001,Spring,1
5,41.0,Male,200000.0,High School,Employed,Single,1,40633.81,15,2708.92,2.0,1,22,Clothing,0,63.0,2025-10-17 23:33:35.526001,2026-07-24 23:33:35.526001,Fall,38
6,41.0,Female,200000.0,Master,Employed,Married,0,80000.0,14,5714.29,3.5,0,50,Home,0,54.0,2025-09-22 23:33:35.526001,2026-08-19 23:33:35.526001,Fall,12
7,68.0,Male,200000.0,High School,Employed,Divorced,1,80000.0,11,7272.73,3.7,1,51,Books,0,49.0,2022-09-07 23:33:35.526001,2026-07-28 23:33:35.526001,Fall,34
8,,Female,200000.0,Bachelor,Employed,Divorced,1,63157.41,13,4858.26,3.4,0,2,Electronics,0,75.0,2023-12-26 23:33:35.526001,2026-08-03 23:33:35.526001,Winter,28
9,37.0,Female,200000.0,Master,Employed,Married,0,41934.26,19,2207.07,3.0,1,13,Electronics,0,,2024-12-02 23:33:35.526001,2026-08-11 23:33:35.526001,Winter,20
10,53.0,Female,200000.0,High School,Unemployed,Single,2,49088.14,25,1963.53,2.7,0,14,Books,1,41.0,2022-08-02 23:33:35.526001,2026-07-05 23:33:35.526001,Summer,57
11,38.0,Female,200000.0,High School,Employed,Single,0,56222.99,21,2677.29,4.4,0,91,Clothing,1,20.0,2026-06-13 23:33:35.526001,2026-07-25 23:33:35.526001,Summer,37
12,38.0,Female,200000.0,Bachelor,Self-Employed,Single,2,48659.28,18,2703.29,3.5,1,27,Electronics,0,18.0,2024-03-21 23:33:35.526001,2026-06-26 23:33:35.526001,Spring,66
13,48.0,Male,200000.0,Bachelor,Self-Employed,Single,0,46170.8,11,4197.35,4.7,0,12,Clothing,0,69.0,2025-02-04 23:33:35.526001,2026-08-22 23:33:35.526001,Winter,9
14,18.0,Female,200000.0,Bachelor,Unemployed,Single,0,80000.0,18,4444.44,3.1,0,1,Clothing,0,49.0,2025-06-08 23:33:35.526001,2026-08-19 23:33:35.526001,Summer,12
15,19.0,Male,,Master,Retired,Single,1,39407.35,19,2074.07,3.2,0,19,Home,0,52.0,2021-11-12 23:33:35.526001,2026-08-02 23:33:35.526001,Fall,29
16,36.0,Female,200000.0,High School,Employed,Married,0,73224.07,19,3853.9,4.2,0,2,Electronics,0,23.0,2025-11-22 23:33:35.526001,2026-05-22 23:33:35.526001,Fall,101
17,29.0,Female,200000.0,Bachelor,Employed,Divorced,2,29224.28,11,2656.75,2.2,0,43,Clothing,0,38.0,2024-10-25 23:33:35.526001,2026-08-18 23:33:35.526001,Fall,13
18,49.0,Female,200000.0,Bachelor,Retired,Married,1,65271.97,14,4662.28,2.5,0,33,Home,0,45.0,2026-07-05 23:33:35.526001,2026-08-31 23:33:35.526001,Summer,0
19,31.0,Male,200000.0,High School,Employed,Divorced,0,80000.0,18,4444.44,4.4,0,14,Books,0,53.0,2026-02-21 23:33:35.526001,2026-08-14 23:33:35.526001,Winter,17
20,23.0,Female,200000.0,Bachelor,Self-Employed,Married,0,49680.88,13,3821.61,2.6,0,13,Electronics,0,44.0,2024-11-25 23:33:35.526001,2026-08-08 23:33:35.526001,Fall,23
21,66.0,Female,200000.0,Bachelor,Self-Employed,Single,1,41348.77,12,3445.73,2.0,0,54,Home,0,34.0,2022-08-05 23:33:35.526001,2026-07-14 23:33:35.526001,Summer,48
22,41.0,Female,200000.0,Bachelor,Self-Employed,Married,2,68636.02,18,3813.11,5.0,0,8,Clothing,0,38.0,2026-07-20 23:33:35.526001,2026-07-23 23:33:35.526001,Summer,39
23,46.0,Male,200000.0,High School,Retired,Single,1,71578.86,17,4210.52,2.4,0,6,Clothing,0,68.0,2022-07-13 23:33:35.526001,2026-05-23 23:33:35.526001,Summer,100
24,23.0,Male,200000.0,Bachelor,Retired,Married,3,71750.37,17,4220.61,3.6,0,67,Sports,0,53.0,2023-05-22 23:33:35.526001,2026-07-17 23:33:35.526001,Spring,45
25,36.0,Male,200000.0,Bachelor,Unemployed,Married,1,50941.92,11,4631.08,3.6,1,39,Sports,0,59.0,2024-10-21 23:33:35.526001,2026-08-21 23:33:35.526001,Fall,10
26,46.0,Male,200000.0,Master,Employed,Widowed,1,44884.8,15,2992.32,1.3,1,41,Clothing,0,36.0,2023-03-06 23:33:35.526001,2026-08-01 23:33:35.526001,Spring,30
27,27.0,Female,200000.0,High School,Retired,Single,0,80000.0,24,3333.33,3.3,1,5,Electronics,1,5.0,2022-06-19 23:33:35.526001,2026-07-29 23:33:35.526001,Summer,33
28,50.0,Male,200000.0,Bachelor,Employed,Single,1,80000.0,17,4705.88,3.9,0,3,Clothing,0,42.0,2025-04-16 23:33:35.526001,2026-03-04 23:33:35.526001,Spring,180
29,35.0,Female,200000.0,Bachelor,Employed,Divorced,0,58424.4,20,2921.22,3.8,0,1,Electronics,0,37.0,2023-05-02 23:33:35.526001,2026-08-27 23:33:35.526001,Spring,4
30,40.0,Male,200000.0,Master,Retired,Single,1,79185.79,12,6598.82,4.2,0,6,Electronics,0,55.0,2024-07-02 23:33:35.526001,2026-08-25 23:33:35.526001,Summer,6
31,35.0,Male,200000.0,Bachelor,Employed,Married,1,57315.89,13,4408.91,3.2,0,35,Clothing,0,99.0,2024-08-11 23:33:35.526001,2026-08-26 23:33:35.526001,Summer,5
32,72.0,Female,200000.0,Bachelor,Employed,Married,0,55914.57,16,3494.66,4.1,1,6,Sports,0,60.0,2024-08-19 23:33:35.526001,2026-08-05 23:33:35.526001,Summer,26
33,44.0,Female,200000.0,Master,Employed,Divorced,0,39332.67,17,2313.69,2.9,1,31,Home,0,91.0,2026-03-19 23:33:35.526001,2026-08-27 23:33:35.526001,Spring,4
34,29.0,Female,200000.0,Master,Retired,Widowed,2,54793.59,20,2739.68,2.4,0,6,Clothing,0,58.0,2024-08-06 23:33:35.526001,2026-07-30 23:33:35.526001,Summer,32
35,57.0,Female,200000.0,Bachelor,Employed,Widowed,1,63260.95,20,3163.05,2.5,0,12,Books,0,40.0,2026-06-02 23:33:35.526001,2026-07-14 23:33:35.526001,Summer,48
36,26.0,Female,200000.0,Bachelor,Self-Employed,Single,2,30946.88,10,3094.69,2.3,0,98,Electronics,0,55.0,2021-12-20 23:33:35.526001,2026-08-14 23:33:35.526001,Winter,17
37,48.0,Male,200000.0,Master,Employed,Divorced,0,55161.59,16,3447.6,4.3,0,6,Electronics,0,76.0,2023-12-18 23:33:35.526001,2026-08-07 23:33:35.526001,Winter,24
38,18.0,Female,200000.0,PhD,Unemployed,Married,2,74831.9,23,3253.56,2.3,0,11,Electronics,1,77.0,2023-09-14 23:33:35.526001,2026-06-19 23:33:35.526001,Fall,73
39,25.0,Female,200000.0,Master,Unemployed,Married,2,72063.61,15,4804.24,3.7,1,8,Home,0,41.0,2023-02-21 23:33:35.526001,2026-08-06 23:33:35.526001,Winter,25
40,47.0,Female,200000.0,Bachelor,Employed,Single,0,68726.08,16,4295.38,3.3,1,2,Electronics,0,53.0,2024-11-21 23:33:35.526001,2026-08-24 23:33:35.526001,Fall,7
41,56.0,Male,200000.0,High School,Employed,Married,0,80000.0,12,6666.67,3.4,0,16,Home,0,28.0,2024-08-11 23:33:35.526001,2026-08-19 23:33:35.526001,Summer,12
42,47.0,Female,200000.0,Bachelor,Employed,Widowed,1,30641.65,17,1802.45,4.6,0,11,Books,0,62.0,2024-06-03 23:33:35.526001,2026-08-09 23:33:35.526001,Summer,22
43,43.0,Male,200000.0,Master,Retired,Divorced,1,62893.86,19,3310.2,,0,28,Electronics,0,73.0,2025-12-31 23:33:35.526001,2026-08-26 23:33:35.526001,Winter,5
44,40.0,Male,200000.0,Bachelor,Self-Employed,Married,1,76165.19,23,3311.53,4.0,0,40,Electronics,1,50.0,2024-11-06 23:33:35.526001,2026-08-03 23:33:35.526001,Fall,28
45,22.0,Male,200000.0,Bachelor,Retired,Single,1,62048.67,9,6894.3,3.5,0,18,Books,0,39.0,2024-04-25 23:33:35.526001,2026-03-04 23:33:35.526001,Spring,180
46,34.0,Male,200000.0,Master,Employed,Married,2,47313.65,15,3154.24,3.4,0,1,Sports,0,55.0,2021-10-13 23:33:35.526001,2026-07-31 23:33:35.526001,Fall,31
47,38.0,Female,200000.0,Bachelor,Unemployed,Divorced,2,37438.97,8,4679.87,5.0,0,23,Home,0,56.0,2026-01-24 23:33:35.526001,2026-08-18 23:33:35.526001,Winter,13
48,60.0,Female,200000.0,Master,Unemployed,Married,1,80000.0,16,5000.0,2.3,1,1,Clothing,0,51.0,2026-08-22 23:33:35.526001,2026-08-19 23:33:35.526001,Summer,12
49,50.0,Female,200000.0,Bachelor,Self-Employed,Married,0,58855.62,21,2802.65,4.5,0,22,Books,1,52.0,2025-06-27 23:33:35.526001,2026-06-12 23:33:35.526001,Summer,80
50,18.0,Male,200000.0,Bachelor,Retired,Single,1,80000.0,14,5714.29,4.0,1,27,Clothing,0,47.0,2026-08-18 23:33:35.526001,2026-07-01 23:33:35.526001,Summer,61
51,49.0,Male,200000.0,Bachelor,Employed,Married,1,65946.05,13,5072.77,3.1,0,5,Sports,0,64.0,2021-09-27 23:33:35.526001,2026-08-12 23:33:35.526001,Fall,19
52,39.0,Male,200000.0,Master,Employed,Married,2,71800.66,14,5128.62,4.8,1,41,Home,0,61.0,2024-03-07 23:33:35.526001,2026-08-18 23:33:35.526001,Spring,13
53,34.0,Female,200000.0,High School,Self-Employed,Divorced,1,79313.84,15,5287.59,2.0,1,58,Books,0,35.0,2024-01-04 23:33:35.526001,2026-07-25 23:33:35.526001,Winter,37
54,54.0,Male,200000.0,High School,Unemployed,Married,2,70019.84,7,10002.83,3.1,0,40,Clothing,0,34.0,2023-03-31 23:33:35.526001,2026-08-20 23:33:35.526001,Spring,11
55,60.0,Female,,PhD,Self-Employed,Married,0,53895.15,19,2836.59,2.5,1,8,Books,0,46.0,2021-10-29 23:33:35.526001,2026-08-28 23:33:35.526001,Fall,3
56,58.0,Female,200000.0,High School,Employed,Married,2,59837.22,20,2991.86,3.8,1,21,Clothing,0,61.0,2024-10-10 23:33:35.526001,2026-08-20 23:33:35.526001,Fall,11
57,32.0,Male,200000.0,Bachelor,Employed,Single,2,78922.68,19,4153.83,2.6,1,59,Electronics,0,52.0,2021-10-13 23:33:35.526001,2026-08-14 23:33:35.526001,Fall,17
58,40.0,Female,200000.0,Bachelor,Employed,Widowed,1,54098.77,16,3381.17,3.8,1,9,Clothing,0,40.0,2023-09-05 23:33:35.526001,2026-08-23 23:33:35.526001,Fall,8
59,49.0,Female,200000.0,Bachelor,Employed,Married,0,53629.39,8,6703.67,3.4,0,41,Sports,0,53.0,2022-01-11 23:33:35.526001,2026-08-24 23:33:35.526001,Winter,7
60,59.0,Female,200000.0,Bachelor,Self-Employed,Married,0,37658.67,10,3765.87,3.1,0,1,Books,0,45.0,2024-10-23 23:33:35.526001,2026-08-31 23:33:35.526001,Fall,0
61,37.0,Female,200000.0,High School,Unemployed,Married,1,80000.0,15,5333.33,3.8,1,1,Electronics,0,63.0,2022-06-26 23:33:35.526001,2026-08-02 23:33:35.526001,Summer,29
62,42.0,Male,200000.0,Bachelor,Employed,Married,0,34308.02,19,1805.69,3.3,0,34,Home,0,54.0,2026-02-28 23:33:35.526001,2026-08-03 23:33:35.526001,Winter,28
63,28.0,Male,200000.0,Bachelor,Employed,Married,0,69747.75,16,4359.23,2.6,0,34,Electronics,0,45.0,2023-11-30 23:33:35.526001,2026-08-25 23:33:35.526001,Fall,6
64,27.0,Female,200000.0,Bachelor,Employed,Married,0,55055.96,15,3670.4,5.0,0,37,Electronics,0,53.0,2026-02-04 23:33:35.526001,2026-06-06 23:33:35.526001,Winter,86
65,57.0,Female,200000.0,High School,Employed,Single,1,55650.95,20,2782.55,3.1,0,63,Electronics,0,69.0,2025-03-21 23:33:35.526001,2026-08-16 23:33:35.526001,Spring,15
66,65.0,Male,200000.0,Bachelor,Unemployed,Married,0,70757.64,20,3537.88,1.7,0,3,Books,0,41.0,2023-01-15 23:33:35.526001,2026-08-31 23:33:35.526001,Winter,0
67,43.0,Female,200000.0,High School,Retired,Single,3,33157.65,9,3684.18,2.8,0,6,Clothing,0,56.0,2024-06-04 23:33:35.526001,2026-08-24 23:33:35.526001,Summer,7
68,60.0,Female,200000.0,Bachelor,Employed,Married,1,65408.75,16,4088.05,2.5,1,56,Clothing,0,48.0,2023-12-02 23:33:35.526001,2026-07-27 23:33:35.526001,Winter,35
69,50.0,Female,200000.0,High School,Unemployed,Single,0,74789.22,18,4154.96,4.2,1,4,Home,0,56.0,2023-03-15 23:33:35.526001,2026-08-25 23:33:35.526001,Spring,6
70,35.0,Male,200000.0,High School,Retired,Married,0,78564.17,13,6043.4,3.8,0,27,Clothing,0,40.0,2025-06-02 23:33:35.526001,2026-08-30 23:33:35.526001,Summer,1
71,50.0,Female,200000.0,Master,Unemployed,Divorced,1,41204.27,18,2289.13,3.8,1,18,Home,0,51.0,2021-10-30 23:33:35.526001,2026-08-03 23:33:35.526001,Fall,28
72,68.0,Female,200000.0,Bachelor,Employed,Divorced,0,80000.0,19,4210.53,3.2,1,2,Electronics,0,66.0,2024-03-12 23:33:35.526001,2026-08-10 23:33:35.526001,Spring,21
73,44.0,Male,200000.0,PhD,Retired,Married,0,69731.77,16,4358.24,3.3,0,8,Home,0,35.0,2022-05-30 23:33:35.526001,2026-07-20 23:33:35.526001,Spring,42
74,68.0,Male,200000.0,PhD,Employed,Married,2,80000.0,20,4000.0,3.2,0,17,Books,0,30.0,2022-01-21 23:33:35.526001,2026-07-18 23:33:35.526001,Winter,44
75,18.0,Female,200000.0,Bachelor,Employed,Single,1,58758.44,11,5341.68,3.4,0,45,Books,0,30.0,2025-12-30 23:33:35.526001,2026-05-27 23:33:35.526001,Winter,96
76,57.0,Male,200000.0,High School,Employed,Married,1,61297.0,14,4378.36,4.2,0,29,Clothing,0,32.0,2022-04-27 23:33:35.526001,2026-08-30 23:33:35.526001,Spring,1
77,46.0,Female,200000.0,Bachelor,Employed,Divorced,1,80000.0,21,3809.52,3.8,0,23,Books,1,58.0,2024-07-21 23:33:35.526001,2026-08-30 23:33:35.526001,Summer,1
78,40.0,Female,200000.0,Master,Employed,Single,1,80000.0,16,5000.0,3.9,1,16,Electronics,0,28.0,2026-01-05 23:33:35.526001,2026-04-23 23:33:35.526001,Winter,130
79,46.0,Male,200000.0,Bachelor,Employed,Married,1,55803.9,13,4292.61,3.9,1,8,Home,0,45.0,2023-03-10 23:33:35.526001,2026-07-31 23:33:35.526001,Spring,31
80,18.0,Female,200000.0,High School,Employed,Divorced,1,46494.55,13,3576.5,4.2,0,3,Electronics,0,59.0,2025-09-20 23:33:35.526001,2026-07-25 23:33:35.526001,Fall,37
81,41.0,Male,200000.0,Bachelor,Unemployed,Divorced,1,52950.07,11,4813.64,3.7,0,12,Electronics,0,56.0,2022-07-15 23:33:35.526001,2026-08-28 23:33:35.526001,Summer,3
82,50.0,Female,200000.0,Master,Retired,Single,2,54749.6,11,4977.24,3.8,0,1,Books,0,44.0,2025-10-25 23:33:35.526001,2026-08-29 23:33:35.526001,Fall,2
83,67.0,Male,200000.0,Master,Employed,Married,2,46477.2,14,3319.8,4.5,1,5,Home,0,52.0,2022-04-29 23:33:35.526001,2026-08-26 23:33:35.526001,Spring,5
84,37.0,Female,200000.0,High School,Retired,Single,1,44715.55,16,2794.72,3.0,1,13,Electronics,0,51.0,2023-01-31 23:33:35.526001,2026-08-15 23:33:35.526001,Winter,16
85,32.0,Male,200000.0,Bachelor,Retired,Single,2,79510.86,13,6116.22,2.8,0,13,Sports,0,46.0,2026-07-24 23:33:35.526001,2026-08-28 23:33:35.526001,Summer,3
86,37.0,Male,200000.0,High School,Unemployed,Divorced,0,34160.93,15,2277.4,2.6,1,1,Sports,0,46.0,2021-09-06 23:33:35.526001,2026-08-14 23:33:35.526001,Fall,17
87,58.0,Female,200000.0,High School,Employed,Divorced,2,70094.74,21,3337.84,3.6,0,21,Books,1,83.0,2026-07-30 23:33:35.526001,2026-08-07 23:33:35.526001,Summer,24
88,49.0,Male,200000.0,Master,Self-Employed,Married,1,38940.3,10,3894.03,2.0,1,19,Clothing,0,62.0,2023-03-13 23:33:35.526001,2026-08-31 23:33:35.526001,Spring,0
89,37.0,Female,,High School,Retired,Single,1,51859.58,17,3050.56,3.9,0,1,Home,0,87.0,2022-05-07 23:33:35.526001,2026-08-28 23:33:35.526001,Spring,3
90,52.0,Male,200000.0,Bachelor,Self-Employed,Divorced,0,34359.83,14,2454.27,3.4,0,68,Clothing,0,42.0,2025-11-12 23:33:35.526001,2026-08-17 23:33:35.526001,Fall,14
91,46.0,Female,200000.0,High School,Employed,Married,3,46170.2,12,3847.52,4.4,0,2,Clothing,0,48.0,2022-03-06 23:33:35.526001,2026-08-30 23:33:35.526001,Spring,1
92,59.0,Male,200000.0,Master,Employed,Married,0,77469.59,18,4303.87,3.0,0,46,Sports,0,30.0,2025-11-12 23:33:35.526001,2026-08-27 23:33:35.526001,Fall,4
93,34.0,Female,,Master,Self-Employed,Married,1,80000.0,14,5714.29,3.3,0,1,Sports,0,37.0,2022-03-02 23:33:35.526001,2026-08-24 23:33:35.526001,Spring,7
94,40.0,Male,200000.0,Bachelor,Employed,Single,0,42468.77,17,2498.16,4.4,0,51,Sports,0,78.0,2024-08-03 23:33:35.526001,2026-08-15 23:33:35.526001,Summer,16
95,39.0,Male,200000.0,Master,Employed,Married,1,56773.65,20,2838.68,4.6,1,1,Electronics,0,42.0,2022-10-25 23:33:35.526001,2026-07-25 23:33:35.526001,Fall,37
96,23.0,Male,200000.0,High School,Employed,Married,1,59037.42,13,4541.34,3.0,1,34,Electronics,0,78.0,2022-03-22 23:33:35.526001,2026-08-27 23:33:35.526001,Spring,4
97,49.0,Male,200000.0,Bachelor,Unemployed,Single,1,80000.0,5,16000.0,3.6,0,10,Electronics,0,31.0,2025-01-30 23:33:35.526001,2026-07-22 23:33:35.526001,Winter,40
98,48.0,Female,200000.0,Bachelor,Retired,Single,0,75937.69,20,3796.88,3.7,0,32,Clothing,0,34.0,2023-06-26 23:33:35.526001,2026-07-05 23:33:35.526001,Summer,57
99,45.0,Male,200000.0,High School,Employed,Single,0,59938.14,17,3525.77,3.8,0,12,Clothing,0,44.0,2023-04-25 23:33:35.526001,2026-07-31 23:33:35.526001,Spring,31
100,41.0,Female,200000.0,Bachelor,Retired,Single,2,70852.78,20,3542.64,3.3,0,1,Clothing,0,49.0,2022-12-11 23:33:35.526001,2026-08-30 23:33:35.526001,Winter,1
101,23.0,Male,200000.0,PhD,Employed,Married,0,80000.0,20,4000.0,4.5,0,35,Books,0,63.0,2025-01-03 23:33:35.526001,2026-08-14 23:33:35.526001,Winter,17
102,38.0,Male,200000.0,High School,Self-Employed,Divorced,1,30470.35,22,1385.02,2.0,1,1,Home,1,56.0,2025-06-10 23:33:35.526001,2026-07-30 23:33:35.526001,Summer,32
103,39.0,Female,200000.0,Bachelor,Unemployed,Single,0,55620.35,12,4635.03,3.2,1,61,Home,0,43.0,2022-11-28 23:33:35.526001,2026-05-08 23:33:35.526001,Fall,115
104,32.0,Female,200000.0,High School,Unemployed,Single,2,80000.0,15,5333.33,3.9,1,1,Home,0,48.0,2025-11-26 23:33:35.526001,2026-06-02 23:33:35.526001,Fall,90
105,42.0,Male,200000.0,High School,Retired,Married,0,72845.79,16,4552.86,3.9,0,15,Electronics,0,45.0,2023-12-11 23:33:35.526001,2026-08-16 23:33:35.526001,Winter,15
106,51.0,Male,200000.0,PhD,Employed,Divorced,1,61517.94,17,3618.7,4.6,0,30,Electronics,0,36.0,2025-03-17 23:33:35.526001,2026-08-03 23:33:35.526001,Spring,28
107,73.0,Male,200000.0,Bachelor,Retired,Married,0,62772.97,15,4184.86,4.5,1,11,Home,0,36.0,2022-10-08 23:33:35.526001,2026-06-26 23:33:35.526001,Fall,66
108,47.0,Female,200000.0,Bachelor,Employed,Married,2,51120.94,25,2044.84,3.3,1,5,Clothing,1,,2022-10-16 23:33:35.526001,2026-07-09 23:33:35.526001,Fall,53
109,48.0,Female,200000.0,Master,Unemployed,Married,2,61102.35,14,4364.45,4.5,1,34,Books,0,22.0,2023-12-21 23:33:35.526001,2026-08-12 23:33:35.526001,Winter,19
110,43.0,Male,200000.0,High School,Unemployed,Single,2,68813.9,17,4047.88,2.9,1,36,Electronics,0,74.0,2025-01-06 23:33:35.526001,2026-08-22 23:33:35.526001,Winter,9
111,18.0,Female,200000.0,Bachelor,Self-Employed,Single,1,55587.14,21,2647.01,4.2,0,61,Electronics,1,44.0,2025-02-15 23:33:35.526001,2026-08-27 23:33:35.526001,Winter,4
112,44.0,Female,200000.0,Bachelor,Employed,Married,0,72000.08,14,5142.86,4.9,0,11,Books,0,38.0,2023-11-01 23:33:35.526001,2026-08-11 23:33:35.526001,Fall,20
113,45.0,Female,200000.0,Bachelor,Retired,Married,0,80000.0,10,8000.0,4.5,0,16,Home,0,61.0,2025-01-17 23:33:35.526001,2026-07-24 23:33:35.526001,Winter,38
114,80.0,Female,200000.0,PhD,Employed,Married,2,38549.84,19,2028.94,3.6,0,10,Sports,0,72.0,2022-05-11 23:33:35.526001,2026-05-19 23:33:35.526001,Spring,104
115,42.0,Male,200000.0,Master,Employed,Married,1,56195.16,12,4682.93,3.2,0,7,Clothing,0,66.0,2026-07-03 23:33:35.526001,2026-07-03 23:33:35.526001,Summer,59
116,49.0,Male,200000.0,Bachelor,Unemployed,Married,0,53843.72,14,3845.98,2.3,0,33,Clothing,0,57.0,2023-08-15 23:33:35.526001,2026-08-25 23:33:35.526001,Summer,6
117,44.0,Male,200000.0,Master,Employed,Single,0,70872.48,16,4429.53,3.7,1,9,Home,0,66.0,2025-05-29 23:33:35.526001,2026-07-24 23:33:35.526001,Spring,38
118,27.0,Male,200000.0,High School,Unemployed,Married,0,44943.22,16,2808.95,2.6,1,13,Clothing,0,24.0,2026-05-19 23:33:35.526001,2026-08-21 23:33:35.526001,Spring,10
119,62.0,Female,200000.0,High School,Employed,Single,0,68650.51,22,3120.48,2.9,0,12,Clothing,1,42.0,2024-05-22 23:33:35.526001,2026-07-28 23:33:35.526001,Spring,34
120,56.0,Female,200000.0,High School,Employed,Single,3,78960.99,13,6073.92,2.5,0,29,Sports,0,36.0,2024-07-03 23:33:35.526001,2026-07-30 23:33:35.526001,Summer,32
121,56.0,Male,200000.0,Bachelor,Unemployed,Married,1,54280.25,14,3877.16,3.1,1,59,Home,0,68.0,2026-05-19 23:33:35.526001,2026-08-22 23:33:35.526001,Spring,9
122,31.0,Male,200000.0,Bachelor,Employed,Divorced,0,80000.0,17,4705.88,3.5,0,26,Sports,0,44.0,2023-03-02 23:33:35.526001,2026-08-23 23:33:35.526001,Spring,8
123,66.0,Male,200000.0,Bachelor,Employed,Widowed,2,80000.0,11,7272.73,3.7,0,15,Electronics,0,62.0,2024-08-19 23:33:35.526001,2026-08-28 23:33:35.526001,Summer,3
124,23.0,Female,200000.0,PhD,Unemployed,Married,1,35285.52,18,1960.31,3.0,0,36,Clothing,0,58.0,2022-12-11 23:33:35.526001,2026-08-30 23:33:35.526001,Winter,1
125,53.0,Male,200000.0,Bachelor,Employed,Single,1,44145.99,4,11036.5,4.4,0,24,Home,0,37.0,2022-08-05 23:33:35.526001,2026-07-04 23:33:35.526001,Summer,58
126,77.0,Female,200000.0,Bachelor,Self-Employed,Single,1,80000.0,6,13333.33,3.3,1,1,Electronics,0,41.0,2022-05-11 23:33:35.526001,2026-08-30 23:33:35.526001,Spring,1
127,30.0,Male,200000.0,High School,Employed,Divorced,0,80000.0,15,5333.33,2.9,1,2,Home,0,69.0,2025-11-03 23:33:35.526001,2026-08-29 23:33:35.526001,Fall,2
128,,Male,200000.0,High School,Unemployed,Married,1,36256.41,13,2788.95,3.7,1,1,Electronics,0,38.0,2024-11-15 23:33:35.526001,2026-08-23 23:33:35.526001,Fall,8
129,46.0,Female,200000.0,Bachelor,Unemployed,Married,0,30097.64,13,2315.2,5.0,0,14,Home,0,51.0,2025-02-22 23:33:35.526001,2026-06-27 23:33:35.526001,Winter,65
130,37.0,Female,200000.0,Bachelor,Unemployed,Married,5,39161.37,14,2797.24,3.8,0,41,Books,0,38.0,2024-12-11 23:33:35.526001,2026-08-19 23:33:35.526001,Winter,12
131,21.0,Male,200000.0,Master,Employed,Married,1,80000.0,10,8000.0,3.2,0,9,Electronics,0,45.0,2022-12-05 23:33:35.526001,2026-08-25 23:33:35.526001,Winter,6
132,46.0,Female,200000.0,High School,Unemployed,Divorced,1,40068.12,14,2862.01,2.3,1,11,Clothing,0,49.0,2022-07-07 23:33:35.526001,2026-07-25 23:33:35.526001,Summer,37
133,29.0,Female,200000.0,High School,Self-Employed,Single,1,62874.77,18,3493.04,3.3,0,57,Books,0,38.0,2023-08-19 23:33:35.526001,2026-08-20 23:33:35.526001,Summer,11
134,52.0,Female,200000.0,Bachelor,Self-Employed,Married,1,80000.0,21,3809.52,3.7,1,43,Books,1,35.0,2024-02-14 23:33:35.526001,2026-08-19 23:33:35.526001,Winter,12
135,31.0,Male,200000.0,High School,Employed,Divorced,0,32325.83,14,2308.99,3.2,0,26,Clothing,0,54.0,2023-02-25 23:33:35.526001,2026-07-22 23:33:35.526001,Winter,40
136,68.0,Female,200000.0,High School,Retired,Single,1,66761.33,15,4450.76,2.2,1,7,Home,0,37.0,2025-09-05 23:33:35.526001,2026-08-23 23:33:35.526001,Fall,8
137,33.0,Female,200000.0,Master,Unemployed,Married,0,45015.27,17,2647.96,2.8,0,2,Clothing,0,37.0,2026-06-05 23:33:35.526001,2026-06-24 23:33:35.526001,Summer,68
138,40.0,Female,200000.0,High School,Employed,Married,0,80000.0,12,6666.67,4.7,0,1,Clothing,0,35.0,2025-06-29 23:33:35.526001,2026-08-07 23:33:35.526001,Summer,24
139,57.0,Male,200000.0,Bachelor,Employed,Widowed,1,48080.6,18,2671.14,4.6,0,2,Electronics,0,48.0,2025-08-29 23:33:35.526001,2026-08-08 23:33:35.526001,Summer,23
140,26.0,Male,200000.0,Bachelor,Retired,Single,2,70351.94,18,3908.44,2.8,0,8,Sports,0,64.0,2025-09-22 23:33:35.526001,2026-08-22 23:33:35.526001,Fall,9
141,48.0,Male,200000.0,High School,Employed,Married,0,71418.5,19,3758.87,4.0,0,19,Electronics,0,72.0,2025-09-18 23:33:35.526001,2026-07-08 23:33:35.526001,Fall,54
142,64.0,Female,200000.0,Bachelor,Retired,Single,0,43993.95,12,3666.16,2.6,1,1,Clothing,0,39.0,2026-05-27 23:33:35.526001,2026-08-06 23:33:35.526001,Spring,25
143,20.0,Male,200000.0,Master,Self-Employed,Married,1,33939.99,17,1996.47,4.6,1,3,Home,0,82.0,2023-03-01 23:33:35.526001,2026-08-26 23:33:35.526001,Spring,5
144,47.0,Female,200000.0,Bachelor,Self-Employed,Single,0,54137.19,16,3383.57,3.7,0,4,Electronics,0,34.0,2023-06-28 23:33:35.526001,2026-08-25 23:33:35.526001,Summer,6
145,48.0,Female,200000.0,Master,Employed,Single,2,46253.98,22,2102.45,4.3,0,23,Clothing,1,66.0,2023-03-08 23:33:35.526001,2026-08-13 23:33:35.526001,Spring,18
146,56.0,Male,200000.0,High School,Employed,Married,0,78177.04,18,4343.17,2.1,0,22,Electronics,0,39.0,2022-06-30 23:33:35.526001,2026-07-17 23:33:35.526001,Summer,45
147,26.0,Female,200000.0,Master,Retired,Divorced,3,79457.42,18,4414.3,4.0,0,19,Home,0,36.0,2024-03-30 23:33:35.526001,2026-06-08 23:33:35.526001,Spring,84
148,25.0,Male,200000.0,High School,Employed,Single,3,55593.03,13,4276.39,3.5,0,6,Books,0,38.0,2025-05-02 23:33:35.526001,2026-07-30 23:33:35.526001,Spring,32
149,52.0,Female,200000.0,Bachelor,Unemployed,Single,1,64322.36,19,3385.39,4.2,1,11,Home,0,49.0,2022-10-05 23:33:35.526001,2026-08-10 23:33:35.526001,Fall,21
150,49.0,Male,200000.0,Bachelor,Employed,Married,0,66344.97,14,4738.93,4.2,1,2,Home,0,58.0,2025-01-04 23:33:35.526001,2026-08-23 23:33:35.526001,Winter,8
151,48.0,Female,200000.0,PhD,Employed,Married,1,79186.9,18,4399.27,3.6,0,6,Books,0,60.0,2025-07-15 23:33:35.526001,2026-07-29 23:33:35.526001,Summer,33
152,50.0,Female,200000.0,Bachelor,Employed,Divorced,1,55507.87,13,4269.84,3.0,1,54,Home,0,35.0,2025-06-09 23:33:35.526001,2026-05-03 23:33:35.526001,Summer,120
153,34.0,Female,200000.0,High School,Employed,Single,3,47472.11,16,2967.01,4.1,1,93,Clothing,0,,2025-12-27 23:33:35.526001,2026-08-12 23:33:35.526001,Winter,19
154,,Female,200000.0,High School,Retired,Married,0,45349.53,13,3488.43,3.5,1,25,Clothing,0,36.0,2024-07-22 23:33:35.526001,2026-08-26 23:33:35.526001,Summer,5
155,49.0,Female,200000.0,Master,Employed,Single,1,60298.53,11,5481.68,2.8,1,59,Books,0,48.0,2024-10-01 23:33:35.526001,2026-08-28 23:33:35.526001,Fall,3
156,34.0,Female,200000.0,Bachelor,Employed,Single,2,58993.37,15,3932.89,2.8,1,24,Sports,0,46.0,2025-07-06 23:33:35.526001,2026-08-22 23:33:35.526001,Summer,9
157,72.0,Female,200000.0,Master,Employed,Married,0,55410.02,13,4262.31,,1,1,Clothing,0,35.0,2026-04-29 23:33:35.526001,2026-08-06 23:33:35.526001,Spring,25
158,52.0,Female,200000.0,High School,Employed,Married,0,34409.2,19,1811.01,3.1,1,120,Clothing,0,54.0,2023-02-24 23:33:35.526001,2026-06-04 23:33:35.526001,Winter,88
159,27.0,Male,200000.0,Bachelor,Employed,Married,1,74219.94,23,3226.95,4.4,1,2,Clothing,1,83.0,2023-05-26 23:33:35.526001,2026-08-21 23:33:35.526001,Spring,10
160,54.0,Female,200000.0,High School,Retired,Married,1,42439.71,17,2496.45,3.6,1,27,Clothing,0,42.0,2024-02-02 23:33:35.526001,2026-08-21 23:33:35.526001,Winter,10
161,30.0,Female,200000.0,PhD,Employed,Married,1,41753.83,12,3479.49,,1,6,Electronics,0,43.0,2024-04-06 23:33:35.526001,2026-08-12 23:33:35.526001,Spring,19
162,56.0,Female,200000.0,Bachelor,Employed,Married,0,55248.29,19,2907.8,4.1,0,11,Clothing,0,58.0,2023-07-23 23:33:35.526001,2026-06-17 23:33:35.526001,Summer,75
163,62.0,Male,200000.0,PhD,Employed,Widowed,3,44750.28,13,3442.33,2.8,1,24,Clothing,0,41.0,2023-01-25 23:33:35.526001,2026-08-15 23:33:35.526001,Winter,16
164,32.0,Female,200000.0,Bachelor,Retired,Single,0,64698.04,7,9242.58,3.6,1,13,Books,0,60.0,2022-03-22 23:33:35.526001,2026-08-24 23:33:35.526001,Spring,7
165,59.0,Male,200000.0,Bachelor,Employed,Single,1,53807.75,15,3587.18,3.4,1,6,Clothing,0,39.0,2026-08-18 23:33:35.526001,2026-08-26 23:33:35.526001,Summer,5
166,51.0,Female,200000.0,Bachelor,Employed,Married,2,54798.9,23,2382.56,4.1,0,9,Books,1,77.0,2023-02-21 23:33:35.526001,2026-08-13 23:33:35.526001,Winter,18
167,57.0,Male,200000.0,Bachelor,Self-Employed,Married,2,62989.95,23,2738.69,2.2,1,10,Home,1,,2024-06-22 23:33:35.526001,2026-07-14 23:33:35.526001,Summer,48
168,73.0,Female,200000.0,Master,Self-Employed,Single,1,41372.6,17,2433.68,2.8,0,76,Sports,0,40.0,2023-10-19 23:33:35.526001,2026-08-21 23:33:35.526001,Fall,10
169,41.0,Female,200000.0,PhD,Employed,Divorced,1,40717.37,19,2143.02,2.2,1,38,Books,0,41.0,2024-01-29 23:33:35.526001,2026-08-10 23:33:35.526001,Winter,21
170,33.0,Male,200000.0,Master,Employed,Single,2,80000.0,9,8888.89,3.3,0,14,Electronics,0,42.0,2026-02-12 23:33:35.526001,2026-08-04 23:33:35.526001,Winter,27
171,31.0,Female,200000.0,Master,Unemployed,Divorced,0,55350.52,12,4612.54,4.5,0,5,Sports,0,70.0,2023-03-14 23:33:35.526001,2026-08-14 23:33:35.526001,Spring,17
172,32.0,Male,200000.0,Bachelor,Employed,Single,1,55388.46,16,3461.78,3.1,1,39,Home,0,30.0,2023-03-17 23:33:35.526001,2026-08-25 23:33:35.526001,Spring,6
173,43.0,Female,200000.0,Bachelor,Unemployed,Married,2,33029.92,11,3002.72,,0,4,Clothing,0,39.0,2025-11-01 23:33:35.526001,2026-06-16 23:33:35.526001,Fall,76
174,50.0,Female,200000.0,PhD,Self-Employed,Divorced,0,60520.47,10,6052.05,4.2,1,5,Electronics,0,41.0,2023-05-30 23:33:35.526001,2026-08-06 23:33:35.526001,Spring,25
175,49.0,Female,200000.0,High School,Employed,Single,1,62220.49,19,3274.76,4.4,0,10,Electronics,0,49.0,2024-08-23 23:33:35.526001,2026-07-23 23:33:35.526001,Summer,39
176,57.0,Female,200000.0,Master,Employed,Widowed,1,63046.44,12,5253.87,3.4,0,50,Electronics,0,45.0,2026-03-08 23:33:35.526001,2026-08-01 23:33:35.526001,Spring,30
177,45.0,Female,200000.0,Master,Employed,Married,0,72417.8,16,4526.11,4.0,0,3,Electronics,0,27.0,2023-10-13 23:33:35.526001,2026-03-04 23:33:35.526001,Fall,180
178,66.0,Male,200000.0,Bachelor,Unemployed,Divorced,3,40607.65,18,2255.98,2.6,0,3,Sports,0,44.0,2024-10-23 23:33:35.526001,2026-08-13 23:33:35.526001,Fall,18
179,41.0,Male,200000.0,PhD,Employed,Married,0,45883.13,10,4588.31,4.6,1,16,Clothing,0,48.0,2025-03-14 23:33:35.526001,2026-08-15 23:33:35.526001,Spring,16
180,,Female,200000.0,Bachelor,Employed,Married,0,76628.93,17,4507.58,5.0,1,7,Books,0,40.0,2023-01-21 23:33:35.526001,2026-08-18 23:33:35.526001,Winter,13
181,54.0,Female,200000.0,Bachelor,Self-Employed,Single,1,80000.0,19,4210.53,3.9,1,20,Home,0,60.0,2025-05-11 23:33:35.526001,2026-08-18 23:33:35.526001,Spring,13
182,32.0,Female,200000.0,High School,Retired,Married,2,37865.98,14,2704.71,1.8,1,14,Home,0,63.0,2025-08-13 23:33:35.526001,2026-08-22 23:33:35.526001,Summer,9
183,28.0,Female,200000.0,Bachelor,Employed,Single,2,59020.47,14,4215.75,3.1,0,13,Home,0,,2025-02-21 23:33:35.526001,2026-05-05 23:33:35.526001,Winter,118
184,52.0,Male,200000.0,Bachelor,Retired,Single,0,42108.09,8,5263.51,4.0,0,2,Sports,0,53.0,2021-09-29 23:33:35.526001,2026-07-01 23:33:35.526001,Fall,61
185,41.0,Female,200000.0,Bachelor,Employed,Single,0,33389.85,14,2384.99,3.2,0,3,Clothing,0,17.0,2021-12-19 23:33:35.526001,2026-08-20 23:33:35.526001,Winter,11
186,55.0,Male,200000.0,Master,Employed,Married,1,45929.12,12,3827.43,4.5,1,41,Sports,0,43.0,2023-01-19 23:33:35.526001,2026-08-21 23:33:35.526001,Winter,10
187,52.0,Female,200000.0,PhD,Employed,Married,0,37919.97,19,1995.79,4.0,1,52,Home,0,65.0,2022-01-29 23:33:35.526001,2026-08-28 23:33:35.526001,Winter,3
188,43.0,Male,200000.0,High School,Employed,Single,0,71720.17,9,7968.91,2.9,0,6,Electronics,0,43.0,2025-10-01 23:33:35.526001,2026-06-30 23:33:35.526001,Fall,62
189,32.0,Male,200000.0,Bachelor,Employed,Single,1,62556.31,11,5686.94,3.5,0,2,Books,0,38.0,2023-03-08 23:33:35.526001,2026-08-18 23:33:35.526001,Spring,13
190,22.0,Male,200000.0,PhD,Employed,Married,0,37824.54,15,2521.64,2.8,1,1,Books,0,84.0,2023-03-15 23:33:35.526001,2026-08-06 23:33:35.526001,Spring,25
191,38.0,Male,200000.0,High School,Retired,Single,0,30339.38,14,2167.1,3.4,0,22,Sports,0,77.0,2023-07-28 23:33:35.526001,2026-06-23 23:33:35.526001,Summer,69
192,57.0,Female,200000.0,High School,Unemployed,Single,2,80000.0,12,6666.67,3.1,0,30,Clothing,0,57.0,2024-03-16 23:33:35.526001,2026-08-16 23:33:35.526001,Spring,15
193,48.0,Male,200000.0,High School,Unemployed,Single,2,41566.02,11,3778.73,4.4,0,11,Books,0,67.0,2024-02-12 23:33:35.526001,2026-07-13 23:33:35.526001,Winter,49
194,26.0,Male,200000.0,Bachelor,Employed,Divorced,0,67275.27,11,6115.93,5.0,0,27,Electronics,0,16.0,2024-10-15 23:33:35.526001,2026-08-15 23:33:35.526001,Fall,16
195,47.0,Male,200000.0,High School,Employed,Divorced,0,49715.44,15,3314.36,2.4,1,29,Clothing,0,38.0,2025-02-16 23:33:35.526001,2026-07-26 23:33:35.526001,Winter,36
196,50.0,Male,200000.0,PhD,Employed,Married,0,65672.19,13,5051.71,2.0,1,65,Electronics,0,42.0,2026-04-30 23:33:35.526001,2026-08-15 23:33:35.526001,Spring,16
197,31.0,Male,200000.0,Bachelor,Unemployed,Married,1,48705.32,16,3044.08,3.3,0,1,Clothing,0,46.0,2023-10-07 23:33:35.526001,2026-08-17 23:33:35.526001,Fall,14
198,47.0,Male,200000.0,Bachelor,Retired,Married,1,35020.28,21,1667.63,2.3,1,5,Home,1,42.0,2024-12-21 23:33:35.526001,2026-04-13 23:33:35.526001,Winter,140
199,45.0,Female,200000.0,High School,Employed,Married,1,43786.69,12,3648.89,3.5,0,1,Electronics,0,11.0,2023-12-17 23:33:35.526001,2026-08-03 23:33:35.526001,Winter,28
200,27.0,Female,200000.0,Bachelor,Employed,Married,0,40686.52,16,2542.91,4.1,0,48,Clothing,0,55.0,2024-05-13 23:33:35.526001,2026-08-18 23:33:35.526001,Spring,13
201,,Female,,Bachelor,Employed,Married,1,57174.16,17,3363.19,4.7,0,37,Electronics,0,58.0,2025-07-11 23:33:35.526001,2026-08-23 23:33:35.526001,Summer,8
202,53.0,Male,200000.0,Master,Employed,Single,0,69336.9,22,3151.68,3.7,0,20,Electronics,1,74.0,2024-09-22 23:33:35.526001,2026-08-30 23:33:35.526001,Fall,1
203,61.0,Male,200000.0,Master,Employed,Single,1,46446.73,10,4644.67,3.3,0,2,Clothing,0,38.0,2022-02-28 23:33:35.526001,2026-07-26 23:33:35.526001,Winter,36
204,60.0,Female,200000.0,Bachelor,Self-Employed,Married,2,32179.8,16,2011.24,1.9,1,7,Electronics,0,36.0,2024-12-02 23:33:35.526001,2026-08-18 23:33:35.526001,Winter,13
205,24.0,Female,200000.0,PhD,Unemployed,Divorced,0,62167.9,10,6216.79,3.5,0,8,Books,0,9.0,2022-12-19 23:33:35.526001,2026-07-11 23:33:35.526001,Winter,51
206,30.0,Male,200000.0,Master,Employed,Married,1,64936.65,12,5411.39,3.6,1,19,Electronics,0,45.0,2023-01-20 23:33:35.526001,2026-08-18 23:33:35.526001,Winter,13
207,52.0,Male,200000.0,Master,Employed,Divorced,2,80000.0,12,6666.67,4.0,0,7,Electronics,0,63.0,2022-09-05 23:33:35.526001,2026-08-17 23:33:35.526001,Fall,14
208,52.0,Male,200000.0,High School,Retired,Widowed,2,66218.97,26,2546.88,2.9,0,1,Clothing,1,40.0,2025-09-18 23:33:35.526001,2026-07-17 23:33:35.526001,Fall,45
209,52.0,Male,200000.0,High School,Employed,Single,3,59162.22,20,2958.11,3.2,0,31,Books,0,82.0,2026-07-25 23:33:35.526001,2026-08-11 23:33:35.526001,Summer,20
210,80.0,Male,200000.0,High School,Employed,Married,2,63290.8,23,2751.77,2.3,1,8,Electronics,1,46.0,2021-12-11 23:33:35.526001,2026-06-28 23:33:35.526001,Winter,64
211,53.0,Female,200000.0,Bachelor,Employed,Married,0,80000.0,14,5714.29,1.7,0,14,Books,0,52.0,2025-04-06 23:33:35.526001,2026-08-05 23:33:35.526001,Spring,26
212,62.0,Female,200000.0,Bachelor,Employed,Widowed,1,80000.0,16,5000.0,2.6,1,3,Home,0,29.0,2024-05-04 23:33:35.526001,2026-08-23 23:33:35.526001,Spring,8
213,59.0,Female,200000.0,Bachelor,Employed,Widowed,1,48616.96,16,3038.56,2.2,0,38,Home,0,54.0,2025-03-14 23:33:35.526001,2026-08-06 23:33:35.526001,Spring,25
214,54.0,Female,433488.6352363749,Master,Unemployed,Married,1,43935.57,6,7322.6,3.8,0,20,Electronics,0,20.0,2024-03-04 23:33:35.526001,2026-08-31 23:33:35.526001,Spring,0
215,40.0,Female,200000.0,Master,Employed,Single,1,47333.89,14,3380.99,3.1,0,55,Books,0,,2024-07-19 23:33:35.526001,2026-08-20 23:33:35.526001,Summer,11
216,56.0,Female,200000.0,PhD,Employed,Married,1,60217.46,17,3542.2,3.1,1,16,Books,0,60.0,2021-12-05 23:33:35.526001,2026-08-25 23:33:35.526001,Winter,6
217,33.0,Female,200000.0,Bachelor,Self-Employed,Single,2,73916.19,14,5279.73,2.7,1,68,Electronics,0,70.0,2024-11-05 23:33:35.526001,2026-07-31 23:33:35.526001,Fall,31
218,41.0,Male,200000.0,Bachelor,Employed,Married,2,59315.54,15,3954.37,1.0,1,53,Home,0,34.0,2023-10-24 23:33:35.526001,2026-08-27 23:33:35.526001,Fall,4
219,37.0,Male,200000.0,Bachelor,Retired,Divorced,0,34400.5,24,1433.35,4.7,0,20,Sports,1,52.0,2026-08-04 23:33:35.526001,2026-08-21 23:33:35.526001,Summer,10
220,46.0,Male,200000.0,High School,Retired,Married,0,72081.69,17,4240.1,2.7,1,65,Home,0,58.0,2025-03-13 23:33:35.526001,2026-08-19 23:33:35.526001,Spring,12
221,79.0,Female,200000.0,High School,Employed,Married,1,78110.87,9,8678.99,3.2,0,9,Home,0,56.0,2023-10-13 23:33:35.526001,2026-08-31 23:33:35.526001,Fall,0
222,18.0,Female,200000.0,Bachelor,Unemployed,Married,1,47703.1,23,2074.05,2.3,1,10,Home,1,37.0,2022-01-29 23:33:35.526001,2026-08-30 23:33:35.526001,Winter,1
223,55.0,Male,200000.0,Bachelor,Employed,Married,0,71146.69,16,4446.67,4.3,1,1,Books,0,14.0,2023-11-27 23:33:35.526001,2026-08-20 23:33:35.526001,Fall,11
224,20.0,Female,200000.0,Master,Retired,Married,1,56263.06,16,3516.44,3.6,1,21,Books,0,55.0,2024-11-11 23:33:35.526001,2026-08-24 23:33:35.526001,Fall,7
225,37.0,Male,200000.0,High School,Employed,Married,1,80000.0,12,6666.67,2.8,1,30,Home,0,47.0,2022-02-14 23:33:35.526001,2026-08-28 23:33:35.526001,Winter,3
226,61.0,Female,200000.0,Master,Retired,Divorced,1,80000.0,23,3478.26,3.2,1,35,Books,1,41.0,2024-11-29 23:33:35.526001,2026-08-26 23:33:35.526001,Fall,5
227,45.0,Male,200000.0,Bachelor,Unemployed,Divorced,2,61226.4,14,4373.31,4.8,0,3,Clothing,0,61.0,2023-07-17 23:33:35.526001,2026-07-08 23:33:35.526001,Summer,54
228,28.0,Male,200000.0,Bachelor,Employed,Single,0,70254.63,19,3697.61,3.4,0,14,Clothing,0,49.0,2023-07-02 23:33:35.526001,2026-07-28 23:33:35.526001,Summer,34
229,34.0,Female,200000.0,Bachelor,Employed,Divorced,3,80000.0,19,4210.53,3.4,1,4,Home,0,30.0,2023-01-26 23:33:35.526001,2026-08-12 23:33:35.526001,Winter,19
230,55.0,Male,200000.0,Bachelor,Retired,Married,0,61181.19,20,3059.06,2.7,0,26,Electronics,0,21.0,2021-11-23 23:33:35.526001,2026-06-21 23:33:35.526001,Fall,71
231,34.0,Male,200000.0,Bachelor,Retired,Single,1,48960.28,10,4896.03,2.0,0,4,Books,0,33.0,2023-03-20 23:33:35.526001,2026-08-31 23:33:35.526001,Spring,0
232,48.0,Male,200000.0,Bachelor,Employed,Single,0,75232.49,13,5787.11,3.4,0,56,Sports,0,85.0,2026-07-20 23:33:35.526001,2026-08-19 23:33:35.526001,Summer,12
233,45.0,Female,200000.0,High School,Unemployed,Single,0,44841.19,20,2242.06,3.8,0,6,Home,0,60.0,2023-06-04 23:33:35.526001,2026-07-10 23:33:35.526001,Summer,52
234,35.0,Female,200000.0,High School,Employed,Divorced,1,51880.51,14,3705.75,4.4,1,8,Sports,0,52.0,2021-10-08 23:33:35.526001,2026-08-02 23:33:35.526001,Fall,29
235,77.0,Male,200000.0,Bachelor,Employed,Married,0,80000.0,14,5714.29,1.7,1,45,Books,0,47.0,2021-12-20 23:33:35.526001,2026-05-03 23:33:35.526001,Winter,120
236,54.0,Female,200000.0,PhD,Employed,Married,0,71849.49,23,3123.89,2.6,0,14,Electronics,1,46.0,2023-07-09 23:33:35.526001,2026-06-06 23:33:35.526001,Summer,86
237,18.0,Female,200000.0,Bachelor,Employed,Single,2,54601.31,11,4963.76,3.0,1,1,Home,0,67.0,2023-02-24 23:33:35.526001,2026-08-26 23:33:35.526001,Winter,5
238,47.0,Male,200000.0,Master,Unemployed,Married,1,43051.16,14,3075.08,3.5,1,16,Electronics,0,42.0,2023-02-08 23:33:35.526001,2026-05-16 23:33:35.526001,Winter,107
239,35.0,Male,200000.0,Bachelor,Employed,Single,1,52900.84,12,4408.4,3.4,0,2,Clothing,0,58.0,2026-01-30 23:33:35.526001,2026-06-05 23:33:35.526001,Winter,87
240,57.0,Male,200000.0,PhD,Unemployed,Married,0,47289.72,19,2488.93,3.4,1,101,Clothing,0,44.0,2022-07-26 23:33:35.526001,2026-08-17 23:33:35.526001,Summer,14
241,33.0,Male,200000.0,Master,Employed,Married,2,40161.2,18,2231.18,3.8,0,21,Electronics,0,79.0,2024-05-17 23:33:35.526001,2026-05-01 23:33:35.526001,Spring,122
242,43.0,Female,200000.0,Bachelor,Employed,Single,1,74601.77,18,4144.54,2.8,0,7,Clothing,0,61.0,2024-09-28 23:33:35.526001,2026-08-30 23:33:35.526001,Fall,1
243,52.0,Male,200000.0,Bachelor,Employed,Divorced,0,45241.9,18,2513.44,4.2,1,19,Clothing,0,68.0,2022-04-20 23:33:35.526001,2026-07-30 23:33:35.526001,Spring,32
244,57.0,Female,200000.0,Master,Employed,Single,0,55578.29,12,4631.52,,0,1,Books,0,41.0,2022-09-06 23:33:35.526001,2026-08-22 23:33:35.526001,Fall,9
245,26.0,Female,200000.0,Bachelor,Employed,Married,0,55861.9,13,4297.07,3.2,1,38,Home,0,65.0,2021-11-26 23:33:35.526001,2026-08-27 23:33:35.526001,Fall,4
246,39.0,Male,200000.0,Bachelor,Employed,Married,0,80000.0,22,3636.36,4.8,0,62,Electronics,1,45.0,2026-06-12 23:33:35.526001,2026-08-06 23:33:35.526001,Summer,25
247,37.0,Female,200000.0,High School,Self-Employed,Married,1,53675.54,19,2825.03,4.7,0,49,Electronics,0,51.0,2024-01-19 23:33:35.526001,2026-08-21 23:33:35.526001,Winter,10
248,35.0,Male,200000.0,Master,Employed,Single,0,35414.11,22,1609.73,4.2,0,10,Books,1,74.0,2023-03-28 23:33:35.526001,2026-07-30 23:33:35.526001,Spring,32
249,71.0,Female,200000.0,Master,Employed,Single,2,36098.96,18,2005.5,1.1,1,9,Books,0,34.0,2024-03-12 23:33:35.526001,2026-08-08 23:33:35.526001,Spring,23
250,51.0,Female,200000.0,High School,Employed,Divorced,0,65304.67,12,5442.06,4.8,0,1,Sports,0,53.0,2023-08-08 23:33:35.526001,2026-08-17 23:33:35.526001,Summer,14
251,26.0,Female,200000.0,Bachelor,Retired,Single,0,65330.57,14,4666.47,4.1,0,25,Electronics,0,56.0,2025-07-03 23:33:35.526001,2026-08-25 23:33:35.526001,Summer,6
252,58.0,Female,200000.0,Bachelor,Retired,Divorced,2,55724.99,16,3482.81,5.0,0,18,Home,0,57.0,2024-02-24 23:33:35.526001,2026-08-04 23:33:35.526001,Winter,27
253,76.0,Male,200000.0,High School,Employed,Widowed,3,56296.33,12,4691.36,4.5,1,14,Clothing,0,43.0,2025-04-02 23:33:35.526001,2026-07-09 23:33:35.526001,Spring,53
254,60.0,Female,200000.0,PhD,Employed,Single,0,32426.06,17,1907.42,4.8,0,57,Books,0,81.0,2026-03-19 23:33:35.526001,2026-08-04 23:33:35.526001,Spring,27
255,22.0,Female,200000.0,High School,Employed,Single,2,62411.83,19,3284.83,4.2,0,4,Electronics,0,30.0,2022-09-11 23:33:35.526001,2026-08-03 23:33:35.526001,Fall,28
256,37.0,Female,200000.0,High School,Retired,Married,1,60577.72,18,3365.43,4.6,1,1,Clothing,0,71.0,2023-12-08 23:33:35.526001,2026-08-10 23:33:35.526001,Winter,21
257,64.0,Female,200000.0,Bachelor,Employed,Widowed,1,39702.78,13,3054.06,5.0,0,1,Electronics,0,68.0,2023-12-12 23:33:35.526001,2026-08-17 23:33:35.526001,Winter,14
258,34.0,Female,200000.0,Master,Employed,Divorced,2,37622.28,10,3762.23,3.7,0,6,Electronics,0,78.0,2024-03-21 23:33:35.526001,2026-08-13 23:33:35.526001,Spring,18
259,51.0,Male,200000.0,High School,Employed,Married,1,37436.24,20,1871.81,2.2,0,1,Clothing,0,26.0,2023-11-19 23:33:35.526001,2026-04-17 23:33:35.526001,Fall,136
260,56.0,Male,200000.0,Bachelor,Employed,Married,2,36378.65,19,1914.67,3.3,0,16,Home,0,36.0,2023-09-30 23:33:35.526001,2026-07-21 23:33:35.526001,Fall,41
261,31.0,Female,200000.0,Bachelor,Employed,Single,1,67392.52,11,6126.59,3.8,0,9,Home,0,72.0,2021-09-05 23:33:35.526001,2026-08-15 23:33:35.526001,Fall,16
262,44.0,Male,200000.0,High School,Unemployed,Widowed,1,41064.1,15,2737.61,3.6,0,4,Books,0,21.0,2024-08-20 23:33:35.526001,2026-08-13 23:33:35.526001,Summer,18
263,18.0,Female,200000.0,High School,Employed,Widowed,1,45139.86,10,4513.99,2.5,1,33,Clothing,0,25.0,2022-10-04 23:33:35.526001,2026-08-11 23:33:35.526001,Fall,20
264,29.0,Female,,Bachelor,Self-Employed,Single,0,40539.88,8,5067.48,2.2,0,5,Clothing,0,42.0,2024-08-06 23:33:35.526001,2026-07-30 23:33:35.526001,Summer,32
265,41.0,Male,200000.0,Bachelor,Employed,Single,2,80000.0,14,5714.29,,1,27,Sports,0,52.0,2021-11-17 23:33:35.526001,2026-08-13 23:33:35.526001,Fall,18
266,26.0,Male,200000.0,PhD,Employed,Single,2,80000.0,22,3636.36,4.1,0,10,Books,1,73.0,2025-07-11 23:33:35.526001,2026-07-28 23:33:35.526001,Summer,34
267,69.0,Female,200000.0,Master,Retired,Single,0,42422.4,18,2356.8,4.8,1,17,Electronics,0,47.0,2023-01-15 23:33:35.526001,2026-08-20 23:33:35.526001,Winter,11
268,23.0,Male,200000.0,PhD,Employed,Divorced,1,48355.87,17,2844.46,4.2,1,65,Electronics,0,40.0,2023-09-17 23:33:35.526001,2026-08-16 23:33:35.526001,Fall,15
269,,Female,,Bachelor,Unemployed,Married,4,43907.8,23,1909.03,4.3,0,1,Books,1,54.0,2025-09-29 23:33:35.526001,2026-07-03 23:33:35.526001,Fall,59
270,46.0,Male,200000.0,PhD,Employed,Single,1,60225.82,19,3169.78,3.4,0,16,Clothing,0,,2024-04-02 23:33:35.526001,2026-08-20 23:33:35.526001,Spring,11
271,66.0,Female,200000.0,Bachelor,Employed,Married,1,30150.67,9,3350.07,2.1,1,46,Electronics,0,56.0,2022-09-07 23:33:35.526001,2026-05-23 23:33:35.526001,Fall,100
272,23.0,Male,200000.0,Bachelor,Retired,Widowed,1,70889.37,11,6444.49,3.1,1,21,Home,0,47.0,2024-01-02 23:33:35.526001,2026-08-26 23:33:35.526001,Winter,5
273,62.0,Female,200000.0,High School,Employed,Married,0,62857.34,19,3308.28,3.3,0,7,Home,0,20.0,2024-10-15 23:33:35.526001,2026-08-23 23:33:35.526001,Fall,8
274,45.0,Male,200000.0,High School,Retired,Married,0,80000.0,12,6666.67,3.1,0,12,Books,0,36.0,2021-09-13 23:33:35.526001,2026-08-13 23:33:35.526001,Fall,18
275,30.0,Female,200000.0,Bachelor,Employed,Single,1,42462.38,11,3860.22,3.5,0,27,Electronics,0,71.0,2022-12-12 23:33:35.526001,2026-07-15 23:33:35.526001,Winter,47
276,51.0,Male,200000.0,Bachelor,Retired,Widowed,0,76522.49,15,5101.5,3.9,0,53,Clothing,0,52.0,2024-08-20 23:33:35.526001,2026-07-23 23:33:35.526001,Summer,39
277,47.0,Female,200000.0,High School,Employed,Divorced,1,78211.48,21,3724.36,4.2,0,1,Sports,1,45.0,2022-10-01 23:33:35.526001,2026-08-26 23:33:35.526001,Fall,5
278,35.0,Female,200000.0,Bachelor,Employed,Single,1,38797.4,11,3527.04,3.3,0,1,Home,0,66.0,2026-08-01 23:33:35.526001,2026-08-23 23:33:35.526001,Summer,8
279,46.0,Male,,Bachelor,Unemployed,Single,2,54804.9,14,3914.64,2.0,1,9,Electronics,0,33.0,2022-05-25 23:33:35.526001,2026-08-06 23:33:35.526001,Spring,25
280,39.0,Male,200000.0,Bachelor,Retired,Single,1,40004.8,12,3333.73,3.1,0,6,Electronics,0,46.0,2022-06-12 23:33:35.526001,2026-08-21 23:33:35.526001,Summer,10
281,46.0,Male,200000.0,Bachelor,Retired,Single,1,44992.79,16,2812.05,3.5,0,7,Clothing,0,52.0,2025-02-02 23:33:35.526001,2026-08-15 23:33:35.526001,Winter,16
282,54.0,Female,200000.0,Master,Unemployed,Married,0,46238.92,17,2719.94,4.5,0,6,Clothing,0,43.0,2026-01-22 23:33:35.526001,2026-08-11 23:33:35.526001,Winter,20
283,68.0,Female,200000.0,Master,Retired,Divorced,2,64189.94,10,6418.99,3.0,1,5,Books,0,51.0,2024-05-26 23:33:35.526001,2026-08-04 23:33:35.526001,Spring,27
284,26.0,Female,200000.0,Bachelor,Employed,Married,0,55287.13,7,7898.16,3.9,1,3,Sports,0,47.0,2025-01-14 23:33:35.526001,2026-08-23 23:33:35.526001,Winter,8
285,76.0,Male,,Bachelor,Employed,Divorced,0,80000.0,17,4705.88,3.7,0,65,Clothing,0,29.0,2022-07-05 23:33:35.526001,2026-08-26 23:33:35.526001,Summer,5
286,18.0,Male,200000.0,Bachelor,Employed,Married,2,36563.34,16,2285.21,,0,3,Electronics,0,52.0,2024-08-07 23:33:35.526001,2026-08-16 23:33:35.526001,Summer,15
287,42.0,Female,200000.0,Master,Employed,Married,0,80000.0,13,6153.85,4.2,0,5,Home,0,30.0,2023-03-03 23:33:35.526001,2026-08-29 23:33:35.526001,Spring,2
288,53.0,Female,200000.0,Bachelor,Employed,Married,2,42898.3,16,2681.14,3.0,0,6,Electronics,0,52.0,2022-04-26 23:33:35.526001,2026-08-09 23:33:35.526001,Spring,22
289,49.0,Female,200000.0,High School,Employed,Single,0,75986.32,16,4749.15,3.0,0,64,Sports,0,70.0,2022-12-25 23:33:35.526001,2026-07-08 23:33:35.526001,Winter,54
290,35.0,Male,200000.0,High School,Employed,Married,1,51353.42,11,4668.49,3.5,0,33,Books,0,45.0,2023-10-03 23:33:35.526001,2026-08-28 23:33:35.526001,Fall,3
291,41.0,Female,200000.0,Bachelor,Self-Employed,Married,0,38692.87,13,2976.37,,1,37,Sports,0,32.0,2023-11-14 23:33:35.526001,2026-08-28 23:33:35.526001,Fall,3
292,37.0,Male,200000.0,Bachelor,Employed,Single,2,80000.0,18,4444.44,3.9,0,2,Electronics,0,48.0,2022-08-03 23:33:35.526001,2026-08-29 23:33:35.526001,Summer,2
293,36.0,Male,,Master,Employed,Married,0,48725.06,23,2118.48,2.9,1,43,Electronics,1,37.0,2021-10-01 23:33:35.526001,2026-07-06 23:33:35.526001,Fall,56
294,57.0,Female,200000.0,High School,Employed,Married,0,69591.02,14,4970.79,3.7,0,12,Clothing,0,58.0,2022-09-26 23:33:35.526001,2026-08-29 23:33:35.526001,Fall,2
295,50.0,Female,200000.0,Bachelor,Unemployed,Widowed,0,64092.8,15,4272.85,3.4,1,7,Clothing,0,47.0,2022-09-25 23:33:35.526001,2026-04-30 23:33:35.526001,Fall,123
296,34.0,Female,,Master,Unemployed,Married,1,57667.57,7,8238.22,3.7,0,20,Clothing,0,75.0,2025-04-26 23:33:35.526001,2026-08-18 23:33:35.526001,Spring,13
297,58.0,Male,200000.0,Master,Self-Employed,Divorced,2,59691.33,13,4591.64,3.1,1,41,Sports,0,67.0,2025-06-19 23:33:35.526001,2026-08-20 23:33:35.526001,Summer,11
298,49.0,Male,200000.0,Bachelor,Employed,Married,0,75062.06,17,4415.42,3.2,0,36,Home,0,47.0,2025-05-09 23:33:35.526001,2026-08-29 23:33:35.526001,Spring,2
299,57.0,Female,200000.0,Bachelor,Employed,Married,3,35380.35,15,2358.69,3.6,1,52,Books,0,60.0,2024-07-09 23:33:35.526001,2026-08-05 23:33:35.526001,Summer,26
300,54.0,Female,200000.0,Bachelor,Employed,Married,2,69297.38,20,3464.87,3.7,1,63,Electronics,0,44.0,2024-01-25 23:33:35.526001,2026-08-05 23:33:35.526001,Winter,26
301,32.0,Male,200000.0,PhD,Employed,Divorced,0,80000.0,13,6153.85,3.5,1,6,Home,0,50.0,2023-11-27 23:33:35.526001,2026-08-11 23:33:35.526001,Fall,20
302,36.0,Male,200000.0,High School,Employed,Married,2,33017.09,20,1650.85,4.9,0,13,Home,0,44.0,2026-06-20 23:33:35.526001,2026-08-20 23:33:35.526001,Summer,11
303,56.0,Male,200000.0,PhD,Employed,Married,1,38513.06,18,2139.61,2.7,1,1,Clothing,0,61.0,2025-01-26 23:33:35.526001,2026-08-18 23:33:35.526001,Winter,13
304,54.0,Female,200000.0,Bachelor,Employed,Married,0,74191.5,13,5707.04,3.4,0,50,Sports,0,71.0,2026-01-23 23:33:35.526001,2026-08-20 23:33:35.526001,Winter,11
305,44.0,Male,200000.0,Bachelor,Retired,Married,0,54896.41,17,3229.2,2.2,0,4,Electronics,0,61.0,2023-11-07 23:33:35.526001,2026-08-15 23:33:35.526001,Fall,16
306,46.0,Male,200000.0,High School,Retired,Single,1,53893.09,17,3170.18,3.8,0,47,Electronics,0,63.0,2023-12-02 23:33:35.526001,2026-08-19 23:33:35.526001,Winter,12
307,,Male,200000.0,Bachelor,Employed,Single,1,38362.31,11,3487.48,2.6,1,9,Electronics,0,63.0,2025-11-14 23:33:35.526001,2026-07-29 23:33:35.526001,Fall,33
308,36.0,Male,200000.0,Bachelor,Employed,Single,0,58572.5,16,3660.78,3.3,0,11,Home,0,58.0,2025-08-16 23:33:35.526001,2026-08-21 23:33:35.526001,Summer,10
309,53.0,Male,200000.0,High School,Employed,Divorced,1,36759.12,16,2297.45,3.2,0,1,Books,0,32.0,2024-06-18 23:33:35.526001,2026-08-19 23:33:35.526001,Summer,12
310,41.0,Female,200000.0,Bachelor,Employed,Single,2,57917.34,27,2145.09,3.7,0,9,Clothing,1,75.0,2022-11-21 23:33:35.526001,2026-08-14 23:33:35.526001,Fall,17
311,41.0,Male,200000.0,PhD,Retired,Single,0,75020.95,21,3572.43,3.1,1,52,Electronics,1,77.0,2024-08-18 23:33:35.526001,2026-08-31 23:33:35.526001,Summer,0
312,61.0,Female,200000.0,Bachelor,Employed,Married,1,45687.75,14,3263.41,3.0,0,1,Electronics,0,46.0,2026-06-12 23:33:35.526001,2026-08-11 23:33:35.526001,Summer,20
313,57.0,Male,200000.0,Master,Unemployed,Married,1,58686.61,21,2794.6,4.6,0,12,Electronics,1,44.0,2026-06-26 23:33:35.526001,2026-08-23 23:33:35.526001,Summer,8
314,57.0,Female,200000.0,High School,Employed,Married,3,80000.0,16,5000.0,3.7,1,1,Clothing,0,59.0,2026-04-17 23:33:35.526001,2026-08-30 23:33:35.526001,Spring,1
315,64.0,Female,200000.0,Bachelor,Retired,Single,1,71626.99,19,3769.84,3.1,1,11,Electronics,0,58.0,2025-07-28 23:33:35.526001,2026-06-20 23:33:35.526001,Summer,72
316,45.0,Female,200000.0,High School,Employed,Widowed,1,80000.0,19,4210.53,3.3,1,4,Electronics,0,46.0,2021-12-08 23:33:35.526001,2026-08-20 23:33:35.526001,Winter,11
317,55.0,Female,200000.0,Bachelor,Unemployed,Divorced,2,56530.11,14,4037.86,4.8,0,6,Home,0,31.0,2025-09-18 23:33:35.526001,2026-08-15 23:33:35.526001,Fall,16
318,40.0,Male,200000.0,PhD,Employed,Divorced,2,74148.88,11,6740.81,3.3,1,50,Clothing,0,,2026-07-03 23:33:35.526001,2026-07-10 23:33:35.526001,Summer,52
319,49.0,Male,200000.0,Bachelor,Self-Employed,Married,0,33007.62,19,1737.24,2.9,1,13,Home,0,58.0,2024-07-14 23:33:35.526001,2026-08-26 23:33:35.526001,Summer,5
320,43.0,Female,200000.0,High School,Employed,Married,2,37196.65,16,2324.79,,0,7,Electronics,0,60.0,2025-03-30 23:33:35.526001,2026-07-06 23:33:35.526001,Spring,56
321,46.0,Female,200000.0,Bachelor,Employed,Single,2,42339.39,10,4233.94,3.1,0,21,Clothing,0,55.0,2024-09-16 23:33:35.526001,2026-08-23 23:33:35.526001,Fall,8
322,53.0,Female,,Bachelor,Retired,Single,0,53718.83,14,3837.06,3.0,0,3,Clothing,0,45.0,2023-12-28 23:33:35.526001,2026-08-05 23:33:35.526001,Winter,26
323,32.0,Female,200000.0,Bachelor,Retired,Single,2,80000.0,20,4000.0,2.5,1,7,Electronics,0,64.0,2023-03-19 23:33:35.526001,2026-07-28 23:33:35.526001,Spring,34
324,76.0,Female,200000.0,Master,Retired,Married,0,50927.37,19,2680.39,2.6,0,18,Electronics,0,50.0,2021-09-22 23:33:35.526001,2026-06-22 23:33:35.526001,Fall,70
325,29.0,Male,200000.0,Master,Self-Employed,Married,2,68698.32,9,7633.15,2.8,1,6,Home,0,43.0,2026-06-13 23:33:35.526001,2026-08-03 23:33:35.526001,Summer,28
326,26.0,Male,200000.0,Bachelor,Unemployed,Married,1,71662.49,12,5971.87,4.0,0,27,Sports,0,47.0,2022-05-02 23:33:35.526001,2026-08-13 23:33:35.526001,Spring,18
327,62.0,Female,200000.0,Bachelor,Employed,Single,2,64722.25,9,7191.36,3.2,0,16,Electronics,0,23.0,2021-10-17 23:33:35.526001,2026-08-06 23:33:35.526001,Fall,25
328,56.0,Female,200000.0,Bachelor,Employed,Married,0,51668.78,18,2870.49,3.3,0,35,Clothing,0,47.0,2021-09-02 23:33:35.526001,2026-08-25 23:33:35.526001,Fall,6
329,54.0,Male,200000.0,High School,Employed,Married,1,65222.2,17,3836.6,4.5,0,71,Sports,0,60.0,2022-01-08 23:33:35.526001,2026-07-27 23:33:35.526001,Winter,35
330,54.0,Female,200000.0,Bachelor,Self-Employed,Married,1,51389.28,9,5709.92,4.5,0,2,Electronics,0,55.0,2026-05-08 23:33:35.526001,2026-08-25 23:33:35.526001,Spring,6
331,44.0,Male,,Bachelor,Employed,Married,1,34538.23,17,2031.66,3.3,1,9,Books,0,72.0,2023-12-19 23:33:35.526001,2026-08-07 23:33:35.526001,Winter,24
332,31.0,Female,200000.0,Bachelor,Employed,Single,2,80000.0,14,5714.29,3.0,0,9,Sports,0,46.0,2022-08-06 23:33:35.526001,2026-07-31 23:33:35.526001,Summer,31
333,46.0,Male,200000.0,Bachelor,Self-Employed,Divorced,1,38593.45,15,2572.9,2.8,0,3,Sports,0,57.0,2022-02-23 23:33:35.526001,2026-06-24 23:33:35.526001,Winter,68
334,34.0,Male,200000.0,High School,Unemployed,Married,1,35506.5,13,2731.27,4.1,1,39,Clothing,0,61.0,2026-04-27 23:33:35.526001,2026-08-14 23:33:35.526001,Spring,17
335,59.0,Female,200000.0,Bachelor,Employed,Single,1,80000.0,15,5333.33,3.3,1,34,Electronics,0,85.0,2022-03-19 23:33:35.526001,2026-07-18 23:33:35.526001,Spring,44
336,42.0,Male,200000.0,High School,Employed,Single,2,47889.15,11,4353.56,3.2,1,15,Electronics,0,52.0,2025-02-04 23:33:35.526001,2026-08-26 23:33:35.526001,Winter,5
337,32.0,Female,200000.0,High School,Employed,Married,3,69208.94,14,4943.5,2.8,0,18,Home,0,34.0,2024-01-09 23:33:35.526001,2026-08-26 23:33:35.526001,Winter,5
338,40.0,Female,200000.0,Master,Employed,Divorced,0,48590.64,23,2112.64,2.9,1,1,Sports,1,62.0,2025-04-18 23:33:35.526001,2026-08-09 23:33:35.526001,Spring,22
339,51.0,Female,200000.0,High School,Employed,Married,1,53293.65,13,4099.51,3.8,0,19,Books,0,77.0,2024-05-24 23:33:35.526001,2026-08-04 23:33:35.526001,Spring,27
340,36.0,Male,200000.0,Bachelor,Self-Employed,Single,1,46471.36,13,3574.72,2.4,0,37,Home,0,45.0,2023-08-01 23:33:35.526001,2026-08-01 23:33:35.526001,Summer,30
341,32.0,Male,200000.0,High School,Self-Employed,Divorced,0,51224.59,21,2439.27,,1,20,Home,1,62.0,2024-12-13 23:33:35.526001,2026-07-21 23:33:35.526001,Winter,41
342,48.0,Male,200000.0,Master,Self-Employed,Married,1,54371.76,13,4182.44,3.1,0,7,Books,0,68.0,2023-05-21 23:33:35.526001,2026-08-21 23:33:35.526001,Spring,10
343,48.0,Female,200000.0,Bachelor,Employed,Married,1,73442.68,22,3338.3,3.4,0,26,Home,1,65.0,2025-06-05 23:33:35.526001,2026-08-02 23:33:35.526001,Summer,29
344,37.0,Female,200000.0,High School,Unemployed,Married,0,59867.52,16,3741.72,2.4,0,10,Books,0,51.0,2023-08-11 23:33:35.526001,2026-08-25 23:33:35.526001,Summer,6
345,37.0,Female,200000.0,Bachelor,Employed,Single,0,80000.0,7,11428.57,3.5,0,18,Clothing,0,39.0,2021-12-16 23:33:35.526001,2026-08-24 23:33:35.526001,Winter,7
346,48.0,Female,200000.0,Master,Employed,Married,1,32435.0,9,3603.89,3.2,0,16,Electronics,0,48.0,2025-08-11 23:33:35.526001,2026-08-29 23:33:35.526001,Summer,2
347,23.0,Female,200000.0,PhD,Unemployed,Married,1,59908.15,18,3328.23,3.5,0,11,Home,0,56.0,2023-04-20 23:33:35.526001,2026-07-21 23:33:35.526001,Spring,41
348,23.0,Female,200000.0,High School,Employed,Widowed,4,64691.76,13,4976.29,4.7,0,30,Clothing,0,63.0,2025-09-02 23:33:35.526001,2026-08-10 23:33:35.526001,Fall,21
349,34.0,Male,200000.0,Master,Employed,Married,0,80000.0,13,6153.85,3.6,1,51,Electronics,0,55.0,2021-12-04 23:33:35.526001,2026-08-23 23:33:35.526001,Winter,8
350,41.0,Female,200000.0,PhD,Retired,Married,0,32501.63,16,2031.35,2.9,1,1,Home,0,44.0,2025-04-20 23:33:35.526001,2026-08-07 23:33:35.526001,Spring,24
351,49.0,Male,200000.0,PhD,Employed,Married,3,65068.12,15,4337.87,2.9,1,65,Books,0,58.0,2025-03-12 23:33:35.526001,2026-08-18 23:33:35.526001,Spring,13
352,67.0,Female,200000.0,Bachelor,Self-Employed,Divorced,2,80000.0,14,5714.29,4.0,0,17,Sports,0,62.0,2023-03-22 23:33:35.526001,2026-07-08 23:33:35.526001,Spring,54
353,57.0,Female,200000.0,Bachelor,Employed,Divorced,1,46108.63,12,3842.39,,0,28,Electronics,0,55.0,2026-08-15 23:33:35.526001,2026-08-09 23:33:35.526001,Summer,22
354,42.0,Female,200000.0,Bachelor,Self-Employed,Married,1,80000.0,13,6153.85,3.7,0,46,Books,0,37.0,2023-12-24 23:33:35.526001,2026-08-31 23:33:35.526001,Winter,0
355,44.0,Male,200000.0,Master,Employed,Married,1,30251.06,13,2327.0,4.1,0,15,Electronics,0,47.0,2023-06-23 23:33:35.526001,2026-04-27 23:33:35.526001,Summer,126
356,29.0,Male,200000.0,Bachelor,Employed,Married,2,74016.98,8,9252.12,4.0,0,43,Sports,0,64.0,2024-12-19 23:33:35.526001,2026-08-29 23:33:35.526001,Winter,2
357,44.0,Male,,Bachelor,Self-Employed,Married,2,80000.0,21,3809.52,4.6,0,4,Electronics,1,29.0,2022-09-17 23:33:35.526001,2026-07-27 23:33:35.526001,Fall,35
358,40.0,Male,200000.0,Bachelor,Employed,Single,1,69105.21,13,5315.79,1.9,0,4,Books,0,18.0,2022-08-12 23:33:35.526001,2026-08-14 23:33:35.526001,Summer,17
359,49.0,Male,200000.0,Master,Employed,Married,0,58344.18,16,3646.51,4.0,0,25,Home,0,72.0,2025-11-04 23:33:35.526001,2026-08-23 23:33:35.526001,Fall,8
360,32.0,Female,464817.52243414876,Master,Employed,Single,2,32385.29,18,1799.18,4.3,0,48,Clothing,0,57.0,2025-09-26 23:33:35.526001,2026-07-29 23:33:35.526001,Fall,33
361,52.0,Female,200000.0,High School,Employed,Divorced,3,80000.0,16,5000.0,2.4,0,53,Sports,0,59.0,2025-11-01 23:33:35.526001,2026-08-27 23:33:35.526001,Fall,4
362,67.0,Male,200000.0,Master,Employed,Married,1,58759.09,17,3456.42,2.8,1,24,Home,0,33.0,2025-01-16 23:33:35.526001,2026-07-04 23:33:35.526001,Winter,58
363,43.0,Male,200000.0,Bachelor,Employed,Widowed,1,30739.18,13,2364.55,2.8,0,17,Electronics,0,61.0,2026-06-16 23:33:35.526001,2026-08-23 23:33:35.526001,Summer,8
364,51.0,Male,200000.0,Master,Retired,Married,0,70534.17,12,5877.85,,1,9,Electronics,0,54.0,2021-09-14 23:33:35.526001,2026-08-18 23:33:35.526001,Fall,13
365,55.0,Female,200000.0,Bachelor,Employed,Married,1,57704.21,5,11540.84,,1,93,Electronics,0,26.0,2024-02-29 23:33:35.526001,2026-08-01 23:33:35.526001,Winter,30
366,38.0,Female,,Bachelor,Employed,Married,0,36574.75,13,2813.44,3.7,1,9,Electronics,0,,2024-07-12 23:33:35.526001,2026-08-31 23:33:35.526001,Summer,0
367,48.0,Female,200000.0,PhD,Employed,Single,0,40006.28,15,2667.09,4.2,0,32,Home,0,52.0,2022-02-25 23:33:35.526001,2026-08-12 23:33:35.526001,Winter,19
368,45.0,Female,200000.0,Bachelor,Employed,Married,1,34414.02,10,3441.4,4.4,1,18,Sports,0,44.0,2024-02-22 23:33:35.526001,2026-06-25 23:33:35.526001,Winter,67
369,46.0,Female,200000.0,Master,Retired,Single,1,66511.81,15,4434.12,2.8,0,22,Electronics,0,44.0,2022-12-30 23:33:35.526001,2026-07-28 23:33:35.526001,Winter,34
370,33.0,Female,200000.0,Bachelor,Employed,Married,0,67469.59,23,2933.46,2.8,0,12,Clothing,1,19.0,2022-06-29 23:33:35.526001,2026-08-17 23:33:35.526001,Summer,14
371,45.0,Male,200000.0,Bachelor,Retired,Married,1,58928.27,13,4532.94,4.6,0,80,Clothing,0,58.0,2023-08-28 23:33:35.526001,2026-07-30 23:33:35.526001,Summer,32
372,52.0,Female,200000.0,Bachelor,Employed,Married,0,78383.35,12,6531.95,4.0,0,20,Electronics,0,53.0,2021-11-15 23:33:35.526001,2026-06-10 23:33:35.526001,Fall,82
373,66.0,Male,200000.0,Bachelor,Unemployed,Single,0,80000.0,12,6666.67,3.6,1,66,Clothing,0,47.0,2025-08-30 23:33:35.526001,2026-08-25 23:33:35.526001,Summer,6
374,59.0,Female,200000.0,Bachelor,Employed,Single,2,65919.88,15,4394.66,3.9,1,1,Clothing,0,69.0,2022-05-14 23:33:35.526001,2026-08-09 23:33:35.526001,Spring,22
375,77.0,Male,200000.0,High School,Retired,Married,2,31625.57,21,1505.98,3.5,0,20,Clothing,1,29.0,2024-11-16 23:33:35.526001,2026-08-23 23:33:35.526001,Fall,8
376,33.0,Female,200000.0,Bachelor,Self-Employed,Divorced,0,72524.04,10,7252.4,3.9,0,30,Books,0,41.0,2023-11-29 23:33:35.526001,2026-07-05 23:33:35.526001,Fall,57
377,58.0,Female,200000.0,High School,Employed,Married,2,53924.5,9,5991.61,3.2,1,32,Home,0,37.0,2022-01-02 23:33:35.526001,2026-07-24 23:33:35.526001,Winter,38
378,47.0,Female,200000.0,PhD,Employed,Married,0,64658.53,10,6465.85,3.7,0,56,Electronics,0,45.0,2025-07-31 23:33:35.526001,2026-07-14 23:33:35.526001,Summer,48
379,77.0,Female,200000.0,PhD,Employed,Married,0,70471.65,13,5420.9,2.3,1,1,Home,0,51.0,2023-03-25 23:33:35.526001,2026-06-07 23:33:35.526001,Spring,85
380,32.0,Male,200000.0,Bachelor,Retired,Single,1,52916.76,20,2645.84,2.9,0,1,Books,0,56.0,2024-06-18 23:33:35.526001,2026-08-24 23:33:35.526001,Summer,7
381,32.0,Male,200000.0,Master,Employed,Widowed,1,80000.0,17,4705.88,3.0,1,15,Home,0,44.0,2023-10-14 23:33:35.526001,2026-08-30 23:33:35.526001,Fall,1
382,36.0,Male,200000.0,Bachelor,Employed,Married,0,37136.5,11,3376.05,3.2,0,1,Clothing,0,36.0,2022-07-24 23:33:35.526001,2026-08-21 23:33:35.526001,Summer,10
383,18.0,Male,200000.0,Bachelor,Unemployed,Single,3,73114.93,8,9139.37,2.8,1,88,Home,0,75.0,2023-01-20 23:33:35.526001,2026-08-16 23:33:35.526001,Winter,15
384,37.0,Female,200000.0,Master,Employed,Married,0,29907.37,12,2492.28,3.1,0,6,Home,0,86.0,2024-05-08 23:33:35.526001,2026-08-02 23:33:35.526001,Spring,29
385,33.0,Male,200000.0,PhD,Retired,Single,1,80000.0,10,8000.0,2.3,1,15,Clothing,0,52.0,2022-09-10 23:33:35.526001,2026-07-15 23:33:35.526001,Fall,47
386,47.0,Female,200000.0,Bachelor,Unemployed,Widowed,1,37077.32,15,2471.82,3.9,0,1,Clothing,0,38.0,2024-04-11 23:33:35.526001,2026-08-19 23:33:35.526001,Spring,12
387,50.0,Female,200000.0,Master,Self-Employed,Single,1,35110.99,16,2194.44,3.4,0,17,Sports,0,72.0,2023-08-12 23:33:35.526001,2026-08-12 23:33:35.526001,Summer,19
388,73.0,Female,200000.0,Bachelor,Retired,Married,1,50379.5,11,4579.95,2.1,1,11,Home,0,28.0,2026-05-08 23:33:35.526001,2026-07-16 23:33:35.526001,Spring,46
389,59.0,Male,200000.0,PhD,Employed,Single,1,51093.9,10,5109.39,2.8,1,1,Sports,0,44.0,2023-06-05 23:33:35.526001,2026-08-24 23:33:35.526001,Summer,7
390,36.0,Female,200000.0,High School,Employed,Married,1,42619.25,17,2507.01,3.8,0,9,Home,0,39.0,2023-02-26 23:33:35.526001,2026-08-24 23:33:35.526001,Winter,7
391,31.0,Female,200000.0,Bachelor,Employed,Married,2,66392.88,13,5107.14,3.1,1,11,Books,0,32.0,2025-08-23 23:33:35.526001,2026-08-05 23:33:35.526001,Summer,26
392,52.0,Female,200000.0,Bachelor,Employed,Married,1,56517.78,14,4036.98,2.9,1,110,Electronics,0,45.0,2024-05-03 23:33:35.526001,2026-08-14 23:33:35.526001,Spring,17
393,25.0,Female,200000.0,Bachelor,Unemployed,Married,2,32192.13,16,2012.01,3.4,1,5,Electronics,0,37.0,2026-06-02 23:33:35.526001,2026-06-03 23:33:35.526001,Summer,89
394,72.0,Female,200000.0,High School,Retired,Divorced,0,49654.38,18,2758.58,3.8,1,18,Sports,0,50.0,2024-08-04 23:33:35.526001,2026-08-18 23:33:35.526001,Summer,13
395,62.0,Male,200000.0,PhD,Employed,Single,0,79796.64,13,6138.2,2.4,1,104,Clothing,0,50.0,2023-01-17 23:33:35.526001,2026-07-20 23:33:35.526001,Winter,42
396,37.0,Female,200000.0,High School,Employed,Married,1,69726.87,19,3669.84,3.9,1,37,Electronics,0,40.0,2026-07-31 23:33:35.526001,2026-08-05 23:33:35.526001,Summer,26
397,19.0,Male,200000.0,Bachelor,Retired,Single,1,74076.78,12,6173.06,2.9,1,120,Home,0,44.0,2025-09-07 23:33:35.526001,2026-08-30 23:33:35.526001,Fall,1
398,65.0,Male,200000.0,High School,Employed,Widowed,1,71618.88,15,4774.59,3.5,1,82,Home,0,46.0,2025-05-18 23:33:35.526001,2026-08-29 23:33:35.526001,Spring,2
399,43.0,Male,200000.0,Bachelor,Employed,Married,1,48825.02,18,2712.5,3.5,0,16,Electronics,0,62.0,2021-11-01 23:33:35.526001,2026-08-25 23:33:35.526001,Fall,6
400,63.0,Male,200000.0,Bachelor,Employed,Married,1,37039.79,14,2645.7,3.1,1,28,Electronics,0,47.0,2023-07-06 23:33:35.526001,2026-08-27 23:33:35.526001,Summer,4
401,21.0,Male,200000.0,Bachelor,Retired,Married,0,45153.84,21,2150.18,2.7,1,2,Clothing,1,62.0,2021-09-20 23:33:35.526001,2026-08-20 23:33:35.526001,Fall,11
402,36.0,Male,485684.14218878525,High School,Self-Employed,Single,0,78894.47,17,4640.85,3.3,1,13,Electronics,0,58.0,2025-12-04 23:33:35.526001,2026-08-06 23:33:35.526001,Winter,25
403,45.0,Female,200000.0,High School,Unemployed,Single,1,80000.0,16,5000.0,4.8,0,39,Home,0,58.0,2022-07-01 23:33:35.526001,2026-08-04 23:33:35.526001,Summer,27
404,45.0,Female,200000.0,Bachelor,Unemployed,Single,1,59081.66,14,4220.12,2.4,0,16,Clothing,0,70.0,2022-09-24 23:33:35.526001,2026-08-05 23:33:35.526001,Fall,26
405,38.0,Female,200000.0,Master,Employed,Married,3,31912.45,12,2659.37,,0,29,Home,0,33.0,2026-02-03 23:33:35.526001,2026-08-28 23:33:35.526001,Winter,3
406,54.0,Male,200000.0,Master,Employed,Single,0,38282.1,12,3190.18,3.3,1,32,Home,0,42.0,2024-10-10 23:33:35.526001,2026-08-04 23:33:35.526001,Fall,27
407,28.0,Male,200000.0,High School,Unemployed,Single,0,47984.71,10,4798.47,3.5,0,7,Books,0,76.0,2023-01-09 23:33:35.526001,2026-08-16 23:33:35.526001,Winter,15
408,42.0,Female,200000.0,Bachelor,Employed,Divorced,0,64229.44,20,3211.47,2.6,1,50,Clothing,0,46.0,2023-05-04 23:33:35.526001,2026-06-22 23:33:35.526001,Spring,70
409,46.0,Male,200000.0,High School,Unemployed,Widowed,1,33017.76,12,2751.48,2.9,0,14,Clothing,0,7.0,2022-11-19 23:33:35.526001,2026-06-20 23:33:35.526001,Fall,72
410,52.0,Male,200000.0,High School,Retired,Married,2,80000.0,18,4444.44,3.1,1,5,Clothing,0,46.0,2025-05-31 23:33:35.526001,2026-07-19 23:33:35.526001,Spring,43
411,55.0,Female,200000.0,Bachelor,Self-Employed,Married,1,52293.84,20,2614.69,2.7,1,48,Clothing,0,52.0,2025-06-08 23:33:35.526001,2026-07-26 23:33:35.526001,Summer,36
412,28.0,Male,200000.0,Bachelor,Unemployed,Single,0,80000.0,14,5714.29,3.3,1,12,Home,0,10.0,2026-06-24 23:33:35.526001,2026-08-28 23:33:35.526001,Summer,3
413,21.0,Female,200000.0,High School,Unemployed,Married,1,77943.94,19,4102.31,3.2,1,33,Clothing,0,70.0,2021-09-23 23:33:35.526001,2026-08-29 23:33:35.526001,Fall,2
414,64.0,Female,200000.0,High School,Unemployed,Divorced,2,75255.12,15,5017.01,5.0,1,19,Home,0,39.0,2021-09-20 23:33:35.526001,2026-07-07 23:33:35.526001,Fall,55
415,49.0,Male,200000.0,High School,Employed,Single,0,66488.77,11,6044.43,2.6,1,11,Electronics,0,54.0,2024-04-09 23:33:35.526001,2026-08-15 23:33:35.526001,Spring,16
416,33.0,Male,200000.0,Master,Employed,Single,1,67328.66,10,6732.87,3.6,0,39,Electronics,0,46.0,2025-05-21 23:33:35.526001,2026-08-13 23:33:35.526001,Spring,18
417,68.0,Female,200000.0,PhD,Employed,Married,0,69053.04,11,6277.55,3.7,1,21,Sports,0,30.0,2022-11-16 23:33:35.526001,2026-07-06 23:33:35.526001,Fall,56
418,46.0,Male,200000.0,High School,Self-Employed,Married,3,68506.44,18,3805.91,2.6,1,11,Books,0,33.0,2022-10-20 23:33:35.526001,2026-08-02 23:33:35.526001,Fall,29
419,62.0,Male,200000.0,High School,Employed,Single,2,63558.75,11,5778.07,4.0,0,2,Clothing,0,35.0,2026-04-25 23:33:35.526001,2026-08-26 23:33:35.526001,Spring,5
420,,Female,200000.0,Master,Unemployed,Married,2,80000.0,12,6666.67,3.2,0,54,Clothing,0,66.0,2021-09-26 23:33:35.526001,2026-08-24 23:33:35.526001,Fall,7
421,75.0,Male,200000.0,PhD,Employed,Married,1,73725.34,16,4607.83,1.5,1,1,Electronics,0,47.0,2024-08-28 23:33:35.526001,2026-08-31 23:33:35.526001,Summer,0
422,71.0,Female,200000.0,Bachelor,Self-Employed,Married,1,77158.99,18,4286.61,4.0,0,47,Home,0,,2021-10-18 23:33:35.526001,2026-07-25 23:33:35.526001,Fall,37
423,41.0,Female,200000.0,High School,Employed,Married,3,80000.0,22,3636.36,2.6,0,10,Electronics,1,35.0,2022-07-14 23:33:35.526001,2026-08-12 23:33:35.526001,Summer,19
424,59.0,Male,200000.0,High School,Unemployed,Divorced,1,42940.62,14,3067.19,2.7,0,24,Books,0,67.0,2023-03-12 23:33:35.526001,2026-06-03 23:33:35.526001,Spring,89
425,54.0,Male,200000.0,Bachelor,Employed,Married,0,34753.61,19,1829.14,4.1,0,61,Books,0,71.0,2023-10-23 23:33:35.526001,2026-07-25 23:33:35.526001,Fall,37
426,65.0,Male,200000.0,Bachelor,Employed,Divorced,1,58516.45,13,4501.27,3.2,0,3,Sports,0,67.0,2022-10-11 23:33:35.526001,2026-08-28 23:33:35.526001,Fall,3
427,30.0,Male,200000.0,High School,Employed,Married,1,60155.73,10,6015.57,,0,20,Clothing,0,57.0,2022-01-13 23:33:35.526001,2026-08-26 23:33:35.526001,Winter,5
428,,Male,200000.0,Bachelor,Unemployed,Married,1,80000.0,14,5714.29,4.5,0,34,Electronics,0,54.0,2023-03-27 23:33:35.526001,2026-08-11 23:33:35.526001,Spring,20
429,60.0,Female,200000.0,High School,Employed,Married,3,57937.62,15,3862.51,3.0,1,34,Books,0,31.0,2025-08-28 23:33:35.526001,2026-06-15 23:33:35.526001,Summer,77
430,18.0,Male,200000.0,Master,Employed,Divorced,0,65422.28,16,4088.89,4.1,1,17,Electronics,0,46.0,2026-07-04 23:33:35.526001,2026-08-23 23:33:35.526001,Summer,8
431,27.0,Female,200000.0,Bachelor,Retired,Divorced,1,60367.69,9,6707.52,2.9,1,23,Electronics,0,39.0,2023-02-03 23:33:35.526001,2026-07-10 23:33:35.526001,Winter,52
432,18.0,Female,,High School,Unemployed,Single,1,33581.37,20,1679.07,5.0,1,34,Electronics,0,22.0,2025-02-20 23:33:35.526001,2026-08-20 23:33:35.526001,Winter,11
433,40.0,Female,200000.0,Bachelor,Retired,Divorced,0,66594.74,20,3329.74,2.9,1,44,Clothing,0,65.0,2023-08-01 23:33:35.526001,2026-08-22 23:33:35.526001,Summer,9
434,55.0,Female,200000.0,Bachelor,Employed,Divorced,2,80000.0,16,5000.0,4.3,1,34,Electronics,0,39.0,2026-07-14 23:33:35.526001,2026-06-23 23:33:35.526001,Summer,69
435,67.0,Male,200000.0,PhD,Employed,Married,0,38543.82,15,2569.59,4.2,0,10,Clothing,0,67.0,2025-02-15 23:33:35.526001,2026-08-30 23:33:35.526001,Winter,1
436,46.0,Female,,Bachelor,Retired,Single,0,65801.88,21,3133.42,3.8,1,120,Sports,1,63.0,2025-01-15 23:33:35.526001,2026-07-30 23:33:35.526001,Winter,32
437,69.0,Female,200000.0,Bachelor,Employed,Divorced,2,65930.36,19,3470.02,3.0,0,13,Home,0,58.0,2024-06-10 23:33:35.526001,2026-08-30 23:33:35.526001,Summer,1
438,24.0,Male,200000.0,Master,Unemployed,Divorced,0,38366.49,8,4795.81,3.4,0,1,Electronics,0,59.0,2026-07-03 23:33:35.526001,2026-07-14 23:33:35.526001,Summer,48
439,19.0,Male,,Bachelor,Employed,Single,2,38016.08,16,2376.0,1.8,1,10,Electronics,0,40.0,2026-03-23 23:33:35.526001,2026-07-09 23:33:35.526001,Spring,53
440,44.0,Female,200000.0,PhD,Employed,Widowed,0,80000.0,13,6153.85,3.7,0,3,Books,0,77.0,2026-05-20 23:33:35.526001,2026-06-25 23:33:35.526001,Spring,67
441,50.0,Male,200000.0,Bachelor,Employed,Single,0,53448.5,19,2813.08,3.8,0,3,Home,0,50.0,2024-05-07 23:33:35.526001,2026-08-25 23:33:35.526001,Spring,6
442,44.0,Male,200000.0,Bachelor,Employed,Single,2,45005.47,15,3000.36,3.6,0,7,Electronics,0,,2025-07-15 23:33:35.526001,2026-08-28 23:33:35.526001,Summer,3
443,18.0,Male,200000.0,High School,Employed,Married,1,40089.78,11,3644.53,1.1,1,1,Home,0,40.0,2024-07-06 23:33:35.526001,2026-08-10 23:33:35.526001,Summer,21
444,43.0,Male,200000.0,Bachelor,Employed,Married,1,70905.69,18,3939.2,,0,27,Books,0,36.0,2026-03-01 23:33:35.526001,2026-08-22 23:33:35.526001,Spring,9
445,25.0,Female,200000.0,Master,Retired,Married,2,64348.15,12,5362.35,2.9,1,1,Clothing,0,57.0,2025-07-10 23:33:35.526001,2026-08-04 23:33:35.526001,Summer,27
446,55.0,Female,200000.0,Master,Employed,Single,0,71031.91,16,4439.49,3.7,1,5,Sports,0,53.0,2023-07-18 23:33:35.526001,2026-08-10 23:33:35.526001,Summer,21
447,,Female,,High School,Self-Employed,Widowed,0,36775.82,17,2163.28,3.7,0,2,Home,0,38.0,2025-07-28 23:33:35.526001,2026-08-27 23:33:35.526001,Summer,4
448,30.0,Male,200000.0,High School,Unemployed,Single,0,80000.0,10,8000.0,3.4,1,1,Home,0,28.0,2024-01-17 23:33:35.526001,2026-07-22 23:33:35.526001,Winter,40
449,37.0,Male,200000.0,Master,Self-Employed,Single,1,51383.89,13,3952.61,4.0,1,7,Clothing,0,30.0,2024-07-13 23:33:35.526001,2026-07-14 23:33:35.526001,Summer,48
450,29.0,Female,200000.0,PhD,Employed,Single,1,49090.19,17,2887.66,2.7,1,20,Books,0,67.0,2022-01-04 23:33:35.526001,2026-05-25 23:33:35.526001,Winter,98
451,44.0,Male,200000.0,High School,Unemployed,Married,1,56297.76,17,3311.63,4.0,0,80,Books,0,40.0,2024-11-14 23:33:35.526001,2026-08-16 23:33:35.526001,Fall,15
452,59.0,Male,200000.0,Bachelor,Self-Employed,Divorced,0,53848.82,17,3167.58,3.9,0,50,Clothing,0,44.0,2025-06-20 23:33:35.526001,2026-08-19 23:33:35.526001,Summer,12
453,30.0,Female,200000.0,Bachelor,Unemployed,Married,0,80000.0,18,4444.44,3.8,1,50,Books,0,71.0,2025-10-17 23:33:35.526001,2026-08-25 23:33:35.526001,Fall,6
454,52.0,Male,200000.0,Master,Unemployed,Divorced,0,80000.0,14,5714.29,3.4,0,4,Electronics,0,33.0,2025-01-02 23:33:35.526001,2026-08-26 23:33:35.526001,Winter,5
455,,Female,200000.0,High School,Retired,Single,2,49328.16,22,2242.19,5.0,0,7,Electronics,1,39.0,2023-03-06 23:33:35.526001,2026-08-20 23:33:35.526001,Spring,11
456,33.0,Male,200000.0,High School,Self-Employed,Married,1,80000.0,12,6666.67,3.9,0,1,Clothing,0,38.0,2024-03-03 23:33:35.526001,2026-05-03 23:33:35.526001,Spring,120
457,43.0,Male,200000.0,Master,Employed,Married,0,77867.21,19,4098.27,2.7,1,36,Home,0,74.0,2022-08-21 23:33:35.526001,2026-08-29 23:33:35.526001,Summer,2
458,29.0,Male,200000.0,High School,Self-Employed,Married,0,80000.0,15,5333.33,3.7,0,1,Sports,0,79.0,2025-04-21 23:33:35.526001,2026-08-22 23:33:35.526001,Spring,9
459,36.0,Female,200000.0,Bachelor,Employed,Single,1,43329.49,17,2548.79,4.1,1,19,Clothing,0,61.0,2022-12-03 23:33:35.526001,2026-08-29 23:33:35.526001,Winter,2
460,27.0,Female,200000.0,Bachelor,Retired,Married,0,65595.42,8,8199.43,3.0,0,6,Books,0,61.0,2025-06-30 23:33:35.526001,2026-08-22 23:33:35.526001,Summer,9
461,74.0,Female,200000.0,Bachelor,Employed,Married,0,46202.3,14,3300.16,4.4,0,6,Electronics,0,41.0,2024-06-04 23:33:35.526001,2026-08-29 23:33:35.526001,Summer,2
462,45.0,Female,200000.0,Bachelor,Employed,Married,0,78055.89,19,4108.2,3.8,0,112,Sports,0,79.0,2023-11-12 23:33:35.526001,2026-08-10 23:33:35.526001,Fall,21
463,,Male,200000.0,Bachelor,Unemployed,Married,1,31671.49,9,3519.05,1.6,1,33,Books,0,54.0,2026-01-03 23:33:35.526001,2026-08-14 23:33:35.526001,Winter,17
464,48.0,Female,200000.0,High School,Self-Employed,Single,0,65988.56,9,7332.06,3.7,0,43,Home,0,62.0,2023-09-13 23:33:35.526001,2026-08-26 23:33:35.526001,Fall,5
465,43.0,Male,200000.0,Bachelor,Employed,Married,1,50310.96,12,4192.58,3.2,1,20,Home,0,48.0,2022-06-02 23:33:35.526001,2026-08-26 23:33:35.526001,Summer,5
466,41.0,Female,200000.0,Master,Employed,Single,2,51520.14,13,3963.09,3.9,0,49,Electronics,0,45.0,2024-06-25 23:33:35.526001,2026-08-02 23:33:35.526001,Summer,29
467,54.0,Male,200000.0,Master,Retired,Divorced,1,68785.69,16,4299.11,4.3,0,24,Clothing,0,74.0,2026-02-09 23:33:35.526001,2026-08-17 23:33:35.526001,Winter,14
468,56.0,Female,200000.0,High School,Employed,Married,1,80000.0,15,5333.33,3.7,0,70,Sports,0,58.0,2021-10-23 23:33:35.526001,2026-08-30 23:33:35.526001,Fall,1
469,37.0,Male,,High School,Retired,Single,0,65921.27,13,5070.87,4.8,0,7,Electronics,0,71.0,2022-08-02 23:33:35.526001,2026-06-17 23:33:35.526001,Summer,75
470,36.0,Male,200000.0,Bachelor,Employed,Widowed,3,80000.0,15,5333.33,3.4,1,21,Books,0,53.0,2023-01-19 23:33:35.526001,2026-08-16 23:33:35.526001,Winter,15
471,40.0,Female,200000.0,Bachelor,Unemployed,Married,1,45095.68,20,2254.78,4.0,0,28,Sports,0,37.0,2025-11-17 23:33:35.526001,2026-08-05 23:33:35.526001,Fall,26
472,18.0,Male,200000.0,Bachelor,Unemployed,Single,0,61905.38,12,5158.78,4.1,0,11,Clothing,0,41.0,2026-06-19 23:33:35.526001,2026-06-28 23:33:35.526001,Summer,64
473,22.0,Male,200000.0,Bachelor,Employed,Married,1,56473.03,9,6274.78,3.4,1,50,Home,0,51.0,2024-09-04 23:33:35.526001,2026-08-16 23:33:35.526001,Fall,15
474,65.0,Male,200000.0,High School,Employed,Single,1,30238.39,14,2159.88,4.1,0,93,Sports,0,40.0,2022-06-06 23:33:35.526001,2026-07-11 23:33:35.526001,Summer,51
475,69.0,Male,200000.0,High School,Employed,Divorced,1,64438.98,14,4602.78,3.0,0,16,Home,0,33.0,2025-09-28 23:33:35.526001,2026-06-19 23:33:35.526001,Fall,73
476,41.0,Female,200000.0,Bachelor,Unemployed,Divorced,2,69311.42,15,4620.76,3.2,1,11,Electronics,0,68.0,2021-11-04 23:33:35.526001,2026-08-26 23:33:35.526001,Fall,5
477,53.0,Female,200000.0,Bachelor,Employed,Widowed,0,65110.07,10,6511.01,2.5,0,15,Clothing,0,41.0,2022-12-28 23:33:35.526001,2026-06-26 23:33:35.526001,Winter,66
478,49.0,Female,200000.0,High School,Self-Employed,Married,1,75309.6,15,5020.64,3.7,0,45,Electronics,0,52.0,2026-02-09 23:33:35.526001,2026-08-28 23:33:35.526001,Winter,3
479,80.0,Female,200000.0,Bachelor,Employed,Married,2,65877.77,14,4705.56,3.8,0,24,Home,0,54.0,2026-01-12 23:33:35.526001,2026-08-22 23:33:35.526001,Winter,9
480,61.0,Male,200000.0,Bachelor,Employed,Married,1,34649.71,12,2887.48,4.4,0,1,Home,0,41.0,2024-03-10 23:33:35.526001,2026-07-13 23:33:35.526001,Spring,49
481,43.0,Female,200000.0,Master,Employed,Single,0,36331.96,9,4036.88,4.1,0,18,Books,0,71.0,2022-04-27 23:33:35.526001,2026-06-23 23:33:35.526001,Spring,69
482,30.0,Male,200000.0,Master,Employed,Married,2,65277.87,25,2611.11,3.3,1,1,Clothing,1,33.0,2023-09-15 23:33:35.526001,2026-07-28 23:33:35.526001,Fall,34
483,20.0,Male,,Bachelor,Self-Employed,Married,0,46578.67,29,1606.16,2.6,0,36,Electronics,1,53.0,2024-11-25 23:33:35.526001,2026-08-28 23:33:35.526001,Fall,3
484,48.0,Female,200000.0,High School,Retired,Single,1,35099.64,20,1754.98,3.8,1,9,Home,0,53.0,2022-09-17 23:33:35.526001,2026-08-09 23:33:35.526001,Fall,22
485,33.0,Male,200000.0,Bachelor,Self-Employed,Married,1,54788.3,23,2382.1,4.4,0,15,Home,1,49.0,2024-02-28 23:33:35.526001,2026-08-06 23:33:35.526001,Winter,25
486,23.0,Female,200000.0,High School,Employed,Divorced,2,63982.39,17,3763.67,4.1,0,38,Sports,0,30.0,2025-11-24 23:33:35.526001,2026-08-22 23:33:35.526001,Fall,9
487,35.0,Male,200000.0,Bachelor,Retired,Divorced,1,49810.27,12,4150.86,4.4,0,1,Home,0,63.0,2024-06-13 23:33:35.526001,2026-04-11 23:33:35.526001,Summer,142
488,28.0,Female,200000.0,Master,Unemployed,Single,1,71510.31,15,4767.35,3.3,0,4,Home,0,61.0,2023-01-10 23:33:35.526001,2026-08-19 23:33:35.526001,Winter,12
489,70.0,Female,200000.0,Bachelor,Retired,Single,2,67697.31,14,4835.52,3.1,1,12,Home,0,39.0,2025-05-22 23:33:35.526001,2026-08-24 23:33:35.526001,Spring,7
490,58.0,Female,200000.0,Master,Employed,Single,0,49464.97,25,1978.6,2.9,0,6,Books,1,60.0,2024-08-24 23:33:35.526001,2026-08-28 23:33:35.526001,Summer,3
491,44.0,Female,200000.0,Bachelor,Employed,Divorced,1,75219.49,20,3760.97,3.5,1,9,Clothing,0,55.0,2023-05-21 23:33:35.526001,2026-08-17 23:33:35.526001,Spring,14
492,67.0,Female,200000.0,High School,Employed,Single,1,70810.98,11,6437.36,3.4,0,120,Sports,0,30.0,2024-06-18 23:33:35.526001,2026-07-27 23:33:35.526001,Summer,35
493,46.0,Male,200000.0,Master,Unemployed,Married,1,68484.89,11,6225.9,3.7,0,41,Books,0,37.0,2025-12-08 23:33:35.526001,2026-08-24 23:33:35.526001,Winter,7
494,,Female,200000.0,Bachelor,Employed,Single,0,62364.89,14,4454.64,3.4,1,51,Clothing,0,67.0,2025-12-27 23:33:35.526001,2026-07-18 23:33:35.526001,Winter,44
495,67.0,Male,200000.0,Bachelor,Employed,Married,2,30904.01,14,2207.43,3.4,1,66,Electronics,0,54.0,2026-06-14 23:33:35.526001,2026-08-27 23:33:35.526001,Summer,4
496,53.0,Female,200000.0,Bachelor,Employed,Married,0,71438.34,18,3968.8,2.9,0,10,Electronics,0,41.0,2022-02-02 23:33:35.526001,2026-08-14 23:33:35.526001,Winter,17
497,29.0,Female,200000.0,High School,Self-Employed,Married,4,52887.27,14,3777.66,4.3,0,8,Clothing,0,37.0,2022-01-28 23:33:35.526001,2026-07-26 23:33:35.526001,Winter,36
498,42.0,Female,200000.0,PhD,Self-Employed,Single,0,80000.0,15,5333.33,3.6,1,6,Electronics,0,42.0,2024-04-29 23:33:35.526001,2026-08-27 23:33:35.526001,Spring,4
499,31.0,Male,200000.0,High School,Employed,Married,2,80000.0,18,4444.44,3.4,1,42,Electronics,0,43.0,2025-12-21 23:33:35.526001,2026-08-04 23:33:35.526001,Winter,27
500,24.0,Male,200000.0,PhD,Employed,Single,0,65237.38,20,3261.87,2.9,1,27,Clothing,0,37.0,2025-05-13 23:33:35.526001,2026-07-14 23:33:35.526001,Spring,48
501,58.0,Female,200000.0,PhD,Self-Employed,Married,1,46769.88,12,3897.49,2.4,1,6,Electronics,0,23.0,2026-03-08 23:33:35.526001,2026-08-04 23:33:35.526001,Spring,27
502,73.0,Male,200000.0,Master,Retired,Divorced,1,43131.07,16,2695.69,4.5,0,11,Home,0,67.0,2022-09-16 23:33:35.526001,2026-08-10 23:33:35.526001,Fall,21
503,24.0,Male,200000.0,Bachelor,Unemployed,Single,2,49715.65,16,3107.23,3.9,0,16,Clothing,0,64.0,2024-01-03 23:33:35.526001,2026-07-08 23:33:35.526001,Winter,54
504,53.0,Male,200000.0,Bachelor,Retired,Divorced,1,60803.93,20,3040.2,2.2,1,18,Books,0,30.0,2022-04-18 23:33:35.526001,2026-04-27 23:33:35.526001,Spring,126
505,35.0,Female,200000.0,Master,Unemployed,Married,1,48090.93,18,2671.72,4.1,0,52,Electronics,0,52.0,2022-08-07 23:33:35.526001,2026-08-25 23:33:35.526001,Summer,6
506,37.0,Female,200000.0,Bachelor,Self-Employed,Single,0,60060.65,19,3161.09,4.2,0,11,Clothing,0,36.0,2025-12-20 23:33:35.526001,2026-07-27 23:33:35.526001,Winter,35
507,36.0,Male,200000.0,Bachelor,Employed,Married,0,41575.14,12,3464.6,3.6,1,57,Clothing,0,46.0,2022-06-09 23:33:35.526001,2026-08-29 23:33:35.526001,Summer,2
508,32.0,Male,200000.0,Bachelor,Self-Employed,Single,0,80000.0,17,4705.88,4.8,0,13,Home,0,44.0,2024-03-11 23:33:35.526001,2026-08-30 23:33:35.526001,Spring,1
509,45.0,Male,200000.0,Bachelor,Self-Employed,Married,0,36442.45,18,2024.58,3.7,0,32,Home,0,43.0,2026-05-16 23:33:35.526001,2026-08-22 23:33:35.526001,Spring,9
510,32.0,Female,200000.0,Bachelor,Self-Employed,Married,2,80000.0,19,4210.53,2.4,0,63,Electronics,0,80.0,2023-05-24 23:33:35.526001,2026-05-17 23:33:35.526001,Spring,106
511,49.0,Female,200000.0,Bachelor,Employed,Single,1,80000.0,10,8000.0,3.8,1,57,Books,0,43.0,2026-07-04 23:33:35.526001,2026-08-07 23:33:35.526001,Summer,24
512,44.0,Male,200000.0,Bachelor,Employed,Married,1,62236.36,16,3889.77,3.7,0,1,Electronics,0,37.0,2022-12-09 23:33:35.526001,2026-08-22 23:33:35.526001,Winter,9
513,41.0,Male,200000.0,Master,Employed,Divorced,0,74772.47,22,3398.75,3.0,1,5,Sports,1,38.0,2022-12-04 23:33:35.526001,2026-08-27 23:33:35.526001,Winter,4
514,31.0,Male,200000.0,High School,Employed,Divorced,0,56733.39,20,2836.67,4.0,0,15,Sports,0,65.0,2024-02-01 23:33:35.526001,2026-06-17 23:33:35.526001,Winter,75
515,36.0,Female,200000.0,PhD,Employed,Married,2,67903.8,15,4526.92,2.2,1,13,Books,0,25.0,2023-01-25 23:33:35.526001,2026-08-18 23:33:35.526001,Winter,13
516,56.0,Female,200000.0,Bachelor,Unemployed,Widowed,0,51932.57,14,3709.47,4.3,0,24,Books,0,38.0,2026-06-08 23:33:35.526001,2026-08-21 23:33:35.526001,Summer,10
517,52.0,Male,200000.0,Master,Employed,Married,1,47756.7,11,4341.52,2.8,1,69,Home,0,71.0,2023-07-17 23:33:35.526001,2026-07-04 23:33:35.526001,Summer,58
518,30.0,Male,200000.0,Bachelor,Employed,Married,3,65724.71,16,4107.79,2.7,0,2,Home,0,53.0,2024-09-18 23:33:35.526001,2026-08-04 23:33:35.526001,Fall,27
519,46.0,Male,200000.0,Master,Employed,Divorced,1,59599.72,7,8514.25,3.4,1,14,Books,0,52.0,2022-05-26 23:33:35.526001,2026-08-26 23:33:35.526001,Spring,5
520,56.0,Female,200000.0,High School,Self-Employed,Married,1,65203.21,8,8150.4,3.8,1,5,Sports,0,81.0,2023-04-06 23:33:35.526001,2026-08-15 23:33:35.526001,Spring,16
521,19.0,Male,200000.0,Master,Employed,Married,0,47086.07,16,2942.88,3.6,1,53,Books,0,53.0,2021-11-03 23:33:35.526001,2026-06-13 23:33:35.526001,Fall,79
522,53.0,Female,200000.0,High School,Employed,Married,1,51961.62,16,3247.6,2.9,1,80,Books,0,39.0,2021-09-19 23:33:35.526001,2026-06-23 23:33:35.526001,Fall,69
523,35.0,Female,200000.0,Master,Self-Employed,Divorced,3,34656.49,12,2888.04,3.1,1,15,Home,0,45.0,2024-03-13 23:33:35.526001,2026-08-29 23:33:35.526001,Spring,2
524,53.0,Male,200000.0,PhD,Employed,Divorced,1,34481.44,16,2155.09,2.6,0,2,Books,0,32.0,2023-08-01 23:33:35.526001,2026-08-22 23:33:35.526001,Summer,9
525,33.0,Male,200000.0,Bachelor,Retired,Married,2,44474.5,11,4043.14,3.3,1,36,Home,0,68.0,2024-11-12 23:33:35.526001,2026-08-26 23:33:35.526001,Fall,5
526,18.0,Male,200000.0,High School,Retired,Married,1,33714.58,18,1873.03,4.4,1,28,Electronics,0,58.0,2025-06-01 23:33:35.526001,2026-08-09 23:33:35.526001,Summer,22
527,20.0,Female,200000.0,Master,Employed,Married,0,38347.48,14,2739.11,3.5,1,10,Clothing,0,66.0,2024-11-10 23:33:35.526001,2026-07-21 23:33:35.526001,Fall,41
528,45.0,Female,200000.0,Bachelor,Employed,Married,1,79753.55,13,6134.89,4.2,0,52,Electronics,0,68.0,2024-07-19 23:33:35.526001,2026-08-21 23:33:35.526001,Summer,10
529,,Female,,Master,Unemployed,Single,1,29947.31,18,1663.74,4.7,0,89,Clothing,0,43.0,2024-07-01 23:33:35.526001,2026-07-20 23:33:35.526001,Summer,42
530,31.0,Female,,High School,Employed,Married,0,68971.31,14,4926.52,3.0,1,19,Clothing,0,35.0,2024-05-02 23:33:35.526001,2026-07-29 23:33:35.526001,Spring,33
531,54.0,Male,200000.0,High School,Employed,Married,3,44541.48,12,3711.79,3.4,1,20,Sports,0,49.0,2025-03-23 23:33:35.526001,2026-07-23 23:33:35.526001,Spring,39
532,20.0,Female,200000.0,PhD,Employed,Married,1,80000.0,15,5333.33,5.0,0,8,Books,0,36.0,2025-12-08 23:33:35.526001,2026-06-04 23:33:35.526001,Winter,88
533,44.0,Female,200000.0,Bachelor,Retired,Single,0,55961.02,13,4304.69,4.7,0,21,Home,0,52.0,2023-01-28 23:33:35.526001,2026-08-15 23:33:35.526001,Winter,16
534,26.0,Male,200000.0,Master,Employed,Single,0,48197.6,13,3707.51,2.2,0,13,Clothing,0,66.0,2026-04-12 23:33:35.526001,2026-08-19 23:33:35.526001,Spring,12
535,35.0,Female,200000.0,Bachelor,Self-Employed,Divorced,1,59916.39,17,3524.49,3.8,0,8,Home,0,47.0,2024-03-19 23:33:35.526001,2026-07-28 23:33:35.526001,Spring,34
536,45.0,Female,200000.0,Bachelor,Unemployed,Married,1,52977.39,16,3311.09,3.5,1,1,Books,0,52.0,2025-07-21 23:33:35.526001,2026-07-13 23:33:35.526001,Summer,49
537,32.0,Female,200000.0,Bachelor,Employed,Single,1,62232.94,12,5186.08,4.2,0,6,Books,0,48.0,2025-11-11 23:33:35.526001,2026-08-25 23:33:35.526001,Fall,6
538,39.0,Female,200000.0,Bachelor,Employed,Married,0,36954.88,9,4106.1,2.9,1,5,Electronics,0,62.0,2023-10-11 23:33:35.526001,2026-07-06 23:33:35.526001,Fall,56
539,60.0,Female,200000.0,Bachelor,Retired,Married,3,80000.0,18,4444.44,2.8,1,18,Clothing,0,39.0,2023-05-24 23:33:35.526001,2026-08-30 23:33:35.526001,Spring,1
540,36.0,Female,200000.0,Bachelor,Employed,Single,1,57035.31,17,3355.02,3.0,1,22,Books,0,17.0,2025-09-10 23:33:35.526001,2026-08-31 23:33:35.526001,Fall,0
541,57.0,Male,200000.0,Bachelor,Self-Employed,Married,0,52305.2,15,3487.01,3.0,0,22,Books,0,57.0,2026-02-07 23:33:35.526001,2026-08-26 23:33:35.526001,Winter,5
542,28.0,Male,200000.0,Bachelor,Employed,Married,1,73397.94,3,24465.98,4.2,0,11,Sports,0,64.0,2022-07-21 23:33:35.526001,2026-05-08 23:33:35.526001,Summer,115
543,52.0,Female,200000.0,Master,Employed,Married,1,51507.35,10,5150.73,2.6,1,13,Home,0,56.0,2023-12-11 23:33:35.526001,2026-08-09 23:33:35.526001,Winter,22
544,66.0,Male,200000.0,High School,Employed,Married,2,80000.0,14,5714.29,3.0,0,43,Sports,0,40.0,2025-11-13 23:33:35.526001,2026-08-30 23:33:35.526001,Fall,1
545,18.0,Male,200000.0,Bachelor,Employed,Married,1,55703.21,10,5570.32,2.1,1,15,Books,0,32.0,2026-05-12 23:33:35.526001,2026-03-08 23:33:35.526001,Spring,176
546,33.0,Male,200000.0,High School,Employed,Widowed,1,71769.95,16,4485.62,4.3,0,105,Sports,0,57.0,2023-09-04 23:33:35.526001,2026-07-22 23:33:35.526001,Fall,40
547,53.0,Male,200000.0,Bachelor,Unemployed,Married,0,36363.41,14,2597.39,4.5,0,13,Home,0,52.0,2021-12-16 23:33:35.526001,2026-07-08 23:33:35.526001,Winter,54
548,41.0,Female,200000.0,Master,Employed,Single,0,80000.0,13,6153.85,3.2,1,25,Electronics,0,48.0,2025-08-23 23:33:35.526001,2026-08-24 23:33:35.526001,Summer,7
549,50.0,Female,200000.0,High School,Employed,Single,0,73940.74,15,4929.38,3.3,0,1,Clothing,0,77.0,2026-02-16 23:33:35.526001,2026-08-28 23:33:35.526001,Winter,3
550,35.0,Male,200000.0,High School,Employed,Married,1,42519.76,13,3270.75,3.9,0,25,Electronics,0,35.0,2026-04-27 23:33:35.526001,2026-08-10 23:33:35.526001,Spring,21
551,46.0,Male,200000.0,High School,Unemployed,Married,0,37275.25,16,2329.7,4.7,0,45,Electronics,0,76.0,2021-12-24 23:33:35.526001,2026-07-18 23:33:35.526001,Winter,44
552,42.0,Male,200000.0,Bachelor,Employed,Single,1,49923.47,13,3840.27,3.8,0,68,Electronics,0,50.0,2025-12-12 23:33:35.526001,2026-08-01 23:33:35.526001,Winter,30
553,62.0,Female,200000.0,Master,Self-Employed,Married,2,80000.0,17,4705.88,2.9,0,120,Electronics,0,22.0,2024-03-27 23:33:35.526001,2026-08-02 23:33:35.526001,Spring,29
554,48.0,Female,200000.0,High School,Employed,Single,2,46198.97,15,3079.93,2.2,0,7,Home,0,47.0,2024-02-19 23:33:35.526001,2026-07-20 23:33:35.526001,Winter,42
555,50.0,Male,200000.0,Master,Employed,Married,1,56738.41,16,3546.15,2.6,1,20,Clothing,0,64.0,2021-09-04 23:33:35.526001,2026-08-24 23:33:35.526001,Fall,7
556,38.0,Female,200000.0,Bachelor,Employed,Married,2,31094.51,8,3886.81,3.6,0,14,Clothing,0,44.0,2026-03-29 23:33:35.526001,2026-07-30 23:33:35.526001,Spring,32
557,37.0,Female,200000.0,Bachelor,Unemployed,Married,2,52540.53,17,3090.62,3.0,1,19,Home,0,27.0,2022-04-09 23:33:35.526001,2026-08-17 23:33:35.526001,Spring,14
558,,Female,200000.0,PhD,Employed,Married,1,64363.07,15,4290.87,3.7,0,4,Home,0,47.0,2026-05-15 23:33:35.526001,2026-08-29 23:33:35.526001,Spring,2
559,50.0,Female,200000.0,Bachelor,Employed,Single,2,80000.0,16,5000.0,3.1,0,46,Sports,0,37.0,2022-09-14 23:33:35.526001,2026-08-25 23:33:35.526001,Fall,6
560,38.0,Male,200000.0,Bachelor,Employed,Married,0,59826.75,23,2601.16,2.7,1,57,Books,1,57.0,2026-07-27 23:33:35.526001,2026-07-15 23:33:35.526001,Summer,47
561,49.0,Female,200000.0,High School,Unemployed,Single,1,78722.75,13,6055.6,,0,14,Clothing,0,61.0,2023-09-28 23:33:35.526001,2026-06-25 23:33:35.526001,Fall,67
562,76.0,Male,200000.0,High School,Employed,Divorced,0,62338.5,19,3280.97,4.7,0,7,Clothing,0,34.0,2024-11-14 23:33:35.526001,2026-08-22 23:33:35.526001,Fall,9
563,58.0,Female,200000.0,Bachelor,Employed,Single,1,31909.12,12,2659.09,4.2,0,3,Electronics,0,39.0,2024-09-07 23:33:35.526001,2026-08-25 23:33:35.526001,Fall,6
564,40.0,Female,200000.0,High School,Employed,Divorced,1,49366.94,13,3797.46,4.9,0,27,Electronics,0,,2023-12-07 23:33:35.526001,2026-08-31 23:33:35.526001,Winter,0
565,63.0,Female,200000.0,Bachelor,Employed,Married,0,64612.02,10,6461.2,3.9,0,8,Clothing,0,37.0,2025-07-11 23:33:35.526001,2026-06-04 23:33:35.526001,Summer,88
566,38.0,Female,200000.0,Bachelor,Self-Employed,Married,1,80000.0,8,10000.0,3.2,0,57,Sports,0,33.0,2023-12-05 23:33:35.526001,2026-07-28 23:33:35.526001,Winter,34
567,18.0,Male,200000.0,Bachelor,Self-Employed,Married,0,80000.0,21,3809.52,4.6,0,26,Electronics,1,32.0,2025-11-19 23:33:35.526001,2026-05-29 23:33:35.526001,Fall,94
568,29.0,Female,200000.0,High School,Employed,Divorced,0,42709.81,13,3285.37,3.5,0,24,Electronics,0,55.0,2022-08-21 23:33:35.526001,2026-07-03 23:33:35.526001,Summer,59
569,18.0,Female,200000.0,Bachelor,Employed,Single,1,43311.87,16,2706.99,3.7,1,19,Electronics,0,54.0,2025-03-31 23:33:35.526001,2026-08-19 23:33:35.526001,Spring,12
570,39.0,Female,200000.0,Bachelor,Employed,Single,0,42220.98,17,2483.59,3.5,0,1,Home,0,39.0,2021-11-11 23:33:35.526001,2026-08-28 23:33:35.526001,Fall,3
571,45.0,Male,200000.0,PhD,Employed,Married,0,80000.0,15,5333.33,1.1,1,64,Clothing,0,50.0,2026-08-04 23:33:35.526001,2026-08-11 23:33:35.526001,Summer,20
572,70.0,Male,200000.0,High School,Employed,Single,3,80000.0,9,8888.89,4.8,0,23,Clothing,0,72.0,2026-01-16 23:33:35.526001,2026-08-31 23:33:35.526001,Winter,0
573,49.0,Male,200000.0,Master,Unemployed,Single,1,75611.57,8,9451.45,3.9,0,120,Electronics,0,35.0,2021-09-06 23:33:35.526001,2026-08-27 23:33:35.526001,Fall,4
574,41.0,Female,200000.0,Bachelor,Retired,Divorced,1,53654.42,11,4877.67,3.8,0,18,Clothing,0,20.0,2022-09-12 23:33:35.526001,2026-08-24 23:33:35.526001,Fall,7
575,57.0,Female,200000.0,Bachelor,Retired,Widowed,2,61427.25,19,3233.01,3.5,1,29,Electronics,0,56.0,2022-04-22 23:33:35.526001,2026-07-30 23:33:35.526001,Spring,32
576,18.0,Male,200000.0,Bachelor,Retired,Married,0,58785.58,13,4521.97,3.6,1,1,Clothing,0,48.0,2022-11-08 23:33:35.526001,2026-08-10 23:33:35.526001,Fall,21
577,48.0,Female,200000.0,High School,Self-Employed,Divorced,0,45238.22,16,2827.39,3.0,0,23,Electronics,0,39.0,2023-01-05 23:33:35.526001,2026-08-21 23:33:35.526001,Winter,10
578,56.0,Female,200000.0,High School,Unemployed,Married,3,59939.18,9,6659.91,4.0,0,34,Home,0,59.0,2024-05-05 23:33:35.526001,2026-08-07 23:33:35.526001,Spring,24
579,,Female,200000.0,Bachelor,Employed,Single,3,32777.3,9,3641.92,2.5,0,36,Books,0,62.0,2023-07-29 23:33:35.526001,2026-08-27 23:33:35.526001,Summer,4
580,62.0,Female,200000.0,Bachelor,Self-Employed,Married,1,38583.32,9,4287.04,3.6,0,35,Home,0,16.0,2026-08-13 23:33:35.526001,2026-07-20 23:33:35.526001,Summer,42
581,50.0,Female,200000.0,PhD,Employed,Married,2,80000.0,17,4705.88,3.9,0,6,Clothing,0,40.0,2023-04-20 23:33:35.526001,2026-07-25 23:33:35.526001,Spring,37
582,38.0,Female,200000.0,Bachelor,Employed,Widowed,0,74305.89,18,4128.1,3.3,0,88,Clothing,0,84.0,2026-07-19 23:33:35.526001,2026-08-24 23:33:35.526001,Summer,7
583,54.0,Male,200000.0,High School,Unemployed,Single,2,53299.75,19,2805.25,3.8,0,120,Electronics,0,58.0,2026-06-03 23:33:35.526001,2026-08-04 23:33:35.526001,Summer,27
584,79.0,Female,200000.0,Master,Employed,Married,1,61183.05,13,4706.39,2.7,1,1,Clothing,0,60.0,2025-01-22 23:33:35.526001,2026-08-11 23:33:35.526001,Winter,20
585,47.0,Female,200000.0,Bachelor,Employed,Single,2,52117.24,15,3474.48,2.7,0,66,Clothing,0,67.0,2026-03-27 23:33:35.526001,2026-08-30 23:33:35.526001,Spring,1
586,48.0,Female,200000.0,Bachelor,Retired,Single,0,75582.98,18,4199.05,3.7,1,8,Clothing,0,,2023-02-18 23:33:35.526001,2026-08-22 23:33:35.526001,Winter,9
587,38.0,Female,,Bachelor,Employed,Single,1,77410.29,18,4300.57,4.0,0,28,Home,0,61.0,2026-04-19 23:33:35.526001,2026-03-04 23:33:35.526001,Spring,180
588,32.0,Female,200000.0,PhD,Employed,Widowed,1,77131.34,16,4820.71,2.0,1,9,Home,0,60.0,2025-05-24 23:33:35.526001,2026-08-28 23:33:35.526001,Spring,3
589,57.0,Male,200000.0,Master,Retired,Divorced,3,72659.34,22,3302.7,3.9,1,82,Home,1,58.0,2022-03-20 23:33:35.526001,2026-08-10 23:33:35.526001,Spring,21
590,32.0,Male,200000.0,Bachelor,Self-Employed,Married,1,43408.41,22,1973.11,3.1,1,2,Electronics,1,45.0,2021-10-24 23:33:35.526001,2026-07-06 23:33:35.526001,Fall,56
591,46.0,Male,200000.0,Bachelor,Employed,Married,0,49749.28,13,3826.87,3.3,1,16,Books,0,52.0,2023-07-02 23:33:35.526001,2026-08-21 23:33:35.526001,Summer,10
592,37.0,Male,200000.0,PhD,Employed,Married,3,58968.32,18,3276.02,2.4,1,13,Electronics,0,41.0,2024-08-20 23:33:35.526001,2026-08-22 23:33:35.526001,Summer,9
593,52.0,Female,200000.0,Bachelor,Employed,Single,0,48388.82,17,2846.4,2.8,1,9,Books,0,50.0,2023-10-08 23:33:35.526001,2026-06-26 23:33:35.526001,Fall,66
594,50.0,Female,,High School,Retired,Single,0,75531.55,11,6866.5,4.3,0,24,Clothing,0,32.0,2026-06-09 23:33:35.526001,2026-08-21 23:33:35.526001,Summer,10
595,60.0,Male,200000.0,Bachelor,Self-Employed,Married,2,47776.52,12,3981.38,3.5,1,3,Electronics,0,38.0,2024-02-14 23:33:35.526001,2026-07-31 23:33:35.526001,Winter,31
596,37.0,Male,200000.0,High School,Employed,Married,1,38026.79,18,2112.6,3.2,0,30,Home,0,45.0,2023-07-02 23:33:35.526001,2026-07-22 23:33:35.526001,Summer,40
597,40.0,Female,200000.0,Bachelor,Employed,Married,0,54382.78,8,6797.85,3.4,0,94,Books,0,35.0,2022-09-09 23:33:35.526001,2026-07-16 23:33:35.526001,Fall,46
598,95.0,Male,200000.0,Bachelor,Employed,Single,0,80000.0,14,5714.29,3.9,0,39,Clothing,0,42.0,2024-04-17 23:33:35.526001,2026-03-27 23:33:35.526001,Spring,157
599,38.0,Female,200000.0,Bachelor,Retired,Single,1,42502.45,12,3541.87,3.9,1,47,Electronics,0,47.0,2026-02-08 23:33:35.526001,2026-07-14 23:33:35.526001,Winter,48
600,50.0,Female,200000.0,High School,Employed,Single,1,67575.64,15,4505.04,3.4,1,10,Clothing,0,56.0,2021-09-03 23:33:35.526001,2026-07-30 23:33:35.526001,Fall,32
601,56.0,Female,200000.0,Master,Self-Employed,Married,3,55874.92,9,6208.32,4.4,1,9,Sports,0,64.0,2022-12-10 23:33:35.526001,2026-06-25 23:33:35.526001,Winter,67
602,31.0,Male,200000.0,Bachelor,Employed,Divorced,1,33771.9,23,1468.34,4.3,1,17,Books,1,43.0,2024-01-12 23:33:35.526001,2026-06-22 23:33:35.526001,Winter,70
603,58.0,Male,200000.0,Bachelor,Self-Employed,Married,2,59314.49,13,4562.65,3.8,0,1,Sports,0,70.0,2025-04-21 23:33:35.526001,2026-05-15 23:33:35.526001,Spring,108
604,65.0,Female,200000.0,Bachelor,Retired,Divorced,0,74766.53,21,3560.31,3.5,0,69,Electronics,1,64.0,2025-06-15 23:33:35.526001,2026-07-18 23:33:35.526001,Summer,44
605,51.0,Female,200000.0,Bachelor,Self-Employed,Married,2,61946.7,11,5631.52,4.0,0,3,Books,0,57.0,2024-05-25 23:33:35.526001,2026-08-25 23:33:35.526001,Spring,6
606,73.0,Male,200000.0,High School,Employed,Married,1,80000.0,16,5000.0,3.8,0,55,Home,0,52.0,2023-02-26 23:33:35.526001,2026-07-25 23:33:35.526001,Winter,37
607,33.0,Female,200000.0,High School,Self-Employed,Single,0,47771.77,13,3674.75,4.3,1,2,Clothing,0,54.0,2023-01-23 23:33:35.526001,2026-08-29 23:33:35.526001,Winter,2
608,26.0,Male,200000.0,Master,Unemployed,Divorced,1,35341.44,17,2078.91,4.2,1,41,Electronics,0,67.0,2023-07-09 23:33:35.526001,2026-08-20 23:33:35.526001,Summer,11
609,18.0,Female,,PhD,Employed,Married,2,80000.0,14,5714.29,2.7,1,3,Books,0,,2022-01-17 23:33:35.526001,2026-08-28 23:33:35.526001,Winter,3
610,67.0,Male,200000.0,Bachelor,Retired,Single,1,52012.8,10,5201.28,2.6,0,1,Books,0,70.0,2024-04-12 23:33:35.526001,2026-06-03 23:33:35.526001,Spring,89
611,54.0,Female,200000.0,High School,Self-Employed,Married,1,64103.76,11,5827.61,2.9,0,30,Home,0,50.0,2021-10-13 23:33:35.526001,2026-08-19 23:33:35.526001,Fall,12
612,44.0,Male,352911.825599117,Bachelor,Retired,Married,1,75645.3,19,3981.33,4.3,0,7,Home,0,58.0,2023-05-20 23:33:35.526001,2026-07-25 23:33:35.526001,Spring,37
613,49.0,Male,200000.0,Master,Self-Employed,Married,1,48301.4,21,2300.07,2.2,1,30,Home,1,70.0,2022-07-07 23:33:35.526001,2026-08-06 23:33:35.526001,Summer,25
614,,Male,200000.0,Master,Employed,Divorced,0,70989.04,13,5460.7,3.8,0,19,Books,0,,2024-04-14 23:33:35.526001,2026-08-28 23:33:35.526001,Spring,3
615,80.0,Male,200000.0,High School,Employed,Married,1,38086.81,11,3462.44,3.8,0,2,Electronics,0,45.0,2026-06-12 23:33:35.526001,2026-08-07 23:33:35.526001,Summer,24
616,46.0,Female,,High School,Employed,Married,1,48296.39,19,2541.92,4.4,0,64,Clothing,0,50.0,2022-03-02 23:33:35.526001,2026-07-30 23:33:35.526001,Spring,32
617,46.0,Female,200000.0,Master,Retired,Single,1,39789.41,17,2340.55,3.6,0,14,Home,0,63.0,2024-06-10 23:33:35.526001,2026-06-29 23:33:35.526001,Summer,63
618,55.0,Male,200000.0,Bachelor,Unemployed,Single,1,79088.62,13,6083.74,2.4,1,31,Sports,0,63.0,2024-02-28 23:33:35.526001,2026-08-29 23:33:35.526001,Winter,2
619,52.0,Male,200000.0,Bachelor,Self-Employed,Single,1,42395.56,15,2826.37,2.7,0,16,Electronics,0,46.0,2023-01-10 23:33:35.526001,2026-08-21 23:33:35.526001,Winter,10
620,48.0,Female,200000.0,High School,Employed,Single,2,71112.15,7,10158.88,2.6,1,22,Clothing,0,27.0,2022-06-19 23:33:35.526001,2026-07-27 23:33:35.526001,Summer,35
621,33.0,Female,200000.0,Bachelor,Employed,Married,1,80000.0,12,6666.67,3.1,0,8,Clothing,0,53.0,2022-12-02 23:33:35.526001,2026-08-30 23:33:35.526001,Winter,1
622,,Female,200000.0,Master,Unemployed,Married,1,60397.35,15,4026.49,3.4,1,5,Electronics,0,36.0,2025-02-07 23:33:35.526001,2026-08-25 23:33:35.526001,Winter,6
623,73.0,Male,200000.0,PhD,Employed,Single,2,61512.89,10,6151.29,2.6,1,18,Clothing,0,27.0,2023-08-12 23:33:35.526001,2026-08-24 23:33:35.526001,Summer,7
624,65.0,Male,200000.0,Bachelor,Employed,Divorced,1,57502.27,18,3194.57,4.7,0,13,Books,0,,2022-02-02 23:33:35.526001,2026-07-29 23:33:35.526001,Winter,33
625,68.0,Female,200000.0,Bachelor,Self-Employed,Single,1,48539.24,17,2855.25,2.4,0,11,Electronics,0,54.0,2024-04-21 23:33:35.526001,2026-08-21 23:33:35.526001,Spring,10
626,37.0,Male,200000.0,High School,Employed,Married,1,58878.28,16,3679.89,,0,26,Home,0,70.0,2026-03-15 23:33:35.526001,2026-08-04 23:33:35.526001,Spring,27
627,30.0,Female,200000.0,Bachelor,Employed,Single,0,65936.18,19,3470.33,4.4,1,28,Home,0,50.0,2022-12-12 23:33:35.526001,2026-05-23 23:33:35.526001,Winter,100
628,43.0,Male,200000.0,Bachelor,Employed,Married,0,80000.0,12,6666.67,4.2,0,1,Sports,0,53.0,2022-02-15 23:33:35.526001,2026-07-15 23:33:35.526001,Winter,47
629,45.0,Female,200000.0,Bachelor,Employed,Single,0,80000.0,13,6153.85,2.9,1,9,Electronics,0,67.0,2023-11-23 23:33:35.526001,2026-08-19 23:33:35.526001,Fall,12
630,61.0,Male,200000.0,Bachelor,Retired,Married,0,80000.0,21,3809.52,3.8,0,12,Books,1,26.0,2026-01-07 23:33:35.526001,2026-08-12 23:33:35.526001,Winter,19
631,19.0,Female,200000.0,High School,Employed,Married,3,80000.0,15,5333.33,2.5,1,2,Clothing,0,57.0,2025-07-28 23:33:35.526001,2026-08-25 23:33:35.526001,Summer,6
632,67.0,Female,,High School,Employed,Widowed,0,58056.98,13,4465.92,4.2,1,6,Clothing,0,49.0,2025-01-20 23:33:35.526001,2026-08-31 23:33:35.526001,Winter,0
633,42.0,Female,200000.0,Bachelor,Employed,Single,1,69113.17,15,4607.54,3.4,1,1,Books,0,58.0,2024-06-01 23:33:35.526001,2026-08-21 23:33:35.526001,Summer,10
634,38.0,Male,200000.0,High School,Unemployed,Single,2,80000.0,14,5714.29,3.2,1,120,Home,0,,2023-11-22 23:33:35.526001,2026-08-18 23:33:35.526001,Fall,13
635,,Female,200000.0,High School,Employed,Single,1,54456.06,18,3025.34,2.5,0,32,Electronics,0,37.0,2025-05-11 23:33:35.526001,2026-08-07 23:33:35.526001,Spring,24
636,20.0,Female,200000.0,PhD,Self-Employed,Married,1,80000.0,24,3333.33,1.5,1,2,Sports,1,52.0,2022-05-25 23:33:35.526001,2026-06-06 23:33:35.526001,Spring,86
637,57.0,Female,200000.0,Bachelor,Employed,Single,0,54765.0,19,2882.37,2.7,0,1,Home,0,74.0,2024-05-08 23:33:35.526001,2026-06-04 23:33:35.526001,Spring,88
638,46.0,Female,200000.0,Bachelor,Employed,Divorced,1,66346.17,16,4146.64,4.4,0,30,Home,0,62.0,2025-01-23 23:33:35.526001,2026-08-29 23:33:35.526001,Winter,2
639,25.0,Female,200000.0,Master,Employed,Married,1,72315.28,15,4821.02,3.2,1,13,Home,0,42.0,2023-08-15 23:33:35.526001,2026-08-03 23:33:35.526001,Summer,28
640,25.0,Female,200000.0,PhD,Unemployed,Married,1,80000.0,18,4444.44,3.4,1,37,Clothing,0,29.0,2024-12-24 23:33:35.526001,2026-08-30 23:33:35.526001,Winter,1
641,39.0,Male,200000.0,Bachelor,Retired,Married,0,44958.17,14,3211.3,4.0,0,61,Home,0,24.0,2025-01-02 23:33:35.526001,2026-07-31 23:33:35.526001,Winter,31
642,70.0,Female,200000.0,Master,Employed,Single,0,76600.42,6,12766.74,4.9,0,21,Clothing,0,69.0,2024-01-13 23:33:35.526001,2026-08-28 23:33:35.526001,Winter,3
643,41.0,Female,200000.0,Bachelor,Employed,Single,0,59718.66,10,5971.87,4.6,0,4,Home,0,35.0,2024-07-14 23:33:35.526001,2026-06-05 23:33:35.526001,Summer,87
644,22.0,Male,200000.0,Bachelor,Retired,Married,0,45990.99,9,5110.11,2.7,1,36,Electronics,0,45.0,2023-03-03 23:33:35.526001,2026-07-03 23:33:35.526001,Spring,59
645,41.0,Male,200000.0,Bachelor,Employed,Married,1,75687.91,18,4204.88,1.9,1,74,Electronics,0,69.0,2025-09-07 23:33:35.526001,2026-08-31 23:33:35.526001,Fall,0
646,40.0,Male,200000.0,Bachelor,Unemployed,Single,0,63737.44,10,6373.74,5.0,0,20,Books,0,25.0,2023-09-14 23:33:35.526001,2026-07-17 23:33:35.526001,Fall,45
647,18.0,Female,200000.0,Bachelor,Employed,Single,0,68041.26,17,4002.43,5.0,0,27,Clothing,0,72.0,2022-10-08 23:33:35.526001,2026-08-01 23:33:35.526001,Fall,30
648,44.0,Female,200000.0,Bachelor,Retired,Widowed,2,49720.38,14,3551.46,3.7,0,9,Clothing,0,46.0,2025-03-28 23:33:35.526001,2026-08-11 23:33:35.526001,Spring,20
649,41.0,Female,200000.0,High School,Unemployed,Single,0,58246.39,12,4853.87,2.5,1,11,Clothing,0,32.0,2025-03-24 23:33:35.526001,2026-08-04 23:33:35.526001,Spring,27
650,55.0,Female,200000.0,Bachelor,Retired,Divorced,0,66307.09,20,3315.35,4.3,0,31,Home,0,46.0,2022-09-20 23:33:35.526001,2026-07-28 23:33:35.526001,Fall,34
651,72.0,Male,200000.0,High School,Self-Employed,Married,0,52848.15,15,3523.21,3.4,0,63,Clothing,0,39.0,2025-08-03 23:33:35.526001,2026-06-28 23:33:35.526001,Summer,64
652,61.0,Male,380262.56554875016,Bachelor,Employed,Single,0,41437.28,11,3767.03,3.4,1,23,Clothing,0,56.0,2022-02-06 23:33:35.526001,2026-07-19 23:33:35.526001,Winter,43
653,40.0,Male,200000.0,Bachelor,Retired,Single,1,80000.0,19,4210.53,4.2,0,37,Electronics,0,,2023-04-03 23:33:35.526001,2026-08-06 23:33:35.526001,Spring,25
654,28.0,Male,200000.0,Master,Employed,Single,1,60662.86,21,2888.71,3.8,0,4,Clothing,1,21.0,2022-12-17 23:33:35.526001,2026-07-10 23:33:35.526001,Winter,52
655,80.0,Male,200000.0,Master,Employed,Married,3,74662.9,10,7466.29,2.6,1,5,Clothing,0,46.0,2022-11-04 23:33:35.526001,2026-04-23 23:33:35.526001,Fall,130
656,45.0,Male,200000.0,Master,Unemployed,Married,1,56327.47,17,3313.38,3.2,1,18,Home,0,29.0,2022-06-18 23:33:35.526001,2026-08-21 23:33:35.526001,Summer,10
657,45.0,Female,200000.0,Bachelor,Unemployed,Married,1,51571.66,20,2578.58,4.0,0,4,Electronics,0,53.0,2026-03-31 23:33:35.526001,2026-08-28 23:33:35.526001,Spring,3
658,44.0,Female,,Master,Retired,Divorced,2,53871.06,13,4143.93,3.9,1,24,Electronics,0,32.0,2024-03-21 23:33:35.526001,2026-07-23 23:33:35.526001,Spring,39
659,47.0,Female,200000.0,Bachelor,Employed,Married,1,55019.05,11,5001.73,3.7,1,8,Clothing,0,42.0,2023-12-21 23:33:35.526001,2026-05-08 23:33:35.526001,Winter,115
660,42.0,Female,200000.0,High School,Unemployed,Single,0,62106.51,14,4436.18,4.2,1,37,Clothing,0,52.0,2025-05-08 23:33:35.526001,2026-08-28 23:33:35.526001,Spring,3
661,36.0,Female,200000.0,High School,Unemployed,Single,1,62103.77,11,5645.8,3.2,1,39,Clothing,0,46.0,2025-01-25 23:33:35.526001,2026-08-15 23:33:35.526001,Winter,16
662,36.0,Male,200000.0,Bachelor,Employed,Divorced,1,58309.34,12,4859.11,3.6,0,14,Home,0,53.0,2024-04-26 23:33:35.526001,2026-08-30 23:33:35.526001,Spring,1
663,44.0,Female,200000.0,Bachelor,Employed,Single,1,39013.4,11,3546.67,1.0,1,4,Clothing,0,60.0,2026-08-11 23:33:35.526001,2026-07-18 23:33:35.526001,Summer,44
664,36.0,Female,200000.0,Bachelor,Employed,Single,1,59378.53,16,3711.16,3.1,1,24,Clothing,0,32.0,2025-01-15 23:33:35.526001,2026-06-03 23:33:35.526001,Winter,89
665,34.0,Male,200000.0,Master,Employed,Married,2,40328.33,17,2372.25,4.1,1,118,Books,0,49.0,2026-01-15 23:33:35.526001,2026-08-11 23:33:35.526001,Winter,20
666,46.0,Male,200000.0,High School,Retired,Married,0,36532.19,12,3044.35,3.2,1,23,Electronics,0,0.0,2022-11-30 23:33:35.526001,2026-08-16 23:33:35.526001,Fall,15
667,41.0,Female,200000.0,High School,Self-Employed,Divorced,2,80000.0,17,4705.88,3.1,1,1,Home,0,53.0,2026-08-12 23:33:35.526001,2026-06-21 23:33:35.526001,Summer,71
668,67.0,Male,200000.0,PhD,Unemployed,Married,2,65535.06,11,5957.73,2.7,0,1,Clothing,0,,2025-06-13 23:33:35.526001,2026-08-27 23:33:35.526001,Summer,4
669,18.0,Female,200000.0,High School,Retired,Single,0,69427.69,12,5785.64,,0,9,Clothing,0,35.0,2022-01-03 23:33:35.526001,2026-06-26 23:33:35.526001,Winter,66
670,61.0,Female,200000.0,Bachelor,Employed,Divorced,0,54985.45,11,4998.68,3.9,1,5,Home,0,54.0,2025-08-28 23:33:35.526001,2026-08-17 23:33:35.526001,Summer,14
671,63.0,Male,200000.0,Bachelor,Unemployed,Single,2,80000.0,18,4444.44,4.2,1,40,Electronics,0,67.0,2024-03-15 23:33:35.526001,2026-08-07 23:33:35.526001,Spring,24
672,18.0,Male,200000.0,Bachelor,Employed,Married,1,68253.8,14,4875.27,2.1,0,44,Home,0,42.0,2022-03-02 23:33:35.526001,2026-08-09 23:33:35.526001,Spring,22
673,39.0,Male,200000.0,High School,Retired,Married,1,74382.06,19,3914.85,3.4,0,7,Books,0,35.0,2024-03-25 23:33:35.526001,2026-08-03 23:33:35.526001,Spring,28
674,39.0,Male,200000.0,High School,Employed,Single,0,55106.56,13,4238.97,3.3,1,9,Books,0,52.0,2024-09-04 23:33:35.526001,2026-06-07 23:33:35.526001,Fall,85
675,23.0,Male,200000.0,High School,Retired,Married,0,80000.0,17,4705.88,3.3,1,6,Home,0,29.0,2021-10-21 23:33:35.526001,2026-06-02 23:33:35.526001,Fall,90
676,33.0,Female,200000.0,Bachelor,Employed,Single,0,79950.35,19,4207.91,3.0,0,57,Home,0,40.0,2026-04-06 23:33:35.526001,2026-07-09 23:33:35.526001,Spring,53
677,28.0,Male,200000.0,Bachelor,Employed,Married,0,80000.0,11,7272.73,3.2,1,16,Books,0,68.0,2021-12-18 23:33:35.526001,2026-08-25 23:33:35.526001,Winter,6
678,93.0,Female,200000.0,High School,Unemployed,Married,0,40218.06,10,4021.81,4.2,0,25,Home,0,50.0,2022-06-25 23:33:35.526001,2026-08-19 23:33:35.526001,Summer,12
679,59.0,Male,200000.0,Bachelor,Employed,Married,1,45714.37,19,2406.02,2.0,0,12,Clothing,0,21.0,2025-06-27 23:33:35.526001,2026-08-11 23:33:35.526001,Summer,20
680,64.0,Female,200000.0,Master,Self-Employed,Divorced,1,48401.45,14,3457.25,4.9,0,23,Clothing,0,23.0,2024-05-05 23:33:35.526001,2026-06-22 23:33:35.526001,Spring,70
681,55.0,Male,200000.0,High School,Employed,Single,0,46517.06,17,2736.3,3.9,0,11,Electronics,0,52.0,2022-08-28 23:33:35.526001,2026-08-09 23:33:35.526001,Summer,22
682,28.0,Male,200000.0,Bachelor,Unemployed,Married,0,80000.0,16,5000.0,3.5,0,9,Electronics,0,62.0,2026-02-14 23:33:35.526001,2026-05-10 23:33:35.526001,Winter,113
683,37.0,Female,200000.0,Bachelor,Employed,Married,0,31442.33,11,2858.39,4.2,0,24,Home,0,25.0,2023-12-08 23:33:35.526001,2026-04-30 23:33:35.526001,Winter,123
684,52.0,Female,200000.0,Bachelor,Employed,Single,1,35687.19,7,5098.17,,1,21,Electronics,0,56.0,2023-01-28 23:33:35.526001,2026-08-04 23:33:35.526001,Winter,27
685,26.0,Male,200000.0,Bachelor,Employed,Married,3,48034.99,10,4803.5,3.0,1,8,Electronics,0,69.0,2025-02-12 23:33:35.526001,2026-06-30 23:33:35.526001,Winter,62
686,55.0,Female,200000.0,Bachelor,Employed,Married,1,43520.71,17,2560.04,3.4,1,3,Home,0,78.0,2025-08-27 23:33:35.526001,2026-03-04 23:33:35.526001,Summer,180
687,41.0,Male,200000.0,Master,Employed,Single,1,44668.61,12,3722.38,4.6,1,11,Electronics,0,54.0,2023-03-16 23:33:35.526001,2026-07-06 23:33:35.526001,Spring,56
688,39.0,Female,200000.0,Master,Employed,Married,0,77623.97,8,9703.0,3.5,0,12,Electronics,0,57.0,2024-06-20 23:33:35.526001,2026-07-30 23:33:35.526001,Summer,32
689,,Male,200000.0,Bachelor,Employed,Single,1,60546.08,23,2632.44,3.9,1,23,Books,1,18.0,2023-01-28 23:33:35.526001,2026-07-07 23:33:35.526001,Winter,55
690,51.0,Male,200000.0,Master,Employed,Married,1,30643.4,12,2553.62,3.0,1,59,Books,0,81.0,2024-09-30 23:33:35.526001,2026-08-29 23:33:35.526001,Fall,2
691,39.0,Female,200000.0,Bachelor,Self-Employed,Single,1,55757.54,16,3484.85,3.9,0,1,Home,0,41.0,2022-10-12 23:33:35.526001,2026-08-01 23:33:35.526001,Fall,30
692,62.0,Female,200000.0,Bachelor,Retired,Widowed,1,54613.08,15,3640.87,4.8,0,6,Clothing,0,35.0,2023-12-09 23:33:35.526001,2026-08-24 23:33:35.526001,Winter,7
693,28.0,Male,200000.0,Bachelor,Employed,Married,1,36890.61,12,3074.22,4.3,0,5,Clothing,0,46.0,2025-03-31 23:33:35.526001,2026-08-28 23:33:35.526001,Spring,3
694,54.0,Female,200000.0,High School,Self-Employed,Married,2,69242.25,16,4327.64,3.4,1,16,Home,0,72.0,2021-09-07 23:33:35.526001,2026-06-25 23:33:35.526001,Fall,67
695,53.0,Female,200000.0,Master,Self-Employed,Married,2,72683.24,17,4275.48,4.0,0,13,Clothing,0,83.0,2024-07-17 23:33:35.526001,2026-08-01 23:33:35.526001,Summer,30
696,91.0,Male,200000.0,Bachelor,Employed,Divorced,1,73885.81,20,3694.29,4.0,0,31,Books,0,51.0,2025-02-16 23:33:35.526001,2026-08-23 23:33:35.526001,Winter,8
697,49.0,Female,200000.0,Bachelor,Unemployed,Married,2,74390.6,18,4132.81,3.9,1,6,Home,0,64.0,2021-11-29 23:33:35.526001,2026-08-17 23:33:35.526001,Fall,14
698,26.0,Male,200000.0,PhD,Employed,Single,0,30949.75,14,2210.7,4.4,0,21,Clothing,0,50.0,2026-07-02 23:33:35.526001,2026-05-15 23:33:35.526001,Summer,108
699,58.0,Female,200000.0,High School,Employed,Married,1,80000.0,18,4444.44,4.4,1,51,Clothing,0,34.0,2025-03-04 23:33:35.526001,2026-07-03 23:33:35.526001,Spring,59
700,42.0,Female,200000.0,Bachelor,Employed,Divorced,1,78442.5,16,4902.66,3.4,1,57,Electronics,0,72.0,2023-11-18 23:33:35.526001,2026-08-31 23:33:35.526001,Fall,0
701,37.0,Female,200000.0,High School,Self-Employed,Married,1,80000.0,9,8888.89,4.0,0,76,Books,0,40.0,2025-11-01 23:33:35.526001,2026-05-06 23:33:35.526001,Fall,117
702,60.0,Male,,Master,Self-Employed,Married,2,31029.72,16,1939.36,3.2,1,35,Electronics,0,73.0,2023-03-12 23:33:35.526001,2026-08-18 23:33:35.526001,Spring,13
703,34.0,Male,200000.0,Master,Employed,Divorced,1,80000.0,14,5714.29,2.8,1,56,Clothing,0,69.0,2021-12-27 23:33:35.526001,2026-07-27 23:33:35.526001,Winter,35
704,23.0,Male,200000.0,Bachelor,Employed,Divorced,0,79585.53,11,7235.05,3.3,1,6,Home,0,59.0,2023-04-18 23:33:35.526001,2026-07-25 23:33:35.526001,Spring,37
705,21.0,Male,200000.0,Bachelor,Retired,Divorced,0,80000.0,11,7272.73,3.4,1,5,Clothing,0,77.0,2022-11-01 23:33:35.526001,2026-06-20 23:33:35.526001,Fall,72
706,54.0,Male,200000.0,Bachelor,Employed,Single,1,37674.59,23,1638.03,2.2,1,1,Electronics,1,83.0,2025-11-21 23:33:35.526001,2026-06-28 23:33:35.526001,Fall,64
707,25.0,Female,200000.0,Master,Employed,Married,0,76533.15,20,3826.66,4.2,1,29,Home,0,47.0,2025-05-10 23:33:35.526001,2026-08-22 23:33:35.526001,Spring,9
708,71.0,Male,200000.0,Bachelor,Retired,Married,1,80000.0,14,5714.29,1.3,1,66,Electronics,0,37.0,2023-10-20 23:33:35.526001,2026-08-01 23:33:35.526001,Fall,30
709,18.0,Male,200000.0,Bachelor,Unemployed,Married,1,66876.18,8,8359.52,5.0,0,4,Home,0,22.0,2025-02-18 23:33:35.526001,2026-08-16 23:33:35.526001,Winter,15
710,70.0,Female,200000.0,PhD,Self-Employed,Married,0,65470.52,17,3851.21,4.7,1,24,Books,0,83.0,2025-09-16 23:33:35.526001,2026-08-09 23:33:35.526001,Fall,22
711,48.0,Male,200000.0,Bachelor,Unemployed,Single,1,80000.0,16,5000.0,3.3,1,32,Electronics,0,43.0,2022-07-10 23:33:35.526001,2026-08-07 23:33:35.526001,Summer,24
712,43.0,Female,200000.0,High School,Retired,Married,3,55774.74,12,4647.89,3.5,1,63,Sports,0,67.0,2024-10-30 23:33:35.526001,2026-08-16 23:33:35.526001,Fall,15
713,36.0,Male,200000.0,Bachelor,Employed,Married,3,65559.17,15,4370.61,3.7,0,24,Electronics,0,38.0,2025-12-16 23:33:35.526001,2026-08-13 23:33:35.526001,Winter,18
714,50.0,Female,200000.0,PhD,Employed,Single,0,58133.65,19,3059.67,3.0,1,84,Sports,0,73.0,2024-11-14 23:33:35.526001,2026-08-24 23:33:35.526001,Fall,7
715,44.0,Male,200000.0,Bachelor,Employed,Married,0,80000.0,16,5000.0,3.7,0,10,Electronics,0,39.0,2023-09-25 23:33:35.526001,2026-08-03 23:33:35.526001,Fall,28
716,61.0,Male,200000.0,High School,Retired,Single,1,33005.65,12,2750.47,3.4,0,10,Electronics,0,32.0,2023-10-15 23:33:35.526001,2026-07-20 23:33:35.526001,Fall,42
717,46.0,Female,200000.0,Bachelor,Self-Employed,Married,0,58989.46,12,4915.79,,0,18,Electronics,0,46.0,2023-10-15 23:33:35.526001,2026-08-15 23:33:35.526001,Fall,16
718,47.0,Male,200000.0,Bachelor,Employed,Single,1,71560.31,21,3407.63,3.6,0,11,Electronics,1,42.0,2022-10-10 23:33:35.526001,2026-05-09 23:33:35.526001,Fall,114
719,39.0,Female,200000.0,High School,Retired,Married,2,78137.34,8,9767.17,2.4,0,1,Home,0,58.0,2026-04-08 23:33:35.526001,2026-08-30 23:33:35.526001,Spring,1
720,44.0,Male,200000.0,Bachelor,Employed,Married,1,65622.66,10,6562.27,3.5,0,31,Books,0,49.0,2025-01-21 23:33:35.526001,2026-08-05 23:33:35.526001,Winter,26
721,49.0,Male,200000.0,PhD,Employed,Married,3,80000.0,23,3478.26,3.6,0,33,Home,1,59.0,2021-12-12 23:33:35.526001,2026-08-05 23:33:35.526001,Winter,26
722,19.0,Female,200000.0,Bachelor,Employed,Married,1,80000.0,13,6153.85,3.6,0,32,Electronics,0,45.0,2025-03-27 23:33:35.526001,2026-08-30 23:33:35.526001,Spring,1
723,24.0,Male,200000.0,Bachelor,Employed,Divorced,1,33352.52,13,2565.58,3.3,1,10,Clothing,0,40.0,2023-07-13 23:33:35.526001,2026-08-24 23:33:35.526001,Summer,7
724,56.0,Female,200000.0,Bachelor,Retired,Single,2,54382.11,16,3398.88,4.4,1,17,Books,0,41.0,2024-06-21 23:33:35.526001,2026-06-22 23:33:35.526001,Summer,70
725,47.0,Female,200000.0,High School,Employed,Single,1,32893.02,15,2192.87,3.2,0,10,Clothing,0,80.0,2022-08-06 23:33:35.526001,2026-08-08 23:33:35.526001,Summer,23
726,42.0,Female,200000.0,Master,Unemployed,Divorced,0,47717.56,18,2650.98,3.7,0,1,Books,0,53.0,2022-01-03 23:33:35.526001,2026-08-14 23:33:35.526001,Winter,17
727,45.0,Female,443795.74943538,Bachelor,Self-Employed,Single,1,61991.36,14,4427.95,4.5,0,19,Books,0,20.0,2025-08-14 23:33:35.526001,2026-08-15 23:33:35.526001,Summer,16
728,50.0,Male,200000.0,Bachelor,Employed,Widowed,0,80000.0,14,5714.29,3.4,1,3,Electronics,0,42.0,2024-07-16 23:33:35.526001,2026-06-27 23:33:35.526001,Summer,65
729,36.0,Male,200000.0,Bachelor,Retired,Divorced,1,79141.02,13,6087.77,3.7,0,2,Home,0,51.0,2024-10-27 23:33:35.526001,2026-08-18 23:33:35.526001,Fall,13
730,33.0,Male,200000.0,Bachelor,Employed,Married,0,38616.94,11,3510.63,3.4,0,33,Home,0,77.0,2022-09-19 23:33:35.526001,2026-07-04 23:33:35.526001,Fall,58
731,47.0,Female,200000.0,Bachelor,Employed,Widowed,0,36126.45,14,2580.46,4.5,0,1,Books,0,65.0,2025-10-08 23:33:35.526001,2026-08-20 23:33:35.526001,Fall,11
732,30.0,Female,200000.0,High School,Employed,Single,0,65805.47,12,5483.79,3.3,1,76,Electronics,0,36.0,2022-10-16 23:33:35.526001,2026-08-09 23:33:35.526001,Fall,22
733,51.0,Male,200000.0,Master,Retired,Married,3,62848.1,12,5237.34,4.5,0,17,Electronics,0,86.0,2023-01-18 23:33:35.526001,2026-08-27 23:33:35.526001,Winter,4
734,19.0,Female,200000.0,PhD,Employed,Married,0,45502.94,18,2527.94,3.4,1,97,Clothing,0,49.0,2024-12-09 23:33:35.526001,2026-07-10 23:33:35.526001,Winter,52
735,60.0,Male,200000.0,Bachelor,Employed,Married,2,80000.0,15,5333.33,2.8,0,1,Electronics,0,68.0,2021-09-27 23:33:35.526001,2026-07-23 23:33:35.526001,Fall,39
736,52.0,Female,200000.0,PhD,Employed,Divorced,3,80000.0,12,6666.67,4.0,1,21,Electronics,0,32.0,2026-06-08 23:33:35.526001,2026-08-09 23:33:35.526001,Summer,22
737,48.0,Male,200000.0,High School,Employed,Single,0,53910.12,17,3171.18,3.3,0,10,Home,0,14.0,2026-04-07 23:33:35.526001,2026-08-31 23:33:35.526001,Spring,0
738,59.0,Female,200000.0,Bachelor,Unemployed,Married,0,80000.0,14,5714.29,4.0,0,44,Books,0,28.0,2023-05-24 23:33:35.526001,2026-08-12 23:33:35.526001,Spring,19
739,69.0,Female,200000.0,Bachelor,Employed,Married,1,53043.32,19,2791.75,1.3,0,10,Books,0,1.0,2022-12-12 23:33:35.526001,2026-08-24 23:33:35.526001,Winter,7
740,60.0,Male,200000.0,Bachelor,Employed,Married,1,72360.75,13,5566.21,3.5,0,7,Electronics,0,81.0,2025-07-03 23:33:35.526001,2026-08-15 23:33:35.526001,Summer,16
741,18.0,Male,200000.0,Bachelor,Employed,Single,1,56511.9,8,7063.99,3.1,0,46,Sports,0,53.0,2023-01-06 23:33:35.526001,2026-07-04 23:33:35.526001,Winter,58
742,25.0,Male,200000.0,Bachelor,Employed,Married,3,36776.01,16,2298.5,2.6,1,11,Electronics,0,36.0,2022-06-03 23:33:35.526001,2026-07-18 23:33:35.526001,Summer,44
743,35.0,Male,200000.0,High School,Retired,Divorced,0,80000.0,13,6153.85,3.1,1,1,Home,0,56.0,2024-11-08 23:33:35.526001,2026-08-23 23:33:35.526001,Fall,8
744,45.0,Male,200000.0,Bachelor,Employed,Single,0,58034.09,12,4836.17,3.0,0,11,Sports,0,52.0,2024-07-29 23:33:35.526001,2026-04-28 23:33:35.526001,Summer,125
745,52.0,Female,200000.0,High School,Retired,Divorced,0,74983.3,18,4165.74,3.5,1,25,Home,0,59.0,2025-02-08 23:33:35.526001,2026-06-22 23:33:35.526001,Winter,70
746,34.0,Female,200000.0,Master,Employed,Married,0,51043.38,18,2835.74,2.4,1,7,Sports,0,68.0,2025-09-18 23:33:35.526001,2026-08-09 23:33:35.526001,Fall,22
747,47.0,Female,200000.0,High School,Employed,Married,0,32748.73,14,2339.2,,0,13,Books,0,45.0,2023-01-13 23:33:35.526001,2026-08-09 23:33:35.526001,Winter,22
748,33.0,Male,200000.0,High School,Retired,Married,2,35066.93,15,2337.8,4.6,0,1,Electronics,0,36.0,2025-09-18 23:33:35.526001,2026-06-23 23:33:35.526001,Fall,69
749,35.0,Female,200000.0,Bachelor,Employed,Single,2,59985.99,17,3528.59,3.7,0,21,Electronics,0,62.0,2025-07-19 23:33:35.526001,2026-08-01 23:33:35.526001,Summer,30
750,23.0,Female,200000.0,Bachelor,Unemployed,Married,2,71387.51,17,4199.27,4.1,0,33,Clothing,0,,2026-04-20 23:33:35.526001,2026-08-08 23:33:35.526001,Spring,23
751,31.0,Male,200000.0,Master,Retired,Divorced,1,49910.25,16,3119.39,4.4,0,12,Electronics,0,51.0,2021-12-29 23:33:35.526001,2026-07-21 23:33:35.526001,Winter,41
752,24.0,Female,200000.0,Bachelor,Employed,Married,1,73067.9,15,4871.19,4.5,0,13,Books,0,82.0,2024-12-25 23:33:35.526001,2026-08-23 23:33:35.526001,Winter,8
753,30.0,Female,200000.0,Bachelor,Employed,Widowed,2,71213.02,18,3956.28,5.0,0,2,Electronics,0,43.0,2023-12-17 23:33:35.526001,2026-06-29 23:33:35.526001,Winter,63
754,60.0,Male,200000.0,Master,Unemployed,Married,0,70886.55,22,3222.12,3.1,1,5,Home,1,36.0,2026-05-17 23:33:35.526001,2026-08-09 23:33:35.526001,Spring,22
755,30.0,Male,200000.0,Bachelor,Employed,Single,2,59571.31,15,3971.42,2.9,0,4,Clothing,0,56.0,2026-03-13 23:33:35.526001,2026-08-04 23:33:35.526001,Spring,27
756,80.0,Female,200000.0,High School,Employed,Married,1,80000.0,18,4444.44,4.1,1,15,Clothing,0,39.0,2024-11-29 23:33:35.526001,2026-08-29 23:33:35.526001,Fall,2
757,,Male,200000.0,Bachelor,Employed,Widowed,3,62729.17,11,5702.65,4.1,1,18,Sports,0,,2023-03-06 23:33:35.526001,2026-08-20 23:33:35.526001,Spring,11
758,47.0,Female,200000.0,PhD,Employed,Married,1,57692.42,14,4120.89,4.1,0,71,Electronics,0,37.0,2022-05-16 23:33:35.526001,2026-08-15 23:33:35.526001,Spring,16
759,32.0,Female,200000.0,Bachelor,Unemployed,Divorced,1,41553.51,10,4155.35,5.0,1,1,Home,0,43.0,2021-11-13 23:33:35.526001,2026-08-15 23:33:35.526001,Fall,16
760,55.0,Female,200000.0,Bachelor,Employed,Divorced,0,47403.19,17,2788.42,3.5,0,21,Home,0,78.0,2025-12-12 23:33:35.526001,2026-07-17 23:33:35.526001,Winter,45
761,36.0,Male,200000.0,High School,Employed,Married,2,30659.78,10,3065.98,3.8,0,17,Electronics,0,43.0,2025-04-24 23:33:35.526001,2026-08-22 23:33:35.526001,Spring,9
762,46.0,Male,200000.0,High School,Self-Employed,Single,1,66986.9,8,8373.36,2.7,0,17,Clothing,0,38.0,2023-03-12 23:33:35.526001,2026-08-25 23:33:35.526001,Spring,6
763,80.0,Female,200000.0,Bachelor,Employed,Married,0,45027.09,18,2501.5,5.0,1,49,Clothing,0,67.0,2022-08-17 23:33:35.526001,2026-08-05 23:33:35.526001,Summer,26
764,43.0,Female,200000.0,Bachelor,Employed,Married,1,49676.64,16,3104.79,3.2,1,5,Home,0,34.0,2024-03-11 23:33:35.526001,2026-08-03 23:33:35.526001,Spring,28
765,62.0,Male,200000.0,High School,Unemployed,Married,0,77370.56,16,4835.66,3.3,0,1,Books,0,39.0,2021-09-05 23:33:35.526001,2026-08-28 23:33:35.526001,Fall,3
766,34.0,Female,200000.0,PhD,Employed,Married,1,49862.37,11,4532.94,3.2,0,26,Clothing,0,58.0,2025-11-14 23:33:35.526001,2026-08-31 23:33:35.526001,Fall,0
767,44.0,Female,200000.0,Master,Unemployed,Married,2,44208.59,16,2763.04,3.0,0,10,Home,0,64.0,2023-02-21 23:33:35.526001,2026-06-18 23:33:35.526001,Winter,74
768,71.0,Male,200000.0,Bachelor,Retired,Married,0,40412.28,12,3367.69,2.9,0,1,Electronics,0,68.0,2023-01-01 23:33:35.526001,2026-08-29 23:33:35.526001,Winter,2
769,35.0,Male,,Master,Employed,Married,1,75972.87,12,6331.07,3.1,0,6,Home,0,38.0,2026-06-07 23:33:35.526001,2026-06-24 23:33:35.526001,Summer,68
770,72.0,Female,200000.0,High School,Employed,Married,0,39500.74,17,2323.57,2.4,0,8,Home,0,58.0,2022-09-22 23:33:35.526001,2026-08-16 23:33:35.526001,Fall,15
771,55.0,Male,200000.0,Bachelor,Employed,Married,1,57036.04,15,3802.4,,1,23,Home,0,43.0,2022-12-17 23:33:35.526001,2026-07-31 23:33:35.526001,Winter,31
772,36.0,Male,200000.0,Bachelor,Employed,Married,1,60329.47,21,2872.83,5.0,1,4,Home,1,40.0,2026-07-17 23:33:35.526001,2026-08-25 23:33:35.526001,Summer,6
773,54.0,Male,200000.0,Master,Retired,Married,0,69027.57,9,7669.73,4.1,1,12,Clothing,0,68.0,2024-06-07 23:33:35.526001,2026-07-10 23:33:35.526001,Summer,52
774,59.0,Male,200000.0,Master,Retired,Divorced,0,67801.57,11,6163.78,4.2,0,15,Sports,0,41.0,2025-10-02 23:33:35.526001,2026-08-26 23:33:35.526001,Fall,5
775,54.0,Female,200000.0,Bachelor,Employed,Married,3,79479.72,11,7225.43,4.4,0,14,Clothing,0,54.0,2025-05-23 23:33:35.526001,2026-08-17 23:33:35.526001,Spring,14
776,21.0,Female,200000.0,PhD,Self-Employed,Married,0,31617.36,13,2432.1,5.0,1,87,Books,0,52.0,2026-02-12 23:33:35.526001,2026-08-23 23:33:35.526001,Winter,8
777,34.0,Male,200000.0,High School,Retired,Married,0,47035.72,11,4275.97,2.1,1,1,Electronics,0,33.0,2023-04-24 23:33:35.526001,2026-07-08 23:33:35.526001,Spring,54
778,41.0,Female,200000.0,Master,Retired,Single,1,47600.76,10,4760.08,2.5,0,72,Sports,0,64.0,2025-10-06 23:33:35.526001,2026-07-04 23:33:35.526001,Fall,58
779,43.0,Female,200000.0,PhD,Employed,Single,1,37284.36,14,2663.17,2.9,0,20,Home,0,58.0,2021-12-31 23:33:35.526001,2026-08-18 23:33:35.526001,Winter,13
780,54.0,Female,200000.0,High School,Employed,Divorced,1,48408.5,18,2689.36,3.1,0,38,Home,0,20.0,2026-01-03 23:33:35.526001,2026-08-20 23:33:35.526001,Winter,11
781,47.0,Male,200000.0,Master,Employed,Married,1,48053.77,12,4004.48,3.3,1,13,Electronics,0,54.0,2024-06-24 23:33:35.526001,2026-07-18 23:33:35.526001,Summer,44
782,24.0,Male,200000.0,High School,Retired,Married,1,60924.5,18,3384.69,3.1,0,14,Home,0,38.0,2024-09-28 23:33:35.526001,2026-06-29 23:33:35.526001,Fall,63
783,50.0,Female,200000.0,Bachelor,Employed,Married,1,68698.39,11,6245.31,3.7,1,50,Home,0,66.0,2025-01-25 23:33:35.526001,2026-08-02 23:33:35.526001,Winter,29
784,54.0,Female,200000.0,Bachelor,Self-Employed,Single,1,53244.08,15,3549.61,3.5,0,54,Books,0,28.0,2024-11-12 23:33:35.526001,2026-06-14 23:33:35.526001,Fall,78
785,53.0,Male,200000.0,Bachelor,Employed,Married,3,75628.09,18,4201.56,2.9,0,6,Electronics,0,44.0,2022-11-17 23:33:35.526001,2026-08-17 23:33:35.526001,Fall,14
786,61.0,Male,200000.0,PhD,Employed,Married,1,50951.42,10,5095.14,1.8,1,5,Clothing,0,55.0,2024-09-09 23:33:35.526001,2026-08-27 23:33:35.526001,Fall,4
787,57.0,Male,200000.0,Bachelor,Employed,Married,1,46552.74,15,3103.52,2.7,1,16,Electronics,0,50.0,2025-09-05 23:33:35.526001,2026-08-26 23:33:35.526001,Fall,5
788,51.0,Female,200000.0,Bachelor,Retired,Married,0,63606.9,14,4543.35,3.1,0,55,Clothing,0,,2022-10-29 23:33:35.526001,2026-07-29 23:33:35.526001,Fall,33
789,43.0,Female,200000.0,Master,Employed,Single,0,31106.3,12,2592.19,3.3,1,9,Electronics,0,27.0,2025-08-11 23:33:35.526001,2026-08-16 23:33:35.526001,Summer,15
790,20.0,Female,200000.0,PhD,Self-Employed,Single,0,36161.83,14,2582.99,2.6,1,25,Clothing,0,74.0,2021-11-21 23:33:35.526001,2026-08-26 23:33:35.526001,Fall,5
791,51.0,Male,200000.0,High School,Employed,Widowed,0,55884.85,19,2941.31,3.1,1,29,Electronics,0,57.0,2022-08-03 23:33:35.526001,2026-08-21 23:33:35.526001,Summer,10
792,48.0,Female,200000.0,PhD,Employed,Married,3,80000.0,17,4705.88,2.6,1,36,Electronics,0,70.0,2023-04-03 23:33:35.526001,2026-08-09 23:33:35.526001,Spring,22
793,49.0,Female,200000.0,High School,Employed,Married,0,72286.63,16,4517.91,3.4,1,19,Electronics,0,63.0,2024-06-23 23:33:35.526001,2026-08-28 23:33:35.526001,Summer,3
794,25.0,Male,200000.0,Master,Employed,Single,2,36231.98,17,2131.29,2.6,0,12,Sports,0,49.0,2022-01-05 23:33:35.526001,2026-08-31 23:33:35.526001,Winter,0
795,28.0,Female,200000.0,Bachelor,Employed,Single,2,80000.0,12,6666.67,2.8,1,81,Clothing,0,30.0,2025-08-31 23:33:35.526001,2026-06-18 23:33:35.526001,Summer,74
796,60.0,Female,200000.0,High School,Employed,Married,1,72914.29,15,4860.95,2.5,1,22,Clothing,0,41.0,2026-06-20 23:33:35.526001,2026-08-21 23:33:35.526001,Summer,10
797,44.0,Male,200000.0,Bachelor,Employed,Married,0,66023.2,12,5501.93,3.4,0,31,Clothing,0,73.0,2023-03-16 23:33:35.526001,2026-08-24 23:33:35.526001,Spring,7
798,55.0,Female,200000.0,Bachelor,Employed,Married,1,77311.34,12,6442.61,2.8,1,10,Books,0,70.0,2025-04-14 23:33:35.526001,2026-07-27 23:33:35.526001,Spring,35
799,45.0,Male,200000.0,Bachelor,Retired,Single,2,54158.22,14,3868.44,4.2,0,26,Sports,0,40.0,2022-09-23 23:33:35.526001,2026-07-05 23:33:35.526001,Fall,57
800,45.0,Female,200000.0,High School,Retired,Married,0,45500.75,10,4550.08,3.8,1,7,Electronics,0,7.0,2026-04-26 23:33:35.526001,2026-08-01 23:33:35.526001,Spring,30
801,59.0,Female,200000.0,Bachelor,Employed,Single,2,61526.34,10,6152.63,3.4,0,6,Electronics,0,46.0,2022-07-12 23:33:35.526001,2026-08-23 23:33:35.526001,Summer,8
802,37.0,Female,200000.0,PhD,Self-Employed,Single,1,65120.92,22,2960.04,2.9,0,30,Sports,1,45.0,2022-03-24 23:33:35.526001,2026-07-03 23:33:35.526001,Spring,59
803,46.0,Female,200000.0,Bachelor,Retired,Married,2,63181.98,18,3510.11,3.8,1,17,Clothing,0,46.0,2022-06-02 23:33:35.526001,2026-08-10 23:33:35.526001,Summer,21
804,38.0,Male,200000.0,High School,Employed,Single,2,64931.91,13,4994.76,4.1,0,27,Electronics,0,57.0,2023-03-08 23:33:35.526001,2026-08-17 23:33:35.526001,Spring,14
805,38.0,Female,200000.0,Bachelor,Unemployed,Single,0,80000.0,13,6153.85,3.6,1,7,Electronics,0,63.0,2025-05-06 23:33:35.526001,2026-08-04 23:33:35.526001,Spring,27
806,40.0,Female,200000.0,High School,Retired,Married,1,80000.0,13,6153.85,4.8,0,21,Electronics,0,64.0,2023-01-03 23:33:35.526001,2026-07-26 23:33:35.526001,Winter,36
807,48.0,Male,200000.0,Master,Employed,Married,0,80000.0,13,6153.85,3.9,1,14,Sports,0,56.0,2022-08-24 23:33:35.526001,2026-08-04 23:33:35.526001,Summer,27
808,37.0,Female,200000.0,Master,Employed,Divorced,1,79117.67,22,3596.26,4.2,0,21,Electronics,1,22.0,2025-11-21 23:33:35.526001,2026-06-17 23:33:35.526001,Fall,75
809,63.0,Female,200000.0,Bachelor,Retired,Married,1,80000.0,11,7272.73,3.6,1,8,Sports,0,44.0,2023-11-09 23:33:35.526001,2026-08-02 23:33:35.526001,Fall,29
810,,Male,200000.0,Bachelor,Employed,Single,1,35429.71,20,1771.49,4.0,1,30,Sports,0,84.0,2026-06-18 23:33:35.526001,2026-06-29 23:33:35.526001,Summer,63
811,42.0,Female,200000.0,Master,Employed,Single,0,45185.83,14,3227.56,2.9,0,39,Books,0,55.0,2023-09-08 23:33:35.526001,2026-08-05 23:33:35.526001,Fall,26
812,38.0,Female,200000.0,Bachelor,Employed,Widowed,0,59842.21,14,4274.44,3.1,1,7,Electronics,0,55.0,2024-07-19 23:33:35.526001,2026-08-20 23:33:35.526001,Summer,11
813,66.0,Male,200000.0,Master,Employed,Married,2,80000.0,8,10000.0,3.8,0,8,Electronics,0,55.0,2025-09-18 23:33:35.526001,2026-08-09 23:33:35.526001,Fall,22
814,47.0,Female,200000.0,Bachelor,Self-Employed,Married,3,61108.03,11,5555.28,3.8,0,25,Clothing,0,56.0,2025-10-11 23:33:35.526001,2026-08-29 23:33:35.526001,Fall,2
815,60.0,Male,200000.0,Master,Unemployed,Single,1,73457.92,20,3672.9,3.9,1,28,Clothing,0,14.0,2026-01-04 23:33:35.526001,2026-08-24 23:33:35.526001,Winter,7
816,22.0,Male,200000.0,Bachelor,Retired,Married,2,40249.2,13,3096.09,4.4,0,29,Books,0,46.0,2022-10-10 23:33:35.526001,2026-07-19 23:33:35.526001,Fall,43
817,49.0,Male,200000.0,Bachelor,Employed,Single,0,44503.66,19,2342.3,2.4,0,27,Clothing,0,49.0,2025-09-28 23:33:35.526001,2026-07-30 23:33:35.526001,Fall,32
818,,Female,200000.0,PhD,Employed,Married,0,73641.5,15,4909.43,2.7,1,11,Sports,0,69.0,2025-09-24 23:33:35.526001,2026-08-26 23:33:35.526001,Fall,5
819,46.0,Female,200000.0,Bachelor,Employed,Divorced,2,38981.39,15,2598.76,3.7,1,12,Clothing,0,50.0,2023-02-05 23:33:35.526001,2026-08-14 23:33:35.526001,Winter,17
820,60.0,Male,200000.0,Bachelor,Employed,Widowed,1,53779.68,15,3585.31,2.9,1,7,Books,0,25.0,2022-11-23 23:33:35.526001,2026-08-27 23:33:35.526001,Fall,4
821,37.0,Male,200000.0,High School,Employed,Married,0,46134.05,13,3548.77,5.0,0,4,Home,0,56.0,2024-01-28 23:33:35.526001,2026-07-04 23:33:35.526001,Winter,58
822,66.0,Female,200000.0,Bachelor,Retired,Married,1,50140.73,16,3133.8,3.9,0,28,Electronics,0,37.0,2024-03-22 23:33:35.526001,2026-08-28 23:33:35.526001,Spring,3
823,79.0,Male,,Bachelor,Retired,Divorced,0,73363.37,13,5643.34,3.4,0,2,Electronics,0,31.0,2022-08-05 23:33:35.526001,2026-07-31 23:33:35.526001,Summer,31
824,39.0,Female,200000.0,High School,Employed,Married,2,52839.97,24,2201.67,3.1,0,66,Electronics,1,37.0,2025-05-26 23:33:35.526001,2026-08-03 23:33:35.526001,Spring,28
825,38.0,Female,200000.0,High School,Self-Employed,Single,2,63128.07,16,3945.5,3.1,0,42,Electronics,0,58.0,2021-11-28 23:33:35.526001,2026-08-12 23:33:35.526001,Fall,19
826,,Female,,Bachelor,Employed,Married,1,36836.52,15,2455.77,3.5,0,46,Clothing,0,68.0,2023-01-22 23:33:35.526001,2026-08-22 23:33:35.526001,Winter,9
827,68.0,Female,,Master,Employed,Single,1,77475.77,16,4842.24,3.6,0,56,Clothing,0,57.0,2024-06-24 23:33:35.526001,2026-08-16 23:33:35.526001,Summer,15
828,37.0,Male,200000.0,Bachelor,Self-Employed,Married,1,51700.4,9,5744.49,3.1,0,12,Clothing,0,59.0,2024-08-28 23:33:35.526001,2026-07-13 23:33:35.526001,Summer,49
829,38.0,Female,200000.0,High School,Employed,Married,1,66901.83,13,5146.29,3.3,1,45,Sports,0,57.0,2022-09-30 23:33:35.526001,2026-07-19 23:33:35.526001,Fall,43
830,40.0,Female,200000.0,Bachelor,Retired,Married,1,72199.43,17,4247.03,4.6,0,4,Electronics,0,51.0,2026-03-22 23:33:35.526001,2026-07-22 23:33:35.526001,Spring,40
831,24.0,Female,200000.0,High School,Self-Employed,Married,0,44387.29,13,3414.41,4.6,1,1,Clothing,0,60.0,2022-06-26 23:33:35.526001,2026-07-21 23:33:35.526001,Summer,41
832,31.0,Male,200000.0,Bachelor,Employed,Single,1,80000.0,15,5333.33,3.7,0,36,Electronics,0,13.0,2025-06-09 23:33:35.526001,2026-08-27 23:33:35.526001,Summer,4
833,29.0,Female,200000.0,High School,Unemployed,Married,0,67039.24,21,3192.34,2.4,1,1,Clothing,1,51.0,2021-12-16 23:33:35.526001,2026-08-28 23:33:35.526001,Winter,3
834,33.0,Male,,High School,Employed,Divorced,2,57386.44,20,2869.32,3.9,0,107,Clothing,0,34.0,2022-08-13 23:33:35.526001,2026-07-03 23:33:35.526001,Summer,59
835,44.0,Male,200000.0,High School,Employed,Married,0,40780.04,20,2039.0,4.7,1,26,Sports,0,67.0,2025-12-09 23:33:35.526001,2026-07-08 23:33:35.526001,Winter,54
836,48.0,Male,200000.0,Bachelor,Employed,Married,1,80000.0,16,5000.0,,0,33,Clothing,0,47.0,2023-11-25 23:33:35.526001,2026-07-28 23:33:35.526001,Fall,34
837,68.0,Female,200000.0,High School,Employed,Divorced,0,75360.6,20,3768.03,4.1,1,6,Electronics,0,50.0,2026-04-21 23:33:35.526001,2026-08-04 23:33:35.526001,Spring,27
838,30.0,Female,200000.0,Bachelor,Unemployed,Divorced,1,42356.55,14,3025.47,4.6,0,26,Clothing,0,27.0,2026-05-03 23:33:35.526001,2026-08-18 23:33:35.526001,Spring,13
839,59.0,Female,200000.0,Bachelor,Employed,Single,0,50047.45,7,7149.64,3.5,0,1,Electronics,0,,2023-04-06 23:33:35.526001,2026-08-24 23:33:35.526001,Spring,7
840,41.0,Female,200000.0,Bachelor,Unemployed,Single,0,79723.85,20,3986.19,4.0,1,43,Electronics,0,59.0,2022-09-20 23:33:35.526001,2026-07-29 23:33:35.526001,Fall,33
841,44.0,Male,200000.0,Bachelor,Self-Employed,Married,0,71890.8,14,5135.06,3.0,0,4,Books,0,58.0,2024-10-28 23:33:35.526001,2026-06-19 23:33:35.526001,Fall,73
842,55.0,Female,200000.0,Master,Employed,Divorced,0,76659.54,14,5475.68,3.7,0,28,Electronics,0,37.0,2025-04-13 23:33:35.526001,2026-08-14 23:33:35.526001,Spring,17
843,28.0,Male,200000.0,High School,Unemployed,Widowed,1,57503.45,14,4107.39,4.6,1,6,Clothing,0,38.0,2023-01-15 23:33:35.526001,2026-08-21 23:33:35.526001,Winter,10
844,50.0,Female,200000.0,Bachelor,Employed,Divorced,0,73376.76,16,4586.05,3.0,1,1,Books,0,,2026-05-14 23:33:35.526001,2026-08-22 23:33:35.526001,Spring,9
845,47.0,Female,200000.0,High School,Employed,Married,0,52219.35,14,3729.95,2.8,0,15,Clothing,0,39.0,2023-03-18 23:33:35.526001,2026-08-31 23:33:35.526001,Spring,0
846,52.0,Female,200000.0,High School,Employed,Married,2,41322.91,15,2754.86,3.6,1,4,Electronics,0,56.0,2025-11-11 23:33:35.526001,2026-08-09 23:33:35.526001,Fall,22
847,49.0,Female,200000.0,Bachelor,Employed,Single,1,68109.4,17,4006.44,3.3,1,31,Sports,0,17.0,2023-12-17 23:33:35.526001,2026-04-20 23:33:35.526001,Winter,133
848,80.0,Male,200000.0,Bachelor,Employed,Single,0,80000.0,16,5000.0,4.0,1,6,Clothing,0,42.0,2022-04-11 23:33:35.526001,2026-07-12 23:33:35.526001,Spring,50
849,35.0,Male,200000.0,Master,Self-Employed,Married,0,48723.45,11,4429.4,3.1,0,10,Home,0,76.0,2024-05-25 23:33:35.526001,2026-06-24 23:33:35.526001,Spring,68
850,37.0,Female,200000.0,Bachelor,Employed,Married,1,57642.12,12,4803.51,4.9,0,20,Clothing,0,56.0,2026-02-25 23:33:35.526001,2026-08-02 23:33:35.526001,Winter,29
851,35.0,Male,322836.7535975918,PhD,Employed,Married,1,73023.66,12,6085.3,2.5,0,8,Clothing,0,52.0,2023-10-06 23:33:35.526001,2026-08-12 23:33:35.526001,Fall,19
852,36.0,Male,200000.0,High School,Retired,Married,1,61160.15,15,4077.34,4.5,0,11,Clothing,0,79.0,2022-04-29 23:33:35.526001,2026-04-14 23:33:35.526001,Spring,139
853,35.0,Female,200000.0,High School,Self-Employed,Single,0,78615.72,20,3930.79,2.9,1,40,Clothing,0,14.0,2025-12-18 23:33:35.526001,2026-08-14 23:33:35.526001,Winter,17
854,62.0,Female,200000.0,High School,Retired,Married,2,76036.94,14,5431.21,2.1,1,4,Electronics,0,37.0,2022-09-02 23:33:35.526001,2026-06-18 23:33:35.526001,Fall,74
855,66.0,Male,200000.0,High School,Employed,Single,1,33121.41,16,2070.09,3.7,1,2,Clothing,0,43.0,2022-03-02 23:33:35.526001,2026-07-19 23:33:35.526001,Spring,43
856,36.0,Male,200000.0,Bachelor,Self-Employed,Married,0,80000.0,14,5714.29,3.3,1,9,Home,0,62.0,2023-11-03 23:33:35.526001,2026-08-19 23:33:35.526001,Fall,12
857,32.0,Female,200000.0,Bachelor,Retired,Married,0,75728.03,19,3985.69,2.6,0,13,Books,0,63.0,2024-08-13 23:33:35.526001,2026-08-11 23:33:35.526001,Summer,20
858,52.0,Female,200000.0,High School,Self-Employed,Married,0,80000.0,7,11428.57,2.2,1,18,Electronics,0,37.0,2023-05-17 23:33:35.526001,2026-08-17 23:33:35.526001,Spring,14
859,36.0,Male,200000.0,PhD,Unemployed,Widowed,0,67564.64,14,4826.05,3.5,1,11,Books,0,64.0,2023-03-14 23:33:35.526001,2026-08-27 23:33:35.526001,Spring,4
860,54.0,Male,200000.0,Master,Employed,Single,0,80000.0,16,5000.0,,0,37,Home,0,43.0,2026-07-21 23:33:35.526001,2026-08-18 23:33:35.526001,Summer,13
861,48.0,Male,200000.0,Bachelor,Employed,Married,1,37171.74,15,2478.12,4.0,0,1,Home,0,68.0,2022-11-19 23:33:35.526001,2026-06-27 23:33:35.526001,Fall,65
862,22.0,Male,200000.0,High School,Employed,Married,1,51634.73,19,2717.62,3.5,1,13,Electronics,0,34.0,2024-08-04 23:33:35.526001,2026-07-21 23:33:35.526001,Summer,41
863,68.0,Male,200000.0,High School,Employed,Married,1,80000.0,7,11428.57,3.9,1,11,Home,0,48.0,2026-05-10 23:33:35.526001,2026-08-22 23:33:35.526001,Spring,9
864,71.0,Female,200000.0,High School,Retired,Divorced,0,43055.02,11,3914.09,3.5,1,25,Clothing,0,,2024-07-24 23:33:35.526001,2026-08-18 23:33:35.526001,Summer,13
865,35.0,Female,200000.0,High School,Employed,Married,0,34637.74,11,3148.89,2.4,0,81,Clothing,0,65.0,2023-05-29 23:33:35.526001,2026-08-03 23:33:35.526001,Spring,28
866,39.0,Female,200000.0,Bachelor,Retired,Divorced,2,76396.7,13,5876.67,2.4,1,17,Clothing,0,42.0,2022-06-25 23:33:35.526001,2026-08-15 23:33:35.526001,Summer,16
867,49.0,Male,200000.0,High School,Retired,Single,0,79564.88,23,3459.34,3.3,0,104,Home,1,49.0,2024-04-29 23:33:35.526001,2026-08-11 23:33:35.526001,Spring,20
868,50.0,Female,200000.0,Bachelor,Employed,Divorced,1,39166.43,15,2611.1,3.4,1,8,Sports,0,57.0,2026-06-14 23:33:35.526001,2026-07-27 23:33:35.526001,Summer,35
869,54.0,Male,200000.0,PhD,Employed,Single,1,80000.0,21,3809.52,4.2,0,1,Sports,1,58.0,2024-09-11 23:33:35.526001,2026-08-13 23:33:35.526001,Fall,18
870,,Female,200000.0,Bachelor,Retired,Divorced,0,71463.07,8,8932.88,4.1,0,4,Electronics,0,63.0,2024-04-05 23:33:35.526001,2026-08-25 23:33:35.526001,Spring,6
871,42.0,Female,200000.0,PhD,Retired,Married,1,59881.31,14,4277.24,4.0,0,12,Sports,0,53.0,2023-04-29 23:33:35.526001,2026-08-09 23:33:35.526001,Spring,22
872,33.0,Male,200000.0,High School,Employed,Married,0,79379.11,13,6106.09,3.3,0,9,Electronics,0,43.0,2025-07-25 23:33:35.526001,2026-08-18 23:33:35.526001,Summer,13
873,24.0,Female,200000.0,Bachelor,Employed,Married,1,56032.5,28,2001.16,2.4,1,2,Electronics,1,44.0,2024-05-20 23:33:35.526001,2026-08-21 23:33:35.526001,Spring,10
874,34.0,Male,200000.0,Bachelor,Employed,Divorced,1,41991.3,23,1825.71,3.8,1,13,Clothing,1,50.0,2026-06-28 23:33:35.526001,2026-08-20 23:33:35.526001,Summer,11
875,44.0,Female,200000.0,High School,Self-Employed,Single,2,47659.81,10,4765.98,,0,9,Clothing,0,53.0,2024-11-17 23:33:35.526001,2026-08-14 23:33:35.526001,Fall,17
876,71.0,Male,200000.0,High School,Employed,Married,1,60692.76,16,3793.3,1.6,1,3,Books,0,47.0,2024-03-28 23:33:35.526001,2026-06-27 23:33:35.526001,Spring,65
877,37.0,Male,200000.0,Bachelor,Unemployed,Divorced,2,63506.28,18,3528.13,2.8,1,8,Clothing,0,50.0,2022-09-12 23:33:35.526001,2026-07-23 23:33:35.526001,Fall,39
878,48.0,Female,200000.0,Bachelor,Employed,Married,1,78570.89,24,3273.79,2.9,0,52,Sports,1,27.0,2023-09-30 23:33:35.526001,2026-07-29 23:33:35.526001,Fall,33
879,44.0,Male,200000.0,Bachelor,Employed,Single,1,77095.14,20,3854.76,3.6,1,8,Electronics,0,60.0,2025-08-23 23:33:35.526001,2026-08-12 23:33:35.526001,Summer,19
880,62.0,Female,,Bachelor,Employed,Married,5,63966.24,16,3997.89,2.9,0,30,Electronics,0,52.0,2025-10-29 23:33:35.526001,2026-08-31 23:33:35.526001,Fall,0
881,80.0,Male,200000.0,Bachelor,Employed,Married,1,77096.74,24,3212.36,3.5,0,22,Sports,1,65.0,2026-02-03 23:33:35.526001,2026-08-19 23:33:35.526001,Winter,12
882,37.0,Female,200000.0,High School,Employed,Divorced,1,39065.7,16,2441.61,3.3,1,13,Electronics,0,50.0,2025-05-21 23:33:35.526001,2026-07-12 23:33:35.526001,Spring,50
883,37.0,Female,200000.0,Bachelor,Employed,Married,3,32819.58,5,6563.92,3.4,1,6,Books,0,23.0,2024-02-11 23:33:35.526001,2026-08-17 23:33:35.526001,Winter,14
884,60.0,Female,200000.0,High School,Employed,Married,0,80000.0,11,7272.73,2.9,0,11,Books,0,44.0,2023-01-11 23:33:35.526001,2026-08-07 23:33:35.526001,Winter,24
885,55.0,Male,200000.0,High School,Employed,Widowed,1,33168.8,13,2551.45,3.0,1,21,Clothing,0,47.0,2022-04-05 23:33:35.526001,2026-08-25 23:33:35.526001,Spring,6
886,72.0,Male,200000.0,PhD,Employed,Married,1,43873.04,14,3133.79,2.6,1,10,Books,0,61.0,2022-10-15 23:33:35.526001,2026-06-18 23:33:35.526001,Fall,74
887,53.0,Male,200000.0,Bachelor,Retired,Single,1,72528.79,15,4835.25,3.8,0,5,Electronics,0,18.0,2023-06-11 23:33:35.526001,2026-06-16 23:33:35.526001,Summer,76
888,39.0,Male,200000.0,Master,Employed,Single,2,54797.59,14,3914.11,4.0,0,2,Home,0,50.0,2024-11-22 23:33:35.526001,2026-08-27 23:33:35.526001,Fall,4
889,53.0,Female,200000.0,Bachelor,Employed,Married,0,80000.0,14,5714.29,2.9,1,50,Electronics,0,57.0,2025-09-03 23:33:35.526001,2026-07-24 23:33:35.526001,Fall,38
890,61.0,Female,200000.0,Bachelor,Self-Employed,Single,0,48185.14,11,4380.47,4.7,1,13,Clothing,0,40.0,2023-02-20 23:33:35.526001,2026-08-29 23:33:35.526001,Winter,2
891,57.0,Female,200000.0,High School,Retired,Divorced,1,30804.91,22,1400.22,3.2,1,23,Electronics,1,51.0,2023-04-09 23:33:35.526001,2026-08-04 23:33:35.526001,Spring,27
892,52.0,Female,200000.0,High School,Employed,Married,2,49282.2,12,4106.85,4.7,0,16,Clothing,0,40.0,2024-09-09 23:33:35.526001,2026-08-26 23:33:35.526001,Fall,5
893,61.0,Female,200000.0,High School,Self-Employed,Single,1,64807.93,19,3410.94,3.0,0,49,Books,0,39.0,2024-09-14 23:33:35.526001,2026-08-27 23:33:35.526001,Fall,4
894,62.0,Female,200000.0,Master,Unemployed,Married,0,51098.09,19,2689.37,1.9,1,19,Sports,0,43.0,2022-02-27 23:33:35.526001,2026-08-31 23:33:35.526001,Winter,0
895,65.0,Male,200000.0,Bachelor,Self-Employed,Married,2,63722.5,13,4901.73,3.8,0,15,Home,0,39.0,2025-03-06 23:33:35.526001,2026-06-08 23:33:35.526001,Spring,84
896,54.0,Female,200000.0,Bachelor,Employed,Divorced,2,80000.0,16,5000.0,3.7,0,62,Clothing,0,60.0,2022-06-05 23:33:35.526001,2026-07-09 23:33:35.526001,Summer,53
897,42.0,Female,200000.0,Bachelor,Self-Employed,Divorced,0,80000.0,21,3809.52,3.5,0,30,Sports,1,38.0,2022-02-10 23:33:35.526001,2026-08-29 23:33:35.526001,Winter,2
898,47.0,Female,200000.0,PhD,Employed,Married,0,44705.04,14,3193.22,3.0,1,2,Clothing,0,36.0,2026-02-18 23:33:35.526001,2026-08-04 23:33:35.526001,Winter,27
899,63.0,Male,200000.0,High School,Self-Employed,Married,2,58124.34,11,5284.03,3.5,0,4,Books,0,76.0,2024-11-17 23:33:35.526001,2026-08-24 23:33:35.526001,Fall,7
900,32.0,Male,200000.0,Bachelor,Unemployed,Married,0,62831.47,19,3306.92,3.1,1,37,Books,0,64.0,2023-10-15 23:33:35.526001,2026-08-22 23:33:35.526001,Fall,9
901,50.0,Male,200000.0,Bachelor,Employed,Married,0,80000.0,12,6666.67,3.3,0,43,Clothing,0,22.0,2023-09-26 23:33:35.526001,2026-06-30 23:33:35.526001,Fall,62
902,39.0,Female,200000.0,Master,Unemployed,Single,3,80000.0,15,5333.33,4.2,1,18,Home,0,38.0,2024-11-22 23:33:35.526001,2026-08-28 23:33:35.526001,Fall,3
903,45.0,Female,200000.0,PhD,Employed,Single,0,43287.05,12,3607.25,3.6,0,19,Electronics,0,53.0,2024-01-20 23:33:35.526001,2026-08-04 23:33:35.526001,Winter,27
904,64.0,Male,200000.0,High School,Unemployed,Married,2,74514.59,17,4383.21,4.0,0,23,Books,0,54.0,2023-09-14 23:33:35.526001,2026-08-16 23:33:35.526001,Fall,15
905,47.0,Female,200000.0,Master,Employed,Single,1,53607.15,11,4873.38,3.3,1,13,Home,0,27.0,2023-10-29 23:33:35.526001,2026-08-25 23:33:35.526001,Fall,6
906,45.0,Male,,Master,Employed,Single,0,30655.14,11,2786.83,3.2,1,27,Sports,0,67.0,2024-01-25 23:33:35.526001,2026-08-13 23:33:35.526001,Winter,18
907,24.0,Male,200000.0,High School,Employed,Married,0,31231.51,10,3123.15,2.6,1,2,Home,0,62.0,2022-03-09 23:33:35.526001,2026-06-08 23:33:35.526001,Spring,84
908,56.0,Male,200000.0,Bachelor,Retired,Single,0,57596.27,13,4430.48,3.2,0,78,Clothing,0,57.0,2024-01-13 23:33:35.526001,2026-07-17 23:33:35.526001,Winter,45
909,54.0,Female,200000.0,Bachelor,Employed,Married,0,59533.96,11,5412.18,1.0,1,33,Books,0,70.0,2026-07-13 23:33:35.526001,2026-08-27 23:33:35.526001,Summer,4
910,77.0,Female,200000.0,PhD,Employed,Married,1,32519.17,11,2956.29,3.0,1,23,Clothing,0,56.0,2024-06-19 23:33:35.526001,2026-07-06 23:33:35.526001,Summer,56
911,40.0,Male,200000.0,High School,Employed,Widowed,1,71840.96,18,3991.16,3.4,1,9,Clothing,0,56.0,2023-08-09 23:33:35.526001,2026-06-09 23:33:35.526001,Summer,83
912,48.0,Female,200000.0,Master,Self-Employed,Married,0,47470.93,14,3390.78,4.0,0,4,Sports,0,73.0,2025-01-01 23:33:35.526001,2026-08-22 23:33:35.526001,Winter,9
913,48.0,Male,200000.0,Bachelor,Employed,Single,1,64945.95,26,2497.92,3.3,0,12,Sports,1,66.0,2022-01-23 23:33:35.526001,2026-08-19 23:33:35.526001,Winter,12
914,68.0,Female,200000.0,Master,Employed,Married,0,45690.29,11,4153.66,3.8,1,26,Home,0,37.0,2022-04-06 23:33:35.526001,2026-08-27 23:33:35.526001,Spring,4
915,43.0,Female,200000.0,Bachelor,Employed,Divorced,3,42080.13,9,4675.57,1.8,1,24,Electronics,0,59.0,2022-08-17 23:33:35.526001,2026-08-19 23:33:35.526001,Summer,12
916,49.0,Female,200000.0,Bachelor,Employed,Widowed,0,52724.47,16,3295.28,3.5,1,11,Home,0,40.0,2022-10-28 23:33:35.526001,2026-07-29 23:33:35.526001,Fall,33
917,54.0,Male,200000.0,Master,Employed,Married,1,43309.31,13,3331.49,2.2,1,22,Sports,0,57.0,2026-08-21 23:33:35.526001,2026-08-22 23:33:35.526001,Summer,9
918,47.0,Female,200000.0,Master,Employed,Married,1,62047.14,24,2585.3,2.5,0,40,Clothing,1,57.0,2024-10-26 23:33:35.526001,2026-08-31 23:33:35.526001,Fall,0
919,38.0,Female,200000.0,Master,Unemployed,Divorced,1,41783.23,17,2457.84,3.4,0,1,Clothing,0,29.0,2024-09-04 23:33:35.526001,2026-08-19 23:33:35.526001,Fall,12
920,47.0,Male,200000.0,High School,Employed,Single,2,61510.77,8,7688.85,4.5,0,14,Home,0,48.0,2025-04-02 23:33:35.526001,2026-08-13 23:33:35.526001,Spring,18
921,61.0,Female,200000.0,Bachelor,Employed,Married,3,38384.87,9,4264.99,3.8,0,34,Books,0,53.0,2026-01-19 23:33:35.526001,2026-08-06 23:33:35.526001,Winter,25
922,29.0,Male,200000.0,High School,Employed,Married,1,70519.25,11,6410.84,3.5,1,18,Sports,0,43.0,2022-10-26 23:33:35.526001,2026-07-28 23:33:35.526001,Fall,34
923,46.0,Female,200000.0,Bachelor,Retired,Single,2,74658.05,17,4391.65,3.5,1,25,Clothing,0,,2022-05-19 23:33:35.526001,2026-08-30 23:33:35.526001,Spring,1
924,34.0,Male,200000.0,Bachelor,Retired,Married,2,36918.8,17,2171.69,2.9,0,17,Home,0,62.0,2023-01-13 23:33:35.526001,2026-08-12 23:33:35.526001,Winter,19
925,62.0,Female,200000.0,Bachelor,Unemployed,Single,0,58003.37,16,3625.21,3.1,1,115,Home,0,49.0,2026-02-09 23:33:35.526001,2026-08-22 23:33:35.526001,Winter,9
926,22.0,Female,200000.0,Bachelor,Employed,Married,2,34345.24,23,1493.27,3.8,0,1,Clothing,1,53.0,2024-02-01 23:33:35.526001,2026-06-04 23:33:35.526001,Winter,88
927,36.0,Male,200000.0,PhD,Employed,Divorced,1,65341.02,20,3267.05,,1,16,Home,0,70.0,2025-01-19 23:33:35.526001,2026-08-18 23:33:35.526001,Winter,13
928,50.0,Male,200000.0,High School,Employed,Single,1,45354.19,24,1889.76,4.0,1,2,Clothing,1,57.0,2025-02-06 23:33:35.526001,2026-08-28 23:33:35.526001,Winter,3
929,68.0,Male,200000.0,Bachelor,Employed,Divorced,1,61944.74,14,4424.62,3.2,0,4,Clothing,0,53.0,2024-01-17 23:33:35.526001,2026-08-30 23:33:35.526001,Winter,1
930,,Male,200000.0,Bachelor,Employed,Single,2,61991.38,23,2695.28,4.2,0,11,Electronics,1,35.0,2026-02-16 23:33:35.526001,2026-08-22 23:33:35.526001,Winter,9
931,36.0,Male,200000.0,High School,Unemployed,Married,0,80000.0,12,6666.67,4.3,0,4,Clothing,0,60.0,2022-12-24 23:33:35.526001,2026-08-26 23:33:35.526001,Winter,5
932,73.0,Female,200000.0,High School,Retired,Single,0,62076.23,12,5173.02,2.2,1,79,Home,0,54.0,2025-07-09 23:33:35.526001,2026-07-31 23:33:35.526001,Summer,31
933,23.0,Male,,PhD,Unemployed,Divorced,1,65593.37,11,5963.03,3.0,0,70,Sports,0,69.0,2022-03-02 23:33:35.526001,2026-07-06 23:33:35.526001,Spring,56
934,18.0,Male,200000.0,Master,Employed,Married,0,54066.68,21,2574.6,2.8,0,9,Electronics,1,50.0,2022-12-04 23:33:35.526001,2026-08-20 23:33:35.526001,Winter,11
935,,Female,200000.0,PhD,Self-Employed,Married,1,80000.0,15,5333.33,2.0,0,24,Clothing,0,22.0,2022-10-18 23:33:35.526001,2026-08-06 23:33:35.526001,Fall,25
936,37.0,Male,200000.0,PhD,Employed,Divorced,0,75725.36,15,5048.36,2.7,0,18,Electronics,0,24.0,2026-08-22 23:33:35.526001,2026-07-23 23:33:35.526001,Summer,39
937,29.0,Female,200000.0,High School,Employed,Married,1,45344.88,13,3488.07,5.0,1,40,Books,0,61.0,2025-03-17 23:33:35.526001,2026-08-16 23:33:35.526001,Spring,15
938,55.0,Female,200000.0,Bachelor,Unemployed,Widowed,1,80000.0,14,5714.29,4.0,1,23,Sports,0,41.0,2026-04-04 23:33:35.526001,2026-08-29 23:33:35.526001,Spring,2
939,,Female,200000.0,Bachelor,Employed,Married,2,55177.43,16,3448.59,5.0,0,1,Books,0,56.0,2025-08-13 23:33:35.526001,2026-08-24 23:33:35.526001,Summer,7
940,36.0,Female,200000.0,Bachelor,Employed,Divorced,0,79641.24,15,5309.42,4.2,0,34,Books,0,51.0,2022-05-31 23:33:35.526001,2026-06-28 23:33:35.526001,Spring,64
941,25.0,Female,,Bachelor,Employed,Married,1,78736.44,14,5624.03,2.9,0,32,Books,0,47.0,2023-10-30 23:33:35.526001,2026-07-10 23:33:35.526001,Fall,52
942,58.0,Male,200000.0,Bachelor,Self-Employed,Single,2,42073.23,11,3824.84,3.2,0,17,Electronics,0,48.0,2025-05-12 23:33:35.526001,2026-08-29 23:33:35.526001,Spring,2
943,54.0,Male,200000.0,Bachelor,Unemployed,Married,0,71780.32,18,3987.8,4.0,0,55,Home,0,37.0,2022-03-27 23:33:35.526001,2026-08-24 23:33:35.526001,Spring,7
944,43.0,Male,200000.0,Bachelor,Employed,Single,0,47589.05,12,3965.75,3.9,0,57,Books,0,49.0,2025-01-29 23:33:35.526001,2026-07-19 23:33:35.526001,Winter,43
945,91.0,Female,200000.0,High School,Unemployed,Married,1,48007.19,9,5334.13,3.0,1,17,Books,0,41.0,2022-02-04 23:33:35.526001,2026-08-12 23:33:35.526001,Winter,19
946,28.0,Male,200000.0,Bachelor,Employed,Married,1,47975.84,9,5330.65,2.3,1,22,Home,0,44.0,2023-09-19 23:33:35.526001,2026-07-20 23:33:35.526001,Fall,42
947,22.0,Female,200000.0,Bachelor,Employed,Married,2,73509.97,15,4900.66,5.0,0,120,Home,0,45.0,2022-09-01 23:33:35.526001,2026-08-24 23:33:35.526001,Fall,7
948,34.0,Female,200000.0,Bachelor,Unemployed,Single,2,44300.16,12,3691.68,3.4,0,8,Home,0,46.0,2026-02-06 23:33:35.526001,2026-06-01 23:33:35.526001,Winter,91
949,44.0,Female,200000.0,High School,Self-Employed,Single,1,29258.69,19,1539.93,3.2,1,9,Sports,0,63.0,2023-12-19 23:33:35.526001,2026-07-17 23:33:35.526001,Winter,45
950,48.0,Female,200000.0,Master,Retired,Married,1,74313.63,8,9289.2,3.6,0,4,Sports,0,,2024-02-28 23:33:35.526001,2026-08-25 23:33:35.526001,Winter,6
951,41.0,Male,200000.0,High School,Employed,Widowed,4,40034.55,16,2502.16,3.3,1,54,Books,0,65.0,2024-08-16 23:33:35.526001,2026-08-07 23:33:35.526001,Summer,24
952,50.0,Female,200000.0,Bachelor,Self-Employed,Married,3,34957.39,13,2689.03,3.6,0,32,Electronics,0,73.0,2024-03-01 23:33:35.526001,2026-08-28 23:33:35.526001,Spring,3
953,26.0,Female,200000.0,Master,Self-Employed,Married,2,44439.04,16,2777.44,4.5,0,2,Clothing,0,62.0,2026-07-08 23:33:35.526001,2026-08-18 23:33:35.526001,Summer,13
954,66.0,Male,200000.0,Bachelor,Retired,Married,1,51942.85,15,3462.86,3.4,1,96,Home,0,58.0,2023-12-03 23:33:35.526001,2026-07-30 23:33:35.526001,Winter,32
955,43.0,Male,200000.0,Bachelor,Employed,Married,0,59219.71,16,3701.23,,1,31,Electronics,0,54.0,2022-04-10 23:33:35.526001,2026-08-19 23:33:35.526001,Spring,12
956,61.0,Female,200000.0,Bachelor,Unemployed,Single,0,34883.81,17,2051.99,3.4,1,45,Electronics,0,62.0,2022-07-09 23:33:35.526001,2026-07-30 23:33:35.526001,Summer,32
957,50.0,Female,200000.0,Bachelor,Self-Employed,Married,1,80000.0,13,6153.85,3.1,1,1,Electronics,0,51.0,2025-09-21 23:33:35.526001,2026-08-23 23:33:35.526001,Fall,8
958,51.0,Female,200000.0,Master,Employed,Single,2,73296.16,19,3857.69,4.6,1,16,Home,0,64.0,2023-05-26 23:33:35.526001,2026-07-24 23:33:35.526001,Spring,38
959,53.0,Female,200000.0,Master,Employed,Widowed,1,47636.14,14,3402.58,4.4,1,28,Clothing,0,59.0,2023-06-03 23:33:35.526001,2026-08-18 23:33:35.526001,Summer,13
960,51.0,Female,200000.0,Bachelor,Employed,Single,0,49575.74,14,3541.12,3.6,0,18,Clothing,0,44.0,2022-06-02 23:33:35.526001,2026-07-16 23:33:35.526001,Summer,46
961,54.0,Female,445031.83025996597,Bachelor,Self-Employed,Married,2,56026.84,9,6225.2,2.5,1,26,Electronics,0,63.0,2024-09-27 23:33:35.526001,2026-08-27 23:33:35.526001,Fall,4
962,64.0,Male,200000.0,High School,Retired,Single,0,66949.85,19,3523.68,2.5,1,40,Home,0,51.0,2025-03-22 23:33:35.526001,2026-08-18 23:33:35.526001,Spring,13
963,47.0,Male,200000.0,Bachelor,Self-Employed,Single,1,37681.1,12,3140.09,3.5,0,11,Clothing,0,48.0,2023-01-28 23:33:35.526001,2026-08-13 23:33:35.526001,Winter,18
964,55.0,Male,200000.0,Bachelor,Self-Employed,Married,0,42067.94,12,3505.66,3.8,0,45,Electronics,0,42.0,2025-07-15 23:33:35.526001,2026-08-15 23:33:35.526001,Summer,16
965,43.0,Female,200000.0,Bachelor,Employed,Single,0,80000.0,10,8000.0,3.2,0,4,Books,0,52.0,2022-06-07 23:33:35.526001,2026-08-14 23:33:35.526001,Summer,17
966,66.0,Female,200000.0,Bachelor,Employed,Single,0,45398.68,18,2522.15,3.1,0,7,Books,0,64.0,2025-02-08 23:33:35.526001,2026-08-14 23:33:35.526001,Winter,17
967,34.0,Female,200000.0,Bachelor,Employed,Married,0,51947.27,13,3995.94,3.0,0,1,Clothing,0,63.0,2026-02-13 23:33:35.526001,2026-04-19 23:33:35.526001,Winter,134
968,72.0,Male,200000.0,High School,Employed,Single,0,80000.0,16,5000.0,3.5,0,10,Books,0,55.0,2023-06-03 23:33:35.526001,2026-08-25 23:33:35.526001,Summer,6
969,44.0,Female,200000.0,Bachelor,Employed,Single,1,69038.46,18,3835.47,1.6,1,11,Electronics,0,58.0,2024-07-17 23:33:35.526001,2026-07-19 23:33:35.526001,Summer,43
970,23.0,Female,200000.0,Bachelor,Employed,Divorced,0,48340.68,13,3718.51,2.6,0,39,Home,0,69.0,2025-08-07 23:33:35.526001,2026-08-07 23:33:35.526001,Summer,24
971,46.0,Female,200000.0,Master,Employed,Married,0,71480.36,11,6498.21,3.0,1,25,Electronics,0,47.0,2025-05-14 23:33:35.526001,2026-08-15 23:33:35.526001,Spring,16
972,34.0,Female,200000.0,High School,Employed,Divorced,1,30076.22,9,3341.8,4.5,0,13,Electronics,0,33.0,2022-10-26 23:33:35.526001,2026-08-01 23:33:35.526001,Fall,30
973,57.0,Male,200000.0,Bachelor,Employed,Divorced,2,75127.17,5,15025.43,2.8,1,25,Home,0,69.0,2024-07-27 23:33:35.526001,2026-07-05 23:33:35.526001,Summer,57
974,35.0,Female,200000.0,PhD,Employed,Married,1,58839.82,18,3268.88,3.6,0,1,Home,0,42.0,2022-02-18 23:33:35.526001,2026-08-13 23:33:35.526001,Winter,18
975,38.0,Male,200000.0,High School,Employed,Single,1,79394.64,17,4670.27,3.7,0,4,Electronics,0,39.0,2025-01-16 23:33:35.526001,2026-07-02 23:33:35.526001,Winter,60
976,18.0,Male,200000.0,Bachelor,Retired,Married,0,80000.0,24,3333.33,4.5,1,23,Electronics,1,23.0,2023-07-10 23:33:35.526001,2026-08-29 23:33:35.526001,Summer,2
977,38.0,Female,200000.0,High School,Retired,Divorced,0,80000.0,11,7272.73,4.5,1,24,Home,0,58.0,2023-08-31 23:33:35.526001,2026-07-31 23:33:35.526001,Summer,31
978,18.0,Female,200000.0,Bachelor,Unemployed,Married,1,80000.0,11,7272.73,3.5,0,35,Home,0,25.0,2023-12-23 23:33:35.526001,2026-08-19 23:33:35.526001,Winter,12
979,21.0,Female,382819.18654852675,Bachelor,Employed,Married,0,60654.53,18,3369.7,3.1,0,12,Clothing,0,38.0,2023-12-11 23:33:35.526001,2026-08-17 23:33:35.526001,Winter,14
980,56.0,Female,200000.0,Bachelor,Unemployed,Single,2,53146.08,15,3543.07,3.0,1,30,Books,0,58.0,2026-03-16 23:33:35.526001,2026-08-06 23:33:35.526001,Spring,25
981,99.0,Female,200000.0,Bachelor,Unemployed,Divorced,0,57243.74,14,4088.84,3.3,1,27,Electronics,0,60.0,2025-11-20 23:33:35.526001,2026-08-12 23:33:35.526001,Fall,19
982,51.0,Female,200000.0,Master,Unemployed,Married,2,70799.26,18,3933.29,3.2,1,79,Clothing,0,40.0,2022-07-05 23:33:35.526001,2026-08-17 23:33:35.526001,Summer,14
983,30.0,Female,200000.0,High School,Employed,Widowed,1,80000.0,16,5000.0,3.9,0,5,Electronics,0,47.0,2023-10-06 23:33:35.526001,2026-08-20 23:33:35.526001,Fall,11
984,44.0,Male,200000.0,High School,Self-Employed,Single,1,41841.95,20,2092.1,3.8,0,19,Clothing,0,36.0,2024-05-29 23:33:35.526001,2026-08-03 23:33:35.526001,Spring,28
985,44.0,Male,200000.0,Master,Unemployed,Single,1,80000.0,12,6666.67,4.0,1,22,Electronics,0,,2023-05-20 23:33:35.526001,2026-08-10 23:33:35.526001,Spring,21
986,27.0,Male,200000.0,Bachelor,Self-Employed,Single,1,77359.28,15,5157.29,4.5,0,120,Clothing,0,53.0,2023-04-26 23:33:35.526001,2026-08-20 23:33:35.526001,Spring,11
987,67.0,Male,200000.0,Master,Self-Employed,Married,2,80000.0,16,5000.0,5.0,0,5,Clothing,0,42.0,2023-07-18 23:33:35.526001,2026-08-25 23:33:35.526001,Summer,6
988,58.0,Male,200000.0,Bachelor,Employed,Single,2,80000.0,13,6153.85,3.6,0,17,Clothing,0,46.0,2022-12-31 23:33:35.526001,2026-07-18 23:33:35.526001,Winter,44
989,41.0,Male,200000.0,Master,Employed,Single,1,46474.49,13,3574.96,4.4,0,10,Electronics,0,28.0,2023-04-05 23:33:35.526001,2026-07-14 23:33:35.526001,Spring,48
990,45.0,Male,200000.0,Bachelor,Employed,Widowed,0,36324.87,15,2421.66,3.2,1,17,Clothing,0,66.0,2024-03-23 23:33:35.526001,2026-08-24 23:33:35.526001,Spring,7
991,48.0,Female,200000.0,Master,Self-Employed,Single,0,38647.15,15,2576.48,4.4,0,6,Home,0,57.0,2022-04-12 23:33:35.526001,2026-08-22 23:33:35.526001,Spring,9
992,18.0,Male,200000.0,PhD,Employed,Divorced,0,46148.55,16,2884.28,4.3,0,1,Clothing,0,61.0,2021-09-25 23:33:35.526001,2026-08-23 23:33:35.526001,Fall,8
993,41.0,Female,200000.0,Bachelor,Employed,Married,0,68834.73,15,4588.98,4.3,1,20,Home,0,69.0,2026-04-19 23:33:35.526001,2026-06-28 23:33:35.526001,Spring,64
994,,Male,200000.0,High School,Employed,Divorced,1,79016.4,22,3591.65,3.6,0,9,Clothing,1,37.0,2022-02-18 23:33:35.526001,2026-07-18 23:33:35.526001,Winter,44
995,29.0,Female,200000.0,Bachelor,Employed,Married,2,80000.0,13,6153.85,3.0,1,4,Clothing,0,44.0,2026-05-01 23:33:35.526001,2026-08-29 23:33:35.526001,Spring,2
996,40.0,Male,200000.0,High School,Employed,Divorced,3,66440.57,11,6040.05,2.4,0,9,Books,0,21.0,2024-05-20 23:33:35.526001,2026-07-09 23:33:35.526001,Spring,53
997,71.0,Male,200000.0,High School,Self-Employed,Divorced,0,30909.02,15,2060.6,3.5,1,1,Sports,0,97.0,2023-11-13 23:33:35.526001,2026-08-30 23:33:35.526001,Fall,1
998,54.0,Female,200000.0,Bachelor,Unemployed,Single,4,40455.52,11,3677.77,4.7,0,72,Electronics,0,47.0,2022-09-16 23:33:35.526001,2026-08-23 23:33:35.526001,Fall,8
999,36.0,Male,200000.0,Bachelor,Employed,Single,1,37250.23,21,1773.82,3.3,0,20,Electronics,1,65.0,2024-03-19 23:33:35.526001,2026-06-17 23:33:35.526001,Spring,75
1000,53.0,Male,436048.4169033861,Bachelor,Employed,Single,0,50828.41,17,2989.91,4.1,1,40,Books,0,31.0,2022-07-07 23:33:35.526001,2026-07-03 23:33:35.526001,Summer,59
