customer_id,total_orders,total_quantity,total_revenue,avg_discount,avg_rating,avg_order_value,segment,customer_type
1001,3,17.0,4979.394910532575,0.1456009468961864,1.6763126014806025,1659.7983035108582,Low Value,Returning
1002,5,16.0,6003.632569594529,0.13318984486086666,2.971659016210758,1200.7265139189058,Low Value,Returning
1003,6,28.0,10018.771760309692,0.12741520920854996,3.1140698025805444,1669.7952933849485,Regular,Returning
1004,2,7.0,3186.2775008333274,0.20207947709467486,2.171499331587536,1593.1387504166637,Low Value,New
1005,2,5.0,824.9048570291015,0.11213647039831101,2.377641910339864,412.4524285145508,Low Value,New
1006,2,5.0,1153.5168793155162,0.15153582611095381,4.124119383501338,576.7584396577581,Low Value,New
1007,4,24.0,2773.6492687529535,0.11514151996723057,2.3697873844545514,693.4123171882384,Low Value,Returning
1008,5,21.0,9689.414369972983,0.15526377823853013,3.4316499348735556,1937.8828739945966,Regular,Returning
1010,6,26.0,16359.044210954731,0.10599680250834413,2.791637021474744,2726.507368492455,High Value,New
1011,5,20.0,9404.001128030814,0.10188391921727169,3.5880324949448976,1880.8002256061627,Regular,New
1012,9,33.0,5957.8779730606275,0.21507164621516428,2.60074518311672,661.9864414511808,Low Value,New
1013,7,20.0,5789.770323988447,0.12281265580274767,2.4164932175853195,827.1100462840639,Low Value,VIP
1014,5,13.0,1697.9817227703425,0.1477044654647758,3.643484046662399,339.5963445540685,Low Value,New
1016,5,23.0,3179.020035455301,0.23070044299077389,3.1555682926167647,635.8040070910602,Low Value,New
1017,4,12.0,2365.35352597745,0.1735133442457075,3.118415765416902,591.3383814943625,Low Value,Returning
1018,2,14.0,6088.668948760794,0.1395989480410023,2.555568404256104,3044.334474380397,Low Value,New
1019,15,63.0,21391.43193322687,0.21995197330748045,3.438119278885909,1426.0954622151248,VIP,Returning
1020,1,5.0,5277.5327511294845,0.1272245677337879,1.8406043998374664,5277.5327511294845,Low Value,Returning
1021,5,29.0,18887.44163805164,0.0830099050974657,3.1401438908753554,3777.4883276103283,High Value,New
1022,7,29.0,13768.986889948823,0.14253007839090456,2.8678572760760863,1966.9981271355462,High Value,Returning
1023,5,21.0,7302.518876114983,0.07211795406997454,3.181675917337686,1460.5037752229966,Regular,Returning
1024,3,14.0,5265.903678418019,0.0665519351477956,3.5734385629438417,1755.3012261393396,Low Value,New
1025,9,50.0,25948.631815462966,0.1806323755347287,2.8036834567524167,2883.1813128292183,VIP,New
1026,5,15.0,5245.74656879399,0.15757416348130102,2.834899364185219,1049.1493137587981,Low Value,New
1027,4,10.0,3941.8629977197998,0.1206168502392431,2.6053424791965325,985.4657494299499,Low Value,Returning
1028,4,17.0,7448.770051658774,0.17783319057928498,2.2139115181009226,1862.1925129146935,Regular,Returning
1029,8,35.0,13477.674823854977,0.18647003421341968,2.6339477340314725,1684.7093529818721,High Value,Returning
1030,3,13.0,3655.6533910478015,0.123530283651396,3.809178550535704,1218.5511303492672,Low Value,Returning
1031,4,20.0,4808.016372492969,0.21177801305467853,2.0415692204448863,1202.0040931232422,Low Value,New
1032,1,3.0,227.61600775847657,0.0039340443461428,1.7804323577272094,227.61600775847657,Low Value,New
1033,2,8.0,2529.9784287901584,0.20685963925073636,2.9954460249230115,1264.9892143950792,Low Value,New
1034,2,12.0,9832.063973998407,0.12009908866978361,2.091082003224731,4916.031986999204,Regular,Returning
1035,7,32.0,20488.39332348025,0.11362325893452338,2.8418739260095793,2926.91333192575,High Value,Returning
1036,6,22.0,8005.076100599734,0.13290154684536679,3.3017575498845866,1334.1793500999556,Regular,Returning
1037,4,22.0,7334.127959078863,0.1324520089438621,2.599118415810088,1833.5319897697157,Regular,Returning
1038,5,21.0,5168.089905887039,0.08945135419100854,3.173478137550476,1033.6179811774077,Low Value,Returning
1039,6,16.0,7934.717433294746,0.145305245121388,2.868701198543866,1322.4529055491244,Regular,VIP
1040,7,26.0,7070.279628433294,0.13917296177775143,2.6039560255188343,1010.0399469190421,Regular,New
1041,8,31.0,11089.161074446276,0.11527838034506112,3.0487833837939404,1386.1451343057845,High Value,New
1042,3,11.0,6658.94240427841,0.1233713800065469,2.5905096131571343,2219.6474680928036,Low Value,Returning
1043,8,31.0,10538.31506689161,0.17933266594577618,2.447540038462275,1317.2893833614512,High Value,New
1044,4,13.0,8786.665685539894,0.12941225076646207,3.3868295969593336,2196.6664213849735,Regular,Returning
1045,4,17.0,2258.752338840201,0.1143676597435612,2.865466142736131,564.6880847100502,Low Value,Returning
1046,5,24.0,8424.245750767395,0.13449188205934406,3.372169403752011,1684.849150153479,Regular,New
1047,4,12.0,3450.4789592427696,0.10705355220695517,2.8705405809426887,862.6197398106924,Low Value,Returning
1048,2,4.0,1686.5844607520894,0.13220640386044857,2.397432450211782,843.2922303760447,Low Value,Returning
1049,7,24.0,10651.788884525666,0.10708487550822329,3.1009498253045584,1521.6841263608094,High Value,Returning
1050,4,17.0,4944.661008544632,0.13437963091833893,3.0030466939427556,1236.165252136158,Low Value,New
1051,4,10.0,2169.3339957258754,0.17223746896158404,3.3668868814697364,542.3334989314689,Low Value,Returning
1052,5,20.0,7291.301176808398,0.16728436396330165,3.2187921956597116,1458.2602353616796,Regular,New
1053,2,10.0,983.8943113758364,0.17823293224454217,3.049609273040363,491.9471556879182,Low Value,VIP
1054,3,12.0,1735.3517122917701,0.20317581469426427,3.653529376145165,578.4505707639233,Low Value,Returning
1055,7,36.0,15793.034715589945,0.14821917177322158,3.7079556680912584,2256.147816512849,High Value,New
1056,5,15.0,4771.574720679555,0.16884522435483412,3.291446704050442,954.314944135911,Low Value,VIP
1057,5,25.0,3020.226238549407,0.2976148711754803,2.2402975282479054,604.0452477098813,Low Value,Returning
1058,3,14.0,9610.134102649408,0.13803282556600924,2.5426735756921204,3203.3780342164696,Regular,New
1059,4,18.0,12148.525045839833,0.2616445384116603,3.324194175701219,3037.1312614599583,High Value,New
1060,4,21.0,12786.050265363912,0.19470857823342408,3.197755403848113,3196.512566340978,High Value,Returning
1061,7,32.0,25229.70430893338,0.16169147954391314,3.8826280821192376,3604.2434727047685,VIP,New
1062,7,19.0,11799.112816141384,0.15254987084600113,2.748541137602857,1685.5875451630548,High Value,New
1063,5,27.0,11267.992819299014,0.1354916369281972,3.2078587595885764,2253.5985638598027,High Value,Returning
1064,3,6.0,3420.2679945671475,0.15826579543984368,2.769168149188458,1140.0893315223825,Low Value,Returning
1065,5,24.0,4532.485473765067,0.15745309616235745,3.165101322531169,906.4970947530134,Low Value,VIP
1066,4,14.0,4675.9875972808395,0.15216635656959485,2.4140739042427004,1168.9968993202099,Low Value,New
1067,7,27.0,7811.917709989073,0.1644952426369093,3.153224353914227,1115.9882442841533,Regular,New
1068,6,23.0,9929.569861971393,0.17027442639169132,2.876749376276391,1654.9283103285654,Regular,New
1069,6,30.0,9771.879985078178,0.14876685510168342,3.0435524701446206,1628.6466641796962,Regular,New
1070,3,5.0,417.18650805869316,0.20981830335790685,2.3806321317390116,139.0621693528977,Low Value,New
1071,3,11.0,8444.34909031188,0.06551213235355444,3.3997926221927823,2814.78303010396,Regular,VIP
1072,9,33.0,16889.916186040664,0.10769957069049702,3.514008162726665,1876.6573540045183,High Value,VIP
1073,5,15.0,8857.971147095877,0.15704883853705592,2.3165452058580773,1771.5942294191755,Regular,New
1074,4,15.0,1792.8712445547922,0.12312275874738196,2.7391826146163805,448.21781113869804,Low Value,New
1075,6,28.0,9482.651186387115,0.15185865401745627,2.9569108933060897,1580.4418643978524,Regular,Returning
1076,5,24.0,7683.007556316276,0.15926466555218843,3.0851797044804683,1536.6015112632554,Regular,New
1077,4,23.0,6765.535892148162,0.15605247029957264,2.2912129285790845,1691.3839730370405,Low Value,New
1078,6,22.0,6113.670851218859,0.200026172564757,2.8772340728041925,1018.9451418698098,Low Value,Returning
1079,4,13.0,2307.5703165762484,0.16141761668437932,2.9797249376853623,576.8925791440621,Low Value,New
1080,5,31.0,4293.915382848274,0.12466799460025187,3.404120370849616,858.7830765696548,Low Value,New
1081,4,19.0,10595.533282995779,0.14456545656661762,2.6435719984337833,2648.8833207489447,High Value,Returning
1082,8,20.0,6483.212266166651,0.19722559618211635,3.039823816297916,810.4015332708314,Low Value,New
1083,6,25.0,9152.264745175005,0.14583295835066154,3.7247814323159076,1525.3774575291675,Regular,New
1084,5,13.0,8211.721063617979,0.10059616318307632,2.4135499929292825,1642.3442127235958,Regular,Returning
1085,4,27.0,10604.691910235175,0.14440107805232957,2.9449997196976465,2651.1729775587937,High Value,Returning
1086,5,12.0,3427.376311009761,0.20554987310688322,2.8395822791934315,685.4752622019522,Low Value,Returning
1087,5,23.0,15564.153599910413,0.13242119718131695,3.516777584655847,3112.8307199820824,High Value,New
1088,5,18.0,6211.262356549554,0.21344274528932033,2.4539624724259816,1242.2524713099108,Low Value,New
1089,2,7.0,4087.0820018476875,0.0440094986307949,2.2030612591305903,2043.5410009238437,Low Value,New
1090,10,47.0,7580.538739180416,0.15145621195664893,2.958665404556741,758.0538739180416,Regular,New
1091,3,12.0,4302.101135052348,0.156253530924552,4.086882263689036,1434.0337116841158,Low Value,New
1092,7,24.0,13629.200177374758,0.18371636366004712,3.272468366860516,1947.0285967678226,High Value,Returning
1093,6,23.0,7018.668444390922,0.11879957308373716,3.6538034791012035,1169.7780740651535,Regular,Returning
1094,1,0.0,245.96702509938163,0.2293866564675908,4.520321207133774,245.96702509938163,Low Value,New
1095,3,13.0,6751.604851705808,0.06529968812982773,2.8044647876772415,2250.5349505686027,Low Value,New
1096,4,9.0,5322.773051550579,0.19681889650200346,2.7754461179095316,1330.6932628876448,Low Value,New
1097,3,13.0,1929.7493844420317,0.13828673370938258,3.2476252387815276,643.2497948140106,Low Value,Returning
1098,3,12.0,7623.764103240487,0.03341939296304067,2.576384583395624,2541.2547010801622,Regular,VIP
1099,4,15.0,868.5299486581257,0.0718709382755648,2.826716430320259,217.13248716453143,Low Value,New
1100,2,12.0,3978.229777295378,0.12568821000369154,3.124929592504511,1989.114888647689,Low Value,New
1101,7,21.0,7796.253225052154,0.16362649090748385,3.431820959926042,1113.7504607217363,Regular,Returning
1102,2,8.0,1524.3827236001334,0.16625941673808056,2.220890891876226,762.1913618000667,Low Value,Returning
1103,3,7.0,2231.49035771232,0.19693363441801018,2.557046372788475,743.83011923744,Low Value,New
1104,5,17.0,6255.4768314394905,0.11832613026632191,3.1336458508766993,1251.095366287898,Low Value,VIP
1105,10,37.0,11983.805887395094,0.1622841406033321,2.699193745387171,1198.3805887395094,High Value,Returning
1106,6,25.0,7044.115488824564,0.18370851848554892,3.9357135344284093,1174.0192481374272,Regular,New
1107,3,9.0,4140.689302081009,0.14396732978821686,1.9120450552369554,1380.2297673603364,Low Value,Returning
1108,4,22.0,13117.01142113854,0.10543717217688761,3.2110671027763447,3279.252855284635,High Value,New
1109,2,9.0,6349.717574121982,0.17632693898819915,4.001909186804783,3174.858787060991,Low Value,Returning
1110,5,23.0,9096.432444337619,0.17280420480493858,2.7918084343950964,1819.2864888675238,Regular,New
1111,6,26.0,7881.034784756943,0.13933169705721676,2.687940897108048,1313.5057974594904,Regular,Returning
1112,6,34.0,9700.34770798083,0.1717893215576128,3.633495519212932,1616.7246179968051,Regular,VIP
1113,3,9.0,7090.709424896687,0.14949791308121516,1.7980378088310722,2363.5698082988956,Regular,Returning
1114,2,10.0,1718.2826234108434,0.12518297716289856,1.2298155777745963,859.1413117054217,Low Value,New
1115,7,25.0,7096.755952945437,0.18230889530101388,3.4677934112263253,1013.8222789922053,Regular,New
1116,6,18.0,6552.796806363121,0.14134314198681355,3.442328109805466,1092.13280106052,Low Value,New
1117,7,23.0,11171.893707424442,0.19080220352980787,3.4883826571839194,1595.9848153463488,High Value,New
1118,6,21.0,3696.858045618461,0.18945624582548926,3.397705856048511,616.1430076030769,Low Value,New
1119,4,14.0,8768.707328046254,0.3097896284835578,2.804403579570179,2192.1768320115634,Regular,Returning
1120,2,10.0,8129.54084065462,0.19974009768109305,1.229959697303131,4064.77042032731,Regular,Returning
1121,4,22.0,10714.279164889705,0.1216372865986288,3.1945320834215547,2678.5697912224264,High Value,New
1122,3,10.0,6510.249384470888,0.12813415125075248,3.2063521351945963,2170.0831281569626,Low Value,New
1123,8,25.0,8357.790800605268,0.09781446699255093,3.315163411374102,1044.7238500756584,Regular,Returning
1124,4,21.0,13010.656402315728,0.14385365671468586,2.67637950639452,3252.664100578932,High Value,New
1125,3,11.0,1128.668557149671,0.15478665020767254,2.8513466876759375,376.22285238322365,Low Value,New
1126,7,28.0,5686.645932761192,0.18282858518305337,3.2559735661178957,812.377990394456,Low Value,VIP
1127,4,19.0,7148.937215559273,0.13193502223654335,2.8653816732662274,1787.2343038898182,Regular,Returning
1128,6,32.0,4618.547707578432,0.10376962387306377,1.8771379893479851,769.757951263072,Low Value,Returning
1129,5,17.0,4013.9836801627193,0.07686228953919698,2.5717894366489618,802.7967360325439,Low Value,Returning
1130,8,31.0,16035.385918089476,0.14772319322029853,3.1172285545573173,2004.4232397611845,High Value,New
1131,3,8.0,5368.157357902384,0.21124198812260167,2.528512504193954,1789.3857859674615,Low Value,Returning
1132,6,15.0,6500.240795716445,0.09269557007837832,2.1994052051529094,1083.3734659527408,Low Value,Returning
1133,9,24.0,9867.102621618182,0.17602973370919606,3.0186159341179017,1096.3447357353534,Regular,New
1134,5,20.0,9015.693334634396,0.11553667018463736,3.1167675900306664,1803.138666926879,Regular,Returning
1135,3,13.0,5677.325951259049,0.044691420787918934,4.272054466068348,1892.4419837530165,Low Value,VIP
1136,3,12.0,1968.859673910498,0.19229537046872033,3.338776691279848,656.286557970166,Low Value,New
1137,10,33.0,12490.210092368785,0.16494540602862642,3.0574090097713555,1249.0210092368784,High Value,Returning
1138,4,8.0,3245.0081046238165,0.11692066437490428,3.189368406347968,811.2520261559541,Low Value,VIP
1139,9,45.0,17462.805666254513,0.12566031413244116,3.054123118064969,1940.311740694946,High Value,VIP
1140,3,15.0,2075.560359838313,0.20444617494280184,1.8819356710226736,691.8534532794378,Low Value,VIP
1141,5,19.0,3130.71724146019,0.15121244315128232,2.079580071042582,626.143448292038,Low Value,New
1142,5,25.0,18325.8613285341,0.13315038222122347,2.6664300651372925,3665.1722657068203,High Value,Returning
1143,6,28.0,6864.454047123083,0.15860700700515615,3.4841060003747857,1144.0756745205138,Low Value,Returning
1144,7,24.0,9746.075798376494,0.16145964555652145,2.5658756774074547,1392.2965426252135,Regular,Returning
1145,3,9.0,5891.967870160976,0.1571311916874491,4.183426086206532,1963.9892900536588,Low Value,New
1146,7,21.0,9432.551995900127,0.17984170352476433,2.856479561403693,1347.5074279857324,Regular,New
1147,6,21.0,5223.727854220128,0.157178443096485,2.9511049852042124,870.6213090366881,Low Value,Returning
1148,7,38.0,18454.995263353445,0.1533898989530858,2.5519164242445043,2636.4278947647776,High Value,New
1149,9,37.0,13560.33277787495,0.10906429783894549,2.9787686379854765,1506.7036419861056,High Value,New
1151,1,3.0,913.3504458202992,0.0993179465274048,4.552544528050782,913.3504458202992,Low Value,Returning
1152,5,24.0,6060.4606806003685,0.23783080031602108,3.289944006132072,1212.0921361200737,Low Value,New
1153,2,12.0,1671.4859433555248,0.1777890759264735,3.743508970147386,835.7429716777624,Low Value,New
1154,7,29.0,11872.491085216798,0.15872633931962415,2.7002423518204965,1696.0701550309711,High Value,New
1155,6,26.0,9540.877741951825,0.1855829081958705,3.7129207326581106,1590.146290325304,Regular,New
1156,5,19.0,7428.264730452561,0.10479293865785003,2.5750959862412137,1485.6529460905122,Regular,New
1157,4,16.0,14139.454803076274,0.1000346052307313,2.836627263354885,3534.8637007690686,High Value,Returning
1158,4,16.0,8577.063475119428,0.11362239242611552,2.0328346114197933,2144.265868779857,Regular,Returning
1159,4,19.0,9461.009608925786,0.18451392011480766,2.9643298856258835,2365.2524022314465,Regular,New
1160,6,23.0,5226.903857519024,0.110645522206187,3.2723802886899467,871.1506429198374,Low Value,New
1161,4,7.0,2144.1840863784614,0.21234298627989937,1.6305463048015127,536.0460215946154,Low Value,New
1162,6,18.0,4249.217844910325,0.22813633299494837,2.9177409339172926,708.2029741517208,Low Value,New
1163,6,19.0,5393.365659236939,0.14829164216240898,3.1931884582316896,898.8942765394899,Low Value,Returning
1164,4,18.0,5952.944173641721,0.12312101241833964,2.5757187413532665,1488.2360434104303,Low Value,VIP
1165,6,22.0,9258.229505980256,0.11920380643547057,3.028799507140624,1543.0382509967094,Regular,Returning
1166,9,33.0,12317.80443007583,0.16059456618623227,3.691515569780237,1368.6449366750921,High Value,Returning
1167,5,15.0,1808.408076210244,0.1879245791976468,3.4180617581837622,361.6816152420488,Low Value,Returning
1168,4,12.0,3813.100184606294,0.17600119287018773,2.605813488190446,953.2750461515735,Low Value,VIP
1169,3,10.0,3125.656718923798,0.18461460720424308,2.929601884288731,1041.8855729745994,Low Value,New
1170,1,7.0,773.2057216506545,0.0624338472004648,3.5689320586998408,773.2057216506545,Low Value,New
1171,7,28.0,7229.166943655872,0.13508637115928035,1.9912655177468044,1032.7381348079819,Regular,New
1172,7,27.0,5856.256122882953,0.1541377626580011,2.710452492112377,836.6080175547075,Low Value,Returning
1173,5,19.0,10690.053879406796,0.1659311377564139,2.566069222107168,2138.010775881359,High Value,VIP
1174,2,7.0,1098.4474255703478,0.2230347028159102,3.2151868517114854,549.2237127851739,Low Value,Returning
1175,6,21.0,12967.68678069645,0.17559529656804937,2.86524072484673,2161.281130116075,High Value,Returning
1176,4,15.0,6343.765867551041,0.2172482833107247,2.9920619310436933,1585.9414668877603,Low Value,New
1177,4,13.0,11374.979823469306,0.15230563270919334,2.525888643026391,2843.7449558673266,High Value,VIP
1178,1,4.0,3258.9284213894266,0.0590619107009056,1.8079566875362425,3258.9284213894266,Low Value,Returning
1179,7,22.0,4904.780517166289,0.13664809404647535,3.395491751029819,700.6829310237556,Low Value,New
1180,5,28.0,10762.893581172963,0.14786690286895227,3.081586737487462,2152.5787162345923,High Value,Returning
1181,6,27.0,11596.046901043983,0.1382497700715947,3.3083583589914145,1932.6744835073305,High Value,New
1182,5,21.0,8049.361134264885,0.053041008053706186,2.934967923229972,1609.8722268529768,Regular,Returning
1183,7,32.0,17510.37847603592,0.14756306104345793,3.4063269873255684,2501.482639433703,High Value,New
1184,2,12.0,6684.485555681098,0.20197264113522184,2.2751424083790566,3342.242777840549,Low Value,VIP
1185,4,25.0,10452.832021797833,0.21286950130047588,2.9132977442023993,2613.208005449458,High Value,Returning
1186,3,4.0,889.8189837039317,0.11913654570720916,3.8134967856356616,296.6063279013106,Low Value,Returning
1187,10,38.0,17058.090115536103,0.1281283564000521,2.1403705206265418,1705.8090115536102,High Value,Returning
1188,5,13.0,4963.769334088918,0.10252726980523648,2.901957312369289,992.7538668177837,Low Value,Returning
1189,4,14.0,2358.6654539783776,0.0792657780767029,3.5717240652438518,589.6663634945944,Low Value,Returning
1190,6,19.0,9734.38459644734,0.15576379495108683,2.981138371482652,1622.3974327412234,Regular,Returning
1191,5,22.0,13120.64941592104,0.14505332710186317,3.3463975135965627,2624.1298831842078,High Value,New
1192,9,33.0,21825.52585063973,0.09987496241678116,3.2861395999948586,2425.0584278488586,VIP,New
1193,3,12.0,5161.000192044206,0.13826572952155433,1.4590444958543236,1720.3333973480687,Low Value,VIP
1194,6,29.0,7457.957292032782,0.14173337242734427,2.3851939254308,1242.9928820054636,Regular,New
1195,6,26.0,12940.644853656448,0.17457073258450315,2.9518898885617078,2156.7741422760746,High Value,New
1196,3,14.0,911.0847664183036,0.18452319770333292,3.919410716440259,303.69492213943454,Low Value,Returning
1197,2,12.0,1062.1478850500216,0.27482936359533616,2.761552795790844,531.0739425250108,Low Value,Returning
1198,8,33.0,14199.888067248643,0.12365000470424896,2.756941117394944,1774.9860084060804,High Value,New
1199,2,8.0,4853.713340196769,0.2015503241052986,2.436253794079363,2426.8566700983847,Low Value,VIP
1200,3,11.0,2938.4303996163876,0.17761640653832667,2.917555430396387,979.4767998721292,Low Value,New
1201,3,14.0,4319.339287839412,0.11145717733326421,3.4565223745410933,1439.779762613137,Low Value,Returning
1202,8,35.0,10213.124939796267,0.11227054958887411,3.476537556106682,1276.6406174745334,Regular,New
1203,5,27.0,6376.585509773904,0.19137060227727867,3.0181382936276036,1275.3171019547808,Low Value,Returning
1204,4,19.0,16681.432892009358,0.12305004855377995,2.1265217061984485,4170.358223002339,High Value,New
1205,6,29.0,9253.065423630494,0.18191512591087144,2.7475971038469047,1542.1775706050823,Regular,New
1206,3,18.0,10503.072548775426,0.14913063699906423,2.3031756760368256,3501.024182925142,High Value,New
1207,6,22.0,3660.9447463580536,0.13176195626401735,2.6590634089158445,610.1574577263423,Low Value,Returning
1208,7,30.0,5573.8117333792,0.12947258550848703,3.22437213969524,796.2588190541713,Low Value,Returning
1209,4,9.0,1550.313781527344,0.1393980697043273,3.076719996369761,387.578445381836,Low Value,VIP
1210,7,29.0,14435.68537748548,0.06710916104389306,2.9798777563666006,2062.2407682122116,High Value,Returning
1211,2,9.0,7109.919341543098,0.1089584639810707,3.435389193134288,3554.959670771549,Regular,VIP
1212,2,7.0,1699.285527527625,0.06898580445746545,2.427721557025629,849.6427637638125,Low Value,New
1213,5,20.0,10242.441155871957,0.13834276844703913,2.4908652676821186,2048.4882311743913,Regular,New
1214,5,27.0,10206.65598313984,0.18658281076433827,2.6140576046452204,2041.3311966279682,Regular,New
1215,5,25.0,2724.265586046903,0.12283535938102771,3.3281038218851493,544.8531172093806,Low Value,New
1216,7,33.0,9498.602510704228,0.1552599506102137,2.989258773635488,1356.9432158148898,Regular,Returning
1217,8,31.0,19975.098901125264,0.17447990636672234,3.641821302913678,2496.887362640658,High Value,New
1218,1,5.0,3856.0376081095815,0.2298769317542349,2.438514762280303,3856.0376081095815,Low Value,New
1219,3,9.0,2981.5582253993725,0.086417850076775,3.3192468069950145,993.8527417997908,Low Value,Returning
1220,4,16.0,3781.537375709456,0.20362015607572978,3.753059858496915,945.384343927364,Low Value,New
1221,7,25.0,11555.199300077811,0.13779203876312446,3.034563752990156,1650.7427571539731,High Value,VIP
1222,2,7.0,847.9950817522231,0.16782118512105554,2.4446780326807707,423.99754087611154,Low Value,Returning
1223,5,22.0,10456.667543136444,0.1537445029082734,2.580560431814137,2091.3335086272887,High Value,New
1224,6,25.0,6609.886383891738,0.1438849391664991,3.100877884863429,1101.6477306486229,Low Value,Returning
1225,6,18.0,5598.954978257211,0.12688601449883982,1.9184586533149945,933.1591630428685,Low Value,Returning
1226,9,40.0,11097.799130927358,0.1940068971699669,3.0525013268106327,1233.0887923252621,High Value,VIP
1227,7,31.0,7358.980954570967,0.12687979160362012,2.831918130893108,1051.282993510138,Regular,Returning
1228,6,25.0,9818.348065650724,0.14143127375836353,2.988388949974158,1636.3913442751207,Regular,Returning
1229,6,23.0,6706.8915573934,0.13053209693146015,2.331016713457332,1117.8152595655667,Low Value,New
1230,3,16.0,11704.14885562505,0.1403437023099506,3.004583363951017,3901.3829518750167,High Value,New
1231,4,18.0,6232.917825227406,0.15035190559602124,3.0800408690205234,1558.2294563068515,Low Value,Returning
1232,4,18.0,1614.7409971527734,0.6144105529583446,3.6078644983413186,403.68524928819335,Low Value,Returning
1233,4,17.0,8645.405216686806,0.10629864206300205,2.89148510260638,2161.3513041717015,Regular,Returning
1234,5,13.0,8087.668999052397,0.21572103661304176,1.9165238187505895,1617.5337998104794,Regular,Returning
1235,9,32.0,4559.0431978434835,0.2522551340592158,3.0750957448205836,506.5603553159426,Low Value,VIP
1236,6,18.0,8620.311390516677,0.13176246737542655,2.7840919225065,1436.718565086113,Regular,Returning
1237,6,21.0,9385.377062352345,0.06390811224648378,2.815584357662564,1564.2295103920576,Regular,New
1238,3,16.0,3455.2709492438316,0.17661858634450986,3.4652557128943204,1151.7569830812772,Low Value,VIP
1239,4,18.0,2722.0860416470528,0.13527966789004378,2.8290296707070577,680.5215104117632,Low Value,VIP
1240,4,10.0,1236.7990800598168,0.1173152018151153,3.5434088054524273,309.1997700149542,Low Value,New
1241,2,6.0,1020.1306248471495,0.14789532610446526,3.3027403346869435,510.06531242357477,Low Value,VIP
1242,7,24.0,15494.792002161355,0.1845709738551787,2.7113270097606614,2213.5417145944793,High Value,New
1243,4,17.0,8171.180712978641,0.1581329151726311,2.7357818379921093,2042.7951782446603,Regular,Returning
1244,4,22.0,8068.780224987522,0.09478302315917103,3.892688963284643,2017.1950562468805,Regular,Returning
1245,9,28.0,7469.060775109375,0.11599704094894732,2.6717850100612015,829.8956416788194,Regular,New
1246,5,22.0,5590.353515010095,0.15005208750745128,2.5870486308467853,1118.070703002019,Low Value,Returning
1247,5,27.0,7474.053694034803,0.09724737069699671,2.4101914341204336,1494.8107388069607,Regular,Returning
1248,2,6.0,3340.6360423102324,0.1254170442220093,2.839699516432881,1670.3180211551162,Low Value,Returning
1249,3,14.0,5358.847367825648,0.2558425828586759,3.197055921799267,1786.2824559418825,Low Value,VIP
1250,5,23.0,5979.565801363243,0.3467395318424545,3.0576614580620207,1195.9131602726486,Low Value,Returning
1251,5,14.0,5649.036504321525,0.16617885186549675,2.5655987273128957,1129.807300864305,Low Value,Returning
1253,8,28.0,7660.395224777626,0.15496808184987526,3.163420148871183,957.5494030972033,Regular,VIP
1254,9,33.0,6128.472108358613,0.15817315785687613,3.5972897780471076,680.9413453731792,Low Value,New
1255,5,13.0,6049.775769053773,0.18798461842144762,2.996048102810046,1209.9551538107546,Low Value,New
1256,6,21.0,4282.555058520239,0.12422959141628243,2.862495172404978,713.7591764200398,Low Value,New
1257,7,23.0,2616.119148671787,0.19216558741561304,2.5924365515271575,373.73130695311244,Low Value,New
1258,2,3.0,378.08909396478043,0.12233517212665984,3.3964529340201555,189.04454698239022,Low Value,Returning
1259,10,39.0,20550.31667384909,0.1691140460929918,3.104040630176324,2055.0316673849093,High Value,New
1260,2,9.0,4340.8453406904555,0.1609981024757931,4.745897151543013,2170.4226703452277,Low Value,Returning
1261,4,18.0,9087.889762514356,0.13232492964034548,3.482120119148661,2271.972440628589,Regular,New
1262,5,15.0,3753.1667507507827,0.1115999387916325,3.00340269503691,750.6333501501565,Low Value,Returning
1263,3,11.0,7816.649703627338,0.1624630383133656,4.27420416193484,2605.5499012091127,Regular,Returning
1264,1,1.0,960.2573375449876,0.1387480266433149,1.8171254820909424,960.2573375449876,Low Value,New
1265,7,32.0,19952.96075386364,0.17233087011835074,2.0725237600596276,2850.422964837663,High Value,New
1266,4,11.0,5185.603963766167,0.07890319559650895,2.7063280640532783,1296.4009909415417,Low Value,Returning
1267,4,26.0,2915.4348077104305,0.20359048889181058,2.9964679088531465,728.8587019276076,Low Value,New
1268,5,10.0,2459.0029912270693,0.233160464097455,3.5114817883395673,491.8005982454139,Low Value,New
1269,4,12.0,5023.003413387922,0.14004326316892363,2.9301704538599367,1255.7508533469804,Low Value,Returning
1270,6,18.0,4989.1077872319875,0.14593573504082458,1.9084342639596847,831.5179645386646,Low Value,Returning
1271,11,42.0,16983.292712185303,0.2099431778139125,2.973476781861157,1543.9357011077548,High Value,New
1272,6,28.0,13628.725626733394,0.17017928257477385,3.362160286428839,2271.4542711222325,High Value,Returning
1273,6,19.0,6598.751021616919,0.12433528289647393,3.55317059284067,1099.7918369361532,Low Value,Returning
1274,6,29.0,9117.136720041291,0.3079145970868397,3.5299083376948985,1519.5227866735486,Regular,New
1275,3,13.0,4916.076379626995,0.16339089934892767,2.230738297348634,1638.6921265423316,Low Value,Returning
1276,7,24.0,12565.969978449042,0.12911866294026816,2.6390477038736058,1795.1385683498631,High Value,New
1277,6,23.0,7606.99990056015,0.15982037931860313,3.23655722287817,1267.8333167600251,Regular,Returning
1278,8,18.0,4507.1623697675805,0.19245744047693628,1.9347833077260297,563.3952962209476,Low Value,Returning
1279,3,9.0,2110.832775101464,0.2561847766171283,2.277864779703681,703.6109250338213,Low Value,New
1280,4,16.0,2364.4094127485146,0.20611086611266347,2.861268119301428,591.1023531871286,Low Value,Returning
1281,5,20.0,2346.7578667355874,0.19923974360556848,2.7558972635889516,469.3515733471175,Low Value,New
1282,5,13.0,5601.139880306078,0.17118068690690297,3.2810926057127263,1120.2279760612157,Low Value,Returning
1283,6,24.0,10372.0244081339,0.1890942123563959,2.9054175276228817,1728.6707346889834,High Value,Returning
1284,6,25.0,8219.088554043034,0.20018959536688838,3.0283503599994,1369.8480923405057,Regular,Returning
1285,4,22.0,13049.439128273478,0.15376335657748305,3.6214716040570587,3262.3597820683694,High Value,Returning
1286,4,13.0,8934.58940479375,0.17504813408181036,2.9232750028747954,2233.6473511984377,Regular,New
1287,1,4.0,869.2390149520882,0.1147429495300335,2.0558962464529262,869.2390149520882,Low Value,Returning
1288,5,18.0,1785.3941092866262,0.19674427717680604,3.4074871960233333,357.07882185732524,Low Value,VIP
1289,6,21.0,12311.06748404539,0.13588009347823396,2.8185264051209438,2051.8445806742316,High Value,New
1290,3,5.0,1998.0298182082286,0.16658681679251439,2.9548273997201417,666.0099394027428,Low Value,New
1291,1,6.0,2219.3545893227515,0.2523487419701312,2.1042842934311192,2219.3545893227515,Low Value,Returning
1292,1,3.0,110.13370940685876,0.1374457204828217,3.5265434899411128,110.13370940685876,Low Value,New
1293,6,20.0,3522.47948457699,0.18554004403677826,3.1815998232256053,587.079914096165,Low Value,Returning
1294,2,5.0,224.3351285293554,0.2649905807232742,3.2974201055943917,112.1675642646777,Low Value,New
1295,8,44.0,8598.39676213626,0.08856643013435395,3.012542407514365,1074.7995952670326,Regular,Returning
1296,3,17.0,5027.113929147968,0.14212209468099837,2.8125867833179874,1675.7046430493226,Low Value,Returning
1297,4,13.0,1375.086459054139,0.14549026054234485,3.0768496067708284,343.7716147635347,Low Value,New
1298,1,2.0,55.06537943250796,0.2907446042302393,4.452341042541969,55.06537943250796,Low Value,VIP
1299,7,28.0,9378.503650709177,0.15211461857431688,3.370839442063869,1339.7862358155967,Regular,Returning
1300,2,12.0,5854.00517798556,0.06602473355657525,2.8784946256149184,2927.00258899278,Low Value,New
1301,3,11.0,3074.4384162017595,0.161025362424733,2.6642373558117267,1024.8128054005865,Low Value,Returning
1302,5,21.0,6855.69801901323,0.0835438370579322,2.4505700976599596,1371.139603802646,Low Value,New
1303,5,20.0,14809.451555867392,0.1559940950279351,3.234883364332441,2961.8903111734785,High Value,Returning
1304,6,20.0,2201.6338138720866,0.19497129125374343,2.9067956958945804,366.9389689786811,Low Value,New
1305,2,14.0,8354.991918926693,0.0935114281964855,2.438183997460889,4177.4959594633465,Regular,New
1306,3,12.0,2661.513805923358,0.1441194068858534,3.204851769961673,887.1712686411194,Low Value,New
1307,11,42.0,10706.954859850326,0.14879192107757006,2.982794895420757,973.359532713666,High Value,New
1308,6,23.0,6269.651649852993,0.20731445130614037,2.9385335932898093,1044.9419416421654,Low Value,Returning
1309,3,11.0,1014.9576857447469,0.21832736343111106,3.315232245901218,338.3192285815823,Low Value,New
1310,6,17.0,10283.655752593404,0.20922567305670534,3.124861178863913,1713.942625432234,Regular,New
1311,8,22.0,9315.481973845534,0.18770945551461143,3.9266282664058045,1164.4352467306917,Regular,New
1312,2,9.0,1781.6197711627365,0.21087573737331913,3.72198624177895,890.8098855813682,Low Value,VIP
1313,6,20.0,6928.6500736313965,0.19287064505359489,3.26486323311552,1154.7750122718994,Regular,Returning
1314,6,27.0,6751.5461180728935,0.17986819641425775,3.3741760821263025,1125.2576863454822,Low Value,New
1315,3,17.0,3278.5114702736028,0.16804852177442123,2.736282496706053,1092.8371567578677,Low Value,Returning
1316,2,8.0,5795.880187653194,0.19867926386006324,3.0311717192735985,2897.940093826597,Low Value,New
1317,5,15.0,2670.293368518945,0.18709511602907183,2.9273887074990697,534.058673703789,Low Value,New
1318,5,22.0,2877.386211744708,0.18901284689640105,3.5176531636617354,575.4772423489416,Low Value,Returning
1319,3,8.0,2011.2808970430458,0.178946973182212,3.453685046196983,670.4269656810153,Low Value,New
1320,6,24.0,6797.276491021249,0.1416795277366121,2.877325106099276,1132.8794151702082,Low Value,Returning
1321,5,14.0,7129.321199835037,0.18902240980297846,2.6269112368648804,1425.8642399670075,Regular,Returning
1322,1,3.0,1282.2269109848633,0.2380308021104252,3.0628201076513903,1282.2269109848633,Low Value,New
1323,3,12.0,4188.866381890524,0.1084242488409623,2.1716469331419304,1396.2887939635082,Low Value,VIP
1324,4,15.0,3887.1352357818314,0.21699664857900475,3.684578094045132,971.7838089454578,Low Value,Returning
1325,6,22.0,5084.318581244377,0.13423871566284987,3.1684745911677026,847.3864302073962,Low Value,New
1326,5,12.0,1891.0676109010653,0.16930635475675831,2.478590407924095,378.2135221802131,Low Value,Returning
1327,5,21.0,9493.486314916756,0.14048657433675643,2.727798009048163,1898.6972629833513,Regular,New
1328,4,9.0,1560.8432295634314,0.0650352558210498,3.407325345502928,390.21080739085784,Low Value,New
1329,7,27.0,13647.520430345954,0.14278281392486317,3.0146757561929314,1949.6457757637077,High Value,Returning
1330,9,33.0,13224.055069874643,0.13764707901402493,2.966884943041613,1469.3394522082936,High Value,Returning
1331,4,18.0,3928.0017319456297,0.19057522400761454,1.8474752271535797,982.0004329864074,Low Value,Returning
1332,5,23.0,11211.448512937506,0.15222611809971207,2.602312224999495,2242.2897025875013,High Value,New
1333,6,27.0,6174.467126210939,0.1822972574426751,2.8523737002567184,1029.0778543684899,Low Value,New
1334,4,22.0,8703.135943311947,0.22235209292946537,3.1313054758817676,2175.7839858279867,Regular,Returning
1335,3,13.0,10103.798632384012,0.10687324036838917,3.260952079994418,3367.9328774613373,Regular,New
1336,7,26.0,13925.652990207394,0.15154067435005453,2.8551645455035057,1989.3789986010563,High Value,Returning
1337,3,8.0,1781.7926332561294,0.07197831236284684,3.432129833049371,593.9308777520431,Low Value,VIP
1338,9,42.0,13953.5997148103,0.21716272652037838,2.992466673618558,1550.3999683122556,High Value,Returning
1339,3,18.0,10320.388956727187,0.08083441475949936,2.5937716950825878,3440.129652242396,Regular,Returning
1340,5,17.0,8288.833766698775,0.19133067757083128,2.567463088101988,1657.766753339755,Regular,Returning
1341,7,27.0,11966.012758263436,0.1788373638852774,3.3754305948398815,1709.4303940376337,High Value,Returning
1342,7,30.0,9378.953520008197,0.1212581231224349,2.0384263372302547,1339.8505028583138,Regular,Returning
1343,5,20.0,6166.152960223781,0.17381103157477196,3.049365651249894,1233.2305920447561,Low Value,Returning
1344,6,17.0,3182.5466713350174,0.09014337630053153,2.8314396155686996,530.4244452225029,Low Value,Returning
1345,5,22.0,14616.57790932728,0.11789916087787322,4.306828992050527,2923.315581865456,High Value,New
1346,2,10.0,5830.130508212858,0.2027623512513958,2.443502202855547,2915.065254106429,Low Value,Returning
1347,1,7.0,225.8280831793282,0.0537271630960968,4.605141530544709,225.8280831793282,Low Value,Returning
1348,7,28.0,14444.552532864971,0.1284103481440189,3.1083501840197343,2063.507504694996,High Value,Returning
1349,5,21.0,6507.76000919887,0.33020439185620554,3.291184303651972,1301.552001839774,Low Value,Returning
1350,2,9.0,1619.6018553743206,0.08097178622272119,4.804156179220783,809.8009276871603,Low Value,Returning
1351,4,12.0,5682.439981117557,0.12685890598256394,3.1573389910436633,1420.6099952793893,Low Value,VIP
1352,1,5.0,4859.819781609301,0.268477852789909,1.4777174603993513,4859.819781609301,Low Value,Returning
1353,4,10.0,6502.097258534313,0.17047226807741897,2.3152087835985173,1625.5243146335783,Low Value,Returning
1354,2,9.0,3553.8835431745465,0.0868395968037714,3.4284526000455324,1776.9417715872733,Low Value,Returning
1355,3,12.0,4614.822935163015,0.19944619980370426,3.023473623248225,1538.274311721005,Low Value,Returning
1356,5,17.0,4957.845347999746,0.09865038131831225,2.7760312324544136,991.5690695999492,Low Value,Returning
1357,5,23.0,5172.914014527461,0.17629478765979603,2.7435669816179464,1034.5828029054924,Low Value,New
1358,3,15.0,7377.758541468413,0.11653168645879086,3.6745700632038614,2459.2528471561377,Regular,Returning
1359,4,19.0,11575.531451314393,0.1206911280387916,3.165546448226495,2893.8828628285983,High Value,New
1360,7,21.0,4325.367865874512,0.12146402570199376,3.361223066850676,617.9096951249303,Low Value,Returning
1361,2,8.0,1720.9599194290754,0.29463210812622914,3.737284581441771,860.4799597145377,Low Value,New
1362,5,17.0,11477.243648843454,0.11743200476915797,2.654755065971182,2295.448729768691,High Value,Returning
1363,7,21.0,6386.954009475864,0.1486925613418604,2.8481392032247306,912.4220013536949,Low Value,New
1364,4,13.0,5982.203010760269,0.06747325408517045,3.3080143169448855,1495.5507526900672,Low Value,New
1365,11,42.0,9528.736252520175,0.1460282731132931,2.8281189364982326,866.2487502291068,Regular,Returning
1366,4,20.0,3975.925270614582,0.20002677672514096,2.662571768433951,993.9813176536455,Low Value,Returning
1367,5,22.0,9841.057386218796,0.1598419993856438,2.8589191007256924,1968.2114772437592,Regular,New
1368,3,16.0,10893.537509533022,0.12447462744490569,2.70145269609859,3631.179169844341,High Value,Returning
1369,4,15.0,771.7310468399891,0.410126512357162,2.883941238825773,192.93276170999727,Low Value,Returning
1370,5,19.0,13905.124444459874,0.12408716911741417,3.561381911967471,2781.024888891975,High Value,New
1371,7,30.0,6577.597157339766,0.17618838519997423,3.096259148014844,939.6567367628238,Low Value,VIP
1372,3,9.0,507.03901238695676,0.24063225346327113,2.0783848233135145,169.01300412898559,Low Value,Returning
1373,6,16.0,5347.747387381543,0.2245876545140586,2.4016097118651722,891.2912312302573,Low Value,VIP
1374,3,16.0,5921.706604849637,0.20215515093548042,3.8366127269327497,1973.9022016165457,Low Value,New
1375,7,23.0,10349.157531861969,0.11235989978445984,2.880745469043447,1478.4510759802813,Regular,VIP
1376,10,45.0,13846.085278005141,0.19361731744494276,2.589397128759802,1384.6085278005141,High Value,New
1377,4,12.0,3531.1964982171758,0.19700746819155746,3.640799297999388,882.7991245542939,Low Value,VIP
1378,6,26.0,12570.08332971438,0.11787711419815199,3.517802264451294,2095.01388828573,High Value,New
1379,6,22.0,8579.280542111517,0.1260197383973856,2.7177253002497648,1429.8800903519195,Regular,Returning
1380,1,2.0,387.6465502617761,0.1972126752424643,3.2757989014538738,387.6465502617761,Low Value,Returning
1381,6,33.0,11001.095642113818,0.20651438525569443,2.633921663397517,1833.515940352303,High Value,New
1382,4,15.0,2157.990854171044,0.16869642993942913,2.647131579235228,539.497713542761,Low Value,Returning
1383,8,32.0,6932.7757815817,0.14116380789707508,3.2989204257942015,866.5969726977125,Regular,New
1384,7,28.0,2741.492942242262,0.1424300820794852,3.151708822422553,391.6418488917517,Low Value,New
1385,4,20.0,5136.214793822635,0.08360866206000685,3.0505728854042227,1284.0536984556588,Low Value,Returning
1386,4,19.0,1939.958306188385,0.13013802924960788,2.7337247019968185,484.98957654709625,Low Value,New
1387,13,51.0,19322.113553754778,0.16613856728086066,3.1780175343260852,1486.316427211906,High Value,New
1388,3,6.0,7058.676097911318,0.19329296244311486,3.555683245819592,2352.892032637106,Regular,New
1389,4,11.0,7296.31995110573,0.1515756409758158,2.2629751346743747,1824.0799877764325,Regular,New
1390,8,38.0,18040.07875153049,0.0944276580436769,2.603380071011361,2255.0098439413114,High Value,New
1391,5,19.0,11473.257135294654,0.13859260613925722,2.4433916010417844,2294.651427058931,High Value,New
1392,5,19.0,9441.200346460337,0.11093945555091951,2.671442248367968,1888.2400692920673,Regular,Returning
1393,8,27.0,7190.049535150771,0.25585694633623557,3.057028757102887,898.7561918938463,Regular,Returning
1394,2,6.0,4977.284517750763,0.0758203234788052,4.638459233774418,2488.6422588753817,Low Value,Returning
1395,5,16.0,3426.8981642200556,0.14168573157929223,3.050444478722395,685.3796328440111,Low Value,Returning
1396,9,49.0,13275.33541469449,0.2039889367338951,2.678362307127142,1475.0372682993877,High Value,Returning
1397,6,23.0,8765.107489728056,0.17921824366338882,2.2186174963698977,1460.8512482880094,Regular,VIP
1398,8,37.0,21353.93576752619,0.1603711598876689,3.2778932079198873,2669.2419709407736,VIP,Returning
1399,6,27.0,15253.061903430917,0.11207280502058937,2.695997347065467,2542.1769839051526,High Value,New
1400,3,10.0,6996.4334985417945,0.09636599866506013,2.476606281079256,2332.1444995139314,Regular,New
1401,8,21.0,3629.2509275804027,0.15291893821430863,2.308694209815914,453.65636594755034,Low Value,VIP
1402,4,16.0,7712.4585458597385,0.15655428942015967,3.1202226504930124,1928.1146364649346,Regular,VIP
1403,6,25.0,6893.447057716671,0.1257164625308292,3.0339650682106707,1148.9078429527785,Regular,Returning
1404,4,14.0,11288.693504721774,0.087601235757337,2.7501251049039563,2822.1733761804435,High Value,Returning
1405,9,32.0,4734.945959342089,0.09707261763437085,3.06541828607033,526.1051065935654,Low Value,New
1406,6,27.0,10383.923250860455,0.07979804583952382,3.1195414459013158,1730.653875143409,High Value,New
1407,6,25.0,7920.322653735798,0.11988536076212941,3.0082597958615067,1320.0537756226329,Regular,New
1408,4,13.0,3162.957228003782,0.20546763810154828,3.677537004737176,790.7393070009455,Low Value,Returning
1409,2,5.0,1110.387055843008,0.1409844799920228,2.7572473703690705,555.193527921504,Low Value,Returning
1410,4,13.0,8787.50357287966,0.2216607295594557,3.7991184485082052,2196.875893219915,Regular,New
1411,2,7.0,3315.1637125927814,0.17156258477442166,1.9013087563151396,1657.5818562963907,Low Value,Returning
1412,3,13.0,3430.2889685763816,0.12048550032773943,2.625804150880804,1143.4296561921271,Low Value,New
1413,5,18.0,7803.479049349719,0.11136703299613852,3.730323690344149,1560.6958098699438,Regular,New
1414,3,17.0,4936.259339548093,0.17198927747478873,3.813642650354458,1645.4197798493642,Low Value,New
1415,4,23.0,6339.9105326447,0.18940718098405795,3.047781168435603,1584.977633161175,Low Value,New
1416,4,13.0,7552.977019599246,0.17358486750486318,3.685702121131877,1888.2442548998115,Regular,New
1417,5,25.0,10719.238330384962,0.14016809600771887,3.515384755375345,2143.8476660769925,High Value,Returning
1418,5,19.0,4449.2078635286225,0.19061720979497893,3.6371497190565485,889.8415727057245,Low Value,VIP
1419,5,19.0,6301.5122976255425,0.22206281060261546,2.5334589886444956,1260.3024595251086,Low Value,New
1420,7,28.0,14047.612290817697,0.17306530044640148,3.225723279302789,2006.8017558310996,High Value,New
1421,5,25.0,10556.285020778812,0.14337964511251164,3.3272778021186804,2111.2570041557624,High Value,Returning
1422,7,34.0,11564.37100187731,0.19834811722380302,2.9111811217536023,1652.0530002681874,High Value,New
1423,2,6.0,5494.698225490236,0.055531078862717395,2.3457340266229334,2747.349112745118,Low Value,New
1424,2,11.0,1552.0261324832602,0.09324608562970566,1.5124337612803678,776.0130662416301,Low Value,VIP
1425,4,15.0,4292.00694426231,0.18572377296698223,3.2904605279504677,1073.0017360655775,Low Value,Returning
1426,4,13.0,4249.674180321093,0.08924477378014607,2.6391362678941617,1062.4185450802734,Low Value,Returning
1427,6,23.0,15216.493358594038,0.08901499714828066,3.0344407460246443,2536.0822264323397,High Value,VIP
1428,4,10.0,4292.0238035384045,0.15041027751976316,2.9904868324994056,1073.0059508846011,Low Value,New
1429,9,32.0,13391.21228018876,0.1575296268510559,2.5289785300805114,1487.9124755765288,High Value,Returning
1430,2,8.0,2027.729358524747,0.114950588872196,1.7727575742230581,1013.8646792623736,Low Value,New
1431,4,21.0,9031.68619046778,0.2011786986064119,2.0503613579439808,2257.921547616945,Regular,New
1432,4,16.0,4983.0668321929625,0.10761486115985733,2.0643700963177336,1245.7667080482406,Low Value,VIP
1433,5,18.0,6362.736810880477,0.09019668922035987,3.6836126840374988,1272.5473621760952,Low Value,VIP
1434,9,38.0,13452.44662440105,0.09605635005833264,3.6422769007131137,1494.7162916001166,High Value,Returning
1435,4,13.0,1722.5503082049577,0.14246078389746647,2.6335106992548263,430.6375770512394,Low Value,New
1436,3,12.0,4897.340812273888,0.11716505965638373,2.5200533904554914,1632.4469374246294,Low Value,Returning
1437,2,10.0,5137.243819953479,0.03455749500741555,2.7750688398665075,2568.6219099767395,Low Value,Returning
1438,5,20.0,9287.497055100723,0.17306437361191399,1.7558457876099218,1857.4994110201446,Regular,New
1439,4,16.0,1513.79562072708,0.15163557404805983,2.7213396086000436,378.44890518177,Low Value,New
1440,2,8.0,1341.4045434206832,0.2046850182938669,2.9072068469895402,670.7022717103416,Low Value,New
1441,5,22.0,6901.702148580771,0.14554659906255912,3.2050722292343847,1380.3404297161542,Regular,Returning
1442,8,33.0,12080.0995503617,0.13745734389267233,3.191967947490354,1510.0124437952124,High Value,Returning
1443,8,31.0,20703.790991492435,0.13221089491804075,2.5188541291072464,2587.9738739365544,VIP,Returning
1444,6,25.0,6896.06503599164,0.13410141259821018,2.520891615438129,1149.3441726652734,Regular,New
1445,6,34.0,9515.92906223717,0.1882633877971307,3.073445946248571,1585.9881770395284,Regular,Returning
1446,4,13.0,7160.552331568587,0.11234914022256443,3.5155119763319176,1790.1380828921467,Regular,New
1447,10,34.0,17959.947684756666,0.17722991861730641,3.656193394322463,1795.9947684756667,High Value,Returning
1448,4,21.0,12259.473601145795,0.25963935070661176,2.4192735714554314,3064.868400286449,High Value,New
1449,5,31.0,8619.15219846813,0.3526148203476097,2.3123357988949857,1723.830439693626,Regular,Returning
1450,5,22.0,11939.766246452476,0.10641331412888166,2.607468308969058,2387.9532492904955,High Value,New
1451,2,14.0,11794.866532253258,0.1407868561002394,3.0038117638462594,5897.433266126629,High Value,VIP
1452,4,11.0,7178.0492854226795,0.11574102114176522,2.880573077399676,1794.5123213556699,Regular,Returning
1453,7,31.0,8046.8118084657835,0.20582106765466107,2.2543056387598472,1149.5445440665405,Regular,Returning
1454,5,21.0,6908.77953486748,0.22380121859695962,3.400964258247366,1381.755906973496,Regular,New
1455,6,22.0,9371.567231225748,0.16403822112341584,3.96470846223947,1561.9278718709581,Regular,Returning
1456,6,27.0,22090.306747724535,0.13414198651050538,2.480164549925227,3681.7177912874226,VIP,New
1457,6,31.0,4502.257898307322,0.1937460584079345,2.834341052682744,750.3763163845537,Low Value,New
1458,2,5.0,4004.2497196602985,0.21970120495714124,3.7298027477781988,2002.1248598301493,Low Value,Returning
1459,4,18.0,7737.897849157802,0.2043338940164457,2.5447175021934942,1934.4744622894505,Regular,Returning
1460,8,26.0,17728.060568046745,0.15390592140107465,2.9678265429586506,2216.007571005843,High Value,VIP
1461,6,31.0,12338.621747744239,0.17086323115132848,2.895613101992345,2056.436957957373,High Value,Returning
1462,3,6.0,1021.1925557924101,0.16281677617785006,3.1353348582999576,340.39751859747,Low Value,Returning
1463,5,17.0,10349.379211516236,0.14457234800267682,3.6627816476178148,2069.8758423032473,High Value,Returning
1464,6,21.0,12589.881277630891,0.14158854726020964,1.7696124553533714,2098.313546271815,High Value,New
1465,7,25.0,12773.54501678944,0.1334157856426581,3.1408137166315164,1824.7921452556343,High Value,New
1466,2,13.0,980.6184075034714,0.09687449697171514,3.409336641588016,490.3092037517357,Low Value,Returning
1467,2,8.0,7161.193579555395,0.05774515819200755,3.760592895486093,3580.5967897776977,Regular,Returning
1468,6,25.0,11043.980526053736,0.17726818147884935,2.7078288151810086,1840.663421008956,High Value,Returning
1469,2,7.0,205.82170151152553,0.2641543240301562,3.3232136363542697,102.91085075576277,Low Value,New
1470,4,16.0,5596.727349776249,0.1973038908192315,3.368138701104019,1399.1818374440622,Low Value,New
1471,9,36.0,8259.408734976492,0.15036768335684642,3.371361106730277,917.7120816640547,Regular,New
1472,6,27.0,12898.34971079897,0.1168014878160127,2.5926717589359938,2149.7249517998284,High Value,New
1473,4,9.0,3420.2483926698296,0.17086410580890254,1.9461420012935144,855.0620981674574,Low Value,New
1474,3,9.0,3230.7982942986064,0.10839011738561723,2.7497862476233728,1076.9327647662021,Low Value,New
1475,6,27.0,12887.190389325944,0.09951371614574456,2.886570203756543,2147.8650648876574,High Value,New
1476,8,26.0,12630.486357828875,0.10195242598169427,2.295634913296187,1578.8107947286094,High Value,VIP
1477,3,4.0,2244.435020296951,0.15608205853325566,2.326009727149042,748.1450067656502,Low Value,New
1478,5,17.0,3029.3051175156393,0.13964853256295412,2.7660103327956618,605.8610235031279,Low Value,Returning
1479,3,10.0,1347.722728647106,0.4925518679185177,3.199441143205963,449.2409095490353,Low Value,New
1480,4,13.0,5032.6880484733865,0.09798138719904517,2.8907410407062546,1258.1720121183466,Low Value,Returning
1481,8,33.0,21701.355408654657,0.13880540678601458,2.9297512810224897,2712.669426081832,VIP,VIP
1482,3,12.0,5609.885178818168,0.17494343325187015,3.544347668862954,1869.9617262727227,Low Value,Returning
1483,5,18.0,2617.099971924038,0.1333400957818791,2.296310649913912,523.4199943848076,Low Value,New
1484,4,18.0,9188.277924346146,0.09447757866654288,3.1417667736759802,2297.0694810865366,Regular,New
1485,4,17.0,4854.7392914964985,0.19715317039009486,3.3921315970227894,1213.6848228741246,Low Value,Returning
1486,4,26.0,8162.819606665619,0.20747258044472155,3.8063343885610608,2040.7049016664048,Regular,New
1487,3,9.0,1603.5298386700176,0.08379497313069444,2.4487954219157713,534.5099462233392,Low Value,New
1488,3,10.0,6430.259733349936,0.16162076054331276,2.5264481228641746,2143.4199111166454,Low Value,Returning
1489,7,30.0,8234.847476569239,0.11701889700945374,3.8517428591776572,1176.406782367034,Regular,New
1490,6,27.0,12673.45426229119,0.13226576842381513,2.4592426843544595,2112.2423770485316,High Value,Returning
1491,5,19.0,4956.300668943003,0.1481288476746763,2.0319953223015537,991.2601337886006,Low Value,Returning
1492,4,14.0,10273.319205980573,0.062341708015569174,3.3490757045930657,2568.3298014951433,Regular,Returning
1493,9,36.0,29345.92631985166,0.21767675291785393,2.758598348097748,3260.6584799835177,VIP,Returning
1494,7,33.0,11097.014972164092,0.1754490878164891,3.2410977068980564,1585.2878531662989,High Value,VIP
1495,7,35.0,11366.018061146004,0.21990275887095187,3.079598579706134,1623.7168658780006,High Value,Returning
1496,4,16.0,9370.592734823818,0.1152341162310058,1.7596434137151085,2342.6481837059546,Regular,Returning
1497,6,20.0,9027.59967817024,0.16273249267179737,2.937784567451519,1504.5999463617065,Regular,Returning
1498,4,13.0,6449.758366652483,0.159148401488809,2.999178931175532,1612.4395916631208,Low Value,New
1499,5,19.0,7868.265300751041,0.1765219637760709,2.9504103957130257,1573.6530601502081,Regular,New
1500,5,13.0,4951.810955498572,0.1898315153909698,3.133614709320144,990.3621910997144,Low Value,VIP
1501,3,16.0,6191.955174529035,0.24173983036719834,2.463261849186648,2063.985058176345,Low Value,Returning
1502,4,17.0,11166.092713007209,0.08828866626020172,3.5276182279748145,2791.523178251802,High Value,Returning
1503,6,22.0,5509.854766820163,0.14627965918351885,3.1910737449716766,918.3091278033604,Low Value,Returning
1504,4,14.0,5464.731043192301,0.13372052051757807,2.794924297173598,1366.1827607980752,Low Value,Returning
1505,5,24.0,5896.599058486817,0.3441196305913543,2.896243603959028,1179.3198116973633,Low Value,Returning
1506,3,9.0,1127.784886645893,0.1827571467615923,2.1591268800604166,375.928295548631,Low Value,Returning
1507,2,9.0,1303.0287410473916,0.15742654578582754,3.1307551358502206,651.5143705236958,Low Value,VIP
1508,5,14.0,2871.8981931661992,0.18331662593730658,2.7711102803140943,574.3796386332399,Low Value,Returning
1509,4,15.0,5580.761685048559,0.20425794892240637,3.1988778922850463,1395.1904212621398,Low Value,New
1510,4,13.0,2461.340966153961,0.10372911082176166,3.200805007648105,615.3352415384902,Low Value,Returning
1511,5,13.0,1891.8863744881764,0.17610279313029245,2.5679137456028602,378.3772748976353,Low Value,Returning
1512,2,9.0,5566.5563262294945,0.20674570370941375,2.1628412712720335,2783.2781631147473,Low Value,Returning
1513,3,11.0,4023.523434952351,0.14271198850665268,2.7932727118475476,1341.1744783174504,Low Value,Returning
1514,4,19.0,5727.065228540629,0.19095923313471908,4.1879725825280545,1431.7663071351571,Low Value,Returning
1515,5,26.0,8457.075447701987,0.19990787880002112,2.777344535514513,1691.4150895403975,Regular,New
1516,8,36.0,21315.035259216336,0.14209416802192643,2.632762673227861,2664.379407402042,VIP,Returning
1517,7,21.0,1857.1302417994225,0.20466141385473685,2.693974013657845,265.30432025706034,Low Value,Returning
1518,4,14.0,4385.8142254414,0.1282426980396082,2.1363936615183117,1096.45355636035,Low Value,New
1520,9,38.0,18547.14495969576,0.18866127278045622,2.552207328829086,2060.79388441064,High Value,New
1521,9,33.0,14129.716048771053,0.1765394257226029,2.6854624644399143,1569.9684498634504,High Value,Returning
1522,8,29.0,14913.728044087264,0.10615055349387142,3.2988321078636216,1864.216005510908,High Value,Returning
1523,3,18.0,12565.728297928836,0.16717638332619836,2.950718795347188,4188.576099309612,High Value,New
1524,4,14.0,2544.027478235612,0.1020748005248077,2.7587144858812853,636.006869558903,Low Value,Returning
1525,8,31.0,10133.801866967891,0.15194333136654545,2.779488584483672,1266.7252333709864,Regular,New
1526,6,24.0,7403.667545004108,0.09801935079320907,3.6564783140320407,1233.944590834018,Regular,New
1527,5,14.0,7722.530101106709,0.27246663927010123,1.7232679493414509,1544.5060202213417,Regular,New
1528,5,21.0,1545.184539117925,0.23102460326583799,2.94734164672602,309.036907823585,Low Value,Returning
1529,7,24.0,8065.8406166914565,0.10090101149715618,2.3534522082405864,1152.2629452416365,Regular,Returning
1530,5,25.0,4061.920290294818,0.14945452575980864,3.530755302788765,812.3840580589637,Low Value,New
1531,4,14.0,7108.492353825632,0.15037470831385208,3.4467030003842805,1777.123088456408,Regular,Returning
1532,5,22.0,6451.394723778354,0.1703107084969087,2.5179504251469993,1290.2789447556709,Low Value,VIP
1533,5,25.0,3330.814384539661,0.15524926102452255,3.9367390056227607,666.1628769079323,Low Value,Returning
1535,3,14.0,2988.624000608202,0.1908649934002775,3.341037252219935,996.2080002027341,Low Value,Returning
1536,4,15.0,9057.027242249727,0.14946288393043014,2.9599247519008722,2264.256810562432,Regular,VIP
1537,6,16.0,5263.106954856578,0.04278226206056183,2.856648159524202,877.1844924760964,Low Value,New
1538,5,28.0,8778.863606032328,0.10583819101331131,2.57106530732462,1755.7727212064656,Regular,New
1539,2,2.0,355.7828593187777,0.22002687131180093,3.964649533958373,177.89142965938885,Low Value,Returning
1540,4,17.0,13070.130841984428,0.11136951456992165,2.704135640134835,3267.532710496107,High Value,New
1541,7,33.0,13121.392751903908,0.12056816087573805,2.398986307587306,1874.4846788434154,High Value,Returning
1542,10,43.0,12551.801593190827,0.17925406437261915,3.506965003004656,1255.1801593190826,High Value,Returning
1543,1,6.0,1233.6464401703424,0.1056669116605846,1.9746054614867,1233.6464401703424,Low Value,New
1544,1,2.0,440.0059638741707,0.2278689387283781,2.249117188810812,440.0059638741707,Low Value,New
1545,5,23.0,6229.477529630765,0.09040088456796389,1.9843658409896026,1245.895505926153,Low Value,New
1546,10,36.0,11999.949441320641,0.11094877081524206,3.2929796914579557,1199.9949441320641,High Value,New
1547,8,41.0,15774.648303744798,0.12861713059780971,3.2382518094259756,1971.8310379680997,High Value,Returning
1548,3,15.0,2192.103805775892,0.10417597423645837,2.797916614332689,730.701268591964,Low Value,Returning
1549,4,21.0,14652.606739884517,0.16849239124494678,2.365220165301042,3663.1516849711293,High Value,VIP
1550,3,8.0,1411.0097766966805,0.2141383927822219,3.095407609257778,470.33659223222685,Low Value,Returning
1551,5,20.0,11790.0416117803,0.19702096180253922,4.133310366170188,2358.00832235606,High Value,Returning
1552,5,13.0,5790.370585701263,0.22357108074136275,3.0322827164660224,1158.0741171402526,Low Value,New
1553,7,30.0,9007.495495804877,0.11116283246346995,3.7544352577605133,1286.785070829268,Regular,Returning
1554,3,14.0,5299.73262336676,0.10991073822734077,3.180884250701578,1766.5775411222533,Low Value,Returning
1555,3,10.0,4106.526815098096,0.1973433557478059,3.861562468676214,1368.8422716993655,Low Value,Returning
1556,7,17.0,5476.302695696797,0.1792950839020536,3.29326541124119,782.3289565281138,Low Value,New
1557,8,40.0,19959.847173749447,0.12177167588296078,2.8936553239351994,2494.980896718681,High Value,Returning
1558,5,23.0,8360.244988333448,0.1945485054949158,2.9610868148359986,1672.0489976666897,Regular,VIP
1559,8,38.0,13230.558345636899,0.14698363330072567,2.87901486494479,1653.8197932046123,High Value,Returning
1560,10,38.0,13075.12212661413,0.12141342659091672,3.865944608685247,1307.5122126614128,High Value,Returning
1561,8,26.0,8733.061735641342,0.15185143955348598,2.772676922718616,1091.6327169551678,Regular,New
1562,3,16.0,2008.6846308920785,0.14360142634399953,3.46822402537501,669.5615436306929,Low Value,Returning
1563,7,35.0,6763.888859430848,0.13887757781034157,3.063165427567167,966.2698370615498,Low Value,New
1564,4,18.0,3916.941197351136,0.18458130194835665,3.156473448761229,979.235299337784,Low Value,Returning
1565,3,10.0,3266.319637647583,0.1420301004617062,3.3271547944138007,1088.7732125491943,Low Value,Returning
1566,6,20.0,9183.82966767929,0.1333420138316031,3.771677331047748,1530.6382779465484,Regular,Returning
1567,5,16.0,6413.240286150474,0.14031576605304197,2.654153099951812,1282.6480572300948,Low Value,VIP
1568,8,32.0,9631.077169612532,0.12224076161141872,3.1266670182161516,1203.8846462015665,Regular,Returning
1569,5,17.0,4017.223679998312,0.12441237533536031,3.089870227659163,803.4447359996624,Low Value,Returning
1570,5,16.0,11834.549552391052,0.1627535381251399,2.349624786364845,2366.9099104782103,High Value,New
1571,5,27.0,7059.55594948777,0.17255931396465224,2.5993762533906817,1411.9111898975539,Regular,Returning
1572,3,13.0,3047.294175741381,0.06653627453121166,2.6091002990631895,1015.764725247127,Low Value,Returning
1573,6,26.0,17796.03999284648,0.14048502102433771,2.1155552199813723,2966.0066654744132,High Value,VIP
1574,5,22.0,11424.984652733267,0.1718955650695395,3.2203340931766227,2284.9969305466534,High Value,VIP
1575,11,27.0,13443.134723474424,0.18992008839585983,2.6640471578169125,1222.1031566794932,High Value,VIP
1576,2,7.0,1349.452642550284,0.1425396236279535,3.610976697616459,674.726321275142,Low Value,New
1577,1,7.0,378.7755583619299,0.2913271530741143,1.9859532374867803,378.7755583619299,Low Value,New
1578,4,20.0,7533.500859358253,0.17269452230925536,3.0347728618264393,1883.3752148395633,Regular,Returning
1579,6,21.0,8798.495403519828,0.05941962324935058,3.1505377901652767,1466.415900586638,Regular,New
1580,9,27.0,12970.90826988278,0.11843457425940225,3.1087979720842367,1441.2120299869757,High Value,New
1581,7,32.0,14048.221238835325,0.164893125524934,2.2400585090595126,2006.8887484050465,High Value,Returning
1582,8,37.0,6602.258276068578,0.15305396936578153,3.201274139124501,825.2822845085723,Low Value,New
1583,4,17.0,6875.63332082136,0.12469276492103207,2.8137221255008145,1718.90833020534,Low Value,New
1584,6,16.0,2566.20455241782,0.18301297179027268,3.227321722717308,427.7007587363034,Low Value,New
1585,4,20.0,9403.603134720734,0.15490517820657812,3.291054485562073,2350.9007836801834,Regular,New
1586,6,23.0,4885.500748876744,0.14870491121945248,3.1728371751210553,814.2501248127907,Low Value,New
1587,3,15.0,1017.7960840051725,0.15334887729655364,2.644855902912814,339.2653613350575,Low Value,Returning
1588,7,18.0,5793.08906807239,0.1695916759959927,3.2696461585850556,827.5841525817699,Low Value,New
1589,6,21.0,13505.77390270315,0.11068101042407903,2.737444640795527,2250.9623171171916,High Value,Returning
1590,5,20.0,5617.764645930777,0.19103053258292596,3.675975998296573,1123.5529291861553,Low Value,Returning
1591,4,20.0,7278.944883346817,0.171519264314952,2.7840922279946048,1819.7362208367042,Regular,New
1592,9,38.0,16744.609342751777,0.1871007668764977,2.9194919763607223,1860.512149194642,High Value,VIP
1593,4,7.0,2382.3092235496697,0.13213592048347758,2.5983004652679464,595.5773058874174,Low Value,Returning
1594,9,32.0,5883.438207788484,0.1625937064596279,2.745769699505038,653.7153564209426,Low Value,Returning
1595,6,23.0,8665.13630246665,0.13975740488264168,2.715475682715818,1444.1893837444416,Regular,New
1596,9,39.0,17964.125882212968,0.1392728392139661,2.2152459345603535,1996.013986912552,High Value,New
1597,7,25.0,12928.014046096932,0.19103474545988663,3.043898392704507,1846.8591494424188,High Value,New
1598,6,29.0,6228.352956102799,0.12355885685583125,3.624485964703755,1038.0588260171332,Low Value,New
1599,5,24.0,8046.444043719141,0.1086853822751419,1.6505834624679678,1609.2888087438282,Regular,New
1600,3,8.0,3933.3792327908845,0.18573921988122175,3.6515465880591464,1311.126410930295,Low Value,Returning
1601,10,39.0,13103.256496102491,0.18310240727160615,3.1492962218738954,1310.325649610249,High Value,Returning
1602,4,15.0,2581.2499248647155,0.10967979148980578,2.8017680964549947,645.3124812161789,Low Value,Returning
1603,3,12.0,5928.310639619217,0.18417911442733237,3.275080595249245,1976.103546539739,Low Value,VIP
1604,6,30.0,8588.473221171285,0.1399828190995469,3.938141491583176,1431.4122035285475,Regular,Returning
1605,3,14.0,3961.173999008526,0.1343536824462134,2.8108487871847228,1320.391333002842,Low Value,New
1606,4,21.0,10920.830169383209,0.13461382532775318,3.1276586303175886,2730.2075423458023,High Value,New
1607,4,14.0,4916.289627085025,0.130691713812999,2.599769033398781,1229.0724067712563,Low Value,Returning
1608,7,29.0,5687.741736171977,0.27164439935931545,3.05718573402002,812.5345337388538,Low Value,Returning
1609,3,6.0,907.4807223301384,0.19207954966840668,3.0137624241921643,302.49357411004615,Low Value,Returning
1610,3,8.0,4391.430285282877,0.08308045399751494,3.057175839975072,1463.8100950942924,Low Value,New
1611,4,19.0,7610.089647161634,0.11882742706984697,2.8896848104404063,1902.5224117904086,Regular,New
1612,4,19.0,8056.537362178913,0.20258977503690492,2.664844159569408,2014.1343405447283,Regular,Returning
1613,4,18.0,5523.996004167907,0.1612931354416182,2.9727126255023,1380.9990010419767,Low Value,New
1614,5,17.0,4345.596061154733,0.10712325468772987,1.9844957826417882,869.1192122309467,Low Value,VIP
1615,6,24.0,8063.72577760089,0.1739222320517683,3.2755554354310816,1343.954296266815,Regular,New
1616,10,38.0,16892.325091234423,0.20186743666773305,2.7586232593276727,1689.2325091234422,High Value,Returning
1617,6,16.0,9548.362864938888,0.18392959934341704,3.2825997474918363,1591.393810823148,Regular,Returning
1618,5,22.0,2715.5067160268036,0.09951559086056119,2.999957813859783,543.1013432053608,Low Value,Returning
1619,4,13.0,2274.457545345521,0.15299626921547038,3.0926731849846973,568.6143863363802,Low Value,VIP
1620,5,24.0,10979.630628773284,0.14461674345037429,3.461013661100009,2195.926125754657,High Value,New
1621,3,8.0,2594.026799317744,0.14544099450383033,4.009224950110261,864.6755997725813,Low Value,Returning
1622,4,14.0,3026.886911171067,0.13498327574780286,2.057260346887405,756.7217277927667,Low Value,Returning
1623,5,22.0,8061.389354598024,0.10650345142095988,2.4317518169792445,1612.2778709196048,Regular,New
1624,7,32.0,7320.238701584245,0.18119263136945254,2.6537513956345107,1045.7483859406063,Regular,New
1625,1,0.0,60.4070272788024,0.2133303163679966,1.032654862194634,60.4070272788024,Low Value,VIP
1626,6,23.0,7936.928946305127,0.18969360730471677,2.443138266617137,1322.8214910508545,Regular,Returning
1627,5,20.0,8002.178274549223,0.22350975133068213,2.062053852069412,1600.4356549098445,Regular,New
1628,6,23.0,9158.780438752954,0.09818818479864373,3.290561922534669,1526.4634064588256,Regular,Returning
1629,7,37.0,16151.648855303521,0.15903493814043893,3.2265165556020574,2307.378407900503,High Value,Returning
1630,6,26.0,3831.305616678061,0.21176877995604448,2.904147616660655,638.5509361130102,Low Value,New
1631,3,16.0,6446.22344338007,0.16492178215487044,3.743193474308253,2148.741147793357,Low Value,Returning
1632,7,28.0,7421.330913145072,0.1820324006074736,3.5388752056686266,1060.190130449296,Regular,New
1633,5,22.0,2337.009075160309,0.21514614230044643,2.5351538705166994,467.4018150320618,Low Value,Returning
1634,7,30.0,16178.840716473285,0.1565356280740058,3.478448542606015,2311.2629594961836,High Value,New
1635,4,15.0,4291.165820768443,0.08976356833870812,2.95658897044097,1072.7914551921108,Low Value,Returning
1636,1,3.0,1689.7343490693042,0.2855259658171998,4.913540838093079,1689.7343490693042,Low Value,Returning
1637,7,29.0,3532.6792526123254,0.1440442693532374,2.0400596399661053,504.66846465890364,Low Value,New
1638,5,15.0,4730.396055780192,0.16547111273940981,3.4824563138388327,946.0792111560384,Low Value,Returning
1639,3,10.0,2285.1971842516464,0.14339660834683787,3.173793645589445,761.7323947505488,Low Value,Returning
1640,8,23.0,9423.783790158033,0.16618292333604653,3.269651380012885,1177.9729737697542,Regular,Returning
1641,5,23.0,11847.701312432611,0.3356770574324922,4.332318343051067,2369.5402624865224,High Value,Returning
1642,5,22.0,12681.329556263425,0.15844713762394025,2.4042391931289857,2536.265911252685,High Value,Returning
1643,3,11.0,3701.387572698173,0.10104703100564438,3.023284672013426,1233.7958575660575,Low Value,Returning
1644,6,26.0,6889.9026992061035,0.10988511258136768,3.1440600444202036,1148.3171165343506,Low Value,Returning
1645,2,10.0,1941.1730811800462,0.22285132051605216,1.7527250956396594,970.5865405900231,Low Value,Returning
1646,8,40.0,13859.128519115886,0.1586230832439921,2.29301046518696,1732.3910648894857,High Value,Returning
1647,5,14.0,7465.9522354084,0.14097707069154727,3.0374941482516142,1493.19044708168,Regular,New
1648,2,8.0,1701.0086732977713,0.12285431352944559,2.66937733775952,850.5043366488857,Low Value,New
1649,6,21.0,6427.0293835694765,0.10916954525624349,3.257470388978724,1071.171563928246,Low Value,VIP
1650,5,22.0,6950.034805486653,0.1654246764684654,3.629928549628518,1390.0069610973305,Regular,Returning
1651,4,10.0,4156.8241280165985,0.22510725644879054,2.796262972517033,1039.2060320041496,Low Value,Returning
1652,4,21.0,13141.264101034898,0.13856831393143634,2.1599931975796225,3285.3160252587245,High Value,New
1653,5,20.0,14063.092798776917,0.11700662321213988,2.87524898475285,2812.6185597553836,High Value,Returning
1654,4,15.0,7378.929851223488,0.1489788579241456,2.9565408839531,1844.732462805872,Regular,Returning
1655,5,12.0,2777.3715391673904,0.17003190721007772,3.5898497112285526,555.4743078334781,Low Value,New
1656,2,8.0,5131.201945268457,0.10925704934335254,2.495210914384761,2565.6009726342286,Low Value,Returning
1657,8,33.0,7986.981336209436,0.12062302427880078,2.1966007364977225,998.3726670261796,Regular,New
1658,4,13.0,4125.221304569363,0.09824336194765275,2.271837844550834,1031.3053261423408,Low Value,Returning
1659,6,29.0,11803.176651429,0.18124449536068613,2.816113205467012,1967.1961085715,High Value,New
1660,5,26.0,15375.336243868438,0.20264600410463549,3.4800913815975734,3075.0672487736874,High Value,New
1661,6,34.0,10547.232418823554,0.15735397079092858,3.3887792386784366,1757.8720698039258,High Value,Returning
1662,13,57.0,23138.521315279806,0.12820995169586305,2.966444485298449,1779.8862550215235,VIP,Returning
1663,4,8.0,5573.583847364924,0.12225164140217637,3.7156456508861746,1393.395961841231,Low Value,New
1664,7,38.0,12881.059177506277,0.08002409822022583,3.1459506792692347,1840.1513110723251,High Value,New
1665,5,25.0,13489.49408864581,0.13442770945870944,3.0669116388929103,2697.898817729162,High Value,New
1666,5,20.0,6664.000187342191,0.09851227987135977,2.795167895455884,1332.8000374684382,Low Value,New
1667,5,10.0,4488.129319793414,0.18616276382965577,3.2646401248421824,897.6258639586828,Low Value,Returning
1668,10,29.0,14951.152553729506,0.14322350089221053,2.9952311409318377,1495.1152553729505,High Value,Returning
1669,3,9.0,5265.3049390121605,0.21152113630683686,4.061223124106243,1755.101646337387,Low Value,Returning
1670,5,20.0,6489.829646975248,0.16253576789015978,2.825644011217406,1297.9659293950494,Low Value,Returning
1671,2,4.0,2936.434182309317,0.07630987165349716,3.735962165165162,1468.2170911546584,Low Value,Returning
1672,5,18.0,4735.443328852962,0.12928370217295285,3.571349967110345,947.0886657705923,Low Value,Returning
1673,6,16.0,8041.294195447359,0.11005143458271564,2.905106080166078,1340.2156992412265,Regular,New
1674,6,24.0,11652.27143561139,0.20681296542110159,3.787894585927782,1942.045239268565,High Value,New
1675,4,16.0,10331.651282881874,0.13951182873377993,2.819473238406791,2582.9128207204685,Regular,New
1676,5,25.0,10347.717747137902,0.133352401885037,2.8240879181714087,2069.5435494275803,Regular,New
1677,1,4.0,110.6069176981686,0.2906424462778488,1.6138442379220188,110.6069176981686,Low Value,Returning
1678,3,12.0,4526.692056436626,0.07312895801395826,2.416189963335474,1508.897352145542,Low Value,New
1679,3,9.0,4623.3355571550965,0.11521394868270095,2.747319218059893,1541.111852385032,Low Value,Returning
1680,6,23.0,8019.428399899435,0.14248989178969382,3.582610236021275,1336.5713999832392,Regular,New
1681,7,33.0,3753.314480022817,0.15195814997447826,2.315960634299427,536.1877828604024,Low Value,New
1682,5,19.0,10123.336758605992,0.1607028811752641,2.94733681724353,2024.6673517211984,Regular,New
1683,3,10.0,4680.957485057742,0.10439001087220795,4.325667176192302,1560.319161685914,Low Value,New
1684,2,6.0,562.9981857858836,0.0706998932100162,3.3555329546976482,281.4990928929418,Low Value,New
1685,10,30.0,12537.465781739325,0.11974251700343382,3.342715683032462,1253.7465781739324,High Value,Returning
1686,5,23.0,2958.595607601529,0.11633256829381763,2.978426009843091,591.7191215203059,Low Value,New
1687,5,20.0,2657.5828282769435,0.1024219177394298,2.9521723711048526,531.5165656553887,Low Value,Returning
1688,8,32.0,7711.520254512254,0.16373431770459526,3.3544901424049893,963.9400318140317,Regular,New
1689,8,27.0,5211.530267696959,0.14085555826049856,2.6567802200229513,651.4412834621198,Low Value,New
1690,8,19.0,11258.701391747409,0.13892863646496284,3.457652230265523,1407.337673968426,High Value,Returning
1691,4,16.0,3595.0438361598426,0.13732262060616368,2.831239878440622,898.7609590399607,Low Value,Returning
1692,2,6.0,1485.596557086945,0.08556384582909005,2.990756191043196,742.7982785434725,Low Value,New
1693,5,19.0,8944.82644127663,0.16099097684897062,2.8726148950543458,1788.965288255326,Regular,New
1694,4,22.0,9142.32615539131,0.09736382506474295,2.352987284040805,2285.5815388478277,Regular,Returning
1695,5,19.0,7465.390808217884,0.10977166700197753,3.297649282557509,1493.0781616435768,Regular,New
1696,3,12.0,4639.002434603482,0.09065039442387261,3.0149251516360422,1546.3341448678273,Low Value,Returning
1697,4,11.0,3817.196760696332,0.09334707576367748,3.2389952147184617,954.299190174083,Low Value,New
1698,4,18.0,8313.738211907441,0.13707233692574924,3.7025927647173043,2078.4345529768602,Regular,Returning
1699,5,19.0,10488.07703562464,0.0951837786606038,3.476979664577221,2097.615407124928,High Value,VIP
1700,8,32.0,14617.920392178985,0.2080850360761114,3.1559716507357995,1827.2400490223731,High Value,Returning
1701,3,19.0,10388.673346761669,0.191795808676983,1.9225929100016153,3462.891115587223,High Value,Returning
1702,5,23.0,6349.466959587211,0.2080756634936828,2.058414827358585,1269.8933919174422,Low Value,Returning
1703,10,48.0,13673.74626551389,0.16470460912984003,2.618531497343084,1367.374626551389,High Value,Returning
1704,11,47.0,18605.63611701296,0.11004220865666102,3.1205067434950204,1691.4214651829964,High Value,New
1705,3,15.0,2982.1644332127644,0.19466729980352102,2.410188775323015,994.0548110709215,Low Value,Returning
1706,6,21.0,10691.594179978845,0.13171164346823064,2.3819049602617266,1781.9323633298075,High Value,New
1707,3,11.0,5155.571997807578,0.19820907061357818,2.4945108730016345,1718.5239992691925,Low Value,Returning
1708,5,15.0,3390.6616784911485,0.11583375723907945,2.6584697085883486,678.1323356982297,Low Value,Returning
1709,3,9.0,980.7392068385045,0.1628083362655509,2.929179452716701,326.91306894616815,Low Value,Returning
1710,9,35.0,11896.192250917591,0.1300898098377717,2.6719821561961847,1321.7991389908434,High Value,New
1711,4,14.0,1244.6528154068908,0.1888491248035793,3.151594188208823,311.1632038517227,Low Value,Returning
1712,3,13.0,7488.5274259154685,0.14841438446182018,3.387588154788954,2496.1758086384893,Regular,Returning
1713,4,20.0,5777.1783081586045,0.16610871003185887,3.521636536784226,1444.2945770396511,Low Value,New
1714,7,23.0,4018.801084160428,0.15054672480215422,2.4617308435104683,574.1144405943469,Low Value,New
1715,5,9.0,1478.6871928585329,0.1619318872214919,2.858124679821013,295.73743857170655,Low Value,New
1716,5,28.0,16806.46117294122,0.14561423800996834,3.0508626675096138,3361.2922345882444,High Value,New
1717,5,17.0,3550.9661413711283,0.14190587729687984,3.145013047490605,710.1932282742257,Low Value,Returning
1718,6,24.0,5093.2169835883105,0.14715360897386842,3.433236157459854,848.8694972647185,Low Value,New
1719,3,13.0,1208.0034601183784,0.23584719950702415,3.054028088101704,402.66782003945946,Low Value,New
1720,9,45.0,13102.748797800576,0.17827836887924436,2.8468219306417897,1455.8609775333973,High Value,Returning
1721,1,6.0,577.7513529207941,0.0638338691547566,3.3160617548009,577.7513529207941,Low Value,Returning
1722,6,24.0,4505.245160669697,0.1736505564352606,3.1419061752452024,750.8741934449495,Low Value,Returning
1723,6,24.0,12199.898906705876,0.136597154024688,3.248849462209231,2033.3164844509793,High Value,Returning
1724,6,22.0,2826.494792193421,0.16954879954888966,2.7551491814874276,471.08246536557016,Low Value,New
1725,5,27.0,8245.987380541264,0.1895123245862459,2.9550481645806292,1649.1974761082529,Regular,New
1726,3,16.0,9201.527599231144,0.12077006022500077,2.707466119422912,3067.1758664103813,Regular,New
1727,5,19.0,8227.308869906043,0.16975856380625629,2.2953490632627243,1645.4617739812086,Regular,Returning
1728,5,23.0,7792.666866757211,0.12812621659030188,2.4546066685560457,1558.5333733514422,Regular,Returning
1729,5,20.0,5572.4093918834305,0.12591050077010973,2.927479208266705,1114.4818783766862,Low Value,Returning
1730,8,28.0,11129.938220537546,0.17112019901824152,2.809447076760992,1391.2422775671932,High Value,New
1731,7,26.0,7275.9897373056865,0.11223150868442137,3.079577899632023,1039.4271053293837,Regular,Returning
1732,6,17.0,7889.235568665618,0.10275799247431833,2.8913835024452905,1314.8725947776031,Regular,Returning
1733,3,11.0,2475.079917754239,0.2694421131598187,3.0142133719996096,825.026639251413,Low Value,New
1734,2,7.0,1111.9419706702433,0.26700978104563844,3.380236035434107,555.9709853351217,Low Value,New
1735,5,20.0,7855.918751972393,0.12009226551776597,2.014964994761797,1571.1837503944785,Regular,Returning
1736,3,14.0,8078.251158732894,0.1389788168665773,2.937404083837274,2692.7503862442977,Regular,Returning
1738,7,31.0,15694.914687550396,0.18667738974906328,2.865839414409795,2242.1306696500565,High Value,New
1739,5,23.0,16958.635915573996,0.12440844379956686,2.834177319844998,3391.727183114799,High Value,Returning
1740,6,22.0,3346.6175210426723,0.11939564913919297,3.535551760143394,557.7695868404454,Low Value,Returning
1741,3,7.0,3744.1293638625843,0.13719658051442976,4.007411042813848,1248.043121287528,Low Value,Returning
1742,6,21.0,8782.599690198917,0.1535240307150535,2.6330007345395994,1463.7666150331527,Regular,Returning
1743,5,22.0,6946.678924605719,0.19143004098033817,3.9811291110467537,1389.3357849211438,Regular,New
1744,4,16.0,10798.835577065902,0.11401103267789305,2.343587650011686,2699.7088942664755,High Value,Returning
1745,3,11.0,3098.8865636111373,0.09395794592071537,4.316734486014241,1032.962187870379,Low Value,New
1746,6,32.0,13865.981549894626,0.08039831449186452,3.0107563299450137,2310.9969249824376,High Value,Returning
1747,4,20.0,14248.402880238968,0.1872276904127073,3.816519525435198,3562.100720059742,High Value,New
1748,4,14.0,11901.876250131956,0.1108780900902055,3.482574872820013,2975.469062532989,High Value,VIP
1749,5,26.0,15723.374459910337,0.17825369980441969,2.8103456473596524,3144.6748919820675,High Value,VIP
1750,3,15.0,12047.059863622655,0.028487252107867834,2.6555616700149094,4015.6866212075515,High Value,New
1751,5,18.0,5333.472047004447,0.10800295033916787,3.093603111976832,1066.6944094008893,Low Value,New
1752,2,9.0,2126.677608553604,0.23336575136469306,4.394578369548456,1063.338804276802,Low Value,Returning
1753,2,8.0,1808.2768214628027,0.1623719550840585,3.039950820037773,904.1384107314013,Low Value,Returning
1754,7,34.0,11562.078944602059,0.16885074755899546,2.939562258343336,1651.7255635145798,High Value,New
1755,6,23.0,3552.6310649883126,0.1780879391250686,3.7702734027818523,592.1051774980521,Low Value,New
1756,4,19.0,5813.763590307714,0.1559909291945249,2.8292500935016736,1453.4408975769286,Low Value,Returning
1757,3,12.0,7410.711472295877,0.10944549094473348,3.2533136551222994,2470.237157431959,Regular,New
1758,7,26.0,3420.1719825932505,0.20062952775821255,2.3382294892612996,488.5959975133215,Low Value,New
1759,6,27.0,6211.920218894606,0.19746923833985405,3.782260846588718,1035.3200364824343,Low Value,Returning
1760,3,8.0,1597.6305785591162,0.1993770257728594,2.7755771335093886,532.5435261863721,Low Value,Returning
1761,5,21.0,12212.243953105359,0.11586092665431469,3.013710443538281,2442.4487906210716,High Value,New
1762,8,30.0,12904.168484032556,0.12978806337235654,2.843719609256955,1613.0210605040695,High Value,Returning
1763,9,35.0,5696.252531067274,0.1321650047460442,3.346099516467101,632.9169478963637,Low Value,New
1764,6,21.0,6027.843774803814,0.12521204326802038,3.279114751387239,1004.640629133969,Low Value,New
1766,4,14.0,5852.776522708118,0.13408333279783427,2.629871575506545,1463.1941306770295,Low Value,New
1767,4,20.0,12037.170829447248,0.03373909701359867,3.682313382802349,3009.292707361812,High Value,New
1768,6,27.0,8138.417706985756,0.1258376588004259,2.8973072921183167,1356.4029511642927,Regular,Returning
1769,7,25.0,4278.5492176312755,0.15778949685782864,3.510912295110534,611.221316804468,Low Value,Returning
1770,11,48.0,10815.720343379004,0.16636486355102836,2.929688643361364,983.2473039435458,High Value,New
1771,6,21.0,6876.233733002197,0.126652074071285,3.350751651957124,1146.0389555003662,Low Value,New
1772,6,21.0,6694.777267843041,0.15000095764161844,3.4093954453934203,1115.7962113071735,Low Value,Returning
1773,4,17.0,5015.226309175298,0.14609789431427997,3.3260320079380143,1253.8065772938246,Low Value,Returning
1774,7,25.0,7531.972164666131,0.20096535165015492,2.52289725457472,1075.996023523733,Regular,Returning
1775,3,5.0,2828.4795489377057,0.13365937686890586,3.486820418897288,942.8265163125685,Low Value,New
1776,5,23.0,4025.19037588998,0.17172500083060216,2.901210215362705,805.038075177996,Low Value,VIP
1777,3,10.0,883.5178132450893,0.06255098514174456,3.133509473740318,294.5059377483631,Low Value,New
1778,7,22.0,6193.921129275752,0.18595301500618117,3.6467307072150397,884.8458756108217,Low Value,New
1779,4,15.0,12277.408695774919,0.0830736121317287,3.1247290797332563,3069.3521739437297,High Value,New
1780,7,29.0,8305.72928525854,0.17031857193507133,2.7161388686454955,1186.5327550369343,Regular,Returning
1781,6,20.0,5324.208465652389,0.19356696635503615,3.1868915533974014,887.3680776087316,Low Value,New
1782,2,13.0,1116.1356311718155,0.12323722455280615,2.7468809970901216,558.0678155859077,Low Value,New
1783,7,24.0,4525.400365985682,0.1420340041697648,2.338687013585015,646.4857665693831,Low Value,New
1784,7,29.0,13967.881218729566,0.12498163947594411,3.7140464337593952,1995.4116026756524,High Value,New
1785,7,27.0,9937.56110850648,0.12442257104847614,3.1114915452672496,1419.651586929497,Regular,Returning
1786,1,4.0,3873.033266829689,0.2810934315632395,4.715579412085978,3873.033266829689,Low Value,Returning
1787,6,23.0,4359.788936660889,0.20272505457650794,3.87485510086241,726.6314894434814,Low Value,New
1788,5,17.0,6527.778038192987,0.14276829132963187,2.7299766190053774,1305.5556076385974,Low Value,New
1789,3,14.0,8566.46333359891,0.1453351426237618,3.7194460951545203,2855.487777866303,Regular,Returning
1790,2,9.0,3019.8602445555343,0.14655743821819026,3.10505032279876,1509.9301222777672,Low Value,New
1791,5,19.0,6857.700219504597,0.16578387135396216,2.7723881444978518,1371.5400439009195,Low Value,New
1792,7,38.0,15671.95801417879,0.14569262243467512,2.4894572135203554,2238.8511448826844,High Value,Returning
1793,7,30.0,11225.661590881144,0.10043200061993421,3.328466901403016,1603.665941554449,High Value,Returning
1794,8,22.0,6542.271084212775,0.1652418080452203,2.710418622918868,817.7838855265969,Low Value,New
1795,3,13.0,728.5987742683327,0.05442052821001514,2.7370804873858794,242.86625808944424,Low Value,New
1796,3,17.0,3241.400073884175,0.23045718496413334,3.770967174769554,1080.466691294725,Low Value,New
1797,4,23.0,11797.001166058646,0.16594435480570774,1.9577641828494883,2949.2502915146615,High Value,New
1798,9,38.0,12044.716013766125,0.216356110096284,2.395770093239056,1338.3017793073473,High Value,Returning
1799,4,17.0,4060.2041758113546,0.14217869184541582,2.786152661846019,1015.0510439528387,Low Value,New
1800,7,26.0,12201.601233287853,0.21050358626074164,2.526066433470507,1743.0858904696931,High Value,Returning
1801,2,13.0,4786.863159514554,0.18969248661455282,1.866861303757198,2393.431579757277,Low Value,Returning
1802,5,17.0,13000.157654544846,0.19241033290237103,2.932989761881376,2600.031530908969,High Value,New
1803,5,23.0,12761.17040900767,0.1577629109065074,2.8268459887733144,2552.2340818015336,High Value,VIP
1804,4,20.0,8176.558549312985,0.14193243440033132,2.23214842757338,2044.1396373282462,Regular,Returning
1805,8,33.0,14770.571171687301,0.1777391566601718,3.4116588333391675,1846.3213964609126,High Value,Returning
1806,3,10.0,6249.436391285588,0.19021731538957976,3.2301615323759907,2083.1454637618626,Low Value,Returning
1807,5,23.0,11752.253384333942,0.06338536091330951,3.8592930975738327,2350.4506768667884,High Value,Returning
1808,2,3.0,861.3486888474043,0.22416356445588748,4.115699583483929,430.67434442370217,Low Value,Returning
1809,5,25.0,13259.374292083583,0.1400578211021548,3.36056156174779,2651.8748584167165,High Value,VIP
1810,6,26.0,15095.40626785392,0.09998184175900228,2.8623795845659,2515.90104464232,High Value,Returning
1811,4,16.0,6933.253308712663,0.17498446847674398,2.601811859670442,1733.3133271781658,Regular,VIP
1812,2,3.0,2275.2723421224246,0.09868964770500294,3.930690231773399,1137.6361710612123,Low Value,New
1813,4,15.0,1966.5231171237556,0.19231149855286384,3.405910298365749,491.6307792809389,Low Value,New
1814,4,16.0,2678.5328699995534,0.20329469273408537,3.0705969033116745,669.6332174998884,Low Value,Returning
1815,6,30.0,16725.46719388549,0.18518360994075492,3.7862488312306852,2787.577865647582,High Value,New
1816,11,45.0,13396.469072136111,0.14568506075005047,3.5058838059283706,1217.8608247396464,High Value,New
1817,5,24.0,8925.294801552862,0.15212556451876594,3.064377489475503,1785.0589603105723,Regular,Returning
1818,5,20.0,4587.519820430916,0.1396986941717297,1.9087471640687348,917.5039640861833,Low Value,New
1819,4,14.0,4223.542649594103,0.18366850201582488,2.3236926266461984,1055.8856623985257,Low Value,New
1820,9,37.0,11454.714229241792,0.13083503640788946,2.88111983115582,1272.7460254713103,High Value,Returning
1821,9,35.0,19201.755447756346,0.1037891118747615,2.611609580113024,2133.5283830840385,High Value,New
1822,8,33.0,10437.616648041978,0.1565707606611091,2.75893622776495,1304.7020810052472,High Value,Returning
1823,3,11.0,3053.7438471710684,0.1624419165252746,3.4974447725642754,1017.9146157236895,Low Value,New
1824,5,17.0,6794.705263944246,0.16960932685806707,3.0760142165511617,1358.9410527888492,Low Value,Returning
1825,9,33.0,17049.630228184094,0.11036548332914448,3.365589065631156,1894.4033586871217,High Value,New
1826,7,25.0,3351.1160244629345,0.1602163460026663,2.7493317747668478,478.7308606375621,Low Value,Returning
1827,6,27.0,12215.696432697761,0.16108599284634192,3.551165529590303,2035.949405449627,High Value,New
1828,4,14.0,588.1632050147415,0.23084824803654053,2.868674751351402,147.04080125368537,Low Value,New
1829,2,10.0,9653.911427927658,0.0801165367734927,2.445613378936267,4826.955713963829,Regular,New
1830,5,26.0,14126.863744079892,0.20686266740818623,3.4924271755502887,2825.3727488159784,High Value,Returning
1831,6,32.0,10263.71065136432,0.1390209888257012,2.95809391961088,1710.6184418940531,Regular,New
1832,5,22.0,7615.265323644773,0.10847505724198954,2.7813717158971785,1523.0530647289547,Regular,VIP
1833,9,42.0,17378.7367992867,0.09912324503868357,3.154017957503625,1930.9707554763,High Value,New
1834,4,16.0,3996.9615264279296,0.19075450466506758,3.597977464712776,999.2403816069824,Low Value,VIP
1835,6,36.0,12715.952515830453,0.11696614683870254,2.7154698048226034,2119.3254193050757,High Value,Returning
1836,6,23.0,4421.573768912094,0.2009234020572771,3.5947238958305086,736.9289614853491,Low Value,Returning
1837,3,9.0,7753.162979296,0.07200175036615726,2.9502928151912022,2584.3876597653334,Regular,New
1838,6,24.0,10542.91876241417,0.1076216955968252,3.1179967907861124,1757.1531270690284,High Value,Returning
1839,6,22.0,9682.05901854172,0.19896856191698253,1.9788168901597583,1613.6765030902868,Regular,VIP
1840,5,25.0,3158.868373555275,0.22583773357567088,3.2666020989829443,631.773674711055,Low Value,New
1841,5,14.0,1771.3259129386006,0.20214151364279412,2.81452715678841,354.2651825877201,Low Value,VIP
1842,2,4.0,875.9347917921665,0.0952855398921788,3.1275436502181213,437.96739589608325,Low Value,Returning
1843,5,28.0,13575.650161124797,0.13218128086014347,2.387914085226009,2715.1300322249595,High Value,Returning
1844,8,29.0,13627.869486267287,0.14873037526746283,2.2616295312786074,1703.483685783411,High Value,VIP
1845,4,21.0,7847.981088668533,0.1493947244870535,3.0793621991037146,1961.9952721671332,Regular,New
1846,5,13.0,6278.419267807775,0.09050805443402936,2.6770776149393827,1255.683853561555,Low Value,Returning
1847,5,28.0,22353.35433465693,0.09430488163361891,2.691914644625409,4470.670866931387,VIP,Returning
1848,7,22.0,6621.0814517183535,0.1525677433608849,2.2933372102004057,945.8687788169076,Low Value,New
1849,8,32.0,6461.0575036091095,0.1645558267230058,2.3396516262750144,807.6321879511387,Low Value,Returning
1850,7,22.0,4493.68169665313,0.2946281841609579,3.459545964369122,641.9545280933042,Low Value,New
1851,3,15.0,6689.594070697794,0.1732704755459112,2.388881309470801,2229.864690232598,Low Value,Returning
1852,5,11.0,3274.333622976211,0.16369925534676602,3.2244521744964083,654.8667245952422,Low Value,Returning
1853,5,17.0,2274.3531005636696,0.18264178011513027,2.33831334130864,454.87062011273395,Low Value,New
1854,3,10.0,2672.9059343405993,0.13994863042743122,3.3511477092953954,890.9686447801997,Low Value,Returning
1855,4,20.0,5979.624703681147,0.1189258105531336,2.7830442201484926,1494.9061759202868,Low Value,New
1856,5,16.0,4480.48391135708,0.16268873872170037,2.2564406761970988,896.0967822714159,Low Value,Returning
1857,1,7.0,3470.846314531057,0.088061035605061,1.9340541326458955,3470.846314531057,Low Value,New
1858,8,35.0,13594.595165056344,0.11423570516471382,3.0133700309772933,1699.324395632043,High Value,Returning
1859,3,11.0,1801.2967602483295,0.16498951581263543,3.4472838360413616,600.4322534161098,Low Value,Returning
1860,4,22.0,5200.209932699777,0.0853804977867679,2.656454783720208,1300.0524831749442,Low Value,Returning
1861,2,11.0,5759.4175662256275,0.1399838745076264,3.031864366474998,2879.7087831128138,Low Value,Returning
1862,5,24.0,4527.733633004909,0.18673133434973063,2.8994617501510955,905.5467266009819,Low Value,Returning
1863,3,17.0,2417.353156957345,0.19761596649982885,3.347726098124724,805.7843856524483,Low Value,New
1864,5,24.0,8486.317294477947,0.1396400964899491,2.9676257818828033,1697.2634588955893,Regular,Returning
1865,4,11.0,5082.039885006081,0.2376271658176604,3.1727180571433613,1270.5099712515203,Low Value,New
1866,5,17.0,3439.846510150633,0.13894856215835832,3.16072102437754,687.9693020301266,Low Value,New
1867,3,11.0,5989.151621163208,0.12670817492633416,3.6818490688759993,1996.3838737210692,Low Value,New
1868,3,18.0,12127.273064019235,0.15696316422007786,2.050682811896779,4042.424354673078,High Value,Returning
1869,8,29.0,8159.722757641024,0.19246961044524563,3.6011036889286663,1019.965344705128,Regular,Returning
1870,6,24.0,10964.089279728863,0.14314061462490224,3.0116015522068302,1827.3482132881438,High Value,New
1871,9,21.0,8098.36927320223,0.10191217687971703,3.882683466703475,899.8188081335811,Regular,New
1872,7,27.0,10203.614019507364,0.16470750816043195,2.6706272709183425,1457.6591456439091,Regular,New
1873,5,19.0,5729.070526075288,0.15880363669111594,3.070032110477139,1145.8141052150577,Low Value,VIP
1874,12,48.0,19186.5977335918,0.18589836663829754,3.4754575371673098,1598.8831444659834,High Value,New
1875,6,25.0,5170.069461620307,0.1557826630246527,3.2130372387358914,861.6782436033845,Low Value,New
1876,7,26.0,5561.750087984565,0.10728409003964282,3.244071258195248,794.5357268549378,Low Value,VIP
1877,3,8.0,1337.379037131699,0.11705717658029573,3.180875587089241,445.793012377233,Low Value,Returning
1878,5,16.0,11862.689650943934,0.1554055137766622,3.2176030683144554,2372.537930188787,High Value,New
1879,2,10.0,880.141097557912,0.17687280136437616,2.4379242123391736,440.070548778956,Low Value,Returning
1880,3,18.0,9195.154158177495,0.13876008929724637,3.0088437875574603,3065.051386059165,Regular,Returning
1881,8,34.0,9074.943424778277,0.16806424086625238,3.449349730871801,1134.3679280972847,Regular,New
1882,3,13.0,836.8155845389476,0.09714841019482451,2.5100745860917466,278.9385281796492,Low Value,New
1883,7,27.0,8501.318037138833,0.2178098789905874,2.988052945371713,1214.4740053055477,Regular,Returning
1884,6,31.0,7770.217144408458,0.1948117293178386,3.272809347536078,1295.036190734743,Regular,Returning
1885,3,18.0,8401.011997315649,0.07999912474403988,2.3651777217336907,2800.3373324385498,Regular,VIP
1886,3,16.0,4301.876296264939,0.19475868773883667,2.5749631568897655,1433.9587654216464,Low Value,Returning
1887,7,23.0,12012.555657946374,0.13168112704001875,3.4183992074558063,1716.0793797066249,High Value,New
1888,3,13.0,2919.9872997075836,0.11411984779021796,3.172568430815654,973.3290999025279,Low Value,New
1889,6,23.0,8769.856523223736,0.1405936946690809,3.2887837876235566,1461.6427538706228,Regular,New
1890,5,16.0,5198.560846227302,0.15946068445798592,3.609624219577229,1039.7121692454605,Low Value,VIP
1891,5,13.0,2550.4288912644547,0.17049442475252652,3.9571831805659805,510.0857782528909,Low Value,Returning
1892,8,33.0,17265.853288159327,0.25472474403987283,2.9517516612822505,2158.231661019916,High Value,New
1893,6,30.0,12590.73795777581,0.18583818073611305,3.2083446150968857,2098.456326295968,High Value,New
1894,2,7.0,864.5739137547357,0.26254161851384467,3.264651602847112,432.28695687736786,Low Value,New
1895,7,26.0,13510.644139709873,0.2250011897883794,2.874601624452077,1930.0920199585532,High Value,New
1896,3,8.0,1933.8729177951886,0.10318934751839724,2.2890523301180736,644.6243059317295,Low Value,New
1897,7,30.0,8664.758666345038,0.16889094626514073,3.307735694867666,1237.8226666207197,Regular,New
1898,6,21.0,11927.471173104688,0.1414931521299867,2.2178874200067114,1987.9118621841146,High Value,New
1899,7,24.0,8348.893319343972,0.18176701269732579,3.634965433410045,1192.6990456205674,Regular,New
1900,6,17.0,10623.360644237637,0.13840415496696964,3.365242076781062,1770.5601073729395,High Value,Returning
1901,3,8.0,2732.0362964354376,0.15387953046779906,3.5912446157333897,910.6787654784792,Low Value,Returning
1902,8,33.0,6202.1742239132445,0.28514890674511706,3.7914229611545114,775.2717779891556,Low Value,New
1903,3,13.0,630.1524136440331,0.20177023961144547,3.6717225040928256,210.05080454801103,Low Value,Returning
1904,3,9.0,5642.011825570488,0.16441210194339967,2.0357592068871533,1880.6706085234962,Low Value,New
1905,8,34.0,11598.890983793068,0.13065445509829188,2.9108843033152993,1449.8613729741335,High Value,New
1906,4,18.0,3050.5020010936596,0.1642999763333931,2.9472444978227683,762.6255002734149,Low Value,New
1907,7,24.0,9132.976629417162,0.17281093895859348,2.790620053967742,1304.7109470595947,Regular,Returning
1908,2,8.0,3607.6177672072213,0.21275621393433553,3.454889553973962,1803.8088836036106,Low Value,VIP
1909,4,11.0,2092.68523324368,0.2623886002566444,3.7213131336518437,523.17130831092,Low Value,Returning
1910,5,20.0,3894.9785391040577,0.10506816820938365,3.3358189850531588,778.9957078208115,Low Value,VIP
1911,6,24.0,7976.502811436567,0.1271235504095537,3.0917357112071024,1329.4171352394278,Regular,VIP
1912,4,22.0,6524.319860022,0.14930132422869574,1.8723790766887918,1631.0799650055,Low Value,New
1913,10,41.0,13306.701479195555,0.16575446406943722,3.3940204835207304,1330.6701479195556,High Value,Returning
1914,5,20.0,3692.6721211830873,0.18960975862500978,3.0958422029996813,738.5344242366175,Low Value,Returning
1915,2,7.0,987.3361142289613,0.13797965520237254,1.7494846703704814,493.66805711448063,Low Value,Returning
1916,8,24.0,8976.960156111914,0.15836352164012718,3.2022030355752085,1122.1200195139893,Regular,Returning
1917,5,14.0,13107.433402093116,0.1574781241511316,4.035511681197981,2621.486680418623,High Value,Returning
1918,4,16.0,2630.7577221110396,0.15698153820721877,2.493396784749514,657.6894305277599,Low Value,Returning
1919,8,29.0,10648.901421272438,0.19210676984361374,2.8603321040526,1331.1126776590547,High Value,New
1920,6,20.0,8220.662917412295,0.13716022252370547,2.7267301079761457,1370.1104862353825,Regular,New
1921,12,59.0,32505.240945989128,0.1509876526676783,2.7722838551103934,2708.7700788324273,VIP,New
1922,2,9.0,8918.15299979463,0.07895785956029655,3.3110356708128967,4459.076499897315,Regular,Returning
1923,9,42.0,11689.021472846167,0.14584185249848564,2.6893566725091986,1298.7801636495742,High Value,Returning
1924,3,18.0,3420.2626732834624,0.10701726367574915,2.363846714436759,1140.0875577611541,Low Value,Returning
1925,8,23.0,15937.985461040877,0.1562757992315562,3.0365976506623973,1992.2481826301096,High Value,VIP
1926,4,22.0,5935.273431959344,0.17090435494244471,3.2931362111354856,1483.818357989836,Low Value,New
1927,4,10.0,1641.1470486350709,0.197958494516461,2.474020660738027,410.2867621587677,Low Value,VIP
1929,10,45.0,16596.897650117546,0.16627118408693742,2.3330546445644367,1659.6897650117546,High Value,New
1930,6,26.0,9832.390645367694,0.11840010611760628,2.9202888998681105,1638.731774227949,Regular,New
1931,2,13.0,8331.611496712718,0.11381165762331776,2.4777039084277983,4165.805748356359,Regular,Returning
1932,3,7.0,3141.6969115822158,0.0756294905314076,2.8175137672126502,1047.2323038607385,Low Value,New
1934,5,21.0,6444.9485158730995,0.1795380390630769,2.927264654736496,1288.98970317462,Low Value,Returning
1935,4,17.0,3460.2392691134237,0.1257534319708857,3.874691430999135,865.0598172783559,Low Value,New
1936,8,37.0,11532.44364118328,0.11993694143197359,2.5555005438042397,1441.55545514791,High Value,New
1937,3,15.0,4891.116429008344,0.21473338767380856,2.371342421723413,1630.3721430027815,Low Value,New
1938,1,2.0,360.2434215083133,0.2892759684103864,4.323135127926947,360.2434215083133,Low Value,New
1939,6,33.0,9576.590627693944,0.13089707991115482,3.132928856962698,1596.0984379489907,Regular,New
1940,4,12.0,3559.2057687649026,0.21391992385646497,3.090832020441391,889.8014421912256,Low Value,Returning
1941,4,21.0,11287.913260902014,0.23285521696240125,3.287466131577691,2821.9783152255036,High Value,Returning
1942,8,32.0,15786.456116648127,0.14693874246560454,3.065098970905276,1973.307014581016,High Value,VIP
1943,4,25.0,8032.821725336648,0.1659523642932965,3.4317395653693725,2008.205431334162,Regular,New
1944,9,42.0,5842.334198523262,0.16036267658707704,2.86504860668971,649.1482442803624,Low Value,Returning
1945,4,14.0,2989.542357192933,0.09437709219807942,2.3558330852664398,747.3855892982333,Low Value,New
1946,6,32.0,12296.479834698419,0.16174573817436463,3.100104088151024,2049.41330578307,High Value,New
1947,7,33.0,17985.71487627781,0.297779028182157,2.9460468034849767,2569.3878394682583,High Value,Returning
1948,9,38.0,9924.69263553133,0.15940497125181988,3.2657444061398784,1102.7436261701478,Regular,Returning
1949,3,8.0,2084.495530189124,0.16599256431373324,2.813957896573168,694.8318433963747,Low Value,New
1950,9,25.0,5532.97138130532,0.23591026902392123,3.4243484207457078,614.7745979228134,Low Value,New
1951,2,3.0,1827.4666040740294,0.11389693077850944,3.8261463189172176,913.7333020370147,Low Value,New
1952,7,32.0,15708.937035205894,0.1622118275762457,2.2636736614794617,2244.1338621722707,High Value,New
1953,4,20.0,13487.149467630166,0.17556143720303777,2.8717279984869237,3371.7873669075416,High Value,VIP
1954,4,15.0,7961.283733153337,0.14351125248428662,3.260371553947565,1990.3209332883343,Regular,New
1955,7,24.0,6093.988433356289,0.15397530760766687,2.8905634746380566,870.5697761937555,Low Value,Returning
1956,5,19.0,12062.860192173004,0.1926028598382142,3.5480324714035403,2412.572038434601,High Value,Returning
1957,7,23.0,13618.322022492333,0.15602426137799927,3.3174348755530074,1945.4745746417618,High Value,New
1958,4,19.0,8221.80113681558,0.0595665212109076,2.799381488020537,2055.450284203895,Regular,New
1959,3,6.0,1917.7722384275426,0.17272970300772453,2.4786623930665304,639.2574128091809,Low Value,Returning
1960,8,38.0,17626.779160716756,0.11597415716920524,2.905779477214549,2203.3473950895946,High Value,Returning
1961,3,13.0,5278.753754423542,0.12217939626641035,4.038414354898821,1759.5845848078472,Low Value,Returning
1962,6,22.0,15759.744935722589,0.14384686918143777,3.6735888499671927,2626.624155953765,High Value,New
1963,3,9.0,1610.9077466312226,0.22193701275095493,3.0788967239738496,536.9692488770742,Low Value,VIP
1964,5,16.0,3507.791312959033,0.1487029591249672,3.252779702705856,701.5582625918066,Low Value,New
1965,3,13.0,7019.471665795429,0.19155282432449203,3.719867751738658,2339.823888598476,Regular,Returning
1966,6,29.0,9525.788794674081,0.16004065679085985,3.415055259026062,1587.6314657790135,Regular,New
1967,10,47.0,14199.398365204075,0.14009753374720654,3.505779658186454,1419.9398365204074,High Value,Returning
1968,5,15.0,8356.189941444454,0.12516028812759014,3.4508316947194744,1671.2379882888908,Regular,New
1969,7,30.0,10567.910897928852,0.14890073158536218,3.0935528330858673,1509.701556846979,High Value,New
1970,6,30.0,17249.317327498284,0.12910579364535055,2.495770127936736,2874.886221249714,High Value,New
1971,3,10.0,5570.263630178659,0.14407119613011446,3.8560848141138204,1856.7545433928863,Low Value,Returning
1972,4,17.0,8640.190952091527,0.16745980228147653,2.9679856056442757,2160.0477380228817,Regular,Returning
1973,10,44.0,11870.945155335281,0.28409404115176307,2.9550480631583893,1187.094515533528,High Value,New
1974,7,22.0,8553.277378980565,0.17749739584827212,3.1849920882368385,1221.896768425795,Regular,Returning
1975,8,40.0,7602.144380552189,0.21062363423367567,3.616845605318295,950.2680475690237,Regular,New
1976,5,18.0,5986.519865500239,0.15896925875818552,2.4990185617251925,1197.3039731000476,Low Value,New
1977,9,45.0,15204.521251279648,0.16911749684486402,3.3339608488336623,1689.391250142183,High Value,New
1978,5,21.0,9213.865292099592,0.0559859943076399,3.2639328395967637,1842.7730584199185,Regular,Returning
1979,5,11.0,1940.4107266358437,0.1678640776845252,3.2628482291102685,388.08214532716875,Low Value,New
1980,4,13.0,6476.062455546737,0.2087299852967364,2.7833095073451632,1619.0156138866842,Low Value,Returning
1981,3,9.0,2910.6115385422536,0.14981719135659813,2.440658155725009,970.2038461807512,Low Value,New
1982,8,28.0,11400.371412778557,0.2375536567987158,2.7940888241184925,1425.0464265973196,High Value,New
1983,3,10.0,3854.17476544105,0.026524261474534367,4.526670114508221,1284.7249218136833,Low Value,Returning
1984,6,33.0,17445.316672005152,0.21490990387693354,2.5573671359048467,2907.552778667525,High Value,Returning
1985,7,30.0,14897.039504787135,0.1871153942739018,2.983035634368002,2128.1485006838766,High Value,New
1986,6,22.0,6878.819027437451,0.1574333863896794,2.9529459455795863,1146.4698379062418,Low Value,New
1987,3,14.0,2531.0561097070263,0.15929468089653168,4.038996764090066,843.6853699023421,Low Value,Returning
1988,9,30.0,13841.989571297763,0.1525663273373447,2.6049929481506675,1537.998841255307,High Value,Returning
1989,7,33.0,16580.809338476585,0.12686040635370935,2.6746291343014676,2368.6870483537978,High Value,New
1990,9,35.0,16297.216940829327,0.11663021348757903,2.7790535483830836,1810.8018823143695,High Value,Returning
1991,7,22.0,9493.993876595143,0.17207848701731857,2.8331147694952756,1356.2848395135918,Regular,Returning
1992,6,13.0,5664.3782004070845,0.10805862718309445,1.9194190994732379,944.0630334011807,Low Value,New
1993,10,35.0,17211.451085875964,0.1659411170093818,2.9794542357234115,1721.1451085875965,High Value,New
1994,6,22.0,8208.148048802816,0.17733079481417588,3.7544026518049,1368.0246748004693,Regular,Returning
1995,3,15.0,3537.652406974496,0.05072263494996367,2.2553889785366206,1179.2174689914987,Low Value,New
1996,5,15.0,6800.294883051492,0.18960932700610883,3.799990078004119,1360.0589766102985,Low Value,Returning
1997,4,10.0,1381.8670630630536,0.20320102697642556,3.312152721541053,345.4667657657634,Low Value,New
1998,7,21.0,3390.0665436100157,0.18429679037153848,3.1367711626378414,484.29522051571655,Low Value,Returning
1999,6,25.0,22852.291191931254,0.08995493992876032,2.5318785745451797,3808.715198655209,VIP,VIP
2000,4,10.0,1311.4287098385773,0.23026677261890147,2.7075854461149254,327.85717745964433,Low Value,Returning
2001,5,22.0,8485.121872258253,0.2312006956209906,3.4341133120684675,1697.0243744516506,Regular,Returning
2002,6,24.0,14686.560747267511,0.11765163410702184,2.7905130573817387,2447.7601245445853,High Value,New
2003,2,10.0,1265.4185919859242,0.09971266973622,2.6698805784744613,632.7092959929621,Low Value,Returning
2004,3,11.0,2426.4950677868705,0.08466327290273178,2.8101166191471862,808.8316892622902,Low Value,New
2005,6,20.0,4767.688526696929,0.16327559859259988,2.7019571690047726,794.6147544494883,Low Value,Returning
2006,3,12.0,1912.4256551924313,0.14165391062778937,2.5291942786813575,637.4752183974771,Low Value,New
2007,2,3.0,605.2189198508551,0.1684106588473491,3.2829457107079834,302.60945992542753,Low Value,Returning
2008,3,9.0,3432.590614080167,0.2018541394816601,2.790238206307635,1144.1968713600556,Low Value,Returning
2009,6,19.0,2154.1311852080244,0.20886933963945545,3.5320479981833746,359.0218642013374,Low Value,Returning
2010,4,16.0,1329.9233228802836,0.21010482707757816,2.717023204823082,332.4808307200709,Low Value,Returning
2012,4,17.0,10058.872983432258,0.18311198484523153,3.2223220712031124,2514.7182458580646,Regular,New
2013,5,22.0,4791.926067829498,0.10901295945405809,2.6721478334779816,958.3852135658996,Low Value,VIP
2014,10,43.0,8032.175805930736,0.19309810351729895,2.4279771050977375,803.2175805930735,Regular,New
2015,7,24.0,9919.47008284257,0.14016970020420252,2.7246595559836835,1417.0671546917958,Regular,Returning
2016,6,27.0,7641.479490541837,0.18825376107990396,3.471774299411075,1273.579915090306,Regular,New
2017,10,45.0,14462.687539153798,0.1343659714967523,2.774301224265173,1446.2687539153799,High Value,Returning
2018,6,16.0,11282.543525377852,0.15229307495849628,3.2182850168203783,1880.4239208963088,High Value,Returning
2019,4,14.0,6640.3543606957755,0.15126945269633021,3.9173246236281773,1660.0885901739439,Low Value,New
2020,6,17.0,8234.83664087919,0.17431517982403513,3.170073268593191,1372.472773479865,Regular,Returning
2021,2,6.0,2988.5866334687958,0.2506822786981331,2.548902101637358,1494.2933167343979,Low Value,Returning
2022,2,7.0,2632.1327486116706,0.06938742537759321,2.8571757755147593,1316.0663743058353,Low Value,Returning
2024,4,16.0,6757.019471201771,0.1727429477565321,2.8381100618535635,1689.2548678004428,Low Value,New
2025,3,14.0,5333.150049285106,0.1966898882319316,4.256464186112971,1777.7166830950355,Low Value,New
2026,5,14.0,7531.292176931126,0.07797403513068658,3.159842851250957,1506.2584353862253,Regular,New
2027,4,23.0,10218.020902238177,0.10321422841892793,3.040974266909531,2554.505225559544,Regular,New
2028,2,12.0,6243.778632755011,0.22921344079950767,2.83785739914369,3121.8893163775056,Low Value,Returning
2029,5,23.0,15493.82624571531,0.1525027590416041,3.4338151356052222,3098.765249143062,High Value,New
2030,5,15.0,6972.580930822034,0.2022363756419964,3.0580685654727766,1394.516186164407,Regular,New
2031,7,23.0,10716.372550056603,0.1810183461100161,3.0718013844692145,1530.9103642938005,High Value,New
2032,11,56.0,17713.728410390562,0.18536812650686088,3.2864371399303396,1610.338946399142,High Value,Returning
2033,4,16.0,1154.2459645507588,0.11403016098208105,2.747959274448897,288.5614911376897,Low Value,New
2034,3,13.0,1658.3080908902843,0.13655244477567616,3.180177172156377,552.7693636300947,Low Value,Returning
2035,2,12.0,2763.255104231933,0.06480776881917011,2.541421403612631,1381.6275521159664,Low Value,Returning
2036,5,7.0,1892.8740524153573,0.14898263219262592,2.2344204316953027,378.5748104830715,Low Value,New
2037,10,37.0,19225.650027863143,0.16158323351370968,2.9540481746197367,1922.5650027863144,High Value,Returning
2038,5,21.0,5185.7146393907915,0.1423700992723288,3.0403381663525355,1037.1429278781584,Low Value,Returning
2039,5,22.0,4471.382395907061,0.1628223484226688,3.0109623240133283,894.2764791814122,Low Value,Returning
2040,2,4.0,455.4349372440043,0.17634448835986738,2.808388225722829,227.71746862200214,Low Value,New
2041,7,20.0,9985.583284510383,0.14743332627630817,1.6531274818298545,1426.5118977871975,Regular,New
2042,5,16.0,4649.16278868671,0.1483649138656977,3.3611263795344657,929.832557737342,Low Value,Returning
2043,4,16.0,5662.318500930953,0.14809683605703033,2.2086719861018675,1415.5796252327382,Low Value,New
2044,9,36.0,9936.979383724469,0.18690185368308387,2.699476279606815,1104.1088204138298,Regular,New
2045,1,5.0,5162.189871983712,0.21825442420142,1.065548706779242,5162.189871983712,Low Value,New
2046,8,27.0,7042.211228887571,0.11657263697702638,2.306481554843453,880.2764036109464,Regular,Returning
2047,4,20.0,4365.136465720516,0.1554482802086249,3.0701776507499154,1091.284116430129,Low Value,New
2048,4,18.0,7232.8201784728635,0.1332076116401025,2.9009312970158514,1808.2050446182159,Regular,New
2049,3,15.0,5671.541053825389,0.25620809706887715,1.3289762255628734,1890.513684608463,Low Value,Returning
2050,6,14.0,2921.467231142253,0.15746905875801406,3.0309278138186926,486.9112051903755,Low Value,Returning
2051,6,26.0,18460.325831139235,0.16133566881456504,3.500029769351926,3076.720971856539,High Value,New
2052,6,27.0,9816.982327684564,0.2526181528769081,2.9966223331929887,1636.1637212807607,Regular,Returning
2053,4,22.0,7769.274478720537,0.12226070025422398,2.305982339107052,1942.3186196801344,Regular,Returning
2054,4,11.0,8209.85326685104,0.19667298247790627,3.5632135430555003,2052.46331671276,Regular,Returning
2055,7,24.0,7583.692254254947,0.13458923277195617,3.111307396990981,1083.3846077507067,Regular,Returning
2056,3,13.0,9616.819873416076,0.09629201717946546,3.3690336535943977,3205.6066244720255,Regular,Returning
2057,1,2.0,67.46516677503726,0.0633936624395748,3.582022376389724,67.46516677503726,Low Value,Returning
2058,6,26.0,4100.167504928103,0.12217431369871919,2.7865736479058953,683.3612508213505,Low Value,New
2059,6,27.0,6741.355512563763,0.12345929444761282,3.1451562834476934,1123.5592520939606,Low Value,Returning
2060,2,3.0,179.7880248946959,0.0687721959069572,2.0104607838471313,89.89401244734795,Low Value,New
2061,4,17.0,1535.4440788689512,0.22062831535894772,3.059061689105131,383.8610197172378,Low Value,Returning
2062,1,5.0,168.35849365668696,0.2482968808065898,1.4497783762001015,168.35849365668696,Low Value,New
2063,10,39.0,22133.376069721202,0.14286186959007863,2.478090030090721,2213.3376069721203,VIP,VIP
2064,3,11.0,6918.015553862047,0.1688542075406896,3.015668029889374,2306.0051846206825,Regular,VIP
2065,4,20.0,3251.71108314292,0.1501875259695871,3.665700734787718,812.92777078573,Low Value,New
2066,7,24.0,9848.196353976711,0.17479424691510823,3.64861655481386,1406.8851934252446,Regular,Returning
2067,4,11.0,1277.022346661133,0.1260606097259785,3.138490383146191,319.25558666528326,Low Value,New
2068,7,30.0,8915.561922280871,0.16087274019882633,2.7988039945842544,1273.6517031829815,Regular,New
2069,3,10.0,4023.1895949796485,0.1456289860395931,2.0854113060411366,1341.0631983265496,Low Value,Returning
2070,6,27.0,9800.858161402837,0.08105067535795735,3.4398304563037105,1633.4763602338062,Regular,New
2071,9,29.0,22288.77391314476,0.12485804783375744,3.2811543264554857,2476.5304347938622,VIP,Returning
2072,3,14.0,5176.428607798661,0.20997770841185326,3.4068994015734853,1725.4762025995535,Low Value,New
2073,2,4.0,3812.669643368838,0.2475857365143078,3.4766268638747384,1906.334821684419,Low Value,Returning
2074,4,12.0,2105.5024093326347,0.16132108823523844,3.634442932992603,526.3756023331587,Low Value,Returning
2075,7,27.0,16599.61990217636,0.13653685273331667,3.3432949575203104,2371.3742717394803,High Value,New
2076,9,42.0,13889.707823486075,0.09866083532563986,2.960444855873492,1543.3008692762305,High Value,Returning
2077,9,35.0,21149.142034659122,0.09744138220931389,3.3293140292092827,2349.90467051768,VIP,Returning
2078,7,22.0,8806.027944129693,0.10090518251464807,2.441796748542713,1258.0039920185277,Regular,New
2079,1,2.0,208.8366130835882,0.1301929263686295,4.55200387173326,208.8366130835882,Low Value,New
2080,10,35.0,18504.799852473127,0.12582782317406777,3.382180731383568,1850.4799852473127,High Value,New
2081,6,21.0,15045.543167091764,0.190660536342976,2.7978088265694807,2507.5905278486275,High Value,Returning
2082,6,22.0,7597.989035324814,0.24014018476939436,2.7710692491598596,1266.331505887469,Regular,New
2083,9,24.0,10803.022216753465,0.1936542497496686,2.673986663774399,1200.335801861496,High Value,Returning
2084,6,21.0,4881.426509589663,0.19898766693348144,2.7905725468860414,813.5710849316105,Low Value,Returning
2085,2,7.0,1079.0744409749027,0.21780557398492495,4.1938480243280996,539.5372204874513,Low Value,New
2086,5,16.0,9086.715586092025,0.12290776264803775,3.1062651032941995,1817.343117218405,Regular,New
2087,3,13.0,6153.392467131281,0.09089948933588883,3.3744328296358646,2051.1308223770934,Low Value,Returning
2088,2,6.0,1340.419875775828,0.22503504493283116,3.9868725704844015,670.209937887914,Low Value,New
2089,9,39.0,8660.213403421589,0.1874631962936593,2.996127964954402,962.2459337135099,Regular,New
2090,7,28.0,9949.344436218827,0.15695558458527334,2.6339452340549623,1421.3349194598325,Regular,Returning
2091,1,2.0,1650.1278886857915,0.0391657112105544,4.574185731018075,1650.1278886857915,Low Value,Returning
2092,7,24.0,2281.3091628563393,0.31153177389551107,3.453528592553554,325.90130897947705,Low Value,New
2093,9,39.0,19343.75467241469,0.11394824699908962,4.0124805921057485,2149.3060747127433,High Value,Returning
2094,8,44.0,16196.79926258152,0.1846528982690895,2.527411075080117,2024.59990782269,High Value,New
2095,9,34.0,13852.695870416632,0.15298678504742452,3.440617249722072,1539.1884300462925,High Value,VIP
2096,6,28.0,12867.23334998322,0.1362449352784086,2.9988866563698386,2144.53889166387,High Value,VIP
2097,8,31.0,12611.12083588776,0.1681823367856389,3.6132055770465294,1576.39010448597,High Value,New
2098,4,19.0,11008.219946312029,0.1634810841201368,3.465766409406489,2752.054986578007,High Value,New
2099,11,39.0,14666.92537977616,0.12719260913498445,2.966769652176022,1333.3568527069235,High Value,Returning
2100,5,28.0,13694.783286221704,0.14199279672320905,2.716291030757426,2738.956657244341,High Value,New
2101,7,26.0,8938.446340035169,0.14361403578818435,2.9513499415985462,1276.9209057193098,Regular,New
2102,5,25.0,12953.818770140802,0.1424779352236964,3.654945271547562,2590.7637540281603,High Value,New
2103,6,19.0,9125.214160305777,0.0767329872913411,3.2876027800751255,1520.8690267176296,Regular,New
2104,3,15.0,5288.245877165104,0.0904301237132605,3.567752061105846,1762.7486257217013,Low Value,New
2105,6,26.0,8438.702136025393,0.1154427099668658,3.2127231991121104,1406.4503560042322,Regular,Returning
2106,8,33.0,7381.315935984055,0.20228894883365398,2.9273382188482957,922.6644919980068,Regular,New
2107,4,13.0,3357.7390832614797,0.20218260888186837,3.2285538686231843,839.4347708153699,Low Value,New
2108,7,32.0,25085.73584928283,0.11279835259125208,2.731562556543885,3583.6765498975474,VIP,Returning
2109,2,6.0,209.33774782324292,0.08134267948514706,3.8223844079135505,104.66887391162146,Low Value,New
2110,8,26.0,8695.95224964953,0.14367249042136634,3.091210093257694,1086.9940312061913,Regular,New
2111,5,19.0,9636.855297126689,0.08969160212901578,2.581811119495646,1927.3710594253378,Regular,New
2112,5,12.0,6049.194975853619,0.13982656078013714,2.873509216834605,1209.8389951707238,Low Value,Returning
2113,6,22.0,8105.691711188995,0.15247379189490814,2.4852130906553054,1350.9486185314993,Regular,Returning
2114,3,10.0,3425.2788557836916,0.16373121361152757,2.9686616824131016,1141.7596185945638,Low Value,Returning
2115,3,12.0,3937.5434205771735,0.19064458662416653,2.3111136948919238,1312.5144735257245,Low Value,Returning
2116,4,19.0,6055.654430594501,0.1672589722733412,2.7132964711151426,1513.9136076486252,Low Value,New
2117,7,32.0,10766.67691678388,0.17348918742974803,2.563079138308636,1538.096702397697,High Value,New
2118,5,25.0,13958.164082039775,0.17865559117669547,3.675486825859548,2791.632816407955,High Value,New
2119,6,23.0,6307.415508215083,0.08974682574699265,3.9038916861507125,1051.2359180358471,Low Value,New
2120,5,22.0,9577.204396773586,0.19215077126464117,3.2119082120214744,1915.4408793547173,Regular,New
2121,3,9.0,3178.141771347583,0.44750267625927415,2.969653586252807,1059.3805904491944,Low Value,Returning
2122,3,21.0,1811.966906982604,0.24435168709570823,3.569582595939439,603.9889689942014,Low Value,New
2123,5,17.0,8693.73731145158,0.15515437363799128,2.4500250813926865,1738.747462290316,Regular,Returning
2124,2,4.0,479.2842161608861,0.2522775812917528,4.151210433628122,239.64210808044305,Low Value,VIP
2125,8,35.0,24587.876289321444,0.13621669744652404,3.34165098008496,3073.4845361651805,VIP,VIP
2126,5,25.0,10617.346773941967,0.15220755136585112,2.78410827906733,2123.4693547883935,High Value,New
2127,9,39.0,10850.476264459225,0.2531207003315521,2.823140163289315,1205.6084738288027,High Value,New
2128,4,24.0,9829.194900026145,0.1043616480767168,3.1904426565009003,2457.298725006536,Regular,VIP
2129,2,10.0,8187.770889032039,0.1984027189228713,2.4004382841853436,4093.8854445160196,Regular,Returning
2130,8,45.0,18093.540302817455,0.14982059496634115,3.016603437270713,2261.692537852182,High Value,Returning
2131,5,14.0,2995.482977174465,0.1288102573217194,2.6493740232612337,599.096595434893,Low Value,New
2132,4,13.0,7258.131177267194,0.19773278803812047,3.504856261027104,1814.5327943167986,Regular,New
2133,7,32.0,7668.309669520911,0.11873098029324942,2.7563851911651875,1095.4728099315587,Regular,Returning
2134,7,27.0,9517.196702356103,0.13693293465807854,2.2433536958185685,1359.5995289080147,Regular,Returning
2135,7,24.0,7508.544623976668,0.15329998128380098,2.976703977664075,1072.649231996667,Regular,Returning
2136,6,25.0,8042.318674556369,0.2321549230454524,3.164413465544293,1340.3864457593947,Regular,New
2137,9,29.0,6046.567057739614,0.13605347864542672,2.820008830705755,671.8407841932905,Low Value,New
2138,7,39.0,18302.709612246257,0.1622196797356635,3.6646856158264813,2614.672801749465,High Value,New
2139,7,24.0,3408.2869853672246,0.18001025665444756,3.400837212889766,486.8981407667464,Low Value,New
2140,3,9.0,2777.025076064348,0.07941797531779736,3.1225322217631053,925.6750253547826,Low Value,Returning
2141,5,10.0,5298.162561676199,0.11706777199761116,2.8407446417527247,1059.6325123352399,Low Value,New
2142,12,44.0,6974.752919330656,0.1666618369107642,2.329642955277467,581.2294099442214,Regular,Returning
2143,2,4.0,1845.0658222331456,0.15664630472347288,3.973847672553971,922.5329111165728,Low Value,Returning
2144,5,20.0,7553.091200307338,0.11146400304619926,2.5697054388744482,1510.6182400614675,Regular,Returning
2145,2,12.0,5446.189150759612,0.15331799029852347,1.5104341392143403,2723.094575379806,Low Value,New
2146,4,11.0,6019.60956466282,0.1579155841082375,2.949840941698189,1504.902391165705,Low Value,Returning
2147,4,20.0,3065.6450639745585,0.13428476826632488,3.557828315356853,766.4112659936396,Low Value,New
2148,5,24.0,2408.154983642704,0.15636181488087836,2.6454206298017766,481.63099672854077,Low Value,Returning
2149,4,22.0,11571.622158919028,0.20364093197014055,3.643068891966021,2892.905539729757,High Value,New
2150,2,11.0,1581.9253663004902,0.1889183171917745,4.062923576992691,790.9626831502451,Low Value,VIP
2151,5,25.0,5814.947493182976,0.11785560070345151,3.422212543256761,1162.9894986365953,Low Value,New
2152,9,33.0,7642.197520251609,0.11325572465097694,2.9037430257692844,849.1330578057343,Regular,New
2153,8,24.0,5448.297875963866,0.14051632792165342,2.1250198162953606,681.0372344954833,Low Value,Returning
2154,5,28.0,16963.027309496974,0.07953766743329636,3.3606338153231796,3392.605461899395,High Value,Returning
2155,4,18.0,12288.175666887979,0.16021098594228772,2.8748586738639794,3072.0439167219947,High Value,New
2156,6,28.0,9816.597408894224,0.13394481916365328,3.028879797855057,1636.0995681490374,Regular,Returning
2157,4,16.0,5896.055378758911,0.10110859682549209,3.453770558268355,1474.0138446897276,Low Value,Returning
2158,3,15.0,8358.922811111344,0.19819265268369324,3.3630560681720945,2786.3076037037813,Regular,New
2159,6,30.0,12624.368000718607,0.14763024828293062,3.4736142283640237,2104.0613334531013,High Value,Returning
2160,8,38.0,7550.662766454499,0.17538498443776002,3.220920391526642,943.8328458068124,Regular,VIP
2161,5,15.0,8561.186207155732,0.16916434092623592,2.452558542031805,1712.2372414311462,Regular,VIP
2162,6,23.0,8980.181359939452,0.1225626079055505,3.73087436059493,1496.696893323242,Regular,New
2163,6,27.0,13949.185494345198,0.09381730360595557,3.240657875755478,2324.864249057533,High Value,Returning
2164,2,13.0,6950.911181081302,0.15351908535805242,3.490618474733618,3475.455590540651,Regular,New
2165,9,32.0,9882.157581955229,0.1363685239560396,2.700000953858359,1098.0175091061365,Regular,Returning
2166,3,13.0,7587.552210329945,0.08690766842827978,2.4928188058202703,2529.184070109982,Regular,New
2167,4,17.0,3086.918453168161,0.17364372254285615,2.245764949550723,771.7296132920402,Low Value,Returning
2168,6,25.0,11826.344876808826,0.20552488550325507,3.041574971087582,1971.0574794681377,High Value,New
2169,3,11.0,4407.335722642247,0.19158823292571692,3.7995202153098337,1469.1119075474155,Low Value,New
2170,6,17.0,2158.4168023999064,0.07850959989851854,2.5971067887823005,359.73613373331773,Low Value,Returning
2171,4,15.0,1669.239904722248,0.1888458018744273,2.6667112367636476,417.309976180562,Low Value,VIP
2172,1,5.0,377.9571498093283,0.0375959992175897,4.77217037145556,377.9571498093283,Low Value,New
2173,4,22.0,12024.679506825258,0.07448195980355427,3.181792266907461,3006.1698767063144,High Value,New
2174,6,16.0,4791.793337088337,0.1785821175980831,2.689142540879279,798.6322228480561,Low Value,New
2175,3,7.0,2876.373189490616,0.19117188249016284,3.7387800450975166,958.7910631635386,Low Value,Returning
2176,2,6.0,966.2434451219497,0.1203792813029973,2.8998696549274054,483.12172256097483,Low Value,Returning
2177,3,15.0,3442.5630901153263,0.16438541146008875,3.8464861415420124,1147.5210300384422,Low Value,Returning
2178,9,35.0,17104.610669941223,0.16062230115955317,2.677035611490367,1900.512296660136,High Value,Returning
2179,3,8.0,545.9945474614851,0.12695400664892836,3.0290693372421327,181.9981824871617,Low Value,Returning
2180,8,39.0,16613.316614616684,0.10734410945462158,2.944574135116611,2076.6645768270855,High Value,New
2181,5,14.0,8711.883311177104,0.15740161450916484,2.7357894010374615,1742.3766622354208,Regular,Returning
2182,3,19.0,7104.206809096348,0.14360410500121526,1.9572124969048377,2368.068936365449,Regular,Returning
2183,4,24.0,6733.770431906192,0.11144276762330957,2.08798828384105,1683.442607976548,Low Value,Returning
2184,4,14.0,5553.91475246601,0.10887534178439673,3.20677736962243,1388.4786881165026,Low Value,New
2185,10,42.0,11512.81181038821,0.190661642474056,3.284532093877732,1151.281181038821,High Value,New
2186,5,22.0,6109.338324493536,0.14557030875822805,2.084055638729832,1221.867664898707,Low Value,New
2187,4,19.0,3210.713858689154,0.22197749851492563,2.6828511488475546,802.6784646722886,Low Value,VIP
2188,7,32.0,7956.520835347933,0.10183947805143605,3.350721327014532,1136.6458336211333,Regular,Returning
2189,3,15.0,11675.232819853374,0.1838150495002826,2.6145334716400463,3891.744273284458,High Value,Returning
2190,9,35.0,19024.45202452248,0.13430913120437254,2.830267552118544,2113.82800272472,High Value,VIP
2191,3,9.0,4116.834255622457,0.18334447671079102,3.187049632499658,1372.2780852074857,Low Value,New
2192,10,35.0,16013.91479168568,0.1665116782722777,3.8729399789021017,1601.391479168568,High Value,New
2193,2,9.0,2729.8278489662835,0.17118581134165328,4.298351719100019,1364.9139244831417,Low Value,Returning
2194,7,33.0,10809.359449509058,0.1544011854593892,3.339107030659633,1544.1942070727225,High Value,New
2195,4,18.0,8452.405204073684,0.045905434844476026,2.368150372503793,2113.101301018421,Regular,New
2196,6,30.0,15577.6517923363,0.18020206711944628,2.7845746030413774,2596.275298722717,High Value,Returning
2197,6,33.0,8311.918159555747,0.1901970074577922,2.963883676728802,1385.3196932592912,Regular,New
2198,4,22.0,2148.8760633861043,0.1434467919192905,3.2948067417772426,537.2190158465261,Low Value,New
2199,5,10.0,2557.9150763272046,0.2235566164138978,2.9745665002253343,511.5830152654409,Low Value,New
2200,2,5.0,1604.4510603088042,0.1511617527598855,3.7899427325579755,802.2255301544021,Low Value,Returning
2201,3,14.0,1307.7951917520759,0.12830940524350884,3.28517423584332,435.9317305840253,Low Value,Returning
2202,5,23.0,3920.100420430752,0.09656043682062675,2.811486590467929,784.0200840861504,Low Value,Returning
2203,6,21.0,9963.76822703476,0.17434334581588598,3.061140211219388,1660.6280378391266,Regular,Returning
2204,9,32.0,4607.42400465237,0.19657822084891075,3.0798221415415994,511.93600051693,Low Value,New
2205,6,22.0,3901.3393033047373,0.21287324132484198,3.9579848095280536,650.2232172174562,Low Value,New
2206,8,32.0,8531.630215700436,0.12882026885235073,3.2758293316181555,1066.4537769625545,Regular,Returning
2207,7,25.0,7706.380319748701,0.18112264229643354,2.670914744790712,1100.9114742498145,Regular,Returning
2208,6,30.0,10952.967725384633,0.16553605778181266,2.505402622944164,1825.4946208974388,High Value,New
2209,2,9.0,2892.800173050802,0.1438555953685931,2.0351907466171597,1446.400086525401,Low Value,Returning
2210,6,28.0,7733.517766622052,0.1338591466151947,3.3964935293755993,1288.919627770342,Regular,New
2211,1,5.0,594.2492736012923,0.1255872045203072,3.512857606518024,594.2492736012923,Low Value,Returning
2212,6,22.0,4330.731384009274,0.1767556481794594,2.9733984903072073,721.7885640015456,Low Value,New
2213,8,45.0,20556.20320796117,0.07582244952441049,2.9181856171783593,2569.5254009951464,High Value,New
2214,2,5.0,2960.383865696127,0.2616411222082549,3.4596768151337134,1480.1919328480635,Low Value,New
2215,8,34.0,6383.891229889054,0.1353864659279363,3.352000152521287,797.9864037361317,Low Value,Returning
2216,8,31.0,18131.72473445042,0.15375937625679814,2.839539459910068,2266.4655918063027,High Value,New
2217,6,25.0,12310.797776242043,0.14025181600712067,3.674685893096554,2051.7996293736737,High Value,Returning
2218,4,16.0,7798.650387852747,0.20256112855237546,2.640883170400354,1949.6625969631868,Regular,New
2219,5,24.0,4717.131184945403,0.13131594205954455,2.293658188426688,943.4262369890806,Low Value,New
2220,5,20.0,14475.085527728239,0.16067141039100608,3.668511993331502,2895.0171055456476,High Value,Returning
2221,4,13.0,1367.258658660501,0.2250416146916419,3.075291627350216,341.81466466512524,Low Value,Returning
2222,4,20.0,6928.732813230833,0.13269218732430238,3.2110040348239153,1732.1832033077083,Regular,Returning
2223,4,18.0,11815.57914743237,0.13822418316568674,3.5720592362412895,2953.8947868580926,High Value,VIP
2224,6,20.0,2469.3251439670958,0.13151030025218197,3.4514511265632524,411.55419066118264,Low Value,Returning
2225,4,19.0,2126.5776342760096,0.19004603053265562,1.644269782947205,531.6444085690024,Low Value,Returning
2226,2,14.0,11005.425679878164,0.2838644674700792,1.9905676631282814,5502.712839939082,High Value,Returning
2227,3,16.0,5797.338384666362,0.11647194925704142,2.107510587215645,1932.4461282221207,Low Value,New
2228,5,29.0,8761.461153057615,0.19373140716617,2.863506429958856,1752.2922306115229,Regular,New
2229,5,22.0,7465.198848457806,0.19160534134878415,2.8803257163037492,1493.039769691561,Regular,New
2230,3,11.0,2077.042386262939,0.19283596713695728,3.2443107000846045,692.3474620876464,Low Value,Returning
2231,9,32.0,5901.855459221345,0.12327843409993301,2.2835834899031666,655.7617176912605,Low Value,VIP
2232,7,30.0,7751.364452215103,0.16655148971713027,2.493056738906085,1107.3377788878718,Regular,Returning
2233,6,21.0,9848.292910551818,0.14048371467243664,3.6777842137864805,1641.3821517586364,Regular,New
2234,6,26.0,5435.378908755986,0.13434716496289123,3.37793975599423,905.8964847926644,Low Value,New
2235,5,23.0,9420.31665949453,0.21509311691239522,3.1592793342717083,1884.0633318989062,Regular,New
2236,2,8.0,756.5571324922266,0.17831941406190835,2.3419981622120356,378.2785662461133,Low Value,Returning
2237,3,10.0,6075.7698515868,0.09636772748650811,3.241213434887376,2025.2566171955998,Low Value,Returning
2238,4,13.0,10065.336575817302,0.03090290675396685,1.95419598530124,2516.3341439543256,Regular,New
2239,5,18.0,7352.700020465982,0.09225501938902772,3.7214625669494596,1470.5400040931963,Regular,New
2240,4,18.0,10348.269794209635,0.1335359297927107,2.2642325057277164,2587.0674485524087,Regular,New
2241,7,28.0,2076.970563298196,0.3054091998975995,2.9635062218053845,296.71008047117084,Low Value,New
2242,5,15.0,7961.54068444741,0.20356571318168717,2.10151873960478,1592.308136889482,Regular,Returning
2243,4,22.0,10232.81687574905,0.12373209356530677,3.574062913767774,2558.2042189372623,Regular,Returning
2244,7,33.0,16559.106888907685,0.15358903270608798,2.6091553046802978,2365.5866984153836,High Value,New
2245,6,17.0,7593.165531978516,0.14362929646529707,2.796386710645587,1265.527588663086,Regular,Returning
2246,6,23.0,10961.357999368254,0.15401882034202571,2.7447250050271363,1826.892999894709,High Value,Returning
2247,3,12.0,3545.881755684405,0.07702900409406443,1.9142104540542102,1181.960585228135,Low Value,New
2248,4,9.0,4294.862651125782,0.08646334402967908,3.309182645896158,1073.7156627814454,Low Value,New
2249,3,16.0,11537.785220318492,0.2057775299861004,4.464083679737378,3845.928406772831,High Value,Returning
2250,6,25.0,12567.054090233267,0.14896136876051755,3.174315000553634,2094.509015038878,High Value,Returning
2251,5,18.0,6603.245903540145,0.09108345658355084,3.589622077435274,1320.649180708029,Low Value,VIP
2252,6,22.0,9905.816945461993,0.1696055069302752,2.7929803119725825,1650.969490910332,Regular,New
2253,7,27.0,11400.14355333466,0.18379498931227953,3.019747327758126,1628.5919361906656,High Value,VIP
2254,4,15.0,8646.249845771403,0.11929182940970026,2.6789480606140232,2161.5624614428507,Regular,Returning
2255,4,11.0,2622.6075522406422,0.17198742176543855,2.4805893938613583,655.6518880601606,Low Value,New
2256,5,17.0,13676.516032506868,0.1063899792386526,3.5656731232582337,2735.3032065013736,High Value,New
2257,6,27.0,12516.527217928595,0.2818831545035087,2.9403378787612495,2086.0878696547657,High Value,VIP
2258,8,37.0,14629.72316489466,0.20249690298786557,2.24497934977078,1828.7153956118325,High Value,Returning
2259,4,24.0,7610.3682250537195,0.11779235412354998,2.9703548549334897,1902.5920562634299,Regular,Returning
2260,6,31.0,9761.454088700506,0.18313112479778473,3.3512103273833636,1626.9090147834177,Regular,Returning
2261,7,21.0,5179.704040532479,0.13614250386267035,3.31748498125348,739.9577200760684,Low Value,New
2263,6,25.0,11830.093716801215,0.11522178664716648,1.8719705093555126,1971.6822861335359,High Value,New
2264,1,3.0,1743.9924345382722,0.1678761777759872,1.1199872741129826,1743.9924345382722,Low Value,Returning
2265,4,9.0,8083.414253370437,0.1480696123866156,2.7355765472142757,2020.8535633426093,Regular,New
2266,4,15.0,12537.984228313566,0.08489607427292592,3.6285052861529077,3134.4960570783915,High Value,New
2267,2,10.0,611.7399668746585,0.236878118337212,4.107116528949954,305.86998343732927,Low Value,New
2268,1,1.0,474.8642021903016,0.0480464806092124,2.908970242445608,474.8642021903016,Low Value,New
2269,3,15.0,5124.841948687072,0.1341292301193559,2.3549844761436174,1708.2806495623572,Low Value,Returning
2270,7,32.0,6288.136958046007,0.19037104092368612,3.1794490834834783,898.3052797208582,Low Value,VIP
2271,4,24.0,8908.93045689935,0.14895756068981694,3.588001959345177,2227.2326142248376,Regular,Returning
2272,4,19.0,4343.144003438534,0.09036863226177443,2.4808257923405317,1085.7860008596335,Low Value,New
2273,4,10.0,1810.9147162833438,0.16527309676979665,3.5997202216169404,452.72867907083594,Low Value,Returning
2274,5,22.0,7542.18698314939,0.17806227299912195,1.9758230930285396,1508.4373966298779,Regular,Returning
2275,6,19.0,4243.186178089538,0.09657224789378566,2.7762555221400986,707.1976963482563,Low Value,New
2276,4,16.0,4364.670270866311,0.1577908351506564,2.3512060715062577,1091.1675677165777,Low Value,New
2277,3,14.0,2851.2544782389778,0.4363677432576187,3.065610384516054,950.4181594129926,Low Value,Returning
2278,4,13.0,2808.6393129565563,0.17206627472260133,3.236629904755835,702.1598282391391,Low Value,New
2279,8,29.0,3401.4798764066263,0.13986306460849796,2.915885489184796,425.1849845508283,Low Value,New
2280,6,28.0,6001.236039149937,0.16832722797088087,3.110019584751744,1000.2060065249894,Low Value,Returning
2281,6,29.0,14710.247472308636,0.18309785321140823,2.9941076310073704,2451.7079120514395,High Value,Returning
2282,3,17.0,3632.4876328825894,0.08494396484285648,3.3005530955242173,1210.829210960863,Low Value,New
2283,3,14.0,8581.587609425715,0.16794464034118595,2.1481093390330366,2860.529203141905,Regular,Returning
2284,8,25.0,10417.226056012732,0.1531090729824835,3.2977913489512556,1302.1532570015916,High Value,New
2285,6,28.0,9965.321054649863,0.14001591896001017,3.451601317258173,1660.886842441644,Regular,Returning
2286,2,10.0,8365.083416720992,0.2123961039327407,3.478229503062785,4182.541708360496,Regular,VIP
2287,3,11.0,1309.8627930670596,0.18691133539240049,3.8018495839810615,436.6209310223532,Low Value,Returning
2288,5,17.0,6989.788470104728,0.17911211067553284,3.1955737842173315,1397.9576940209456,Regular,VIP
2289,3,4.0,2434.49055138298,0.18777990297903124,3.779858742456062,811.4968504609933,Low Value,Returning
2290,5,21.0,6292.564947689775,0.20564983819813643,4.198537359660284,1258.512989537955,Low Value,New
2291,2,8.0,8017.921674271313,0.10747100946084781,3.104338855688094,4008.9608371356567,Regular,Returning
2292,9,44.0,21258.5563758265,0.1494400634834921,2.6984610443725097,2362.061819536278,VIP,VIP
2293,6,13.0,2508.9356250281153,0.04460083913250718,3.6673488910179457,418.1559375046859,Low Value,Returning
2294,4,11.0,2990.217995970818,0.1407208646049142,2.2317912937256126,747.5544989927045,Low Value,Returning
2295,5,20.0,4219.884236389455,0.11297309869425332,2.993108864715591,843.9768472778909,Low Value,New
2296,4,19.0,7525.5720728290635,0.22457375391811363,4.510739325139689,1881.3930182072659,Regular,New
2297,12,45.0,17089.067692291617,0.15476946858995597,3.6824733630945086,1424.0889743576347,High Value,New
2298,4,5.0,1046.3698977190334,0.22835470226216814,2.5935381965204023,261.59247442975834,Low Value,Returning
2299,3,10.0,1470.805420087485,0.12562670197406423,2.744314583867444,490.26847336249494,Low Value,Returning
2300,7,28.0,4148.276160448271,0.16823541704730496,3.3633046937669993,592.6108800640387,Low Value,Returning
2301,5,10.0,1705.6540186416123,0.174988676251623,3.181795313041784,341.13080372832246,Low Value,New
2302,9,47.0,29126.678223666706,0.19850406820490624,3.033620389162836,3236.2975804074117,VIP,Returning
2303,3,13.0,3679.505785257334,0.17750337032762176,2.0703617505438565,1226.5019284191114,Low Value,New
2304,6,34.0,9042.935663860324,0.12332023690276299,3.1557485541177708,1507.1559439767207,Regular,New
2305,7,22.0,10568.38692222054,0.19566139259290455,2.9761618855093306,1509.7695603172199,High Value,New
2306,4,15.0,4462.457850047453,0.18935805407202816,3.9942719213702693,1115.6144625118632,Low Value,Returning
2307,6,23.0,5511.732688919788,0.14050489187388485,2.584844728479553,918.6221148199647,Low Value,New
2308,5,18.0,8417.297338576222,0.2582233263406461,2.911916346602851,1683.4594677152443,Regular,Returning
2309,7,23.0,8769.512622118149,0.10399609337007192,2.660870761912334,1252.7875174454498,Regular,New
2310,3,9.0,6703.009005547013,0.11664608757752341,3.0778738693356846,2234.3363351823377,Low Value,New
2311,3,8.0,1821.05294780851,0.1619056272051127,2.398585087293672,607.0176492695033,Low Value,New
2312,6,24.0,5234.822400324815,0.16781265506159518,2.7707910482869593,872.4704000541359,Low Value,New
2313,10,45.0,18607.304047242927,0.12791537582580959,3.005141941607071,1860.7304047242928,High Value,New
2314,6,18.0,7972.707263976934,0.11557225727111296,2.9517464295634728,1328.7845439961557,Regular,VIP
2315,4,15.0,4593.924623919797,0.06503253135471072,3.161137996219083,1148.4811559799493,Low Value,VIP
2316,3,12.0,5542.447025581938,0.12088073815645987,2.6589162438453653,1847.4823418606459,Low Value,VIP
2317,6,23.0,4624.975860644272,0.12092961087465974,3.122236300649987,770.8293101073787,Low Value,Returning
2318,5,22.0,4197.611510584069,0.1585300907410502,3.3247978307603363,839.5223021168138,Low Value,New
2319,4,19.0,4094.044504969272,0.14135605185285324,2.6903595255804262,1023.511126242318,Low Value,Returning
2320,8,20.0,8078.767320921654,0.13999801907050102,2.833727332831541,1009.8459151152067,Regular,New
2321,2,7.0,1370.6279095974264,0.15562029365860175,2.3378612399214584,685.3139547987132,Low Value,Returning
2322,3,5.0,1681.1939483761653,0.14051255181134073,2.5941576627857192,560.3979827920551,Low Value,Returning
2323,1,3.0,685.4111059019023,0.169148681803135,1.518573271333583,685.4111059019023,Low Value,Returning
2324,2,8.0,7353.138086558108,0.1430334573939176,2.937841377654361,3676.569043279054,Regular,VIP
2325,5,18.0,8807.901984276597,0.19924819352769413,3.1615396723028204,1761.5803968553196,Regular,Returning
2326,5,18.0,7514.079485211889,0.12413043838082413,3.3610532605329473,1502.8158970423779,Regular,Returning
2327,4,18.0,4780.616370976082,0.15670038725488603,2.757897089400556,1195.1540927440205,Low Value,Returning
2328,10,41.0,21179.235111349015,0.16977586301952413,3.3118068865571595,2117.9235111349017,VIP,Returning
2329,3,7.0,2764.0979197264014,0.2396069936229734,4.144162006522744,921.3659732421338,Low Value,Returning
2330,6,25.0,13446.12367185899,0.14880154670128887,3.2764781308939113,2241.0206119764985,High Value,Returning
2331,2,6.0,2984.5172590995376,0.1911988145631054,3.877976970377393,1492.2586295497688,Low Value,New
2332,7,23.0,10459.797988767948,0.1262372171358378,2.1626749694329814,1494.2568555382784,High Value,Returning
2333,5,21.0,6815.5740826374295,0.1609032819795194,2.4832631942605627,1363.1148165274858,Low Value,New
2334,5,17.0,3995.9563886854557,0.20516671287166588,2.8894345167732367,799.1912777370911,Low Value,Returning
2335,5,21.0,9161.535427881641,0.1423044243798332,2.8630112489257873,1832.3070855763283,Regular,VIP
2336,2,10.0,2039.2207186955602,0.0397118841899092,3.095582819671791,1019.6103593477801,Low Value,Returning
2337,4,19.0,7112.596520366613,0.21816291985050532,2.626421264837323,1778.1491300916532,Regular,Returning
2338,5,23.0,6582.886312271927,0.20785551577279998,3.6585168477069336,1316.5772624543854,Low Value,New
2339,2,7.0,2149.567844060267,0.2039496954040229,2.9486073238851773,1074.7839220301335,Low Value,New
2340,4,13.0,6513.345541395831,0.17615699677316693,3.1162361006610837,1628.3363853489577,Low Value,Returning
2341,4,12.0,6372.04780298993,0.16375965825203087,3.052874168585141,1593.0119507474824,Low Value,VIP
2342,9,37.0,11035.208991999656,0.21576045051385134,2.8387470939426396,1226.1343324444063,High Value,VIP
2343,2,11.0,1414.9965737369284,0.19788901424703753,2.933374020836204,707.4982868684642,Low Value,New
2344,4,14.0,4680.670854352636,0.0936113320343424,3.3329390893300075,1170.167713588159,Low Value,New
2345,4,20.0,8329.284264782427,0.0556533525481211,3.825331409631431,2082.321066195607,Regular,New
2346,5,22.0,5836.692552394655,0.15777296635866148,2.6007232490972916,1167.3385104789309,Low Value,Returning
2347,4,10.0,4693.780599958609,0.07260411195246465,3.656214790626673,1173.4451499896522,Low Value,New
2348,6,20.0,4450.81145132967,0.1506942069015568,2.981636099058441,741.8019085549449,Low Value,VIP
2349,8,31.0,10915.902238711875,0.16962260647660166,2.2587822476639134,1364.4877798389844,High Value,New
2350,5,23.0,8385.33057728971,0.07462837160044608,3.645990121934278,1677.0661154579418,Regular,New
2351,2,6.0,2424.68670098105,0.16582493831278075,3.2098956755182675,1212.343350490525,Low Value,Returning
2352,4,15.0,2239.9926812614185,0.12542082173005742,2.913963382575437,559.9981703153546,Low Value,New
2353,5,7.0,2393.1425323237027,0.11139311114568577,4.040322036190901,478.62850646474055,Low Value,New
2354,5,25.0,9069.901409456832,0.159504770223893,2.665523335148246,1813.9802818913663,Regular,Returning
2355,5,18.0,2017.4503294218775,0.15050653919387186,2.6425128712061055,403.4900658843755,Low Value,Returning
2356,4,23.0,4060.916868124852,0.11325120640128752,2.197573541363627,1015.229217031213,Low Value,Returning
2357,9,46.0,21789.97691461581,0.13513052768344544,2.666975048507079,2421.1085460684235,VIP,Returning
2358,8,33.0,12571.702743141543,0.1646444288476422,3.738763098952586,1571.4628428926928,High Value,New
2359,5,23.0,16926.144404448067,0.19157238557504247,3.336582725014394,3385.2288808896133,High Value,Returning
2360,10,43.0,18804.70231548387,0.12159384934161573,2.7042432832367256,1880.4702315483871,High Value,New
2361,6,20.0,6954.243753030101,0.1111967337018822,3.2986288620027255,1159.0406255050168,Regular,New
2362,5,22.0,6680.982655088051,0.3282586527011836,2.8145644589303815,1336.1965310176101,Low Value,New
2363,5,22.0,5620.294361355211,0.19738142757942584,3.2830400497336854,1124.0588722710422,Low Value,Returning
2364,6,28.0,2665.7476533028876,0.16691604810391544,3.301158843090711,444.29127555048126,Low Value,Returning
2365,4,16.0,5657.490937804176,0.23532475469726116,2.075318465758447,1414.372734451044,Low Value,New
2366,5,26.0,6345.340659165141,0.19759784249673942,2.28810569967694,1269.0681318330282,Low Value,New
2367,4,10.0,3002.6401757738786,0.1869581585475626,4.294817601746411,750.6600439434696,Low Value,Returning
2368,7,36.0,9900.725275631792,0.15725888340099914,2.8770352838849047,1414.389325090256,Regular,Returning
2369,2,5.0,2476.7388648874107,0.03860309081266395,3.5789874637134576,1238.3694324437054,Low Value,VIP
2370,3,10.0,527.8342836129915,0.07176622067141607,3.391071498745166,175.9447612043305,Low Value,Returning
2371,2,6.0,4669.942896092337,0.18727003508958628,3.155541441725481,2334.9714480461685,Low Value,VIP
2372,5,20.0,13714.521735391327,0.1351353366839004,3.0061043482062715,2742.9043470782653,High Value,Returning
2373,4,14.0,5588.762770970787,0.0530044286127586,2.884377503497216,1397.1906927426967,Low Value,Returning
2374,1,2.0,1659.6550166453897,0.0969220861379728,3.07703380588242,1659.6550166453897,Low Value,New
2375,3,14.0,9824.10124344415,0.09668715147550327,3.2390489555471462,3274.7004144813836,Regular,Returning
2376,3,10.0,3552.18893689827,0.1580819603760941,3.650714872341542,1184.06297896609,Low Value,New
2377,3,15.0,7917.8379110132455,0.21275803338854007,2.726407856455946,2639.279303671082,Regular,Returning
2378,9,35.0,16302.844618083438,0.11641460090598892,3.1624723707091684,1811.4271797870488,High Value,Returning
2379,4,17.0,4438.291357875216,0.1331614694718211,1.8109067070904699,1109.572839468804,Low Value,New
2380,5,22.0,5171.787079975426,0.1885501809430865,2.6971932735306203,1034.3574159950854,Low Value,VIP
2381,7,41.0,13916.415089641203,0.1043620759760906,3.232247439388558,1988.0592985201718,High Value,Returning
2382,6,22.0,10796.915317406494,0.1622252677975687,3.0755278774366435,1799.4858862344156,High Value,New
2383,4,16.0,5251.941220338813,0.10533995109165856,2.7821192541397357,1312.9853050847032,Low Value,Returning
2384,3,17.0,6076.07678705889,0.22763877993524165,2.825872392362824,2025.3589290196298,Low Value,New
2385,7,29.0,15755.019584675152,0.17049629352756343,3.1683707565707993,2250.7170835250217,High Value,New
2386,4,9.0,1616.4315013767666,0.38255041843560045,3.2018028440268744,404.10787534419165,Low Value,New
2387,4,21.0,5400.34836089127,0.1902672843797982,2.852864639998471,1350.0870902228176,Low Value,Returning
2388,7,32.0,11661.240987851046,0.1647990093868877,3.0574853276397174,1665.8915696930067,High Value,Returning
2389,7,26.0,9320.989979415968,0.11940996063013119,2.573852797204334,1331.569997059424,Regular,New
2390,6,28.0,7657.086553111897,0.19349665353242526,3.7371425603322392,1276.1810921853162,Regular,Returning
2391,10,37.0,5852.477423773747,0.17977554868473042,2.626735914943249,585.2477423773747,Low Value,Returning
2392,9,43.0,9067.973217263134,0.1493359300620708,3.0165764819944068,1007.5525796959038,Regular,New
2393,7,40.0,18699.22319164052,0.1251472780199508,2.782056989058343,2671.3175988057887,High Value,Returning
2395,6,31.0,12109.683587558065,0.13979192429759443,3.1004394071930625,2018.2805979263442,High Value,New
2396,6,27.0,7777.370033569995,0.12796412119031797,2.4185879307389704,1296.2283389283325,Regular,New
2397,5,15.0,6438.050833373073,0.17182815315516892,2.5261535727764826,1287.6101666746147,Low Value,New
2398,4,18.0,9660.777520469002,0.14202076333337849,3.702809914094982,2415.1943801172506,Regular,New
2399,5,13.0,4228.131673186157,0.17382770264918737,2.8667401963567287,845.6263346372314,Low Value,New
2400,5,30.0,18626.058989339283,0.11007606481086282,2.511000619260572,3725.2117978678566,High Value,New
2401,4,6.0,1589.597992134489,0.2137647902483114,2.712488037567536,397.39949803362225,Low Value,Returning
2402,7,29.0,8556.700665969129,0.14991911485143444,2.738456965571735,1222.3858094241612,Regular,Returning
2403,1,2.0,169.42574861416222,0.2047191124394497,3.3326678110879984,169.42574861416222,Low Value,Returning
2404,6,25.0,11834.558547328048,0.200082892849725,3.625120516455194,1972.4264245546747,High Value,VIP
2405,4,17.0,4266.6040437524425,0.13243438769005036,2.2643894558717332,1066.6510109381106,Low Value,New
2406,5,19.0,5459.871693842303,0.11053999288107035,2.1662812967502676,1091.9743387684607,Low Value,Returning
2407,2,8.0,6195.2735672843,0.1448302472309799,2.8117148629209243,3097.63678364215,Low Value,New
2408,3,14.0,7703.554472319323,0.10694694393606922,3.3042570566297322,2567.851490773108,Regular,Returning
2409,5,23.0,5692.069652972965,0.14600984759965824,3.4893110737070736,1138.413930594593,Low Value,Returning
2410,6,23.0,9360.79665917793,0.1742293710499636,2.2767556303359515,1560.1327765296548,Regular,VIP
2411,7,31.0,11426.423586379591,0.17429916191255776,3.3404193651027123,1632.3462266256558,High Value,Returning
2412,5,13.0,4533.922759249904,0.10123924577057304,2.423478875226645,906.7845518499807,Low Value,Returning
2413,4,9.0,5315.747300170785,0.20809373012161153,3.297156565627092,1328.9368250426962,Low Value,Returning
2414,3,10.0,2148.7577282156008,0.19468785725526402,2.4498418974321385,716.2525760718669,Low Value,Returning
2415,4,15.0,4175.791257235121,0.10810999548389988,1.87555941095472,1043.9478143087802,Low Value,Returning
2416,9,22.0,3535.159970030958,0.17783779702086544,3.22076105388866,392.795552225662,Low Value,Returning
2417,5,13.0,2413.1674037686325,0.17047517291432937,3.658239140460661,482.63348075372653,Low Value,Returning
2418,7,24.0,10259.104192254836,0.11457501193463439,2.3281101166476015,1465.5863131792623,Regular,New
2419,2,6.0,561.2085293437807,0.08525981483617864,4.477136272928428,280.60426467189035,Low Value,New
2420,4,19.0,5069.29737983725,0.1591056487596048,2.8100655917289514,1267.3243449593126,Low Value,New
2421,5,18.0,7144.365662218666,0.18750944282397822,2.401711571298889,1428.8731324437333,Regular,Returning
2422,4,20.0,8169.611184533474,0.13237155278697438,2.909451595912706,2042.4027961333686,Regular,VIP
2423,4,20.0,5686.9402458122,0.14565662628226717,3.9973405745982102,1421.73506145305,Low Value,VIP
2424,5,21.0,4179.926178048818,0.11748068083245264,3.5147007041181046,835.9852356097635,Low Value,Returning
2425,6,26.0,13329.965158162227,0.1856775397154056,3.019451302782656,2221.6608596937044,High Value,New
2426,5,22.0,2322.83410863815,0.15083404082151258,3.3238074515444014,464.56682172763004,Low Value,New
2427,4,15.0,4253.693566180497,0.1597151004402601,3.3328844679891447,1063.4233915451243,Low Value,New
2428,4,19.0,8251.836281045827,0.0851894188101334,2.4944021160797822,2062.959070261457,Regular,Returning
2429,6,14.0,3755.112906092475,0.15761397854201156,3.0445650036858276,625.8521510154125,Low Value,Returning
2430,2,8.0,5802.4242048395645,0.013217458710466099,2.065167343397654,2901.2121024197822,Low Value,New
2431,4,25.0,4374.563084445428,0.16992828617464903,2.6191008090370707,1093.640771111357,Low Value,New
2432,2,6.0,404.6158902094802,0.25344128344250527,1.8272530487596486,202.3079451047401,Low Value,Returning
2433,3,20.0,1900.1780096312943,0.12654003219232132,3.4422623825584124,633.3926698770981,Low Value,Returning
2434,6,22.0,12475.947585569324,0.12416684261823725,2.6270910762074835,2079.324597594887,High Value,Returning
2435,4,18.0,1917.0733721027427,0.18580386840924676,3.2540607308758336,479.2683430256857,Low Value,VIP
2436,5,21.0,8965.226604642747,0.1609769959451519,2.5226025548769546,1793.0453209285492,Regular,New
2437,3,12.0,8699.148926481308,0.17112871756602446,3.049288946718543,2899.7163088271027,Regular,New
2438,4,19.0,4608.571419609645,0.024743127822705477,3.6577422313103787,1152.1428549024113,Low Value,New
2439,5,22.0,8009.444224317768,0.13513165707863103,2.82814129832395,1601.8888448635537,Regular,Returning
2440,8,33.0,6501.960854891414,0.16479498290107558,2.3530158064682274,812.7451068614267,Low Value,New
2441,10,37.0,10914.34517667253,0.20586354948326377,3.4537292345921125,1091.434517667253,High Value,Returning
2442,2,11.0,1261.034593756276,0.0113499139379643,2.493059517336298,630.517296878138,Low Value,VIP
2443,3,17.0,2383.825312233979,0.09602517643920166,3.0913565445516933,794.6084374113262,Low Value,Returning
2444,10,40.0,20791.7832437227,0.16672445272932143,2.896230948589147,2079.1783243722703,VIP,Returning
2445,5,19.0,2053.982838456407,0.1696817704994456,2.713742232999958,410.79656769128144,Low Value,Returning
2446,8,27.0,13170.70188876972,0.18645921093635295,3.609795261826752,1646.337736096215,High Value,Returning
2447,6,14.0,5860.750991131185,0.11634313747815976,3.318561420169683,976.7918318551975,Low Value,New
2448,10,44.0,15792.892576226855,0.1204060417729669,3.381187297514521,1579.2892576226855,High Value,Returning
2449,4,19.0,5081.521046324863,0.11937761380737733,3.3761184494893697,1270.3802615812158,Low Value,New
2450,9,37.0,19111.5064707066,0.1586252149443998,3.280159946362202,2123.5007189674,High Value,Returning
2451,5,20.0,5356.356949755123,0.10240530799062411,2.5524022569967615,1071.2713899510247,Low Value,VIP
2452,5,26.0,7717.77958930708,0.17407039418658238,3.2081723621679856,1543.555917861416,Regular,Returning
2453,2,11.0,9308.861536338012,0.206854623163761,3.161294215039964,4654.430768169006,Regular,Returning
2454,1,4.0,132.48467529296684,0.2313176736472454,1.6847453581237617,132.48467529296684,Low Value,New
2455,4,19.0,13166.839367889059,0.11761703489635478,2.754146517192491,3291.7098419722647,High Value,Returning
2456,4,17.0,7491.156286088575,0.36374751417592527,3.7411743067640133,1872.7890715221438,Regular,New
2457,3,13.0,3932.9569868013505,0.19160674989296148,4.477851538654102,1310.9856622671168,Low Value,New
2458,3,15.0,11693.811303415758,0.08303472532658802,2.339812612110504,3897.937101138586,High Value,Returning
2459,7,30.0,8246.065764123665,0.12972469490263913,3.4566519517398366,1178.0093948748092,Regular,Returning
2460,7,31.0,11343.020349243541,0.19006429361455174,2.943086613140139,1620.431478463363,High Value,Returning
2461,5,25.0,13671.309261109343,0.10572928130141972,2.7154420888813577,2734.2618522218686,High Value,New
2462,9,36.0,15134.414360804118,0.152895573801915,2.5641825284137822,1681.6015956449019,High Value,Returning
2463,11,31.0,7561.660237892124,0.12496538430251745,3.4246911273379212,687.4236579901931,Regular,New
2464,6,23.0,7943.097227098159,0.14209491926550277,2.3983402822458824,1323.8495378496932,Regular,Returning
2465,9,37.0,18443.04392923459,0.19140820870964992,3.205839993603873,2049.2271032482877,High Value,VIP
2466,6,28.0,20305.884665754977,0.13296686112557193,2.975071957279267,3384.314110959163,High Value,New
2467,5,22.0,10191.943093718384,0.11135543554027767,3.81147736711997,2038.388618743677,Regular,New
2468,3,11.0,3084.4907435729706,0.16815492489025566,3.3504750788379005,1028.1635811909903,Low Value,Returning
2469,2,6.0,3477.611832600777,0.12156043449191145,2.6193517553851633,1738.8059163003884,Low Value,Returning
2470,12,43.0,18272.10887635089,0.1475932176555501,2.6347281936584515,1522.6757396959074,High Value,New
2471,1,7.0,5051.072730077989,0.0583097480105132,1.238729601881137,5051.072730077989,Low Value,Returning
2472,8,35.0,15819.064621185546,0.17500874554113965,3.1799780047207125,1977.3830776481932,High Value,Returning
2473,4,8.0,5159.9335279454235,0.15924937397257352,3.2953526311865433,1289.9833819863559,Low Value,Returning
2474,7,34.0,10219.320371047907,0.2025857521722946,2.990748138310171,1459.902910149701,Regular,Returning
2475,4,22.0,10915.268823827324,0.13830507958694696,1.7723648228094209,2728.817205956831,High Value,Returning
2476,4,16.0,4015.133286778842,0.1293305888334803,3.4184538687983,1003.7833216947105,Low Value,Returning
2477,1,3.0,581.857952919869,0.2013781343851932,3.1350391193972293,581.857952919869,Low Value,New
2478,6,19.0,6033.444878290817,0.0879406775058318,3.4549635767019535,1005.5741463818027,Low Value,New
2479,7,36.0,8813.897779428156,0.124233981306734,2.753727449548426,1259.1282542040224,Regular,Returning
2480,6,27.0,15684.677038670163,0.18840068264655332,3.150469103243541,2614.1128397783605,High Value,New
2481,2,6.0,1056.3887833051763,0.1656064092658803,3.576446589293919,528.1943916525881,Low Value,Returning
2482,6,20.0,5508.721227411741,0.17361591608617097,2.7050730844911883,918.1202045686235,Low Value,Returning
2483,7,28.0,6816.164512103686,0.1121158888411841,4.03427381037799,973.7377874433838,Low Value,VIP
2484,3,9.0,1809.0904022210443,0.138087683637539,2.2800399798008972,603.0301340736814,Low Value,New
2485,6,23.0,12575.108957469913,0.13754145621914388,3.177122527355749,2095.8514929116523,High Value,VIP
2486,7,21.0,10114.607491175251,0.15735430375434367,4.068818851895122,1444.9439273107503,Regular,VIP
2487,5,25.0,6329.06664819558,0.11631581180266522,3.5387701677261822,1265.8133296391159,Low Value,Returning
2488,5,17.0,6203.915853457826,0.07223176584665933,2.501883766669785,1240.7831706915654,Low Value,VIP
2489,1,6.0,4898.389358819716,0.0858693090896313,2.732145409326152,4898.389358819716,Low Value,Returning
2490,6,32.0,17734.9848615603,0.18505599743472742,2.7791800550826635,2955.83081026005,High Value,VIP
2491,6,25.0,9364.203867330612,0.12735299269316644,3.4613340181330314,1560.7006445551021,Regular,VIP
2492,3,9.0,4543.29963824992,0.13331921266414423,3.5080169040012144,1514.433212749973,Low Value,Returning
2493,8,36.0,16603.23028904218,0.1346024102546877,2.7832974327727813,2075.4037861302727,High Value,Returning
2494,2,7.0,1164.0768584298623,0.26078774339318933,3.3703912725060237,582.0384292149312,Low Value,New
2495,8,27.0,5789.258782442722,0.1177052683395914,3.7225305556999553,723.6573478053402,Low Value,New
2496,6,24.0,15647.66090197781,0.04621753140447335,3.025813727842699,2607.9434836629684,High Value,New
2497,5,17.0,6445.795178974269,0.15166113170983597,3.1306069249950625,1289.159035794854,Low Value,VIP
2498,6,27.0,15367.972945203259,0.15036060272330415,3.3708720749367136,2561.3288242005433,High Value,Returning
2499,4,19.0,6665.04391362794,0.13592425634914515,3.1448262215704426,1666.260978406985,Low Value,New
2500,5,24.0,12086.254285096562,0.18972485393345026,2.307691152291027,2417.250857019312,High Value,Returning
2501,7,20.0,4664.907341530621,0.10961232617367456,3.054263172254919,666.4153345043744,Low Value,New
2502,2,12.0,2926.7767029322226,0.11643832810164499,3.2403159544101126,1463.3883514661113,Low Value,VIP
2503,6,21.0,6902.289485138869,0.14890483400841206,2.8551318890349253,1150.3815808564782,Regular,Returning
2504,10,43.0,15145.126877294355,0.18007647297625975,3.0971577639985592,1514.5126877294356,High Value,New
2505,5,24.0,9265.856728174982,0.2308728337802075,2.9583687745406584,1853.1713456349964,Regular,Returning
2506,6,25.0,3706.7759956418267,0.139147784858445,2.92880233452289,617.7959992736378,Low Value,Returning
2507,5,14.0,5529.814540557828,0.14259595244205286,3.2247278726860826,1105.9629081115656,Low Value,Returning
2508,6,24.0,9446.705375754613,0.12581359678468346,3.123738350875623,1574.4508959591021,Regular,New
2509,6,32.0,11485.039000967054,0.1261807998599377,3.459247108993131,1914.1731668278424,High Value,VIP
2510,1,2.0,72.0914020715142,0.0521931953465547,4.072805683664795,72.0914020715142,Low Value,New
2511,7,38.0,15564.562559107364,0.1904320320029893,3.5912751394535323,2223.508937015338,High Value,New
2512,5,14.0,3732.0620967711557,0.1706312968876958,3.7290057845063673,746.4124193542311,Low Value,Returning
2513,1,2.0,2005.930691142149,0.1904097078331066,4.4268842324835305,2005.930691142149,Low Value,New
2514,4,14.0,8960.172953578129,0.18709063838873774,3.015115367233692,2240.043238394532,Regular,New
2515,2,8.0,2166.158403762955,0.1055224672877117,3.5907330247190643,1083.0792018814775,Low Value,VIP
2516,8,36.0,9146.18983788107,0.11979361159707742,3.7941639716421394,1143.2737297351337,Regular,Returning
2517,4,14.0,1906.9015118608957,0.06784912747283442,3.271583817014907,476.7253779652239,Low Value,New
2518,6,25.0,6171.510913270968,0.12293286344124299,2.671724401242392,1028.585152211828,Low Value,New
2519,4,15.0,12992.527354717586,0.17369090885918273,1.6921249872209558,3248.1318386793964,High Value,New
2520,4,18.0,5461.983848218312,0.15980603946402339,3.3036865475036894,1365.495962054578,Low Value,Returning
2521,5,12.0,1753.9476906887553,0.13028706014573765,3.0219554308608183,350.78953813775104,Low Value,VIP
2522,7,24.0,8122.599102539903,0.15872144319454692,3.6717698315563547,1160.3713003628432,Regular,Returning
2523,6,16.0,6746.674870024479,0.11932787208953921,2.52772982671488,1124.4458116707465,Low Value,New
2524,6,26.0,7542.256580650242,0.18096824568503142,2.981185614363795,1257.042763441707,Regular,New
2525,5,20.0,10729.189131098075,0.165742523837443,3.5369447929971507,2145.837826219615,High Value,Returning
2526,7,28.0,11959.402285114928,0.14898703345857806,2.8392894667572945,1708.486040730704,High Value,Returning
2527,9,36.0,10220.680010705448,0.13523463927967158,2.979949539407931,1135.6311123006053,Regular,New
2528,4,15.0,2079.1586846496675,0.19801717633705002,3.8375057309748373,519.7896711624169,Low Value,Returning
2529,5,21.0,12626.186198544423,0.16713466125762588,2.76843181143315,2525.2372397088848,High Value,VIP
2530,6,21.0,5434.644559438853,0.1897733493087058,3.3960247901235747,905.7740932398088,Low Value,Returning
2531,3,16.0,8262.720865329493,0.23958156510279804,2.0758434993465675,2754.2402884431644,Regular,Returning
2532,6,25.0,8046.064487204806,0.1887399268402261,2.8705972399676427,1341.0107478674677,Regular,Returning
2533,4,12.0,7437.265665093569,0.0799695693878989,3.662819775128227,1859.3164162733922,Regular,Returning
2534,2,10.0,2225.5241271354334,0.0140063536755313,1.5082336863454557,1112.7620635677167,Low Value,VIP
2535,4,19.0,11030.70465617846,0.07777645900286935,2.9714293268564824,2757.676164044615,High Value,Returning
2536,4,15.0,2321.5694338271664,0.16232156015170707,3.44987107180423,580.3923584567916,Low Value,New
2537,4,11.0,1173.5477423472726,0.21170397213866876,2.7757140558371596,293.38693558681814,Low Value,New
2538,7,23.0,10146.35746814374,0.08960823080701759,3.099366102911638,1449.4796383062487,Regular,New
2539,5,20.0,7218.152024998497,0.1367205056412219,3.4865278624007336,1443.6304049996993,Regular,VIP
2540,3,19.0,8238.997341562923,0.0843755708797721,2.109299549819156,2746.332447187641,Regular,Returning
2541,7,29.0,6960.077469378834,0.1534219469146758,2.9978773752006167,994.2967813398335,Regular,New
2542,6,26.0,5854.348461624078,0.20059342476905084,3.6727159658720168,975.7247436040129,Low Value,New
2543,5,24.0,5171.392153669292,0.13318795979776055,2.6319390525459165,1034.2784307338584,Low Value,New
2544,7,33.0,8553.275020881712,0.14703191421215428,3.2642152174474526,1221.8964315545304,Regular,New
2545,4,17.0,3642.6552843269665,0.12795595736722842,3.3622760446508475,910.6638210817416,Low Value,New
2546,5,14.0,7206.992939964592,0.14422757295513403,3.147483153811117,1441.3985879929182,Regular,New
2547,5,26.0,17586.068400725475,0.11936367963957988,2.8526666780489216,3517.213680145095,High Value,Returning
2548,4,20.0,5087.0357770119335,0.17295112966981416,2.316423194533148,1271.7589442529834,Low Value,Returning
2549,7,30.0,6639.861954611444,0.11270192511241543,3.654097283341047,948.5517078016348,Low Value,New
2550,5,24.0,4914.768217998039,0.15135121737077825,3.489092118344614,982.9536435996079,Low Value,Returning
2551,4,18.0,3405.3468222903193,0.20358882230389305,2.9422566090069515,851.3367055725798,Low Value,New
2552,7,18.0,9127.313011069724,0.17938463925379147,3.4004216776435494,1303.9018587242463,Regular,New
2553,5,16.0,5030.2939676213155,0.1926981062586899,3.310322281228772,1006.0587935242631,Low Value,New
2554,11,36.0,7370.262438174756,0.14794812625670697,3.6017050453827695,670.023858015887,Regular,VIP
2555,3,11.0,3095.321547254673,0.0882797649928302,3.3191481362095807,1031.773849084891,Low Value,New
2556,5,19.0,3240.186219830393,0.1064174998556124,2.3539269120825823,648.0372439660786,Low Value,Returning
2557,6,22.0,5498.745726629593,0.1392629859878742,2.752064449748982,916.4576211049322,Low Value,New
2558,1,7.0,2161.553845129164,0.0351491628890709,4.450715637462189,2161.553845129164,Low Value,VIP
2559,3,9.0,2750.7758012931026,0.10828669390314523,2.5854827371502895,916.9252670977008,Low Value,New
2560,5,19.0,5166.376206505325,0.12920846241953274,1.8810462560270544,1033.275241301065,Low Value,New
2561,7,27.0,9701.002050526431,0.1582846946745617,2.7232967696770336,1385.8574357894902,Regular,New
2562,5,25.0,11719.590161755237,0.1315824554401692,2.391503409772473,2343.9180323510473,High Value,New
2563,2,11.0,1651.4107333162383,0.2488602690991367,4.266795197802734,825.7053666581191,Low Value,Returning
2564,5,15.0,5649.203913840744,0.17886870607112115,2.759108436593961,1129.8407827681488,Low Value,Returning
2565,9,43.0,22376.43575693577,0.26815874557321995,3.343087021169821,2486.27063965953,VIP,Returning
2566,4,20.0,7198.024828227184,0.18603948651279087,3.531089377465526,1799.506207056796,Regular,New
2567,3,13.0,6699.914157471009,0.12742549387042848,3.1388010429977053,2233.304719157003,Low Value,New
2568,8,38.0,6443.11671916982,0.1556189821010886,3.285260870318607,805.3895898962274,Low Value,Returning
2569,6,22.0,5705.017487139041,0.16688830623780174,2.3178900409794108,950.8362478565068,Low Value,Returning
2570,2,5.0,1342.7630057589272,0.19437316942701105,3.340494595581596,671.3815028794636,Low Value,New
2571,4,14.0,2297.9490593385644,0.155280290122629,1.8581839461002798,574.4872648346411,Low Value,New
2572,4,15.0,3600.788595866517,0.1967828557594066,2.7592832230021713,900.1971489666292,Low Value,Returning
2573,7,27.0,12106.180877881681,0.1448247322802219,3.396151100477741,1729.4544111259545,High Value,New
2574,10,39.0,25112.52570444854,0.12272409648615076,2.975639851737888,2511.252570444854,VIP,New
2575,7,27.0,8685.505204269226,0.11485027190331977,3.164619922861624,1240.7864577527466,Regular,Returning
2576,2,4.0,2241.0156444037602,0.1217865361003127,3.0010760382776778,1120.5078222018801,Low Value,Returning
2577,7,32.0,14950.911060980776,0.0978289744490256,2.824290162637209,2135.844437282968,High Value,VIP
2578,7,23.0,6344.800923212928,0.21983347910020684,3.1709551679553085,906.4001318875611,Low Value,New
2579,6,25.0,10537.521617419703,0.16388421062879485,2.9476714867187064,1756.2536029032838,High Value,Returning
2580,6,27.0,4439.793318186309,0.14316368849233937,3.3154358004017794,739.9655530310515,Low Value,New
2581,2,10.0,3339.7398212829016,0.15986637155440397,2.3965327855267686,1669.8699106414508,Low Value,Returning
2582,5,22.0,9712.320231079211,0.1541245350192671,3.8605221474593563,1942.4640462158422,Regular,New
2583,5,13.0,2850.356503602411,0.12640476091539735,2.9502086464614323,570.0713007204822,Low Value,New
2584,7,28.0,12776.54631902108,0.14167012307636406,2.6245792103761536,1825.2209027172971,High Value,New
2585,3,18.0,6957.4943741284105,0.27090955986061466,3.4961924398373374,2319.1647913761367,Regular,Returning
2586,8,31.0,10286.588503795949,0.14091325290786072,3.2534588988580317,1285.8235629744936,Regular,New
2587,3,14.0,7356.208210962779,0.17959893092481138,2.355024223497181,2452.0694036542595,Regular,Returning
2588,6,21.0,8062.384017549262,0.09369951251507742,2.9025226130196273,1343.7306695915438,Regular,Returning
2589,5,14.0,9540.205623634392,0.15122368500966787,2.0550545054926928,1908.0411247268785,Regular,VIP
2590,6,21.0,14464.303078926885,0.1538573013456207,2.685034985029825,2410.7171798211475,High Value,New
2591,6,17.0,3109.5184966659035,0.17160356524981557,3.080881728344782,518.2530827776505,Low Value,Returning
2592,4,19.0,10775.248955393377,0.17010279232508774,3.5653199256414383,2693.8122388483444,High Value,New
2593,8,29.0,16976.114846825447,0.15449629045910937,3.1627180116737055,2122.014355853181,High Value,New
2595,7,22.0,8993.414557829594,0.2218978024579215,2.871543361339039,1284.7735082613706,Regular,New
2596,4,15.0,11062.07640064472,0.14820256280329464,3.51763796441403,2765.51910016118,High Value,New
2597,8,33.0,9699.570343134115,0.18330122434105175,3.325939119723757,1212.4462928917644,Regular,Returning
2598,5,27.0,19890.083995062065,0.14684153231236977,2.781079008375106,3978.016799012413,High Value,Returning
2599,6,30.0,9890.48916417822,0.12085373247342734,3.8651487322152325,1648.41486069637,Regular,Returning
2600,4,21.0,6403.560558475337,0.20029276994582174,2.8300186240249356,1600.8901396188342,Low Value,New
2601,3,9.0,3677.581859363704,0.1585271546615914,3.5637388036949353,1225.8606197879014,Low Value,VIP
2602,6,21.0,9553.253189029001,0.08840684471194221,3.2736407659165745,1592.2088648381668,Regular,Returning
2603,7,29.0,9281.6272055781,0.12249961109947292,2.3636069587144597,1325.9467436540142,Regular,Returning
2604,10,44.0,11401.4627137766,0.14978860958498375,3.012855619357292,1140.14627137766,High Value,VIP
2605,6,31.0,9629.556357337053,0.10131053967812076,2.646593452614016,1604.9260595561755,Regular,New
2606,6,30.0,11193.559492429671,0.25779292310037266,3.527975434502681,1865.5932487382786,High Value,New
2607,1,6.0,6979.759405477878,0.0782036578212115,1.1718400932478317,6979.759405477878,Regular,New
2608,10,45.0,14919.02073912019,0.12977066937001727,3.0785028489905883,1491.902073912019,High Value,VIP
2609,3,7.0,340.2319774974576,0.2101671306968056,2.925056940445211,113.4106591658192,Low Value,Returning
2610,6,21.0,5709.65606588444,0.14283393322163232,1.8534832860288002,951.6093443140734,Low Value,New
2611,4,15.0,7558.624665996555,0.1113992999183428,1.984808393406515,1889.6561664991389,Regular,Returning
2612,2,7.0,798.9263342202039,0.1464848564091342,2.625435247457075,399.46316711010195,Low Value,Returning
2613,6,30.0,19346.75480825889,0.1376049439526074,2.7407058446434305,3224.4591347098153,High Value,New
2614,6,30.0,9379.801576732007,0.07728972122797033,2.6750797081706317,1563.3002627886679,Regular,Returning
2615,6,24.0,9163.69047516817,0.13869443151721456,2.6013996326051667,1527.2817458613617,Regular,New
2616,2,8.0,4463.023788503394,0.11724190553682559,4.118280209033652,2231.511894251697,Low Value,New
2617,3,12.0,5928.073807526788,0.08687349822379503,2.927280290207939,1976.0246025089293,Low Value,Returning
2618,1,5.0,2126.5075964310035,0.2301999708408407,4.998244040306698,2126.5075964310035,Low Value,Returning
2619,2,14.0,3002.784267860677,0.13952801454909675,2.080230773310589,1501.3921339303386,Low Value,Returning
2620,7,23.0,11282.94776805167,0.11641515789012531,2.728228352855407,1611.8496811502387,High Value,New
2621,5,24.0,11968.468707826054,0.145534001058022,3.1456226717438476,2393.693741565211,High Value,New
2622,4,18.0,14539.375778277701,0.09344851375164645,2.730386844689233,3634.8439445694253,High Value,Returning
2623,7,23.0,9850.316824142179,0.14225373017178575,3.4078483887451503,1407.188117734597,Regular,Returning
2624,2,4.0,2082.8942218111492,0.0476692695342074,2.9449953897730476,1041.4471109055746,Low Value,New
2625,5,19.0,2324.3820211117795,0.19905981254817567,3.6230875155993707,464.8764042223559,Low Value,Returning
2626,10,36.0,12435.695893453394,0.17922312396453047,2.392307430940968,1243.5695893453394,High Value,New
2627,3,13.0,5766.214303381182,0.0924756305476453,2.706903195682505,1922.071434460394,Low Value,Returning
2628,4,17.0,10548.002503947286,0.20119871132013956,2.867982017058907,2637.0006259868214,High Value,VIP
2629,4,12.0,3045.8762594253567,0.0916570495122522,3.503844663794767,761.4690648563392,Low Value,Returning
2630,10,39.0,12794.456294963938,0.14935056819160475,3.0939948644598583,1279.4456294963938,High Value,New
2631,5,22.0,4828.557784951068,0.17792112457961487,2.3278717398128843,965.7115569902137,Low Value,Returning
2632,6,20.0,6842.629668337875,0.20179397747898345,3.1180736833578284,1140.4382780563126,Low Value,New
2633,3,14.0,4067.296908230191,0.13977672392812926,1.417757117407924,1355.7656360767303,Low Value,New
2634,5,18.0,5202.94869817336,0.1193593033210669,3.359440578292195,1040.589739634672,Low Value,Returning
2635,4,17.0,4597.615592953954,0.13686527833018441,3.070508286353331,1149.4038982384884,Low Value,New
2636,9,36.0,13540.858929118318,0.16750013005515418,3.220380532760755,1504.5398810131464,High Value,New
2637,8,27.0,4506.359169966301,0.1376453289456712,3.6203451513667555,563.2948962457876,Low Value,Returning
2638,5,22.0,6313.531901739553,0.08503903540568244,3.134262253516765,1262.7063803479107,Low Value,Returning
2639,6,28.0,9221.916515828245,0.13208605843925955,3.4083925765468046,1536.9860859713742,Regular,Returning
2640,4,18.0,6697.475619286001,0.18039354575730585,2.604388408960565,1674.3689048215003,Low Value,Returning
2641,4,14.0,9558.269430851738,0.23658336401477276,3.3224965790294623,2389.5673577129346,Regular,VIP
2642,6,29.0,8375.539847944448,0.10343484871165091,3.7803384628821823,1395.9233079907415,Regular,VIP
2643,9,42.0,16193.574872604495,0.11330117877223679,2.3951507619328796,1799.286096956055,High Value,Returning
2644,4,17.0,5969.8262149931625,0.2145550136857048,3.099326977496671,1492.4565537482906,Low Value,Returning
2645,7,30.0,18502.871116088827,0.14221241024408396,2.8997461422853816,2643.267302298404,High Value,Returning
2646,7,26.0,10905.81706679915,0.1554903664535421,3.094466957963907,1557.973866685593,High Value,Returning
2647,6,29.0,6951.5989148539165,0.16806668235874034,2.8094738447295704,1158.5998191423193,Regular,New
2648,4,16.0,5605.859539814977,0.117161447470942,3.2259514205858144,1401.4648849537443,Low Value,VIP
2649,6,19.0,7907.283757220892,0.14342784856620036,2.3094588829218954,1317.880626203482,Regular,Returning
2650,6,26.0,6153.089363983695,0.1404756471710947,2.517936211751909,1025.5148939972826,Low Value,Returning
2652,4,17.0,9260.881391054669,0.1367227455779413,2.5526000574266785,2315.220347763667,Regular,Returning
2653,2,2.0,360.8347180939345,0.2403791699824321,2.9401537094492047,180.41735904696725,Low Value,New
2654,1,6.0,1490.9566471759665,0.1037957370993984,3.547452191990965,1490.9566471759665,Low Value,Returning
2655,6,25.0,11074.341778392607,0.1439374377436143,3.6792112881158574,1845.7236297321012,High Value,Returning
2656,2,14.0,1921.8204440123143,0.07856318663558474,3.6347568002965307,960.9102220061571,Low Value,Returning
2657,9,42.0,13630.04002891407,0.15949481871671228,3.1234545750873224,1514.4488921015634,High Value,Returning
2658,4,16.0,2811.2849157355035,0.18059362669169532,2.4204946135366248,702.8212289338759,Low Value,VIP
2659,7,31.0,12621.149658931552,0.1365021939669864,1.9195614616817434,1803.0213798473646,High Value,Returning
2660,5,14.0,6636.559271049122,0.20016723653797408,3.314020693585559,1327.3118542098243,Low Value,Returning
2661,8,30.0,3376.9439966178934,0.11825440609140225,2.450927101581893,422.1179995772367,Low Value,New
2662,3,19.0,5264.224279369239,0.22388578819872387,3.837076525373019,1754.7414264564131,Low Value,New
2663,1,1.0,67.14240869581275,0.0582597482854784,4.388377733064059,67.14240869581275,Low Value,New
2664,8,33.0,8309.772183967605,0.17124092571277308,3.6508339309046223,1038.7215229959506,Regular,Returning
2665,5,20.0,3977.849167209365,0.16335997883813844,3.289280373575244,795.569833441873,Low Value,Returning
2666,2,11.0,1753.5768876458255,0.17732146275490834,2.7621153375204486,876.7884438229128,Low Value,Returning
2667,4,16.0,2799.7444423793004,0.12501613812399315,3.4959329165595183,699.9361105948251,Low Value,New
2668,4,16.0,3422.669188835577,0.07602553571521234,3.9040709191101213,855.6672972088943,Low Value,Returning
2669,5,26.0,7019.444561405331,0.10181533014594557,3.0156751148640657,1403.8889122810663,Regular,New
2670,4,13.0,2886.8680252775425,0.18009643749780796,3.9701219586663385,721.7170063193856,Low Value,Returning
2671,3,16.0,1407.0185042606838,0.1781201342099925,2.564944221976791,469.0061680868946,Low Value,New
2672,4,19.0,8577.96586540274,0.1860778470486651,3.096099042047232,2144.491466350685,Regular,New
2673,4,19.0,11145.420300163718,0.2157540353156676,3.6965053978644127,2786.3550750409295,High Value,Returning
2674,8,33.0,12534.158250300397,0.17235380805985498,3.176386547867228,1566.7697812875497,High Value,Returning
2675,4,14.0,8642.360821828242,0.18681360310011064,3.529162459979414,2160.5902054570606,Regular,Returning
2676,6,29.0,21470.113699510148,0.13992159330205745,2.594085709568428,3578.3522832516915,VIP,New
2677,9,40.0,23140.486388695903,0.15692450145287457,2.4614533044746874,2571.1651542995446,VIP,Returning
2678,9,31.0,11735.684797454376,0.14275011257695638,2.7293141206463707,1303.9649774949307,High Value,Returning
2679,4,7.0,1777.878202449565,0.13871998382942696,2.6578259675658384,444.46955061239123,Low Value,New
2680,5,24.0,9061.557920490846,0.13890434707096871,2.9863416636447875,1812.3115840981693,Regular,New
2681,5,26.0,16879.281187844615,0.11236301218636398,2.8137660701845384,3375.856237568923,High Value,VIP
2682,9,52.0,30339.16506405828,0.19208711208648033,2.966992002585191,3371.0183404509203,VIP,New
2683,7,26.0,13660.275420859181,0.1976376729489135,3.352362218793717,1951.4679172655974,High Value,Returning
2684,4,17.0,5876.880969829271,0.12826513046431598,2.960393235355403,1469.2202424573177,Low Value,New
2685,2,7.0,686.4270483457817,0.12858179562130145,3.2089796017409444,343.21352417289086,Low Value,New
2686,5,24.0,9010.651720783659,0.2228192864277664,2.7565044263919,1802.1303441567318,Regular,New
2687,6,23.0,11216.115612003263,0.16284694538719952,2.2085091108560673,1869.3526020005438,High Value,New
2688,8,34.0,4234.820302527838,0.13027727834620045,2.91431630576702,529.3525378159798,Low Value,New
2689,2,5.0,2100.8156186271062,0.19651628453404563,2.3733888992639907,1050.4078093135531,Low Value,Returning
2690,5,18.0,5157.147896507699,0.21817149920605555,3.0144016320916593,1031.42957930154,Low Value,Returning
2691,4,20.0,3617.006883824307,0.13701313170250015,3.0879400310337166,904.2517209560767,Low Value,New
2692,3,13.0,6523.891332568949,0.07306887113998854,3.507327272155464,2174.6304441896496,Low Value,Returning
2693,4,21.0,6645.3802589549905,0.07515360836414083,3.4431401962522887,1661.3450647387476,Low Value,Returning
2694,6,29.0,3791.4092947318013,0.17676878180368283,2.718098395428411,631.9015491219669,Low Value,Returning
2695,4,17.0,1359.4564695792706,0.19375316872233425,2.2436454764527745,339.86411739481764,Low Value,Returning
2696,7,33.0,12660.459463350404,0.11468407690119849,2.675599710148,1808.6370661929147,High Value,New
2697,2,9.0,3013.3014378358,0.5515161711920851,3.987561213427478,1506.6507189179,Low Value,New
2698,2,7.0,3308.2462203458404,0.05029566832959805,1.44696720223752,1654.1231101729202,Low Value,Returning
2699,8,33.0,9312.003874578715,0.1489206976776424,2.8469890463013505,1164.0004843223394,Regular,New
2700,4,11.0,2771.0318866981424,0.12730409146627045,2.8436793406253056,692.7579716745356,Low Value,Returning
2701,4,22.0,12861.847334232949,0.12368569183520743,2.9510606007045315,3215.4618335582372,High Value,Returning
2702,5,28.0,10041.589484478674,0.17007621382463875,2.637561817156877,2008.317896895735,Regular,New
2703,5,21.0,2017.9231986849718,0.16388481105499111,2.622470336214082,403.58463973699435,Low Value,New
2704,4,15.0,1591.289767031626,0.13886854263934392,3.9525026896489894,397.8224417579065,Low Value,Returning
2705,4,13.0,5157.189760649241,0.16193601810015862,2.5776942975864947,1289.2974401623103,Low Value,New
2706,6,13.0,1830.0710554604912,0.15306481305215217,2.8212930616089475,305.0118425767485,Low Value,VIP
2707,5,14.0,9402.765003501738,0.13348596473980043,2.4889339226206597,1880.5530007003476,Regular,VIP
2708,2,13.0,12283.632449130597,0.12838185116273323,2.3738959994056135,6141.816224565298,High Value,New
2709,6,27.0,8157.339668685909,0.187292392599804,2.41011804162835,1359.5566114476514,Regular,VIP
2710,3,14.0,6785.900434211313,0.13250846859406473,4.407541575292981,2261.966811403771,Low Value,Returning
2711,8,31.0,11434.316718638898,0.14300071726759772,2.3678819387859837,1429.2895898298623,High Value,VIP
2712,9,28.0,15483.067727260535,0.1174058635372474,2.92107165942304,1720.3408585845038,High Value,New
2713,4,19.0,8210.417067975406,0.19265969380349224,2.815302711580976,2052.6042669938515,Regular,VIP
2714,1,3.0,2650.7583077552304,0.2570859292896615,1.0810906219503975,2650.7583077552304,Low Value,Returning
2715,4,15.0,9940.218160810073,0.13257788209692747,3.0181991376830775,2485.054540202518,Regular,New
2716,7,35.0,14943.636211129573,0.18509741576445168,2.6664192894988625,2134.8051730185102,High Value,Returning
2717,8,35.0,20766.57065169931,0.12973328896655986,2.626890847327383,2595.8213314624136,VIP,New
2718,6,32.0,11059.950794355205,0.1209821023576384,2.9308044810216862,1843.3251323925342,High Value,New
2719,3,11.0,2007.138142295026,0.12945073930529,2.3348617931066484,669.0460474316753,Low Value,Returning
2720,5,20.0,8633.310321970857,0.14775422981003222,3.4622158528063003,1726.6620643941715,Regular,New
2721,1,1.0,63.046993137634864,0.191110696885757,1.67547377617349,63.046993137634864,Low Value,New
2722,5,24.0,7771.953823632515,0.07378235819421428,4.106605765426783,1554.390764726503,Regular,New
2723,5,16.0,10251.919471628482,0.13733005335231313,2.217516466111186,2050.3838943256965,Regular,Returning
2724,7,26.0,15514.236088765285,0.15471491835395193,2.878012540636324,2216.3194412521834,High Value,Returning
2725,9,27.0,11077.825045352127,0.16907178951884286,2.7077677602096575,1230.8694494835697,High Value,VIP
2726,7,33.0,20309.260240851992,0.1984541206537524,2.364020561509545,2901.3228915502846,High Value,VIP
2727,3,9.0,440.43625777327975,0.17816678266989297,2.5803244461812844,146.81208592442658,Low Value,Returning
2728,4,15.0,4863.170446246527,0.13313669291008462,3.657988105163824,1215.7926115616317,Low Value,New
2729,4,17.0,7691.399528190551,0.11805215480167715,2.333802283901012,1922.8498820476377,Regular,Returning
2730,5,23.0,9847.710497949125,0.20185301492708815,2.595727483726321,1969.542099589825,Regular,Returning
2732,6,25.0,5486.916939640849,0.1257088634449623,3.2455801414025456,914.4861566068081,Low Value,New
2733,3,13.0,3993.4072451556704,0.11248364490736762,1.5768866182389136,1331.1357483852235,Low Value,New
2734,7,24.0,7434.525615939138,0.1669306758153834,3.9875488516019977,1062.0750879913055,Regular,Returning
2735,5,26.0,7838.332807258666,0.16310351122636216,3.7511140475182883,1567.6665614517333,Regular,VIP
2736,4,21.0,3703.8494849945196,0.17534753905758022,2.583159454024609,925.9623712486299,Low Value,Returning
2737,6,26.0,2390.9011682602672,0.11495977635292826,2.635534885366977,398.4835280433779,Low Value,New
2738,3,15.0,3137.982864389053,0.18128753596513458,3.149916197229883,1045.9942881296843,Low Value,Returning
2739,4,18.0,12811.798090368815,0.1724321786243148,3.479372282668974,3202.9495225922037,High Value,New
2740,2,4.0,2492.6557412749003,0.05670207991119785,2.6841136743394385,1246.3278706374501,Low Value,Returning
2741,1,3.0,3114.830410546284,0.0303574279109855,4.565057905582973,3114.830410546284,Low Value,New
2742,6,26.0,11952.243547752507,0.09458306278685331,3.8127985687268975,1992.0405912920844,High Value,New
2743,4,12.0,1558.0534790782374,0.19723472516698204,2.5273646022886522,389.51336976955935,Low Value,Returning
2744,5,23.0,2271.6046080687865,0.15551601020759648,3.4031528807377844,454.3209216137573,Low Value,Returning
2745,2,2.0,1868.6742117502663,0.1262251818568369,4.731694310129979,934.3371058751331,Low Value,New
2746,5,26.0,9181.283892195543,0.12156621160132801,2.130756918862471,1836.2567784391085,Regular,Returning
2747,4,20.0,5306.610259221303,0.17050761374253262,1.992969677267117,1326.6525648053257,Low Value,New
2748,1,4.0,467.7216296797798,0.1518564840435281,2.695262145185265,467.7216296797798,Low Value,New
2749,4,16.0,4925.152930328236,0.14497799204149076,2.850224373518397,1231.288232582059,Low Value,Returning
2750,9,32.0,10292.776945108018,0.175096945273444,2.6015853430011506,1143.6418827897799,Regular,Returning
2751,5,19.0,11588.435524321536,0.22522031762783418,3.3359760596550245,2317.687104864307,High Value,Returning
2752,7,30.0,11835.24870986866,0.16892514556609112,2.783463993925903,1690.7498156955228,High Value,VIP
2753,2,12.0,4711.711013841864,0.1640058419917128,2.9415659735601962,2355.855506920932,Low Value,New
2754,7,34.0,12055.064053942779,0.13209584136345315,3.3607139667692585,1722.1520077061111,High Value,New
2755,5,16.0,2944.909698296916,0.14712807696166427,3.0809516103175127,588.9819396593832,Low Value,Returning
2756,7,25.0,11189.487569487781,0.1617676929928198,2.3082714171950482,1598.4982242125402,High Value,Returning
2757,4,15.0,3784.1054716306858,0.14566602198836878,2.7514767786317975,946.0263679076714,Low Value,Returning
2758,8,31.0,16264.762469494832,0.1438885172302012,3.3118906755945376,2033.095308686854,High Value,New
2759,6,21.0,8932.71963867029,0.10236832526872407,2.2773338497536972,1488.7866064450484,Regular,Returning
2760,8,37.0,16902.933260168156,0.14020693964869704,2.4261727575225427,2112.8666575210195,High Value,VIP
2761,3,11.0,5945.071411054717,0.13828444396778075,3.139139240507138,1981.6904703515722,Low Value,New
2762,2,9.0,5493.341555055368,0.2714536772416784,2.5993670004405773,2746.670777527684,Low Value,Returning
2763,3,16.0,2864.261254009032,0.13562330865937391,2.0992776658249817,954.7537513363441,Low Value,Returning
2764,4,14.0,1826.8939915265692,0.12340413731981417,3.1594312581433313,456.7234978816423,Low Value,New
2765,7,17.0,5090.294930286944,0.12313829478512885,3.1746903446422237,727.1849900409919,Low Value,New
2766,2,7.0,1887.1932758855069,0.1436676271338393,4.734976848849611,943.5966379427534,Low Value,New
2767,1,6.0,202.63202527975815,0.1061290245043886,1.2437432576295009,202.63202527975815,Low Value,Returning
2768,3,16.0,8184.963567684532,0.18227179750397735,2.5306322884640444,2728.3211892281774,Regular,Returning
2769,4,12.0,4006.438021878113,0.21482029446664688,3.4782367832033643,1001.6095054695282,Low Value,Returning
2770,2,7.0,2325.1767159098226,0.17105057126260081,2.9216105809236366,1162.5883579549113,Low Value,VIP
2771,2,5.0,2692.3964617756924,0.13105283590707165,4.200878829065559,1346.1982308878462,Low Value,Returning
2772,5,17.0,9926.938511235981,0.1950081293131747,2.8633230292476526,1985.3877022471963,Regular,VIP
2773,10,44.0,15533.134568493879,0.17136328510738755,3.157802307812091,1553.3134568493879,High Value,VIP
2774,7,31.0,15844.63472302542,0.20851713256011908,3.8067561606699285,2263.5192461464885,High Value,New
2775,5,22.0,6089.242744192331,0.1533839309490405,2.3824196903662647,1217.8485488384663,Low Value,New
2776,4,14.0,3210.065594667254,0.1175256212165305,3.165485316981851,802.5163986668135,Low Value,New
2777,5,18.0,5112.116994445507,0.16623473547038645,3.2667902977328347,1022.4233988891013,Low Value,New
2778,10,39.0,11117.744968176783,0.1627974565343463,2.0125628902223363,1111.7744968176783,High Value,Returning
2779,5,18.0,4964.3221926701835,0.12703903264504746,1.6496759544802586,992.8644385340367,Low Value,Returning
2780,7,31.0,15585.828091630809,0.15612287157207044,3.4548013377813596,2226.5468702329727,High Value,Returning
2781,6,19.0,2835.1821798872197,0.14768776767228461,2.628046471683938,472.5303633145366,Low Value,New
2782,8,30.0,11533.759179942435,0.1451431247715782,3.012009256144997,1441.7198974928044,High Value,Returning
2783,5,20.0,14251.238964693166,0.17678856365262055,3.7357828496612555,2850.247792938633,High Value,New
2784,2,6.0,923.0521828450611,0.1732035521000465,1.8043380295097493,461.52609142253056,Low Value,New
2785,3,18.0,3874.358541971495,0.17537216518561363,3.5772289560569455,1291.4528473238317,Low Value,Returning
2786,3,7.0,2125.3298112954676,0.21655961165957205,2.941847428588769,708.4432704318225,Low Value,VIP
2787,6,24.0,12249.292675556855,0.1342688265536669,3.3736149106044073,2041.5487792594759,High Value,New
2788,6,11.0,3316.704215548426,0.12457887918332124,2.6832610865702313,552.7840359247376,Low Value,Returning
2789,3,9.0,1987.7230995899765,0.15774240284990373,2.2601724300067296,662.5743665299922,Low Value,New
2790,6,29.0,13719.686806918397,0.2272412096664519,3.055050855236265,2286.614467819733,High Value,New
2791,7,25.0,11207.495711548578,0.15565369311553473,2.9835659348066303,1601.070815935511,High Value,Returning
2792,4,15.0,7205.166839993721,0.12440048707293194,3.834819901965553,1801.2917099984302,Regular,New
2793,7,32.0,8657.401790963704,0.16264021328126607,3.1106580923643565,1236.7716844233862,Regular,VIP
2794,5,17.0,5864.305225790806,0.09477930672398453,3.04793425870105,1172.8610451581612,Low Value,VIP
2795,5,22.0,9662.433619946754,0.09039290991214653,2.6594846055993444,1932.4867239893508,Regular,Returning
2796,4,16.0,4311.230441305988,0.13862658688924737,3.616747904947794,1077.807610326497,Low Value,New
2797,4,16.0,8300.598649049674,0.0617987618734719,2.792985949404628,2075.1496622624186,Regular,New
2798,3,13.0,4764.207010405515,0.09996730231081834,3.061072832343637,1588.069003468505,Low Value,New
2799,5,23.0,7286.910027658821,0.19308409217604788,2.3071053695617345,1457.3820055317642,Regular,New
2800,8,33.0,4403.60926245691,0.10684713632546562,3.405757950603594,550.4511578071138,Low Value,New
2801,4,14.0,1565.9559212814759,0.17312751912858432,3.293624113897752,391.48898032036897,Low Value,New
2802,6,24.0,12999.557302347854,0.13706985768061028,3.3060514423918903,2166.5928837246424,High Value,Returning
2803,5,16.0,2510.7198866646395,0.10571202704128198,3.451372865763421,502.1439773329279,Low Value,Returning
2804,2,10.0,909.4344997866345,0.09151112506318575,2.5654122848037955,454.7172498933173,Low Value,Returning
2805,3,12.0,1378.397051327319,0.15403493095141133,2.2573121903302593,459.465683775773,Low Value,New
2806,4,20.0,4583.231659905887,0.13114481633383052,2.8444985484558676,1145.8079149764717,Low Value,Returning
2807,8,35.0,11465.134123241285,0.09118886204673529,2.7458782369939656,1433.1417654051606,High Value,New
2809,6,20.0,8346.232107611379,0.13649919056608437,2.91814308529518,1391.0386846018964,Regular,Returning
2810,3,11.0,5564.072838956291,0.18190501745944584,3.6630300595165894,1854.6909463187637,Low Value,New
2811,11,38.0,8069.912762681668,0.24169978748382243,2.6321626673731835,733.6284329710608,Regular,New
2812,6,26.0,9395.885259037284,0.11479428203999516,3.142141722146763,1565.9808765062141,Regular,VIP
2813,3,12.0,10460.531113355071,0.13241503149392128,2.85757578971428,3486.8437044516904,High Value,New
2814,4,17.0,13001.392811817477,0.1497606728956793,3.5472369425454353,3250.3482029543693,High Value,New
2815,6,34.0,12978.042264194464,0.18755653251057003,3.320662696473725,2163.0070440324107,High Value,Returning
2816,4,20.0,17021.895013287867,0.13037116158832018,3.6383792475791368,4255.473753321967,High Value,Returning
2817,6,29.0,15566.69232353658,0.17334868651226634,3.0867863117964407,2594.4487205894297,High Value,New
2818,6,20.0,5165.4201114534535,0.17366425696595297,3.494323576147856,860.9033519089089,Low Value,Returning
2819,4,20.0,7898.209701673542,0.20146425620190497,2.0281635395754827,1974.5524254183856,Regular,New
2820,4,20.0,8179.024339967238,0.15921309483191237,3.996399399501047,2044.7560849918095,Regular,New
2821,3,12.0,1442.023557243035,0.13679741744601212,2.7767595743492137,480.6745190810116,Low Value,Returning
2822,6,16.0,5099.508787594202,0.10799935723560657,2.0356545945084528,849.9181312657003,Low Value,New
2823,6,34.0,11433.107066668505,0.1912351814141566,3.363537801399975,1905.5178444447508,High Value,Returning
2824,8,28.0,11277.247305025987,0.1089656099981401,4.025541430900439,1409.6559131282484,High Value,Returning
2825,6,24.0,8659.37773862461,0.16022125080554017,3.2959108313006555,1443.2296231041016,Regular,Returning
2826,4,20.0,4515.094739435346,0.19196976455130454,3.6358895980560355,1128.7736848588365,Low Value,Returning
2827,4,23.0,8258.941718223134,0.20018052158135236,3.485911387163709,2064.7354295557834,Regular,New
2828,6,20.0,11002.516962956819,0.14299461298822358,2.7186465640804367,1833.75282715947,High Value,New
2829,6,15.0,7394.048745784812,0.1794768032743179,3.5619968034960485,1232.341457630802,Regular,VIP
2830,4,19.0,15554.475469900171,0.062429873847448046,2.458502213518205,3888.618867475043,High Value,Returning
2831,4,15.0,4402.79330065071,0.1190115063038972,2.597937327709598,1100.6983251626775,Low Value,New
2832,4,15.0,2328.496143963037,0.20533129373882503,2.928716403053719,582.1240359907592,Low Value,New
2833,4,12.0,4693.548532151691,0.1669628436418541,3.1349109923890217,1173.3871330379227,Low Value,Returning
2834,4,23.0,3929.363937455001,0.1480375029272219,2.8790218733400548,982.3409843637503,Low Value,Returning
2835,6,27.0,14825.783831143497,0.1196156409067674,3.5451768335407063,2470.9639718572494,High Value,New
2836,3,7.0,2830.991976964426,0.1257725966340141,3.0016044725397344,943.6639923214753,Low Value,Returning
2837,5,22.0,12470.85536167338,0.2230111052818587,2.7370964396507804,2494.171072334676,High Value,New
2838,2,10.0,5021.01835335139,0.13958027823326424,3.5361884899083718,2510.509176675695,Low Value,Returning
2839,5,15.0,4936.9654960885,0.17487040107006674,3.8753813931409353,987.3930992177,Low Value,Returning
2840,6,27.0,9557.533315421244,0.16369390448312873,3.0117394507558344,1592.922219236874,Regular,Returning
2841,4,13.0,6547.650354368226,0.1319003784331478,2.8485091035543544,1636.9125885920564,Low Value,New
2842,5,21.0,11111.62222611624,0.1923633264846912,3.2248902881362462,2222.324445223248,High Value,Returning
2843,6,25.0,3229.0857590041487,0.13263679014038027,3.020389299698915,538.1809598340247,Low Value,New
2844,4,16.0,6963.046866622868,0.1653475178885415,3.7223944378037532,1740.761716655717,Regular,New
2845,3,15.0,1495.8045674845418,0.21281960191608662,3.2282164290528566,498.6015224948473,Low Value,New
2846,5,21.0,13371.97028491431,0.10935461980706862,2.812978670768274,2674.394056982862,High Value,VIP
2847,3,14.0,6632.702077485377,0.16343388879198406,3.1455429847540906,2210.900692495126,Low Value,VIP
2848,6,28.0,11170.150991904866,0.23241907230126488,2.9900870892078473,1861.6918319841443,High Value,New
2849,11,53.0,27490.75007469634,0.12163903478923777,3.2745458016082707,2499.159097699667,VIP,New
2850,4,18.0,5065.442511493098,0.1440521249317778,3.656664208845438,1266.3606278732746,Low Value,New
2851,5,26.0,13778.327976863056,0.17808876053463824,3.403274589189747,2755.6655953726113,High Value,New
2852,10,40.0,12631.355415731872,0.2096334890502348,3.362235525484948,1263.1355415731873,High Value,Returning
2853,2,9.0,1882.6487817256036,0.16173531192343385,1.6635965561239219,941.3243908628018,Low Value,New
2854,5,20.0,7475.245884438817,0.11119388741624084,4.103379306622054,1495.0491768877632,Regular,Returning
2855,8,31.0,3834.414267307897,0.16251857870597922,2.9643953332395307,479.3017834134871,Low Value,Returning
2856,11,37.0,17328.57637046808,0.13198651469657696,2.8933385722326586,1575.3251245880072,High Value,Returning
2857,6,26.0,11011.558750113585,0.1930270982836102,2.9657348554035567,1835.2597916855975,High Value,New
2858,8,36.0,13515.908871330326,0.14946165337988512,3.8549998591199657,1689.4886089162908,High Value,New
2859,3,11.0,6080.995868597535,0.18347228342907398,2.604979749648404,2026.9986228658452,Low Value,VIP
2860,4,17.0,7608.172815675265,0.137453195731453,2.346793877922602,1902.0432039188163,Regular,Returning
2861,7,40.0,11993.831415546938,0.16599496664744465,3.7422489307491835,1713.4044879352768,High Value,Returning
2862,4,21.0,8223.029148057074,0.12366850043710151,2.6663305578321568,2055.7572870142685,Regular,Returning
2863,2,9.0,1495.2646148584404,0.08730963993989255,1.848065184019662,747.6323074292202,Low Value,New
2864,7,25.0,12221.911058040952,0.10552120116615872,3.06447036216484,1745.9872940058503,High Value,Returning
2865,1,7.0,1582.5835199312924,0.2746018986871015,2.8516926184904765,1582.5835199312924,Low Value,New
2866,7,23.0,7995.452513955984,0.13910517073650083,3.6893192557971966,1142.207501993712,Regular,Returning
2867,7,35.0,15397.933157017755,0.1778700506912534,3.555903222416951,2199.704736716822,High Value,Returning
2868,1,7.0,4142.008035169751,0.2773555675400485,1.380621139006637,4142.008035169751,Low Value,Returning
2869,9,29.0,8204.620289972443,0.1442473007618608,2.663353944519092,911.6244766636048,Regular,New
2870,6,24.0,14275.000649441512,0.2019987579916116,3.4209555805275413,2379.166774906919,High Value,New
2871,4,13.0,2459.832797371451,0.12915204553845866,3.3967115941709936,614.9581993428627,Low Value,Returning
2872,4,16.0,6536.949118623506,0.14059347983430584,2.8310707716577794,1634.2372796558766,Low Value,Returning
2873,9,35.0,15194.605478619042,0.1512775506570239,2.6982612927664587,1688.2894976243379,High Value,New
2874,6,28.0,5583.386653670052,0.17861869370376518,2.6901757999932627,930.564442278342,Low Value,New
2875,4,20.0,5251.466998956688,0.21824044533802509,2.8510325449550065,1312.866749739172,Low Value,New
2876,8,28.0,9719.031596689558,0.15698876583407761,2.793728875802698,1214.8789495861947,Regular,New
2877,6,26.0,9082.994104552525,0.1715552146443302,2.879405680978436,1513.832350758754,Regular,Returning
2878,4,17.0,8888.074087025518,0.07505721947399008,1.955244192160121,2222.0185217563794,Regular,Returning
2879,9,48.0,15423.957873916119,0.18049914780838575,3.1052098014327965,1713.7730971017909,High Value,New
2880,4,15.0,3461.3721078422313,0.19033030551358063,3.0485561956299034,865.3430269605578,Low Value,New
2881,5,24.0,8696.909614912776,0.17421584453144098,3.840467433338607,1739.3819229825554,Regular,Returning
2882,10,35.0,7908.737766878579,0.11613093742622253,2.7555224806400114,790.8737766878579,Regular,Returning
2883,5,22.0,7660.793911972807,0.17073668707043205,3.2455756951846935,1532.1587823945615,Regular,Returning
2884,4,16.0,8703.39764988334,0.21108243211958466,3.7286614110097216,2175.849412470835,Regular,VIP
2885,7,27.0,11298.880760078817,0.15830602168765132,2.605375937728408,1614.1258228684023,High Value,Returning
2886,5,19.0,9865.373705558437,0.19198842161769894,3.028995964959523,1973.0747411116874,Regular,Returning
2887,5,27.0,13755.10510179002,0.11297967735295181,3.4497086789474785,2751.021020358004,High Value,New
2888,5,29.0,11505.718090362221,0.14912441429939188,3.603611836657,2301.143618072444,High Value,New
2889,5,21.0,7750.077767616957,0.15639203772266336,4.348810757732578,1550.0155535233914,Regular,Returning
2890,4,19.0,13655.381601451758,0.0801798860449795,3.1476703354844036,3413.8454003629395,High Value,Returning
2891,7,32.0,9106.90368761003,0.21835011925982023,3.1770400146204665,1300.9862410871472,Regular,Returning
2892,5,16.0,5138.0112564871915,0.10559161391233932,2.282336565100859,1027.6022512974382,Low Value,Returning
2893,9,38.0,27572.902269444185,0.13301488951676724,3.1832524271188567,3063.6558077160207,VIP,New
2894,9,34.0,12475.548923074393,0.13498420596445632,3.632421004000934,1386.1721025638215,High Value,Returning
2895,6,25.0,4911.001971159536,0.171375017378412,2.7420412712314657,818.5003285265893,Low Value,New
2896,6,26.0,10831.046777625223,0.2170384655300578,2.409655030128547,1805.174462937537,High Value,New
2897,5,28.0,10467.870077526968,0.11362512490171017,3.126265945411505,2093.5740155053936,High Value,Returning
2898,3,13.0,12374.301928540823,0.1676577182547849,4.5276962025804535,4124.767309513608,High Value,Returning
2899,2,12.0,9166.289351197798,0.2264121202249046,2.512946672856466,4583.144675598899,Regular,New
2900,3,13.0,3859.038565558243,0.0815920310885875,2.2338683019973096,1286.3461885194145,Low Value,New
2901,5,24.0,4363.866827459831,0.10094681963219347,2.3653982103940594,872.7733654919663,Low Value,New
2902,7,29.0,10989.42797733539,0.1840418991455753,2.381851394547675,1569.9182824764844,High Value,Returning
2903,3,13.0,2823.5804553561347,0.11743235841323563,2.7312210147688862,941.1934851187116,Low Value,New
2904,7,27.0,13172.629674485706,0.18598254278526025,2.9162824598005437,1881.8042392122438,High Value,New
2905,5,20.0,7727.413903509088,0.15613213573436555,3.2222532746260235,1545.4827807018178,Regular,New
2906,3,8.0,1676.6574080499877,0.04088822629970747,1.7599725326756264,558.8858026833292,Low Value,Returning
2907,6,20.0,5427.347696068886,0.12222864439566601,2.8373193336945097,904.5579493448143,Low Value,Returning
2908,9,30.0,8703.18160651721,0.13801343955833506,3.0415410524069464,967.0201785019121,Regular,Returning
2909,6,24.0,10465.276778322332,0.19774779187254699,3.389723766862978,1744.2127963870553,High Value,New
2910,6,24.0,3954.414637113533,0.1969432619578628,2.1565714650224375,659.0691061855888,Low Value,New
2911,6,28.0,8125.633755689115,0.19624815554930541,2.390949472216007,1354.2722926148524,Regular,Returning
2912,5,18.0,3702.6621672475194,0.12395284591029236,2.6449381864928947,740.5324334495039,Low Value,VIP
2913,4,17.0,8255.240802132668,0.12501569676873542,2.4968995485293224,2063.810200533167,Regular,New
2914,9,44.0,24103.428178232418,0.18580467540938528,3.669603382604926,2678.1586864702685,VIP,Returning
2915,11,43.0,16225.50293757759,0.1830642948482052,2.955874692959742,1475.0457215979627,High Value,New
2916,5,16.0,2860.0267190195555,0.2208199649176179,2.8828860794357754,572.005343803911,Low Value,Returning
2917,2,8.0,1678.8238558462879,0.19057618372695,2.3775918796789144,839.4119279231439,Low Value,Returning
2918,3,14.0,2397.2396459656534,0.11477499316243338,3.7011439311519094,799.0798819885512,Low Value,Returning
2919,3,7.0,5123.22158682383,0.1495371596269978,2.493050665063643,1707.7405289412766,Low Value,Returning
2920,5,21.0,9264.04432455317,0.1260593020790677,3.16721818034772,1852.808864910634,Regular,Returning
2921,6,23.0,11740.867756602722,0.1567794689206258,3.1989559081818673,1956.8112927671202,High Value,New
2922,2,6.0,6814.173267868014,0.03429616969583295,2.1170579271866323,3407.086633934007,Low Value,New
2923,5,20.0,4634.091641561359,0.07018921975985726,4.05324092241338,926.8183283122719,Low Value,New
2924,7,22.0,9621.730473493772,0.13939859836103763,2.2971483628765297,1374.5329247848244,Regular,Returning
2925,5,18.0,7462.496679054144,0.17022635682703094,2.919833380899392,1492.4993358108288,Regular,Returning
2926,5,18.0,10078.51481990299,0.11551125991613946,3.3594243574655875,2015.702963980598,Regular,VIP
2927,4,12.0,3377.8121617402994,0.11264803933360651,4.056033483958235,844.4530404350749,Low Value,New
2928,3,14.0,4891.62269766688,0.0836350714659263,2.163961104510151,1630.5408992222935,Low Value,Returning
2929,3,7.0,1976.9762043408716,0.19035593807319243,2.866051362629212,658.9920681136239,Low Value,New
2930,3,13.0,6310.750961719386,0.1320237604087199,3.478021692835796,2103.583653906462,Low Value,New
2931,6,18.0,5989.7196833782555,0.0918295996747257,2.9220936910473374,998.2866138963759,Low Value,Returning
2932,5,12.0,5892.256458351689,0.1757752406789836,4.182953932255822,1178.4512916703377,Low Value,Returning
2933,10,35.0,6001.146347306289,0.14557510902138981,3.6838450341562585,600.1146347306288,Low Value,New
2934,1,3.0,1943.9192152278677,0.1001881551485885,3.751818034409884,1943.9192152278677,Low Value,New
2935,4,18.0,5250.381328231633,0.16475048138968232,3.1677658499410275,1312.5953320579083,Low Value,Returning
2936,5,16.0,7398.378935444339,0.13562446728932204,3.1382601860874098,1479.6757870888678,Regular,Returning
2937,6,18.0,8343.193116065775,0.13913512659041488,3.4547731380898585,1390.5321860109625,Regular,New
2938,6,25.0,7979.518619410474,0.22096504813981654,3.2017577895815084,1329.9197699017457,Regular,New
2939,8,39.0,16678.414069869148,0.16941236136470122,2.564384197816356,2084.8017587336435,High Value,New
2940,9,39.0,12615.132093764258,0.16247019243567035,2.1274671271636656,1401.681343751584,High Value,New
2941,4,10.0,2018.4873011689072,0.15653281757981535,2.634995753873883,504.6218252922268,Low Value,VIP
2942,2,5.0,3039.20354430275,0.2521713937192052,1.3811548463591388,1519.601772151375,Low Value,New
2943,9,30.0,14422.30585766011,0.11223181137763093,4.023101160263618,1602.4784286289012,High Value,New
2944,8,40.0,12167.12729357391,0.15305723570878776,2.139205840872596,1520.8909116967388,High Value,Returning
2945,6,15.0,7496.546276026014,0.19069654780272663,2.9033337721121026,1249.424379337669,Regular,New
2946,4,19.0,10785.164557180311,0.20311658902698332,3.5800115361689615,2696.2911392950778,High Value,New
2947,6,25.0,2471.5803388398444,0.22202632158729,3.638262045253945,411.9300564733074,Low Value,New
2948,7,39.0,18567.06931532617,0.1676332466720826,2.5964500542008784,2652.4384736180245,High Value,Returning
2949,5,21.0,8858.608406991283,0.19425811091797401,3.3886497228281898,1771.7216813982566,Regular,Returning
2950,3,13.0,3841.344794521817,0.1849987183780619,3.194667508503908,1280.4482648406058,Low Value,New
2951,6,21.0,11161.06885477658,0.13930256819650308,2.3012741268302332,1860.1781424627634,High Value,New
2952,6,21.0,11973.524314352982,0.20126024494294115,3.1945449800702606,1995.5873857254971,High Value,Returning
2953,5,15.0,9605.04304491906,0.18070943283156105,3.499732902380407,1921.008608983812,Regular,VIP
2954,4,17.0,5015.682665431966,0.09497315649985852,3.618154481655075,1253.9206663579914,Low Value,New
2955,3,10.0,2058.4532586491587,0.065404460244395,4.294610698406267,686.1510862163863,Low Value,Returning
2956,5,15.0,3763.0249407769456,0.1738055515605213,3.364113761989093,752.6049881553892,Low Value,Returning
2957,6,29.0,8745.754180287624,0.09088430101839041,2.750221085573953,1457.625696714604,Regular,Returning
2958,3,17.0,7731.40730718717,0.18629839695709904,3.1095995997138774,2577.13576906239,Regular,Returning
2959,7,19.0,8177.558300432312,0.16943912374661682,3.2836852514628334,1168.2226143474732,Regular,New
2960,7,34.0,17705.244990516225,0.15434912523142374,3.0352495871270264,2529.3207129308894,High Value,Returning
2961,8,35.0,13526.715905997098,0.16776255197206894,3.0315526702534785,1690.8394882496373,High Value,Returning
2962,5,23.0,2921.8669419138732,0.11919141093555832,2.957023170065727,584.3733883827747,Low Value,New
2963,3,4.0,1304.5245331674073,0.1582278328075973,3.125500871918771,434.8415110558024,Low Value,New
2964,6,26.0,7739.621766070568,0.15228268524024946,2.6209916711465038,1289.9369610117612,Regular,New
2965,5,24.0,5717.031481748133,0.18983761104728386,3.308426940261352,1143.4062963496267,Low Value,Returning
2966,1,4.0,919.1959995757,0.1814918535319967,4.282238913192964,919.1959995757,Low Value,New
2967,2,8.0,5302.461650070645,0.2103323702296755,3.4511457624967923,2651.2308250353226,Low Value,Returning
2968,2,4.0,387.7150976408467,0.21009646511777819,1.1714796830257237,193.85754882042335,Low Value,New
2969,6,12.0,5328.243308640417,0.06667032815519568,2.75568361723708,888.0405514400695,Low Value,New
2970,9,34.0,7511.063802416355,0.17047471447890986,2.5738032383780953,834.5626447129284,Regular,New
2971,3,10.0,3026.201635153611,0.21976354043755472,2.6976393559489367,1008.733878384537,Low Value,New
2972,2,8.0,4274.098925432268,0.13585556946966706,3.9770871095960896,2137.049462716134,Low Value,Returning
2973,7,37.0,10616.247209435629,0.1088182216912597,2.7541788424998592,1516.6067442050899,High Value,New
2974,7,32.0,12002.938373527766,0.13164719098056196,3.6437590139221063,1714.705481932538,High Value,Returning
2975,2,8.0,3156.341209947806,0.27862167193579346,1.9266496372206696,1578.170604973903,Low Value,Returning
2976,5,26.0,11364.772994390867,0.1528584234977216,2.2123274058442557,2272.9545988781733,High Value,New
2977,2,13.0,6980.221197508987,0.1281154866017506,3.2206394053496155,3490.1105987544934,Regular,New
2978,8,39.0,18170.47943616414,0.1494802559836358,2.658886324805303,2271.3099295205175,High Value,Returning
2979,2,8.0,763.4626369230726,0.18313153667948295,4.345541759141355,381.7313184615363,Low Value,Returning
2980,6,19.0,2451.76584790073,0.16809688125887903,3.395492357625083,408.62764131678836,Low Value,Returning
2981,3,11.0,1852.61694219597,0.1756049655519599,3.3835506299548146,617.53898073199,Low Value,Returning
2982,5,20.0,3112.2155560572364,0.1393043205074343,3.089458300848615,622.4431112114473,Low Value,Returning
2983,8,24.0,10493.797267896309,0.1514241147572768,3.1056435286710737,1311.7246584870386,High Value,Returning
2984,5,23.0,9177.832757863725,0.13813395298203612,3.370471556755227,1835.566551572745,Regular,Returning
2985,2,13.0,9188.70984265914,0.16982654473457046,2.091657483203507,4594.35492132957,Regular,New
2986,6,22.0,7851.890568119615,0.11422188809006066,3.710649127004062,1308.6484280199359,Regular,Returning
2987,14,62.0,27898.695402133064,0.19283562316895983,3.2139491289298796,1992.763957295219,VIP,VIP
2988,5,14.0,12270.262754558944,0.1405368686116,2.039391877152675,2454.052550911789,High Value,Returning
2989,2,12.0,3012.6196759617515,0.09858366434127765,3.57544402168685,1506.3098379808757,Low Value,New
2990,4,9.0,1150.0038492499593,0.09438753614141483,2.783125872061458,287.50096231248983,Low Value,Returning
2991,4,17.0,5035.147479206939,0.1330038184999239,3.791964401251073,1258.7868698017348,Low Value,New
2992,4,12.0,2738.162571885793,0.1202108867535143,2.766480994572614,684.5406429714483,Low Value,New
2993,4,9.0,7118.12262188055,0.14485612905805537,3.329998311516273,1779.5306554701374,Regular,New
2994,5,22.0,5552.839924650423,0.2518392369455922,3.555989717783966,1110.5679849300845,Low Value,Returning
2995,6,16.0,6183.082284961943,0.1414415700923954,2.732810033520497,1030.5137141603238,Low Value,Returning
2996,4,16.0,4346.559600074996,0.12011578273576173,4.053083212753123,1086.639900018749,Low Value,Returning
2997,8,34.0,10789.879231126642,0.12415745767480059,3.0687435870260904,1348.7349038908303,High Value,New
2998,7,28.0,14189.607031838419,0.133462462863926,2.728433268520924,2027.0867188340599,High Value,New
2999,6,24.0,7010.694586170057,0.19051408687328372,3.1934674754013757,1168.4490976950094,Regular,New
3000,4,17.0,4163.843766400427,0.11506206022167464,3.5059389281014965,1040.9609416001067,Low Value,New
3001,6,25.0,1732.9251897216504,0.13130991972742262,3.609616054520633,288.8208649536084,Low Value,Returning
3002,6,22.0,3965.9329505560527,0.19759505290318705,3.3244665377328677,660.9888250926755,Low Value,Returning
3003,1,6.0,7053.322414405908,0.0428121172018626,3.94485616182287,7053.322414405908,Regular,New
3004,9,38.0,10653.88970286562,0.15028763036099735,3.0319632818462896,1183.7655225406243,High Value,New
3005,7,26.0,9967.64955779544,0.18773728221404248,2.9090804603071585,1423.9499368279198,Regular,Returning
3006,5,24.0,12636.140481428673,0.11589232252828627,3.5407391462522333,2527.2280962857344,High Value,Returning
3007,7,25.0,9005.998184368429,0.17737955548310178,3.3625168673650707,1286.5711691954898,Regular,New
3008,7,22.0,11713.721673913933,0.18813102376532528,3.437418529982458,1673.3888105591334,High Value,VIP
3009,4,24.0,5359.580476521169,0.20175649226885106,2.0861597946555506,1339.8951191302922,Low Value,New
3010,2,6.0,3786.677737421969,0.1577350023496941,2.123582513669584,1893.3388687109846,Low Value,Returning
3011,7,27.0,10416.954790181606,0.1315842712530799,2.7436042139475076,1488.1363985973724,High Value,New
3012,6,28.0,11156.716062830401,0.17185859059502817,2.4405739009518923,1859.4526771384,High Value,New
3013,3,7.0,4235.061358680965,0.11170815178244786,3.2047796036653473,1411.6871195603217,Low Value,New
3014,3,14.0,2071.3849586364595,0.12813991437649777,4.43320905245699,690.4616528788198,Low Value,Returning
3015,3,10.0,2674.13001950382,0.08560919615963651,3.7730174798812706,891.3766731679401,Low Value,New
3016,7,25.0,8045.694963696065,0.1860148011073212,2.6550126275203683,1149.3849948137236,Regular,Returning
3017,5,23.0,10035.426621019658,0.05718844480991723,3.128177642334577,2007.0853242039316,Regular,Returning
3018,3,10.0,3337.670556910284,0.10817827886697588,2.844193831034781,1112.556852303428,Low Value,Returning
3019,2,9.0,554.058129537624,0.12648621940110089,2.811537422933414,277.029064768812,Low Value,Returning
3020,4,21.0,11336.472618758804,0.1457901228511056,2.0429228062912386,2834.118154689701,High Value,New
3021,5,25.0,7350.207004696597,0.16717751715756396,2.1716365289355855,1470.0414009393194,Regular,VIP
3022,3,10.0,2452.2675169051367,0.053528892661342364,3.2505208084864066,817.4225056350456,Low Value,New
3023,5,17.0,10595.590586391616,0.1526904551530949,2.749925780315692,2119.118117278323,High Value,New
3024,1,3.0,624.1257433774383,0.2534248687590544,3.884197191594849,624.1257433774383,Low Value,New
3025,9,31.0,19248.63239121516,0.12926864949956152,2.4655185743458934,2138.73693235724,High Value,New
3026,4,19.0,2482.430249315333,0.4208885604984509,3.359892254790825,620.6075623288333,Low Value,VIP
3027,4,23.0,5814.977148338345,0.19876102120554257,3.10370124186793,1453.7442870845862,Low Value,Returning
3028,4,18.0,6549.95346128121,0.1391666079818388,3.201746981396405,1637.4883653203026,Low Value,Returning
3029,6,24.0,4542.190470415503,0.1302952332833713,3.2467846387852597,757.0317450692505,Low Value,VIP
3030,4,18.0,9730.758940871021,0.1372879702841231,2.9942485821194196,2432.6897352177552,Regular,New
3031,7,34.0,7385.632160678952,0.20554274105245418,3.694284273714989,1055.0903086684216,Regular,Returning
3032,5,28.0,6322.805559619617,0.09777543159564936,2.5644574845424843,1264.5611119239234,Low Value,New
3033,5,10.0,4932.289290243988,0.19316293197051265,3.237130723334572,986.4578580487976,Low Value,Returning
3034,6,22.0,5531.499386478175,0.1242723460380783,3.20007663585279,921.9165644130293,Low Value,New
3035,1,5.0,442.7192774205756,0.1559216958547702,1.8435876474079171,442.7192774205756,Low Value,Returning
3036,7,31.0,11058.117593213628,0.0910247634093326,3.022261411645946,1579.731084744804,High Value,VIP
3037,3,12.0,5963.3433322180645,0.1606609736539688,2.559744297721212,1987.7811107393547,Low Value,New
3038,6,27.0,12284.468748654841,0.12082785325037089,3.298039756001034,2047.41145810914,High Value,New
3039,4,20.0,11632.40934603555,0.1594023827638872,2.4338018184787304,2908.1023365088877,High Value,New
3040,3,13.0,4970.069113228037,0.1906703474420448,2.8716986876351775,1656.6897044093457,Low Value,Returning
3041,10,42.0,12879.281301686728,0.19759534241355614,3.2821261857957063,1287.9281301686729,High Value,Returning
3042,5,19.0,10624.47655027639,0.21918721874184968,2.898999635851141,2124.895310055278,High Value,New
3043,5,22.0,13936.107888653023,0.12195967242647734,2.3389630922370266,2787.2215777306046,High Value,Returning
3044,6,30.0,22716.93966463845,0.13555519463274737,2.868769589368123,3786.1566107730746,VIP,New
3045,6,25.0,3371.5753694390573,0.18132307089309188,2.568914299902809,561.9292282398429,Low Value,Returning
3046,3,5.0,1084.92257585817,0.25709666395775677,2.7451995726341942,361.64085861939,Low Value,New
3047,7,34.0,6076.447304753612,0.13841791654767704,2.1133114332385485,868.0639006790874,Low Value,Returning
3048,3,10.0,1107.8572550424926,0.15202545852284127,2.1886123295212236,369.28575168083086,Low Value,New
3049,11,45.0,5405.041235447449,0.180152003963099,2.893085640891725,491.3673850406772,Low Value,Returning
3050,3,19.0,8286.296582653104,0.06801540961168533,2.0478794292553135,2762.0988608843677,Regular,Returning
3051,4,19.0,10271.904667486111,0.09595016629673103,3.9271028360434004,2567.9761668715278,Regular,Returning
3052,4,16.0,7120.5678345626375,0.16067196528769628,3.3301882148068414,1780.1419586406594,Regular,New
3053,4,18.0,4251.13087076852,0.1551658537627244,2.5717771793793505,1062.78271769213,Low Value,Returning
3054,5,22.0,6629.326160311221,0.14539874131483485,3.386571730256192,1325.8652320622443,Low Value,VIP
3055,5,25.0,14537.853555941647,0.12328086413125912,2.2119238595374964,2907.5707111883294,High Value,Returning
3056,5,20.0,8651.8269558999,0.13076266507194667,3.2265342448072856,1730.36539117998,Regular,New
3057,7,27.0,6051.1390276004295,0.1869908937794717,2.9604959552908876,864.448432514347,Low Value,Returning
3058,3,7.0,2074.4905434722796,0.12585925420439706,4.456212733200579,691.4968478240932,Low Value,New
3059,6,28.0,8771.249584736819,0.17884713931109322,2.310779129061009,1461.8749307894698,Regular,Returning
3060,6,26.0,4226.084195358051,0.18235614371805153,3.169878439492981,704.3473658930085,Low Value,New
3061,7,20.0,7887.623149646304,0.16102146085097915,2.5891701266263447,1126.803307092329,Regular,VIP
3062,8,25.0,8336.326882212901,0.08155429883583282,2.762211296057934,1042.0408602766126,Regular,New
3063,8,28.0,9335.592654643655,0.0958974253268634,2.493506202652222,1166.9490818304569,Regular,New
3064,10,39.0,10896.220946531937,0.16504844749940598,3.275099977755967,1089.6220946531937,High Value,Returning
3065,6,18.0,4741.78744337985,0.12351139683442723,2.525550062645101,790.297907229975,Low Value,New
3066,3,11.0,4111.645363310871,0.052286384194764196,3.526482008154668,1370.5484544369572,Low Value,Returning
3067,2,2.0,1372.5179212259004,0.02385356206605625,1.5392326132042855,686.2589606129502,Low Value,New
3068,5,22.0,4476.784547241647,0.16375219640516997,2.5050571933232577,895.3569094483294,Low Value,New
3069,10,46.0,21779.43084891081,0.12464589287718772,3.6178728752863165,2177.943084891081,VIP,Returning
3070,2,10.0,1686.765969486884,0.23047305385743128,2.1462315818003574,843.382984743442,Low Value,New
3071,5,14.0,1076.9509588606206,0.11967968196956225,2.649320419040354,215.39019177212413,Low Value,New
3072,2,6.0,3530.441672418551,0.12857798987320795,3.7841970749003044,1765.2208362092756,Low Value,Returning
3073,6,36.0,14494.456403395332,0.13787982659599168,2.466583607293314,2415.742733899222,High Value,New
3074,7,19.0,10522.917122692314,0.17136042689869768,2.740154389826034,1503.2738746703305,High Value,New
3075,6,25.0,7106.205553667201,0.1336048101790249,2.479210288184943,1184.3675922778668,Regular,New
3076,4,17.0,6347.395717233991,0.14640719612900369,3.6802695148715525,1586.8489293084976,Low Value,New
3077,8,23.0,8928.539862398566,0.11524892008647869,2.5802189979696184,1116.0674827998207,Regular,Returning
3078,2,6.0,1246.9645434018753,0.18026486919954235,2.566777655081454,623.4822717009376,Low Value,Returning
3079,4,13.0,2065.657529334434,0.20980704282873286,3.020338445950576,516.4143823336085,Low Value,Returning
3080,8,35.0,11767.450193907021,0.1782439486456709,2.520010385445084,1470.9312742383777,High Value,New
3081,2,8.0,480.60952023424716,0.18665535793336854,1.6805597700844543,240.30476011712358,Low Value,New
3082,5,15.0,8086.554070459389,0.0691528045701514,2.574885052373877,1617.3108140918778,Regular,Returning
3083,2,6.0,3820.6369270007453,0.10303573139286701,1.903089464694165,1910.3184635003727,Low Value,VIP
3084,3,7.0,2905.3400880383556,0.2071924411714293,3.0216311700008887,968.4466960127852,Low Value,New
3085,2,12.0,5554.119679705185,0.2386075740192558,2.755438151619448,2777.0598398525926,Low Value,Returning
3086,2,5.0,1304.0292025009135,0.2250941341876637,4.083977703634374,652.0146012504567,Low Value,VIP
3087,5,12.0,3541.0909916141745,0.1431618395400086,3.684031211481353,708.218198322835,Low Value,New
3088,2,9.0,1438.3244170185544,0.1423578960422261,2.653827453292937,719.1622085092772,Low Value,New
3089,4,20.0,4735.40220094053,0.3497646924480201,3.302554267378866,1183.8505502351325,Low Value,New
3090,7,34.0,25082.41835234178,0.14189697111378052,4.190464507284943,3583.2026217631114,VIP,VIP
3091,3,7.0,1471.332568715159,0.21915595887505787,3.7755935863203067,490.4441895717196,Low Value,Returning
3092,4,16.0,5557.757634048056,0.22152615247455093,4.002455485849475,1389.439408512014,Low Value,New
3093,4,9.0,8341.343052216022,0.09397242988738445,2.3446297550243123,2085.3357630540054,Regular,New
3094,4,14.0,9493.589220289168,0.21945376484672813,3.141295987237166,2373.397305072292,Regular,New
3095,8,39.0,15994.742234726562,0.17753218174684363,3.760232205864242,1999.3427793408202,High Value,New
3096,2,5.0,3084.6227332821272,0.18813367663521985,4.139290466411121,1542.3113666410636,Low Value,Returning
3097,6,21.0,11783.090695821296,0.08470880165679857,3.1029147028640307,1963.8484493035494,High Value,New
3098,4,17.0,5574.553788833632,0.1690841708846034,3.4998663256490397,1393.638447208408,Low Value,Returning
3099,3,7.0,4238.453181106048,0.2594234747098956,1.6477175817439622,1412.8177270353492,Low Value,New
3100,3,15.0,1636.2947938774375,0.1563556791495281,2.5314545530856107,545.4315979591458,Low Value,Returning
3101,8,38.0,18087.041751012188,0.1511167610901701,3.258124617329352,2260.8802188765235,High Value,Returning
3102,5,17.0,13624.502695309946,0.09859963489265391,3.5147837804194353,2724.900539061989,High Value,Returning
3103,4,14.0,3486.787344516601,0.15964179670143,3.727657091468486,871.6968361291503,Low Value,New
3104,5,21.0,7297.841691994671,0.15649112142913027,3.1779412742513538,1459.5683383989342,Regular,New
3105,8,36.0,9853.327877650581,0.21497307909304486,2.938151711983048,1231.6659847063227,Regular,Returning
3106,6,18.0,6090.543270967448,0.1794962776844875,2.7757598028900055,1015.0905451612413,Low Value,New
3107,5,24.0,4002.136423682402,0.15582191932925582,4.002768597546497,800.4272847364804,Low Value,New
3108,4,14.0,6437.280550731936,0.1606784800020832,3.3603604586525746,1609.320137682984,Low Value,Returning
3109,5,19.0,4619.905501438678,0.14362856989434064,2.5395013777030484,923.9811002877356,Low Value,VIP
3110,4,19.0,6007.871594186794,0.07360166279703628,2.9920103837083003,1501.9678985466985,Low Value,New
3111,4,23.0,10977.580946179509,0.14896991590516245,4.170324215819073,2744.395236544877,High Value,New
3112,5,21.0,12939.78701978623,0.23250767968703862,3.4229161601704403,2587.9574039572462,High Value,Returning
3113,4,9.0,2508.60975601321,0.15091563822149368,3.177566292219946,627.1524390033024,Low Value,Returning
3114,3,6.0,2269.6541115895348,0.16665756082778926,2.2808366536034144,756.5513705298449,Low Value,New
3115,2,8.0,360.6761697311107,0.042960768397616804,3.396524166999637,180.33808486555535,Low Value,New
3116,3,19.0,9118.679020096111,0.16763819017268658,4.454459326764961,3039.5596733653706,Regular,New
3117,7,30.0,9826.637100527192,0.18541489175987222,3.8796846099400475,1403.8053000753132,Regular,New
3118,3,10.0,1680.6530458031993,0.18219552969431493,2.0666566909300754,560.2176819343998,Low Value,Returning
3119,3,10.0,2254.7806593433647,0.11771749586757713,3.8543732429905457,751.593553114455,Low Value,New
3120,3,14.0,6843.259702052353,0.2132037043294991,3.1157358233799264,2281.086567350784,Low Value,VIP
3121,6,21.0,5520.464136391801,0.1768448405615767,3.171735070673904,920.0773560653001,Low Value,VIP
3122,7,35.0,22742.824913390945,0.13471845715072192,2.7437031556989058,3248.9749876272776,VIP,VIP
3123,5,21.0,18847.282099626893,0.12600045043841585,2.9912576137819107,3769.4564199253787,High Value,VIP
3124,8,34.0,9613.407696101276,0.17479669000223125,3.359662368615781,1201.6759620126595,Regular,Returning
3125,1,3.0,1521.7863714997493,0.0507021050580307,2.0148167340160623,1521.7863714997493,Low Value,Returning
3126,4,19.0,5949.475107577131,0.08090028002106,2.629510253144082,1487.3687768942827,Low Value,New
3127,6,25.0,1908.1466655251108,0.22153889451361022,2.1912351320791252,318.02444425418514,Low Value,Returning
3128,1,2.0,724.5576520945096,0.2974645329535419,2.807454877020654,724.5576520945096,Low Value,New
3129,2,14.0,4471.063986479708,0.12569969729350117,4.216451473699253,2235.531993239854,Low Value,New
3130,2,4.0,1080.7852613423427,0.03814752090594665,3.1610421783248492,540.3926306711713,Low Value,New
3131,4,16.0,3203.8573371319053,0.1860947463121913,2.5649335388662498,800.9643342829763,Low Value,Returning
3132,5,27.0,9328.448178431254,0.14221480041910745,2.9282846491834973,1865.6896356862508,Regular,Returning
3133,4,15.0,9092.044604223134,0.19892044623364244,3.6658402589465116,2273.0111510557836,Regular,Returning
3134,5,21.0,5797.737705424484,0.19891568348160943,3.3849016961491003,1159.547541084897,Low Value,Returning
3135,6,30.0,14274.423653643236,0.17210419005827904,4.537593333821834,2379.0706089405394,High Value,Returning
3136,7,28.0,9392.998246369763,0.1341205542650161,2.711907848826059,1341.8568923385376,Regular,Returning
3137,3,15.0,3955.582816402357,0.07769579265315228,3.0898976115090657,1318.5276054674523,Low Value,Returning
3138,3,14.0,8591.49445353081,0.15618402797057115,2.787988911754694,2863.83148451027,Regular,New
3139,3,15.0,7011.633984900907,0.1363993244954607,1.8649965723364232,2337.2113283003023,Regular,New
3140,5,18.0,3646.5067717717284,0.15886304393751077,3.394773185536244,729.3013543543457,Low Value,Returning
3141,5,19.0,10452.864874196486,0.1381473086582761,3.044899309534138,2090.5729748392973,High Value,New
3142,2,6.0,618.6881829195872,0.03589115765666975,2.9100846214688385,309.3440914597936,Low Value,New
3143,8,36.0,16699.565932604695,0.15025562559542888,3.4757382798531586,2087.445741575587,High Value,New
3144,5,18.0,3268.9819937067905,0.15073516396227044,2.8884195863939706,653.7963987413581,Low Value,VIP
3145,4,16.0,7658.722649256513,0.12386279054348327,3.403574026249921,1914.6806623141283,Regular,New
3146,2,5.0,2381.5095776289645,0.15985681657614004,4.335468484689634,1190.7547888144823,Low Value,New
3147,6,19.0,9411.136215868097,0.1586656142886054,2.8298213012935425,1568.5227026446828,Regular,VIP
3148,4,12.0,1655.1523695755582,0.0662739925494252,3.6237810148856613,413.78809239388954,Low Value,New
3149,6,18.0,5570.294588864515,0.13962025677996323,2.3795989347585373,928.3824314774192,Low Value,New
3150,3,9.0,6202.170202431902,0.19599277746611823,2.988839885146888,2067.390067477301,Low Value,New
3151,2,5.0,1849.1227104968805,0.06588265630216064,3.177231686235287,924.5613552484402,Low Value,Returning
3152,8,34.0,11172.442322941843,0.169395978554425,2.8952184364849534,1396.5552903677303,High Value,Returning
3153,4,15.0,2082.254673915538,0.09207114432188422,3.320330400719801,520.5636684788846,Low Value,New
3154,8,35.0,19103.91318501574,0.142821282821756,3.2741053388164083,2387.9891481269674,High Value,Returning
3155,4,11.0,1641.1264996050218,0.11986084962628274,2.908788638304843,410.28162490125544,Low Value,New
3156,5,19.0,8097.241396136701,0.19994430979878092,2.6037275754003986,1619.4482792273402,Regular,Returning
3157,9,41.0,5052.085621005035,0.14949025685157213,3.497573306108866,561.3428467783373,Low Value,New
3159,8,32.0,7299.168474708867,0.1188042856562116,2.306236503242588,912.3960593386083,Regular,New
3160,6,32.0,9744.683935947296,0.1780764122745573,3.3770498912106244,1624.1139893245493,Regular,Returning
3161,10,42.0,25228.55567878326,0.12059259196679317,3.494368066269594,2522.855567878326,VIP,New
3162,7,26.0,7630.6853681069515,0.18795778778340513,3.10902373984552,1090.0979097295644,Regular,VIP
3163,3,6.0,764.681452221228,0.192505845005717,2.3424194868495545,254.893817407076,Low Value,Returning
3164,6,15.0,2494.052289216093,0.1195623141293536,2.9440574398735,415.6753815360155,Low Value,New
3165,3,17.0,3634.238878660548,0.1752083465022872,3.505444819874029,1211.412959553516,Low Value,New
3166,5,16.0,5659.1826138907545,0.12864020080635358,2.53055054984288,1131.836522778151,Low Value,Returning
3167,3,11.0,7129.265406684259,0.14613525890807832,2.3916239835892683,2376.421802228086,Regular,Returning
3168,3,14.0,4111.994540102777,0.2036466926603687,2.820001742335148,1370.6648467009256,Low Value,New
3169,4,14.0,3968.891544227515,0.1364706099623088,2.4417279505250247,992.2228860568788,Low Value,VIP
3170,12,53.0,15917.137080161787,0.15197204182027604,3.2347071010621593,1326.4280900134822,High Value,Returning
3171,4,19.0,10979.3405054512,0.0305969403573997,2.46074724749122,2744.8351263628,High Value,Returning
3172,3,19.0,8892.684737556923,0.1303745416137834,4.117297303767919,2964.2282458523077,Regular,New
3173,9,45.0,11101.025144110137,0.16434332799651197,2.745689628403859,1233.4472382344597,High Value,VIP
3174,4,14.0,8648.687985311879,0.18957948129859017,3.0399391066719494,2162.1719963279697,Regular,New
3175,3,7.0,1318.3089827104639,0.098871410971057,3.7623190498560146,439.4363275701546,Low Value,New
3176,3,16.0,6018.573421921296,0.2056926831311928,2.9306150291235937,2006.1911406404322,Low Value,New
3177,5,21.0,12069.302831840007,0.1496949872412857,2.9805078656569775,2413.8605663680014,High Value,VIP
3178,2,8.0,1115.3579613588113,0.07515268870526315,1.9367644942344635,557.6789806794056,Low Value,VIP
3179,7,16.0,4752.334786026616,0.07502128297450773,3.9074947895245087,678.9049694323737,Low Value,New
3180,6,24.0,8785.369945270622,0.18906910188680157,3.153246091228531,1464.2283242117703,Regular,VIP
3181,8,27.0,5482.108377745799,0.14261493282543242,2.2357939733220187,685.2635472182249,Low Value,Returning
3182,7,22.0,9728.331122842881,0.13183741576477187,2.613239271051477,1389.7615889775545,Regular,Returning
3183,4,24.0,6671.568050348175,0.224333382174568,3.019858083390682,1667.8920125870438,Low Value,New
3184,1,1.0,198.3158490675205,0.1066546854307965,3.9528441466389137,198.3158490675205,Low Value,New
3185,2,7.0,1352.1889683764794,0.17357156034468366,3.493204410539388,676.0944841882397,Low Value,New
3186,5,23.0,2910.3778901231435,0.1440027070310465,2.635922753596618,582.0755780246287,Low Value,New
3187,5,24.0,12257.15889912195,0.09783148475320783,4.341340467845742,2451.43177982439,High Value,New
3188,7,28.0,13614.887037525259,0.1719555695495086,2.809092092337658,1944.9838625036084,High Value,Returning
3189,6,23.0,5233.828623470304,0.10920264721430539,2.067654750962574,872.3047705783839,Low Value,VIP
3190,1,3.0,1076.7189885519078,0.2266136998307368,3.590658412301067,1076.7189885519078,Low Value,VIP
3191,4,17.0,2394.2324803441916,0.09575071607805219,3.1051599292245884,598.5581200860479,Low Value,Returning
3192,5,21.0,5540.5396072147605,0.1596217475459268,2.193069500306339,1108.1079214429521,Low Value,Returning
3193,2,13.0,3205.2952008568673,0.16590340076853222,3.213607488028665,1602.6476004284336,Low Value,VIP
3194,4,26.0,9595.467543222108,0.15610267142867668,2.3572317025872724,2398.866885805527,Regular,New
3195,6,24.0,8149.71243080099,0.1260074363414898,3.470317102708181,1358.2854051334982,Regular,New
3196,2,6.0,565.3425662052803,0.09729739478592525,3.776483495841684,282.67128310264013,Low Value,New
3197,8,30.0,10913.645764957135,0.14009725822622646,3.08767242840943,1364.2057206196419,High Value,VIP
3198,5,16.0,8532.241706183013,0.1203856011819193,3.2319778448148626,1706.4483412366026,Regular,Returning
3199,6,20.0,7085.508168041247,0.16394130574367677,3.0789399506501076,1180.9180280068745,Regular,New
3200,4,17.0,10131.886970389543,0.06492762959837413,2.146424973125762,2532.971742597386,Regular,Returning
3201,2,3.0,377.56305684787765,0.2576793321763326,3.566157111701717,188.78152842393882,Low Value,New
3202,6,27.0,13249.252084927648,0.16954726874647855,3.4400150076952563,2208.208680821275,High Value,New
3203,5,23.0,7095.318584347594,0.22647238013689988,3.333865697567139,1419.0637168695189,Regular,New
3204,4,21.0,10736.405934695927,0.15369830692307168,3.447746490603371,2684.101483673982,High Value,New
3205,5,30.0,10182.860941530156,0.2115275376851325,3.661736724699062,2036.5721883060312,Regular,Returning
3206,4,16.0,8781.862786575388,0.1352299238398054,3.7791525815152247,2195.465696643847,Regular,New
3207,6,20.0,7609.377668234888,0.16856980684419812,2.652593268872531,1268.2296113724813,Regular,Returning
3208,4,17.0,2970.168416109862,0.14181373600124164,3.264465783015614,742.5421040274655,Low Value,Returning
3209,7,24.0,7980.604946153265,0.1649568666613475,2.0909088605134465,1140.0864208790379,Regular,Returning
3210,8,41.0,8443.038778722423,0.14369827859807568,3.6154217974013028,1055.3798473403028,Regular,New
3211,2,6.0,885.3963032470607,0.16830677049428586,3.75017010043232,442.69815162353035,Low Value,Returning
3212,3,16.0,8161.281692966445,0.24911380035684227,3.420929301139726,2720.427230988815,Regular,New
3213,7,37.0,10836.467506901596,0.16584689123804003,2.781274451562951,1548.066786700228,High Value,Returning
3214,4,16.0,2537.9420675154533,0.15837716289750567,3.0865930146946488,634.4855168788633,Low Value,Returning
3215,4,9.0,2750.790215759795,0.16434275026287626,3.7813384530400302,687.6975539399488,Low Value,VIP
3216,1,5.0,1027.6233556534817,0.2132337674264322,2.4090509574201016,1027.6233556534817,Low Value,New
3217,3,13.0,561.8753251085706,0.13697354287753097,2.631181957269335,187.2917750361902,Low Value,Returning
3218,7,35.0,14751.578981223034,0.1708973340087207,3.6107384802197364,2107.368425889005,High Value,New
3219,6,22.0,7844.394008028042,0.16701584165758573,3.1313534304111244,1307.3990013380069,Regular,Returning
3220,2,10.0,1166.1569082930175,0.06759976468889944,3.308145538560646,583.0784541465088,Low Value,Returning
3221,7,35.0,14102.390779986168,0.08697378627449483,2.8615263694130535,2014.6272542837382,High Value,Returning
3222,2,11.0,3296.2411865913027,0.15445205390263345,2.424873257185191,1648.1205932956514,Low Value,Returning
3223,4,18.0,4993.646239406685,0.12899893839376303,2.8170075564316064,1248.4115598516712,Low Value,New
3224,5,17.0,2557.2643404369433,0.16933904345486844,3.7073657420548622,511.45286808738865,Low Value,Returning
3225,8,34.0,11057.026286364737,0.12409795925208446,3.0232162127202207,1382.128285795592,High Value,New
3226,4,13.0,4457.9214939491185,0.14100840937642986,3.059374560993404,1114.4803734872796,Low Value,New
3227,5,18.0,6450.93229448528,0.11227933130334425,3.466984185790705,1290.1864588970561,Low Value,Returning
3228,2,10.0,3730.5828344854726,0.1481801566858092,4.799949857684962,1865.2914172427363,Low Value,New
3229,7,23.0,6927.794032959399,0.1514418023962604,3.1321605250191475,989.6848618513428,Regular,New
3230,1,3.0,3086.4299333505546,0.1936293507396031,4.337863528107732,3086.4299333505546,Low Value,Returning
3231,4,18.0,10632.684607895932,0.21329406031990228,3.431031760350778,2658.171151973983,High Value,Returning
3232,6,26.0,7773.241180369781,0.1481114804999409,3.9776912503696398,1295.540196728297,Regular,New
3233,2,9.0,2139.2388719329915,0.1438640302648918,3.3169302235390186,1069.6194359664958,Low Value,New
3234,3,16.0,6459.672417621313,0.24058188133555267,2.716588523348269,2153.224139207104,Low Value,New
3235,4,12.0,3247.836256561239,0.0976647311795725,3.698826244943098,811.9590641403098,Low Value,VIP
3236,8,40.0,13594.762050519501,0.1676830258551904,3.137674855453504,1699.3452563149376,High Value,New
3237,4,18.0,2209.984349771731,0.18293580011188493,2.9422377294149413,552.4960874429328,Low Value,Returning
3238,3,11.0,3609.5318209470215,0.23367801142522035,2.615860481878934,1203.1772736490072,Low Value,Returning
3239,2,10.0,833.8709822520082,0.18257827424829184,4.030042083945197,416.9354911260041,Low Value,New
3240,5,17.0,9032.069170310924,0.15231589876925833,2.34895326614968,1806.4138340621848,Regular,Returning
3241,4,18.0,2938.7776113307386,0.12316472995971198,4.057885355367938,734.6944028326847,Low Value,New
3242,6,32.0,10886.325009087086,0.11674581289190801,2.798205753645316,1814.3875015145143,High Value,Returning
3243,5,28.0,8743.67973603754,0.16878173508637578,2.382385969597203,1748.7359472075082,Regular,Returning
3244,11,59.0,13047.368679624162,0.11663195416598336,3.081035299570854,1186.1244254203784,High Value,Returning
3245,5,14.0,9594.715458748591,0.06659348498736238,3.50164741653389,1918.9430917497182,Regular,Returning
3246,3,7.0,895.2895449070345,0.12550633747147824,1.9711026550267359,298.42984830234485,Low Value,Returning
3247,5,19.0,10373.117249472867,0.17610593322264173,3.639905243697162,2074.6234498945732,High Value,New
3248,3,10.0,2048.1829367110204,0.0690440711983841,3.034765680397267,682.7276455703401,Low Value,New
3249,9,52.0,21670.89041799729,0.10023257645550876,3.6336923523331026,2407.8767131108098,VIP,New
3250,4,16.0,5685.174692384175,0.14576798015908846,3.475881630444204,1421.2936730960437,Low Value,New
3251,3,8.0,2092.70769172969,0.20277286430944672,3.719871081127565,697.5692305765633,Low Value,Returning
3252,4,24.0,4732.905051215999,0.135989747402892,3.3724537858162,1183.2262628039998,Low Value,VIP
3253,2,13.0,1513.5919308931836,0.22664898364530217,3.008615516237728,756.7959654465918,Low Value,Returning
3254,7,27.0,12630.136207449998,0.2034783422045238,2.3715833532155197,1804.3051724928569,High Value,Returning
3255,1,4.0,480.3458694556504,0.0166842596456184,4.223331017409111,480.3458694556504,Low Value,Returning
3256,4,24.0,8221.033158694963,0.07040901896308935,3.3179375869773606,2055.258289673741,Regular,VIP
3257,4,21.0,7490.448193529002,0.163153199733125,3.0274232779379195,1872.6120483822506,Regular,New
3258,6,19.0,4508.5722376819,0.16836104207567992,2.864746978283062,751.4287062803168,Low Value,New
3259,9,37.0,15600.50288665076,0.15089058695112645,3.1136019533707016,1733.3892096278623,High Value,Returning
3260,6,23.0,4923.174096710241,0.1697738623159848,2.8243447464412994,820.5290161183735,Low Value,Returning
3261,5,23.0,11151.253921385696,0.09463829752764726,2.437215881846248,2230.2507842771392,High Value,Returning
3262,8,35.0,8862.021741612038,0.11682102010689441,2.6822475765813953,1107.7527177015047,Regular,Returning
3263,6,18.0,5282.820402445089,0.10403277382346654,2.493079336968123,880.4700670741814,Low Value,Returning
3264,6,18.0,4100.688154150587,0.19515012360299697,3.544976586086154,683.4480256917645,Low Value,New
3265,7,26.0,11547.268633472264,0.11992400947444644,3.152088341660831,1649.609804781752,High Value,New
3266,10,49.0,11475.446339864804,0.15377497879378493,3.303064675395562,1147.5446339864804,High Value,Returning
3267,4,12.0,6639.665845053295,0.14198951027875734,3.334183305482871,1659.9164612633238,Low Value,Returning
3268,3,11.0,5151.166824713593,0.08993794730111614,2.5464184279105058,1717.0556082378644,Low Value,New
3269,6,27.0,7497.7021090788385,0.15910411681727485,2.4626823405176514,1249.6170181798063,Regular,Returning
3270,5,17.0,7525.315918874608,0.11756093718303084,2.667607693407949,1505.0631837749215,Regular,Returning
3271,1,2.0,2035.7576508859404,0.2276919177858078,1.3547779444605803,2035.7576508859404,Low Value,Returning
3272,3,11.0,7396.2263257113,0.06847350590966271,3.7742423226227615,2465.4087752371,Regular,Returning
3273,4,15.0,1908.8156657569348,0.13746542192376923,3.4388324550126708,477.2039164392337,Low Value,Returning
3274,4,14.0,3188.796993994074,0.09091178078216378,2.512392525915224,797.1992484985185,Low Value,Returning
3275,5,22.0,3376.405560163309,0.16016695453797872,4.21111369486284,675.2811120326618,Low Value,New
3276,4,20.0,6199.622603544837,0.2155512907654025,2.553157710221316,1549.9056508862093,Low Value,Returning
3277,5,28.0,12377.645204749797,0.1599488916060991,2.33405789467625,2475.5290409499594,High Value,New
3278,4,17.0,10719.33492632767,0.16932926319662278,2.5079243923598478,2679.8337315819176,High Value,Returning
3279,7,24.0,13013.916746436618,0.1314206788827648,2.476773459216709,1859.1309637766597,High Value,New
3280,7,26.0,7387.167099221168,0.15337064245978724,3.454520644121459,1055.309585603024,Regular,Returning
3281,8,44.0,22787.385824930378,0.16200541547245473,2.8927733373104747,2848.423228116297,VIP,Returning
3282,3,9.0,6429.873817501121,0.07913137897012583,4.614827805045441,2143.291272500374,Low Value,New
3283,6,37.0,24377.884773776186,0.11485909404637094,2.601231230851543,4062.9807956293644,VIP,New
3284,7,22.0,14752.906629252057,0.17953939099533756,3.4747602985349206,2107.5580898931507,High Value,New
3285,5,14.0,4984.2111510154145,0.08978922585824999,2.619407521408964,996.8422302030829,Low Value,New
3286,5,18.0,2917.165639766713,0.130780207433355,3.532201767029631,583.4331279533426,Low Value,Returning
3287,7,23.0,11410.29765957391,0.13689543063430984,2.614297365437596,1630.0425227962728,High Value,Returning
3288,2,8.0,3002.53618110936,0.13468177832215356,3.3203887998831796,1501.26809055468,Low Value,New
3289,2,6.0,877.9376147579475,0.15860939146555375,3.8897151191177493,438.96880737897374,Low Value,New
3290,4,11.0,9293.295522292483,0.096466009978121,3.6709237646990878,2323.3238805731207,Regular,VIP
3291,6,18.0,7429.924326822837,0.126770116123775,2.7189723984774514,1238.3207211371396,Regular,New
3292,5,17.0,8377.09825472264,0.1125004685213133,2.7204409994593766,1675.4196509445278,Regular,Returning
3293,3,17.0,6854.642985938768,0.1207769959690531,2.7458477377011987,2284.8809953129226,Low Value,New
3294,5,16.0,7232.845790746567,0.18028458858866783,3.3272636928597983,1446.5691581493134,Regular,Returning
3295,7,26.0,10893.534113082655,0.1193643820953905,3.2134414104666424,1556.2191590118077,High Value,New
3296,6,25.0,7743.044252125149,0.146713139389767,3.214278738277729,1290.5073753541915,Regular,Returning
3297,5,15.0,5186.159894650767,0.1706983807612994,2.275606290395014,1037.2319789301532,Low Value,Returning
3298,3,11.0,4955.920482183478,0.19050690844010276,1.7380329466218896,1651.9734940611595,Low Value,New
3299,3,10.0,1519.0345745688337,0.050216129527204896,2.5143553030257646,506.3448581896112,Low Value,Returning
3300,3,11.0,6110.18097557087,0.15842576609518957,1.7924125857426298,2036.7269918569566,Low Value,Returning
3301,9,43.0,25742.330479060096,0.17577273882157343,2.337735174254031,2860.2589421177886,VIP,New
3302,2,8.0,3271.6349925516333,0.12821509128431818,3.0918063228070904,1635.8174962758167,Low Value,New
3303,5,13.0,5089.042366732383,0.2355505911801788,3.151827096643565,1017.8084733464766,Low Value,Returning
3304,2,5.0,554.6076261366414,0.25805791443896986,3.737074760260377,277.3038130683207,Low Value,New
3305,4,11.0,3741.6946192510222,0.13174343580929465,2.5286780094560397,935.4236548127556,Low Value,Returning
3306,8,30.0,10670.822507031291,0.16980103275353764,2.3816396850330444,1333.8528133789114,High Value,Returning
3307,4,6.0,2492.563480291707,0.14350890183840545,2.9973252874132936,623.1408700729268,Low Value,New
3308,6,31.0,10125.706287466724,0.15543925602192962,3.158193566702096,1687.6177145777874,Regular,Returning
3309,5,17.0,12159.822027912087,0.12613608699920847,4.31517102437803,2431.9644055824174,High Value,Returning
3310,4,14.0,4387.800983608295,0.11369944256657297,2.4714506974300483,1096.9502459020737,Low Value,New
3311,5,18.0,7558.248019407293,0.1766250272765347,4.245124848714804,1511.6496038814587,Regular,Returning
3312,7,33.0,9900.368973913313,0.17114171052463162,2.5420504801323816,1414.338424844759,Regular,Returning
3313,3,12.0,3084.4821188318715,0.11643887069539334,2.9148793482212376,1028.1607062772905,Low Value,Returning
3314,5,27.0,9951.50311172392,0.1849113125102701,3.229388752043982,1990.300622344784,Regular,Returning
3315,4,13.0,3404.4240044486755,0.2187895036290178,2.6957197130879034,851.1060011121689,Low Value,New
3316,6,23.0,7084.244203102463,0.147367313764831,2.6610719898272857,1180.7073671837438,Regular,New
3317,6,35.0,18288.18917272662,0.14100580978176314,3.295902906600986,3048.0315287877697,High Value,VIP
3318,8,33.0,16175.978075142672,0.12992155184097323,2.9256942652127353,2021.997259392834,High Value,Returning
3319,4,15.0,2660.076634132387,0.08968316153513257,3.0990545937547958,665.0191585330967,Low Value,Returning
3320,2,5.0,1476.3405104247672,0.10327124404547,2.2548367325875724,738.1702552123836,Low Value,New
3321,9,35.0,9044.623119405413,0.1555475928560236,3.4130926510661244,1004.9581243783791,Regular,New
3322,4,17.0,5626.629085189658,0.12204842396288385,3.4915565715609618,1406.6572712974146,Low Value,New
3323,7,25.0,8880.43289206007,0.11833098403902197,2.4184267099102192,1268.6332702942957,Regular,Returning
3324,3,18.0,7915.293575544714,0.17776719559665044,3.995411291446993,2638.431191848238,Regular,VIP
3325,9,34.0,8158.730815973755,0.11427700418642711,2.395649630793435,906.525646219306,Regular,New
3326,1,5.0,1099.803202530723,0.1237648980006823,5.0,1099.803202530723,Low Value,New
3327,4,16.0,3230.4491623322265,0.18993634652462293,3.7609969800951406,807.6122905830566,Low Value,New
3328,4,14.0,2020.5409823993105,0.21798744269112416,3.237713831823013,505.1352455998276,Low Value,VIP
3329,3,6.0,1918.1298922256292,0.22384851770840478,2.938254367382294,639.3766307418764,Low Value,New
3330,4,9.0,2886.5382698770413,0.20610142383158764,2.905285309611632,721.6345674692603,Low Value,Returning
3331,5,17.0,5290.559721124906,0.17137970239403608,3.1708908181286946,1058.1119442249812,Low Value,Returning
3332,5,24.0,5515.384547188575,0.16333931320847767,3.878407515625585,1103.0769094377151,Low Value,New
3333,5,18.0,7684.30278366475,0.08005602612266825,3.3982263582553154,1536.86055673295,Regular,Returning
3334,4,10.0,8368.29427108219,0.1715262472758214,3.1799986771177453,2092.0735677705475,Regular,Returning
3335,7,38.0,11807.875562494803,0.17948070919736986,3.257190918533856,1686.839366070686,High Value,New
3336,6,23.0,7451.76876959286,0.13612303062867,3.4819301367732574,1241.96146159881,Regular,Returning
3337,6,28.0,18040.066070986843,0.19602955266611047,2.9058735894106498,3006.677678497807,High Value,Returning
3338,3,11.0,4200.591105826602,0.1384062618923912,2.7123308144517555,1400.197035275534,Low Value,VIP
3339,6,14.0,7096.483056667325,0.18135914469200942,2.7388378475901853,1182.7471761112208,Regular,New
3340,4,13.0,3332.9290545329045,0.07484864400602237,1.5415287085506897,833.2322636332261,Low Value,New
3341,5,21.0,12716.434748282414,0.18916313534006013,3.860561384312033,2543.2869496564826,High Value,New
3342,7,28.0,9733.066744571,0.14303086906069015,2.828359911793625,1390.4381063672859,Regular,New
3343,3,7.0,2541.768112084233,0.16682959692843527,3.107851694103081,847.256037361411,Low Value,New
3344,8,39.0,20616.219215056113,0.09880072529617144,3.033387380365411,2577.027401882014,High Value,New
3345,1,4.0,2164.196744943661,0.0506954112881875,1.4870603544529422,2164.196744943661,Low Value,New
3346,6,17.0,5292.45941569515,0.09978203332841255,3.305504747295243,882.0765692825249,Low Value,VIP
3347,2,6.0,4009.04396381919,0.2174176915714663,3.637215549827486,2004.521981909595,Low Value,Returning
3348,6,16.0,7910.5349055880615,0.15808975408716186,2.382976498968825,1318.422484264677,Regular,Returning
3349,1,2.0,976.1848781959804,0.0642739772053788,1.6987175953021243,976.1848781959804,Low Value,Returning
3350,8,31.0,21634.010135846973,0.16970795043057477,3.308265123022702,2704.2512669808716,VIP,Returning
3351,7,24.0,13928.915277340328,0.10454544944329079,2.5493061212944315,1989.8450396200467,High Value,New
3352,3,12.0,2709.7572962373624,0.19295103110662146,3.1370374857004966,903.2524320791208,Low Value,Returning
3353,6,23.0,2949.726287191299,0.14522905678095802,2.73779405055949,491.6210478652165,Low Value,VIP
3354,4,20.0,6979.435274004216,0.1633855835496208,3.4331664257608807,1744.858818501054,Regular,New
3355,6,25.0,9811.621085157689,0.13572282267832533,3.0506057432959413,1635.2701808596148,Regular,Returning
3356,5,21.0,9395.131837982826,0.17759983276350458,3.851444571501349,1879.0263675965653,Regular,New
3357,4,13.0,12692.892155457022,0.17850896926997806,1.9481615759408442,3173.2230388642556,High Value,Returning
3358,3,13.0,9881.959018362419,0.1192171861734155,3.455305888626308,3293.9863394541394,Regular,Returning
3359,4,18.0,10108.523522820627,0.12448498937529127,3.6825579951333958,2527.130880705157,Regular,New
3360,3,12.0,4406.9281500845855,0.014797309302439533,2.9332473357095363,1468.9760500281952,Low Value,VIP
3361,4,14.0,5420.293396591274,0.07169615226696513,3.2306013432207688,1355.0733491478186,Low Value,New
3362,5,24.0,7122.796289443816,0.17256045390291386,2.3853013734962336,1424.559257888763,Regular,New
3363,4,25.0,8927.248337238674,0.16545218451058985,3.049497072129692,2231.8120843096685,Regular,Returning
3364,4,17.0,11489.56519394012,0.10812918149928527,2.784417500219611,2872.39129848503,High Value,Returning
3365,5,12.0,4802.611847603385,0.18025039385369218,2.460977720666918,960.5223695206771,Low Value,New
3366,6,22.0,13481.040890256949,0.08651206805599915,2.8085657480478474,2246.840148376158,High Value,VIP
3367,2,9.0,3078.1904081628213,0.1344994090963751,3.933974506391034,1539.0952040814107,Low Value,Returning
3368,6,19.0,10125.093754882264,0.19586637047666514,3.891099410056805,1687.5156258137106,Regular,Returning
3369,7,35.0,16314.063202008729,0.18639227002750086,3.2715133739939013,2330.5804574298186,High Value,Returning
3370,4,21.0,14754.982897331469,0.1382907636209023,2.9003302480268833,3688.745724332867,High Value,New
3371,3,13.0,7054.582215900849,0.17564669463190052,3.0774376813311615,2351.527405300283,Regular,Returning
3372,6,23.0,5497.891416109101,0.20120915684652638,3.6751880962371524,916.3152360181834,Low Value,New
3373,8,34.0,17388.000689142646,0.15302607295959664,2.9358226485151673,2173.5000861428307,High Value,New
3374,4,18.0,6442.811496020493,0.17549972975825162,3.039912389922611,1610.7028740051232,Low Value,New
3375,7,35.0,12592.86613050128,0.11375903786890607,3.335491401852392,1798.980875785897,High Value,Returning
3376,6,31.0,8848.179822961964,0.11394027220810392,3.2499237999436303,1474.6966371603273,Regular,VIP
3377,4,22.0,3588.2767565557297,0.16909934867788262,3.856723599426247,897.0691891389324,Low Value,Returning
3378,3,9.0,1216.172483129034,0.15724963192664118,2.2822910845009634,405.390827709678,Low Value,Returning
3379,6,19.0,5039.966914837263,0.15716128950990876,3.2630959657927434,839.9944858062105,Low Value,New
3380,5,24.0,10662.187704151145,0.11671407899902937,3.1689424586566046,2132.437540830229,High Value,New
3381,3,8.0,6561.0416757373505,0.2113490576069743,2.6970190748096035,2187.01389191245,Low Value,VIP
3382,8,29.0,18301.5345700666,0.11369212013194413,2.6693104793203624,2287.691821258325,High Value,VIP
3383,5,25.0,4413.700739858552,0.20127736684634448,2.6967908671395433,882.7401479717104,Low Value,Returning
3384,5,20.0,8099.328677505693,0.12806282186423285,3.4030798601218644,1619.8657355011387,Regular,Returning
3385,4,19.0,7083.260347926423,0.12893549583552222,3.39902495037044,1770.8150869816056,Regular,New
3386,4,12.0,1786.0918673175163,0.09727396322089252,3.1301537254814176,446.5229668293791,Low Value,Returning
3387,6,36.0,7759.39990378197,0.1381044995022709,3.37662976716261,1293.233317296995,Regular,New
3388,3,13.0,5959.510349474781,0.12967883666850408,4.377744529305356,1986.503449824927,Low Value,New
3389,2,6.0,553.9553398833136,0.1969421507726188,3.1299868333452645,276.9776699416568,Low Value,Returning
3390,5,19.0,8550.019610130987,0.10572687075075544,3.0920628497496283,1710.0039220261974,Regular,Returning
3391,5,19.0,6523.393856502284,0.17057289957533012,2.9467734993834958,1304.6787713004567,Low Value,Returning
3392,7,36.0,15983.383480839298,0.08510129663830779,2.011150876226862,2283.340497262757,High Value,Returning
3393,6,23.0,3607.2068326674275,0.15501373324461742,2.603061927793996,601.2011387779046,Low Value,VIP
3394,3,18.0,6280.019229398864,0.21172125175232648,3.955670429871321,2093.3397431329545,Low Value,New
3395,4,18.0,3214.0531544992277,0.15979240000338127,3.651155089446768,803.5132886248069,Low Value,Returning
3396,6,26.0,14496.688420589038,0.13187893378923857,2.9231458442980336,2416.1147367648396,High Value,New
3397,4,12.0,4154.829279720033,0.13676614487790634,3.217739650014855,1038.7073199300082,Low Value,Returning
3398,9,31.0,4959.729616050025,0.14849218952188414,3.3015078280353456,551.0810684500027,Low Value,New
3399,4,19.0,9825.930719731481,0.1370426713786631,3.4571675666742685,2456.4826799328703,Regular,Returning
3400,3,13.0,9579.082979460056,0.05464731408067963,4.233572306367146,3193.0276598200185,Regular,New
3401,7,27.0,12320.085833463769,0.14895612284348717,2.1051639955410986,1760.0122619233955,High Value,Returning
3402,4,9.0,4026.8688796950787,0.2610594297980795,2.8824414688797493,1006.7172199237697,Low Value,New
3403,3,8.0,2635.271107093625,0.14882021849945512,4.138943618909059,878.4237023645416,Low Value,New
3404,8,40.0,13314.942365363197,0.14270232782946776,3.2020759227173596,1664.3677956703996,High Value,VIP
3405,4,16.0,3383.4999708720266,0.168118992720682,3.90797697555417,845.8749927180066,Low Value,Returning
3406,1,1.0,369.25291003271,0.2264151777926205,1.2395324427024603,369.25291003271,Low Value,Returning
3407,3,9.0,1725.7798639587286,0.1464803535708398,1.583158210063165,575.2599546529095,Low Value,Returning
3408,2,10.0,2126.640589101157,0.04209135356210955,2.8427847372906,1063.3202945505784,Low Value,Returning
3409,3,11.0,4774.736391889871,0.1494743268083693,2.614080980378598,1591.5787972966236,Low Value,New
3410,4,22.0,11210.977778997645,0.20889384585669288,3.119219578519226,2802.7444447494113,High Value,Returning
3411,7,27.0,7847.328947588293,0.15091865312947536,3.01639288109686,1121.0469925126133,Regular,Returning
3412,7,25.0,11480.537265058712,0.17642905399935652,2.6334586506401303,1640.0767521512446,High Value,Returning
3413,3,18.0,1220.4045099518503,0.22123375375386214,4.162383608969009,406.80150331728345,Low Value,New
3414,5,15.0,11088.050735279852,0.13150950086282967,3.1738448520056965,2217.6101470559706,High Value,Returning
3415,3,14.0,639.1113928761949,0.19987327527687185,4.264929873313291,213.03713095873164,Low Value,Returning
3416,8,24.0,9340.156405625912,0.11996855493289853,3.2488943959019423,1167.519550703239,Regular,New
3417,3,9.0,395.7209724487823,0.14852295890144737,1.6721898449858035,131.90699081626076,Low Value,Returning
3418,3,14.0,1185.3294263253742,0.17941742635034452,2.1300633635955397,395.10980877512475,Low Value,New
3419,6,17.0,11514.57441688273,0.20571663891652137,2.804898272642103,1919.0957361471217,High Value,Returning
3420,4,22.0,12600.327563653555,0.14400296408981048,2.7526057565988573,3150.0818909133886,High Value,Returning
3421,3,16.0,8470.782173035434,0.12913521101185144,4.311962845945073,2823.594057678478,Regular,Returning
3422,4,11.0,5131.1073547274,0.15231676446749418,2.338304811948821,1282.77683868185,Low Value,Returning
3423,4,17.0,2895.7918399364216,0.13788073192383107,3.527750024343841,723.9479599841054,Low Value,Returning
3424,7,24.0,7982.332104108883,0.09981020712584189,3.2055633850762257,1140.3331577298404,Regular,New
3425,4,27.0,5679.697841751042,0.17488097238630956,2.4374729389574985,1419.9244604377604,Low Value,VIP
3426,5,15.0,7299.520245332895,0.15166656592549743,2.9822329434887385,1459.9040490665789,Regular,Returning
3427,7,28.0,11362.806072970161,0.12575390254729987,2.992302042331925,1623.2580104243086,High Value,New
3428,7,22.0,8990.84954907863,0.16704487022645703,2.55619811396097,1284.4070784398043,Regular,Returning
3429,10,34.0,11048.215736790718,0.16485717732572155,2.925109245156163,1104.821573679072,High Value,Returning
3430,7,37.0,9757.710531394718,0.11306541494618805,2.0033873711627908,1393.9586473421025,Regular,New
3431,5,24.0,7159.879530264051,0.2145375119239384,2.708796039224295,1431.9759060528102,Regular,Returning
3432,6,21.0,2996.5273966729883,0.13258992149848978,2.248624802180029,499.4212327788314,Low Value,New
3433,3,14.0,2692.1567578727427,0.10698646909644394,1.701722801916487,897.3855859575809,Low Value,Returning
3434,7,27.0,14109.748615579083,0.1282074202393028,2.1998571822510495,2015.6783736541547,High Value,New
3435,7,28.0,8155.994249905268,0.10371910729334356,3.4875358829905077,1165.1420357007526,Regular,New
3436,4,16.0,5037.165817280419,0.15445703115942017,3.2701530188298946,1259.2914543201048,Low Value,Returning
3437,1,6.0,1345.30892869667,0.2607766129097604,3.7198726799855097,1345.30892869667,Low Value,New
3438,5,17.0,7826.722412124824,0.1693730461500833,3.3185482580013703,1565.3444824249648,Regular,Returning
3439,6,32.0,7336.86887940383,0.1917064001968585,3.141537894302757,1222.8114799006382,Regular,Returning
3440,1,5.0,5533.913395549312,0.0638436468116144,2.40630505918005,5533.913395549312,Low Value,Returning
3441,5,16.0,6325.584387576984,0.19810507646682485,3.0140249680457396,1265.116877515397,Low Value,New
3442,3,13.0,8275.26490167105,0.14378116004022257,3.8077946079767315,2758.4216338903498,Regular,Returning
3443,7,21.0,7444.8349248529885,0.1677376940795082,3.0321849865439043,1063.5478464075698,Regular,New
3444,10,40.0,12177.180354205626,0.15013736227707158,3.491737563593625,1217.7180354205625,High Value,Returning
3445,7,29.0,8675.513914607945,0.16800239380116647,2.583832038939594,1239.359130658278,Regular,New
3446,3,12.0,759.8133835621796,0.06504913457505516,2.4997745963316422,253.27112785405987,Low Value,Returning
3447,4,15.0,4540.6563742757135,0.20301238508954444,3.3549175221566374,1135.1640935689284,Low Value,New
3448,2,12.0,3729.1462754969098,0.10739639964894285,2.4523762214316918,1864.5731377484549,Low Value,Returning
3449,7,35.0,11776.613989726107,0.15148227008337217,3.3524901994709215,1682.3734271037297,High Value,New
3450,4,16.0,4700.096961983567,0.16636523467587203,2.482642420934827,1175.0242404958917,Low Value,New
3451,4,21.0,7191.06569954658,0.19265894560896996,2.3499102959658416,1797.766424886645,Regular,New
3452,4,13.0,4658.97620915521,0.0472007839027338,2.1547325263855344,1164.7440522888025,Low Value,New
3453,4,14.0,4993.66904451517,0.1475730446948489,2.1060784439691456,1248.4172611287925,Low Value,New
3454,2,12.0,2528.0001539652467,0.17356901050084067,3.559948927683505,1264.0000769826233,Low Value,VIP
3455,4,14.0,11137.543990897751,0.09412134226358618,4.228722773293076,2784.385997724438,High Value,VIP
3456,3,11.0,1915.6800989191747,0.1925940425407032,2.592188191779218,638.5600329730582,Low Value,Returning
3457,5,25.0,12682.729617372872,0.15555338685424788,2.0420662811214845,2536.5459234745745,High Value,Returning
3458,7,28.0,7162.001507685416,0.1097819858616947,3.0197484505034766,1023.143072526488,Regular,Returning
3459,4,21.0,6632.608914858579,0.1252300559418449,1.7714245596915643,1658.1522287146447,Low Value,New
3460,4,19.0,10867.151710235925,0.14372021730604823,2.9479580061598885,2716.787927558981,High Value,New
3461,6,25.0,5241.900095130019,0.14242058506176122,3.04005222425941,873.6500158550031,Low Value,New
3462,7,20.0,9838.510992073316,0.1500688284176346,2.803511086098578,1405.501570296188,Regular,Returning
3463,5,20.0,5265.318192120261,0.1501406508188484,2.558003464233476,1053.0636384240522,Low Value,New
3464,7,29.0,12872.94298725879,0.1496188356896049,2.8189560032033136,1838.9918553226842,High Value,VIP
3465,3,9.0,6393.437744174518,0.11382024410262047,3.985022735748331,2131.1459147248393,Low Value,Returning
3466,1,1.0,1337.74991577342,0.0202913918700724,3.0032404022765293,1337.74991577342,Low Value,VIP
3467,6,21.0,3818.4678603712405,0.15824278461265803,3.7923572401510857,636.4113100618735,Low Value,Returning
3468,5,20.0,9941.340872462897,0.14446681170939984,3.6287464160365843,1988.2681744925794,Regular,Returning
3469,6,27.0,9846.423322127626,0.08223467635615679,3.3671479917144076,1641.0705536879377,Regular,Returning
3470,6,15.0,7128.0377294290065,0.22044582418750602,3.3024402172981944,1188.0062882381678,Regular,New
3471,4,10.0,1237.9385222526575,0.18588131900454677,3.0390736785038985,309.4846305631644,Low Value,New
3472,1,6.0,6338.6457978181925,0.1151971968413071,1.7624231536917525,6338.6457978181925,Low Value,New
3473,5,21.0,9932.670704775759,0.24478950656297854,3.8292053651532525,1986.5341409551518,Regular,New
3474,3,10.0,2484.9137147861484,0.1836094044223787,2.156927603930766,828.3045715953828,Low Value,Returning
3475,5,23.0,8912.131679271624,0.15904450564292402,2.6414886575389445,1782.4263358543249,Regular,Returning
3476,6,23.0,10281.704251252871,0.11372465685746118,3.060439789598384,1713.6173752088118,Regular,New
3477,4,14.0,6921.842206237288,0.08542832789948562,3.241420366059981,1730.460551559322,Regular,New
3478,3,10.0,6261.9388809395095,0.0775893738068928,2.922530281928406,2087.3129603131697,Low Value,New
3479,4,19.0,5304.175251618748,0.11508261154583074,2.7386983360620696,1326.043812904687,Low Value,New
3480,4,19.0,12279.304811358132,0.0759500018705047,3.3793635227536925,3069.826202839533,High Value,Returning
3481,3,17.0,4457.94175869416,0.09235296203980192,3.1473793081981167,1485.9805862313867,Low Value,VIP
3482,5,23.0,10799.596372344795,0.08467185282566017,3.4126084794961935,2159.919274468959,High Value,New
3483,6,15.0,5422.992665007626,0.17552740359253816,2.4359511432072556,903.8321108346044,Low Value,Returning
3484,3,8.0,4643.758719525528,0.10967954572006193,2.4276689963104903,1547.919573175176,Low Value,Returning
3485,3,16.0,2748.584175043489,0.16672467342413755,3.2140520081832555,916.1947250144963,Low Value,Returning
3486,4,13.0,4843.922363933139,0.1907911724889982,3.4401558823483884,1210.9805909832849,Low Value,Returning
3487,6,27.0,3047.1333214820197,0.14230187069474223,2.644551909884552,507.8555535803366,Low Value,New
3488,5,22.0,3267.8069092258606,0.15094789879336978,2.7759478343421717,653.5613818451721,Low Value,Returning
3489,5,15.0,7199.159008395205,0.14856595271495615,2.40002863632223,1439.831801679041,Regular,New
3490,5,21.0,5369.469718694624,0.1358436988901151,2.5509256451239883,1073.893943738925,Low Value,Returning
3491,4,17.0,7707.623235149073,0.12304443834824172,3.714123500606145,1926.9058087872681,Regular,New
3492,5,13.0,4210.1594335735535,0.17142230115092527,3.4497273110624365,842.0318867147107,Low Value,Returning
3493,7,28.0,6367.028545220035,0.13579730848742025,3.595248250609896,909.575506460005,Low Value,VIP
3494,5,21.0,12795.099247339378,0.15242378120195027,1.9906659303096113,2559.0198494678757,High Value,New
3495,5,26.0,13912.122405750644,0.15377805952122808,3.525312737373602,2782.424481150129,High Value,Returning
3496,2,5.0,603.0397066135167,0.1302825062306447,3.199713781014572,301.51985330675836,Low Value,Returning
3497,5,20.0,5579.78242066608,0.10138827086883831,3.1156329926691706,1115.956484133216,Low Value,New
3498,8,27.0,10208.811198563304,0.21466491950903882,3.2174823641523878,1276.101399820413,Regular,New
3499,2,9.0,2739.9142126083175,0.2086025859287935,3.148555977511971,1369.9571063041587,Low Value,Returning
3500,2,10.0,3528.301975347406,0.1804034584899846,3.282215433962219,1764.150987673703,Low Value,New
3501,7,29.0,14467.659219781912,0.18829977624562952,2.9416438094008437,2066.8084599688445,High Value,Returning
3502,5,28.0,8098.196831036067,0.17866057428879006,3.582135976054166,1619.6393662072135,Regular,New
3503,8,24.0,8506.531695303442,0.1520983954149231,2.7835442404787774,1063.3164619129302,Regular,VIP
3504,5,22.0,7012.102515879709,0.12735593700215136,3.8255592955189415,1402.4205031759418,Regular,Returning
3505,7,32.0,5108.411392240946,0.11498468405549392,3.2446428491060275,729.7730560344208,Low Value,Returning
3506,3,6.0,2417.065383936851,0.2095147769562817,2.699690674536663,805.6884613122837,Low Value,New
3507,6,28.0,8713.898769012616,0.10286518240987196,2.961542145930687,1452.3164615021026,Regular,New
3508,4,18.0,11403.695393780657,0.16291388954956942,3.3529577832792308,2850.9238484451644,High Value,New
3509,5,27.0,10887.185887481968,0.13764101393240882,3.276812043487735,2177.437177496394,High Value,Returning
3510,4,10.0,3727.4664530778346,0.12931487974059,3.946074203671249,931.8666132694586,Low Value,Returning
3511,4,17.0,3540.136601969618,0.13268166465597694,3.2422742326292053,885.0341504924045,Low Value,VIP
3512,10,33.0,20752.346194800484,0.10593573430450243,2.999153898099812,2075.2346194800484,VIP,New
3513,4,15.0,4358.472297457229,0.17890602878268283,2.4177999165068176,1089.6180743643072,Low Value,Returning
3514,7,30.0,12111.027061333261,0.15951285457518907,3.5183703122552528,1730.1467230476087,High Value,Returning
3515,8,30.0,9298.381379805423,0.28151052278530453,2.3958700795662913,1162.297672475678,Regular,Returning
3516,5,20.0,9634.928218983305,0.1062948352960746,3.7468190311870684,1926.985643796661,Regular,Returning
3517,2,3.0,1810.5030086700467,0.1052005117143578,2.931165803931157,905.2515043350234,Low Value,Returning
3518,3,12.0,3164.124628714994,0.26188354825160737,2.7961974737454045,1054.7082095716646,Low Value,New
3519,8,35.0,17013.769534484527,0.11638337583734723,2.993349756903359,2126.721191810566,High Value,New
3520,2,6.0,4750.99995718531,0.047193932832333446,3.5524026246772085,2375.499978592655,Low Value,Returning
3521,4,12.0,3918.4284220968866,0.21975221368762915,3.7912583330318848,979.6071055242217,Low Value,Returning
3522,9,38.0,10608.046679358109,0.11788041649895759,3.4419559189223197,1178.671853262012,High Value,New
3523,3,6.0,2862.6772863621136,0.15656050571638855,4.842190473291133,954.2257621207045,Low Value,VIP
3524,5,19.0,7193.837188837852,0.16907122317629525,3.805578331764862,1438.7674377675705,Regular,Returning
3525,6,19.0,4352.776505506142,0.19785448970684358,2.7642789878211214,725.4627509176903,Low Value,New
3526,5,18.0,4789.079553466678,0.12595047934651823,1.8474734490347344,957.8159106933356,Low Value,New
3527,5,24.0,8789.409188301373,0.06938264576321837,2.8194157048958184,1757.8818376602746,Regular,Returning
3528,5,18.0,11627.19965400088,0.0574997073005271,3.239613070566391,2325.439930800176,High Value,Returning
3529,3,11.0,2068.9493486593656,0.08291166595042124,3.14314038170922,689.6497828864552,Low Value,New
3530,6,19.0,5072.208642662196,0.15181739913353995,3.3133795249997635,845.368107110366,Low Value,New
3531,4,16.0,6449.768209542785,0.1523740349024117,3.545553570178214,1612.4420523856963,Low Value,New
3532,2,8.0,1535.0918875379864,0.11739975378479445,2.651528453435371,767.5459437689932,Low Value,New
3533,10,48.0,23501.247435394554,0.15778510465807255,2.7757054927492644,2350.1247435394553,VIP,Returning
3534,7,37.0,18173.253306103717,0.13232253541641556,3.1499217113708995,2596.1790437291024,High Value,Returning
3535,1,7.0,3686.3552154390327,0.2748558133277559,3.491090800506768,3686.3552154390327,Low Value,Returning
3536,3,11.0,1772.9386262185212,0.17156104486485568,2.8509134253259885,590.9795420728404,Low Value,Returning
3537,5,17.0,8425.78230351952,0.15455401114967984,2.4762240681298153,1685.156460703904,Regular,New
3538,5,15.0,1438.9503481993138,0.17463353573319101,2.870958428166893,287.79006963986274,Low Value,New
3539,6,23.0,10021.862133430286,0.1361953545716252,3.067044472963424,1670.3103555717144,Regular,New
3540,7,20.0,3079.1857218970517,0.13740986935572877,3.2077978290825655,439.8836745567217,Low Value,New
3541,5,23.0,15982.13765591,0.15182531023219145,3.518858799301642,3196.427531182,High Value,Returning
3542,5,24.0,5382.391249268973,0.18129570647931215,2.542148102617484,1076.4782498537948,Low Value,Returning
3543,5,21.0,3252.2071291741327,0.1300683193799183,3.713293827468037,650.4414258348265,Low Value,New
3544,4,16.0,7128.47807585663,0.0585628576948814,2.608022179602244,1782.1195189641576,Regular,New
3545,5,10.0,3398.8403404756887,0.09730005243855358,3.585796515004214,679.7680680951378,Low Value,VIP
3546,3,10.0,4430.099899330322,0.19547784471338137,1.8826375427869888,1476.6999664434406,Low Value,New
3547,6,25.0,4312.433254900023,0.14864084243950945,3.417225923795692,718.7388758166704,Low Value,VIP
3548,5,15.0,9397.283785030888,0.15815395000864746,2.687782094950694,1879.4567570061777,Regular,New
3549,5,14.0,3681.5167677664354,0.13924131430292624,2.580253424994441,736.303353553287,Low Value,Returning
3550,8,38.0,17587.10626514251,0.1601499996944423,2.4159327904861203,2198.3882831428136,High Value,New
3551,10,30.0,16286.746638468616,0.1368499956819062,3.022182226208824,1628.6746638468617,High Value,Returning
3552,4,21.0,7547.56232730413,0.21318803037286843,3.326554359195209,1886.8905818260325,Regular,New
3553,5,22.0,14546.807038212432,0.08149367364137759,2.7579352441280434,2909.3614076424865,High Value,New
3554,7,32.0,11745.993908868544,0.2046144240384454,3.3341175510857437,1677.9991298383634,High Value,Returning
3555,2,3.0,700.9868763614365,0.13989234491764624,3.487675518849122,350.4934381807183,Low Value,Returning
3556,6,30.0,15334.147161737821,0.15839923869194802,2.0733301563069233,2555.6911936229703,High Value,New
3557,9,29.0,12983.03796634575,0.16612319368798728,3.05089102345201,1442.5597740384167,High Value,VIP
3558,3,9.0,4856.380325714662,0.20276379286059998,2.8767949702398066,1618.7934419048872,Low Value,Returning
3559,8,44.0,12585.623527665144,0.13881791655613834,3.095730606848615,1573.202940958143,High Value,Returning
3560,4,17.0,6599.01060829481,0.129881809568338,4.034818254714686,1649.7526520737024,Low Value,Returning
3561,4,18.0,8155.840346229807,0.15615540995311958,3.079541165382997,2038.9600865574519,Regular,New
3562,7,31.0,4672.089071225994,0.14271738627623903,3.139854067225479,667.4412958894278,Low Value,New
3563,4,17.0,7573.543281414046,0.12100141634659031,3.589883753379401,1893.3858203535115,Regular,Returning
3564,4,15.0,4141.735997254642,0.21609768382277572,3.5553913134102646,1035.4339993136605,Low Value,New
3565,3,10.0,1683.6553486690866,0.08182344095744644,2.3901317928927845,561.2184495563622,Low Value,New
3566,5,20.0,7791.429361998566,0.12287448236695027,3.0493396382105824,1558.285872399713,Regular,Returning
3567,4,15.0,4589.815515169403,0.15475167248561672,2.5176205939087763,1147.4538787923507,Low Value,New
3568,8,31.0,12690.01188082202,0.17118300768563127,2.6732026307109704,1586.2514851027524,High Value,VIP
3569,6,26.0,8987.12845770667,0.15029949167913956,3.7654013056617988,1497.8547429511118,Regular,New
3570,3,14.0,2028.161816526483,0.17839622761369764,3.4035937265178515,676.0539388421611,Low Value,Returning
3571,4,12.0,2567.091046931175,0.13234177433072317,3.489601092996406,641.7727617327937,Low Value,New
3572,5,19.0,6033.551848835745,0.0992148019948033,3.331832350427324,1206.710369767149,Low Value,Returning
3573,4,18.0,4098.946284228239,0.3519165630865433,3.00931828541756,1024.7365710570598,Low Value,Returning
3574,1,1.0,724.4685453730749,0.1160906934439245,3.157559091055228,724.4685453730749,Low Value,New
3575,1,3.0,134.64550605617927,0.016686370170014,2.7610134167549925,134.64550605617927,Low Value,Returning
3576,9,33.0,5133.607050829368,0.08800788091594411,2.8311353588993713,570.4007834254853,Low Value,New
3577,4,17.0,7782.017568052455,0.17587151868087048,2.552454297810537,1945.5043920131138,Regular,Returning
3578,6,23.0,5273.61186064175,0.11720251235506683,3.1399923037963444,878.9353101069584,Low Value,Returning
3579,5,15.0,4390.18781634502,0.15940509937674296,3.1353611442768363,878.0375632690041,Low Value,New
3580,3,14.0,3458.840271524563,0.2333192732460401,3.6429695463326968,1152.9467571748544,Low Value,New
3581,6,31.0,6745.288345298821,0.16945151477701184,2.984686240863706,1124.2147242164701,Low Value,Returning
3582,9,29.0,12378.951473814646,0.18702876601001706,3.5741708168601085,1375.4390526460718,High Value,Returning
3583,4,7.0,6064.229933130896,0.12042183231441944,2.899365348580422,1516.057483282724,Low Value,VIP
3584,6,24.0,7575.440112097379,0.13996213370031285,2.6443145232695233,1262.5733520162298,Regular,VIP
3585,6,22.0,7106.566779969657,0.10129462399362359,2.6207266840181056,1184.4277966616094,Regular,New
3586,4,6.0,2995.6447750878797,0.08909846056415997,2.6198085300009866,748.9111937719699,Low Value,Returning
3587,3,12.0,12069.039162774316,0.09548001331201528,2.8759935065756217,4023.013054258105,High Value,VIP
3588,11,51.0,17750.33090204098,0.14456472083259925,3.2107481793193258,1613.666445640089,High Value,Returning
3589,5,16.0,8630.19181422591,0.1862362695374163,2.6110107600835453,1726.0383628451818,Regular,Returning
3590,2,3.0,621.9402246112138,0.21188529081265864,1.5506024266878664,310.9701123056069,Low Value,New
3591,6,23.0,9586.446608860366,0.19998566959044498,3.023654828388951,1597.7411014767276,Regular,New
3592,6,17.0,2967.056938799297,0.18477126755349116,3.072197794103037,494.50948979988283,Low Value,New
3593,1,7.0,1701.5094078427392,0.1967296974014461,4.405616034723816,1701.5094078427392,Low Value,VIP
3594,9,36.0,18241.035141200126,0.145587969385676,2.9826976722668253,2026.7816823555695,High Value,New
3595,5,22.0,8621.071486112598,0.1887942252689247,2.377247508680769,1724.2142972225197,Regular,New
3596,5,18.0,12201.430166350176,0.16182819596985076,3.2951324950378393,2440.286033270035,High Value,New
3597,4,24.0,7805.9044189322385,0.2100018306491972,3.617935901276393,1951.4761047330596,Regular,Returning
3598,9,37.0,8332.73985221381,0.1625306122135949,3.2979027111988892,925.8599835793123,Regular,New
3599,5,20.0,9363.654888289584,0.19291051034130174,2.4219327986998698,1872.7309776579168,Regular,New
3600,3,16.0,13821.316651674988,0.12180466356310966,2.4054134786639825,4607.105550558329,High Value,New
3601,4,15.0,4596.177980269317,0.09520480763728434,2.8985348257546306,1149.0444950673293,Low Value,Returning
3602,10,53.0,27381.957328772784,0.16878912843896873,2.93373419178328,2738.1957328772783,VIP,Returning
3603,3,13.0,5230.787681811455,0.22012229761171706,2.427410280572707,1743.5958939371515,Low Value,VIP
3604,3,16.0,8979.205297193224,0.0976958553538629,3.2234407323550998,2993.0684323977416,Regular,VIP
3605,6,18.0,6326.441203473712,0.1154506812184402,3.1981902792547037,1054.4068672456187,Low Value,Returning
3606,8,32.0,15338.539171368499,0.11494126843430233,3.667138085176447,1917.3173964210623,High Value,Returning
3607,8,31.0,15696.770400252968,0.088041229430922,2.2566715543914047,1962.096300031621,High Value,Returning
3608,6,23.0,9211.126281925572,0.11354798124881615,2.9186174315296913,1535.1877136542619,Regular,Returning
3609,9,41.0,16256.966601831371,0.14376942993215983,3.1313749906869157,1806.3296224257078,High Value,Returning
3611,2,3.0,589.9767811579702,0.19022731430972445,3.7224903501670292,294.9883905789851,Low Value,New
3612,4,13.0,5913.821650378725,0.1224802982913474,4.00297123680957,1478.4554125946813,Low Value,VIP
3613,5,29.0,8055.462810720348,0.06498981376321969,3.0302054325209404,1611.0925621440697,Regular,New
3614,8,34.0,9442.709565729321,0.17038097050405324,3.060845563762947,1180.3386957161651,Regular,New
3615,1,2.0,429.4704464791511,0.0680356387394065,1.837756850946896,429.4704464791511,Low Value,New
3616,4,18.0,6644.952151865682,0.17447699367279826,2.580917635369527,1661.2380379664205,Low Value,New
3617,3,20.0,9144.678012915416,0.15299532961619763,4.074868375998203,3048.2260043051388,Regular,New
3618,5,20.0,6476.129924214298,0.13487156429485875,2.982740178458582,1295.2259848428596,Low Value,Returning
3619,3,13.0,1108.841868538276,0.11430012846680983,3.835945085867577,369.6139561794253,Low Value,New
3620,2,10.0,4619.1366709951535,0.2772423704003387,3.0346443622945065,2309.5683354975768,Low Value,Returning
3621,4,20.0,6306.583513203668,0.17046561999429005,3.1518847263230327,1576.645878300917,Low Value,New
3622,6,29.0,8077.055849050834,0.16408548824133193,2.813083071053308,1346.1759748418056,Regular,New
3623,3,7.0,3805.355731093064,0.06955783773212026,2.77891281539936,1268.4519103643547,Low Value,Returning
3624,3,20.0,7555.258640582929,0.10961166173325092,1.9179931554942968,2518.4195468609764,Regular,VIP
3625,6,31.0,10066.436707004024,0.1609482890134741,2.733709909911251,1677.7394511673374,Regular,New
3626,6,23.0,8919.788963391537,0.15869513782544048,2.4039246253153794,1486.6314938985895,Regular,New
3627,4,16.0,4894.751962762124,0.06325415640557322,2.8878455086606176,1223.687990690531,Low Value,New
3628,2,4.0,2446.425904846095,0.113097395186279,3.128015290755947,1223.2129524230475,Low Value,New
3629,5,19.0,6507.350111599635,0.14241146372415786,2.9274037118194705,1301.470022319927,Low Value,New
3630,2,9.0,2305.0707780794364,0.12068250126675345,3.7416682243562716,1152.5353890397182,Low Value,New
3631,5,22.0,13261.817114835303,0.07145393662920546,3.101093165994451,2652.3634229670606,High Value,New
3632,6,22.0,8402.321813976163,0.0963856679544659,3.424413182814021,1400.3869689960272,Regular,New
3633,4,21.0,5372.277457541767,0.1696821533714431,3.1098364636516203,1343.0693643854418,Low Value,New
3634,3,13.0,5849.814814148758,0.16434168753649947,2.5274930032775322,1949.9382713829193,Low Value,VIP
3635,3,10.0,6313.791799466035,0.18610793628915814,2.829365567169226,2104.597266488678,Low Value,New
3636,8,32.0,8702.934312387606,0.18844369493732532,3.103151348821696,1087.8667890484508,Regular,New
3637,8,39.0,13748.664063206768,0.13318482927011766,2.735188989727943,1718.583007900846,High Value,New
3638,6,27.0,6666.15089339888,0.13568489416967597,3.221334460898874,1111.0251488998133,Low Value,Returning
3639,1,6.0,3239.2234350691456,0.0021931937085862,4.833041408436021,3239.2234350691456,Low Value,Returning
3640,3,15.0,5035.316380267212,0.24053578401322848,2.3548549451773195,1678.438793422404,Low Value,New
3641,5,20.0,9649.327514096309,0.35106450454206917,2.340522646316641,1929.8655028192618,Regular,Returning
3642,4,10.0,1716.702785251952,0.15914367365003662,3.5906451227850886,429.175696312988,Low Value,New
3643,4,16.0,7351.515630965952,0.08646090894762785,3.795021986231049,1837.878907741488,Regular,New
3644,3,17.0,6023.187809972933,0.16333816552971858,3.1011864818736075,2007.7292699909776,Low Value,Returning
3645,2,13.0,613.5912582155347,0.13874356836978124,2.873822334449933,306.79562910776735,Low Value,New
3646,7,38.0,8589.417461224115,0.16391778641943902,2.833988868886661,1227.0596373177307,Regular,New
3647,4,17.0,2924.539543401104,0.38423243094716164,3.0448257562643284,731.134885850276,Low Value,Returning
3648,4,14.0,6144.175021755267,0.22530368926217284,2.2911909262802603,1536.0437554388168,Low Value,Returning
3649,4,22.0,6687.762524331372,0.1142158617312216,3.7931433014231626,1671.940631082843,Low Value,Returning
3650,5,11.0,5250.357076881558,0.16667348559719403,2.2239702655122984,1050.0714153763115,Low Value,New
3651,3,11.0,1446.9655914866034,0.12191455154268675,2.5375733946375507,482.32186382886783,Low Value,New
3652,5,22.0,11364.841161117789,0.1628592641364621,1.956160157541401,2272.9682322235576,High Value,New
3653,9,41.0,11300.549373586628,0.18575104458514868,2.249459486445819,1255.616597065181,High Value,Returning
3654,6,19.0,8698.63135679207,0.1878411033066031,2.944143991070103,1449.7718927986782,Regular,New
3655,8,36.0,17888.59656809079,0.1195815634023383,3.749485019674063,2236.074571011349,High Value,New
3656,4,22.0,10477.222698989382,0.22152933794599913,2.610975770329793,2619.3056747473456,High Value,VIP
3657,4,23.0,6750.159511447691,0.13350865511741034,2.3995642642125725,1687.5398778619228,Low Value,Returning
3658,7,29.0,10785.494292341315,0.14255036902615395,2.760801296605186,1540.784898905902,High Value,Returning
3659,4,16.0,10510.852090121438,0.10525100008345707,2.808079926305555,2627.7130225303595,High Value,Returning
3660,7,29.0,6825.562880690964,0.1376365076387824,2.9739904720456436,975.0804115272806,Low Value,Returning
3661,6,29.0,7514.326823690888,0.2475010236223637,3.7511088601657576,1252.3878039484814,Regular,New
3662,3,10.0,1561.7622297029927,0.1413081352349139,2.368076454793042,520.5874099009976,Low Value,New
3663,5,18.0,10046.581629178669,0.14111181597457306,2.5180363322767176,2009.3163258357338,Regular,Returning
3664,3,13.0,4012.2400853592485,0.11437942801770444,3.694664184956719,1337.413361786416,Low Value,Returning
3665,1,2.0,84.29078109738987,0.0525710865674224,1.8714431800385296,84.29078109738987,Low Value,Returning
3666,9,26.0,6960.596175802239,0.19877316006421028,3.2101341919264836,773.3995750891377,Regular,Returning
3667,9,37.0,20220.048892719486,0.09846554850349672,3.36125892688844,2246.672099191054,High Value,Returning
3668,11,46.0,12663.310864352074,0.14212153786121764,3.209329649837549,1151.2100785774612,High Value,Returning
3669,9,34.0,9092.492237520864,0.19685424071891067,3.0148215783532866,1010.2769152800961,Regular,Returning
3670,3,12.0,3414.0382252691415,0.0941649416032842,3.191079943888386,1138.0127417563806,Low Value,New
3671,9,30.0,12742.201446311088,0.10238505272300243,3.337987751191116,1415.800160701232,High Value,New
3672,3,7.0,2492.453526562471,0.14475642759094134,1.959760184604513,830.8178421874903,Low Value,Returning
3673,5,9.0,4909.330493351606,0.17918141575144414,3.000895469575018,981.8660986703211,Low Value,New
3674,3,13.0,5870.592924827601,0.13256875745336938,3.3234855707878217,1956.864308275867,Low Value,New
3675,6,22.0,11612.05678583668,0.1499598553740654,3.6550342321341156,1935.3427976394466,High Value,New
3676,9,30.0,14601.266371492115,0.12723393620980275,3.4622295965721266,1622.3629301657904,High Value,Returning
3677,3,10.0,1038.6154474875116,0.11479390835731924,3.401748450387915,346.20514916250386,Low Value,VIP
3678,3,13.0,6545.582572600777,0.16489660116291682,2.569051922037055,2181.8608575335925,Low Value,New
3679,2,6.0,1467.299694153606,0.19428076271929373,3.0987333548333824,733.649847076803,Low Value,Returning
3680,6,29.0,12589.04818133887,0.13743919408081565,2.255670720303059,2098.174696889812,High Value,New
3681,1,1.0,372.0907931992456,0.2566737303139284,2.618553417945841,372.0907931992456,Low Value,Returning
3682,7,29.0,9964.24880886197,0.12675276658743717,3.137550734676761,1423.46411555171,Regular,New
3683,5,16.0,7391.3170685460655,0.14465391075249798,2.3117858903839426,1478.2634137092132,Regular,New
3684,2,6.0,1706.1089695917979,0.06374292751672644,3.4473641559761994,853.0544847958989,Low Value,Returning
3685,2,10.0,312.941719403806,0.27339171531298556,1.9423967615066118,156.470859701903,Low Value,Returning
3686,5,22.0,9277.078914939693,0.13511337543289836,1.883430133035506,1855.4157829879387,Regular,Returning
3687,15,57.0,21541.658469803308,0.12310334249363646,2.603142108891966,1436.1105646535539,VIP,Returning
3688,4,17.0,9802.803777591025,0.11724095460603337,2.817617179898189,2450.7009443977563,Regular,Returning
3689,3,13.0,4479.04552609874,0.16206135446228753,2.3164890563541074,1493.0151753662467,Low Value,New
3690,3,14.0,4068.8747035004626,0.13932254580097253,3.0168181095165423,1356.2915678334875,Low Value,New
3691,6,21.0,7115.365864951297,0.13835461037731334,3.9033566543544342,1185.8943108252163,Regular,Returning
3692,3,11.0,2853.7156219910657,0.15382603785756863,3.198582997493388,951.2385406636886,Low Value,New
3693,4,20.0,7506.017996659557,0.15603842547988164,3.4044479841220503,1876.5044991648892,Regular,New
3694,6,19.0,14568.442313177216,0.1316648979344435,2.425957464345021,2428.0737188628696,High Value,VIP
3695,4,13.0,6954.55056998894,0.1623056278805174,2.2605771169194564,1738.637642497235,Regular,Returning
3696,3,5.0,1391.0535838617693,0.10939945273427436,2.973369235747564,463.6845279539231,Low Value,New
3697,9,48.0,13196.186210593525,0.19823540232524173,2.691699740145493,1466.2429122881695,High Value,New
3698,3,11.0,7617.457238263169,0.10768121465145843,2.0935258553471923,2539.1524127543894,Regular,New
3699,3,19.0,1909.9596025416145,0.1807935102165403,2.4759776309919763,636.6532008472049,Low Value,Returning
3700,4,8.0,4556.680072700564,0.37480154665073084,1.7794623749297491,1139.170018175141,Low Value,Returning
3701,8,34.0,8313.048152777963,0.1565948322206328,2.868527369965335,1039.1310190972454,Regular,Returning
3702,2,13.0,2822.4794596443617,0.1078065097799734,3.1254712764976125,1411.2397298221808,Low Value,New
3703,3,17.0,1235.7604707025632,0.13477514149143924,2.1775578224735637,411.9201569008544,Low Value,New
3704,5,23.0,5986.345996606513,0.17415312187149,2.9310322157421025,1197.2691993213025,Low Value,Returning
3705,3,15.0,3301.5570774774337,0.256631856656725,3.3838493139553445,1100.5190258258112,Low Value,Returning
3706,8,32.0,19955.008861266135,0.1810045736287057,2.915115921535639,2494.376107658267,High Value,VIP
3707,2,8.0,3445.008333055295,0.14014333566502854,4.227740629949832,1722.5041665276476,Low Value,Returning
3708,3,12.0,5746.116213347064,0.17596824789213447,3.4058036453347977,1915.3720711156882,Low Value,Returning
3709,13,50.0,23077.51464288596,0.14305766155811037,2.9387320144045526,1775.1934340681507,VIP,New
3710,5,7.0,3929.9947675477365,0.17138565441869663,3.238472560340971,785.9989535095473,Low Value,VIP
3711,7,27.0,20499.867558781654,0.12617899309001104,2.5411415862884685,2928.5525083973794,High Value,New
3712,8,30.0,16941.561483788053,0.1385977435939297,2.327258539733262,2117.6951854735066,High Value,New
3713,2,4.0,586.0803427049469,0.20195435336015624,2.0977685630393847,293.04017135247346,Low Value,Returning
3714,7,29.0,12131.43285194164,0.1709235244679738,3.258797737245248,1733.0618359916627,High Value,New
3715,1,6.0,1878.3335153503317,0.0498941245424108,4.192568992562549,1878.3335153503317,Low Value,New
3716,4,22.0,3518.0728663630657,0.10127765804168767,3.0498147330656806,879.5182165907664,Low Value,Returning
3717,2,9.0,1969.709771622303,0.06327058899722145,1.8112612167651716,984.8548858111515,Low Value,VIP
3718,5,19.0,6635.948996589602,0.14375141665901506,2.567175507748374,1327.1897993179205,Low Value,Returning
3719,2,4.0,1695.7133181767615,0.26029489243075754,1.7366050364136392,847.8566590883808,Low Value,Returning
3720,5,19.0,5814.248873230087,0.15453732717924434,3.3587399219028398,1162.8497746460175,Low Value,New
3721,6,20.0,10253.372026910089,0.09276325305667858,2.5718418196986934,1708.895337818348,Regular,New
3722,3,6.0,3664.301820085075,0.15108550564577916,2.5188151376054413,1221.4339400283584,Low Value,New
3723,5,27.0,2952.666985214976,0.11911794516440855,2.2490155651945765,590.5333970429953,Low Value,Returning
3724,5,26.0,10297.913854782104,0.1718538218966284,4.220294879869985,2059.582770956421,Regular,VIP
3725,5,16.0,13951.320714266116,0.15873581086037927,2.8216019925664475,2790.2641428532233,High Value,Returning
3726,6,26.0,13288.568913512958,0.13818043573865094,2.8578696729056667,2214.761485585493,High Value,Returning
3727,3,14.0,1611.1949597013945,0.1537319007856037,3.84742415692717,537.0649865671315,Low Value,Returning
3728,6,16.0,6348.422027573639,0.14600373777887468,2.557064266988646,1058.0703379289398,Low Value,New
3729,2,6.0,3211.484804123206,0.0875590707421951,1.5512882721867818,1605.742402061603,Low Value,Returning
3730,5,21.0,6069.141097531149,0.15357935076548357,3.0488269247040476,1213.8282195062297,Low Value,Returning
3731,4,12.0,5233.747571693621,0.2196627949231456,2.8226467449647448,1308.4368929234051,Low Value,New
3732,6,26.0,11511.617920183711,0.1269570261624435,2.4492696429595204,1918.6029866972851,High Value,New
3733,4,15.0,7883.018028033854,0.1374399683976457,2.7284583484284473,1970.7545070084634,Regular,New
3734,5,28.0,8042.531817428483,0.12319354945898957,3.52545738202027,1608.5063634856965,Regular,Returning
3735,6,22.0,7606.868821884623,0.14910002673185943,3.3725360085419833,1267.8114703141039,Regular,New
3736,6,21.0,10225.786686070342,0.09985043917067395,3.9715240370150524,1704.2977810117236,Regular,New
3737,2,11.0,4297.72969267099,0.17008546682164777,3.666405530318957,2148.864846335495,Low Value,New
3738,6,26.0,8227.273241014593,0.15643532907353716,2.8913264733577577,1371.2122068357655,Regular,Returning
3739,8,37.0,15818.317992296175,0.17468898426225876,2.989031256074563,1977.289749037022,High Value,Returning
3740,5,22.0,9097.065654699018,0.16263366010519315,3.1719031052975586,1819.4131309398035,Regular,Returning
3741,3,12.0,4572.9542521132435,0.1154742854488063,3.1660628389344385,1524.318084037748,Low Value,Returning
3742,6,29.0,14563.100424149128,0.17431410432116645,3.5650272859105585,2427.1834040248546,High Value,New
3743,3,19.0,4791.045932769312,0.17675181125759418,1.9892992622206511,1597.015310923104,Low Value,VIP
3744,4,17.0,4971.606244295548,0.15309402340735506,2.3348321418778166,1242.901561073887,Low Value,Returning
3745,8,47.0,10131.61063490741,0.12006015783485484,3.355085240883671,1266.4513293634263,Regular,Returning
3746,10,44.0,15256.47476620271,0.13985005990809934,2.88144586582309,1525.647476620271,High Value,New
3747,5,15.0,2333.959693734057,0.18059210632529318,2.53215253011278,466.7919387468114,Low Value,New
3748,8,29.0,11503.010125732879,0.11012269777684408,2.539217216644335,1437.8762657166099,High Value,Returning
3749,2,5.0,1088.0859405808935,0.21867470633544772,2.7701236446589528,544.0429702904468,Low Value,VIP
3750,6,26.0,11935.078591549242,0.09473657080989079,2.3304882042582458,1989.179765258207,High Value,Returning
3751,5,22.0,3513.408369421146,0.10185924778785771,2.1722152568355186,702.6816738842292,Low Value,Returning
3753,4,26.0,2620.8262777780783,0.14411643773277072,3.126407649019416,655.2065694445196,Low Value,New
3754,3,14.0,3836.33762340732,0.09000236982602079,2.783739863677108,1278.77920780244,Low Value,New
3755,3,12.0,4763.995409083714,0.12033060986598197,2.3470163738017704,1587.9984696945712,Low Value,New
3756,5,23.0,1970.32714798421,0.17467782129020337,3.6403600999046346,394.06542959684197,Low Value,Returning
3757,9,35.0,14149.038236007691,0.1761469015956749,2.580521099157823,1572.11535955641,High Value,Returning
3758,4,14.0,2290.6772033353004,0.0402547674510889,3.494313945739317,572.6693008338251,Low Value,New
3759,5,18.0,4301.662895472001,0.14265295129570213,3.309418916794992,860.3325790944002,Low Value,Returning
3760,6,23.0,12771.32919659009,0.15148942148262204,2.9228591071227186,2128.554866098348,High Value,New
3761,3,13.0,4745.098310256481,0.1311194596116458,2.5831397409386656,1581.6994367521604,Low Value,Returning
3762,6,17.0,10066.96659182705,0.12169343420934582,2.822760273473195,1677.8277653045081,Regular,New
3763,3,6.0,3341.3651584710824,0.2457136170923991,2.5720690642799475,1113.7883861570274,Low Value,Returning
3764,9,28.0,10269.86910531837,0.13714230514710943,2.526615296584565,1141.0965672575967,Regular,New
3765,7,31.0,7503.60327370702,0.1449002061840121,2.4706648976721044,1071.9433248152886,Regular,VIP
3766,4,8.0,4280.152427843357,0.14947178567812117,3.8512512784604795,1070.0381069608393,Low Value,VIP
3767,5,12.0,9133.82015824064,0.16348543079182676,3.4204994824969575,1826.764031648128,Regular,Returning
3768,2,11.0,1651.425063010858,0.10914791316805646,4.509502324688017,825.712531505429,Low Value,Returning
3769,8,27.0,8989.902056415352,0.1386347453841604,2.9301661632995115,1123.737757051919,Regular,New
3770,3,11.0,1988.2049476881994,0.21599817240909572,3.170262306216006,662.7349825627331,Low Value,Returning
3771,4,16.0,4052.4159733669503,0.1945070733099572,2.8312809259756575,1013.1039933417376,Low Value,Returning
3773,5,23.0,5765.745461143179,0.14558964539885802,3.4026939072777083,1153.149092228636,Low Value,Returning
3774,13,42.0,10207.196861570445,0.14675668893766083,3.2641537224237913,785.1689893515727,Regular,VIP
3775,7,24.0,6581.604568853058,0.12677557805776027,2.290753159123902,940.2292241218654,Low Value,New
3776,7,26.0,11050.01887898139,0.17084192129302592,2.688472614292881,1578.57412556877,High Value,New
3777,3,9.0,937.0973184163685,0.14470361013123068,2.7531148361480136,312.3657728054562,Low Value,New
3778,4,17.0,4145.5252120700825,0.1684166349243081,3.2129512741264254,1036.3813030175206,Low Value,New
3779,3,17.0,7849.2670426343075,0.16128350255578272,2.6105233276675506,2616.4223475447693,Regular,VIP
3780,8,32.0,16549.181109494093,0.1489048870479921,3.6232590013741106,2068.6476386867616,High Value,New
3781,5,17.0,9507.427086255857,0.2218837012294769,2.991880109133306,1901.4854172511714,Regular,VIP
3782,4,11.0,1957.818428648085,0.13085582292928088,3.566538080826223,489.45460716202126,Low Value,Returning
3783,6,22.0,5539.9597974420985,0.13853901744525754,3.0819622731010305,923.3266329070165,Low Value,New
3784,3,18.0,4178.631324557777,0.15172397046342984,4.6178569584738876,1392.8771081859256,Low Value,Returning
3785,6,26.0,10684.433004219263,0.10751570080158483,2.4647383227075603,1780.738834036544,High Value,New
3786,7,19.0,8813.08200692401,0.1675076659457912,3.8509461489630077,1259.0117152748587,Regular,Returning
3787,7,33.0,13941.807817139335,0.12944538278325704,3.5003618886684835,1991.686831019905,High Value,New
3788,6,28.0,5264.520005110387,0.107433468807059,3.260658966352956,877.4200008517311,Low Value,Returning
3789,3,9.0,1913.2543358561986,0.19161348926802135,2.4020072476742027,637.7514452853995,Low Value,Returning
3790,2,4.0,218.41428377679202,0.12354743631330205,3.376820438837222,109.20714188839601,Low Value,New
3791,6,29.0,10728.787088149638,0.20367706219041792,2.4309611298735896,1788.1311813582731,High Value,VIP
3792,3,12.0,3778.8062212427494,0.09877327337522644,3.1592388102827265,1259.602073747583,Low Value,New
3793,1,1.0,595.1584776889545,0.15257988406266,1.5259019894396273,595.1584776889545,Low Value,New
3794,6,27.0,10467.63592827716,0.11028929602099093,2.61950615962853,1744.6059880461933,High Value,New
3795,6,10.0,2786.0572663285793,0.17318075185375206,2.7313533077045835,464.3428777214299,Low Value,VIP
3796,5,20.0,10598.94182050292,0.21845014851858577,3.4963961271318356,2119.7883641005837,High Value,New
3797,5,20.0,5533.40560931393,0.13348748196412147,2.550347635550969,1106.6811218627859,Low Value,VIP
3798,3,17.0,2589.626914509542,0.1810045114505183,2.31399014559772,863.2089715031807,Low Value,New
3799,5,10.0,3682.9374308000865,0.11936425317114038,2.1755464113168497,736.5874861600173,Low Value,Returning
3800,7,27.0,9466.183398336154,0.1720924223651803,3.2239657585219033,1352.311914048022,Regular,New
3801,8,31.0,10667.029590407492,0.20345038524550643,3.2380741888489917,1333.3786988009365,High Value,New
3802,6,17.0,10059.396936239922,0.15562034889363446,2.665499075668505,1676.566156039987,Regular,New
3803,3,7.0,3377.572197465319,0.1098040207787172,2.4090634379076312,1125.8573991551064,Low Value,New
3804,5,23.0,7926.774896132634,0.11247480904914364,2.808933220205384,1585.354979226527,Regular,Returning
3805,7,35.0,11407.586875578929,0.1788515157538049,2.7443593258833845,1629.655267939847,High Value,Returning
3806,4,17.0,12892.185751624336,0.10279863721006152,3.0972379905163736,3223.046437906084,High Value,Returning
3807,5,21.0,14570.367074795733,0.16582622327460178,3.4749038285018705,2914.0734149591467,High Value,Returning
3809,9,36.0,10604.200629667052,0.11072649535747497,2.86013608170393,1178.2445144074502,High Value,New
3810,8,37.0,10444.485711429421,0.2005226217982399,2.2043894200418426,1305.5607139286776,High Value,New
3811,9,43.0,9896.335337166685,0.23638358470724125,3.077226975855192,1099.5928152407428,Regular,VIP
3812,6,26.0,10892.634158452303,0.104233950279551,3.0881761553542915,1815.4390264087172,High Value,New
3813,4,16.0,5630.033110301316,0.1642924524871982,2.573824405675555,1407.508277575329,Low Value,VIP
3814,2,12.0,3671.5221708299305,0.1830390824217651,3.518314372343043,1835.7610854149652,Low Value,New
3815,4,20.0,7469.598038919978,0.07694554623327597,2.9323861834472087,1867.3995097299944,Regular,New
3816,5,18.0,4574.3813309726165,0.1326154866662152,3.3563967477709347,914.8762661945233,Low Value,New
3817,3,15.0,6276.794115764855,0.10944334199666021,3.163346883904126,2092.2647052549514,Low Value,New
3818,5,12.0,5109.146872261064,0.196100809354262,3.0531958475202288,1021.8293744522128,Low Value,Returning
3819,2,7.0,4695.874999151949,0.0358539037487205,3.4842599402513383,2347.9374995759745,Low Value,Returning
3820,4,10.0,2604.0253671780747,0.16074479449076695,3.365093810861806,651.0063417945187,Low Value,Returning
3822,2,2.0,2249.694986516147,0.13910963774036075,2.5114277362163313,1124.8474932580734,Low Value,Returning
3823,4,17.0,4788.551426690409,0.1428832635474757,1.4623832132866923,1197.1378566726023,Low Value,Returning
3824,9,37.0,15245.134685457226,0.13606200757142053,3.2503806839279465,1693.9038539396918,High Value,VIP
3825,3,20.0,11905.006123274961,0.15408822090945618,3.5979976230250394,3968.335374424987,High Value,New
3826,5,8.0,7398.465391309617,0.12658459142757772,2.6210410217681748,1479.6930782619233,Regular,New
3827,4,24.0,5477.881044107491,0.13383106245816986,3.292515853464151,1369.4702610268728,Low Value,Returning
3828,5,13.0,7472.345045250987,0.10640898951447098,3.4626929393354553,1494.4690090501974,Regular,Returning
3829,7,32.0,6363.696743274912,0.162374871355132,3.013282859422758,909.0995347535588,Low Value,Returning
3830,3,18.0,7433.35388503032,0.18960704377583817,4.014424741697832,2477.78462834344,Regular,Returning
3831,2,8.0,1152.1994835926732,0.14229263053780275,3.1534011794235304,576.0997417963366,Low Value,VIP
3832,6,34.0,19550.125434896032,0.14231303780220816,2.4341862622663304,3258.354239149339,High Value,Returning
3833,8,32.0,11845.235730528362,0.17270236647615994,3.969404529122298,1480.6544663160453,High Value,Returning
3834,5,18.0,5901.855809613438,0.1263941626046193,2.7785292740018184,1180.3711619226876,Low Value,VIP
3835,2,7.0,2316.6701597382184,0.16940782717696418,1.5262748579546457,1158.3350798691092,Low Value,New
3836,5,23.0,8573.650115442535,0.18439721152771898,3.1633551433209033,1714.730023088507,Regular,New
3837,4,12.0,2231.6629111130524,0.1819297379437982,3.9146658925646936,557.9157277782631,Low Value,Returning
3838,7,26.0,7386.3339583621855,0.0765901243704362,2.9210694976715113,1055.1905654803122,Regular,New
3839,9,35.0,15983.642031587777,0.16029975810901764,3.356823940235122,1775.9602257319752,High Value,New
3840,3,17.0,8644.701928767197,0.15968760543713048,2.528550395610867,2881.5673095890656,Regular,Returning
3841,4,19.0,6197.652119846192,0.18583785182147752,2.6424512347624627,1549.413029961548,Low Value,New
3842,7,24.0,8819.313423192567,0.18612649555012725,3.2694816128421818,1259.901917598938,Regular,Returning
3843,5,14.0,11577.199524225354,0.13388723312880668,3.3217635944705557,2315.439904845071,High Value,VIP
3844,4,13.0,10047.536200055352,0.14664242808726147,3.0763528495671624,2511.884050013838,Regular,Returning
3845,5,24.0,8118.144129392343,0.1752995852840408,2.9591383785484977,1623.6288258784684,Regular,New
3846,5,26.0,7633.174977293982,0.16262052769206792,2.619938912767682,1526.6349954587963,Regular,New
3847,5,22.0,5197.29413400699,0.125237551188719,3.1524482320065976,1039.4588268013981,Low Value,Returning
3848,5,14.0,4315.91691883067,0.1132316169090618,2.8315712195234104,863.1833837661339,Low Value,New
3849,6,18.0,6242.092480522353,0.20171761791905599,3.312592056637826,1040.3487467537254,Low Value,Returning
3850,8,37.0,17981.58018820022,0.12042445569408076,3.4829471844047477,2247.6975235250275,High Value,Returning
3851,6,22.0,4908.024179802248,0.041804479928832815,3.1488989648946863,818.0040299670413,Low Value,VIP
3852,5,26.0,9590.742484357304,0.2010845755628062,2.982717285748129,1918.1484968714608,Regular,New
3853,4,14.0,5206.340299212772,0.1032680718685355,2.697616012217949,1301.585074803193,Low Value,VIP
3854,9,37.0,11939.650429968895,0.18139375124913698,3.0254117025400875,1326.6278255520995,High Value,VIP
3855,5,17.0,7984.705712755837,0.09876394814879638,2.4008333314913743,1596.9411425511676,Regular,New
3856,1,5.0,2824.860102124028,0.2711688137812978,4.902101900976256,2824.860102124028,Low Value,Returning
3857,3,14.0,6660.491457000266,0.18439356634856577,2.2520299942200785,2220.1638190000886,Low Value,Returning
3858,5,18.0,10497.677398625552,0.22487255746524593,3.5466530072588753,2099.5354797251102,High Value,Returning
3859,1,2.0,150.32203183749488,0.0571066211392168,2.509870424528644,150.32203183749488,Low Value,Returning
3860,2,6.0,634.2323748728188,0.2503381526796305,1.957366303257102,317.1161874364094,Low Value,New
3861,3,13.0,6095.640226374833,0.10369605890110452,3.2653781416798147,2031.8800754582778,Low Value,New
3862,7,33.0,16260.41201012648,0.16276196918286695,3.2010545350386574,2322.91600144664,High Value,VIP
3863,3,18.0,8293.671519153002,0.15596825955868568,2.0388955860730946,2764.5571730510005,Regular,New
3864,6,30.0,4666.471273661354,0.12427189596975387,3.58082847830188,777.7452122768923,Low Value,Returning
3865,3,15.0,2056.7775994254234,0.13932711722456714,3.144170606082763,685.5925331418078,Low Value,Returning
3866,4,16.0,5066.60876642207,0.22033419860409173,3.6571902139240113,1266.6521916055176,Low Value,Returning
3867,6,32.0,15553.521690819423,0.13439793024643845,2.3679465623399345,2592.2536151365707,High Value,VIP
3868,7,22.0,12488.428979854567,0.20016811286739247,3.459117456090481,1784.0612828363667,High Value,New
3869,4,19.0,3810.397720268866,0.13753906804172794,2.960126619587155,952.5994300672165,Low Value,New
3870,9,30.0,5692.904470880978,0.15013021257486756,2.7468293326550137,632.5449412089976,Low Value,VIP
3871,5,23.0,7801.890344183558,0.1403926712261233,2.5330731217100633,1560.3780688367117,Regular,New
3872,4,17.0,4501.5497551710205,0.19050822858361485,2.843574806256731,1125.3874387927551,Low Value,New
3873,8,23.0,12769.196323093329,0.1424350675299177,3.321600024428003,1596.149540386666,High Value,New
3874,3,7.0,1942.3512064157667,0.17212486357035317,4.316583347822028,647.4504021385889,Low Value,Returning
3875,1,2.0,1718.7338079035137,0.0771434561643667,3.740757792229046,1718.7338079035137,Low Value,Returning
3876,8,41.0,10938.50313236719,0.14714381820076422,3.489525281576066,1367.3128915458988,High Value,Returning
3877,2,8.0,729.8357529938011,0.16372988309069955,1.83655873453877,364.91787649690053,Low Value,New
3878,5,18.0,4402.687583246309,0.13239173216501487,3.44724642817179,880.5375166492619,Low Value,VIP
3879,6,30.0,18157.958751312595,0.16658149673005965,2.8571271432548593,3026.326458552099,High Value,New
3880,5,22.0,5776.614162189472,0.08603082663130857,2.962197571598866,1155.3228324378945,Low Value,Returning
3881,6,17.0,6607.069818337414,0.1755108898954424,3.0214848892872403,1101.1783030562358,Low Value,Returning
3882,5,19.0,18460.384909784294,0.08426551109857311,3.190007720915947,3692.0769819568586,High Value,Returning
3883,2,9.0,3877.7305495176806,0.14284491229660676,2.7978853149773517,1938.8652747588403,Low Value,Returning
3884,8,37.0,14422.99887039309,0.1091629965785768,2.6213975136366487,1802.8748587991363,High Value,Returning
3885,6,24.0,11757.258597454598,0.20167246608907854,2.9522641409285293,1959.5430995757663,High Value,VIP
3886,9,30.0,8601.753499392384,0.16085093364753728,2.3055236268009107,955.750388821376,Regular,Returning
3887,5,16.0,9867.90910172308,0.14281194394579672,3.226771027626415,1973.581820344616,Regular,New
3888,3,13.0,2478.728706207916,0.07799070012001064,2.4522284591863004,826.2429020693053,Low Value,Returning
3889,6,25.0,7753.914993624016,0.14420128476051272,2.814756891126162,1292.3191656040026,Regular,New
3890,7,30.0,15206.787182357344,0.18446799089332422,2.3049295785072568,2172.398168908192,High Value,Returning
3891,3,11.0,10502.36139906523,0.12714763049232256,3.7039415144977847,3500.7871330217436,High Value,Returning
3892,6,25.0,11227.726572334996,0.18066005906421903,3.154685846243398,1871.2877620558327,High Value,New
3893,7,27.0,7108.196028042927,0.19531541008492712,2.9985889145574345,1015.4565754347038,Regular,VIP
3894,5,28.0,3998.1205090405656,0.1888074287167016,2.7268652976123926,799.6241018081131,Low Value,New
3895,2,6.0,2835.5269572938423,0.11447984422234281,1.511292686299452,1417.7634786469212,Low Value,Returning
3896,6,26.0,13002.642872673445,0.20666076634075256,3.2660046141329118,2167.107145445574,High Value,New
3897,12,41.0,15626.016264528029,0.14826603384894618,3.3464475301213805,1302.1680220440023,High Value,New
3898,6,18.0,3598.6640675505023,0.18566668679524892,2.831205226051764,599.7773445917504,Low Value,New
3899,4,11.0,2937.6367469514885,0.1259488842078067,3.44445804262195,734.4091867378721,Low Value,New
3900,5,14.0,3321.8626377914115,0.13512567727580405,3.1502259036579003,664.3725275582823,Low Value,Returning
3901,5,18.0,8086.23367684669,0.0731613515471913,2.996534674929229,1617.246735369338,Regular,New
3902,7,38.0,7257.735662006904,0.18563624057055098,3.3000050144528226,1036.8193802867006,Regular,New
3903,8,38.0,17415.18817843332,0.1863432328044313,2.8479734719850534,2176.898522304165,High Value,Returning
3904,8,37.0,12018.737797922968,0.22611240963414653,3.1690449564550462,1502.342224740371,High Value,VIP
3905,4,13.0,3857.1719058728645,0.09706351988181541,2.268041826010436,964.2929764682161,Low Value,New
3906,5,24.0,13852.973869566573,0.11951266182074143,3.0344434498120934,2770.5947739133144,High Value,New
3907,7,30.0,4678.781608916651,0.11832495598493299,2.808841863098008,668.3973727023787,Low Value,New
3908,4,19.0,5142.23801358199,0.15309103039657215,3.4865311225562294,1285.5595033954976,Low Value,VIP
3909,5,22.0,8903.531690571419,0.1295647005026403,2.5569461811519805,1780.7063381142839,Regular,Returning
3910,3,13.0,5490.256854182929,0.12815341137933353,3.4783475506334365,1830.0856180609762,Low Value,Returning
3911,4,16.0,4757.1936100589255,0.17061214840822364,2.3916237559123377,1189.2984025147314,Low Value,Returning
3912,4,17.0,3916.187389322409,0.15781880007329974,4.179465686069721,979.0468473306023,Low Value,Returning
3913,6,29.0,6144.68155646472,0.17865975127105058,2.739118426228675,1024.11359274412,Low Value,New
3914,5,17.0,1359.165570450592,0.2045673826202749,2.7584187518305945,271.8331140901184,Low Value,Returning
3915,6,19.0,11331.983602953835,0.14783072624291693,2.7674467305142034,1888.663933825639,High Value,New
3916,9,46.0,13511.7785397342,0.1458926347575649,3.5320870147250094,1501.3087266371333,High Value,Returning
3917,5,12.0,5104.276077690795,0.13625998923809912,3.42435173878041,1020.8552155381591,Low Value,New
3918,7,27.0,9610.16957913235,0.247062724547067,2.9128706268100615,1372.8813684474785,Regular,Returning
3919,4,13.0,10158.455018351884,0.12414503414367944,3.504767184651854,2539.613754587971,Regular,Returning
3920,4,17.0,2844.9025305800847,0.21554826430606341,2.5072373486306443,711.2256326450212,Low Value,Returning
3921,6,27.0,9739.009207431629,0.13018118400159645,3.226128678867628,1623.1682012386048,Regular,Returning
3922,5,25.0,14556.501256642896,0.12370807069734036,4.100624272913851,2911.300251328579,High Value,New
3923,5,17.0,2761.4134892477964,0.09260657969618258,2.4602823319803284,552.2826978495593,Low Value,Returning
3924,4,15.0,5258.451624539023,0.14315628580941245,2.7379237259336078,1314.6129061347558,Low Value,Returning
3925,6,20.0,8975.6051960193,0.0825785768397892,3.1821213669316504,1495.93419933655,Regular,New
3926,4,8.0,2083.4403859674835,0.1977765050740431,2.4125212037951282,520.8600964918709,Low Value,Returning
3927,6,20.0,6940.987090435691,0.1457019779426802,2.8558751765923147,1156.8311817392819,Regular,New
3928,1,2.0,2002.3555714193135,0.1636547748190046,3.291780468512993,2002.3555714193135,Low Value,Returning
3929,8,28.0,8287.955332180682,0.15252049579036897,3.5110343469780156,1035.9944165225852,Regular,VIP
3930,4,20.0,7008.8131141808935,0.18773274051159866,2.709516814489249,1752.2032785452234,Regular,Returning
3931,3,7.0,5538.111951015553,0.10027425944822127,3.3516259626897487,1846.0373170051844,Low Value,New
3932,5,16.0,4700.042181999672,0.11975840609901964,3.8076360013686483,940.0084363999343,Low Value,New
3933,1,7.0,1233.909933349846,0.2363095381799353,4.393687885246614,1233.909933349846,Low Value,New
3934,8,27.0,14324.018923085097,0.13573373724052365,3.7119646032499,1790.5023653856372,High Value,New
3935,6,19.0,8658.939403533639,0.10600674275723916,3.732969783581627,1443.1565672556064,Regular,Returning
3936,4,15.0,6889.596495895727,0.10893637833027948,3.2791377904714913,1722.3991239739316,Low Value,New
3937,7,28.0,8734.524961691955,0.18830652431735892,2.9692323929050692,1247.789280241708,Regular,New
3938,4,12.0,4065.829269144598,0.13028781808431922,4.033987605360666,1016.4573172861495,Low Value,Returning
3939,9,29.0,9434.126621946945,0.13423603725361388,2.8695348494666586,1048.2362913274383,Regular,Returning
3940,8,25.0,12361.287355507644,0.1846342182516001,2.963580427698515,1545.1609194384555,High Value,Returning
3941,8,29.0,9887.621817231908,0.15168991668012538,2.818141270958464,1235.9527271539885,Regular,New
3942,7,27.0,9694.204195799204,0.16876937993256255,3.076093558479156,1384.8863136856005,Regular,Returning
3943,3,4.0,1199.7263816475067,0.1444279849326627,2.7296500821148744,399.90879388250227,Low Value,Returning
3944,4,16.0,7650.410913226443,0.1778642543683094,3.564562971681798,1912.6027283066107,Regular,New
3945,4,7.0,5660.0876974767,0.18957035765467567,3.053135243643309,1415.021924369175,Low Value,New
3946,9,20.0,4686.657909078962,0.10666070786703852,2.572582202981224,520.7397676754402,Low Value,New
3947,9,36.0,11906.273835531712,0.12113285710845391,2.0743977225563746,1322.919315059079,High Value,Returning
3948,8,40.0,15919.361854844796,0.14584790967929706,2.8118714510002913,1989.9202318555995,High Value,Returning
3949,1,7.0,1866.2867562518704,0.2037210661035712,3.721179864282983,1866.2867562518704,Low Value,New
3950,7,30.0,13054.550985667553,0.13847462277256967,2.4936879605964912,1864.9358550953646,High Value,Returning
3951,5,26.0,13428.482895940098,0.05320752877008028,1.6859207432896723,2685.6965791880198,High Value,Returning
3952,2,2.0,1269.9521479567472,0.14100002629012584,2.24599167283558,634.9760739783736,Low Value,New
3953,5,15.0,7259.3059876512,0.16130754204439154,2.88329310259767,1451.86119753024,Regular,New
3954,4,14.0,3728.9233878747564,0.14410216595674463,3.1138114011672964,932.2308469686891,Low Value,Returning
3955,1,6.0,1228.1125067295466,0.1893096718845758,3.0065057990052035,1228.1125067295466,Low Value,Returning
3956,1,5.0,1361.404068930131,0.0123883828132238,2.9464567904203043,1361.404068930131,Low Value,Returning
3957,6,20.0,5902.489768039988,0.19000479380284088,2.514073652283891,983.7482946733313,Low Value,New
3958,5,24.0,13134.20794331087,0.1340598290997951,2.4021077474484422,2626.841588662174,High Value,Returning
3959,5,18.0,2957.1512230553517,0.1682330493064813,3.432018957101339,591.4302446110703,Low Value,New
3960,8,23.0,9763.5817402451,0.1858696543816905,2.2978675266167636,1220.4477175306374,Regular,Returning
3961,5,27.0,11755.05977446166,0.09459716271917111,2.6475829145849414,2351.011954892332,High Value,Returning
3962,3,10.0,3003.5321873203447,0.16564881979100754,2.896641545754066,1001.1773957734482,Low Value,Returning
3963,8,28.0,18400.449229669954,0.14054936281886782,3.534061264756172,2300.056153708744,High Value,Returning
3964,6,22.0,7792.975312255639,0.17088068401943723,3.536875772253538,1298.8292187092732,Regular,Returning
3965,9,40.0,14468.974717920273,0.09706946715886712,3.256852591592229,1607.663857546697,High Value,Returning
3966,5,22.0,4247.237639363693,0.12933536628182257,3.4739856650283394,849.4475278727386,Low Value,VIP
3967,7,30.0,8053.74469663425,0.1687388792876298,2.3273309004935325,1150.5349566620357,Regular,Returning
3968,6,30.0,11573.249898970065,0.18248454435392758,2.829312764712487,1928.8749831616776,High Value,New
3969,3,13.0,1557.8519750180665,0.026019535205914966,2.9847601992406454,519.2839916726888,Low Value,Returning
3970,6,20.0,8465.864453193897,0.11059705503610225,3.153153462344114,1410.9774088656495,Regular,Returning
3971,5,20.0,15109.773277335644,0.1521234326267246,3.2973539144819433,3021.9546554671288,High Value,New
3972,6,27.0,2303.3764528015076,0.21829578089009935,2.518713085891823,383.8960754669179,Low Value,Returning
3973,5,18.0,9367.035927174504,0.15716525814236768,3.344268932734561,1873.4071854349008,Regular,New
3974,9,40.0,22835.620868552996,0.2785428097391348,3.39875009157703,2537.2912076169996,VIP,Returning
3975,2,9.0,3088.9866656401414,0.1744002437045406,1.3615069311015635,1544.4933328200707,Low Value,New
3976,6,22.0,8346.550070846759,0.19244933318129762,2.8039329731625906,1391.0916784744597,Regular,New
3977,5,14.0,9754.841615986876,0.14414068783744569,2.5676734778918098,1950.9683231973752,Regular,Returning
3978,6,33.0,6911.3662227509985,0.17173682661069237,2.7475151664852784,1151.8943704584997,Regular,Returning
3979,5,17.0,5867.646579253844,0.16913666858473508,3.033564377034833,1173.5293158507689,Low Value,New
3980,6,27.0,9801.049194388228,0.167536712403719,2.8039597980132354,1633.5081990647047,Regular,New
3981,3,14.0,2571.4779284126366,0.13089312993836033,3.6363576071231294,857.1593094708788,Low Value,Returning
3982,4,17.0,4567.63404204128,0.22582877050370775,3.635659285858636,1141.90851051032,Low Value,Returning
3983,4,16.0,8501.848339735636,0.12524264571193974,3.966897241726481,2125.462084933909,Regular,VIP
3984,7,28.0,14433.897477298788,0.20875439454044822,2.873297206120364,2061.985353899827,High Value,Returning
3985,5,28.0,13209.025629808308,0.16180178361076494,3.4025003284087783,2641.8051259616614,High Value,Returning
3986,7,35.0,17101.495811306737,0.14598427415327023,2.759613126951185,2443.0708301866766,High Value,Returning
3987,8,25.0,10768.216883360827,0.1689655262020521,3.12034281315058,1346.0271104201033,High Value,Returning
3988,11,39.0,7995.134283680235,0.13264125165085752,2.4396369763699313,726.8303894254759,Regular,VIP
3989,2,12.0,1815.1431124554654,0.14849597776055914,3.8510737179260026,907.5715562277327,Low Value,VIP
3990,6,23.0,7772.307614454104,0.13932012072599656,2.5737321875330985,1295.3846024090174,Regular,Returning
3991,9,40.0,7596.764240013588,0.11638230590341131,2.7243973623636775,844.0849155570654,Regular,New
3992,3,7.0,4719.179269904323,0.11936120079454716,4.159518900782324,1573.0597566347742,Low Value,New
3993,3,9.0,6921.322398608988,0.08592437056090084,2.9267112881556048,2307.107466202996,Regular,Returning
3994,4,20.0,10487.431950372407,0.09207719678157787,3.3303567480833616,2621.857987593102,High Value,Returning
3995,9,35.0,11917.239345348109,0.158319265218113,2.860159791189186,1324.1377050386789,High Value,Returning
3996,3,10.0,1120.727264629441,0.11240683956042492,2.663779457025041,373.5757548764803,Low Value,New
3997,4,13.0,4157.664991070093,0.1384320685050154,2.237193712279103,1039.4162477675231,Low Value,New
3998,3,17.0,5788.753865463555,0.1432039687078586,3.0508842011738633,1929.5846218211848,Low Value,New
3999,4,22.0,8735.733528619428,0.1113130327590596,3.3008107910177715,2183.933382154857,Regular,Returning
4000,4,13.0,2360.6309690535313,0.13064333954100205,2.0530414368655996,590.1577422633828,Low Value,New
