Year,Country,Sector,Expenditure_USD_Million,GDP_Percentage,Expenditure_GDP_Ratio,Spending_Tier,GDP_Contribution,Decade,Growth_Indicator
2000,Australia,Total function,153122.64,37.36193,4098.2505,Mega Spender,Critical,2000,Not Calculated
2000,Australia,Health,24071.984,5.87357,4097.659,Moderate Spender,Significant,2000,Not Calculated
2000,Australia,Education,23066.666,5.62827,4097.63,Moderate Spender,Significant,2000,Not Calculated
2000,Australia,Social protection,43606.7,10.64004,4097.973,Moderate Spender,Critical,2000,Not Calculated
2000,Australia,General public services,20083.178,4.9003,4097.5205,Moderate Spender,Moderate,2000,Not Calculated
2000,Austria,Total function,100682.79,51.16005,1967.9579,Mega Spender,Critical,2000,Not Calculated
2000,Austria,Social protection,40996.27,20.83148,1967.9016,Moderate Spender,Critical,2000,Not Calculated
2000,Belgium,Total function,116971.375,49.52126,2361.9958,Mega Spender,Critical,2000,Not Calculated
2000,Belgium,Social protection,38899.234,16.46847,2361.8997,Moderate Spender,Critical,2000,Not Calculated
2000,Belgium,General public services,27018.346,11.43855,2361.8364,Moderate Spender,Critical,2000,Not Calculated
2000,Brazil,Total function,244151.94,37.24962,6554.3057,Mega Spender,Critical,2000,Not Calculated
2000,Brazil,Health,25159.482,3.83852,6552.7676,Moderate Spender,Moderate,2000,Not Calculated
2000,Brazil,Education,30618.75,4.67142,6553.0815,Moderate Spender,Moderate,2000,Not Calculated
2000,Brazil,Social protection,71893.03,10.96853,6553.8843,Major Spender,Critical,2000,Not Calculated
2000,Brazil,General public services,69447.3,10.59539,6553.8633,Major Spender,Critical,2000,Not Calculated
2000,Czechia,Total function,25253.031,40.84698,618.21985,Moderate Spender,Critical,2000,Not Calculated
2000,Denmark,Total function,86489.484,52.68678,1641.5474,Major Spender,Critical,2000,Not Calculated
2000,Denmark,Social protection,36687.086,22.34866,1641.5054,Moderate Spender,Critical,2000,Not Calculated
2000,Finland,Total function,60419.96,48.06429,1257.0394,Major Spender,Critical,2000,Not Calculated
2000,Finland,Social protection,24613.352,19.58001,1257.0012,Moderate Spender,Critical,2000,Not Calculated
2000,France,Total function,705385.06,51.68205,13648.287,Mega Spender,Critical,2000,Not Calculated
2000,France,Transport,27779.494,2.03534,13641.874,Moderate Spender,Moderate,2000,Not Calculated
2000,France,Health,95351.914,6.98623,13646.598,Major Spender,Significant,2000,Not Calculated
2000,France,Education,76478.81,5.60344,13646.112,Major Spender,Significant,2000,Not Calculated
2000,France,Social protection,278338.03,20.39323,13647.882,Mega Spender,Critical,2000,Not Calculated
2000,France,General public services,106499.914,7.80302,13646.802,Mega Spender,Significant,2000,Not Calculated
2000,France,Defence,26519.688,1.94304,13641.533,Moderate Spender,Minimal,2000,Not Calculated
2000,Germany,Total function,930312.44,47.87666,19431.035,Mega Spender,Critical,2000,Not Calculated
2000,Germany,Transport,35596.95,1.83193,19420.79,Moderate Spender,Minimal,2000,Not Calculated
2000,Germany,Health,126003.84,6.48453,19428.457,Mega Spender,Significant,2000,Not Calculated
2000,Germany,Education,79246.88,4.07828,19426.684,Major Spender,Moderate,2000,Not Calculated
2000,Germany,Social protection,392654.47,20.20717,19430.48,Mega Spender,Critical,2000,Not Calculated
2000,Germany,General public services,132783.16,6.83342,19428.592,Mega Spender,Significant,2000,Not Calculated
2000,Germany,Defence,21233.854,1.09276,19413.63,Moderate Spender,Minimal,2000,Not Calculated
2000,Germany,Public order and safety,30726.742,1.58129,19419.158,Moderate Spender,Minimal,2000,Not Calculated
2000,Germany,"Recreation, culture and religion",24059.184,1.23816,19415.719,Moderate Spender,Minimal,2000,Not Calculated
2000,Germany,"General economic, commercial and labour affairs",25100.096,1.29173,19416.348,Moderate Spender,Minimal,2000,Not Calculated
2000,Greece,Total function,60565.895,45.98106,1317.1636,Major Spender,Critical,2000,Not Calculated
2000,Hungary,Total function,22356.51,47.34702,472.17413,Moderate Spender,Critical,2000,Not Calculated
2000,Ireland,Total function,30631.314,30.64396,999.5547,Moderate Spender,Critical,2000,Not Calculated
2000,Israel,Total function,60264.45,45.49822,1324.5161,Major Spender,Critical,2000,Not Calculated
2000,Italy,Total function,533613.44,46.65151,11438.044,Mega Spender,Critical,2000,Not Calculated
2000,Italy,Health,66767.95,5.83723,11436.335,Major Spender,Significant,2000,Not Calculated
2000,Italy,Education,49722.684,4.34704,11435.654,Moderate Spender,Moderate,2000,Not Calculated
2000,Italy,Social protection,192438.38,16.82405,11437.61,Mega Spender,Critical,2000,Not Calculated
2000,Italy,General public services,121155.8,10.59213,11437.205,Mega Spender,Critical,2000,Not Calculated
2000,Italy,Public order and safety,22694.084,1.98405,11432.499,Moderate Spender,Minimal,2000,Not Calculated
2000,"Korea, Republic of",Total function,135860.05,23.57947,5761.55,Mega Spender,Critical,2000,Not Calculated
2000,"Korea, Republic of",Education,21596.7,3.74826,5760.2563,Moderate Spender,Moderate,2000,Not Calculated
2000,Malaysia,Total function,20260.422,21.60196,937.854,Moderate Spender,Critical,2000,Not Calculated
2000,Netherlands (Kingdom of the),Total function,176899.52,42.47874,4164.3267,Mega Spender,Critical,2000,Not Calculated
2000,Netherlands (Kingdom of the),Social protection,61744.42,14.82664,4164.1436,Major Spender,Critical,2000,Not Calculated
2000,Netherlands (Kingdom of the),General public services,29430.914,7.06722,4163.8364,Moderate Spender,Significant,2000,Not Calculated
2000,Norway,Total function,72649.91,42.42422,1712.4226,Major Spender,Critical,2000,Not Calculated
2000,Norway,Social protection,26662.828,15.56987,1712.3531,Moderate Spender,Critical,2000,Not Calculated
2000,Poland,Total function,74126.66,43.04173,1722.1644,Major Spender,Critical,2000,Not Calculated
2000,Poland,Social protection,30442.64,17.67655,1722.1075,Moderate Spender,Critical,2000,Not Calculated
2000,Portugal,Total function,50598.535,42.76753,1183.0787,Major Spender,Critical,2000,Not Calculated
2000,Russian Federation,Total function,91127.125,34.8389,2615.5964,Major Spender,Critical,2000,Not Calculated
2000,Russian Federation,Social protection,20957.963,8.01246,2615.345,Moderate Spender,Significant,2000,Not Calculated
2000,Russian Federation,General public services,23180.21,8.86205,2615.3762,Moderate Spender,Significant,2000,Not Calculated
2000,South Africa,Total function,46108.49,30.38396,1517.4773,Moderate Spender,Critical,2000,Not Calculated
2000,Spain,Total function,234000.02,39.20405,5968.6196,Mega Spender,Critical,2000,Not Calculated
2000,Spain,Health,30789.549,5.15844,5967.6143,Moderate Spender,Significant,2000,Not Calculated
2000,Spain,Education,24373.213,4.08346,5967.3037,Moderate Spender,Moderate,2000,Not Calculated
2000,Spain,Social protection,75964.36,12.72697,5968.3013,Major Spender,Critical,2000,Not Calculated
2000,Spain,General public services,37111.676,6.21764,5967.8125,Moderate Spender,Significant,2000,Not Calculated
2000,Sweden,Total function,139436.9,53.05128,2628.2925,Mega Spender,Critical,2000,Not Calculated
2000,Sweden,Social protection,57304.19,21.80241,2628.2217,Major Spender,Critical,2000,Not Calculated
2000,Sweden,General public services,25530.1,9.71339,2628.07,Moderate Spender,Significant,2000,Not Calculated
2000,"Switzerland, Liechtenstein",Total function,92973.23,32.90141,2825.727,Major Spender,Critical,2000,Not Calculated
2000,"Switzerland, Liechtenstein",Social protection,37872.832,13.40246,2825.601,Moderate Spender,Critical,2000,Not Calculated
2000,Thailand,Total function,23515.373,18.60508,1263.8542,Moderate Spender,Critical,2000,Not Calculated
2000,United Kingdom,Total function,586783.06,35.22004,16660.016,Mega Spender,Critical,2000,Not Calculated
2000,United Kingdom,Health,82421.63,4.94713,16657.127,Major Spender,Moderate,2000,Not Calculated
2000,United Kingdom,Education,77602.67,4.65789,16656.902,Major Spender,Moderate,2000,Not Calculated
2000,United Kingdom,Social protection,219537.34,13.17713,16659.219,Mega Spender,Critical,2000,Not Calculated
2000,United Kingdom,General public services,75905.07,4.55599,16656.844,Major Spender,Moderate,2000,Not Calculated
2000,United Kingdom,Defence,35950.812,2.15785,16652.762,Moderate Spender,Moderate,2000,Not Calculated
2000,United Kingdom,Public order and safety,32151.625,1.92981,16651.883,Moderate Spender,Minimal,2000,Not Calculated
2000,United States of America,Total function,3.515795e+06,34.08918,103132.195,Mega Spender,Critical,2000,Not Calculated
2000,United States of America,Housing and community amenities,54200.97,0.52553,102939.95,Major Spender,Minimal,2000,Not Calculated
2000,United States of America,Health,621853.1,6.02949,103118.18,Mega Spender,Significant,2000,Not Calculated
2000,United States of America,Education,619307.5,6.00481,103118.07,Mega Spender,Significant,2000,Not Calculated
2000,United States of America,Social protection,662856.4,6.42706,103119.195,Mega Spender,Significant,2000,Not Calculated
2000,United States of America,General public services,640251.8,6.20789,103118.56,Mega Spender,Significant,2000,Not Calculated
2000,United States of America,Defence,304718.4,2.95455,103100.41,Mega Spender,Moderate,2000,Not Calculated
2000,United States of America,Public order and safety,208038.84,2.01715,103083.945,Mega Spender,Moderate,2000,Not Calculated
2000,United States of America,"Recreation, culture and religion",31398.61,0.30444,102797.97,Moderate Spender,Minimal,2000,Not Calculated
2001,Australia,Total function,145149.39,37.11976,3910.1946,Mega Spender,Critical,2000,Not Calculated
2001,Australia,Health,23604.012,6.03637,3909.6516,Moderate Spender,Significant,2000,Not Calculated
2001,Australia,Education,22339.428,5.71297,3909.616,Moderate Spender,Significant,2000,Not Calculated
2001,Australia,Social protection,40553.57,10.37096,3909.9233,Moderate Spender,Critical,2000,Not Calculated
2001,Austria,Total function,101432.03,51.40064,1973.3229,Mega Spender,Critical,2000,Not Calculated
2001,Austria,Social protection,40720.74,20.63522,1973.2655,Moderate Spender,Critical,2000,Not Calculated
2001,Belgium,Total function,116904.016,49.42269,2365.3438,Mega Spender,Critical,2000,Not Calculated
2001,Belgium,Social protection,39486.426,16.6934,2365.25,Moderate Spender,Critical,2000,Not Calculated
2001,Belgium,General public services,26041.145,11.00923,2365.1772,Moderate Spender,Critical,2000,Not Calculated
2001,Brazil,Total function,217987.75,38.92753,5599.6914,Mega Spender,Critical,2000,Not Calculated
2001,Brazil,Health,23317.445,4.16395,5598.4937,Moderate Spender,Moderate,2000,Not Calculated
2001,Brazil,Education,26850.986,4.79496,5598.668,Moderate Spender,Moderate,2000,Not Calculated
2001,Brazil,Social protection,60794.086,10.85641,5599.3174,Major Spender,Critical,2000,Not Calculated
2001,Brazil,General public services,42015.52,7.50299,5599.091,Moderate Spender,Significant,2000,Not Calculated
2001,Brazil,Others,25307.967,4.51941,5598.5996,Moderate Spender,Moderate,2000,Not Calculated
2001,Czechia,Total function,29367.855,43.30987,678.0712,Moderate Spender,Critical,2000,Not Calculated
2001,Denmark,Total function,87071.35,52.83742,1647.8795,Major Spender,Critical,2000,Not Calculated
2001,Denmark,Social protection,37340.84,22.6595,1647.8384,Moderate Spender,Critical,2000,Not Calculated
2001,Finland,Total function,61239.566,47.31852,1294.1714,Major Spender,Critical,2000,Not Calculated
2001,Finland,Social protection,24853.719,19.20394,1294.1316,Moderate Spender,Critical,2000,Not Calculated
2001,France,Total function,712501.94,51.66474,13790.607,Mega Spender,Critical,2000,Not Calculated
2001,France,Transport,24204.389,1.7551,13783.035,Moderate Spender,Minimal,2000,Not Calculated
2001,France,Health,96718.14,7.0132,13788.906,Major Spender,Significant,2000,Not Calculated
2001,France,Education,77394.03,5.61197,13788.428,Major Spender,Significant,2000,Not Calculated
2001,France,Social protection,281522.34,20.41367,13790.199,Mega Spender,Critical,2000,Not Calculated
2001,France,General public services,107683.33,7.8083,13789.114,Mega Spender,Significant,2000,Not Calculated
2001,France,Defence,27708.092,2.00916,13784.023,Moderate Spender,Moderate,2000,Not Calculated
2001,France,Public order and safety,19926.861,1.44493,13781.346,Moderate Spender,Minimal,2000,Not Calculated
2001,Germany,Total function,922621.1,47.45774,19440.488,Mega Spender,Critical,2000,Not Calculated
2001,Germany,Transport,33990.035,1.74838,19429.762,Moderate Spender,Minimal,2000,Not Calculated
2001,Germany,Health,127130.13,6.53931,19437.938,Mega Spender,Significant,2000,Not Calculated
2001,Germany,Education,80693.53,4.15071,19436.215,Major Spender,Moderate,2000,Not Calculated
2001,Germany,Social protection,391671.34,20.14677,19439.936,Mega Spender,Critical,2000,Not Calculated
2001,Germany,General public services,129308.305,6.65135,19437.988,Mega Spender,Significant,2000,Not Calculated
2001,Germany,Defence,20226.896,1.04043,19422.234,Moderate Spender,Minimal,2000,Not Calculated
2001,Germany,Public order and safety,31052.371,1.59727,19428.738,Moderate Spender,Minimal,2000,Not Calculated
2001,Germany,"Recreation, culture and religion",23433.252,1.20536,19424.758,Moderate Spender,Minimal,2000,Not Calculated
2001,Germany,"General economic, commercial and labour affairs",25735.02,1.32376,19426.174,Moderate Spender,Minimal,2000,Not Calculated
2001,Greece,Total function,62683.32,46.02633,1361.8718,Major Spender,Critical,2000,Not Calculated
2001,Hungary,Total function,25397.916,47.25236,537.4838,Moderate Spender,Critical,2000,Not Calculated
2001,Iran (Islamic Republic of),Total function,27101.6,22.30196,1215.1571,Moderate Spender,Critical,2000,Not Calculated
2001,Ireland,Total function,35180.094,32.20114,1092.4768,Moderate Spender,Critical,2000,Not Calculated
2001,Israel,Total function,63320.34,48.40349,1308.1501,Major Spender,Critical,2000,Not Calculated
2001,Italy,Total function,552936.56,47.38093,11669.776,Mega Spender,Critical,2000,Not Calculated
2001,Italy,Transport,22410.264,1.92033,11663.932,Moderate Spender,Minimal,2000,Not Calculated
2001,Italy,Health,71620.805,6.13716,11668.123,Major Spender,Significant,2000,Not Calculated
2001,Italy,Education,51594.887,4.42115,11667.376,Major Spender,Moderate,2000,Not Calculated
2001,Italy,Social protection,193719.3,16.59973,11669.324,Mega Spender,Critical,2000,Not Calculated
2001,Italy,General public services,124394.88,10.65935,11668.93,Mega Spender,Critical,2000,Not Calculated
2001,Italy,Public order and safety,21404.65,1.83416,11663.643,Moderate Spender,Minimal,2000,Not Calculated
2001,"Korea, Republic of",Total function,137907.64,25.18142,5476.346,Mega Spender,Critical,2000,Not Calculated
2001,"Korea, Republic of",Education,22586.943,4.12429,5475.238,Moderate Spender,Moderate,2000,Not Calculated
2001,"Korea, Republic of",General public services,21877.688,3.99478,5475.198,Moderate Spender,Moderate,2000,Not Calculated
2001,Malaysia,Total function,24283.08,26.17164,927.804,Moderate Spender,Critical,2000,Not Calculated
2001,Netherlands (Kingdom of the),Total function,185968.52,43.12718,4311.9956,Mega Spender,Critical,2000,Not Calculated
2001,Netherlands (Kingdom of the),Health,20596.793,4.77652,4311.1895,Moderate Spender,Moderate,2000,Not Calculated
2001,Netherlands (Kingdom of the),Education,19920.592,4.6197,4311.163,Moderate Spender,Moderate,2000,Not Calculated
2001,Netherlands (Kingdom of the),Social protection,64211.26,14.89096,4311.807,Major Spender,Critical,2000,Not Calculated
2001,Netherlands (Kingdom of the),General public services,29078.404,6.74345,4311.4565,Moderate Spender,Significant,2000,Not Calculated
2001,Norway,Total function,76869.945,44.18496,1739.6917,Major Spender,Critical,2000,Not Calculated
2001,Norway,Social protection,28610.197,16.44518,1739.6256,Moderate Spender,Critical,2000,Not Calculated
2001,Poland,Total function,85607.125,44.84267,1909.0125,Major Spender,Critical,2000,Not Calculated
2001,Poland,Social protection,35425.39,18.55651,1908.9517,Moderate Spender,Critical,2000,Not Calculated
2001,Portugal,Total function,53664.258,44.16891,1214.9506,Major Spender,Critical,2000,Not Calculated
2001,Russian Federation,Total function,115418.93,37.3765,3087.9255,Mega Spender,Critical,2000,Not Calculated
2001,Russian Federation,Social protection,29164.553,9.44445,3087.6824,Moderate Spender,Significant,2000,Not Calculated
2001,Russian Federation,General public services,29083.3,9.41814,3087.681,Moderate Spender,Significant,2000,Not Calculated
2001,South Africa,Total function,40131.227,29.63247,1354.2534,Moderate Spender,Critical,2000,Not Calculated
2001,Spain,Total function,241169.75,38.44683,6272.649,Mega Spender,Critical,2000,Not Calculated
2001,Spain,Health,31685.58,5.05126,6271.566,Moderate Spender,Significant,2000,Not Calculated
2001,Spain,Education,25048.07,3.99312,6271.2363,Moderate Spender,Moderate,2000,Not Calculated
2001,Spain,Social protection,78276.23,12.47865,6272.309,Major Spender,Critical,2000,Not Calculated
2001,Spain,General public services,38255.023,6.09854,6271.7886,Moderate Spender,Significant,2000,Not Calculated
2001,Sweden,Total function,127310.94,52.5221,2423.9038,Mega Spender,Critical,2000,Not Calculated
2001,Sweden,Social protection,52479.703,21.65049,2423.8381,Major Spender,Critical,2000,Not Calculated
2001,Sweden,General public services,20651.873,8.51992,2423.6667,Moderate Spender,Significant,2000,Not Calculated
2001,"Switzerland, Liechtenstein",Total function,93432.125,32.22021,2899.7087,Major Spender,Critical,2000,Not Calculated
2001,"Switzerland, Liechtenstein",Social protection,35607.605,12.27934,2899.5618,Moderate Spender,Critical,2000,Not Calculated
2001,Thailand,Total function,23911.648,19.87726,1202.9045,Moderate Spender,Critical,2000,Not Calculated
2001,United Kingdom,Total function,597924.1,36.26497,16487.195,Mega Spender,Critical,2000,Not Calculated
2001,United Kingdom,Transport,20135.176,1.22123,16474.129,Moderate Spender,Minimal,2000,Not Calculated
2001,United Kingdom,Health,86291.76,5.23372,16484.504,Major Spender,Significant,2000,Not Calculated
2001,United Kingdom,Education,81343.98,4.93363,16484.31,Major Spender,Moderate,2000,Not Calculated
2001,United Kingdom,Social protection,223945.7,13.58263,16486.44,Mega Spender,Critical,2000,Not Calculated
2001,United Kingdom,General public services,65074.03,3.94683,16483.494,Major Spender,Moderate,2000,Not Calculated
2001,United Kingdom,Defence,34019.766,2.06335,16479.65,Moderate Spender,Moderate,2000,Not Calculated
2001,United Kingdom,Public order and safety,33553.348,2.03506,16479.549,Moderate Spender,Moderate,2000,Not Calculated
2001,United States of America,Total function,3.7682438e+06,35.37556,106518.09,Mega Spender,Critical,2000,Not Calculated
2001,United States of America,Housing and community amenities,57886.8,0.54343,106325.52,Major Spender,Minimal,2000,Not Calculated
2001,United States of America,Health,699008.06,6.56216,106504.805,Mega Spender,Significant,2000,Not Calculated
2001,United States of America,Education,666547.3,6.25742,106504.086,Mega Spender,Significant,2000,Not Calculated
2001,United States of America,Social protection,706673.4,6.63412,106504.99,Mega Spender,Significant,2000,Not Calculated
2001,United States of America,General public services,647037.44,6.07427,106503.49,Mega Spender,Significant,2000,Not Calculated
2001,United States of America,Defence,328093.38,3.08008,106486.484,Mega Spender,Moderate,2000,Not Calculated
2001,United States of America,Public order and safety,224111.23,2.10391,106470.7,Mega Spender,Moderate,2000,Not Calculated
2001,United States of America,"Recreation, culture and religion",34024.5,0.31942,106187.195,Moderate Spender,Minimal,2000,Not Calculated
2002,Australia,Total function,159275.22,36.52151,4361.015,Mega Spender,Critical,2000,Not Calculated
2002,Australia,Health,26442.46,6.06321,4360.413,Moderate Spender,Significant,2000,Not Calculated
2002,Australia,Education,24663.111,5.65521,4360.36,Moderate Spender,Significant,2000,Not Calculated
2002,Australia,Social protection,43771.402,10.0367,4360.7,Moderate Spender,Critical,2000,Not Calculated
2002,Austria,Total function,109457.805,51.29533,2133.833,Mega Spender,Critical,2000,Not Calculated
2002,Austria,Social protection,44749.21,20.97087,2133.7732,Moderate Spender,Critical,2000,Not Calculated
2002,Belgium,Total function,128942.41,50.13907,2571.644,Mega Spender,Critical,2000,Not Calculated
2002,Belgium,Social protection,44189.402,17.18299,2571.5452,Moderate Spender,Critical,2000,Not Calculated
2002,Belgium,General public services,27209.262,10.58028,2571.4526,Moderate Spender,Critical,2000,Not Calculated
2002,Brazil,Total function,185350.86,36.35791,5097.811,Mega Spender,Critical,2000,Not Calculated
2002,Brazil,Social protection,61914.758,12.14503,5097.5303,Major Spender,Critical,2000,Not Calculated
2002,Brazil,General public services,37991.875,7.45238,5097.268,Moderate Spender,Significant,2000,Not Calculated
2002,"China, Hong Kong SAR",Total function,35552.887,21.37248,1663.4113,Moderate Spender,Critical,2000,Not Calculated
2002,Czechia,Total function,36707.344,44.6582,821.9436,Moderate Spender,Critical,2000,Not Calculated
2002,Denmark,Total function,95059.3,53.21431,1786.3148,Major Spender,Critical,2000,Not Calculated
2002,Denmark,Social protection,41063.17,22.98721,1786.271,Moderate Spender,Critical,2000,Not Calculated
2002,Egypt,Total function,26987.777,31.19191,865.1895,Moderate Spender,Critical,2000,Not Calculated
2002,Finland,Total function,68053.89,48.69871,1397.4188,Major Spender,Critical,2000,Not Calculated
2002,Finland,Social protection,27993.71,20.03203,1397.3778,Moderate Spender,Critical,2000,Not Calculated
2002,France,Total function,792671.6,52.94309,14971.863,Mega Spender,Critical,2000,Not Calculated
2002,France,Transport,27408.4,1.83063,14963.939,Moderate Spender,Minimal,2000,Not Calculated
2002,France,Health,109394.37,7.30653,14970.088,Mega Spender,Significant,2000,Not Calculated
2002,France,Education,86796.1,5.79717,14969.568,Major Spender,Significant,2000,Not Calculated
2002,France,Social protection,310715.53,20.7529,14971.43,Mega Spender,Critical,2000,Not Calculated
2002,France,General public services,115502.77,7.71451,14970.206,Mega Spender,Significant,2000,Not Calculated
2002,France,Defence,30586.473,2.04289,14964.833,Moderate Spender,Moderate,2000,Not Calculated
2002,France,Public order and safety,22930.162,1.53152,14962.39,Moderate Spender,Minimal,2000,Not Calculated
2002,Germany,Total function,995002.6,48.09754,20686.752,Mega Spender,Critical,2000,Not Calculated
2002,Germany,Transport,35702.973,1.72585,20675.201,Moderate Spender,Minimal,2000,Not Calculated
2002,Germany,Housing and community amenities,21191.254,1.02437,20666.934,Moderate Spender,Minimal,2000,Not Calculated
2002,Germany,Health,139179.94,6.72783,20684.121,Mega Spender,Significant,2000,Not Calculated
2002,Germany,Education,86528.51,4.18271,20682.242,Major Spender,Moderate,2000,Not Calculated
2002,Germany,Social protection,428325.03,20.70485,20686.186,Mega Spender,Critical,2000,Not Calculated
2002,Germany,General public services,138709.98,6.70512,20684.09,Mega Spender,Significant,2000,Not Calculated
2002,Germany,Defence,21795.475,1.05357,20667.64,Moderate Spender,Minimal,2000,Not Calculated
2002,Germany,Public order and safety,33707.812,1.62941,20674.438,Moderate Spender,Minimal,2000,Not Calculated
2002,Germany,"Recreation, culture and religion",25170.227,1.21671,20670.13,Moderate Spender,Minimal,2000,Not Calculated
2002,Germany,"General economic, commercial and labour affairs",25321.52,1.22402,20670.29,Moderate Spender,Minimal,2000,Not Calculated
2002,Greece,Total function,70785.65,46.01313,1538.346,Major Spender,Critical,2000,Not Calculated
2002,Greece,Social protection,21227.186,13.79841,1538.2676,Moderate Spender,Critical,2000,Not Calculated
2002,Hungary,Total function,34473.92,50.99482,676.01465,Moderate Spender,Critical,2000,Not Calculated
2002,Iran (Islamic Republic of),Total function,36796.98,24.52313,1500.4398,Moderate Spender,Critical,2000,Not Calculated
2002,Ireland,Total function,42282.066,33.03506,1279.8762,Moderate Spender,Critical,2000,Not Calculated
2002,Israel,Total function,63691.465,52.5734,1211.454,Major Spender,Critical,2000,Not Calculated
2002,Italy,Total function,596248.56,46.92025,12707.432,Mega Spender,Critical,2000,Not Calculated
2002,Italy,Transport,24283.469,1.91093,12701.023,Moderate Spender,Minimal,2000,Not Calculated
2002,Italy,Health,79762.93,6.27674,12705.676,Major Spender,Significant,2000,Not Calculated
2002,Italy,Education,56672.68,4.45971,12704.856,Major Spender,Moderate,2000,Not Calculated
2002,Italy,Social protection,207389.84,16.32001,12706.926,Mega Spender,Critical,2000,Not Calculated
2002,Italy,General public services,130420.15,10.26308,12706.463,Mega Spender,Critical,2000,Not Calculated
2002,Italy,Public order and safety,24236.945,1.90726,12701.071,Moderate Spender,Minimal,2000,Not Calculated
2002,"Korea, Republic of",Total function,155766.39,24.83334,6272.2183,Mega Spender,Critical,2000,Not Calculated
2002,"Korea, Republic of",Education,26164.457,4.17132,6270.9614,Moderate Spender,Moderate,2000,Not Calculated
2002,"Korea, Republic of",Social protection,20216.803,3.2231,6270.5264,Moderate Spender,Moderate,2000,Not Calculated
2002,"Korea, Republic of",General public services,24842.871,3.96062,6270.887,Moderate Spender,Moderate,2000,Not Calculated
2002,Malaysia,Total function,26920.264,26.69455,1008.41766,Moderate Spender,Critical,2000,Not Calculated
2002,Netherlands (Kingdom of the),Total function,206968.12,43.88307,4716.247,Mega Spender,Critical,2000,Not Calculated
2002,Netherlands (Kingdom of the),Health,24394.857,5.1724,4715.44,Moderate Spender,Significant,2000,Not Calculated
2002,Netherlands (Kingdom of the),Education,22797.783,4.83377,4715.3813,Moderate Spender,Moderate,2000,Not Calculated
2002,Netherlands (Kingdom of the),Social protection,71908.99,15.24673,4716.046,Major Spender,Critical,2000,Not Calculated
2002,Netherlands (Kingdom of the),General public services,30139.217,6.39036,4715.6187,Moderate Spender,Significant,2000,Not Calculated
2002,Norway,Total function,92245.29,47.17833,1955.2056,Major Spender,Critical,2000,Not Calculated
2002,Norway,Social protection,34601.91,17.69695,1955.1366,Moderate Spender,Critical,2000,Not Calculated
2002,Poland,Total function,89997.8,45.20902,1990.6605,Major Spender,Critical,2000,Not Calculated
2002,Poland,Social protection,36840.875,18.50645,1990.597,Moderate Spender,Critical,2000,Not Calculated
2002,Portugal,Total function,58951.645,43.94058,1341.5914,Major Spender,Critical,2000,Not Calculated
2002,Russian Federation,Total function,149335.77,42.91895,3479.4023,Mega Spender,Critical,2000,Not Calculated
2002,Russian Federation,Social protection,34778.715,9.99537,3479.1343,Moderate Spender,Significant,2000,Not Calculated
2002,Russian Federation,General public services,46843.414,13.46275,3479.2246,Moderate Spender,Critical,2000,Not Calculated
2002,South Africa,Total function,38295.105,29.66599,1290.8322,Moderate Spender,Critical,2000,Not Calculated
2002,Spain,Total function,273844.78,38.81975,7054.0825,Mega Spender,Critical,2000,Not Calculated
2002,Spain,Health,36272.207,5.14188,7052.898,Moderate Spender,Significant,2000,Not Calculated
2002,Spain,Education,28636.7,4.05949,7052.523,Moderate Spender,Moderate,2000,Not Calculated
2002,Spain,Social protection,89455.055,12.68099,7053.7075,Major Spender,Critical,2000,Not Calculated
2002,Spain,General public services,41131.51,5.83073,7053.055,Moderate Spender,Significant,2000,Not Calculated
2002,Sweden,Total function,143076.23,53.61705,2668.434,Mega Spender,Critical,2000,Not Calculated
2002,Sweden,Social protection,58361.387,21.87061,2668.3628,Major Spender,Critical,2000,Not Calculated
2002,Sweden,General public services,23539.19,8.82118,2668.1826,Moderate Spender,Significant,2000,Not Calculated
2002,"Switzerland, Liechtenstein",Total function,108422.73,34.62349,3131.3884,Mega Spender,Critical,2000,Not Calculated
2002,"Switzerland, Liechtenstein",Social protection,44228.64,14.12388,3131.2576,Moderate Spender,Critical,2000,Not Calculated
2002,Thailand,Total function,31998.076,23.82566,1342.9526,Moderate Spender,Critical,2000,Not Calculated
2002,United Kingdom,Total function,672344.56,37.64988,17857.34,Mega Spender,Critical,2000,Not Calculated
2002,United Kingdom,Transport,22368.822,1.25261,17843.525,Moderate Spender,Minimal,2000,Not Calculated
2002,United Kingdom,Health,99256.12,5.55813,17854.615,Major Spender,Significant,2000,Not Calculated
2002,United Kingdom,Education,98947.38,5.54085,17854.576,Major Spender,Significant,2000,Not Calculated
2002,United Kingdom,Social protection,247900.5,13.88191,17856.521,Mega Spender,Critical,2000,Not Calculated
2002,United Kingdom,General public services,68197.555,3.81892,17853.139,Major Spender,Moderate,2000,Not Calculated
2002,United Kingdom,Defence,38339.49,2.14693,17849.506,Moderate Spender,Moderate,2000,Not Calculated
2002,United Kingdom,Public order and safety,37949.812,2.12511,17849.412,Moderate Spender,Moderate,2000,Not Calculated
2002,United States of America,Total function,4.0149282e+06,36.49358,110014.375,Mega Spender,Critical,2000,Not Calculated
2002,United States of America,Housing and community amenities,64421.1,0.58555,109830.54,Major Spender,Minimal,2000,Not Calculated
2002,United States of America,Health,762344.8,6.92931,110001.55,Mega Spender,Significant,2000,Not Calculated
2002,United States of America,Education,695085.94,6.31796,110000.055,Mega Spender,Significant,2000,Not Calculated
2002,United States of America,Social protection,774139.06,7.03652,110001.69,Mega Spender,Significant,2000,Not Calculated
2002,United States of America,General public services,654548.7,5.9495,109998.94,Mega Spender,Significant,2000,Not Calculated
2002,United States of America,Defence,375051.7,3.40902,109985.19,Mega Spender,Moderate,2000,Not Calculated
2002,United States of America,Public order and safety,237592.55,2.15959,109966.516,Mega Spender,Moderate,2000,Not Calculated
2002,United States of America,"Recreation, culture and religion",36133.04,0.32843,109683.516,Moderate Spender,Minimal,2000,Not Calculated
2003,Australia,Total function,203412.75,36.31748,5600.806,Mega Spender,Critical,2000,Not Calculated
2003,Australia,Health,34097.23,6.08775,5600.038,Moderate Spender,Significant,2000,Not Calculated
2003,Australia,Education,31344.156,5.59621,5599.961,Moderate Spender,Significant,2000,Not Calculated
2003,Australia,Social protection,58197.145,10.39057,5600.419,Major Spender,Critical,2000,Not Calculated
2003,Australia,General public services,21591.992,3.85505,5599.5103,Moderate Spender,Moderate,2000,Not Calculated
2003,Austria,Total function,134470.3,51.38619,2616.806,Mega Spender,Critical,2000,Not Calculated
2003,Austria,Social protection,55004.496,21.0193,2616.7322,Major Spender,Critical,2000,Not Calculated
2003,Austria,General public services,20382.232,7.78882,2616.5217,Moderate Spender,Significant,2000,Not Calculated
2003,Belgium,Total function,162372.77,51.16206,3173.6328,Mega Spender,Critical,2000,Not Calculated
2003,Belgium,Health,21834.902,6.87996,3173.2349,Moderate Spender,Significant,2000,Not Calculated
2003,Belgium,Social protection,55409.1,17.45886,3173.5134,Major Spender,Critical,2000,Not Calculated
2003,Belgium,General public services,32658.41,10.29034,3173.3872,Moderate Spender,Critical,2000,Not Calculated
2003,Brazil,Total function,195800.23,35.07496,5582.1777,Mega Spender,Critical,2000,Not Calculated
2003,Brazil,Health,23073.035,4.13322,5580.989,Moderate Spender,Moderate,2000,Not Calculated
2003,Brazil,Education,26254.828,4.7032,5581.1465,Moderate Spender,Moderate,2000,Not Calculated
2003,Brazil,Social protection,63538.848,11.38213,5581.8433,Major Spender,Critical,2000,Not Calculated
2003,Brazil,General public services,42243.66,7.56738,5581.5986,Moderate Spender,Significant,2000,Not Calculated
2003,"China, Hong Kong SAR",Total function,35551.93,22.02919,1613.7823,Moderate Spender,Critical,2000,Not Calculated
2003,Czechia,Total function,49163.742,49.11931,1000.8842,Moderate Spender,Critical,2000,Not Calculated
2003,Denmark,Total function,116985.766,53.63935,2180.9285,Mega Spender,Critical,2000,Not Calculated
2003,Denmark,Social protection,51770.176,23.73723,2180.8777,Major Spender,Critical,2000,Not Calculated
2003,Egypt,Total function,22741.557,30.70012,740.7403,Moderate Spender,Critical,2000,Not Calculated
2003,Finland,Total function,84693.375,49.45088,1712.6422,Major Spender,Critical,2000,Not Calculated
2003,Finland,Social protection,34916.66,20.38719,1712.5925,Moderate Spender,Critical,2000,Not Calculated
2003,France,Total function,982599.44,53.28827,18438.975,Mega Spender,Critical,2000,Not Calculated
2003,France,Transport,34937.02,1.8947,18429.613,Moderate Spender,Minimal,2000,Not Calculated
2003,France,Housing and community amenities,20861.99,1.13139,18422.973,Moderate Spender,Minimal,2000,Not Calculated
2003,France,Health,139043.36,7.54059,18436.877,Mega Spender,Significant,2000,Not Calculated
2003,France,Education,106283.83,5.76398,18436.115,Mega Spender,Significant,2000,Not Calculated
2003,France,Social protection,392562.44,21.28942,18438.455,Mega Spender,Critical,2000,Not Calculated
2003,France,General public services,137786.64,7.47244,18436.844,Mega Spender,Significant,2000,Not Calculated
2003,France,Defence,34223.258,1.85599,18429.424,Moderate Spender,Minimal,2000,Not Calculated
2003,France,Public order and safety,28763.146,1.55988,18427.52,Moderate Spender,Minimal,2000,Not Calculated
2003,France,"Recreation, culture and religion",24825.576,1.34634,18425.621,Moderate Spender,Minimal,2000,Not Calculated
2003,Germany,Total function,1.2083971e+06,48.41272,24959.809,Mega Spender,Critical,2000,Not Calculated
2003,Germany,Transport,42712.617,1.71122,24945.752,Moderate Spender,Minimal,2000,Not Calculated
2003,Germany,Housing and community amenities,26346.988,1.05555,24936.81,Moderate Spender,Minimal,2000,Not Calculated
2003,Germany,Health,170267.92,6.82154,24956.678,Mega Spender,Significant,2000,Not Calculated
2003,Germany,Education,104343.89,4.18039,24954.355,Mega Spender,Moderate,2000,Not Calculated
2003,Germany,Social protection,526641.1,21.09913,24959.14,Mega Spender,Critical,2000,Not Calculated
2003,Germany,General public services,165306.66,6.62278,24956.545,Mega Spender,Significant,2000,Not Calculated
2003,Germany,Defence,25994.066,1.04142,24936.27,Moderate Spender,Minimal,2000,Not Calculated
2003,Germany,Public order and safety,40446.902,1.62045,24944.895,Moderate Spender,Minimal,2000,Not Calculated
2003,Germany,"Recreation, culture and religion",29700.879,1.18992,24939.441,Moderate Spender,Minimal,2000,Not Calculated
2003,Germany,"General economic, commercial and labour affairs",29700.879,1.18992,24939.441,Moderate Spender,Minimal,2000,Not Calculated
2003,Greece,Total function,94287.875,46.69651,2019.12,Major Spender,Critical,2000,Not Calculated
2003,Greece,Social protection,28928.297,14.32687,2019.0228,Moderate Spender,Critical,2000,Not Calculated
2003,Greece,General public services,20382.379,10.09447,2018.9628,Moderate Spender,Critical,2000,Not Calculated
2003,Hungary,Total function,41893.426,49.12164,852.8334,Moderate Spender,Critical,2000,Not Calculated
2003,Iran (Islamic Republic of),Total function,36854.547,23.75324,1551.4934,Moderate Spender,Critical,2000,Not Calculated
2003,Ireland,Total function,53789.164,32.73815,1642.9614,Major Spender,Critical,2000,Not Calculated
2003,Israel,Total function,60752.523,47.81947,1270.4293,Major Spender,Critical,2000,Not Calculated
2003,Italy,Total function,744234.56,47.28045,15740.52,Mega Spender,Critical,2000,Not Calculated
2003,Italy,Transport,28587.59,1.81614,15732.188,Moderate Spender,Minimal,2000,Not Calculated
2003,Italy,Health,98643.98,6.26675,15738.34,Major Spender,Significant,2000,Not Calculated
2003,Italy,Education,71697.695,4.55488,15737.397,Major Spender,Moderate,2000,Not Calculated
2003,Italy,Social protection,269103.06,17.09584,15739.93,Mega Spender,Critical,2000,Not Calculated
2003,Italy,General public services,154001.83,9.78358,15739.237,Mega Spender,Significant,2000,Not Calculated
2003,Italy,Public order and safety,31029.992,1.9713,15732.896,Moderate Spender,Minimal,2000,Not Calculated
2003,"Korea, Republic of",Total function,218615.97,31.11019,7026.9243,Mega Spender,Critical,2000,Not Calculated
2003,"Korea, Republic of",Education,30167.688,4.29302,7025.512,Moderate Spender,Moderate,2000,Not Calculated
2003,"Korea, Republic of",Social protection,24949.695,3.55047,7025.1743,Moderate Spender,Moderate,2000,Not Calculated
2003,"Korea, Republic of",General public services,31389.695,4.46692,7025.5728,Moderate Spender,Moderate,2000,Not Calculated
2003,Kuwait,Total function,20012.648,41.80276,478.72842,Moderate Spender,Critical,2000,Not Calculated
2003,Malaysia,Total function,29718.422,26.96713,1101.983,Moderate Spender,Critical,2000,Not Calculated
2003,Netherlands (Kingdom of the),Total function,259271.02,44.7969,5787.571,Mega Spender,Critical,2000,Not Calculated
2003,Netherlands (Kingdom of the),Health,31273.191,5.40339,5786.6274,Moderate Spender,Significant,2000,Not Calculated
2003,Netherlands (Kingdom of the),Education,29531.203,5.10241,5786.563,Moderate Spender,Significant,2000,Not Calculated
2003,Netherlands (Kingdom of the),Social protection,90938.51,15.71237,5787.333,Major Spender,Critical,2000,Not Calculated
2003,Netherlands (Kingdom of the),General public services,35717.52,6.17128,5786.7627,Moderate Spender,Significant,2000,Not Calculated
2003,Norway,Total function,110573.45,48.31532,2288.5322,Mega Spender,Critical,2000,Not Calculated
2003,Norway,Social protection,41672.17,18.20875,2288.4539,Moderate Spender,Critical,2000,Not Calculated
2003,Poland,Total function,99364.24,45.61578,2178.2388,Major Spender,Critical,2000,Not Calculated
2003,Poland,Social protection,41129.832,18.88174,2178.1707,Moderate Spender,Critical,2000,Not Calculated
2003,Portugal,Total function,74958.914,45.46938,1648.5219,Major Spender,Critical,2000,Not Calculated
2003,Portugal,Social protection,23801.277,14.43764,1648.4431,Moderate Spender,Critical,2000,Not Calculated
2003,Romania,Total function,19843.633,34.32775,578.04706,Moderate Spender,Critical,2000,Not Calculated
2003,Russian Federation,Total function,165288.55,38.03581,4345.4893,Mega Spender,Critical,2000,Not Calculated
2003,Russian Federation,Social protection,45285.38,10.42096,4345.188,Moderate Spender,Critical,2000,Not Calculated
2003,Russian Federation,General public services,38593.414,8.88102,4345.1167,Moderate Spender,Significant,2000,Not Calculated
2003,South Africa,Total function,59913.156,30.40984,1970.1251,Major Spender,Critical,2000,Not Calculated
2003,Spain,Total function,348251.47,38.4614,9054.336,Mega Spender,Critical,2000,Not Calculated
2003,Spain,Health,46964.65,5.18684,9052.833,Moderate Spender,Significant,2000,Not Calculated
2003,Spain,Education,36509.332,4.03214,9052.335,Moderate Spender,Moderate,2000,Not Calculated
2003,Spain,Social protection,115334.24,12.73768,9053.86,Mega Spender,Critical,2000,Not Calculated
2003,Spain,General public services,50725.758,5.60223,9052.949,Major Spender,Significant,2000,Not Calculated
2003,Sweden,Total function,179825.53,53.78571,3343.3079,Mega Spender,Critical,2000,Not Calculated
2003,Sweden,Health,22249.102,6.65469,3342.8694,Moderate Spender,Significant,2000,Not Calculated
2003,Sweden,Education,22620.594,6.76581,3342.874,Moderate Spender,Significant,2000,Not Calculated
2003,Sweden,Social protection,75883.12,22.69659,3343.2236,Major Spender,Critical,2000,Not Calculated
2003,Sweden,General public services,26785.043,8.01139,3342.953,Moderate Spender,Significant,2000,Not Calculated
2003,"Switzerland, Liechtenstein",Total function,123859.41,33.7977,3664.6206,Mega Spender,Critical,2000,Not Calculated
2003,"Switzerland, Liechtenstein",Education,19968.115,5.44873,3664.056,Moderate Spender,Significant,2000,Not Calculated
2003,"Switzerland, Liechtenstein",Social protection,48239.95,13.16331,3664.4495,Moderate Spender,Critical,2000,Not Calculated
2003,Thailand,Total function,27189.115,17.85461,1522.7212,Moderate Spender,Critical,2000,Not Calculated
2003,United Kingdom,Total function,798938.75,38.84558,20566.514,Mega Spender,Critical,2000,Not Calculated
2003,United Kingdom,Transport,30525.451,1.48419,20553.229,Moderate Spender,Minimal,2000,Not Calculated
2003,United Kingdom,Health,119334.336,5.80221,20563.506,Mega Spender,Significant,2000,Not Calculated
2003,United Kingdom,Education,115613.35,5.62129,20563.39,Mega Spender,Significant,2000,Not Calculated
2003,United Kingdom,Social protection,294135.66,14.30131,20565.605,Mega Spender,Critical,2000,Not Calculated
2003,United Kingdom,General public services,75551.15,3.67341,20561.438,Major Spender,Moderate,2000,Not Calculated
2003,United Kingdom,Defence,46266.566,2.24955,20557.893,Moderate Spender,Moderate,2000,Not Calculated
2003,United Kingdom,Public order and safety,44748.133,2.17572,20557.598,Moderate Spender,Moderate,2000,Not Calculated
2003,United States of America,Total function,4.2695215e+06,37.0222,115320.164,Mega Spender,Critical,2000,Not Calculated
2003,United States of America,Housing and community amenities,69159.48,0.5997,115131.484,Major Spender,Minimal,2000,Not Calculated
2003,United States of America,Health,821226.94,7.12109,115307.016,Mega Spender,Significant,2000,Not Calculated
2003,United States of America,Education,725033.75,6.28697,115304.9,Mega Spender,Significant,2000,Not Calculated
2003,United States of America,Social protection,813020.56,7.04993,115306.85,Mega Spender,Significant,2000,Not Calculated
2003,United States of America,General public services,685221.8,5.94175,115303.83,Mega Spender,Significant,2000,Not Calculated
2003,United States of America,Defence,435328.84,3.77486,115292.64,Mega Spender,Moderate,2000,Not Calculated
2003,United States of America,Public order and safety,244496.72,2.1201,115268.836,Mega Spender,Moderate,2000,Not Calculated
2003,United States of America,"Recreation, culture and religion",36264.17,0.31446,114956.484,Moderate Spender,Minimal,2000,Not Calculated
2004,Australia,Total function,247286.17,36.35404,6801.978,Mega Spender,Critical,2000,Not Calculated
2004,Australia,Health,43474.09,6.39121,6801.105,Moderate Spender,Significant,2000,Not Calculated
2004,Australia,Education,38812.945,5.70597,6800.9727,Moderate Spender,Significant,2000,Not Calculated
2004,Australia,Social protection,68848.56,10.12157,6801.49,Major Spender,Critical,2000,Not Calculated
2004,Australia,General public services,26887.246,3.95275,6800.442,Moderate Spender,Moderate,2000,Not Calculated
2004,Austria,Total function,161898.12,53.80154,3009.1167,Mega Spender,Critical,2000,Not Calculated
2004,Austria,Health,22647.89,7.52628,3008.775,Moderate Spender,Significant,2000,Not Calculated
2004,Austria,Social protection,61983.777,20.59828,3009.0264,Major Spender,Critical,2000,Not Calculated
2004,Austria,General public services,22837.113,7.58917,3008.775,Moderate Spender,Significant,2000,Not Calculated
2004,Belgium,Total function,182092.75,49.40748,3685.4556,Mega Spender,Critical,2000,Not Calculated
2004,Belgium,Health,25449.371,6.90521,3684.9983,Moderate Spender,Significant,2000,Not Calculated
2004,Belgium,Education,20784.363,5.63945,3684.8767,Moderate Spender,Significant,2000,Not Calculated
2004,Belgium,Social protection,63759.945,17.30007,3685.318,Major Spender,Critical,2000,Not Calculated
2004,Belgium,General public services,35165.117,9.5414,3685.1438,Moderate Spender,Significant,2000,Not Calculated
2004,Brazil,Total function,258597.36,38.63761,6692.7188,Mega Spender,Critical,2000,Not Calculated
2004,Brazil,Health,28793.217,4.30206,6691.335,Moderate Spender,Moderate,2000,Not Calculated
2004,Brazil,Education,27586.682,4.12179,6691.2656,Moderate Spender,Moderate,2000,Not Calculated
2004,Brazil,Social protection,78045.664,11.66098,6692.3164,Major Spender,Critical,2000,Not Calculated
2004,Brazil,General public services,76458.1,11.42378,6692.3037,Major Spender,Critical,2000,Not Calculated
2004,"China, Hong Kong SAR",Total function,33309.707,19.69826,1690.9117,Moderate Spender,Critical,2000,Not Calculated
2004,Czechia,Total function,50710.414,42.32405,1198.1182,Major Spender,Critical,2000,Not Calculated
2004,Denmark,Total function,133222.08,52.99738,2513.701,Mega Spender,Critical,2000,Not Calculated
2004,Denmark,Social protection,58941.188,23.44753,2513.641,Major Spender,Critical,2000,Not Calculated
2004,Egypt,Total function,24334.59,30.73038,791.8483,Moderate Spender,Critical,2000,Not Calculated
2004,Finland,Total function,97008.21,49.21139,1971.2152,Major Spender,Critical,2000,Not Calculated
2004,Finland,Social protection,40061.117,20.32264,1971.1587,Moderate Spender,Critical,2000,Not Calculated
2004,France,Total function,1.1230859e+06,52.97865,21198.44,Mega Spender,Critical,2000,Not Calculated
2004,France,Transport,40243.973,1.8984,21187.729,Moderate Spender,Minimal,2000,Not Calculated
2004,France,Housing and community amenities,23942.633,1.12943,21180.11,Moderate Spender,Minimal,2000,Not Calculated
2004,France,Health,160687.3,7.58,21196.057,Mega Spender,Significant,2000,Not Calculated
2004,France,Education,117623.41,5.54858,21195.01,Mega Spender,Significant,2000,Not Calculated
2004,France,Social protection,450256.56,21.23968,21197.842,Mega Spender,Critical,2000,Not Calculated
2004,France,General public services,156885.94,7.40069,21195.96,Mega Spender,Significant,2000,Not Calculated
2004,France,Defence,39161.777,1.84735,21187.424,Moderate Spender,Minimal,2000,Not Calculated
2004,France,Public order and safety,32394.947,1.52815,21184.938,Moderate Spender,Minimal,2000,Not Calculated
2004,France,"Recreation, culture and religion",28231.607,1.33175,21182.973,Moderate Spender,Minimal,2000,Not Calculated
2004,Germany,Total function,1.3168784e+06,46.87551,28092.5,Mega Spender,Critical,2000,Not Calculated
2004,Germany,Transport,43966.973,1.56505,28075.074,Moderate Spender,Minimal,2000,Not Calculated
2004,Germany,Housing and community amenities,28992.875,1.03203,28065.86,Moderate Spender,Minimal,2000,Not Calculated
2004,Germany,Health,181138.3,6.44779,28088.727,Mega Spender,Significant,2000,Not Calculated
2004,Germany,Education,115406.766,4.10801,28086.271,Mega Spender,Moderate,2000,Not Calculated
2004,Germany,Social protection,582300.5,20.72753,28091.742,Mega Spender,Critical,2000,Not Calculated
2004,Germany,General public services,179302.3,6.38243,28088.707,Mega Spender,Significant,2000,Not Calculated
2004,Germany,Defence,28077.363,0.99944,28065.014,Moderate Spender,Minimal,2000,Not Calculated
2004,Germany,Public order and safety,44546.63,1.58568,28075.37,Moderate Spender,Minimal,2000,Not Calculated
2004,Germany,"Recreation, culture and religion",32338.973,1.15114,28068.613,Moderate Spender,Minimal,2000,Not Calculated
2004,Germany,"General economic, commercial and labour affairs",30850.021,1.09814,28067.416,Moderate Spender,Minimal,2000,Not Calculated
2004,Greece,Total function,114733.82,47.70008,2405.2666,Mega Spender,Critical,2000,Not Calculated
2004,Greece,Social protection,33805.53,14.0545,2405.146,Moderate Spender,Critical,2000,Not Calculated
2004,Greece,General public services,27725.34,11.52669,2405.1082,Moderate Spender,Critical,2000,Not Calculated
2004,Hungary,Total function,50729.445,48.72172,1041.1866,Major Spender,Critical,2000,Not Calculated
2004,Iran (Islamic Republic of),Total function,42651.664,22.44312,1900.3492,Moderate Spender,Critical,2000,Not Calculated
2004,Ireland,Total function,63796.094,32.88048,1940.1831,Major Spender,Critical,2000,Not Calculated
2004,Ireland,Social protection,21283.43,10.96947,1940.0653,Moderate Spender,Critical,2000,Not Calculated
2004,Israel,Total function,61257.59,45.18464,1355.6871,Major Spender,Critical,2000,Not Calculated
2004,Italy,Total function,846900.94,46.96381,18032.67,Mega Spender,Critical,2000,Not Calculated
2004,Italy,Transport,33336.457,1.84863,18023.31,Moderate Spender,Minimal,2000,Not Calculated
2004,Italy,Health,118928.26,6.59501,18030.334,Mega Spender,Significant,2000,Not Calculated
2004,Italy,Education,78051.14,4.32823,18028.875,Major Spender,Moderate,2000,Not Calculated
2004,Italy,Social protection,309189.34,17.1457,18032.004,Mega Spender,Critical,2000,Not Calculated
2004,Italy,General public services,171071.39,9.48655,18031.145,Mega Spender,Significant,2000,Not Calculated
2004,Italy,Defence,23044.533,1.27791,18018.885,Moderate Spender,Minimal,2000,Not Calculated
2004,Italy,Public order and safety,34206.07,1.89685,18023.59,Moderate Spender,Minimal,2000,Not Calculated
2004,"Korea, Republic of",Total function,223036.06,28.11938,7931.4736,Mega Spender,Critical,2000,Not Calculated
2004,"Korea, Republic of",Education,36188.117,4.56243,7930.026,Moderate Spender,Moderate,2000,Not Calculated
2004,"Korea, Republic of",Social protection,29885.998,3.76789,7929.6553,Moderate Spender,Moderate,2000,Not Calculated
2004,"Korea, Republic of",General public services,35597.15,4.48793,7929.986,Moderate Spender,Moderate,2000,Not Calculated
2004,Kuwait,Total function,23220.225,39.06714,594.352,Moderate Spender,Critical,2000,Not Calculated
2004,Malaysia,Total function,31302.367,25.09218,1247.4452,Moderate Spender,Critical,2000,Not Calculated
2004,Netherlands (Kingdom of the),Total function,287387.47,43.72906,6571.8516,Mega Spender,Critical,2000,Not Calculated
2004,Netherlands (Kingdom of the),Health,35306.92,5.37232,6570.783,Moderate Spender,Significant,2000,Not Calculated
2004,Netherlands (Kingdom of the),Education,33687.363,5.12589,6570.721,Moderate Spender,Significant,2000,Not Calculated
2004,Netherlands (Kingdom of the),Social protection,102243.8,15.55748,6571.58,Mega Spender,Critical,2000,Not Calculated
2004,Netherlands (Kingdom of the),General public services,39602.117,6.02588,6570.9155,Moderate Spender,Significant,2000,Not Calculated
2004,Norway,Total function,120179.35,45.43466,2645.0447,Mega Spender,Critical,2000,Not Calculated
2004,Norway,Health,20359.648,7.69711,2644.7593,Moderate Spender,Significant,2000,Not Calculated
2004,Norway,Social protection,46171.74,17.45555,2644.9524,Moderate Spender,Critical,2000,Not Calculated
2004,Poland,Total function,110860.51,43.45643,2551.014,Mega Spender,Critical,2000,Not Calculated
2004,Poland,Social protection,44850.484,17.58103,2550.9277,Moderate Spender,Critical,2000,Not Calculated
2004,Portugal,Total function,87556.13,46.31553,1890.3864,Major Spender,Critical,2000,Not Calculated
2004,Portugal,Social protection,27857.316,14.73599,1890.299,Moderate Spender,Critical,2000,Not Calculated
2004,Romania,Total function,25342.4,33.80174,749.7144,Moderate Spender,Critical,2000,Not Calculated
2004,Russian Federation,Total function,200825.02,33.65453,5967.0737,Mega Spender,Critical,2000,Not Calculated
2004,Russian Federation,Education,20413.037,3.42084,5965.5146,Moderate Spender,Moderate,2000,Not Calculated
2004,Russian Federation,Social protection,57819.285,9.68944,5966.6313,Major Spender,Significant,2000,Not Calculated
2004,Russian Federation,General public services,38835.637,6.50813,5966.333,Moderate Spender,Significant,2000,Not Calculated
2004,Slovakia,Total function,21781.451,50.50791,431.23978,Moderate Spender,Critical,2000,Not Calculated
2004,South Africa,Total function,79899.16,31.23417,2557.9868,Major Spender,Critical,2000,Not Calculated
2004,Spain,Total function,415134.97,38.90165,10671.123,Mega Spender,Critical,2000,Not Calculated
2004,Spain,Transport,28073.63,2.63074,10667.327,Moderate Spender,Moderate,2000,Not Calculated
2004,Spain,Health,58365.14,5.46931,10669.439,Major Spender,Significant,2000,Not Calculated
2004,Spain,Education,43647.29,4.09012,10668.788,Moderate Spender,Moderate,2000,Not Calculated
2004,Spain,Social protection,136600.38,12.80061,10670.5625,Mega Spender,Critical,2000,Not Calculated
2004,Spain,General public services,55118.555,5.16507,10669.34,Major Spender,Significant,2000,Not Calculated
2004,Sweden,Total function,202035.36,52.46054,3851.1138,Mega Spender,Critical,2000,Not Calculated
2004,Sweden,Health,24773.82,6.43277,3850.5918,Moderate Spender,Significant,2000,Not Calculated
2004,Sweden,Education,25533.527,6.63004,3850.6067,Moderate Spender,Significant,2000,Not Calculated
2004,Sweden,Social protection,85806.06,22.28042,3851.0142,Major Spender,Critical,2000,Not Calculated
2004,Sweden,General public services,30005.09,7.79113,3850.6917,Moderate Spender,Significant,2000,Not Calculated
2004,"Switzerland, Liechtenstein",Total function,137043.78,33.47813,4093.4092,Mega Spender,Critical,2000,Not Calculated
2004,"Switzerland, Liechtenstein",Education,21615.803,5.28048,4092.755,Moderate Spender,Significant,2000,Not Calculated
2004,"Switzerland, Liechtenstein",Social protection,55052.184,13.44858,4093.2268,Major Spender,Critical,2000,Not Calculated
2004,Thailand,Total function,31559.02,18.25322,1728.8617,Moderate Spender,Critical,2000,Not Calculated
2004,Ukraine,Total function,26661.625,39.66449,672.16174,Moderate Spender,Critical,2000,Not Calculated
2004,United Kingdom,Total function,970672.7,40.06,24229.865,Mega Spender,Critical,2000,Not Calculated
2004,United Kingdom,Transport,41436.89,1.71011,24216.38,Moderate Spender,Minimal,2000,Not Calculated
2004,United Kingdom,Housing and community amenities,21599.107,0.8914,24203.393,Moderate Spender,Minimal,2000,Not Calculated
2004,United Kingdom,Health,149480.03,6.16909,24226.557,Mega Spender,Significant,2000,Not Calculated
2004,United Kingdom,Education,134917.06,5.56807,24226.139,Mega Spender,Significant,2000,Not Calculated
2004,United Kingdom,Social protection,352750.0,14.55811,24228.814,Mega Spender,Critical,2000,Not Calculated
2004,United Kingdom,General public services,96578.055,3.98581,24224.395,Major Spender,Moderate,2000,Not Calculated
2004,United Kingdom,Defence,56409.977,2.32806,24220.062,Major Spender,Moderate,2000,Not Calculated
2004,United Kingdom,Public order and safety,56757.844,2.34242,24220.09,Major Spender,Moderate,2000,Not Calculated
2004,United Kingdom,"Recreation, culture and religion",21267.715,0.87773,24202.787,Moderate Spender,Minimal,2000,Not Calculated
2004,United States of America,Total function,4.5043935e+06,36.62848,122971.82,Mega Spender,Critical,2000,Not Calculated
2004,United States of America,Housing and community amenities,77988.18,0.63418,122781.23,Major Spender,Minimal,2000,Not Calculated
2004,United States of America,Health,890655.2,7.24256,122958.22,Mega Spender,Significant,2000,Not Calculated
2004,United States of America,Education,764033.25,6.21291,122955.31,Mega Spender,Significant,2000,Not Calculated
2004,United States of America,Social protection,839003.7,6.82254,122957.25,Mega Spender,Significant,2000,Not Calculated
2004,United States of America,General public services,705159.2,5.73416,122953.71,Mega Spender,Significant,2000,Not Calculated
2004,United States of America,Defence,478666.8,3.89239,122943.45,Mega Spender,Moderate,2000,Not Calculated
2004,United States of America,Public order and safety,258056.0,2.09844,122916.59,Mega Spender,Moderate,2000,Not Calculated
2004,United States of America,"Recreation, culture and religion",37500.1,0.30494,122573.4,Moderate Spender,Minimal,2000,Not Calculated
2005,Australia,Total function,274650.12,36.00416,7628.0767,Mega Spender,Critical,2000,Not Calculated
2005,Australia,Health,48391.973,6.34375,7627.089,Moderate Spender,Significant,2000,Not Calculated
2005,Australia,Education,42523.203,5.57441,7626.9194,Moderate Spender,Significant,2000,Not Calculated
2005,Australia,Social protection,74894.99,9.81806,7627.511,Major Spender,Significant,2000,Not Calculated
2005,Australia,General public services,29660.016,3.88816,7626.3296,Moderate Spender,Moderate,2000,Not Calculated
2005,Austria,Total function,161698.66,51.17588,3159.6038,Mega Spender,Critical,2000,Not Calculated
2005,Austria,Health,23499.36,7.43729,3159.2422,Moderate Spender,Significant,2000,Not Calculated
2005,Austria,Social protection,63952.36,20.24023,3159.5095,Major Spender,Critical,2000,Not Calculated
2005,Austria,General public services,24582.328,7.78004,3159.26,Moderate Spender,Significant,2000,Not Calculated
2005,Belgium,Total function,200039.27,51.8826,3855.5396,Mega Spender,Critical,2000,Not Calculated
2005,Belgium,Health,26230.523,6.8032,3855.049,Moderate Spender,Significant,2000,Not Calculated
2005,Belgium,Education,21953.217,5.69383,3854.938,Moderate Spender,Significant,2000,Not Calculated
2005,Belgium,Social protection,65924.97,17.09844,3855.3877,Major Spender,Critical,2000,Not Calculated
2005,Belgium,General public services,35830.17,9.29299,3855.198,Moderate Spender,Significant,2000,Not Calculated
2005,Brazil,Total function,338923.2,38.01147,8916.105,Mega Spender,Critical,2000,Not Calculated
2005,Brazil,Health,38102.04,4.27328,8914.259,Moderate Spender,Moderate,2000,Not Calculated
2005,Brazil,Education,36276.65,4.06856,8914.145,Moderate Spender,Moderate,2000,Not Calculated
2005,Brazil,Social protection,106408.48,11.9341,8915.591,Mega Spender,Critical,2000,Not Calculated
2005,Brazil,General public services,92519.13,10.37636,8915.479,Major Spender,Critical,2000,Not Calculated
2005,Brazil,Public order and safety,24204.982,2.71468,8913.047,Moderate Spender,Moderate,2000,Not Calculated
2005,China,Total function,576818.06,25.23305,22858.72,Mega Spender,Critical,2000,Not Calculated
2005,China,"Agriculture, forestry, fishing and hunting",21074.117,0.92189,22834.918,Moderate Spender,Minimal,2000,Not Calculated
2005,China,Education,54776.867,2.39623,22850.068,Major Spender,Moderate,2000,Not Calculated
2005,China,Social protection,47627.277,2.08347,22848.627,Moderate Spender,Moderate,2000,Not Calculated
2005,China,General public services,148498.05,6.49608,22856.121,Mega Spender,Significant,2000,Not Calculated
2005,China,Defence,30533.48,1.33569,22842.604,Moderate Spender,Minimal,2000,Not Calculated
2005,China,Public order and safety,28929.074,1.26551,22841.568,Moderate Spender,Minimal,2000,Not Calculated
2005,"China, Hong Kong SAR",Total function,33135.652,18.24959,1815.5935,Moderate Spender,Critical,2000,Not Calculated
2005,Czechia,Total function,58107.35,42.36978,1371.4015,Major Spender,Critical,2000,Not Calculated
2005,Denmark,Total function,135516.8,51.2415,2644.6172,Mega Spender,Critical,2000,Not Calculated
2005,Denmark,Social protection,60137.805,22.73926,2644.5522,Major Spender,Critical,2000,Not Calculated
2005,Egypt,Total function,28873.303,30.56789,944.5323,Moderate Spender,Critical,2000,Not Calculated
2005,Finland,Total function,100434.164,49.03916,2047.9983,Mega Spender,Critical,2000,Not Calculated
2005,Finland,Social protection,41123.402,20.07939,2047.9385,Moderate Spender,Critical,2000,Not Calculated
2005,France,Total function,1.170842e+06,53.21345,22002.332,Mega Spender,Critical,2000,Not Calculated
2005,France,Transport,44802.18,2.03621,21991.93,Moderate Spender,Moderate,2000,Not Calculated
2005,France,Housing and community amenities,23437.418,1.0652,21982.195,Moderate Spender,Minimal,2000,Not Calculated
2005,France,Health,168620.27,7.6636,21999.879,Mega Spender,Significant,2000,Not Calculated
2005,France,Education,121210.47,5.50888,21998.75,Mega Spender,Significant,2000,Not Calculated
2005,France,Social protection,468698.56,21.30182,22001.715,Mega Spender,Critical,2000,Not Calculated
2005,France,General public services,162698.39,7.39446,21999.766,Mega Spender,Significant,2000,Not Calculated
2005,France,Defence,39604.37,1.79997,21990.576,Moderate Spender,Minimal,2000,Not Calculated
2005,France,Public order and safety,33115.195,1.50505,21988.111,Moderate Spender,Minimal,2000,Not Calculated
2005,France,"Recreation, culture and religion",30238.857,1.37432,21986.777,Moderate Spender,Minimal,2000,Not Calculated
2005,Germany,Total function,1.3329245e+06,46.83943,28456.709,Mega Spender,Critical,2000,Not Calculated
2005,Germany,Transport,46263.984,1.62573,28439.865,Moderate Spender,Minimal,2000,Not Calculated
2005,Germany,Housing and community amenities,28000.74,0.98396,28428.303,Moderate Spender,Minimal,2000,Not Calculated
2005,Germany,Health,186102.22,6.5397,28452.951,Mega Spender,Significant,2000,Not Calculated
2005,Germany,Education,116929.555,4.10894,28450.428,Mega Spender,Moderate,2000,Not Calculated
2005,Germany,Social protection,591654.5,20.79094,28455.957,Mega Spender,Critical,2000,Not Calculated
2005,Germany,General public services,181526.45,6.3789,28452.87,Mega Spender,Significant,2000,Not Calculated
2005,Germany,Defence,28162.47,0.98964,28428.562,Moderate Spender,Minimal,2000,Not Calculated
2005,Germany,Public order and safety,45217.703,1.58897,28439.344,Moderate Spender,Minimal,2000,Not Calculated
2005,Germany,"Recreation, culture and religion",32348.836,1.13675,28432.287,Moderate Spender,Minimal,2000,Not Calculated
2005,Germany,"General economic, commercial and labour affairs",28218.455,0.99161,28428.543,Moderate Spender,Minimal,2000,Not Calculated
2005,Greece,Total function,112936.02,45.57974,2477.7139,Mega Spender,Critical,2000,Not Calculated
2005,Greece,Social protection,36946.992,14.9114,2477.602,Moderate Spender,Critical,2000,Not Calculated
2005,Greece,General public services,24742.467,9.98579,2477.5193,Moderate Spender,Significant,2000,Not Calculated
2005,Hungary,Total function,55834.242,49.31868,1132.0885,Major Spender,Critical,2000,Not Calculated
2005,Iran (Islamic Republic of),Total function,61352.8,26.80349,2288.9001,Major Spender,Critical,2000,Not Calculated
2005,Ireland,Total function,69965.52,33.0349,2117.8633,Major Spender,Critical,2000,Not Calculated
2005,Ireland,Social protection,24992.418,11.80041,2117.7483,Moderate Spender,Critical,2000,Not Calculated
2005,Israel,Total function,63455.152,44.48096,1426.5367,Major Spender,Critical,2000,Not Calculated
2005,Italy,Total function,877855.0,47.26058,18574.39,Mega Spender,Critical,2000,Not Calculated
2005,Italy,Transport,35503.477,1.91138,18565.072,Moderate Spender,Minimal,2000,Not Calculated
2005,Italy,Health,126771.555,6.82493,18572.057,Mega Spender,Significant,2000,Not Calculated
2005,Italy,Education,82574.75,4.44553,18570.605,Major Spender,Moderate,2000,Not Calculated
2005,Italy,Social protection,319216.16,17.18546,18573.701,Mega Spender,Critical,2000,Not Calculated
2005,Italy,General public services,174009.66,9.36806,18572.797,Mega Spender,Significant,2000,Not Calculated
2005,Italy,Defence,23495.889,1.26493,18560.18,Moderate Spender,Minimal,2000,Not Calculated
2005,Italy,Public order and safety,35502.605,1.91133,18565.104,Moderate Spender,Minimal,2000,Not Calculated
2005,Japan,Total function,1.691499e+06,35.01005,48313.29,Mega Spender,Critical,2000,Not Calculated
2005,Japan,"Agriculture, forestry, fishing and hunting",44431.86,0.91964,48261.926,Moderate Spender,Minimal,2000,Not Calculated
2005,Japan,Transport,68340.8,1.41449,48280.664,Major Spender,Minimal,2000,Not Calculated
2005,Japan,Environment protection,61495.28,1.27281,48276.65,Major Spender,Minimal,2000,Not Calculated
2005,Japan,Housing and community amenities,39976.152,0.82741,48256.484,Moderate Spender,Minimal,2000,Not Calculated
2005,Japan,Health,290932.88,6.02163,48306.617,Mega Spender,Significant,2000,Not Calculated
2005,Japan,Education,165704.92,3.4297,48300.617,Mega Spender,Moderate,2000,Not Calculated
2005,Japan,Social protection,621553.4,12.86469,48310.92,Mega Spender,Critical,2000,Not Calculated
2005,Japan,General public services,213009.27,4.40879,48303.72,Mega Spender,Moderate,2000,Not Calculated
2005,Japan,Defence,42157.28,0.87256,48259.17,Moderate Spender,Minimal,2000,Not Calculated
2005,Japan,Public order and safety,58043.945,1.20137,48274.61,Major Spender,Minimal,2000,Not Calculated
2005,Japan,Other industries,29684.748,0.6144,48236.508,Moderate Spender,Minimal,2000,Not Calculated
2005,"Korea, Republic of",Total function,260759.45,27.89166,9348.677,Mega Spender,Critical,2000,Not Calculated
2005,"Korea, Republic of",Health,24480.432,2.6185,9345.46,Moderate Spender,Moderate,2000,Not Calculated
2005,"Korea, Republic of",Education,40150.504,4.29463,9346.825,Moderate Spender,Moderate,2000,Not Calculated
2005,"Korea, Republic of",Social protection,38239.594,4.09023,9346.724,Moderate Spender,Moderate,2000,Not Calculated
2005,"Korea, Republic of",General public services,39892.387,4.26702,9346.813,Moderate Spender,Moderate,2000,Not Calculated
2005,"Korea, Republic of",Defence,20855.227,2.23074,9344.828,Moderate Spender,Moderate,2000,Not Calculated
2005,Kuwait,Total function,24914.385,30.83542,807.9532,Moderate Spender,Critical,2000,Not Calculated
2005,Malaysia,Total function,33467.9,23.31698,1435.283,Moderate Spender,Critical,2000,Not Calculated
2005,Netherlands (Kingdom of the),Total function,291854.88,42.60185,6850.595,Mega Spender,Critical,2000,Not Calculated
2005,Netherlands (Kingdom of the),Health,36750.426,5.36443,6849.484,Moderate Spender,Significant,2000,Not Calculated
2005,Netherlands (Kingdom of the),Education,35415.52,5.16958,6849.4287,Moderate Spender,Significant,2000,Not Calculated
2005,Netherlands (Kingdom of the),Social protection,103553.1,15.11557,6850.3037,Mega Spender,Critical,2000,Not Calculated
2005,Netherlands (Kingdom of the),General public services,40515.043,5.91395,6849.6006,Moderate Spender,Significant,2000,Not Calculated
2005,Norway,Total function,131236.78,42.48736,3088.7705,Mega Spender,Critical,2000,Not Calculated
2005,Norway,Health,22445.17,7.26653,3088.418,Moderate Spender,Significant,2000,Not Calculated
2005,Norway,Social protection,49900.66,16.15513,3088.6519,Moderate Spender,Critical,2000,Not Calculated
2005,Poland,Total function,135426.28,44.23586,3061.3901,Mega Spender,Critical,2000,Not Calculated
2005,Poland,Social protection,52310.887,17.08691,3061.2805,Major Spender,Critical,2000,Not Calculated
2005,Portugal,Total function,92242.984,46.78219,1971.7123,Major Spender,Critical,2000,Not Calculated
2005,Portugal,Social protection,29754.832,15.09054,1971.6233,Moderate Spender,Critical,2000,Not Calculated
2005,Romania,Total function,32982.58,33.50037,984.51434,Moderate Spender,Critical,2000,Not Calculated
2005,Russian Federation,Total function,242670.16,31.45452,7714.7085,Mega Spender,Critical,2000,Not Calculated
2005,Russian Federation,Health,29955.975,3.88285,7712.959,Moderate Spender,Moderate,2000,Not Calculated
2005,Russian Federation,Education,27231.262,3.52967,7712.775,Moderate Spender,Moderate,2000,Not Calculated
2005,Russian Federation,Social protection,66815.18,8.66048,7714.0605,Major Spender,Significant,2000,Not Calculated
2005,Russian Federation,General public services,26709.701,3.46207,7712.7236,Moderate Spender,Moderate,2000,Not Calculated
2005,Russian Federation,Defence,20568.34,2.66604,7712.0483,Moderate Spender,Moderate,2000,Not Calculated
2005,Russian Federation,Public order and safety,22375.977,2.90034,7712.2905,Moderate Spender,Moderate,2000,Not Calculated
2005,Slovakia,Total function,24951.412,50.88654,490.3246,Moderate Spender,Critical,2000,Not Calculated
2005,South Africa,Total function,90105.74,31.19279,2888.5796,Major Spender,Critical,2000,Not Calculated
2005,Spain,Total function,443962.3,38.49639,11532.2705,Mega Spender,Critical,2000,Not Calculated
2005,Spain,Transport,25669.314,2.22581,11527.394,Moderate Spender,Moderate,2000,Not Calculated
2005,Spain,Health,65278.66,5.66037,11530.542,Major Spender,Significant,2000,Not Calculated
2005,Spain,Education,45690.46,3.96186,11529.669,Moderate Spender,Moderate,2000,Not Calculated
2005,Spain,Social protection,146737.95,12.72379,11531.659,Mega Spender,Critical,2000,Not Calculated
2005,Spain,General public services,58964.902,5.1129,11530.32,Major Spender,Significant,2000,Not Calculated
2005,Spain,Public order and safety,20328.436,1.7627,11526.017,Moderate Spender,Minimal,2000,Not Calculated
2005,Sweden,Total function,205120.16,52.29739,3922.1123,Mega Spender,Critical,2000,Not Calculated
2005,Sweden,Health,25327.95,6.45761,3921.5789,Moderate Spender,Significant,2000,Not Calculated
2005,Sweden,Education,26032.879,6.63734,3921.5947,Moderate Spender,Significant,2000,Not Calculated
2005,Sweden,Social protection,85925.52,21.90755,3922.0085,Major Spender,Critical,2000,Not Calculated
2005,Sweden,General public services,30559.12,7.79135,3921.6821,Moderate Spender,Significant,2000,Not Calculated
2005,"Switzerland, Liechtenstein",Total function,139083.47,32.75643,4245.86,Mega Spender,Critical,2000,Not Calculated
2005,"Switzerland, Liechtenstein",Education,22002.926,5.18205,4245.1694,Moderate Spender,Significant,2000,Not Calculated
2005,"Switzerland, Liechtenstein",Social protection,55088.93,12.97434,4245.6636,Major Spender,Critical,2000,Not Calculated
2005,"Switzerland, Liechtenstein",General public services,19942.992,4.6969,4245.087,Moderate Spender,Moderate,2000,Not Calculated
2005,Thailand,Total function,34875.074,18.42138,1893.082,Moderate Spender,Critical,2000,Not Calculated
2005,Ukraine,Total function,37487.25,42.00776,892.3675,Moderate Spender,Critical,2000,Not Calculated
2005,United Kingdom,Total function,1.0489505e+06,41.21915,25447.518,Mega Spender,Critical,2000,Not Calculated
2005,United Kingdom,Transport,43656.496,1.71551,25433.29,Moderate Spender,Minimal,2000,Not Calculated
2005,United Kingdom,Environment protection,35031.016,1.37657,25429.572,Moderate Spender,Minimal,2000,Not Calculated
2005,United Kingdom,Housing and community amenities,27163.719,1.06742,25424.193,Moderate Spender,Minimal,2000,Not Calculated
2005,United Kingdom,Health,160273.22,6.29803,25444.111,Mega Spender,Significant,2000,Not Calculated
2005,United Kingdom,Education,140433.16,5.51841,25443.508,Mega Spender,Significant,2000,Not Calculated
2005,United Kingdom,Social protection,367412.03,14.43768,25446.371,Mega Spender,Critical,2000,Not Calculated
2005,United Kingdom,General public services,108942.15,4.28095,25442.182,Mega Spender,Moderate,2000,Not Calculated
2005,United Kingdom,Defence,57338.355,2.25315,25436.797,Major Spender,Moderate,2000,Not Calculated
2005,United Kingdom,Public order and safety,59340.18,2.33181,25437.21,Major Spender,Moderate,2000,Not Calculated
2005,United Kingdom,"Recreation, culture and religion",23069.16,0.90652,25420.002,Moderate Spender,Minimal,2000,Not Calculated
2005,United States of America,Total function,4.818588e+06,36.71834,131227.52,Mega Spender,Critical,2000,Not Calculated
2005,United States of America,Housing and community amenities,103388.34,0.78783,131065.44,Mega Spender,Minimal,2000,Not Calculated
2005,United States of America,Health,947416.94,7.21945,131213.0,Mega Spender,Significant,2000,Not Calculated
2005,United States of America,Education,804646.9,6.13153,131209.61,Mega Spender,Significant,2000,Not Calculated
2005,United States of America,Social protection,884142.75,6.7373,131211.55,Mega Spender,Significant,2000,Not Calculated
2005,United States of America,General public services,764236.6,5.82359,131208.66,Mega Spender,Significant,2000,Not Calculated
2005,United States of America,Defence,513770.25,3.915,131197.72,Mega Spender,Moderate,2000,Not Calculated
2005,United States of America,Public order and safety,271234.66,2.06685,131167.48,Mega Spender,Moderate,2000,Not Calculated
2005,United States of America,"Recreation, culture and religion",39896.22,0.30401,130802.99,Moderate Spender,Minimal,2000,Not Calculated
2006,Australia,Total function,293914.75,35.86481,8194.845,Mega Spender,Critical,2000,Not Calculated
2006,Australia,Transport,21707.512,2.64885,8191.978,Moderate Spender,Moderate,2000,Not Calculated
2006,Australia,Health,51528.14,6.2877,8193.767,Major Spender,Significant,2000,Not Calculated
2006,Australia,Education,43984.312,5.36717,8193.54,Moderate Spender,Significant,2000,Not Calculated
2006,Australia,Social protection,79408.97,9.68984,8194.2295,Major Spender,Significant,2000,Not Calculated
2006,Australia,General public services,31818.406,3.88263,8192.955,Moderate Spender,Moderate,2000,Not Calculated
2006,Austria,Total function,169417.67,50.42473,3359.7466,Mega Spender,Critical,2000,Not Calculated
2006,Austria,Health,24643.84,7.33488,3359.3572,Moderate Spender,Significant,2000,Not Calculated
2006,Austria,Social protection,66778.336,19.87561,3359.644,Major Spender,Critical,2000,Not Calculated
2006,Austria,General public services,26043.217,7.75139,3359.3792,Moderate Spender,Significant,2000,Not Calculated
2006,Belgium,Total function,199187.95,48.83288,4078.8887,Mega Spender,Critical,2000,Not Calculated
2006,Belgium,Health,27346.314,6.70422,4078.362,Moderate Spender,Significant,2000,Not Calculated
2006,Belgium,Education,22971.055,5.63158,4078.2476,Moderate Spender,Significant,2000,Not Calculated
2006,Belgium,Social protection,69655.6,17.07675,4078.7344,Major Spender,Critical,2000,Not Calculated
2006,Belgium,General public services,34976.84,8.57492,4078.4941,Moderate Spender,Significant,2000,Not Calculated
2006,Brazil,Total function,482676.12,43.57751,11076.013,Mega Spender,Critical,2000,Not Calculated
2006,Brazil,Health,49044.535,4.42789,11073.776,Moderate Spender,Moderate,2000,Not Calculated
2006,Brazil,Education,46621.977,4.20918,11073.631,Moderate Spender,Moderate,2000,Not Calculated
2006,Brazil,Social protection,138051.55,12.46372,11075.382,Mega Spender,Critical,2000,Not Calculated
2006,Brazil,General public services,163653.94,14.77519,11075.516,Mega Spender,Critical,2000,Not Calculated
2006,Brazil,Public order and safety,32067.947,2.89519,11072.46,Moderate Spender,Moderate,2000,Not Calculated
2006,China,Total function,721113.0,26.20216,27520.078,Mega Spender,Critical,2000,Not Calculated
2006,China,"Agriculture, forestry, fishing and hunting",28711.578,1.04326,27494.664,Moderate Spender,Minimal,2000,Not Calculated
2006,China,Environment protection,23128.04,0.84037,27488.547,Moderate Spender,Minimal,2000,Not Calculated
2006,China,Education,67235.734,2.44306,27509.855,Major Spender,Moderate,2000,Not Calculated
2006,China,Social protection,123627.97,4.49211,27515.012,Mega Spender,Moderate,2000,Not Calculated
2006,China,General public services,131265.83,4.76964,27515.35,Mega Spender,Moderate,2000,Not Calculated
2006,China,Defence,37809.285,1.37383,27501.062,Moderate Spender,Minimal,2000,Not Calculated
2006,China,Public order and safety,35933.055,1.30565,27500.137,Moderate Spender,Minimal,2000,Not Calculated
2006,"China, Hong Kong SAR",Total function,31949.836,16.50852,1935.2372,Moderate Spender,Critical,2000,Not Calculated
2006,Czechia,Total function,64787.926,41.4605,1562.6045,Major Spender,Critical,2000,Not Calculated
2006,Denmark,Total function,140961.36,49.82975,2828.8027,Mega Spender,Critical,2000,Not Calculated
2006,Denmark,Health,20787.559,7.34839,2828.4739,Moderate Spender,Significant,2000,Not Calculated
2006,Denmark,Social protection,61296.383,21.66823,2828.7292,Major Spender,Critical,2000,Not Calculated
2006,Egypt,Total function,38309.195,35.55658,1077.3848,Moderate Spender,Critical,2000,Not Calculated
2006,Finland,Total function,104354.07,48.1124,2168.9192,Mega Spender,Critical,2000,Not Calculated
2006,Finland,Social protection,42591.168,19.63664,2168.8538,Moderate Spender,Critical,2000,Not Calculated
2006,France,Total function,1.2270012e+06,52.81838,23230.135,Mega Spender,Critical,2000,Not Calculated
2006,France,Transport,44745.773,1.92616,23218.504,Moderate Spender,Minimal,2000,Not Calculated
2006,France,Environment protection,20785.184,0.89473,23204.742,Moderate Spender,Minimal,2000,Not Calculated
2006,France,Housing and community amenities,26318.607,1.13293,23210.08,Moderate Spender,Minimal,2000,Not Calculated
2006,France,Health,176011.1,7.5767,23227.508,Mega Spender,Significant,2000,Not Calculated
2006,France,Education,127056.555,5.46937,23226.318,Mega Spender,Significant,2000,Not Calculated
2006,France,Social protection,501049.22,21.56852,23229.504,Mega Spender,Critical,2000,Not Calculated
2006,France,General public services,160014.77,6.88811,23227.203,Mega Spender,Significant,2000,Not Calculated
2006,France,Defence,41586.688,1.79017,23217.611,Moderate Spender,Minimal,2000,Not Calculated
2006,France,Public order and safety,34260.27,1.47479,23214.867,Moderate Spender,Minimal,2000,Not Calculated
2006,France,"Recreation, culture and religion",32987.094,1.41999,23214.164,Moderate Spender,Minimal,2000,Not Calculated
2006,Germany,Total function,1.354663e+06,45.27551,29919.775,Mega Spender,Critical,2000,Not Calculated
2006,Germany,Transport,48957.055,1.63624,29902.186,Moderate Spender,Minimal,2000,Not Calculated
2006,Germany,Housing and community amenities,27171.158,0.90811,29887.646,Moderate Spender,Minimal,2000,Not Calculated
2006,Germany,Health,192451.9,6.43212,29915.797,Mega Spender,Significant,2000,Not Calculated
2006,Germany,Education,120545.02,4.02885,29913.03,Mega Spender,Moderate,2000,Not Calculated
2006,Germany,Social protection,597254.44,19.96142,29918.94,Mega Spender,Critical,2000,Not Calculated
2006,Germany,General public services,185102.89,6.1865,29915.62,Mega Spender,Significant,2000,Not Calculated
2006,Germany,Defence,29163.795,0.97471,29889.82,Moderate Spender,Minimal,2000,Not Calculated
2006,Germany,Public order and safety,46114.38,1.54123,29901.104,Moderate Spender,Minimal,2000,Not Calculated
2006,Germany,"Recreation, culture and religion",33253.277,1.11139,29893.541,Moderate Spender,Minimal,2000,Not Calculated
2006,Germany,"General economic, commercial and labour affairs",24244.357,0.81029,29883.715,Moderate Spender,Minimal,2000,Not Calculated
2006,Greece,Total function,123415.32,45.15684,2732.9766,Mega Spender,Critical,2000,Not Calculated
2006,Greece,Social protection,41368.215,15.13635,2732.8572,Moderate Spender,Critical,2000,Not Calculated
2006,Greece,General public services,30217.24,11.05629,2732.789,Moderate Spender,Critical,2000,Not Calculated
2006,Hungary,Total function,59428.81,51.35764,1157.1337,Major Spender,Critical,2000,Not Calculated
2006,Hungary,Social protection,19896.93,17.19468,1157.089,Moderate Spender,Critical,2000,Not Calculated
2006,Iran (Islamic Republic of),Total function,76289.21,28.03887,2720.7407,Major Spender,Critical,2000,Not Calculated
2006,Iran (Islamic Republic of),Social protection,21245.145,7.80831,2720.4893,Moderate Spender,Significant,2000,Not Calculated
2006,Ireland,Total function,77925.914,33.59247,2319.6746,Major Spender,Critical,2000,Not Calculated
2006,Ireland,Social protection,27912.176,12.03244,2319.5508,Moderate Spender,Critical,2000,Not Calculated
2006,Israel,Total function,67204.5,43.59818,1541.4166,Major Spender,Critical,2000,Not Calculated
2006,Italy,Total function,931761.06,47.8361,19477.791,Mega Spender,Critical,2000,Not Calculated
2006,Italy,Transport,56334.83,2.8922,19471.46,Major Spender,Moderate,2000,Not Calculated
2006,Italy,Health,134522.34,6.9063,19475.387,Mega Spender,Significant,2000,Not Calculated
2006,Italy,Education,85252.4,4.37681,19473.754,Major Spender,Moderate,2000,Not Calculated
2006,Italy,Social protection,336371.16,17.26911,19477.072,Mega Spender,Critical,2000,Not Calculated
2006,Italy,General public services,178639.06,9.17123,19476.076,Mega Spender,Significant,2000,Not Calculated
2006,Italy,Defence,23534.943,1.20827,19462.107,Moderate Spender,Minimal,2000,Not Calculated
2006,Italy,Public order and safety,35584.926,1.82691,19467.547,Moderate Spender,Minimal,2000,Not Calculated
2006,Japan,Total function,1.5902089e+06,34.55727,46015.293,Mega Spender,Critical,2000,Not Calculated
2006,Japan,"Agriculture, forestry, fishing and hunting",37716.473,0.81963,45960.387,Moderate Spender,Minimal,2000,Not Calculated
2006,Japan,Transport,62194.69,1.35157,45982.6,Major Spender,Minimal,2000,Not Calculated
2006,Japan,Environment protection,53598.77,1.16477,45977.137,Major Spender,Minimal,2000,Not Calculated
2006,Japan,Housing and community amenities,36365.65,0.79027,45958.586,Moderate Spender,Minimal,2000,Not Calculated
2006,Japan,Health,275557.1,5.98821,46008.92,Mega Spender,Significant,2000,Not Calculated
2006,Japan,Education,156650.11,3.40421,46003.07,Mega Spender,Moderate,2000,Not Calculated
2006,Japan,Social protection,593490.2,12.8973,46013.055,Mega Spender,Critical,2000,Not Calculated
2006,Japan,General public services,199961.62,4.34542,46006.055,Mega Spender,Moderate,2000,Not Calculated
2006,Japan,Defence,39928.008,0.86769,45963.47,Moderate Spender,Minimal,2000,Not Calculated
2006,Japan,Public order and safety,55456.906,1.20515,45978.445,Major Spender,Minimal,2000,Not Calculated
2006,Japan,Other industries,27093.883,0.58878,45938.97,Moderate Spender,Minimal,2000,Not Calculated
2006,Kazakhstan,Total function,21277.113,26.26679,810.00775,Moderate Spender,Critical,2000,Not Calculated
2006,"Korea, Republic of",Total function,300535.03,28.53496,10531.801,Mega Spender,Critical,2000,Not Calculated
2006,"Korea, Republic of",Health,30763.89,2.92095,10528.549,Moderate Spender,Moderate,2000,Not Calculated
2006,"Korea, Republic of",Education,43182.18,4.10003,10529.594,Moderate Spender,Moderate,2000,Not Calculated
2006,"Korea, Republic of",Social protection,45690.082,4.33815,10529.731,Moderate Spender,Moderate,2000,Not Calculated
2006,"Korea, Republic of",General public services,45242.7,4.29567,10529.713,Moderate Spender,Moderate,2000,Not Calculated
2006,"Korea, Republic of",Defence,23828.04,2.26241,10527.496,Moderate Spender,Moderate,2000,Not Calculated
2006,Kuwait,Total function,40819.355,40.19276,1015.5645,Moderate Spender,Critical,2000,Not Calculated
2006,Malaysia,Total function,38495.453,23.66152,1626.8535,Moderate Spender,Critical,2000,Not Calculated
2006,Netherlands (Kingdom of the),Total function,318456.28,43.42763,7332.8647,Mega Spender,Critical,2000,Not Calculated
2006,Netherlands (Kingdom of the),Health,48774.992,6.65141,7331.928,Moderate Spender,Significant,2000,Not Calculated
2006,Netherlands (Kingdom of the),Education,38145.094,5.20182,7331.619,Moderate Spender,Significant,2000,Not Calculated
2006,Netherlands (Kingdom of the),Social protection,108107.06,14.74248,7332.533,Mega Spender,Critical,2000,Not Calculated
2006,Netherlands (Kingdom of the),General public services,42302.38,5.76874,7331.765,Moderate Spender,Significant,2000,Not Calculated
2006,Norway,Total function,142354.98,41.19311,3455.712,Mega Spender,Critical,2000,Not Calculated
2006,Norway,Health,23831.29,6.89604,3455.2922,Moderate Spender,Significant,2000,Not Calculated
2006,Norway,Social protection,53021.57,15.3428,3455.5696,Major Spender,Critical,2000,Not Calculated
2006,Philippines,Total function,20361.41,15.9506,1276.4493,Moderate Spender,Critical,2000,Not Calculated
2006,Poland,Total function,153191.34,44.4514,3446.1882,Mega Spender,Critical,2000,Not Calculated
2006,Poland,Education,20469.469,5.93961,3445.6848,Moderate Spender,Significant,2000,Not Calculated
2006,Poland,Social protection,57962.24,16.81885,3446.0618,Major Spender,Critical,2000,Not Calculated
2006,Portugal,Total function,94453.45,45.28599,2085.664,Major Spender,Critical,2000,Not Calculated
2006,Portugal,Social protection,31549.908,15.1267,2085.572,Moderate Spender,Critical,2000,Not Calculated
2006,Romania,Total function,43492.39,35.64257,1220.203,Moderate Spender,Critical,2000,Not Calculated
2006,Russian Federation,Total function,313707.22,31.38255,9995.913,Mega Spender,Critical,2000,Not Calculated
2006,Russian Federation,Housing and community amenities,23228.31,2.32371,9991.918,Moderate Spender,Moderate,2000,Not Calculated
2006,Russian Federation,Health,39891.938,3.9907,9993.722,Moderate Spender,Moderate,2000,Not Calculated
2006,Russian Federation,Education,38115.61,3.813,9993.605,Moderate Spender,Moderate,2000,Not Calculated
2006,Russian Federation,Social protection,81560.2,8.15909,9995.012,Major Spender,Significant,2000,Not Calculated
2006,Russian Federation,General public services,45886.58,4.59039,9994.049,Moderate Spender,Moderate,2000,Not Calculated
2006,Russian Federation,Defence,25129.678,2.51392,9992.237,Moderate Spender,Moderate,2000,Not Calculated
2006,Russian Federation,Public order and safety,26262.406,2.62723,9992.432,Moderate Spender,Moderate,2000,Not Calculated
2006,Singapore,Total function,21457.162,14.4369,1486.1692,Moderate Spender,Critical,2000,Not Calculated
2006,Slovakia,Total function,27472.414,48.04958,571.7395,Moderate Spender,Critical,2000,Not Calculated
2006,South Africa,Total function,92876.68,30.56575,3038.4873,Major Spender,Critical,2000,Not Calculated
2006,Spain,Total function,484443.94,38.46993,12592.468,Mega Spender,Critical,2000,Not Calculated
2006,Spain,Transport,27746.223,2.20334,12587.089,Moderate Spender,Moderate,2000,Not Calculated
2006,Spain,Health,71213.8,5.65512,12590.574,Major Spender,Significant,2000,Not Calculated
2006,Spain,Education,49989.156,3.96966,12589.634,Moderate Spender,Moderate,2000,Not Calculated
2006,Spain,Social protection,159837.73,12.69279,12591.805,Mega Spender,Critical,2000,Not Calculated
2006,Spain,General public services,63759.31,5.06316,12590.304,Major Spender,Significant,2000,Not Calculated
2006,Spain,Public order and safety,22571.9,1.79245,12585.743,Moderate Spender,Minimal,2000,Not Calculated
2006,Sweden,Total function,216194.92,51.09896,4230.8237,Mega Spender,Critical,2000,Not Calculated
2006,Sweden,Health,26928.068,6.36461,4230.2417,Moderate Spender,Significant,2000,Not Calculated
2006,Sweden,Education,27572.938,6.51703,4230.2563,Moderate Spender,Significant,2000,Not Calculated
2006,Sweden,Social protection,89323.49,21.11214,4230.706,Major Spender,Critical,2000,Not Calculated
2006,Sweden,General public services,33256.13,7.86028,4230.3706,Moderate Spender,Significant,2000,Not Calculated
2006,"Switzerland, Liechtenstein",Total function,138626.06,30.92877,4481.9624,Mega Spender,Critical,2000,Not Calculated
2006,"Switzerland, Liechtenstein",Education,22337.535,4.98371,4481.211,Moderate Spender,Moderate,2000,Not Calculated
2006,"Switzerland, Liechtenstein",Social protection,54453.406,12.14907,4481.736,Major Spender,Critical,2000,Not Calculated
2006,"Switzerland, Liechtenstein",General public services,20129.74,4.49113,4481.113,Moderate Spender,Moderate,2000,Not Calculated
2006,Thailand,Total function,40501.047,18.26359,2217.463,Moderate Spender,Critical,2000,Not Calculated
2006,Ukraine,Total function,48139.01,43.02553,1118.8215,Moderate Spender,Critical,2000,Not Calculated
2006,Ukraine,Social protection,21513.861,19.22859,1118.7894,Moderate Spender,Critical,2000,Not Calculated
2006,United Kingdom,Total function,1.1069674e+06,40.84783,27099.12,Mega Spender,Critical,2000,Not Calculated
2006,United Kingdom,Transport,47469.426,1.75165,27084.373,Moderate Spender,Minimal,2000,Not Calculated
2006,United Kingdom,Environment protection,23095.322,0.85223,27068.11,Moderate Spender,Minimal,2000,Not Calculated
2006,United Kingdom,Housing and community amenities,30863.684,1.13889,27076.018,Moderate Spender,Minimal,2000,Not Calculated
2006,United Kingdom,Health,175614.25,6.48028,27095.613,Mega Spender,Significant,2000,Not Calculated
2006,United Kingdom,Education,152541.0,5.62886,27094.99,Mega Spender,Significant,2000,Not Calculated
2006,United Kingdom,Social protection,382815.28,14.12614,27097.861,Mega Spender,Critical,2000,Not Calculated
2006,United Kingdom,General public services,118001.055,4.35432,27093.545,Mega Spender,Moderate,2000,Not Calculated
2006,United Kingdom,Defence,61392.49,2.26542,27087.871,Major Spender,Moderate,2000,Not Calculated
2006,United Kingdom,Public order and safety,61306.01,2.26223,27087.842,Major Spender,Moderate,2000,Not Calculated
2006,United Kingdom,"Recreation, culture and religion",24053.947,0.88761,27069.184,Moderate Spender,Minimal,2000,Not Calculated
2006,United States of America,Total function,5.066252e+06,36.44036,139024.78,Mega Spender,Critical,2000,Not Calculated
2006,United States of America,Housing and community amenities,80498.24,0.579,138790.08,Major Spender,Minimal,2000,Not Calculated
2006,United States of America,Health,1.0264834e+06,7.38325,139009.83,Mega Spender,Significant,2000,Not Calculated
2006,United States of America,Education,851597.6,6.12534,139005.94,Mega Spender,Significant,2000,Not Calculated
2006,United States of America,Social protection,926561.9,6.66454,139007.78,Mega Spender,Significant,2000,Not Calculated
2006,United States of America,General public services,818874.9,5.88997,139005.11,Mega Spender,Significant,2000,Not Calculated
2006,United States of America,Defence,540534.56,3.88794,138992.78,Mega Spender,Moderate,2000,Not Calculated
2006,United States of America,Public order and safety,287810.16,2.07015,138961.53,Mega Spender,Moderate,2000,Not Calculated
2006,United States of America,"Recreation, culture and religion",42358.48,0.30467,138575.86,Moderate Spender,Minimal,2000,Not Calculated
2007,Australia,Total function,351380.34,35.61243,9866.513,Mega Spender,Critical,2000,Not Calculated
2007,Australia,Transport,26825.988,2.71882,9863.148,Moderate Spender,Moderate,2000,Not Calculated
2007,Australia,Health,62894.93,6.37441,9865.236,Major Spender,Significant,2000,Not Calculated
2007,Australia,Education,52590.113,5.33001,9864.944,Major Spender,Significant,2000,Not Calculated
2007,Australia,Social protection,93793.48,9.50598,9865.749,Major Spender,Significant,2000,Not Calculated
2007,Australia,General public services,36491.51,3.69842,9864.117,Moderate Spender,Moderate,2000,Not Calculated
2007,Austria,Total function,191651.02,49.30926,3886.6355,Mega Spender,Critical,2000,Not Calculated
2007,Austria,Health,28646.8,7.37044,3886.188,Moderate Spender,Significant,2000,Not Calculated
2007,Austria,Social protection,75523.33,19.43115,3886.5144,Major Spender,Critical,2000,Not Calculated
2007,Austria,General public services,29436.072,7.57351,3886.2014,Moderate Spender,Significant,2000,Not Calculated
2007,Belarus,Total function,22601.28,48.28586,468.06274,Moderate Spender,Critical,2000,Not Calculated
2007,Belgium,Total function,228694.4,48.62733,4702.905,Mega Spender,Critical,2000,Not Calculated
2007,Belgium,Health,31844.154,6.77103,4702.3057,Moderate Spender,Significant,2000,Not Calculated
2007,Belgium,Education,25986.594,5.52553,4702.154,Moderate Spender,Significant,2000,Not Calculated
2007,Belgium,Social protection,79131.81,16.82581,4702.7227,Major Spender,Critical,2000,Not Calculated
2007,Belgium,General public services,40982.5,8.71412,4702.4595,Moderate Spender,Significant,2000,Not Calculated
2007,Brazil,Total function,566648.56,40.5585,13970.798,Mega Spender,Critical,2000,Not Calculated
2007,Brazil,Health,63954.383,4.57761,13968.078,Major Spender,Moderate,2000,Not Calculated
2007,Brazil,Education,63190.48,4.52293,13968.05,Major Spender,Moderate,2000,Not Calculated
2007,Brazil,Social protection,171922.48,12.30554,13970.009,Mega Spender,Critical,2000,Not Calculated
2007,Brazil,General public services,154210.2,11.03777,13969.871,Mega Spender,Critical,2000,Not Calculated
2007,Brazil,Public order and safety,40272.023,2.88251,13966.32,Moderate Spender,Moderate,2000,Not Calculated
2007,China,Total function,1.1411519e+06,32.1422,35502.125,Mega Spender,Critical,2000,Not Calculated
2007,China,"Agriculture, forestry, fishing and hunting",66635.01,1.87687,35484.355,Major Spender,Minimal,2000,Not Calculated
2007,China,Transport,50078.656,1.41054,35478.027,Major Spender,Minimal,2000,Not Calculated
2007,China,Housing and community amenities,129649.4,3.65176,35493.543,Mega Spender,Moderate,2000,Not Calculated
2007,China,Health,27222.23,0.76675,35457.156,Moderate Spender,Minimal,2000,Not Calculated
2007,China,Education,96029.43,2.70481,35490.09,Major Spender,Moderate,2000,Not Calculated
2007,China,Social protection,147693.1,4.15999,35494.703,Mega Spender,Moderate,2000,Not Calculated
2007,China,General public services,107778.05,3.03572,35491.598,Mega Spender,Moderate,2000,Not Calculated
2007,China,Defence,46918.234,1.32152,35476.39,Moderate Spender,Minimal,2000,Not Calculated
2007,China,Public order and safety,45824.977,1.29073,35475.66,Moderate Spender,Minimal,2000,Not Calculated
2007,"China, Hong Kong SAR",Total function,33418.547,15.79349,2115.8357,Moderate Spender,Critical,2000,Not Calculated
2007,Czechia,Total function,76908.28,40.43886,1901.794,Major Spender,Critical,2000,Not Calculated
2007,Czechia,Social protection,22923.062,12.05309,1901.6833,Moderate Spender,Critical,2000,Not Calculated
2007,Denmark,Total function,158406.58,49.59142,3194.1692,Mega Spender,Critical,2000,Not Calculated
2007,Denmark,Health,24490.508,7.6671,3193.817,Moderate Spender,Significant,2000,Not Calculated
2007,Denmark,Social protection,68557.22,21.46281,3194.0842,Major Spender,Critical,2000,Not Calculated
2007,Denmark,General public services,21477.668,6.72389,3193.7576,Moderate Spender,Significant,2000,Not Calculated
2007,Egypt,Total function,42441.633,32.11253,1321.6122,Moderate Spender,Critical,2000,Not Calculated
2007,Finland,Total function,119394.68,46.63137,2560.339,Mega Spender,Critical,2000,Not Calculated
2007,Finland,Social protection,48806.836,19.06223,2560.2607,Moderate Spender,Critical,2000,Not Calculated
2007,France,Total function,1.3985509e+06,52.51896,26628.941,Mega Spender,Critical,2000,Not Calculated
2007,France,Transport,49527.707,1.85988,26615.207,Moderate Spender,Minimal,2000,Not Calculated
2007,France,Environment protection,23126.816,0.86847,26598.752,Moderate Spender,Minimal,2000,Not Calculated
2007,France,Housing and community amenities,30669.928,1.15173,26606.342,Moderate Spender,Minimal,2000,Not Calculated
2007,France,Health,198557.6,7.45632,26625.865,Mega Spender,Significant,2000,Not Calculated
2007,France,Education,141131.83,5.29984,26624.428,Mega Spender,Significant,2000,Not Calculated
2007,France,Social protection,576451.8,21.64716,26628.215,Mega Spender,Critical,2000,Not Calculated
2007,France,General public services,190933.62,7.17002,26625.727,Mega Spender,Significant,2000,Not Calculated
2007,France,Defence,46122.066,1.73199,26614.156,Moderate Spender,Minimal,2000,Not Calculated
2007,France,Public order and safety,38829.754,1.45815,26611.213,Moderate Spender,Minimal,2000,Not Calculated
2007,France,"Recreation, culture and religion",37792.3,1.41919,26610.734,Moderate Spender,Minimal,2000,Not Calculated
2007,France,RandD Economic affairs,20351.6,0.76425,26594.709,Moderate Spender,Minimal,2000,Not Calculated
2007,Germany,Total function,1.4866232e+06,43.45513,34209.746,Mega Spender,Critical,2000,Not Calculated
2007,Germany,Transport,52896.34,1.5462,34188.43,Major Spender,Minimal,2000,Not Calculated
2007,Germany,Housing and community amenities,27426.008,0.80168,34168.047,Moderate Spender,Minimal,2000,Not Calculated
2007,Germany,Health,217748.4,6.36495,34205.17,Mega Spender,Significant,2000,Not Calculated
2007,Germany,Education,134367.16,3.92765,34201.867,Mega Spender,Moderate,2000,Not Calculated
2007,Germany,Social protection,647565.94,18.92885,34208.72,Mega Spender,Critical,2000,Not Calculated
2007,Germany,General public services,209573.5,6.12599,34204.97,Mega Spender,Significant,2000,Not Calculated
2007,Germany,Defence,30317.715,0.88621,34171.973,Moderate Spender,Minimal,2000,Not Calculated
2007,Germany,Public order and safety,50614.496,1.4795,34187.434,Major Spender,Minimal,2000,Not Calculated
2007,Germany,"Recreation, culture and religion",37019.35,1.0821,34179.066,Moderate Spender,Minimal,2000,Not Calculated
2007,Germany,"General economic, commercial and labour affairs",25381.254,0.74191,34164.645,Moderate Spender,Minimal,2000,Not Calculated
2007,Greece,Total function,150105.72,47.13168,3184.7483,Mega Spender,Critical,2000,Not Calculated
2007,Greece,Social protection,50101.938,15.7315,3184.6138,Major Spender,Critical,2000,Not Calculated
2007,Greece,General public services,37107.062,11.65124,3184.543,Moderate Spender,Critical,2000,Not Calculated
2007,Hungary,Total function,69898.77,49.86121,1401.8386,Major Spender,Critical,2000,Not Calculated
2007,Hungary,Social protection,24090.592,17.18465,1401.7853,Moderate Spender,Critical,2000,Not Calculated
2007,Iran (Islamic Republic of),Total function,82572.4,22.85146,3613.283,Major Spender,Critical,2000,Not Calculated
2007,Iran (Islamic Republic of),Social protection,24292.998,6.72295,3612.9058,Moderate Spender,Significant,2000,Not Calculated
2007,Ireland,Total function,96257.23,35.6875,2697.1497,Major Spender,Critical,2000,Not Calculated
2007,Ireland,Social protection,34577.613,12.8197,2697.0144,Moderate Spender,Critical,2000,Not Calculated
2007,Israel,Total function,75263.61,42.00855,1791.5834,Major Spender,Critical,2000,Not Calculated
2007,Italy,Total function,1.0353701e+06,46.84553,22101.318,Mega Spender,Critical,2000,Not Calculated
2007,Italy,Transport,45325.137,2.05074,22091.072,Moderate Spender,Moderate,2000,Not Calculated
2007,Italy,Health,147840.31,6.68906,22098.502,Mega Spender,Significant,2000,Not Calculated
2007,Italy,Education,97829.38,4.42631,22096.8,Major Spender,Moderate,2000,Not Calculated
2007,Italy,Social protection,385067.3,17.42245,22100.521,Mega Spender,Critical,2000,Not Calculated
2007,Italy,General public services,202484.02,9.16143,22099.377,Mega Spender,Significant,2000,Not Calculated
2007,Italy,Defence,26440.633,1.19631,22083.363,Moderate Spender,Minimal,2000,Not Calculated
2007,Italy,Public order and safety,39863.094,1.80361,22089.59,Moderate Spender,Minimal,2000,Not Calculated
2007,Japan,Total function,1.5881418e+06,34.67748,45796.176,Mega Spender,Critical,2000,Not Calculated
2007,Japan,"Agriculture, forestry, fishing and hunting",37979.33,0.82929,45742.246,Moderate Spender,Minimal,2000,Not Calculated
2007,Japan,Transport,59255.125,1.29385,45762.152,Major Spender,Minimal,2000,Not Calculated
2007,Japan,Environment protection,50756.863,1.10829,45756.17,Major Spender,Minimal,2000,Not Calculated
2007,Japan,Housing and community amenities,35012.965,0.76452,45737.492,Moderate Spender,Minimal,2000,Not Calculated
2007,Japan,Health,278684.66,6.08515,45789.977,Mega Spender,Significant,2000,Not Calculated
2007,Japan,Education,156639.89,3.42027,45784.137,Mega Spender,Moderate,2000,Not Calculated
2007,Japan,Social protection,604935.56,13.20892,45794.035,Mega Spender,Critical,2000,Not Calculated
2007,Japan,General public services,197668.81,4.31615,45786.875,Mega Spender,Moderate,2000,Not Calculated
2007,Japan,Defence,39011.992,0.85184,45743.625,Moderate Spender,Minimal,2000,Not Calculated
2007,Japan,Public order and safety,54670.973,1.19375,45759.34,Major Spender,Minimal,2000,Not Calculated
2007,Japan,Other industries,21864.312,0.47741,45702.043,Moderate Spender,Minimal,2000,Not Calculated
2007,Kazakhstan,Total function,28879.64,27.54379,1048.461,Moderate Spender,Critical,2000,Not Calculated
2007,"Korea, Republic of",Total function,328737.84,28.03461,11725.725,Mega Spender,Critical,2000,Not Calculated
2007,"Korea, Republic of",Health,35939.605,3.06491,11722.329,Moderate Spender,Moderate,2000,Not Calculated
2007,"Korea, Republic of",Education,50588.04,4.31412,11723.438,Major Spender,Moderate,2000,Not Calculated
2007,"Korea, Republic of",Social protection,54642.266,4.65987,11723.619,Major Spender,Moderate,2000,Not Calculated
2007,"Korea, Republic of",General public services,51435.49,4.3864,11723.455,Major Spender,Moderate,2000,Not Calculated
2007,"Korea, Republic of",Defence,26051.463,2.22166,11720.851,Moderate Spender,Moderate,2000,Not Calculated
2007,Malaysia,Total function,46837.42,24.19919,1935.4155,Moderate Spender,Critical,2000,Not Calculated
2007,Netherlands (Kingdom of the),Total function,362314.66,42.75412,8474.182,Mega Spender,Critical,2000,Not Calculated
2007,Netherlands (Kingdom of the),Transport,20117.246,2.37389,8470.8125,Moderate Spender,Moderate,2000,Not Calculated
2007,Netherlands (Kingdom of the),Health,57006.406,6.72691,8473.122,Major Spender,Significant,2000,Not Calculated
2007,Netherlands (Kingdom of the),Education,43623.688,5.14771,8472.741,Moderate Spender,Significant,2000,Not Calculated
2007,Netherlands (Kingdom of the),Social protection,122681.086,14.4767,8473.797,Mega Spender,Critical,2000,Not Calculated
2007,Netherlands (Kingdom of the),General public services,46533.21,5.49105,8472.831,Moderate Spender,Significant,2000,Not Calculated
2007,Norway,Total function,167351.55,41.73986,4009.298,Mega Spender,Critical,2000,Not Calculated
2007,Norway,Health,27570.826,6.87656,4008.809,Moderate Spender,Significant,2000,Not Calculated
2007,Norway,Social protection,61970.258,15.45627,4009.1333,Major Spender,Critical,2000,Not Calculated
2007,Norway,General public services,23571.623,5.8791,4008.7114,Moderate Spender,Significant,2000,Not Calculated
2007,Philippines,Total function,25038.988,16.05265,1559.7069,Moderate Spender,Critical,2000,Not Calculated
2007,Poland,Total function,184051.38,42.90034,4290.108,Mega Spender,Critical,2000,Not Calculated
2007,Poland,Education,24427.465,5.69377,4289.456,Moderate Spender,Significant,2000,Not Calculated
2007,Poland,Social protection,66916.67,15.59754,4289.9316,Major Spender,Critical,2000,Not Calculated
2007,Poland,General public services,23304.25,5.43196,4289.4204,Moderate Spender,Significant,2000,Not Calculated
2007,Portugal,Total function,107051.98,44.57184,2401.7312,Mega Spender,Critical,2000,Not Calculated
2007,Portugal,Social protection,35767.05,14.89186,2401.624,Moderate Spender,Critical,2000,Not Calculated
2007,Romania,Total function,65514.61,37.5251,1745.8412,Major Spender,Critical,2000,Not Calculated
2007,Russian Federation,Total function,524986.56,40.0012,13123.941,Mega Spender,Critical,2000,Not Calculated
2007,Singapore,Total function,24492.707,13.53624,1809.2837,Moderate Spender,Critical,2000,Not Calculated
2007,Slovakia,Total function,31492.545,40.86941,770.5463,Moderate Spender,Critical,2000,Not Calculated
2007,Slovenia,Total function,20865.98,43.46725,480.02808,Moderate Spender,Critical,2000,Not Calculated
2007,South Africa,Total function,108548.24,32.58952,3330.6694,Mega Spender,Critical,2000,Not Calculated
2007,South Africa,General public services,51222.895,15.37869,3330.5544,Major Spender,Critical,2000,Not Calculated
2007,Spain,Total function,578621.3,39.30703,14720.182,Mega Spender,Critical,2000,Not Calculated
2007,Spain,Transport,34463.41,2.34118,14714.245,Moderate Spender,Moderate,2000,Not Calculated
2007,Spain,Health,83982.89,5.70514,14717.986,Major Spender,Significant,2000,Not Calculated
2007,Spain,Education,59363.63,4.0327,14716.917,Major Spender,Moderate,2000,Not Calculated
2007,Spain,Social protection,189283.58,12.85845,14719.414,Mega Spender,Critical,2000,Not Calculated
2007,Spain,General public services,73162.97,4.97012,14717.603,Major Spender,Moderate,2000,Not Calculated
2007,Spain,Public order and safety,27497.271,1.86795,14712.685,Moderate Spender,Minimal,2000,Not Calculated
2007,Spain,"Recreation, culture and religion",23130.928,1.57134,14711.148,Moderate Spender,Minimal,2000,Not Calculated
2007,Sweden,Total function,242319.39,49.32662,4912.4487,Mega Spender,Critical,2000,Not Calculated
2007,Sweden,Health,31245.182,6.36028,4911.776,Moderate Spender,Significant,2000,Not Calculated
2007,Sweden,Education,30752.342,6.25996,4911.761,Moderate Spender,Significant,2000,Not Calculated
2007,Sweden,Social protection,98237.84,19.99733,4912.3027,Major Spender,Critical,2000,Not Calculated
2007,Sweden,General public services,37875.53,7.70996,4911.9087,Moderate Spender,Significant,2000,Not Calculated
2007,"Switzerland, Liechtenstein",Total function,148520.39,29.78506,4986.2383,Mega Spender,Critical,2000,Not Calculated
2007,"Switzerland, Liechtenstein",Education,23637.21,4.74033,4985.3545,Moderate Spender,Moderate,2000,Not Calculated
2007,"Switzerland, Liechtenstein",Social protection,58439.133,11.71969,4985.9805,Major Spender,Critical,2000,Not Calculated
2007,"Switzerland, Liechtenstein",General public services,21359.98,4.28364,4985.245,Moderate Spender,Moderate,2000,Not Calculated
2007,Thailand,Total function,51254.44,19.49263,2629.2917,Major Spender,Critical,2000,Not Calculated
2007,Ukraine,Total function,61744.555,41.51345,1487.3027,Major Spender,Critical,2000,Not Calculated
2007,Ukraine,Social protection,26483.168,17.80574,1487.2552,Moderate Spender,Critical,2000,Not Calculated
2007,United Kingdom,Total function,1.2706902e+06,41.08282,30929.213,Mega Spender,Critical,2000,Not Calculated
2007,United Kingdom,Transport,53078.24,1.71608,30911.92,Major Spender,Minimal,2000,Not Calculated
2007,United Kingdom,Environment protection,28122.844,0.90924,30896.076,Moderate Spender,Minimal,2000,Not Calculated
2007,United Kingdom,Housing and community amenities,37309.04,1.20624,30904.406,Moderate Spender,Minimal,2000,Not Calculated
2007,United Kingdom,Health,201419.98,6.51213,30925.223,Mega Spender,Significant,2000,Not Calculated
2007,United Kingdom,Education,175446.12,5.67237,30924.5,Mega Spender,Significant,2000,Not Calculated
2007,United Kingdom,Social protection,440293.06,14.23516,30927.797,Mega Spender,Critical,2000,Not Calculated
2007,United Kingdom,General public services,135934.08,4.3949,30922.926,Mega Spender,Moderate,2000,Not Calculated
2007,United Kingdom,Defence,66234.25,2.14143,30915.482,Major Spender,Moderate,2000,Not Calculated
2007,United Kingdom,Public order and safety,70766.32,2.28795,30916.5,Major Spender,Moderate,2000,Not Calculated
2007,United Kingdom,"Recreation, culture and religion",27400.514,0.88589,30895.053,Moderate Spender,Minimal,2000,Not Calculated
2007,United States of America,Total function,5.409336e+06,37.14246,145633.61,Mega Spender,Critical,2000,Not Calculated
2007,United States of America,Housing and community amenities,90129.15,0.61886,145402.42,Major Spender,Minimal,2000,Not Calculated
2007,United States of America,Health,1.1128712e+06,7.64138,145618.42,Mega Spender,Significant,2000,Not Calculated
2007,United States of America,Education,903673.5,6.20495,145614.05,Mega Spender,Significant,2000,Not Calculated
2007,United States of America,Social protection,970032.1,6.66059,145615.7,Mega Spender,Significant,2000,Not Calculated
2007,United States of America,General public services,875130.56,6.00896,145613.39,Mega Spender,Significant,2000,Not Calculated
2007,United States of America,Defence,571935.25,3.92711,145600.62,Mega Spender,Moderate,2000,Not Calculated
2007,United States of America,Public order and safety,308144.94,2.11583,145569.06,Mega Spender,Moderate,2000,Not Calculated
2007,United States of America,"Recreation, culture and religion",45537.07,0.31267,145175.1,Moderate Spender,Minimal,2000,Not Calculated
2008,Australia,Total function,404272.56,38.21295,10579.1875,Mega Spender,Critical,2000,Not Calculated
2008,Australia,Transport,29954.41,2.83137,10575.74,Moderate Spender,Moderate,2000,Not Calculated
2008,Australia,Health,69445.984,6.56422,10577.861,Major Spender,Significant,2000,Not Calculated
2008,Australia,Education,59332.566,5.60828,10577.572,Major Spender,Significant,2000,Not Calculated
2008,Australia,Social protection,118889.93,11.2378,10578.525,Mega Spender,Critical,2000,Not Calculated
2008,Australia,General public services,39564.55,3.73975,10576.637,Moderate Spender,Moderate,2000,Not Calculated
2008,Australia,Defence,21308.893,2.01417,10574.241,Moderate Spender,Moderate,2000,Not Calculated
2008,Austria,Total function,215481.52,50.07585,4303.0166,Mega Spender,Critical,2000,Not Calculated
2008,Austria,Health,32458.47,7.54304,4302.5317,Moderate Spender,Significant,2000,Not Calculated
2008,Austria,Education,20932.057,4.86441,4302.2188,Moderate Spender,Moderate,2000,Not Calculated
2008,Austria,Social protection,84605.09,19.66142,4302.883,Major Spender,Critical,2000,Not Calculated
2008,Austria,General public services,31150.793,7.23915,4302.5063,Moderate Spender,Significant,2000,Not Calculated
2008,Belarus,Total function,29592.865,47.11701,628.0585,Moderate Spender,Critical,2000,Not Calculated
2008,Belgium,Total function,262675.9,50.98101,5152.325,Mega Spender,Critical,2000,Not Calculated
2008,Belgium,Health,37725.613,7.32191,5151.7246,Moderate Spender,Significant,2000,Not Calculated
2008,Belgium,Education,29610.426,5.74689,5151.53,Moderate Spender,Significant,2000,Not Calculated
2008,Belgium,Social protection,90582.945,17.58064,5152.133,Major Spender,Critical,2000,Not Calculated
2008,Belgium,General public services,45075.418,8.74839,5151.835,Moderate Spender,Significant,2000,Not Calculated
2008,Brazil,Total function,690499.7,40.7169,16958.137,Mega Spender,Critical,2000,Not Calculated
2008,Brazil,Transport,22624.242,1.33409,16945.855,Moderate Spender,Minimal,2000,Not Calculated
2008,Brazil,Housing and community amenities,20601.742,1.21483,16944.59,Moderate Spender,Minimal,2000,Not Calculated
2008,Brazil,Health,77862.53,4.59134,16954.871,Major Spender,Moderate,2000,Not Calculated
2008,Brazil,Education,79667.414,4.69777,16954.951,Major Spender,Moderate,2000,Not Calculated
2008,Brazil,Social protection,208788.67,12.3117,16957.18,Mega Spender,Critical,2000,Not Calculated
2008,Brazil,General public services,184392.92,10.87315,16956.996,Mega Spender,Critical,2000,Not Calculated
2008,Brazil,Public order and safety,48796.426,2.87739,16952.682,Moderate Spender,Moderate,2000,Not Calculated
2008,Bulgaria,Total function,20188.059,37.08432,544.3679,Moderate Spender,Critical,2000,Not Calculated
2008,Canada,Total function,542470.3,34.932,15528.879,Mega Spender,Critical,2000,Not Calculated
2008,Canada,Health,117570.555,7.57087,15527.281,Mega Spender,Significant,2000,Not Calculated
2008,Canada,Education,67800.48,4.36596,15525.783,Major Spender,Moderate,2000,Not Calculated
2008,Canada,Social protection,152640.8,9.8292,15527.74,Mega Spender,Significant,2000,Not Calculated
2008,Canada,General public services,90627.11,5.83587,15526.663,Major Spender,Significant,2000,Not Calculated
2008,Canada,Public order and safety,25459.031,1.63942,15519.824,Moderate Spender,Minimal,2000,Not Calculated
2008,China,Total function,1.1628265e+06,25.30997,45941.6,Mega Spender,Critical,2000,Not Calculated
2008,China,"Agriculture, forestry, fishing and hunting",57521.06,1.252,45906.67,Major Spender,Minimal,2000,Not Calculated
2008,China,Transport,80903.86,1.76095,45917.227,Major Spender,Minimal,2000,Not Calculated
2008,China,Environment protection,21735.143,0.47308,45846.992,Moderate Spender,Minimal,2000,Not Calculated
2008,China,Housing and community amenities,84862.32,1.8471,45918.684,Major Spender,Minimal,2000,Not Calculated
2008,China,Health,44567.043,0.97004,45896.195,Moderate Spender,Minimal,2000,Not Calculated
2008,China,Education,166240.81,3.61838,45930.742,Mega Spender,Moderate,2000,Not Calculated
2008,China,Social protection,213192.34,4.64032,45933.562,Mega Spender,Moderate,2000,Not Calculated
2008,China,General public services,130965.055,2.85057,45927.35,Mega Spender,Moderate,2000,Not Calculated
2008,China,Defence,60484.8,1.31651,45908.418,Major Spender,Minimal,2000,Not Calculated
2008,China,Public order and safety,59919.652,1.30421,45908.055,Major Spender,Minimal,2000,Not Calculated
2008,China,"Recreation, culture and religion",21182.086,0.46105,45843.71,Moderate Spender,Minimal,2000,Not Calculated
2008,"China, Hong Kong SAR",Total function,41043.0,18.71727,2192.6707,Moderate Spender,Critical,2000,Not Calculated
2008,Czechia,Total function,96783.76,40.86859,2368.1118,Major Spender,Critical,2000,Not Calculated
2008,Czechia,Social protection,28926.643,12.21477,2367.9753,Moderate Spender,Critical,2000,Not Calculated
2008,Denmark,Total function,178130.97,50.41078,3533.5186,Mega Spender,Critical,2000,Not Calculated
2008,Denmark,Health,27866.88,7.88628,3533.142,Moderate Spender,Significant,2000,Not Calculated
2008,Denmark,Education,21574.379,6.10551,3533.013,Moderate Spender,Significant,2000,Not Calculated
2008,Denmark,Social protection,76320.125,21.59847,3533.4258,Major Spender,Critical,2000,Not Calculated
2008,Denmark,General public services,24949.535,7.06068,3533.088,Moderate Spender,Significant,2000,Not Calculated
2008,Egypt,Total function,56290.29,34.14761,1648.3918,Major Spender,Critical,2000,Not Calculated
2008,Egypt,Social protection,21929.682,13.30329,1648.3165,Moderate Spender,Critical,2000,Not Calculated
2008,Finland,Total function,136789.08,48.06962,2845.586,Mega Spender,Critical,2000,Not Calculated
2008,Finland,Social protection,55118.03,19.36926,2845.4978,Major Spender,Critical,2000,Not Calculated
2008,Finland,General public services,19891.969,6.99032,2845.2378,Moderate Spender,Significant,2000,Not Calculated
2008,France,Total function,1.5617438e+06,53.39354,29249.129,Mega Spender,Critical,2000,Not Calculated
2008,France,Transport,55590.145,1.90054,29234.275,Major Spender,Minimal,2000,Not Calculated
2008,France,Environment protection,26172.094,0.89478,29217.102,Moderate Spender,Minimal,2000,Not Calculated
2008,France,Housing and community amenities,35630.523,1.21815,29225.707,Moderate Spender,Minimal,2000,Not Calculated
2008,France,Health,218280.7,7.46267,29245.762,Mega Spender,Significant,2000,Not Calculated
2008,France,Education,157863.53,5.3971,29244.277,Mega Spender,Significant,2000,Not Calculated
2008,France,Social protection,640193.4,21.88719,29248.348,Mega Spender,Critical,2000,Not Calculated
2008,France,General public services,211184.31,7.22006,29245.611,Mega Spender,Significant,2000,Not Calculated
2008,France,Defence,50482.21,1.72591,29232.682,Major Spender,Minimal,2000,Not Calculated
2008,France,Public order and safety,45084.54,1.54137,29230.688,Moderate Spender,Minimal,2000,Not Calculated
2008,France,"Recreation, culture and religion",42251.863,1.44452,29229.523,Moderate Spender,Minimal,2000,Not Calculated
2008,France,"General economic, commercial and labour affairs",24133.627,0.82509,29214.283,Moderate Spender,Minimal,2000,Not Calculated
2008,France,RandD Economic affairs,23685.047,0.80975,29213.748,Moderate Spender,Minimal,2000,Not Calculated
2008,Germany,Total function,1.6553882e+06,44.37841,37300.816,Mega Spender,Critical,2000,Not Calculated
2008,Germany,Transport,58736.09,1.57462,37278.08,Major Spender,Minimal,2000,Not Calculated
2008,Germany,Housing and community amenities,26975.127,0.72316,37250.23,Moderate Spender,Minimal,2000,Not Calculated
2008,Germany,Health,242633.47,6.50463,37295.92,Mega Spender,Significant,2000,Not Calculated
2008,Germany,Education,147741.8,3.96073,37292.242,Mega Spender,Moderate,2000,Not Calculated
2008,Germany,Social protection,704378.6,18.8833,37299.695,Mega Spender,Critical,2000,Not Calculated
2008,Germany,General public services,246547.16,6.60955,37296.01,Mega Spender,Significant,2000,Not Calculated
2008,Germany,Defence,33733.246,0.90434,37260.305,Moderate Spender,Minimal,2000,Not Calculated
2008,Germany,Public order and safety,55671.035,1.49245,37276.797,Major Spender,Minimal,2000,Not Calculated
2008,Germany,"Recreation, culture and religion",41510.6,1.11284,37268.008,Moderate Spender,Minimal,2000,Not Calculated
2008,Germany,"General economic, commercial and labour affairs",34131.82,0.91502,37261.0,Moderate Spender,Minimal,2000,Not Calculated
2008,Greece,Total function,180963.22,51.05121,3544.6697,Mega Spender,Critical,2000,Not Calculated
2008,Greece,Health,22986.438,6.48466,3544.194,Moderate Spender,Significant,2000,Not Calculated
2008,Greece,Social protection,60653.957,17.11098,3544.532,Major Spender,Critical,2000,Not Calculated
2008,Greece,General public services,40676.684,11.47523,3544.429,Moderate Spender,Critical,2000,Not Calculated
2008,Hungary,Total function,77175.93,48.74508,1583.2234,Major Spender,Critical,2000,Not Calculated
2008,Hungary,Social protection,27501.953,17.37051,1583.1643,Moderate Spender,Critical,2000,Not Calculated
2008,Indonesia,Total function,108259.0,19.92788,5432.2676,Mega Spender,Critical,2000,Not Calculated
2008,Indonesia,General public services,66411.02,12.22468,5432.0923,Major Spender,Critical,2000,Not Calculated
2008,Iran (Islamic Republic of),Total function,106061.09,24.63986,4304.2773,Mega Spender,Critical,2000,Not Calculated
2008,Iran (Islamic Republic of),Social protection,32642.104,7.58333,4303.8877,Moderate Spender,Significant,2000,Not Calculated
2008,Ireland,Total function,114468.55,41.72551,2743.3052,Mega Spender,Critical,2000,Not Calculated
2008,Ireland,Social protection,41685.52,15.195,2743.1902,Moderate Spender,Critical,2000,Not Calculated
2008,Israel,Total function,92710.87,42.78105,2167.0505,Major Spender,Critical,2000,Not Calculated
2008,Israel,Social protection,22668.943,10.46049,2166.8943,Moderate Spender,Critical,2000,Not Calculated
2008,Italy,Total function,1.1521471e+06,48.02724,23988.951,Mega Spender,Critical,2000,Not Calculated
2008,Italy,Transport,46227.316,1.92698,23977.072,Moderate Spender,Minimal,2000,Not Calculated
2008,Italy,Health,168835.38,7.0379,23986.045,Mega Spender,Significant,2000,Not Calculated
2008,Italy,Education,103238.945,4.30351,23983.9,Mega Spender,Moderate,2000,Not Calculated
2008,Italy,Social protection,432940.4,18.04711,23988.13,Mega Spender,Critical,2000,Not Calculated
2008,Italy,General public services,228258.31,9.51494,23986.941,Mega Spender,Significant,2000,Not Calculated
2008,Italy,Defence,31593.299,1.31697,23971.182,Moderate Spender,Minimal,2000,Not Calculated
2008,Italy,Public order and safety,42254.805,1.76139,23975.854,Moderate Spender,Minimal,2000,Not Calculated
2008,Japan,Total function,1.8526919e+06,36.27978,51065.38,Mega Spender,Critical,2000,Not Calculated
2008,Japan,"Agriculture, forestry, fishing and hunting",43807.297,0.85784,51007.52,Moderate Spender,Minimal,2000,Not Calculated
2008,Japan,Transport,93989.43,1.84052,51039.047,Major Spender,Minimal,2000,Not Calculated
2008,Japan,Environment protection,56336.383,1.10319,51020.55,Major Spender,Minimal,2000,Not Calculated
2008,Japan,Housing and community amenities,37606.61,0.73642,50997.547,Moderate Spender,Minimal,2000,Not Calculated
2008,Japan,Health,322385.47,6.31302,51058.668,Mega Spender,Significant,2000,Not Calculated
2008,Japan,Education,177133.22,3.46866,51052.04,Mega Spender,Moderate,2000,Not Calculated
2008,Japan,Social protection,707090.3,13.84638,51063.11,Mega Spender,Critical,2000,Not Calculated
2008,Japan,General public services,225393.9,4.41371,51055.2,Mega Spender,Moderate,2000,Not Calculated
2008,Japan,Defence,44200.1,0.86554,51007.57,Moderate Spender,Minimal,2000,Not Calculated
2008,Japan,Public order and safety,61186.445,1.19816,51024.418,Major Spender,Minimal,2000,Not Calculated
2008,Japan,Other industries,23552.746,0.46121,50956.81,Moderate Spender,Minimal,2000,Not Calculated
2008,Kazakhstan,Total function,36378.91,27.26204,1334.3674,Moderate Spender,Critical,2000,Not Calculated
2008,"Korea, Republic of",Total function,312764.03,29.86273,10473.04,Mega Spender,Critical,2000,Not Calculated
2008,"Korea, Republic of",Health,33993.656,3.24572,10470.154,Moderate Spender,Moderate,2000,Not Calculated
2008,"Korea, Republic of",Education,48556.535,4.63618,10471.135,Moderate Spender,Moderate,2000,Not Calculated
2008,"Korea, Republic of",Social protection,53571.055,5.11497,10471.339,Major Spender,Significant,2000,Not Calculated
2008,"Korea, Republic of",General public services,52177.03,4.98187,10471.28,Major Spender,Moderate,2000,Not Calculated
2008,"Korea, Republic of",Defence,25192.754,2.40541,10469.02,Moderate Spender,Moderate,2000,Not Calculated
2008,Luxembourg,Total function,22315.95,38.07724,586.0552,Moderate Spender,Critical,2000,Not Calculated
2008,Malaysia,Total function,58078.2,25.1626,2308.0244,Major Spender,Critical,2000,Not Calculated
2008,Malaysia,General public services,20642.191,8.94331,2307.8572,Moderate Spender,Significant,2000,Not Calculated
2008,Netherlands (Kingdom of the),Total function,413689.7,43.63664,9480.111,Mega Spender,Critical,2000,Not Calculated
2008,Netherlands (Kingdom of the),Transport,23282.059,2.45583,9476.463,Moderate Spender,Moderate,2000,Not Calculated
2008,Netherlands (Kingdom of the),Health,62354.15,6.57721,9478.894,Major Spender,Significant,2000,Not Calculated
2008,Netherlands (Kingdom of the),Education,49855.668,5.25885,9478.534,Moderate Spender,Significant,2000,Not Calculated
2008,Netherlands (Kingdom of the),Social protection,140601.28,14.83085,9479.686,Mega Spender,Critical,2000,Not Calculated
2008,Netherlands (Kingdom of the),General public services,54050.26,5.70131,9478.66,Major Spender,Significant,2000,Not Calculated
2008,Norway,Total function,187557.98,40.57501,4622.386,Mega Spender,Critical,2000,Not Calculated
2008,Norway,Health,30379.965,6.57219,4621.7993,Moderate Spender,Significant,2000,Not Calculated
2008,Norway,Education,21607.623,4.67445,4621.507,Moderate Spender,Moderate,2000,Not Calculated
2008,Norway,Social protection,70303.19,15.20891,4622.196,Major Spender,Critical,2000,Not Calculated
2008,Norway,General public services,24409.752,5.28064,4621.6235,Moderate Spender,Significant,2000,Not Calculated
2008,Peru,Total function,22554.553,18.70008,1206.0562,Moderate Spender,Critical,2000,Not Calculated
2008,Philippines,Total function,29659.646,16.33019,1816.135,Moderate Spender,Critical,2000,Not Calculated
2008,Poland,Total function,235701.14,44.17189,5335.878,Mega Spender,Critical,2000,Not Calculated
2008,Poland,Health,26476.797,4.96192,5334.9233,Moderate Spender,Moderate,2000,Not Calculated
2008,Poland,Education,30077.1,5.63664,5335.0513,Moderate Spender,Significant,2000,Not Calculated
2008,Poland,Social protection,82753.42,15.50852,5335.6533,Major Spender,Critical,2000,Not Calculated
2008,Poland,General public services,28386.525,5.31982,5334.9907,Moderate Spender,Significant,2000,Not Calculated
2008,Portugal,Total function,119434.86,45.52423,2623.4873,Mega Spender,Critical,2000,Not Calculated
2008,Portugal,Social protection,40038.832,15.26135,2623.3726,Moderate Spender,Critical,2000,Not Calculated
2008,Romania,Total function,80881.88,37.73934,2143.1147,Major Spender,Critical,2000,Not Calculated
2008,Romania,Social protection,23522.164,10.9754,2142.976,Moderate Spender,Critical,2000,Not Calculated
2008,Russian Federation,Total function,718436.0,42.83781,16770.68,Mega Spender,Critical,2000,Not Calculated
2008,Russian Federation,Housing and community amenities,33139.023,1.97596,16762.617,Moderate Spender,Minimal,2000,Not Calculated
2008,Russian Federation,Health,68977.94,4.11291,16767.004,Major Spender,Moderate,2000,Not Calculated
2008,Russian Federation,Education,66913.79,3.98983,16766.885,Major Spender,Moderate,2000,Not Calculated
2008,Russian Federation,Social protection,150920.17,8.99884,16769.205,Mega Spender,Significant,2000,Not Calculated
2008,Russian Federation,General public services,224408.64,13.3807,16769.814,Mega Spender,Critical,2000,Not Calculated
2008,Russian Federation,Defence,36704.004,2.18853,16763.418,Moderate Spender,Moderate,2000,Not Calculated
2008,Russian Federation,Public order and safety,40116.082,2.39198,16764.07,Moderate Spender,Moderate,2000,Not Calculated
2008,Serbia,Total function,22332.078,38.9222,573.74725,Moderate Spender,Critical,2000,Not Calculated
2008,Singapore,Total function,31620.07,16.33122,1936.0547,Moderate Spender,Critical,2000,Not Calculated
2008,Slovakia,Total function,37319.86,38.58019,967.3071,Moderate Spender,Critical,2000,Not Calculated
2008,Slovenia,Total function,25130.062,45.23492,555.5334,Moderate Spender,Critical,2000,Not Calculated
2008,South Africa,Total function,104011.23,32.90128,3161.2166,Mega Spender,Critical,2000,Not Calculated
2008,Spain,Total function,676287.2,41.61037,16252.462,Mega Spender,Critical,2000,Not Calculated
2008,Spain,Transport,39094.152,2.40537,16246.11,Moderate Spender,Moderate,2000,Not Calculated
2008,Spain,Health,99046.555,6.0941,16250.193,Major Spender,Significant,2000,Not Calculated
2008,Spain,Education,69163.75,4.25548,16249.05,Major Spender,Moderate,2000,Not Calculated
2008,Spain,Social protection,225256.5,13.85951,16251.674,Mega Spender,Critical,2000,Not Calculated
2008,Spain,General public services,84169.87,5.17878,16249.699,Major Spender,Significant,2000,Not Calculated
2008,Spain,Public order and safety,31959.516,1.96639,16244.626,Moderate Spender,Minimal,2000,Not Calculated
2008,Spain,"Recreation, culture and religion",26563.314,1.63438,16242.9,Moderate Spender,Minimal,2000,Not Calculated
2008,Spain,"General economic, commercial and labour affairs",20165.527,1.24074,16239.734,Moderate Spender,Minimal,2000,Not Calculated
2008,Sweden,Total function,258974.4,50.02343,5176.9585,Mega Spender,Critical,2000,Not Calculated
2008,Sweden,Health,33950.332,6.55784,5176.271,Moderate Spender,Significant,2000,Not Calculated
2008,Sweden,Education,33126.188,6.39865,5176.25,Moderate Spender,Significant,2000,Not Calculated
2008,Sweden,Social protection,103002.55,19.89595,5176.801,Mega Spender,Critical,2000,Not Calculated
2008,Sweden,General public services,40285.543,7.78154,5176.4004,Moderate Spender,Significant,2000,Not Calculated
2008,"Switzerland, Liechtenstein",Total function,174743.66,30.34115,5759.106,Mega Spender,Critical,2000,Not Calculated
2008,"Switzerland, Liechtenstein",Education,27878.57,4.84062,5758.108,Moderate Spender,Moderate,2000,Not Calculated
2008,"Switzerland, Liechtenstein",Social protection,67225.734,11.67256,5758.803,Major Spender,Critical,2000,Not Calculated
2008,"Switzerland, Liechtenstein",General public services,24552.309,4.26307,5757.9517,Moderate Spender,Moderate,2000,Not Calculated
2008,Thailand,Total function,57709.684,19.80544,2913.6829,Major Spender,Critical,2000,Not Calculated
2008,Türkiye,Total function,262747.06,34.10309,7704.269,Mega Spender,Critical,2000,Not Calculated
2008,Türkiye,Health,40063.52,5.20002,7703.012,Moderate Spender,Significant,2000,Not Calculated
2008,Türkiye,Education,25583.215,3.32056,7702.169,Moderate Spender,Moderate,2000,Not Calculated
2008,Türkiye,Social protection,72679.47,9.43339,7703.6743,Major Spender,Significant,2000,Not Calculated
2008,Türkiye,General public services,55156.996,7.15907,7703.416,Major Spender,Significant,2000,Not Calculated
2008,Ukraine,Total function,81867.45,43.52097,1881.0604,Major Spender,Critical,2000,Not Calculated
2008,Ukraine,Social protection,36703.223,19.51154,1881.0071,Moderate Spender,Critical,2000,Not Calculated
2008,United Kingdom,Total function,1.2990732e+06,44.31151,29316.176,Mega Spender,Critical,2000,Not Calculated
2008,United Kingdom,Transport,57632.254,1.96584,29301.953,Major Spender,Minimal,2000,Not Calculated
2008,United Kingdom,Environment protection,24968.46,0.85168,29282.336,Moderate Spender,Minimal,2000,Not Calculated
2008,United Kingdom,Housing and community amenities,34838.56,1.18835,29292.1,Moderate Spender,Minimal,2000,Not Calculated
2008,United Kingdom,Health,200733.05,6.84702,29312.566,Mega Spender,Significant,2000,Not Calculated
2008,United Kingdom,Education,169433.31,5.77939,29311.746,Mega Spender,Significant,2000,Not Calculated
2008,United Kingdom,Social protection,432453.3,14.75102,29314.852,Mega Spender,Critical,2000,Not Calculated
2008,United Kingdom,General public services,130281.98,4.44393,29310.242,Mega Spender,Moderate,2000,Not Calculated
2008,United Kingdom,Defence,68419.69,2.3338,29304.303,Major Spender,Moderate,2000,Not Calculated
2008,United Kingdom,Public order and safety,68033.63,2.32063,29304.254,Major Spender,Moderate,2000,Not Calculated
2008,United Kingdom,"Recreation, culture and religion",27297.648,0.93113,29285.238,Moderate Spender,Minimal,2000,Not Calculated
2008,United Kingdom,"General economic, commercial and labour affairs",65318.39,2.22802,29303.637,Major Spender,Moderate,2000,Not Calculated
2008,United States of America,Total function,5.860619e+06,39.4296,148631.25,Mega Spender,Critical,2000,Not Calculated
2008,United States of America,Housing and community amenities,98680.54,0.66391,148411.89,Major Spender,Minimal,2000,Not Calculated
2008,United States of America,Health,1.1791249e+06,7.93302,148616.33,Mega Spender,Significant,2000,Not Calculated
2008,United States of America,Education,950600.25,6.39553,148611.86,Mega Spender,Significant,2000,Not Calculated
2008,United States of America,Social protection,1.1376835e+06,7.65421,148615.58,Mega Spender,Significant,2000,Not Calculated
2008,United States of America,General public services,882135.75,5.93491,148610.03,Mega Spender,Significant,2000,Not Calculated
2008,United States of America,Defence,635394.0,4.27486,148600.28,Mega Spender,Moderate,2000,Not Calculated
2008,United States of America,Public order and safety,329027.75,2.21366,148568.06,Mega Spender,Moderate,2000,Not Calculated
2008,United States of America,"Recreation, culture and religion",47764.45,0.32135,148175.73,Moderate Spender,Minimal,2000,Not Calculated
2009,Australia,Total function,399484.84,39.27978,10169.982,Mega Spender,Critical,2000,Not Calculated
2009,Australia,Transport,28736.018,2.8255,10166.644,Moderate Spender,Moderate,2000,Not Calculated
2009,Australia,Health,69820.45,6.86517,10168.763,Major Spender,Significant,2000,Not Calculated
2009,Australia,Education,67575.07,6.64439,10168.714,Major Spender,Significant,2000,Not Calculated
2009,Australia,Social protection,100736.336,9.90501,10169.214,Mega Spender,Significant,2000,Not Calculated
2009,Australia,General public services,42814.285,4.20976,10167.828,Moderate Spender,Moderate,2000,Not Calculated
2009,Australia,Defence,21069.44,2.07168,10165.3125,Moderate Spender,Moderate,2000,Not Calculated
2009,Austria,Total function,217531.44,54.36272,4001.4082,Mega Spender,Critical,2000,Not Calculated
2009,Austria,Health,31500.156,7.87212,4000.975,Moderate Spender,Significant,2000,Not Calculated
2009,Austria,Education,20516.287,5.12717,4000.7034,Moderate Spender,Significant,2000,Not Calculated
2009,Austria,Social protection,85316.02,21.32111,4001.2937,Major Spender,Critical,2000,Not Calculated
2009,Austria,General public services,31374.193,7.84064,4000.9734,Moderate Spender,Significant,2000,Not Calculated
2009,Belarus,Total function,23502.771,46.19874,508.7209,Moderate Spender,Critical,2000,Not Calculated
2009,Belgium,Total function,264246.84,54.9008,4813.0815,Mega Spender,Critical,2000,Not Calculated
2009,Belgium,Health,37864.297,7.86681,4812.5586,Moderate Spender,Significant,2000,Not Calculated
2009,Belgium,Education,29388.764,6.10591,4812.379,Moderate Spender,Significant,2000,Not Calculated
2009,Belgium,Social protection,92813.15,19.28317,4812.919,Major Spender,Critical,2000,Not Calculated
2009,Belgium,General public services,44007.34,9.14311,4812.643,Moderate Spender,Significant,2000,Not Calculated
2009,Brazil,Total function,742467.3,44.53923,16669.588,Mega Spender,Critical,2000,Not Calculated
2009,Brazil,Transport,25427.36,1.52534,16659.041,Moderate Spender,Minimal,2000,Not Calculated
2009,Brazil,Health,83029.84,4.98081,16666.602,Major Spender,Moderate,2000,Not Calculated
2009,Brazil,Education,84619.44,5.07616,16666.688,Major Spender,Significant,2000,Not Calculated
2009,Brazil,Social protection,221042.84,13.25995,16668.703,Mega Spender,Critical,2000,Not Calculated
2009,Brazil,General public services,207971.22,12.47581,16668.621,Mega Spender,Critical,2000,Not Calculated
2009,Brazil,Public order and safety,50779.473,3.04617,16664.47,Major Spender,Moderate,2000,Not Calculated
2009,Bulgaria,Total function,20431.678,39.27368,520.22516,Moderate Spender,Critical,2000,Not Calculated
2009,Canada,Total function,534887.5,38.91154,13745.89,Mega Spender,Critical,2000,Not Calculated
2009,Canada,Health,116725.24,8.49143,13744.621,Mega Spender,Significant,2000,Not Calculated
2009,Canada,Education,67248.9,4.89217,13743.422,Major Spender,Moderate,2000,Not Calculated
2009,Canada,Social protection,154053.92,11.20698,13745.0205,Mega Spender,Critical,2000,Not Calculated
2009,Canada,General public services,84672.805,6.1597,13744.023,Major Spender,Significant,2000,Not Calculated
2009,Canada,Public order and safety,25329.045,1.84262,13738.755,Moderate Spender,Minimal,2000,Not Calculated
2009,China,Total function,1.4127671e+06,27.69211,51015.113,Mega Spender,Critical,2000,Not Calculated
2009,China,"Agriculture, forestry, fishing and hunting",126531.89,2.48019,50996.453,Mega Spender,Moderate,2000,Not Calculated
2009,China,Transport,97231.38,1.90586,50990.31,Major Spender,Minimal,2000,Not Calculated
2009,China,Environment protection,29410.594,0.57649,50928.32,Moderate Spender,Minimal,2000,Not Calculated
2009,China,Housing and community amenities,90725.99,1.77835,50988.277,Major Spender,Minimal,2000,Not Calculated
2009,China,Health,62295.574,1.22108,50975.04,Major Spender,Minimal,2000,Not Calculated
2009,China,Education,190915.03,3.74219,51003.3,Mega Spender,Moderate,2000,Not Calculated
2009,China,Social protection,277541.28,5.44018,51007.555,Mega Spender,Significant,2000,Not Calculated
2009,China,General public services,145065.83,2.84348,50999.066,Mega Spender,Moderate,2000,Not Calculated
2009,China,Defence,72882.11,1.42859,50981.125,Major Spender,Minimal,2000,Not Calculated
2009,China,Public order and safety,70973.57,1.39118,50980.164,Major Spender,Minimal,2000,Not Calculated
2009,China,"Recreation, culture and religion",25815.586,0.50602,50916.31,Moderate Spender,Minimal,2000,Not Calculated
2009,"China, Hong Kong SAR",Total function,40978.875,19.14473,2140.3665,Moderate Spender,Critical,2000,Not Calculated
2009,Colombia,Social protection,19855.848,8.5439,2323.7075,Moderate Spender,Significant,2000,Not Calculated
2009,Czechia,Total function,92012.484,44.35741,2074.2964,Major Spender,Critical,2000,Not Calculated
2009,Czechia,Social protection,27763.521,13.38425,2074.1877,Moderate Spender,Critical,2000,Not Calculated
2009,Denmark,Total function,181619.14,56.53632,3212.3762,Mega Spender,Critical,2000,Not Calculated
2009,Denmark,Health,28497.63,8.87104,3212.0718,Moderate Spender,Significant,2000,Not Calculated
2009,Denmark,Education,22280.54,6.93572,3211.9705,Moderate Spender,Significant,2000,Not Calculated
2009,Denmark,Social protection,77975.83,24.27314,3212.3005,Major Spender,Critical,2000,Not Calculated
2009,Denmark,General public services,25316.803,7.88088,3212.026,Moderate Spender,Significant,2000,Not Calculated
2009,Egypt,Total function,64377.414,34.25124,1879.5096,Major Spender,Critical,2000,Not Calculated
2009,Egypt,Social protection,23869.191,12.69932,1879.4165,Moderate Spender,Critical,2000,Not Calculated
2009,Finland,Total function,137121.06,54.30939,2524.7666,Mega Spender,Critical,2000,Not Calculated
2009,Finland,Social protection,57102.39,22.61648,2524.702,Major Spender,Critical,2000,Not Calculated
2009,France,Total function,1.5436085e+06,57.26586,26954.656,Mega Spender,Critical,2000,Not Calculated
2009,France,Transport,52410.344,1.94436,26941.205,Major Spender,Minimal,2000,Not Calculated
2009,France,Environment protection,26789.586,0.99386,26927.996,Moderate Spender,Minimal,2000,Not Calculated
2009,France,Housing and community amenities,39614.61,1.46965,26936.8,Moderate Spender,Minimal,2000,Not Calculated
2009,France,Health,214871.81,7.97146,26951.758,Mega Spender,Significant,2000,Not Calculated
2009,France,Education,153119.22,5.68052,26950.396,Mega Spender,Significant,2000,Not Calculated
2009,France,Social protection,640245.56,23.75228,26953.986,Mega Spender,Critical,2000,Not Calculated
2009,France,General public services,197391.0,7.32295,26951.441,Mega Spender,Significant,2000,Not Calculated
2009,France,Defence,50973.72,1.89106,26940.857,Major Spender,Minimal,2000,Not Calculated
2009,France,Public order and safety,44892.47,1.66545,26938.982,Moderate Spender,Minimal,2000,Not Calculated
2009,France,"Recreation, culture and religion",41702.6,1.54711,26937.75,Moderate Spender,Minimal,2000,Not Calculated
2009,France,"General economic, commercial and labour affairs",26693.346,0.99029,26927.889,Moderate Spender,Minimal,2000,Not Calculated
2009,France,RandD Economic affairs,23230.102,0.86181,26923.773,Moderate Spender,Minimal,2000,Not Calculated
2009,Germany,Total function,1.6442392e+06,48.39433,33975.164,Mega Spender,Critical,2000,Not Calculated
2009,Germany,Transport,58449.754,1.72033,33956.156,Major Spender,Minimal,2000,Not Calculated
2009,Germany,Environment protection,19909.123,0.58598,33917.89,Moderate Spender,Minimal,2000,Not Calculated
2009,Germany,Housing and community amenities,22734.953,0.66915,33925.17,Moderate Spender,Minimal,2000,Not Calculated
2009,Germany,Health,243577.83,7.16914,33971.14,Mega Spender,Significant,2000,Not Calculated
2009,Germany,Education,148050.58,4.35752,33968.086,Mega Spender,Moderate,2000,Not Calculated
2009,Germany,Social protection,705810.1,20.77387,33974.227,Mega Spender,Critical,2000,Not Calculated
2009,Germany,General public services,232294.03,6.83703,33970.9,Mega Spender,Significant,2000,Not Calculated
2009,Germany,Defence,34085.69,1.00323,33942.117,Moderate Spender,Minimal,2000,Not Calculated
2009,Germany,Public order and safety,55158.066,1.62345,33954.918,Major Spender,Minimal,2000,Not Calculated
2009,Germany,"Recreation, culture and religion",40328.74,1.18698,33947.32,Moderate Spender,Minimal,2000,Not Calculated
2009,Germany,"General economic, commercial and labour affairs",39532.316,1.16354,33946.723,Moderate Spender,Minimal,2000,Not Calculated
2009,Greece,Total function,179186.3,54.30211,3299.743,Mega Spender,Critical,2000,Not Calculated
2009,Greece,Health,22573.158,6.84076,3299.3203,Moderate Spender,Significant,2000,Not Calculated
2009,Greece,Social protection,61766.547,18.71825,3299.6272,Major Spender,Critical,2000,Not Calculated
2009,Greece,General public services,40051.176,12.13744,3299.5322,Moderate Spender,Critical,2000,Not Calculated
2009,Hungary,Total function,66267.37,50.55904,1310.6669,Major Spender,Critical,2000,Not Calculated
2009,Hungary,Social protection,23662.012,18.05306,1310.62,Moderate Spender,Critical,2000,Not Calculated
2009,Indonesia,Total function,98171.91,17.08808,5744.7163,Major Spender,Critical,2000,Not Calculated
2009,Indonesia,General public services,51246.797,8.92016,5744.409,Major Spender,Significant,2000,Not Calculated
2009,Iran (Islamic Republic of),Total function,111513.2,25.37965,4393.631,Mega Spender,Critical,2000,Not Calculated
2009,Iran (Islamic Republic of),Social protection,41479.465,9.44044,4393.341,Moderate Spender,Significant,2000,Not Calculated
2009,Ireland,Total function,110830.15,47.06258,2354.9026,Mega Spender,Critical,2000,Not Calculated
2009,Ireland,Social protection,41874.34,17.78139,2354.8208,Moderate Spender,Critical,2000,Not Calculated
2009,Israel,Total function,89596.0,43.08505,2079.4666,Major Spender,Critical,2000,Not Calculated
2009,Israel,Social protection,23238.164,11.1748,2079.3289,Moderate Spender,Critical,2000,Not Calculated
2009,Italy,Total function,1.1244039e+06,51.31663,21910.674,Mega Spender,Critical,2000,Not Calculated
2009,Italy,Transport,45899.777,2.09482,21900.63,Moderate Spender,Moderate,2000,Not Calculated
2009,Italy,Health,163248.12,7.45048,21908.148,Mega Spender,Significant,2000,Not Calculated
2009,Italy,Education,99643.53,4.54763,21906.273,Major Spender,Moderate,2000,Not Calculated
2009,Italy,Social protection,433883.34,19.80199,21909.992,Mega Spender,Critical,2000,Not Calculated
2009,Italy,General public services,203652.19,9.29448,21908.73,Mega Spender,Significant,2000,Not Calculated
2009,Italy,Defence,32852.703,1.49936,21896.547,Moderate Spender,Minimal,2000,Not Calculated
2009,Italy,Public order and safety,42913.27,1.95852,21899.887,Moderate Spender,Minimal,2000,Not Calculated
2009,Japan,Total function,2.133419e+06,40.33314,52893.63,Mega Spender,Critical,2000,Not Calculated
2009,Japan,"Agriculture, forestry, fishing and hunting",48842.53,0.92339,52837.582,Moderate Spender,Minimal,2000,Not Calculated
2009,Japan,Transport,77338.82,1.46212,52858.832,Major Spender,Minimal,2000,Not Calculated
2009,Japan,Environment protection,72394.93,1.36866,52856.133,Major Spender,Minimal,2000,Not Calculated
2009,Japan,Housing and community amenities,46402.65,0.87726,52834.75,Moderate Spender,Minimal,2000,Not Calculated
2009,Japan,Health,372583.8,7.04385,52887.402,Mega Spender,Significant,2000,Not Calculated
2009,Japan,Education,199922.86,3.77962,52880.973,Mega Spender,Moderate,2000,Not Calculated
2009,Japan,Social protection,829752.3,15.6868,52891.566,Mega Spender,Critical,2000,Not Calculated
2009,Japan,General public services,244794.03,4.62793,52883.5,Mega Spender,Moderate,2000,Not Calculated
2009,Japan,Defence,49764.836,0.94082,52839.01,Moderate Spender,Minimal,2000,Not Calculated
2009,Japan,Public order and safety,68393.65,1.29301,52854.03,Major Spender,Minimal,2000,Not Calculated
2009,Japan,"General economic, commercial and labour affairs",32889.785,0.62179,52810.395,Moderate Spender,Minimal,2000,Not Calculated
2009,Japan,Other industries,28363.766,0.53623,52796.316,Moderate Spender,Minimal,2000,Not Calculated
2009,Kazakhstan,Total function,34755.91,30.14162,1153.0487,Moderate Spender,Critical,2000,Not Calculated
2009,"Korea, Republic of",Total function,304629.62,32.27207,9439.127,Mega Spender,Critical,2000,Not Calculated
2009,"Korea, Republic of",Health,34123.188,3.61497,9436.801,Moderate Spender,Moderate,2000,Not Calculated
2009,"Korea, Republic of",Education,46215.457,4.89601,9437.485,Moderate Spender,Moderate,2000,Not Calculated
2009,"Korea, Republic of",Social protection,51158.203,5.41963,9437.686,Major Spender,Significant,2000,Not Calculated
2009,"Korea, Republic of",General public services,43758.453,4.63571,9437.394,Moderate Spender,Moderate,2000,Not Calculated
2009,"Korea, Republic of",Defence,24120.18,2.55526,9435.73,Moderate Spender,Moderate,2000,Not Calculated
2009,Luxembourg,Total function,23254.635,42.86652,542.4768,Moderate Spender,Critical,2000,Not Calculated
2009,Malaysia,Total function,57415.215,28.38719,2022.5035,Major Spender,Critical,2000,Not Calculated
2009,Netherlands (Kingdom of the),Total function,417401.2,48.08631,8680.069,Mega Spender,Critical,2000,Not Calculated
2009,Netherlands (Kingdom of the),Transport,23479.768,2.70496,8677.057,Moderate Spender,Moderate,2000,Not Calculated
2009,Netherlands (Kingdom of the),Health,64620.27,7.44452,8679.081,Major Spender,Significant,2000,Not Calculated
2009,Netherlands (Kingdom of the),Education,49168.87,5.66445,8678.723,Moderate Spender,Significant,2000,Not Calculated
2009,Netherlands (Kingdom of the),Social protection,143117.23,16.48769,8679.722,Mega Spender,Critical,2000,Not Calculated
2009,Netherlands (Kingdom of the),General public services,47930.305,5.52177,8678.671,Moderate Spender,Significant,2000,Not Calculated
2009,New Zealand,Total function,47431.78,39.0788,1213.7161,Moderate Spender,Critical,2000,Not Calculated
2009,Norway,Total function,179577.8,46.50005,3861.801,Mega Spender,Critical,2000,Not Calculated
2009,Norway,Health,28837.69,7.46726,3861.3667,Moderate Spender,Significant,2000,Not Calculated
2009,Norway,Education,20914.764,5.41569,3861.1707,Moderate Spender,Significant,2000,Not Calculated
2009,Norway,Social protection,68876.914,17.83506,3861.6665,Major Spender,Critical,2000,Not Calculated
2009,Norway,General public services,20563.795,5.32481,3861.1582,Moderate Spender,Significant,2000,Not Calculated
2009,Peru,Total function,25309.643,20.94289,1208.45,Moderate Spender,Critical,2000,Not Calculated
2009,Philippines,Total function,30078.762,17.09266,1759.6443,Moderate Spender,Critical,2000,Not Calculated
2009,Poland,Total function,197939.4,45.01368,4397.219,Mega Spender,Critical,2000,Not Calculated
2009,Poland,Health,22001.887,5.00348,4396.4385,Moderate Spender,Significant,2000,Not Calculated
2009,Poland,Education,23794.754,5.4112,4396.503,Moderate Spender,Significant,2000,Not Calculated
2009,Poland,Social protection,70849.02,16.11188,4397.043,Major Spender,Critical,2000,Not Calculated
2009,Poland,General public services,24430.941,5.55588,4396.5215,Moderate Spender,Significant,2000,Not Calculated
2009,Portugal,Total function,122879.45,50.42513,2436.821,Mega Spender,Critical,2000,Not Calculated
2009,Portugal,Social protection,42026.703,17.24619,2436.7278,Moderate Spender,Critical,2000,Not Calculated
2009,Romania,Total function,69524.96,39.9334,1740.9792,Major Spender,Critical,2000,Not Calculated
2009,Romania,Social protection,22792.06,13.09119,1740.8898,Moderate Spender,Critical,2000,Not Calculated
2009,Russian Federation,Total function,584114.4,47.31145,12345.892,Mega Spender,Critical,2000,Not Calculated
2009,Russian Federation,Housing and community amenities,23774.148,1.92563,12339.758,Moderate Spender,Minimal,2000,Not Calculated
2009,Russian Federation,Health,61861.305,5.01057,12343.697,Major Spender,Significant,2000,Not Calculated
2009,Russian Federation,Education,58565.816,4.74365,12343.549,Major Spender,Moderate,2000,Not Calculated
2009,Russian Federation,Social protection,145174.8,11.75871,12345.1,Mega Spender,Critical,2000,Not Calculated
2009,Russian Federation,General public services,143451.44,11.61912,12345.091,Mega Spender,Critical,2000,Not Calculated
2009,Russian Federation,Defence,45030.996,3.64737,12342.771,Moderate Spender,Moderate,2000,Not Calculated
2009,Russian Federation,Public order and safety,37173.492,3.01094,12342.043,Moderate Spender,Moderate,2000,Not Calculated
2009,Singapore,Total function,32845.098,16.91735,1941.3889,Moderate Spender,Critical,2000,Not Calculated
2009,Slovakia,Total function,39700.055,44.5863,890.3893,Moderate Spender,Critical,2000,Not Calculated
2009,Slovenia,Total function,24960.719,49.55963,503.64005,Moderate Spender,Critical,2000,Not Calculated
2009,South Africa,Total function,122579.65,37.17305,3297.4521,Mega Spender,Critical,2000,Not Calculated
2009,South Africa,Education,21126.846,6.40685,3297.0256,Moderate Spender,Significant,2000,Not Calculated
2009,South Africa,General public services,22194.977,6.73077,3297.049,Moderate Spender,Significant,2000,Not Calculated
2009,Spain,Total function,689517.7,46.41672,14854.622,Mega Spender,Critical,2000,Not Calculated
2009,Spain,Transport,38056.637,2.56188,14849.168,Moderate Spender,Moderate,2000,Not Calculated
2009,Spain,Health,101814.93,6.85394,14852.782,Mega Spender,Significant,2000,Not Calculated
2009,Spain,Education,69280.234,4.66378,14851.769,Major Spender,Moderate,2000,Not Calculated
2009,Spain,Social protection,240869.16,16.21475,14854.025,Mega Spender,Critical,2000,Not Calculated
2009,Spain,General public services,84984.09,5.72093,14852.348,Major Spender,Significant,2000,Not Calculated
2009,Spain,Public order and safety,30621.053,2.06134,14847.723,Moderate Spender,Moderate,2000,Not Calculated
2009,Spain,"Recreation, culture and religion",24412.877,1.64342,14845.889,Moderate Spender,Minimal,2000,Not Calculated
2009,Spain,"General economic, commercial and labour affairs",19851.938,1.33639,14843.79,Moderate Spender,Minimal,2000,Not Calculated
2009,Sweden,Total function,228686.48,52.38664,4365.276,Mega Spender,Critical,2000,Not Calculated
2009,Sweden,Health,30435.133,6.97197,4364.73,Moderate Spender,Significant,2000,Not Calculated
2009,Sweden,Education,29282.375,6.7079,4364.706,Moderate Spender,Significant,2000,Not Calculated
2009,Sweden,Social protection,93387.1,21.39276,4365.1562,Major Spender,Critical,2000,Not Calculated
2009,Sweden,General public services,32760.508,7.50465,4364.78,Moderate Spender,Significant,2000,Not Calculated
2009,"Switzerland, Liechtenstein",Total function,181163.42,32.16907,5631.4277,Mega Spender,Critical,2000,Not Calculated
2009,"Switzerland, Liechtenstein",Education,29089.41,5.16539,5630.51,Moderate Spender,Significant,2000,Not Calculated
2009,"Switzerland, Liechtenstein",Social protection,69523.97,12.34532,5631.149,Major Spender,Critical,2000,Not Calculated
2009,"Switzerland, Liechtenstein",General public services,24778.18,4.39984,5630.33,Moderate Spender,Moderate,2000,Not Calculated
2009,Thailand,Total function,61947.266,21.98969,2816.9768,Major Spender,Critical,2000,Not Calculated
2009,Türkiye,Total function,251289.11,38.70217,6492.7266,Mega Spender,Critical,2000,Not Calculated
2009,Türkiye,Health,44372.21,6.83396,6491.9487,Moderate Spender,Significant,2000,Not Calculated
2009,Türkiye,Education,24446.068,3.76505,6491.1694,Moderate Spender,Moderate,2000,Not Calculated
2009,Türkiye,Social protection,69735.36,10.74026,6492.288,Major Spender,Critical,2000,Not Calculated
2009,Türkiye,General public services,49915.55,7.68772,6492.05,Moderate Spender,Significant,2000,Not Calculated
2009,Ukraine,Total function,56660.297,46.61398,1215.4955,Major Spender,Critical,2000,Not Calculated
2009,Ukraine,Social protection,27009.178,22.22024,1215.4668,Moderate Spender,Critical,2000,Not Calculated
2009,United Kingdom,Total function,1.1408911e+06,47.19173,24175.146,Mega Spender,Critical,2000,Not Calculated
2009,United Kingdom,Transport,47644.62,1.97077,24163.377,Moderate Spender,Minimal,2000,Not Calculated
2009,United Kingdom,Environment protection,23597.982,0.97611,24150.795,Moderate Spender,Minimal,2000,Not Calculated
2009,United Kingdom,Housing and community amenities,35280.137,1.45932,24159.182,Moderate Spender,Minimal,2000,Not Calculated
2009,United Kingdom,Health,185624.6,7.67816,24172.512,Mega Spender,Significant,2000,Not Calculated
2009,United Kingdom,Education,150009.52,6.20498,24171.77,Mega Spender,Significant,2000,Not Calculated
2009,United Kingdom,Social protection,401894.78,16.62394,24174.21,Mega Spender,Critical,2000,Not Calculated
2009,United Kingdom,General public services,102824.45,4.25322,24169.99,Mega Spender,Moderate,2000,Not Calculated
2009,United Kingdom,Defence,61023.25,2.52416,24166.094,Major Spender,Moderate,2000,Not Calculated
2009,United Kingdom,Public order and safety,60714.8,2.5114,24166.057,Major Spender,Moderate,2000,Not Calculated
2009,United Kingdom,"Recreation, culture and religion",23901.76,0.98867,24151.242,Moderate Spender,Minimal,2000,Not Calculated
2009,United Kingdom,"General economic, commercial and labour affairs",30553.688,1.26382,24156.549,Moderate Spender,Minimal,2000,Not Calculated
2009,United States of America,Total function,6.2536265e+06,42.90814,145741.14,Mega Spender,Critical,2000,Not Calculated
2009,United States of America,Housing and community amenities,186497.23,1.27962,145630.4,Mega Spender,Minimal,2000,Not Calculated
2009,United States of America,Health,1.2601566e+06,8.64634,145727.64,Mega Spender,Significant,2000,Not Calculated
2009,United States of America,Education,975632.2,6.69413,145722.67,Mega Spender,Significant,2000,Not Calculated
2009,United States of America,Social protection,1.250148e+06,8.57767,145727.47,Mega Spender,Significant,2000,Not Calculated
2009,United States of America,General public services,923143.25,6.33398,145721.58,Mega Spender,Significant,2000,Not Calculated
2009,United States of America,Defence,667639.3,4.58089,145712.64,Mega Spender,Moderate,2000,Not Calculated
2009,United States of America,Public order and safety,335320.5,2.30074,145681.31,Mega Spender,Moderate,2000,Not Calculated
2009,United States of America,"Recreation, culture and religion",47867.7,0.32844,145300.2,Moderate Spender,Minimal,2000,Not Calculated
2010,Australia,Total function,491923.44,37.80837,13010.623,Mega Spender,Critical,2010,Not Calculated
2010,Australia,Transport,33672.137,2.58798,13005.947,Moderate Spender,Moderate,2010,Not Calculated
2010,Australia,Health,88823.7,6.82683,13009.068,Major Spender,Significant,2010,Not Calculated
2010,Australia,Education,83591.44,6.42469,13008.944,Major Spender,Significant,2010,Not Calculated
2010,Australia,Social protection,124987.22,9.6063,13009.608,Mega Spender,Significant,2010,Not Calculated
2010,Australia,General public services,54201.242,4.16581,13007.851,Major Spender,Moderate,2010,Not Calculated
2010,Australia,Defence,25038.537,1.92442,13004.194,Moderate Spender,Minimal,2010,Not Calculated
2010,Australia,Public order and safety,24006.578,1.8451,13003.941,Moderate Spender,Minimal,2010,Not Calculated
2010,Austria,Total function,207277.33,52.89134,3918.8535,Mega Spender,Critical,2010,Not Calculated
2010,Austria,Health,30856.334,7.87367,3918.4287,Moderate Spender,Significant,2010,Not Calculated
2010,Austria,Education,20060.877,5.11897,3918.163,Moderate Spender,Significant,2010,Not Calculated
2010,Austria,Social protection,83948.58,21.42132,3918.7437,Major Spender,Critical,2010,Not Calculated
2010,Austria,General public services,30147.406,7.69277,3918.418,Moderate Spender,Significant,2010,Not Calculated
2010,Belarus,Total function,24855.36,43.4292,572.3059,Moderate Spender,Critical,2010,Not Calculated
2010,Belgium,Total function,259380.97,53.93078,4809.4272,Mega Spender,Critical,2010,Not Calculated
2010,Belgium,Health,37337.883,7.76333,4808.8994,Moderate Spender,Significant,2010,Not Calculated
2010,Belgium,Education,29081.318,6.04662,4808.721,Moderate Spender,Significant,2010,Not Calculated
2010,Belgium,Social protection,90770.76,18.87316,4809.261,Major Spender,Critical,2010,Not Calculated
2010,Belgium,General public services,41602.05,8.64994,4808.963,Moderate Spender,Significant,2010,Not Calculated
2010,Brazil,Total function,876924.8,39.70073,22087.824,Mega Spender,Critical,2010,Not Calculated
2010,Brazil,Transport,34459.387,1.56007,22074.209,Moderate Spender,Minimal,2010,Not Calculated
2010,Brazil,Housing and community amenities,26215.568,1.18685,22069.764,Moderate Spender,Minimal,2010,Not Calculated
2010,Brazil,Health,104205.59,4.71767,22083.68,Mega Spender,Moderate,2010,Not Calculated
2010,Brazil,Education,109577.59,4.96087,22083.932,Mega Spender,Moderate,2010,Not Calculated
2010,Brazil,Social protection,280625.84,12.70468,22086.643,Mega Spender,Critical,2010,Not Calculated
2010,Brazil,General public services,200361.56,9.0709,22085.953,Mega Spender,Significant,2010,Not Calculated
2010,Brazil,Defence,20553.145,0.9305,22064.568,Moderate Spender,Minimal,2010,Not Calculated
2010,Brazil,Public order and safety,57869.914,2.61993,22079.916,Major Spender,Moderate,2010,Not Calculated
2010,Canada,Total function,616462.6,38.11756,16172.243,Mega Spender,Critical,2010,Not Calculated
2010,Canada,Health,134933.78,8.34332,16170.733,Mega Spender,Significant,2010,Not Calculated
2010,Canada,Education,77803.13,4.81078,16169.304,Major Spender,Moderate,2010,Not Calculated
2010,Canada,Social protection,174715.83,10.80315,16171.177,Mega Spender,Critical,2010,Not Calculated
2010,Canada,General public services,101950.98,6.30391,16170.093,Mega Spender,Significant,2010,Not Calculated
2010,Canada,Public order and safety,28704.625,1.77489,16163.516,Moderate Spender,Minimal,2010,Not Calculated
2010,China,Total function,1.6716914e+06,27.46246,60869.66,Mega Spender,Critical,2010,Not Calculated
2010,China,"Agriculture, forestry, fishing and hunting",149283.58,2.45242,60847.137,Mega Spender,Moderate,2010,Not Calculated
2010,China,Transport,101372.336,1.66534,60835.324,Mega Spender,Minimal,2010,Not Calculated
2010,China,Environment protection,36898.977,0.60617,60772.07,Moderate Spender,Minimal,2010,Not Calculated
2010,China,Housing and community amenities,108544.28,1.78316,60837.75,Mega Spender,Minimal,2010,Not Calculated
2010,China,Health,75387.695,1.23847,60822.523,Major Spender,Minimal,2010,Not Calculated
2010,China,Education,226547.86,3.72172,60855.47,Mega Spender,Moderate,2010,Not Calculated
2010,China,Social protection,329499.47,5.413,60860.633,Mega Spender,Significant,2010,Not Calculated
2010,China,General public services,166114.52,2.72892,60849.594,Mega Spender,Moderate,2010,Not Calculated
2010,China,Defence,79224.33,1.30149,60825.29,Major Spender,Minimal,2010,Not Calculated
2010,China,Public order and safety,83024.766,1.36393,60827.12,Major Spender,Minimal,2010,Not Calculated
2010,China,"Recreation, culture and religion",29104.455,0.47813,60744.38,Moderate Spender,Minimal,2010,Not Calculated
2010,"China, Hong Kong SAR",Total function,41488.105,18.14571,2286.2605,Moderate Spender,Critical,2010,Not Calculated
2010,Colombia,Total function,84565.24,29.51016,2865.5344,Major Spender,Critical,2010,Not Calculated
2010,Colombia,Social protection,24068.12,8.39889,2865.2898,Moderate Spender,Significant,2010,Not Calculated
2010,Czechia,Total function,91217.2,43.63,2090.6511,Major Spender,Critical,2010,Not Calculated
2010,Czechia,Social protection,28198.92,13.48779,2090.5447,Moderate Spender,Critical,2010,Not Calculated
2010,Denmark,Total function,182485.12,56.67323,3219.896,Mega Spender,Critical,2010,Not Calculated
2010,Denmark,Health,27530.928,8.5501,3219.5771,Moderate Spender,Significant,2010,Not Calculated
2010,Denmark,Education,22963.422,7.1316,3219.5024,Moderate Spender,Significant,2010,Not Calculated
2010,Denmark,Social protection,79972.44,24.83653,3219.8225,Major Spender,Critical,2010,Not Calculated
2010,Denmark,General public services,25608.3,7.953,3219.55,Moderate Spender,Significant,2010,Not Calculated
2010,Egypt,Total function,70561.37,32.87576,2146.2385,Major Spender,Critical,2010,Not Calculated
2010,Egypt,Social protection,23892.63,11.13199,2146.1106,Moderate Spender,Critical,2010,Not Calculated
2010,Finland,Total function,134456.84,53.95946,2491.766,Mega Spender,Critical,2010,Not Calculated
2010,Finland,Social protection,56358.867,22.61762,2491.7024,Major Spender,Critical,2010,Not Calculated
2010,France,Total function,1.5046314e+06,56.82203,26479.254,Mega Spender,Critical,2010,Not Calculated
2010,France,Transport,51579.656,1.94789,26466.17,Major Spender,Minimal,2010,Not Calculated
2010,France,Environment protection,26292.94,0.99295,26452.98,Moderate Spender,Minimal,2010,Not Calculated
2010,France,Housing and community amenities,37114.766,1.40163,26460.836,Moderate Spender,Minimal,2010,Not Calculated
2010,France,Health,211050.11,7.97026,26476.379,Mega Spender,Significant,2010,Not Calculated
2010,France,Education,149262.44,5.63686,26475.018,Mega Spender,Significant,2010,Not Calculated
2010,France,Social protection,626230.1,23.64942,26478.605,Mega Spender,Critical,2010,Not Calculated
2010,France,General public services,183339.98,6.92379,26475.89,Mega Spender,Significant,2010,Not Calculated
2010,France,Defence,49349.805,1.86368,26465.562,Moderate Spender,Minimal,2010,Not Calculated
2010,France,Public order and safety,44514.914,1.68109,26464.049,Moderate Spender,Minimal,2010,Not Calculated
2010,France,"Recreation, culture and religion",41212.555,1.55638,26462.746,Moderate Spender,Minimal,2010,Not Calculated
2010,France,"General economic, commercial and labour affairs",29506.477,1.1143,26456.088,Moderate Spender,Minimal,2010,Not Calculated
2010,France,RandD Economic affairs,23001.184,0.86863,26449.39,Moderate Spender,Minimal,2010,Not Calculated
2010,Germany,Total function,1.6366555e+06,48.1886,33962.836,Mega Spender,Critical,2010,Not Calculated
2010,Germany,Transport,55524.992,1.63484,33942.8,Major Spender,Minimal,2010,Not Calculated
2010,Germany,Housing and community amenities,19824.768,0.58371,33905.3,Moderate Spender,Minimal,2010,Not Calculated
2010,Germany,Health,238121.25,7.01108,33958.72,Mega Spender,Significant,2010,Not Calculated
2010,Germany,Education,148917.75,4.38464,33955.76,Mega Spender,Moderate,2010,Not Calculated
2010,Germany,Social protection,682030.9,20.08126,33961.86,Mega Spender,Critical,2010,Not Calculated
2010,Germany,General public services,229477.58,6.75659,33958.496,Mega Spender,Significant,2010,Not Calculated
2010,Germany,Defence,32533.088,0.95788,33928.215,Moderate Spender,Minimal,2010,Not Calculated
2010,Germany,Public order and safety,53297.785,1.56926,33942.01,Major Spender,Minimal,2010,Not Calculated
2010,Germany,"Recreation, culture and religion",38966.79,1.14731,33934.03,Moderate Spender,Minimal,2010,Not Calculated
2010,Germany,"General economic, commercial and labour affairs",74781.02,2.2018,33948.168,Major Spender,Moderate,2010,Not Calculated
2010,Greece,Total function,157349.31,53.00895,2968.2979,Mega Spender,Critical,2010,Not Calculated
2010,Greece,Health,20557.889,6.92569,2967.9238,Moderate Spender,Significant,2010,Not Calculated
2010,Greece,Social protection,56352.24,18.98434,2968.1975,Major Spender,Critical,2010,Not Calculated
2010,Greece,General public services,36645.46,12.34538,2968.1138,Moderate Spender,Critical,2010,Not Calculated
2010,Hungary,Total function,64518.72,48.81297,1321.7266,Major Spender,Critical,2010,Not Calculated
2010,Hungary,Social protection,22764.707,17.22311,1321.6769,Moderate Spender,Critical,2010,Not Calculated
2010,Indonesia,Total function,121006.336,16.02533,7550.471,Mega Spender,Critical,2010,Not Calculated
2010,Indonesia,Education,21888.945,2.89884,7548.329,Moderate Spender,Moderate,2010,Not Calculated
2010,Indonesia,General public services,67761.34,8.97389,7550.1025,Major Spender,Significant,2010,Not Calculated
2010,Ireland,Total function,144009.69,64.95781,2216.9385,Mega Spender,Critical,2010,Not Calculated
2010,Ireland,Social protection,38806.684,17.50436,2216.846,Moderate Spender,Critical,2010,Not Calculated
2010,Ireland,"General economic, commercial and labour affairs",42486.023,19.16398,2216.8572,Moderate Spender,Critical,2010,Not Calculated
2010,Israel,Total function,96606.52,41.16966,2346.4897,Major Spender,Critical,2010,Not Calculated
2010,Israel,Social protection,25556.73,10.89121,2346.331,Moderate Spender,Critical,2010,Not Calculated
2010,Italy,Total function,1.0665072e+06,49.97649,21339.752,Mega Spender,Critical,2010,Not Calculated
2010,Italy,Transport,40833.133,1.91344,21329.021,Moderate Spender,Minimal,2010,Not Calculated
2010,Italy,Health,157777.52,7.39345,21337.29,Mega Spender,Significant,2010,Not Calculated
2010,Italy,Education,92847.625,4.35084,21335.258,Major Spender,Moderate,2010,Not Calculated
2010,Italy,Social protection,420570.34,19.70791,21339.098,Mega Spender,Critical,2010,Not Calculated
2010,Italy,General public services,191483.86,8.97293,21337.793,Mega Spender,Significant,2010,Not Calculated
2010,Italy,Defence,29255.914,1.37093,21324.64,Moderate Spender,Minimal,2010,Not Calculated
2010,Italy,Public order and safety,41134.336,1.92755,21329.152,Moderate Spender,Minimal,2010,Not Calculated
2010,Japan,Total function,2.2585748e+06,39.21769,57589.246,Mega Spender,Critical,2010,Not Calculated
2010,Japan,"Agriculture, forestry, fishing and hunting",52251.156,0.90728,57527.586,Major Spender,Minimal,2010,Not Calculated
2010,Japan,Transport,74300.63,1.29015,57546.086,Major Spender,Minimal,2010,Not Calculated
2010,Japan,Environment protection,65797.54,1.1425,57540.477,Major Spender,Minimal,2010,Not Calculated
2010,Japan,Housing and community amenities,45186.895,0.78462,57517.496,Moderate Spender,Minimal,2010,Not Calculated
2010,Japan,Health,411139.8,7.13899,57582.688,Mega Spender,Significant,2010,Not Calculated
2010,Japan,Education,208015.78,3.61197,57574.734,Mega Spender,Moderate,2010,Not Calculated
2010,Japan,Social protection,909109.3,15.78569,57587.074,Mega Spender,Critical,2010,Not Calculated
2010,Japan,General public services,261755.89,4.54511,57577.992,Mega Spender,Moderate,2010,Not Calculated
2010,Japan,Defence,50042.223,0.86893,57524.426,Major Spender,Minimal,2010,Not Calculated
2010,Japan,Public order and safety,69767.7,1.21144,57543.22,Major Spender,Minimal,2010,Not Calculated
2010,Japan,"Recreation, culture and religion",19861.045,0.34487,57423.44,Moderate Spender,Minimal,2010,Not Calculated
2010,Japan,"General economic, commercial and labour affairs",25859.002,0.44901,57463.17,Moderate Spender,Minimal,2010,Not Calculated
2010,Japan,Other industries,25714.322,0.4465,57462.176,Moderate Spender,Minimal,2010,Not Calculated
2010,Kazakhstan,Total function,30273.967,20.44884,1480.4012,Moderate Spender,Critical,2010,Not Calculated
2010,"Korea, Republic of",Total function,338523.7,29.5895,11440.283,Mega Spender,Critical,2010,Not Calculated
2010,"Korea, Republic of",Health,43005.117,3.75897,11437.623,Moderate Spender,Moderate,2010,Not Calculated
2010,"Korea, Republic of",Education,50806.254,4.44085,11438.085,Major Spender,Moderate,2010,Not Calculated
2010,"Korea, Republic of",Social protection,60322.97,5.27268,11438.497,Major Spender,Significant,2010,Not Calculated
2010,"Korea, Republic of",General public services,52702.21,4.60657,11438.18,Major Spender,Moderate,2010,Not Calculated
2010,"Korea, Republic of",Defence,26673.729,2.33148,11435.78,Moderate Spender,Moderate,2010,Not Calculated
2010,Luxembourg,Total function,23620.412,42.05974,561.5787,Moderate Spender,Critical,2010,Not Calculated
2010,Malaysia,Total function,62317.26,24.43645,2550.0723,Major Spender,Critical,2010,Not Calculated
2010,Malaysia,General public services,19959.635,7.82677,2549.8496,Moderate Spender,Significant,2010,Not Calculated
2010,Netherlands (Kingdom of the),Total function,408159.0,48.21412,8465.374,Mega Spender,Critical,2010,Not Calculated
2010,Netherlands (Kingdom of the),Transport,23327.31,2.75556,8462.472,Moderate Spender,Moderate,2010,Not Calculated
2010,Netherlands (Kingdom of the),Health,65721.08,7.76336,8464.455,Major Spender,Significant,2010,Not Calculated
2010,Netherlands (Kingdom of the),Education,47760.27,5.64172,8464.052,Moderate Spender,Significant,2010,Not Calculated
2010,Netherlands (Kingdom of the),Social protection,142229.52,16.80098,8465.045,Mega Spender,Critical,2010,Not Calculated
2010,Netherlands (Kingdom of the),General public services,48078.44,5.67931,8464.053,Moderate Spender,Significant,2010,Not Calculated
2010,New Zealand,Total function,57147.8,39.00407,1465.1378,Major Spender,Critical,2010,Not Calculated
2010,Norway,Total function,194614.42,45.39037,4287.4766,Mega Spender,Critical,2010,Not Calculated
2010,Norway,Health,31520.475,7.35159,4286.9893,Moderate Spender,Significant,2010,Not Calculated
2010,Norway,Education,22553.646,5.26024,4286.755,Moderate Spender,Significant,2010,Not Calculated
2010,Norway,Social protection,75631.44,17.6397,4287.3267,Major Spender,Critical,2010,Not Calculated
2010,Norway,General public services,21339.088,4.97696,4286.7134,Moderate Spender,Moderate,2010,Not Calculated
2010,Peru,Total function,29879.24,20.25332,1475.2034,Moderate Spender,Critical,2010,Not Calculated
2010,Philippines,Total function,32653.246,15.67088,2083.5564,Moderate Spender,Critical,2010,Not Calculated
2010,Poland,Total function,219984.08,46.24462,4756.863,Mega Spender,Critical,2010,Not Calculated
2010,Poland,Transport,21147.15,4.44551,4755.899,Moderate Spender,Moderate,2010,Not Calculated
2010,Poland,Health,23845.057,5.01266,4756.018,Moderate Spender,Significant,2010,Not Calculated
2010,Poland,Education,26577.455,5.58706,4756.1147,Moderate Spender,Significant,2010,Not Calculated
2010,Poland,Social protection,78225.055,16.44432,4756.676,Major Spender,Critical,2010,Not Calculated
2010,Poland,General public services,27037.773,5.68383,4756.1274,Moderate Spender,Significant,2010,Not Calculated
2010,Portugal,Total function,123577.42,51.94928,2378.7634,Mega Spender,Critical,2010,Not Calculated
2010,Portugal,Social protection,41343.824,17.38005,2378.6724,Moderate Spender,Critical,2010,Not Calculated
2010,Romania,Total function,67143.586,39.48941,1700.2504,Major Spender,Critical,2010,Not Calculated
2010,Romania,Social protection,23111.143,13.59244,1700.1688,Moderate Spender,Critical,2010,Not Calculated
2010,Russian Federation,Total function,643346.75,41.77997,15398.082,Mega Spender,Critical,2010,Not Calculated
2010,Russian Federation,Housing and community amenities,22708.178,1.47471,15387.968,Moderate Spender,Minimal,2010,Not Calculated
2010,Russian Federation,Health,68453.83,4.4455,15394.992,Major Spender,Moderate,2010,Not Calculated
2010,Russian Federation,Education,62865.69,4.0826,15394.674,Major Spender,Moderate,2010,Not Calculated
2010,Russian Federation,Social protection,203046.53,13.18617,15397.278,Mega Spender,Critical,2010,Not Calculated
2010,Russian Federation,General public services,119797.49,7.77984,15396.473,Mega Spender,Significant,2010,Not Calculated
2010,Russian Federation,Defence,53171.25,3.45303,15393.975,Major Spender,Moderate,2010,Not Calculated
2010,Russian Federation,Public order and safety,41639.344,2.70413,15392.733,Moderate Spender,Moderate,2010,Not Calculated
2010,Singapore,Total function,34293.37,14.30035,2397.9114,Moderate Spender,Critical,2010,Not Calculated
2010,Slovakia,Total function,38416.19,42.18131,910.7181,Moderate Spender,Critical,2010,Not Calculated
2010,Slovenia,Total function,24188.947,50.22491,481.60297,Moderate Spender,Critical,2010,Not Calculated
2010,South Africa,Total function,147290.98,35.29079,4173.52,Mega Spender,Critical,2010,Not Calculated
2010,South Africa,Education,25385.38,6.08231,4172.955,Moderate Spender,Significant,2010,Not Calculated
2010,South Africa,General public services,28824.15,6.90624,4173.0347,Moderate Spender,Significant,2010,Not Calculated
2010,Spain,Total function,654658.75,46.0793,14206.912,Mega Spender,Critical,2010,Not Calculated
2010,Spain,Transport,37943.336,2.67071,14201.892,Moderate Spender,Moderate,2010,Not Calculated
2010,Spain,Health,94306.18,6.63791,14205.07,Major Spender,Significant,2010,Not Calculated
2010,Spain,Education,64282.676,4.52465,14204.076,Major Spender,Moderate,2010,Not Calculated
2010,Spain,Social protection,238168.97,16.76394,14206.371,Mega Spender,Critical,2010,Not Calculated
2010,Spain,General public services,79907.57,5.62443,14204.704,Major Spender,Significant,2010,Not Calculated
2010,Spain,Public order and safety,30710.227,2.16159,14200.67,Moderate Spender,Moderate,2010,Not Calculated
2010,Spain,"Recreation, culture and religion",23462.533,1.65145,14198.634,Moderate Spender,Minimal,2010,Not Calculated
2010,Spain,"General economic, commercial and labour affairs",20205.248,1.42218,14197.253,Moderate Spender,Minimal,2010,Not Calculated
2010,Sweden,Total function,250103.78,50.44321,4958.0273,Mega Spender,Critical,2010,Not Calculated
2010,Sweden,Health,33121.496,6.68025,4957.38,Moderate Spender,Significant,2010,Not Calculated
2010,Sweden,Education,31802.184,6.41415,4957.356,Moderate Spender,Significant,2010,Not Calculated
2010,Sweden,Social protection,100713.64,20.31285,4957.8804,Mega Spender,Critical,2010,Not Calculated
2010,Sweden,General public services,36955.133,7.45345,4957.4595,Moderate Spender,Significant,2010,Not Calculated
2010,"Switzerland, Liechtenstein",Total function,193807.94,31.82106,6090.3643,Mega Spender,Critical,2010,Not Calculated
2010,"Switzerland, Liechtenstein",Education,30931.062,5.07853,6089.3555,Moderate Spender,Significant,2010,Not Calculated
2010,"Switzerland, Liechtenstein",Social protection,75487.5,12.39419,6090.064,Major Spender,Critical,2010,Not Calculated
2010,"Switzerland, Liechtenstein",General public services,27132.195,4.4548,6089.186,Moderate Spender,Moderate,2010,Not Calculated
2010,Thailand,Total function,72700.61,21.31328,3410.8875,Major Spender,Critical,2010,Not Calculated
2010,Türkiye,Total function,277893.6,35.76644,7769.457,Mega Spender,Critical,2010,Not Calculated
2010,Türkiye,Health,49363.934,6.35341,7768.453,Moderate Spender,Significant,2010,Not Calculated
2010,Türkiye,Education,29423.863,3.78701,7767.631,Moderate Spender,Moderate,2010,Not Calculated
2010,Türkiye,Social protection,74335.5,9.56739,7768.8613,Major Spender,Significant,2010,Not Calculated
2010,Türkiye,General public services,47696.56,6.13881,7768.4097,Moderate Spender,Significant,2010,Not Calculated
2010,Ukraine,Total function,66042.945,48.55653,1360.0969,Major Spender,Critical,2010,Not Calculated
2010,Ukraine,Social protection,31165.73,22.91388,1360.0653,Moderate Spender,Critical,2010,Not Calculated
2010,United Kingdom,Total function,1.174475e+06,47.14122,24913.443,Mega Spender,Critical,2010,Not Calculated
2010,United Kingdom,Transport,45517.523,1.82699,24900.312,Moderate Spender,Minimal,2010,Not Calculated
2010,United Kingdom,Environment protection,23885.188,0.95871,24887.922,Moderate Spender,Minimal,2010,Not Calculated
2010,United Kingdom,Housing and community amenities,30629.84,1.22942,24893.809,Moderate Spender,Minimal,2010,Not Calculated
2010,United Kingdom,Health,188433.08,7.56335,24910.676,Mega Spender,Significant,2010,Not Calculated
2010,United Kingdom,Education,155538.03,6.243,24909.998,Mega Spender,Significant,2010,Not Calculated
2010,United Kingdom,Social protection,414738.22,16.64681,24912.479,Mega Spender,Critical,2010,Not Calculated
2010,United Kingdom,General public services,133321.62,5.35128,24909.314,Mega Spender,Significant,2010,Not Calculated
2010,United Kingdom,Defence,62919.19,2.52546,24904.092,Major Spender,Moderate,2010,Not Calculated
2010,United Kingdom,Public order and safety,60035.91,2.40973,24903.623,Major Spender,Moderate,2010,Not Calculated
2010,United Kingdom,"Recreation, culture and religion",23920.727,0.96013,24888.129,Moderate Spender,Minimal,2010,Not Calculated
2010,United States of America,Total function,6.4739885e+06,42.74007,151469.97,Mega Spender,Critical,2010,Not Calculated
2010,United States of America,Housing and community amenities,144443.72,0.95359,151314.94,Mega Spender,Minimal,2010,Not Calculated
2010,United States of America,Health,1.3268579e+06,8.75967,151456.2,Mega Spender,Significant,2010,Not Calculated
2010,United States of America,Education,1.0074617e+06,6.65108,151450.62,Mega Spender,Significant,2010,Not Calculated
2010,United States of America,Social protection,1.3507361e+06,8.91731,151456.52,Mega Spender,Significant,2010,Not Calculated
2010,United States of America,General public services,955757.75,6.30974,151449.39,Mega Spender,Significant,2010,Not Calculated
2010,United States of America,Defence,702746.6,4.6394,151440.97,Mega Spender,Moderate,2010,Not Calculated
2010,United States of America,Public order and safety,340218.03,2.24606,151405.86,Mega Spender,Moderate,2010,Not Calculated
2010,United States of America,"Recreation, culture and religion",47314.6,0.31236,150991.2,Moderate Spender,Minimal,2010,Not Calculated
2011,Australia,Total function,592950.8,38.31844,15473.891,Mega Spender,Critical,2010,Not Calculated
2011,Australia,Transport,42963.98,2.77647,15468.748,Moderate Spender,Moderate,2010,Not Calculated
2011,Australia,Health,111136.76,7.18202,15472.149,Mega Spender,Significant,2010,Not Calculated
2011,Australia,Education,90937.95,5.87671,15471.664,Major Spender,Significant,2010,Not Calculated
2011,Australia,Social protection,151534.38,9.79265,15472.716,Mega Spender,Significant,2010,Not Calculated
2011,Australia,General public services,70285.29,4.54207,15470.88,Major Spender,Moderate,2010,Not Calculated
2011,Australia,Defence,28770.56,1.85925,15465.965,Moderate Spender,Minimal,2010,Not Calculated
2011,Australia,Public order and safety,28392.002,1.83478,15465.906,Moderate Spender,Minimal,2010,Not Calculated
2011,Austria,Total function,219714.45,50.96361,4311.118,Mega Spender,Critical,2010,Not Calculated
2011,Austria,Health,33030.332,7.66151,4310.641,Moderate Spender,Significant,2010,Not Calculated
2011,Austria,Education,21512.836,4.98998,4310.343,Moderate Spender,Moderate,2010,Not Calculated
2011,Austria,Social protection,89334.336,20.72144,4310.995,Major Spender,Critical,2010,Not Calculated
2011,Austria,General public services,31819.943,7.38076,4310.617,Moderate Spender,Significant,2010,Not Calculated
2011,Azerbaijan,Total function,21613.617,32.77136,659.50757,Moderate Spender,Critical,2010,Not Calculated
2011,Belarus,Total function,21984.031,35.59456,617.606,Moderate Spender,Critical,2010,Not Calculated
2011,Belgium,Total function,289425.22,55.37696,5226.3613,Mega Spender,Critical,2010,Not Calculated
2011,Belgium,Health,40487.523,7.74665,5225.7812,Moderate Spender,Significant,2010,Not Calculated
2011,Belgium,Education,32510.367,6.22035,5225.6133,Moderate Spender,Significant,2010,Not Calculated
2011,Belgium,Social protection,99990.83,19.13167,5226.1826,Major Spender,Critical,2010,Not Calculated
2011,Belgium,General public services,45909.887,8.78413,5225.863,Moderate Spender,Significant,2010,Not Calculated
2011,Belgium,"General economic, commercial and labour affairs",20649.1,3.95088,5225.1333,Moderate Spender,Moderate,2010,Not Calculated
2011,Brazil,Total function,1.0020078e+06,38.30076,26160.883,Mega Spender,Critical,2010,Not Calculated
2011,Brazil,Transport,32175.188,1.22986,26140.412,Moderate Spender,Minimal,2010,Not Calculated
2011,Brazil,Housing and community amenities,27735.977,1.06018,26136.92,Moderate Spender,Minimal,2010,Not Calculated
2011,Brazil,Health,118647.63,4.53519,26155.79,Mega Spender,Moderate,2010,Not Calculated
2011,Brazil,Education,129739.12,4.95915,26156.291,Mega Spender,Moderate,2010,Not Calculated
2011,Brazil,Social protection,329559.84,12.5971,26159.486,Mega Spender,Critical,2010,Not Calculated
2011,Brazil,General public services,231073.08,8.83254,26158.604,Mega Spender,Significant,2010,Not Calculated
2011,Brazil,Defence,20597.1,0.7873,26128.504,Moderate Spender,Minimal,2010,Not Calculated
2011,Brazil,Public order and safety,66720.37,2.55032,26151.314,Major Spender,Moderate,2010,Not Calculated
2011,Canada,Total function,665609.9,37.12616,17927.844,Mega Spender,Critical,2010,Not Calculated
2011,Canada,Transport,20644.764,1.15152,17912.715,Moderate Spender,Minimal,2010,Not Calculated
2011,Canada,Health,147402.38,8.22176,17926.143,Mega Spender,Significant,2010,Not Calculated
2011,Canada,Education,84619.98,4.7199,17924.543,Major Spender,Moderate,2010,Not Calculated
2011,Canada,Social protection,188029.78,10.48786,17926.617,Mega Spender,Critical,2010,Not Calculated
2011,Canada,General public services,107127.75,5.97533,17925.342,Mega Spender,Significant,2010,Not Calculated
2011,Canada,Public order and safety,31581.24,1.76153,17918.129,Moderate Spender,Minimal,2010,Not Calculated
2011,China,Total function,2.017686e+06,26.71886,75512.59,Mega Spender,Critical,2010,Not Calculated
2011,China,"Agriculture, forestry, fishing and hunting",177110.1,2.34535,75483.24,Mega Spender,Moderate,2010,Not Calculated
2011,China,Transport,151514.48,2.0064,75477.97,Mega Spender,Moderate,2010,Not Calculated
2011,China,Environment protection,40872.953,0.54125,75376.586,Moderate Spender,Minimal,2010,Not Calculated
2011,China,Housing and community amenities,135065.58,1.78858,75473.336,Mega Spender,Minimal,2010,Not Calculated
2011,China,Health,67562.12,0.89468,75431.086,Major Spender,Minimal,2010,Not Calculated
2011,China,Education,263875.28,3.49432,75493.89,Mega Spender,Moderate,2010,Not Calculated
2011,China,Social protection,484662.8,6.41806,75503.71,Mega Spender,Significant,2010,Not Calculated
2011,China,General public services,201165.02,2.66389,75487.18,Mega Spender,Moderate,2010,Not Calculated
2011,China,Defence,93506.87,1.23825,75454.4,Major Spender,Minimal,2010,Not Calculated
2011,China,Public order and safety,97567.25,1.29202,75456.875,Major Spender,Minimal,2010,Not Calculated
2011,China,"Recreation, culture and religion",32486.924,0.4302,75340.734,Moderate Spender,Minimal,2010,Not Calculated
2011,"China, Hong Kong SAR",Total function,49694.117,19.99654,2485.0115,Moderate Spender,Critical,2010,Not Calculated
2011,Colombia,Total function,97989.36,29.25546,3349.3237,Major Spender,Critical,2010,Not Calculated
2011,Colombia,Social protection,28761.357,8.58692,3349.048,Moderate Spender,Significant,2010,Not Calculated
2011,Czechia,Total function,99142.76,43.18765,2295.5745,Major Spender,Critical,2010,Not Calculated
2011,Czechia,Social protection,31033.996,13.51874,2295.458,Moderate Spender,Critical,2010,Not Calculated
2011,Denmark,Total function,194118.64,56.42932,3439.9705,Mega Spender,Critical,2010,Not Calculated
2011,Denmark,Health,29066.938,8.44961,3439.626,Moderate Spender,Significant,2010,Not Calculated
2011,Denmark,Education,23457.21,6.81889,3439.5293,Moderate Spender,Significant,2010,Not Calculated
2011,Denmark,Social protection,84943.66,24.6927,3439.8918,Major Spender,Critical,2010,Not Calculated
2011,Denmark,General public services,28139.154,8.17991,3439.6118,Moderate Spender,Significant,2010,Not Calculated
2011,Egypt,Total function,74205.59,32.10969,2310.9312,Major Spender,Critical,2010,Not Calculated
2011,Egypt,Social protection,27102.086,11.72741,2310.8064,Moderate Spender,Critical,2010,Not Calculated
2011,Finland,Total function,147882.72,53.72792,2752.3857,Mega Spender,Critical,2010,Not Calculated
2011,Finland,Health,20294.707,7.37336,2752.0635,Moderate Spender,Significant,2010,Not Calculated
2011,Finland,Social protection,61930.87,22.50038,2752.3145,Major Spender,Critical,2010,Not Calculated
2011,Finland,General public services,21976.19,7.98427,2752.091,Moderate Spender,Significant,2010,Not Calculated
2011,France,Total function,1.6128181e+06,56.24497,28674.377,Mega Spender,Critical,2010,Not Calculated
2011,France,Transport,55678.21,1.94171,28660.072,Major Spender,Minimal,2010,Not Calculated
2011,France,Environment protection,28404.238,0.99056,28646.012,Moderate Spender,Minimal,2010,Not Calculated
2011,France,Housing and community amenities,40079.96,1.39774,28654.332,Moderate Spender,Minimal,2010,Not Calculated
2011,France,Health,227274.28,7.9259,28671.27,Mega Spender,Significant,2010,Not Calculated
2011,France,Education,157013.94,5.47566,28669.654,Mega Spender,Significant,2010,Not Calculated
2011,France,Social protection,679040.3,23.68066,28673.68,Mega Spender,Critical,2010,Not Calculated
2011,France,General public services,198620.88,6.92665,28670.744,Mega Spender,Significant,2010,Not Calculated
2011,France,Defence,51122.34,1.78283,28658.75,Major Spender,Minimal,2010,Not Calculated
2011,France,Public order and safety,46904.715,1.63574,28657.4,Moderate Spender,Minimal,2010,Not Calculated
2011,France,"Recreation, culture and religion",44214.066,1.54191,28656.281,Moderate Spender,Minimal,2010,Not Calculated
2011,France,"General economic, commercial and labour affairs",25727.51,0.89721,28643.09,Moderate Spender,Minimal,2010,Not Calculated
2011,France,RandD Economic affairs,24782.371,0.86425,28641.861,Moderate Spender,Minimal,2010,Not Calculated
2011,Germany,Total function,1.6961309e+06,45.2977,37443.258,Mega Spender,Critical,2010,Not Calculated
2011,Germany,Transport,61371.31,1.63901,37421.3,Major Spender,Minimal,2010,Not Calculated
2011,Germany,Environment protection,21916.336,0.58531,37380.117,Moderate Spender,Minimal,2010,Not Calculated
2011,Germany,Health,255820.5,6.83207,37438.59,Mega Spender,Significant,2010,Not Calculated
2011,Germany,Education,161033.9,4.30065,37435.38,Mega Spender,Moderate,2010,Not Calculated
2011,Germany,Social protection,707722.94,18.90079,37442.113,Mega Spender,Critical,2010,Not Calculated
2011,Germany,General public services,257419.86,6.87478,37438.64,Mega Spender,Significant,2010,Not Calculated
2011,Germany,Defence,35071.703,0.93664,37404.23,Moderate Spender,Minimal,2010,Not Calculated
2011,Germany,Public order and safety,57319.324,1.5308,37419.586,Major Spender,Minimal,2010,Not Calculated
2011,Germany,"Recreation, culture and religion",41004.22,1.09508,37409.875,Moderate Spender,Minimal,2010,Not Calculated
2011,Germany,"General economic, commercial and labour affairs",30000.812,0.80122,37397.24,Moderate Spender,Minimal,2010,Not Calculated
2011,Greece,Total function,155988.08,55.19248,2826.2048,Mega Spender,Critical,2010,Not Calculated
2011,Greece,Social protection,58247.76,20.60951,2826.1194,Major Spender,Critical,2010,Not Calculated
2011,Greece,General public services,37042.715,13.10664,2826.04,Moderate Spender,Critical,2010,Not Calculated
2011,Hungary,Total function,69637.734,49.0606,1419.3939,Major Spender,Critical,2010,Not Calculated
2011,Hungary,Social protection,23923.484,16.85438,1419.3383,Moderate Spender,Critical,2010,Not Calculated
2011,India,Total function,469224.38,25.0665,18718.436,Mega Spender,Critical,2010,Not Calculated
2011,India,Housing and community amenities,26032.736,1.3907,18705.709,Moderate Spender,Minimal,2010,Not Calculated
2011,India,Education,82567.2,4.41083,18714.955,Major Spender,Moderate,2010,Not Calculated
2011,India,Social protection,25745.19,1.37534,18705.545,Moderate Spender,Minimal,2010,Not Calculated
2011,India,General public services,80743.14,4.31339,18714.846,Major Spender,Moderate,2010,Not Calculated
2011,India,Defence,50943.137,2.72144,18712.309,Major Spender,Moderate,2010,Not Calculated
2011,India,Public order and safety,24889.615,1.32963,18705.135,Moderate Spender,Minimal,2010,Not Calculated
2011,Indonesia,Total function,156206.66,17.49295,8929.182,Mega Spender,Critical,2010,Not Calculated
2011,Indonesia,Education,28967.098,3.24391,8926.934,Moderate Spender,Moderate,2010,Not Calculated
2011,Indonesia,General public services,80458.85,9.01026,8928.701,Major Spender,Significant,2010,Not Calculated
2011,Ireland,Total function,112907.16,47.30277,2386.8533,Mega Spender,Critical,2010,Not Calculated
2011,Ireland,Social protection,38063.184,15.94668,2386.7537,Moderate Spender,Critical,2010,Not Calculated
2011,Israel,Total function,106997.125,40.79286,2622.8735,Mega Spender,Critical,2010,Not Calculated
2011,Israel,Social protection,27947.664,10.6551,2622.6917,Moderate Spender,Critical,2010,Not Calculated
2011,Italy,Total function,1.12855e+06,49.23885,22919.445,Mega Spender,Critical,2010,Not Calculated
2011,Italy,Transport,42680.688,1.86217,22907.564,Moderate Spender,Minimal,2010,Not Calculated
2011,Italy,Health,163223.45,7.12147,22916.693,Mega Spender,Significant,2010,Not Calculated
2011,Italy,Education,93191.41,4.06596,22914.268,Major Spender,Moderate,2010,Not Calculated
2011,Italy,Social protection,448493.56,19.56786,22918.738,Mega Spender,Critical,2010,Not Calculated
2011,Italy,General public services,209123.19,9.12408,22917.408,Mega Spender,Significant,2010,Not Calculated
2011,Italy,Defence,31321.777,1.36658,22903.066,Moderate Spender,Minimal,2010,Not Calculated
2011,Italy,Public order and safety,44028.938,1.92099,22907.994,Moderate Spender,Minimal,2010,Not Calculated
2011,Japan,Total function,2.52357e+06,40.48629,62329.934,Mega Spender,Critical,2010,Not Calculated
2011,Japan,"Agriculture, forestry, fishing and hunting",57963.574,0.92992,62264.83,Major Spender,Minimal,2010,Not Calculated
2011,Japan,Transport,84964.95,1.36311,62286.0,Major Spender,Minimal,2010,Not Calculated
2011,Japan,Fuel and energy,20481.908,0.3286,62141.715,Moderate Spender,Minimal,2010,Not Calculated
2011,Japan,Environment protection,74390.695,1.19347,62279.246,Major Spender,Minimal,2010,Not Calculated
2011,Japan,Housing and community amenities,44368.277,0.71181,62244.188,Moderate Spender,Minimal,2010,Not Calculated
2011,Japan,Health,467052.9,7.49305,62323.164,Mega Spender,Significant,2010,Not Calculated
2011,Japan,Education,226315.94,3.63085,62314.23,Mega Spender,Moderate,2010,Not Calculated
2011,Japan,Social protection,1.027679e+06,16.48732,62327.7,Mega Spender,Critical,2010,Not Calculated
2011,Japan,General public services,275988.25,4.42775,62317.414,Mega Spender,Moderate,2010,Not Calculated
2011,Japan,Defence,55052.8,0.88323,62260.727,Major Spender,Minimal,2010,Not Calculated
2011,Japan,Public order and safety,79283.75,1.27197,62282.492,Major Spender,Minimal,2010,Not Calculated
2011,Japan,"Recreation, culture and religion",21381.578,0.34303,62150.332,Moderate Spender,Minimal,2010,Not Calculated
2011,Japan,"General economic, commercial and labour affairs",26144.316,0.41944,62183.23,Moderate Spender,Minimal,2010,Not Calculated
2011,Japan,Other industries,27746.934,0.44515,62191.94,Moderate Spender,Minimal,2010,Not Calculated
2011,Kazakhstan,Total function,37169.863,19.29634,1926.165,Moderate Spender,Critical,2010,Not Calculated
2011,"Korea, Republic of",Total function,380804.28,30.38599,12531.82,Mega Spender,Critical,2010,Not Calculated
2011,"Korea, Republic of",Health,47216.863,3.76763,12528.92,Moderate Spender,Moderate,2010,Not Calculated
2011,"Korea, Republic of",Education,56616.234,4.51765,12529.458,Major Spender,Moderate,2010,Not Calculated
2011,"Korea, Republic of",Social protection,70587.305,5.63246,12530.009,Major Spender,Significant,2010,Not Calculated
2011,"Korea, Republic of",General public services,58532.168,4.67053,12529.551,Major Spender,Moderate,2010,Not Calculated
2011,"Korea, Republic of",Defence,30564.592,2.43888,12527.089,Moderate Spender,Moderate,2010,Not Calculated
2011,Luxembourg,Total function,25603.082,41.55296,616.1406,Moderate Spender,Critical,2010,Not Calculated
2011,Malaysia,Total function,74349.95,24.9537,2979.397,Major Spender,Critical,2010,Not Calculated
2011,Malaysia,General public services,27158.17,9.11496,2979.1892,Moderate Spender,Significant,2010,Not Calculated
2011,Netherlands (Kingdom of the),Total function,426816.62,47.20974,9040.668,Mega Spender,Critical,2010,Not Calculated
2011,Netherlands (Kingdom of the),Transport,23901.264,2.64369,9037.454,Moderate Spender,Moderate,2010,Not Calculated
2011,Netherlands (Kingdom of the),Health,71340.49,7.8909,9039.711,Major Spender,Significant,2010,Not Calculated
2011,Netherlands (Kingdom of the),Education,49852.88,5.51417,9039.228,Moderate Spender,Significant,2010,Not Calculated
2011,Netherlands (Kingdom of the),Social protection,151986.2,16.81103,9040.325,Mega Spender,Critical,2010,Not Calculated
2011,Netherlands (Kingdom of the),General public services,48204.8,5.33188,9039.168,Moderate Spender,Significant,2010,Not Calculated
2011,New Zealand,Total function,74332.836,44.16914,1682.8752,Major Spender,Critical,2010,Not Calculated
2011,New Zealand,Social protection,27651.188,16.43055,1682.8108,Moderate Spender,Critical,2010,Not Calculated
2011,Norway,Total function,220157.27,44.18314,4982.7217,Mega Spender,Critical,2010,Not Calculated
2011,Norway,Health,35585.367,7.14159,4982.1377,Moderate Spender,Significant,2010,Not Calculated
2011,Norway,Education,25001.752,5.01758,4981.838,Moderate Spender,Significant,2010,Not Calculated
2011,Norway,Social protection,86584.836,17.37662,4982.549,Major Spender,Critical,2010,Not Calculated
2011,Norway,General public services,23291.908,4.67443,4981.7686,Moderate Spender,Moderate,2010,Not Calculated
2011,Peru,Total function,32896.8,19.15258,1717.5276,Moderate Spender,Critical,2010,Not Calculated
2011,Philippines,Total function,36478.934,15.57486,2342.0173,Moderate Spender,Critical,2010,Not Calculated
2011,Poland,Total function,232901.94,44.41522,5243.624,Mega Spender,Critical,2010,Not Calculated
2011,Poland,Transport,23014.48,4.38894,5242.5503,Moderate Spender,Moderate,2010,Not Calculated
2011,Poland,Health,24693.473,4.70913,5242.631,Moderate Spender,Moderate,2010,Not Calculated
2011,Poland,Education,28671.402,5.46774,5242.7803,Moderate Spender,Significant,2010,Not Calculated
2011,Poland,Social protection,82009.95,15.63958,5243.4087,Major Spender,Critical,2010,Not Calculated
2011,Poland,General public services,29513.16,5.62826,5242.8135,Moderate Spender,Significant,2010,Not Calculated
2011,Portugal,Total function,122614.9,50.08835,2447.9236,Mega Spender,Critical,2010,Not Calculated
2011,Portugal,Social protection,43999.316,17.97378,2447.8362,Moderate Spender,Critical,2010,Not Calculated
2011,Portugal,General public services,21930.826,8.95877,2447.6997,Moderate Spender,Significant,2010,Not Calculated
2011,Romania,Total function,73389.62,38.102,1926.085,Major Spender,Critical,2010,Not Calculated
2011,Romania,Social protection,23763.27,12.33728,1925.979,Moderate Spender,Critical,2010,Not Calculated
2011,Russian Federation,Total function,800463.75,39.12483,20458.705,Mega Spender,Critical,2010,Not Calculated
2011,Russian Federation,Housing and community amenities,31791.203,1.55388,20446.082,Moderate Spender,Minimal,2010,Not Calculated
2011,Russian Federation,Health,75279.91,3.67951,20453.662,Major Spender,Moderate,2010,Not Calculated
2011,Russian Federation,Education,77093.92,3.76817,20453.818,Major Spender,Moderate,2010,Not Calculated
2011,Russian Federation,Social protection,228089.38,11.14848,20457.398,Mega Spender,Critical,2010,Not Calculated
2011,Russian Federation,General public services,183222.3,8.95548,20456.953,Mega Spender,Significant,2010,Not Calculated
2011,Russian Federation,Defence,59947.57,2.9301,20452.244,Major Spender,Moderate,2010,Not Calculated
2011,Russian Federation,Public order and safety,47263.082,2.31011,20450.38,Moderate Spender,Moderate,2010,Not Calculated
2011,Serbia,Total function,20743.385,37.31398,555.89966,Moderate Spender,Critical,2010,Not Calculated
2011,Singapore,Total function,40375.156,14.45291,2793.3726,Moderate Spender,Critical,2010,Not Calculated
2011,Slovakia,Total function,41322.504,41.40866,997.89526,Moderate Spender,Critical,2010,Not Calculated
2011,Slovenia,Total function,26233.72,50.92308,515.15356,Moderate Spender,Critical,2010,Not Calculated
2011,South Africa,Total function,171177.16,37.35865,4581.8726,Mega Spender,Critical,2010,Not Calculated
2011,South Africa,Education,31593.695,6.89518,4581.3325,Moderate Spender,Significant,2010,Not Calculated
2011,South Africa,Social protection,20190.93,4.40658,4580.956,Moderate Spender,Moderate,2010,Not Calculated
2011,South Africa,General public services,37437.137,8.17049,4581.433,Moderate Spender,Significant,2010,Not Calculated
2011,Spain,Total function,683416.6,46.21512,14787.409,Mega Spender,Critical,2010,Not Calculated
2011,Spain,Transport,34956.17,2.36386,14781.498,Moderate Spender,Moderate,2010,Not Calculated
2011,Spain,Health,96470.85,6.52371,14785.463,Major Spender,Significant,2010,Not Calculated
2011,Spain,Education,65586.15,4.43517,14784.408,Major Spender,Moderate,2010,Not Calculated
2011,Spain,Social protection,251540.23,17.01007,14786.855,Mega Spender,Critical,2010,Not Calculated
2011,Spain,General public services,92627.664,6.26382,14785.367,Major Spender,Significant,2010,Not Calculated
2011,Spain,Public order and safety,32037.242,2.16647,14780.939,Moderate Spender,Moderate,2010,Not Calculated
2011,Spain,"Recreation, culture and religion",22328.354,1.50992,14777.984,Moderate Spender,Minimal,2010,Not Calculated
2011,Spain,"General economic, commercial and labour affairs",26362.24,1.78271,14779.443,Moderate Spender,Minimal,2010,Not Calculated
2011,Sweden,Total function,285841.3,49.78998,5740.825,Mega Spender,Critical,2010,Not Calculated
2011,Sweden,Health,38552.758,6.71541,5740.084,Moderate Spender,Significant,2010,Not Calculated
2011,Sweden,Education,36339.48,6.32988,5740.036,Moderate Spender,Significant,2010,Not Calculated
2011,Sweden,Social protection,112649.28,19.62209,5740.65,Mega Spender,Critical,2010,Not Calculated
2011,Sweden,General public services,44169.566,7.69379,5740.1914,Moderate Spender,Significant,2010,Not Calculated
2011,"Switzerland, Liechtenstein",Total function,231691.88,31.80893,7283.634,Mega Spender,Critical,2010,Not Calculated
2011,"Switzerland, Liechtenstein",Transport,19806.969,2.71929,7281.1978,Moderate Spender,Moderate,2010,Not Calculated
2011,"Switzerland, Liechtenstein",Education,37259.555,5.11536,7282.4346,Moderate Spender,Significant,2010,Not Calculated
2011,"Switzerland, Liechtenstein",Social protection,89942.71,12.34822,7283.2705,Major Spender,Critical,2010,Not Calculated
2011,"Switzerland, Liechtenstein",General public services,31933.455,4.38414,7282.1973,Moderate Spender,Moderate,2010,Not Calculated
2011,Thailand,Total function,83318.32,22.46874,3708.0234,Major Spender,Critical,2010,Not Calculated
2011,Türkiye,Total function,276149.6,32.92255,8387.601,Mega Spender,Critical,2010,Not Calculated
2011,Türkiye,Health,46861.38,5.58681,8386.358,Moderate Spender,Significant,2010,Not Calculated
2011,Türkiye,Education,31405.14,3.74412,8385.617,Moderate Spender,Moderate,2010,Not Calculated
2011,Türkiye,Social protection,75411.0,8.9905,8386.92,Major Spender,Significant,2010,Not Calculated
2011,Türkiye,General public services,45021.426,5.36745,8386.299,Moderate Spender,Significant,2010,Not Calculated
2011,Ukraine,Total function,73969.05,45.33516,1631.5685,Major Spender,Critical,2010,Not Calculated
2011,Ukraine,Social protection,22217.584,13.61702,1631.4841,Moderate Spender,Critical,2010,Not Calculated
2011,United Kingdom,Total function,1.2169e+06,45.63826,26663.447,Mega Spender,Critical,2010,Not Calculated
2011,United Kingdom,Transport,44677.414,1.67557,26648.104,Moderate Spender,Minimal,2010,Not Calculated
2011,United Kingdom,Environment protection,23368.123,0.87639,26633.68,Moderate Spender,Minimal,2010,Not Calculated
2011,United Kingdom,Housing and community amenities,25848.332,0.96941,26636.506,Moderate Spender,Minimal,2010,Not Calculated
2011,United Kingdom,Health,196263.39,7.36061,26660.39,Mega Spender,Significant,2010,Not Calculated
2011,United Kingdom,Education,154899.33,5.8093,26659.438,Mega Spender,Significant,2010,Not Calculated
2011,United Kingdom,Social protection,439852.66,16.49611,26662.406,Mega Spender,Critical,2010,Not Calculated
2011,United Kingdom,General public services,151118.14,5.66749,26659.33,Mega Spender,Significant,2010,Not Calculated
2011,United Kingdom,Defence,65552.516,2.45846,26653.215,Major Spender,Moderate,2010,Not Calculated
2011,United Kingdom,Public order and safety,59776.574,2.24184,26652.182,Major Spender,Moderate,2010,Not Calculated
2011,United Kingdom,"Recreation, culture and religion",24084.309,0.90325,26634.57,Moderate Spender,Minimal,2010,Not Calculated
2011,United States of America,Total function,6.5363345e+06,41.63248,156997.08,Mega Spender,Critical,2010,Not Calculated
2011,United States of America,Housing and community amenities,131427.88,0.83712,156812.72,Mega Spender,Minimal,2010,Not Calculated
2011,United States of America,Health,1.3708762e+06,8.73165,156982.83,Mega Spender,Significant,2010,Not Calculated
2011,United States of America,Education,1.01362075e+06,6.45615,156976.48,Mega Spender,Significant,2010,Not Calculated
2011,United States of America,Social protection,1.3396835e+06,8.53297,156982.44,Mega Spender,Significant,2010,Not Calculated
2011,United States of America,General public services,997415.1,6.35293,156976.1,Mega Spender,Significant,2010,Not Calculated
2011,United States of America,Defence,704181.56,4.48521,156965.81,Mega Spender,Moderate,2010,Not Calculated
2011,United States of America,Public order and safety,340615.84,2.16952,156928.23,Mega Spender,Moderate,2010,Not Calculated
2011,United States of America,"Recreation, culture and religion",45671.28,0.2909,156462.1,Moderate Spender,Minimal,2010,Not Calculated
2012,Australia,Total function,607321.75,38.1746,15908.638,Mega Spender,Critical,2010,Not Calculated
2012,Australia,Transport,45968.06,2.88943,15903.536,Moderate Spender,Moderate,2010,Not Calculated
2012,Australia,Health,113194.125,7.11508,15906.81,Mega Spender,Significant,2010,Not Calculated
2012,Australia,Education,94056.64,5.91215,15906.352,Major Spender,Significant,2010,Not Calculated
2012,Australia,Social protection,157874.14,9.92354,15907.451,Mega Spender,Significant,2010,Not Calculated
2012,Australia,General public services,69708.98,4.38172,15905.414,Major Spender,Moderate,2010,Not Calculated
2012,Australia,Defence,29706.947,1.8673,15900.522,Moderate Spender,Minimal,2010,Not Calculated
2012,Australia,Public order and safety,28751.264,1.80723,15900.225,Moderate Spender,Minimal,2010,Not Calculated
2012,Austria,Total function,209667.08,51.2101,4094.1726,Mega Spender,Critical,2010,Not Calculated
2012,Austria,Health,31462.098,7.68445,4093.7222,Moderate Spender,Significant,2010,Not Calculated
2012,Austria,Education,20468.533,4.99933,4093.4365,Moderate Spender,Moderate,2010,Not Calculated
2012,Austria,Social protection,85610.05,20.90981,4094.0571,Major Spender,Critical,2010,Not Calculated
2012,Austria,General public services,29727.363,7.26076,4093.6858,Moderate Spender,Significant,2010,Not Calculated
2012,Azerbaijan,Total function,24905.768,35.74311,696.7796,Moderate Spender,Critical,2010,Not Calculated
2012,Belarus,Total function,26220.062,39.91733,656.84265,Moderate Spender,Critical,2010,Not Calculated
2012,Belgium,Total function,280215.25,56.47437,4961.725,Mega Spender,Critical,2010,Not Calculated
2012,Belgium,Health,39375.305,7.93567,4961.187,Moderate Spender,Significant,2010,Not Calculated
2012,Belgium,Education,31038.182,6.25541,4961.021,Moderate Spender,Significant,2010,Not Calculated
2012,Belgium,Social protection,97138.24,19.57717,4961.559,Major Spender,Critical,2010,Not Calculated
2012,Belgium,General public services,43477.633,8.76245,4961.2456,Moderate Spender,Significant,2010,Not Calculated
2012,Belgium,"General economic, commercial and labour affairs",20702.57,4.17238,4960.6245,Moderate Spender,Moderate,2010,Not Calculated
2012,Brazil,Total function,996627.1,40.42738,24651.672,Mega Spender,Critical,2010,Not Calculated
2012,Brazil,Transport,29157.297,1.18274,24631.504,Moderate Spender,Minimal,2010,Not Calculated
2012,Brazil,Housing and community amenities,27180.346,1.10255,24629.916,Moderate Spender,Minimal,2010,Not Calculated
2012,Brazil,Health,113096.45,4.58767,24646.893,Mega Spender,Moderate,2010,Not Calculated
2012,Brazil,Education,119365.81,4.84198,24647.184,Mega Spender,Moderate,2010,Not Calculated
2012,Brazil,Social protection,320928.84,13.01822,24650.389,Mega Spender,Critical,2010,Not Calculated
2012,Brazil,General public services,264746.88,10.73924,24649.996,Mega Spender,Critical,2010,Not Calculated
2012,Brazil,Defence,20227.814,0.82053,24622.125,Moderate Spender,Minimal,2010,Not Calculated
2012,Brazil,Public order and safety,57131.285,2.31748,24641.7,Major Spender,Moderate,2010,Not Calculated
2012,Canada,Total function,667273.9,36.48927,18286.352,Mega Spender,Critical,2010,Not Calculated
2012,Canada,Transport,21209.473,1.15982,18271.111,Moderate Spender,Minimal,2010,Not Calculated
2012,Canada,Health,149233.8,8.16072,18284.602,Mega Spender,Significant,2010,Not Calculated
2012,Canada,Education,85797.5,4.69176,18282.951,Major Spender,Moderate,2010,Not Calculated
2012,Canada,Social protection,189877.62,10.38329,18285.084,Mega Spender,Critical,2010,Not Calculated
2012,Canada,General public services,104276.24,5.70225,18283.652,Mega Spender,Significant,2010,Not Calculated
2012,Canada,Public order and safety,31479.998,1.72146,18276.186,Moderate Spender,Minimal,2010,Not Calculated
2012,China,Total function,2.4167928e+06,28.3256,85318.84,Mega Spender,Critical,2010,Not Calculated
2012,China,"Agriculture, forestry, fishing and hunting",216308.3,2.5352,85288.34,Mega Spender,Moderate,2010,Not Calculated
2012,China,"Mining, manufacturing and construction",23662.408,0.27733,85015.66,Moderate Spender,Minimal,2010,Not Calculated
2012,China,Transport,167545.03,1.96368,85278.53,Mega Spender,Minimal,2010,Not Calculated
2012,China,Environment protection,47001.324,0.55087,85167.38,Moderate Spender,Minimal,2010,Not Calculated
2012,China,Housing and community amenities,163031.64,1.91078,85277.41,Mega Spender,Minimal,2010,Not Calculated
2012,China,Health,74837.31,0.87712,85224.47,Major Spender,Minimal,2010,Not Calculated
2012,China,Education,348191.4,4.08092,85300.88,Mega Spender,Moderate,2010,Not Calculated
2012,China,Social protection,606892.9,7.11298,85309.9,Mega Spender,Significant,2010,Not Calculated
2012,China,General public services,235722.67,2.76275,85290.88,Mega Spender,Moderate,2010,Not Calculated
2012,China,Defence,106298.58,1.24585,85253.7,Mega Spender,Minimal,2010,Not Calculated
2012,China,Public order and safety,112661.99,1.32044,85256.98,Mega Spender,Minimal,2010,Not Calculated
2012,China,"Recreation, culture and religion",37949.836,0.44478,85131.31,Moderate Spender,Minimal,2010,Not Calculated
2012,"China, Hong Kong SAR",Total function,52579.434,20.02043,2626.158,Major Spender,Critical,2010,Not Calculated
2012,Colombia,Total function,112611.42,30.35992,3709.0913,Mega Spender,Critical,2010,Not Calculated
2012,Colombia,Social protection,31275.045,8.43172,3708.773,Moderate Spender,Significant,2010,Not Calculated
2012,Czechia,Total function,93307.37,44.67509,2088.5303,Major Spender,Critical,2010,Not Calculated
2012,Czechia,Social protection,28605.133,13.69599,2088.4248,Moderate Spender,Critical,2010,Not Calculated
2012,Denmark,Total function,189598.9,57.95492,3271.4329,Mega Spender,Critical,2010,Not Calculated
2012,Denmark,Health,28310.865,8.65382,3271.1094,Moderate Spender,Significant,2010,Not Calculated
2012,Denmark,Education,22809.072,6.97208,3271.0183,Moderate Spender,Significant,2010,Not Calculated
2012,Denmark,Social protection,80414.67,24.58045,3271.356,Major Spender,Critical,2010,Not Calculated
2012,Denmark,General public services,29994.084,9.16833,3271.1313,Moderate Spender,Significant,2010,Not Calculated
2012,Egypt,Total function,85273.62,30.83632,2765.2732,Major Spender,Critical,2010,Not Calculated
2012,Egypt,Social protection,29134.133,10.53537,2765.1016,Moderate Spender,Critical,2010,Not Calculated
2012,Egypt,General public services,24803.758,8.96944,2765.0544,Moderate Spender,Significant,2010,Not Calculated
2012,Finland,Total function,143197.4,55.43737,2583.0017,Mega Spender,Critical,2010,Not Calculated
2012,Finland,Health,19919.363,7.71157,2582.714,Moderate Spender,Significant,2010,Not Calculated
2012,Finland,Social protection,60918.254,23.58386,2582.939,Major Spender,Critical,2010,Not Calculated
2012,Finland,General public services,21069.248,8.15674,2582.7307,Moderate Spender,Significant,2010,Not Calculated
2012,France,Total function,1.5325718e+06,56.98207,26895.21,Mega Spender,Critical,2010,Not Calculated
2012,France,Transport,51594.543,1.91832,26881.678,Major Spender,Minimal,2010,Not Calculated
2012,France,Environment protection,26992.125,1.00359,26868.797,Moderate Spender,Minimal,2010,Not Calculated
2012,France,Housing and community amenities,35519.27,1.32063,26875.35,Moderate Spender,Minimal,2010,Not Calculated
2012,France,Health,214812.81,7.98689,26892.31,Mega Spender,Significant,2010,Not Calculated
2012,France,Education,147289.45,5.47632,26890.79,Mega Spender,Significant,2010,Not Calculated
2012,France,Social protection,648516.4,24.11228,26894.574,Mega Spender,Critical,2010,Not Calculated
2012,France,General public services,186981.72,6.95211,26891.812,Mega Spender,Significant,2010,Not Calculated
2012,France,Defence,48211.695,1.79254,26880.748,Moderate Spender,Minimal,2010,Not Calculated
2012,France,Public order and safety,43617.29,1.62172,26879.123,Moderate Spender,Minimal,2010,Not Calculated
2012,France,"Recreation, culture and religion",42015.16,1.56215,26878.52,Moderate Spender,Minimal,2010,Not Calculated
2012,France,"General economic, commercial and labour affairs",28183.123,1.04787,26869.984,Moderate Spender,Minimal,2010,Not Calculated
2012,France,RandD Economic affairs,22630.268,0.84141,26863.723,Moderate Spender,Minimal,2010,Not Calculated
2012,Germany,Total function,1.5843218e+06,44.91542,35272.664,Mega Spender,Critical,2010,Not Calculated
2012,Germany,Transport,55506.727,1.57361,35251.094,Major Spender,Minimal,2010,Not Calculated
2012,Germany,Environment protection,20223.857,0.57335,35211.73,Moderate Spender,Minimal,2010,Not Calculated
2012,Germany,Health,241781.81,6.8545,35268.297,Mega Spender,Significant,2010,Not Calculated
2012,Germany,Education,150451.33,4.26529,35265.145,Mega Spender,Moderate,2010,Not Calculated
2012,Germany,Social protection,666699.94,18.9009,35271.586,Mega Spender,Critical,2010,Not Calculated
2012,Germany,General public services,237497.05,6.73303,35268.19,Mega Spender,Significant,2010,Not Calculated
2012,Germany,Defence,38875.137,1.10211,35241.395,Moderate Spender,Minimal,2010,Not Calculated
2012,Germany,Public order and safety,54391.527,1.542,35250.5,Major Spender,Minimal,2010,Not Calculated
2012,Germany,"Recreation, culture and religion",37807.477,1.07184,35240.55,Moderate Spender,Minimal,2010,Not Calculated
2012,Germany,"General economic, commercial and labour affairs",25911.617,0.73459,35225.625,Moderate Spender,Minimal,2010,Not Calculated
2012,Greece,Total function,137271.97,56.71384,2420.389,Mega Spender,Critical,2010,Not Calculated
2012,Greece,Social protection,51608.676,21.3221,2420.3179,Major Spender,Critical,2010,Not Calculated
2012,Greece,General public services,26965.145,11.14064,2420.2131,Moderate Spender,Critical,2010,Not Calculated
2012,Hungary,Total function,63268.21,49.11584,1288.1165,Major Spender,Critical,2010,Not Calculated
2012,Hungary,Social protection,21354.977,16.57811,1288.0654,Moderate Spender,Critical,2010,Not Calculated
2012,India,Total function,443032.47,23.80772,18607.992,Mega Spender,Critical,2010,Not Calculated
2012,India,Housing and community amenities,25745.719,1.38353,18595.275,Moderate Spender,Minimal,2010,Not Calculated
2012,India,Education,80612.7,4.33197,18604.49,Major Spender,Moderate,2010,Not Calculated
2012,India,Social protection,29673.506,1.5946,18597.084,Moderate Spender,Minimal,2010,Not Calculated
2012,India,General public services,63761.723,3.42643,18603.363,Major Spender,Moderate,2010,Not Calculated
2012,India,Defence,48107.47,2.5852,18601.604,Moderate Spender,Moderate,2010,Not Calculated
2012,India,Public order and safety,25049.201,1.3461,18594.908,Moderate Spender,Minimal,2010,Not Calculated
2012,Indonesia,Total function,169389.88,18.45467,9178.203,Mega Spender,Critical,2010,Not Calculated
2012,Indonesia,Education,28692.729,3.12601,9175.771,Moderate Spender,Moderate,2010,Not Calculated
2012,Indonesia,General public services,89399.82,9.73992,9177.76,Major Spender,Significant,2010,Not Calculated
2012,Ireland,Total function,95929.914,42.51428,2256.3633,Major Spender,Critical,2010,Not Calculated
2012,Ireland,Social protection,35548.816,15.75455,2256.2727,Moderate Spender,Critical,2010,Not Calculated
2012,Israel,Total function,105738.58,40.91778,2584.1086,Mega Spender,Critical,2010,Not Calculated
2012,Israel,Social protection,28098.666,10.87337,2583.9348,Moderate Spender,Critical,2010,Not Calculated
2012,Italy,Total function,1.0557931e+06,50.58716,20870.361,Mega Spender,Critical,2010,Not Calculated
2012,Italy,Transport,37768.16,1.80962,20859.24,Moderate Spender,Minimal,2010,Not Calculated
2012,Italy,Health,148427.78,7.11175,20867.848,Mega Spender,Significant,2010,Not Calculated
2012,Italy,Education,84652.67,4.05604,20865.625,Major Spender,Moderate,2010,Not Calculated
2012,Italy,Social protection,422691.62,20.2528,20869.744,Mega Spender,Critical,2010,Not Calculated
2012,Italy,General public services,206483.53,9.89343,20868.664,Mega Spender,Significant,2010,Not Calculated
2012,Italy,Defence,26771.143,1.28271,20854.51,Moderate Spender,Minimal,2010,Not Calculated
2012,Italy,Public order and safety,39072.992,1.87214,20859.621,Moderate Spender,Minimal,2010,Not Calculated
2012,Japan,Total function,2.5278612e+06,40.30158,62722.074,Mega Spender,Critical,2010,Not Calculated
2012,Japan,"Agriculture, forestry, fishing and hunting",58987.004,0.94043,62656.816,Major Spender,Minimal,2010,Not Calculated
2012,Japan,Transport,85645.58,1.36544,62677.89,Major Spender,Minimal,2010,Not Calculated
2012,Japan,Fuel and energy,27414.307,0.43707,62579.74,Moderate Spender,Minimal,2010,Not Calculated
2012,Japan,Environment protection,68099.625,1.08571,62665.863,Major Spender,Minimal,2010,Not Calculated
2012,Japan,Housing and community amenities,40061.184,0.63869,62625.938,Moderate Spender,Minimal,2010,Not Calculated
2012,Japan,Health,476939.25,7.60382,62715.39,Mega Spender,Significant,2010,Not Calculated
2012,Japan,Education,225884.16,3.60126,62706.234,Mega Spender,Moderate,2010,Not Calculated
2012,Japan,Social protection,1.0344809e+06,16.49268,62719.836,Mega Spender,Critical,2010,Not Calculated
2012,Japan,General public services,269386.84,4.29482,62709.066,Mega Spender,Moderate,2010,Not Calculated
2012,Japan,Defence,57259.98,0.91289,62655.223,Major Spender,Minimal,2010,Not Calculated
2012,Japan,Public order and safety,78826.47,1.25673,62673.6,Major Spender,Minimal,2010,Not Calculated
2012,Japan,"Recreation, culture and religion",21259.436,0.33894,62538.793,Moderate Spender,Minimal,2010,Not Calculated
2012,Japan,"General economic, commercial and labour affairs",21510.092,0.34293,62542.066,Moderate Spender,Minimal,2010,Not Calculated
2012,Japan,Other industries,27256.393,0.43455,62579.254,Moderate Spender,Minimal,2010,Not Calculated
2012,Kazakhstan,Total function,42151.906,20.26548,2079.883,Moderate Spender,Critical,2010,Not Calculated
2012,"Korea, Republic of",Total function,393670.72,30.79335,12783.862,Mega Spender,Critical,2010,Not Calculated
2012,"Korea, Republic of",Health,48381.86,3.78448,12780.904,Moderate Spender,Moderate,2010,Not Calculated
2012,"Korea, Republic of",Education,58727.91,4.59376,12781.497,Major Spender,Moderate,2010,Not Calculated
2012,"Korea, Republic of",Social protection,77546.58,6.06578,12782.164,Major Spender,Significant,2010,Not Calculated
2012,"Korea, Republic of",General public services,60132.145,4.7036,12781.564,Major Spender,Moderate,2010,Not Calculated
2012,"Korea, Republic of",Defence,30812.562,2.41019,12778.985,Moderate Spender,Moderate,2010,Not Calculated
2012,Luxembourg,Total function,24994.021,41.81014,597.7838,Moderate Spender,Critical,2010,Not Calculated
2012,Malaysia,Total function,81104.48,25.79306,3144.3083,Major Spender,Critical,2010,Not Calculated
2012,Malaysia,General public services,32013.127,10.1809,3144.121,Moderate Spender,Critical,2010,Not Calculated
2012,Netherlands (Kingdom of the),Total function,394485.38,47.02013,8389.534,Mega Spender,Critical,2010,Not Calculated
2012,Netherlands (Kingdom of the),Transport,21223.424,2.5297,8386.385,Moderate Spender,Moderate,2010,Not Calculated
2012,Netherlands (Kingdom of the),Health,68200.44,8.12905,8388.686,Major Spender,Significant,2010,Not Calculated
2012,Netherlands (Kingdom of the),Education,46302.5,5.51896,8388.195,Moderate Spender,Significant,2010,Not Calculated
2012,Netherlands (Kingdom of the),Social protection,142495.9,16.9846,8389.219,Mega Spender,Critical,2010,Not Calculated
2012,Netherlands (Kingdom of the),General public services,43637.848,5.20135,8388.103,Moderate Spender,Significant,2010,Not Calculated
2012,New Zealand,Total function,68688.98,38.98205,1762.0216,Major Spender,Critical,2010,Not Calculated
2012,New Zealand,Social protection,21012.373,11.92485,1761.9181,Moderate Spender,Critical,2010,Not Calculated
2012,Norway,Total function,220671.77,43.3109,5094.9453,Mega Spender,Critical,2010,Not Calculated
2012,Norway,Health,36346.54,7.13368,5094.3477,Moderate Spender,Significant,2010,Not Calculated
2012,Norway,Education,24892.822,4.88568,5094.015,Moderate Spender,Moderate,2010,Not Calculated
2012,Norway,Social protection,87953.93,17.26258,5094.7676,Major Spender,Critical,2010,Not Calculated
2012,Norway,General public services,22149.72,4.34729,5093.892,Moderate Spender,Moderate,2010,Not Calculated
2012,Peru,Total function,37695.938,19.56706,1926.4014,Moderate Spender,Critical,2010,Not Calculated
2012,Philippines,Total function,43311.23,16.53602,2619.0469,Moderate Spender,Critical,2010,Not Calculated
2012,Poland,Total function,215086.45,43.43158,4952.1914,Mega Spender,Critical,2010,Not Calculated
2012,Poland,Health,23061.58,4.65674,4951.2383,Moderate Spender,Moderate,2010,Not Calculated
2012,Poland,Education,26852.412,5.4222,4951.396,Moderate Spender,Significant,2010,Not Calculated
2012,Poland,Social protection,78059.19,15.76219,4951.9917,Major Spender,Critical,2010,Not Calculated
2012,Poland,General public services,28715.738,5.79846,4951.45,Moderate Spender,Significant,2010,Not Calculated
2012,Portugal,Total function,105709.55,48.88605,2162.322,Mega Spender,Critical,2010,Not Calculated
2012,Portugal,Social protection,39923.574,18.46291,2162.2493,Moderate Spender,Critical,2010,Not Calculated
2012,Portugal,General public services,20077.123,9.28479,2162.134,Moderate Spender,Significant,2010,Not Calculated
2012,Romania,Total function,64774.09,36.1598,1791.2792,Major Spender,Critical,2010,Not Calculated
2012,Romania,Social protection,21168.271,11.81708,1791.1769,Moderate Spender,Critical,2010,Not Calculated
2012,Russian Federation,Total function,843091.5,38.17839,22082.373,Mega Spender,Critical,2010,Not Calculated
2012,Russian Federation,Housing and community amenities,26122.062,1.18291,22064.23,Moderate Spender,Minimal,2010,Not Calculated
2012,Russian Federation,Health,70639.164,3.19881,22076.049,Major Spender,Moderate,2010,Not Calculated
2012,Russian Federation,Education,80130.14,3.6286,22076.854,Major Spender,Moderate,2010,Not Calculated
2012,Russian Federation,Social protection,249868.42,11.31499,22081.004,Mega Spender,Critical,2010,Not Calculated
2012,Russian Federation,General public services,200990.08,9.10159,22080.535,Mega Spender,Significant,2010,Not Calculated
2012,Russian Federation,Defence,61582.695,2.7887,22075.023,Major Spender,Moderate,2010,Not Calculated
2012,Russian Federation,Public order and safety,58054.793,2.62894,22074.568,Major Spender,Moderate,2010,Not Calculated
2012,Singapore,Total function,38285.758,12.97414,2950.701,Moderate Spender,Critical,2010,Not Calculated
2012,Slovakia,Total function,38898.74,41.10651,946.26843,Moderate Spender,Critical,2010,Not Calculated
2012,Slovenia,Total function,22988.248,49.3517,465.79517,Moderate Spender,Critical,2010,Not Calculated
2012,South Africa,Total function,158798.4,36.55606,4343.8506,Mega Spender,Critical,2010,Not Calculated
2012,South Africa,Education,30493.783,7.0198,4343.3486,Moderate Spender,Significant,2010,Not Calculated
2012,South Africa,General public services,33913.895,7.80712,4343.4136,Moderate Spender,Significant,2010,Not Calculated
2012,Spain,Total function,655360.44,49.46764,13247.998,Mega Spender,Critical,2010,Not Calculated
2012,Spain,Transport,22838.402,1.72388,13240.574,Moderate Spender,Minimal,2010,Not Calculated
2012,Spain,Health,83169.51,6.27777,13246.146,Major Spender,Significant,2010,Not Calculated
2012,Spain,Education,55613.363,4.19778,13245.124,Major Spender,Moderate,2010,Not Calculated
2012,Spain,Social protection,236022.11,17.81532,13247.524,Mega Spender,Critical,2010,Not Calculated
2012,Spain,General public services,88433.29,6.67508,13246.29,Major Spender,Significant,2010,Not Calculated
2012,Spain,Public order and safety,27004.973,2.03838,13241.757,Moderate Spender,Moderate,2010,Not Calculated
2012,Spain,"General economic, commercial and labour affairs",74934.016,5.65614,13245.919,Major Spender,Significant,2010,Not Calculated
2012,Sweden,Total function,281740.16,50.99519,5524.7295,Mega Spender,Critical,2010,Not Calculated
2012,Sweden,Health,37740.43,6.83105,5524.0273,Moderate Spender,Significant,2010,Not Calculated
2012,Sweden,Education,35570.4,6.43827,5523.98,Moderate Spender,Significant,2010,Not Calculated
2012,Sweden,Social protection,112734.5,20.40503,5524.5684,Mega Spender,Critical,2010,Not Calculated
2012,Sweden,General public services,42696.285,7.72806,5524.124,Moderate Spender,Significant,2010,Not Calculated
2012,"Switzerland, Liechtenstein",Total function,224384.55,32.14015,6981.2236,Mega Spender,Critical,2010,Not Calculated
2012,"Switzerland, Liechtenstein",Education,36370.44,5.20959,6980.1006,Moderate Spender,Significant,2010,Not Calculated
2012,"Switzerland, Liechtenstein",Social protection,86682.695,12.41616,6980.8794,Major Spender,Critical,2010,Not Calculated
2012,"Switzerland, Liechtenstein",General public services,31123.273,4.458,6979.8774,Moderate Spender,Moderate,2010,Not Calculated
2012,Thailand,Total function,84285.055,21.20067,3975.397,Major Spender,Critical,2010,Not Calculated
2012,Türkiye,Total function,284477.6,32.30659,8805.286,Mega Spender,Critical,2010,Not Calculated
2012,Türkiye,Health,45521.594,5.16964,8803.86,Moderate Spender,Significant,2010,Not Calculated
2012,Türkiye,Education,34523.836,3.92069,8803.306,Moderate Spender,Moderate,2010,Not Calculated
2012,Türkiye,Social protection,81555.63,9.26184,8804.604,Major Spender,Significant,2010,Not Calculated
2012,Türkiye,General public services,38793.87,4.40561,8803.563,Moderate Spender,Moderate,2010,Not Calculated
2012,Ukraine,Total function,85146.35,48.43896,1757.7709,Major Spender,Critical,2010,Not Calculated
2012,Ukraine,Social protection,39193.95,22.29707,1757.7284,Moderate Spender,Critical,2010,Not Calculated
2012,United Kingdom,Total function,1.2317901e+06,45.51496,27062.816,Mega Spender,Critical,2010,Not Calculated
2012,United Kingdom,Transport,44813.418,1.65587,27047.033,Moderate Spender,Minimal,2010,Not Calculated
2012,United Kingdom,Environment protection,22266.908,0.82277,27030.492,Moderate Spender,Minimal,2010,Not Calculated
2012,United Kingdom,Housing and community amenities,21132.713,0.78086,27028.77,Moderate Spender,Minimal,2010,Not Calculated
2012,United Kingdom,Health,198260.16,7.32576,27059.732,Mega Spender,Significant,2010,Not Calculated
2012,United Kingdom,Education,151195.73,5.58672,27058.574,Mega Spender,Significant,2010,Not Calculated
2012,United Kingdom,Social protection,456869.72,16.88145,27061.814,Mega Spender,Critical,2010,Not Calculated
2012,United Kingdom,General public services,142728.73,5.27386,27058.299,Mega Spender,Significant,2010,Not Calculated
2012,United Kingdom,Defence,64004.727,2.36499,27051.986,Major Spender,Moderate,2010,Not Calculated
2012,United Kingdom,Public order and safety,59332.09,2.19234,27051.025,Major Spender,Moderate,2010,Not Calculated
2012,United Kingdom,"Recreation, culture and religion",23200.488,0.85726,27032.006,Moderate Spender,Minimal,2010,Not Calculated
2012,United Kingdom,"General economic, commercial and labour affairs",29620.234,1.09448,27038.588,Moderate Spender,Minimal,2010,Not Calculated
2012,United States of America,Total function,6.5163735e+06,39.84201,163551.23,Mega Spender,Critical,2010,Not Calculated
2012,United States of America,Housing and community amenities,109787.73,0.67126,163311.4,Mega Spender,Minimal,2010,Not Calculated
2012,United States of America,Health,1.4030001e+06,8.57814,163536.2,Mega Spender,Significant,2010,Not Calculated
2012,United States of America,Education,1.01650356e+06,6.21504,163529.12,Mega Spender,Significant,2010,Not Calculated
2012,United States of America,Social protection,1.3213469e+06,8.0789,163535.03,Mega Spender,Significant,2010,Not Calculated
2012,United States of America,General public services,1.01003394e+06,6.17549,163528.8,Mega Spender,Significant,2010,Not Calculated
2012,United States of America,Defence,681125.5,4.1645,163515.89,Mega Spender,Moderate,2010,Not Calculated
2012,United States of America,Public order and safety,339539.72,2.07599,163476.83,Mega Spender,Moderate,2010,Not Calculated
2012,United States of America,"Recreation, culture and religion",44700.48,0.2733,162962.03,Moderate Spender,Minimal,2010,Not Calculated
2013,Australia,Total function,593808.06,38.47699,15432.409,Mega Spender,Critical,2010,Not Calculated
2013,Australia,Transport,43245.934,2.80221,15427.29,Moderate Spender,Moderate,2010,Not Calculated
2013,Australia,Health,108871.7,7.05456,15430.625,Mega Spender,Significant,2010,Not Calculated
2013,Australia,Education,89037.62,5.76937,15430.14,Major Spender,Significant,2010,Not Calculated
2013,Australia,Social protection,156208.98,10.12188,15431.279,Mega Spender,Critical,2010,Not Calculated
2013,Australia,General public services,70848.57,4.59078,15429.436,Major Spender,Moderate,2010,Not Calculated
2013,Australia,Defence,29397.309,1.90486,15424.694,Moderate Spender,Minimal,2010,Not Calculated
2013,Australia,Public order and safety,27509.957,1.78256,15424.184,Moderate Spender,Minimal,2010,Not Calculated
2013,Austria,Total function,222183.61,51.66235,4300.604,Mega Spender,Critical,2010,Not Calculated
2013,Austria,Health,33461.684,7.78054,4300.136,Moderate Spender,Significant,2010,Not Calculated
2013,Austria,Education,21607.365,5.02417,4299.8276,Moderate Spender,Significant,2010,Not Calculated
2013,Austria,Social protection,91642.3,21.30876,4300.485,Major Spender,Critical,2010,Not Calculated
2013,Austria,General public services,31018.861,7.21254,4300.0884,Moderate Spender,Significant,2010,Not Calculated
2013,Azerbaijan,Total function,26788.271,36.122,741.5849,Moderate Spender,Critical,2010,Not Calculated
2013,Belarus,Total function,31415.13,41.59427,755.2573,Moderate Spender,Critical,2010,Not Calculated
2013,Belgium,Total function,292810.3,56.13235,5216.334,Mega Spender,Critical,2010,Not Calculated
2013,Belgium,Health,41821.242,8.01722,5215.7764,Moderate Spender,Significant,2010,Not Calculated
2013,Belgium,Education,33262.316,6.37646,5215.6055,Moderate Spender,Significant,2010,Not Calculated
2013,Belgium,Social protection,104629.01,20.0576,5216.167,Mega Spender,Critical,2010,Not Calculated
2013,Belgium,General public services,45024.4,8.63127,5215.823,Moderate Spender,Significant,2010,Not Calculated
2013,Brazil,Total function,898891.94,36.35089,24727.516,Mega Spender,Critical,2010,Not Calculated
2013,Brazil,Transport,28790.951,1.1643,24706.9,Moderate Spender,Minimal,2010,Not Calculated
2013,Brazil,Housing and community amenities,27366.17,1.10668,24705.842,Moderate Spender,Minimal,2010,Not Calculated
2013,Brazil,Health,117223.7,4.74049,24722.969,Mega Spender,Moderate,2010,Not Calculated
2013,Brazil,Education,126421.12,5.11243,24723.35,Mega Spender,Significant,2010,Not Calculated
2013,Brazil,Social protection,331477.2,13.40483,24726.346,Mega Spender,Critical,2010,Not Calculated
2013,Brazil,General public services,143781.69,5.81448,24723.959,Mega Spender,Significant,2010,Not Calculated
2013,Brazil,Public order and safety,56388.082,2.28032,24717.307,Major Spender,Moderate,2010,Not Calculated
2013,Bulgaria,Total function,21075.85,37.76263,558.0991,Moderate Spender,Critical,2010,Not Calculated
2013,Canada,Total function,661005.06,35.78404,18471.549,Mega Spender,Critical,2010,Not Calculated
2013,Canada,Transport,21736.906,1.17674,18456.455,Moderate Spender,Minimal,2010,Not Calculated
2013,Canada,Health,149779.05,8.10841,18469.783,Mega Spender,Significant,2010,Not Calculated
2013,Canada,Education,85945.82,4.65275,18468.078,Major Spender,Moderate,2010,Not Calculated
2013,Canada,Social protection,189953.31,10.28327,18470.275,Mega Spender,Critical,2010,Not Calculated
2013,Canada,General public services,101066.13,5.4713,18468.676,Mega Spender,Significant,2010,Not Calculated
2013,Canada,Public order and safety,31678.3,1.71493,18461.3,Moderate Spender,Minimal,2010,Not Calculated
2013,Chile,Total function,65550.44,23.54674,2783.7253,Major Spender,Critical,2010,Not Calculated
2013,Chile,Social protection,19808.686,7.11559,2783.452,Moderate Spender,Significant,2010,Not Calculated
2013,China,Total function,2.7847922e+06,29.09777,95701.375,Mega Spender,Critical,2010,Not Calculated
2013,China,"Agriculture, forestry, fishing and hunting",244475.31,2.55448,95667.08,Mega Spender,Moderate,2010,Not Calculated
2013,China,Transport,200299.94,2.0929,95658.79,Mega Spender,Moderate,2010,Not Calculated
2013,China,Environment protection,55719.895,0.58221,95540.02,Major Spender,Minimal,2010,Not Calculated
2013,China,Housing and community amenities,206885.1,2.1617,95660.56,Mega Spender,Moderate,2010,Not Calculated
2013,China,Health,84853.055,0.88661,95597.234,Major Spender,Minimal,2010,Not Calculated
2013,China,Education,370805.28,3.87447,95680.086,Mega Spender,Moderate,2010,Not Calculated
2013,China,Social protection,722221.5,7.54636,95691.94,Mega Spender,Significant,2010,Not Calculated
2013,China,General public services,263746.56,2.75584,95669.88,Mega Spender,Moderate,2010,Not Calculated
2013,China,Defence,120011.46,1.25398,95628.18,Mega Spender,Minimal,2010,Not Calculated
2013,China,Public order and safety,125679.21,1.3132,95631.72,Mega Spender,Minimal,2010,Not Calculated
2013,China,"Recreation, culture and religion",43526.066,0.4548,95493.78,Moderate Spender,Minimal,2010,Not Calculated
2013,"China, Hong Kong SAR",Total function,57305.055,20.78553,2756.8362,Major Spender,Critical,2010,Not Calculated
2013,Colombia,Total function,120143.81,31.4417,3821.04,Mega Spender,Critical,2010,Not Calculated
2013,Colombia,Health,19953.068,5.22173,3820.4287,Moderate Spender,Significant,2010,Not Calculated
2013,Colombia,Social protection,33370.34,8.73304,3820.722,Moderate Spender,Significant,2010,Not Calculated
2013,Czechia,Total function,90284.28,42.65017,2116.8066,Major Spender,Critical,2010,Not Calculated
2013,Czechia,Social protection,29279.352,13.83153,2116.7026,Moderate Spender,Critical,2010,Not Calculated
2013,Denmark,Total function,191790.11,55.82038,3435.7822,Mega Spender,Critical,2010,Not Calculated
2013,Denmark,Health,29247.844,8.51256,3435.4421,Moderate Spender,Significant,2010,Not Calculated
2013,Denmark,Education,23649.328,6.88312,3435.3452,Moderate Spender,Significant,2010,Not Calculated
2013,Denmark,Social protection,84260.99,24.5241,3435.7046,Major Spender,Critical,2010,Not Calculated
2013,Denmark,General public services,25848.992,7.52333,3435.388,Moderate Spender,Significant,2010,Not Calculated
2013,Egypt,Total function,93027.48,34.35506,2707.7458,Major Spender,Critical,2010,Not Calculated
2013,Egypt,Social protection,26977.908,9.96295,2707.5515,Moderate Spender,Significant,2010,Not Calculated
2013,Egypt,General public services,26977.908,9.96295,2707.5515,Moderate Spender,Significant,2010,Not Calculated
2013,Finland,Total function,154197.16,56.83949,2712.805,Mega Spender,Critical,2010,Not Calculated
2013,Finland,Health,21245.904,7.83157,2712.5073,Moderate Spender,Significant,2010,Not Calculated
2013,Finland,Social protection,66753.87,24.60652,2712.7427,Major Spender,Critical,2010,Not Calculated
2013,Finland,General public services,22449.18,8.27512,2712.5247,Moderate Spender,Significant,2010,Not Calculated
2013,France,Total function,1.609177e+06,57.11098,28175.822,Mega Spender,Critical,2010,Not Calculated
2013,France,Transport,57992.273,2.05819,28162.662,Major Spender,Moderate,2010,Not Calculated
2013,France,Environment protection,28755.084,1.02054,28148.758,Moderate Spender,Minimal,2010,Not Calculated
2013,France,Housing and community amenities,35767.547,1.26942,28154.11,Moderate Spender,Minimal,2010,Not Calculated
2013,France,Health,226632.72,8.04338,28172.8,Mega Spender,Significant,2010,Not Calculated
2013,France,Education,154453.48,5.48168,28171.166,Mega Spender,Significant,2010,Not Calculated
2013,France,Social protection,687675.6,24.40616,28175.16,Mega Spender,Critical,2010,Not Calculated
2013,France,General public services,193120.31,6.85399,28172.225,Mega Spender,Significant,2010,Not Calculated
2013,France,Defence,49834.973,1.76868,28160.443,Moderate Spender,Minimal,2010,Not Calculated
2013,France,Public order and safety,45881.164,1.62836,28159.008,Moderate Spender,Minimal,2010,Not Calculated
2013,France,"Recreation, culture and religion",44922.266,1.59433,28158.604,Moderate Spender,Minimal,2010,Not Calculated
2013,France,"General economic, commercial and labour affairs",28983.52,1.02865,28148.902,Moderate Spender,Minimal,2010,Not Calculated
2013,France,RandD Economic affairs,23673.703,0.8402,28142.775,Moderate Spender,Minimal,2010,Not Calculated
2013,Germany,Total function,1.6781356e+06,44.95716,37326.61,Mega Spender,Critical,2010,Not Calculated
2013,Germany,Transport,59423.984,1.59197,37303.895,Major Spender,Minimal,2010,Not Calculated
2013,Germany,Environment protection,21720.043,0.58188,37263.32,Moderate Spender,Minimal,2010,Not Calculated
2013,Germany,Health,264198.53,7.07786,37322.188,Mega Spender,Significant,2010,Not Calculated
2013,Germany,Education,162625.39,4.35673,37318.832,Mega Spender,Moderate,2010,Not Calculated
2013,Germany,Social protection,709095.5,18.99663,37325.473,Mega Spender,Critical,2010,Not Calculated
2013,Germany,General public services,243741.53,6.52982,37321.734,Mega Spender,Significant,2010,Not Calculated
2013,Germany,Defence,39536.746,1.05919,37292.13,Moderate Spender,Minimal,2010,Not Calculated
2013,Germany,Public order and safety,58785.16,1.57485,37303.777,Major Spender,Minimal,2010,Not Calculated
2013,Germany,"Recreation, culture and religion",38963.0,1.04382,37291.59,Moderate Spender,Minimal,2010,Not Calculated
2013,Germany,"General economic, commercial and labour affairs",23414.72,0.62728,37267.973,Moderate Spender,Minimal,2010,Not Calculated
2013,Greece,Total function,149979.06,62.79484,2388.3599,Mega Spender,Critical,2010,Not Calculated
2013,Greece,Social protection,46952.957,19.65877,2388.2761,Moderate Spender,Critical,2010,Not Calculated
2013,Greece,General public services,23632.531,9.89472,2388.1567,Moderate Spender,Significant,2010,Not Calculated
2013,Greece,"General economic, commercial and labour affairs",27235.717,11.40334,2388.1887,Moderate Spender,Critical,2010,Not Calculated
2013,Hungary,Total function,67926.09,50.06186,1356.8162,Major Spender,Critical,2010,Not Calculated
2013,Hungary,Social protection,22255.57,16.40246,1356.7607,Moderate Spender,Critical,2010,Not Calculated
2013,India,Total function,450556.3,23.50254,19169.72,Mega Spender,Critical,2010,Not Calculated
2013,India,Housing and community amenities,25388.988,1.32438,19156.006,Moderate Spender,Minimal,2010,Not Calculated
2013,India,Education,84102.24,4.38706,19166.156,Major Spender,Moderate,2010,Not Calculated
2013,India,Social protection,31224.186,1.62876,19158.762,Moderate Spender,Minimal,2010,Not Calculated
2013,India,General public services,69413.305,3.62083,19165.258,Major Spender,Moderate,2010,Not Calculated
2013,India,Defence,49309.152,2.57213,19163.104,Moderate Spender,Moderate,2010,Not Calculated
2013,India,Public order and safety,25774.326,1.34448,19156.23,Moderate Spender,Minimal,2010,Not Calculated
2013,Indonesia,Total function,170151.9,18.64629,9124.753,Mega Spender,Critical,2010,Not Calculated
2013,Indonesia,Education,27749.006,3.04091,9122.231,Moderate Spender,Moderate,2010,Not Calculated
2013,Indonesia,General public services,87121.125,9.54727,9124.283,Major Spender,Significant,2010,Not Calculated
2013,Ireland,Total function,96779.984,40.61725,2382.6726,Major Spender,Critical,2010,Not Calculated
2013,Ireland,Social protection,35673.797,14.97181,2382.5718,Moderate Spender,Critical,2010,Not Calculated
2013,Israel,Total function,120306.41,40.89727,2941.6013,Mega Spender,Critical,2010,Not Calculated
2013,Israel,Education,20440.648,6.94865,2941.2488,Moderate Spender,Significant,2010,Not Calculated
2013,Israel,Social protection,31711.285,10.78002,2941.3994,Moderate Spender,Critical,2010,Not Calculated
2013,Italy,Total function,1.0913425e+06,50.96599,21412.732,Mega Spender,Critical,2010,Not Calculated
2013,Italy,Transport,39585.355,1.84865,21401.54,Moderate Spender,Minimal,2010,Not Calculated
2013,Italy,Environment protection,19784.975,0.92396,21390.088,Moderate Spender,Minimal,2010,Not Calculated
2013,Italy,Health,152462.64,7.12005,21410.135,Mega Spender,Significant,2010,Not Calculated
2013,Italy,Education,87538.914,4.08809,21407.922,Major Spender,Moderate,2010,Not Calculated
2013,Italy,Social protection,447838.75,20.91419,21412.129,Mega Spender,Critical,2010,Not Calculated
2013,Italy,General public services,205467.83,9.5954,21410.928,Mega Spender,Significant,2010,Not Calculated
2013,Italy,Defence,26206.426,1.22385,21395.62,Moderate Spender,Minimal,2010,Not Calculated
2013,Italy,Public order and safety,40510.258,1.89184,21401.84,Moderate Spender,Minimal,2010,Not Calculated
2013,Japan,Total function,2.110014e+06,40.48122,52121.992,Mega Spender,Critical,2010,Not Calculated
2013,Japan,"Agriculture, forestry, fishing and hunting",50969.48,0.97786,52070.246,Major Spender,Minimal,2010,Not Calculated
2013,Japan,Transport,78631.57,1.50857,52088.723,Major Spender,Minimal,2010,Not Calculated
2013,Japan,Fuel and energy,21469.193,0.41189,51997.37,Moderate Spender,Minimal,2010,Not Calculated
2013,Japan,Environment protection,57563.01,1.10436,52076.254,Major Spender,Minimal,2010,Not Calculated
2013,Japan,Housing and community amenities,37653.312,0.72239,52051.195,Moderate Spender,Minimal,2010,Not Calculated
2013,Japan,Health,398261.56,7.64076,52116.473,Mega Spender,Significant,2010,Not Calculated
2013,Japan,Education,187710.19,3.60127,52108.863,Mega Spender,Moderate,2010,Not Calculated
2013,Japan,Social protection,853346.4,16.37169,52120.11,Mega Spender,Critical,2010,Not Calculated
2013,Japan,General public services,225577.66,4.32777,52111.258,Mega Spender,Moderate,2010,Not Calculated
2013,Japan,Defence,47230.586,0.90613,52065.95,Moderate Spender,Minimal,2010,Not Calculated
2013,Japan,Public order and safety,65278.52,1.25239,52081.566,Major Spender,Minimal,2010,Not Calculated
2013,Japan,Other industries,26989.93,0.51781,52022.766,Moderate Spender,Minimal,2010,Not Calculated
2013,Kazakhstan,Total function,45169.754,19.0884,2366.222,Moderate Spender,Critical,2010,Not Calculated
2013,"Korea, Republic of",Total function,412976.0,30.12675,13707.495,Mega Spender,Critical,2010,Not Calculated
2013,"Korea, Republic of",Health,52067.227,3.79832,13704.3545,Major Spender,Moderate,2010,Not Calculated
2013,"Korea, Republic of",Education,63657.82,4.64386,13705.004,Major Spender,Moderate,2010,Not Calculated
2013,"Korea, Republic of",Social protection,85032.13,6.20312,13705.752,Major Spender,Significant,2010,Not Calculated
2013,"Korea, Republic of",General public services,61993.137,4.52242,13704.927,Major Spender,Moderate,2010,Not Calculated
2013,"Korea, Republic of",Defence,33654.145,2.45508,13702.382,Moderate Spender,Moderate,2010,Not Calculated
2013,Luxembourg,Total function,26887.39,41.24798,651.83167,Moderate Spender,Critical,2010,Not Calculated
2013,Malaysia,Total function,79895.62,24.71435,3232.6316,Major Spender,Critical,2010,Not Calculated
2013,Malaysia,General public services,30998.36,9.58881,3232.4268,Moderate Spender,Significant,2010,Not Calculated
2013,Netherlands (Kingdom of the),Total function,410877.22,46.8544,8769.047,Mega Spender,Critical,2010,Not Calculated
2013,Netherlands (Kingdom of the),Transport,21749.262,2.48018,8765.693,Moderate Spender,Moderate,2010,Not Calculated
2013,Netherlands (Kingdom of the),Health,70460.65,8.03498,8768.146,Major Spender,Significant,2010,Not Calculated
2013,Netherlands (Kingdom of the),Education,47504.125,5.41713,8767.624,Moderate Spender,Significant,2010,Not Calculated
2013,Netherlands (Kingdom of the),Social protection,150785.22,17.1948,8768.725,Mega Spender,Critical,2010,Not Calculated
2013,Netherlands (Kingdom of the),General public services,44919.61,5.12241,8767.522,Moderate Spender,Significant,2010,Not Calculated
2013,New Zealand,Total function,71271.734,37.33347,1909.0062,Major Spender,Critical,2010,Not Calculated
2013,New Zealand,Social protection,21437.492,11.22936,1908.8873,Moderate Spender,Critical,2010,Not Calculated
2013,Norway,Total function,232147.06,44.40783,5227.498,Mega Spender,Critical,2010,Not Calculated
2013,Norway,Health,38522.383,7.36902,5226.9033,Moderate Spender,Significant,2010,Not Calculated
2013,Norway,Education,25652.936,4.9072,5226.547,Moderate Spender,Moderate,2010,Not Calculated
2013,Norway,Social protection,92229.79,17.6428,5227.3203,Major Spender,Critical,2010,Not Calculated
2013,Norway,General public services,22712.17,4.34465,5226.415,Moderate Spender,Moderate,2010,Not Calculated
2013,Peru,Total function,41612.8,20.68482,2011.6583,Moderate Spender,Critical,2010,Not Calculated
2013,Philippines,Total function,47080.227,16.58322,2838.857,Moderate Spender,Critical,2010,Not Calculated
2013,Poland,Total function,223918.02,43.41499,5157.501,Mega Spender,Critical,2010,Not Calculated
2013,Poland,Health,24301.27,4.71172,5156.5273,Moderate Spender,Moderate,2010,Not Calculated
2013,Poland,Education,27627.203,5.35658,5156.657,Moderate Spender,Significant,2010,Not Calculated
2013,Poland,Social protection,84010.51,16.28862,5157.303,Major Spender,Critical,2010,Not Calculated
2013,Poland,General public services,29990.666,5.81483,5156.7305,Moderate Spender,Significant,2010,Not Calculated
2013,Portugal,Total function,113039.12,49.93566,2263.65,Mega Spender,Critical,2010,Not Calculated
2013,Portugal,Social protection,43986.246,19.43117,2263.5789,Moderate Spender,Critical,2010,Not Calculated
2013,Portugal,General public services,21367.348,9.43915,2263.454,Moderate Spender,Significant,2010,Not Calculated
2013,Romania,Total function,68264.96,35.96882,1897.8401,Major Spender,Critical,2010,Not Calculated
2013,Romania,Social protection,21995.412,11.58939,1897.7284,Moderate Spender,Critical,2010,Not Calculated
2013,Russian Federation,Total function,886926.3,38.68867,22924.111,Mega Spender,Critical,2010,Not Calculated
2013,Russian Federation,Housing and community amenities,28517.006,1.24394,22906.328,Moderate Spender,Minimal,2010,Not Calculated
2013,Russian Federation,Health,71799.78,3.13198,22917.408,Major Spender,Moderate,2010,Not Calculated
2013,Russian Federation,Education,88710.85,3.86966,22918.793,Major Spender,Moderate,2010,Not Calculated
2013,Russian Federation,Social protection,272219.78,11.87452,22922.766,Mega Spender,Critical,2010,Not Calculated
2013,Russian Federation,General public services,200087.05,8.72801,22922.076,Mega Spender,Significant,2010,Not Calculated
2013,Russian Federation,Defence,51961.32,2.26661,22914.576,Major Spender,Moderate,2010,Not Calculated
2013,Russian Federation,Public order and safety,62631.246,2.73204,22916.33,Major Spender,Moderate,2010,Not Calculated
2013,Russian Federation,"Recreation, culture and religion",25809.477,1.12584,22904.295,Moderate Spender,Minimal,2010,Not Calculated
2013,Singapore,Total function,42271.72,13.74349,3075.539,Moderate Spender,Critical,2010,Not Calculated
2013,Slovakia,Total function,42021.99,42.48632,989.0477,Moderate Spender,Critical,2010,Not Calculated
2013,Slovenia,Total function,29178.807,60.28443,484.01093,Moderate Spender,Critical,2010,Not Calculated
2013,South Africa,Total function,168642.22,42.08854,4006.749,Mega Spender,Critical,2010,Not Calculated
2013,South Africa,Education,28248.723,7.05012,4006.2747,Moderate Spender,Significant,2010,Not Calculated
2013,South Africa,General public services,50494.477,12.60206,4006.525,Major Spender,Critical,2010,Not Calculated
2013,Spain,Total function,628817.44,46.40054,13551.65,Mega Spender,Critical,2010,Not Calculated
2013,Spain,Transport,22038.791,1.62625,13543.58,Moderate Spender,Minimal,2010,Not Calculated
2013,Spain,Health,84132.3,6.20814,13549.751,Major Spender,Significant,2010,Not Calculated
2013,Spain,Education,55921.74,4.12647,13548.672,Major Spender,Moderate,2010,Not Calculated
2013,Spain,Social protection,246126.83,18.16174,13551.195,Mega Spender,Critical,2010,Not Calculated
2013,Spain,General public services,99997.99,7.37887,13550.103,Major Spender,Significant,2010,Not Calculated
2013,Spain,Public order and safety,27717.822,2.0453,13545.337,Moderate Spender,Moderate,2010,Not Calculated
2013,Spain,"General economic, commercial and labour affairs",25316.586,1.86811,13544.728,Moderate Spender,Minimal,2010,Not Calculated
2013,Sweden,Total function,303158.53,51.65932,5868.305,Mega Spender,Critical,2010,Not Calculated
2013,Sweden,Health,40502.17,6.90172,5867.567,Moderate Spender,Significant,2010,Not Calculated
2013,Sweden,Education,38008.453,6.47678,5867.512,Moderate Spender,Significant,2010,Not Calculated
2013,Sweden,Social protection,123019.73,20.96301,5868.139,Mega Spender,Critical,2010,Not Calculated
2013,Sweden,General public services,45775.914,7.80038,5867.6685,Moderate Spender,Significant,2010,Not Calculated
2013,"Switzerland, Liechtenstein",Total function,237502.28,33.02588,7191.1816,Mega Spender,Critical,2010,Not Calculated
2013,"Switzerland, Liechtenstein",Education,37876.01,5.26685,7190.032,Moderate Spender,Significant,2010,Not Calculated
2013,"Switzerland, Liechtenstein",Social protection,94595.44,13.15397,7190.8516,Major Spender,Critical,2010,Not Calculated
2013,"Switzerland, Liechtenstein",General public services,32011.518,4.45136,7189.786,Moderate Spender,Moderate,2010,Not Calculated
2013,Thailand,Total function,90680.95,21.57356,4203.1426,Major Spender,Critical,2010,Not Calculated
2013,Thailand,General public services,32540.033,7.74148,4202.792,Moderate Spender,Significant,2010,Not Calculated
2013,Türkiye,Total function,308684.62,32.22854,9577.693,Mega Spender,Critical,2010,Not Calculated
2013,Türkiye,Health,49909.25,5.21083,9576.146,Moderate Spender,Significant,2010,Not Calculated
2013,Türkiye,Education,33715.363,3.52009,9575.263,Moderate Spender,Moderate,2010,Not Calculated
2013,Türkiye,Social protection,89205.71,9.31362,9576.956,Major Spender,Significant,2010,Not Calculated
2013,Türkiye,General public services,52769.027,5.50941,9576.244,Major Spender,Significant,2010,Not Calculated
2013,Ukraine,Total function,87205.43,47.57261,1833.0632,Major Spender,Critical,2010,Not Calculated
2013,Ukraine,Social protection,41841.99,22.82579,1833.0211,Moderate Spender,Critical,2010,Not Calculated
2013,United Kingdom,Total function,1.2189778e+06,43.74874,27862.514,Mega Spender,Critical,2010,Not Calculated
2013,United Kingdom,Transport,44015.53,1.5797,27845.594,Moderate Spender,Minimal,2010,Not Calculated
2013,United Kingdom,Environment protection,21580.195,0.77451,27827.102,Moderate Spender,Minimal,2010,Not Calculated
2013,United Kingdom,Health,204352.12,7.33414,27859.336,Mega Spender,Significant,2010,Not Calculated
2013,United Kingdom,Education,147847.16,5.30619,27857.898,Mega Spender,Significant,2010,Not Calculated
2013,United Kingdom,Social protection,458649.5,16.46079,27861.459,Mega Spender,Critical,2010,Not Calculated
2013,United Kingdom,General public services,151047.3,5.42104,27858.02,Mega Spender,Significant,2010,Not Calculated
2013,United Kingdom,Defence,61568.59,2.20968,27850.521,Major Spender,Moderate,2010,Not Calculated
2013,United Kingdom,Public order and safety,56931.758,2.04326,27849.568,Major Spender,Moderate,2010,Not Calculated
2013,United Kingdom,"Recreation, culture and religion",20532.764,0.73691,27825.568,Moderate Spender,Minimal,2010,Not Calculated
2013,United States of America,Total function,6.547472e+06,38.63808,169452.06,Mega Spender,Critical,2010,Not Calculated
2013,United States of America,Housing and community amenities,91712.02,0.54121,169144.84,Major Spender,Minimal,2010,Not Calculated
2013,United States of America,Health,1.4502022e+06,8.55796,169436.73,Mega Spender,Significant,2010,Not Calculated
2013,United States of America,Education,1.049208e+06,6.19161,169429.05,Mega Spender,Significant,2010,Not Calculated
2013,United States of America,Social protection,1.3513438e+06,7.97458,169435.17,Mega Spender,Significant,2010,Not Calculated
2013,United States of America,General public services,990010.06,5.84227,169427.4,Mega Spender,Significant,2010,Not Calculated
2013,United States of America,Defence,630769.44,3.72231,169410.94,Mega Spender,Moderate,2010,Not Calculated
2013,United States of America,Public order and safety,344344.28,2.03205,169373.27,Mega Spender,Moderate,2010,Not Calculated
2013,United States of America,"Recreation, culture and religion",45248.12,0.26702,168823.69,Moderate Spender,Minimal,2010,Not Calculated
2014,Australia,Total function,571976.75,39.08877,14632.39,Mega Spender,Critical,2010,Not Calculated
2014,Australia,Transport,41110.066,2.80945,14627.575,Moderate Spender,Moderate,2010,Not Calculated
2014,Australia,Health,105002.57,7.17585,14630.732,Mega Spender,Significant,2010,Not Calculated
2014,Australia,Education,84891.04,5.80144,14630.232,Major Spender,Significant,2010,Not Calculated
2014,Australia,Social protection,153434.86,10.48571,14631.362,Mega Spender,Critical,2010,Not Calculated
2014,Australia,General public services,68722.305,4.69647,14629.643,Major Spender,Moderate,2010,Not Calculated
2014,Australia,Defence,29845.047,2.0396,14625.625,Moderate Spender,Moderate,2010,Not Calculated
2014,Australia,Public order and safety,27310.26,1.86638,14624.907,Moderate Spender,Minimal,2010,Not Calculated
2014,Austria,Total function,232051.3,52.50075,4419.8774,Mega Spender,Critical,2010,Not Calculated
2014,Austria,Health,35047.434,7.92935,4419.406,Moderate Spender,Significant,2010,Not Calculated
2014,Austria,Education,21838.107,4.94079,4419.0684,Moderate Spender,Moderate,2010,Not Calculated
2014,Austria,Social protection,94935.94,21.47891,4419.755,Major Spender,Critical,2010,Not Calculated
2014,Austria,General public services,30208.342,6.83453,4419.3125,Moderate Spender,Significant,2010,Not Calculated
2014,Azerbaijan,Total function,26775.248,35.58658,752.3762,Moderate Spender,Critical,2010,Not Calculated
2014,Belarus,Total function,31027.19,39.36808,788.1106,Moderate Spender,Critical,2010,Not Calculated
2014,Belgium,Total function,297676.25,55.67392,5346.685,Mega Spender,Critical,2010,Not Calculated
2014,Belgium,Health,43002.64,8.04272,5346.1133,Moderate Spender,Significant,2010,Not Calculated
2014,Belgium,Education,33782.312,6.31825,5345.937,Moderate Spender,Significant,2010,Not Calculated
2014,Belgium,Social protection,105841.66,19.7954,5346.5103,Mega Spender,Critical,2010,Not Calculated
2014,Belgium,General public services,45064.87,8.42841,5346.148,Moderate Spender,Significant,2010,Not Calculated
2014,Brazil,Total function,886143.4,36.08011,24559.76,Mega Spender,Critical,2010,Not Calculated
2014,Brazil,Transport,26324.389,1.07182,24537.562,Moderate Spender,Minimal,2010,Not Calculated
2014,Brazil,Housing and community amenities,26564.494,1.0816,24537.682,Moderate Spender,Minimal,2010,Not Calculated
2014,Brazil,Health,113148.78,4.60695,24555.125,Mega Spender,Moderate,2010,Not Calculated
2014,Brazil,Education,119866.64,4.88048,24555.39,Mega Spender,Moderate,2010,Not Calculated
2014,Brazil,Social protection,335934.1,13.67785,24558.65,Mega Spender,Critical,2010,Not Calculated
2014,Brazil,General public services,146491.08,5.96451,24556.338,Mega Spender,Significant,2010,Not Calculated
2014,Brazil,Public order and safety,59605.242,2.42688,24550.326,Major Spender,Moderate,2010,Not Calculated
2014,Bulgaria,Total function,24643.63,43.17184,570.8133,Moderate Spender,Critical,2010,Not Calculated
2014,Canada,Total function,630611.25,34.96531,18034.824,Mega Spender,Critical,2010,Not Calculated
2014,Canada,Transport,21486.365,1.19135,18020.182,Moderate Spender,Minimal,2010,Not Calculated
2014,Canada,Health,144225.77,7.99684,18033.09,Mega Spender,Significant,2010,Not Calculated
2014,Canada,Education,81910.15,4.54165,18031.36,Major Spender,Moderate,2010,Not Calculated
2014,Canada,Social protection,183598.58,10.17993,18033.576,Mega Spender,Critical,2010,Not Calculated
2014,Canada,General public services,93972.63,5.21047,18031.885,Major Spender,Significant,2010,Not Calculated
2014,Canada,Public order and safety,30422.346,1.68682,18024.639,Moderate Spender,Minimal,2010,Not Calculated
2014,Chile,Total function,63550.016,24.3915,2605.3096,Major Spender,Critical,2010,Not Calculated
2014,China,Total function,3.075446e+06,29.35812,104752.664,Mega Spender,Critical,2010,Not Calculated
2014,China,"Agriculture, forestry, fishing and hunting",260277.88,2.48461,104713.88,Mega Spender,Moderate,2010,Not Calculated
2014,China,Transport,217161.92,2.07302,104705.805,Mega Spender,Moderate,2010,Not Calculated
2014,China,Environment protection,61568.17,0.58773,104577.945,Major Spender,Minimal,2010,Not Calculated
2014,China,Housing and community amenities,241076.89,2.30131,104710.875,Mega Spender,Moderate,2010,Not Calculated
2014,China,Health,95377.11,0.91047,104640.98,Major Spender,Minimal,2010,Not Calculated
2014,China,Education,392199.22,3.74392,104728.33,Mega Spender,Moderate,2010,Not Calculated
2014,China,Social protection,833175.7,7.95347,104743.08,Mega Spender,Significant,2010,Not Calculated
2014,China,General public services,282773.44,2.69935,104717.33,Mega Spender,Moderate,2010,Not Calculated
2014,China,Defence,135612.42,1.29455,104675.56,Mega Spender,Minimal,2010,Not Calculated
2014,China,Public order and safety,136035.16,1.29859,104675.445,Mega Spender,Minimal,2010,Not Calculated
2014,China,"Recreation, culture and religion",46542.047,0.44429,104520.76,Moderate Spender,Minimal,2010,Not Calculated
2014,China,"General economic, commercial and labour affairs",113015.45,1.07884,104659.44,Mega Spender,Minimal,2010,Not Calculated
2014,China,RandD Economic affairs,70641.11,0.67434,104600.805,Major Spender,Minimal,2010,Not Calculated
2014,China,Economic affairs n.e.c.,149547.95,1.42758,104682.94,Mega Spender,Minimal,2010,Not Calculated
2014,"China, Hong Kong SAR",Total function,56271.254,19.30668,2914.4492,Major Spender,Critical,2010,Not Calculated
2014,Colombia,Total function,120814.414,31.70049,3811.001,Mega Spender,Critical,2010,Not Calculated
2014,Colombia,Health,20354.873,5.34091,3810.4111,Moderate Spender,Significant,2010,Not Calculated
2014,Colombia,Social protection,34183.56,8.96942,3810.6973,Moderate Spender,Significant,2010,Not Calculated
2014,Czechia,Total function,89233.05,42.62206,2093.5393,Major Spender,Critical,2010,Not Calculated
2014,Czechia,Social protection,28051.98,13.399,2093.4314,Moderate Spender,Critical,2010,Not Calculated
2014,Denmark,Total function,194915.02,55.21771,3529.8728,Mega Spender,Critical,2010,Not Calculated
2014,Denmark,Health,30214.879,8.55961,3529.5237,Moderate Spender,Significant,2010,Not Calculated
2014,Denmark,Education,25156.854,7.12672,3529.4392,Moderate Spender,Significant,2010,Not Calculated
2014,Denmark,Social protection,84711.77,23.9981,3529.7896,Major Spender,Critical,2010,Not Calculated
2014,Denmark,General public services,25793.115,7.30696,3529.4548,Moderate Spender,Significant,2010,Not Calculated
2014,Egypt,Total function,106620.9,35.42822,3009.406,Mega Spender,Critical,2010,Not Calculated
2014,Egypt,Social protection,30920.049,10.27418,3009.1975,Moderate Spender,Critical,2010,Not Calculated
2014,Egypt,General public services,30920.049,10.27418,3009.1975,Moderate Spender,Critical,2010,Not Calculated
2014,Finland,Total function,157432.66,57.35309,2744.9248,Mega Spender,Critical,2010,Not Calculated
2014,Finland,Health,21467.244,7.82057,2744.6208,Moderate Spender,Significant,2010,Not Calculated
2014,Finland,Social protection,69326.484,25.2558,2744.8643,Major Spender,Critical,2010,Not Calculated
2014,Finland,General public services,22685.479,8.26437,2744.6416,Moderate Spender,Significant,2010,Not Calculated
2014,France,Total function,1.6340015e+06,57.14839,28591.758,Mega Spender,Critical,2010,Not Calculated
2014,France,Transport,56373.6,1.97164,28577.744,Major Spender,Minimal,2010,Not Calculated
2014,France,Environment protection,29220.375,1.02197,28564.252,Moderate Spender,Minimal,2010,Not Calculated
2014,France,Housing and community amenities,34301.89,1.19969,28568.48,Moderate Spender,Minimal,2010,Not Calculated
2014,France,Health,233875.92,8.17969,28588.773,Mega Spender,Significant,2010,Not Calculated
2014,France,Education,156769.73,5.48294,28587.062,Mega Spender,Significant,2010,Not Calculated
2014,France,Social protection,699838.25,24.4765,28591.084,Mega Spender,Critical,2010,Not Calculated
2014,France,General public services,187846.03,6.56982,28587.914,Mega Spender,Significant,2010,Not Calculated
2014,France,Defence,48079.773,1.68157,28575.197,Moderate Spender,Minimal,2010,Not Calculated
2014,France,Public order and safety,46629.05,1.63083,28574.697,Moderate Spender,Minimal,2010,Not Calculated
2014,France,"Recreation, culture and religion",44017.215,1.53948,28573.701,Moderate Spender,Minimal,2010,Not Calculated
2014,France,"General economic, commercial and labour affairs",43566.855,1.52373,28573.486,Moderate Spender,Minimal,2010,Not Calculated
2014,France,RandD Economic affairs,23277.99,0.81414,28557.045,Moderate Spender,Minimal,2010,Not Calculated
2014,Germany,Total function,1.7229858e+06,44.36203,38838.324,Mega Spender,Critical,2010,Not Calculated
2014,Germany,Transport,60041.594,1.5459,38814.14,Major Spender,Minimal,2010,Not Calculated
2014,Germany,Environment protection,22147.438,0.57023,38771.49,Moderate Spender,Minimal,2010,Not Calculated
2014,Germany,Health,278257.16,7.16434,38833.77,Mega Spender,Significant,2010,Not Calculated
2014,Germany,Education,167652.81,4.31659,38830.188,Mega Spender,Moderate,2010,Not Calculated
2014,Germany,Social protection,730876.06,18.818,38837.137,Mega Spender,Critical,2010,Not Calculated
2014,Germany,General public services,245279.77,6.31526,38833.07,Mega Spender,Significant,2010,Not Calculated
2014,Germany,Defence,37381.355,0.96246,38799.074,Moderate Spender,Minimal,2010,Not Calculated
2014,Germany,Public order and safety,60634.105,1.56116,38814.273,Major Spender,Minimal,2010,Not Calculated
2014,Germany,"Recreation, culture and religion",40725.19,1.04856,38802.152,Moderate Spender,Minimal,2010,Not Calculated
2014,Germany,"General economic, commercial and labour affairs",22565.914,0.58101,38772.383,Moderate Spender,Minimal,2010,Not Calculated
2014,Greece,Total function,119449.49,50.79824,2351.403,Mega Spender,Critical,2010,Not Calculated
2014,Greece,Social protection,47905.74,20.37285,2351.3347,Moderate Spender,Critical,2010,Not Calculated
2014,Greece,General public services,23642.0,10.05422,2351.2166,Moderate Spender,Critical,2010,Not Calculated
2014,Hungary,Total function,70581.55,50.04582,1410.3104,Major Spender,Critical,2010,Not Calculated
2014,Hungary,Social protection,21572.283,15.29582,1410.2462,Moderate Spender,Critical,2010,Not Calculated
2014,India,Total function,483490.5,23.66642,20428.525,Mega Spender,Critical,2010,Not Calculated
2014,India,Housing and community amenities,35255.24,1.72571,20417.578,Moderate Spender,Minimal,2010,Not Calculated
2014,India,Health,22690.006,1.11065,20411.105,Moderate Spender,Minimal,2010,Not Calculated
2014,India,Education,88791.63,4.34627,20424.688,Major Spender,Moderate,2010,Not Calculated
2014,India,Social protection,31916.197,1.56227,20416.305,Moderate Spender,Minimal,2010,Not Calculated
2014,India,General public services,64629.55,3.16356,20422.92,Major Spender,Moderate,2010,Not Calculated
2014,India,Defence,51189.496,2.50568,20421.232,Major Spender,Moderate,2010,Not Calculated
2014,India,Public order and safety,29566.514,1.44725,20415.338,Moderate Spender,Minimal,2010,Not Calculated
2014,Indonesia,Total function,165188.8,18.54356,8907.669,Mega Spender,Critical,2010,Not Calculated
2014,Indonesia,Education,27139.762,3.04662,8905.232,Moderate Spender,Moderate,2010,Not Calculated
2014,Indonesia,General public services,87651.195,9.83944,8907.243,Major Spender,Significant,2010,Not Calculated
2014,Ireland,Total function,97399.03,37.63106,2588.1929,Major Spender,Critical,2010,Not Calculated
2014,Ireland,Social protection,35066.535,13.5483,2588.0698,Moderate Spender,Critical,2010,Not Calculated
2014,Israel,Total function,122444.36,39.37813,3109.3718,Mega Spender,Critical,2010,Not Calculated
2014,Israel,Education,21506.469,6.91648,3109.0034,Moderate Spender,Significant,2010,Not Calculated
2014,Israel,Social protection,32846.76,10.56353,3109.155,Moderate Spender,Critical,2010,Not Calculated
2014,Italy,Total function,1.0995005e+06,50.92322,21590.914,Mega Spender,Critical,2010,Not Calculated
2014,Italy,Transport,38602.51,1.78787,21579.271,Moderate Spender,Minimal,2010,Not Calculated
2014,Italy,Health,154037.02,7.1342,21588.324,Mega Spender,Significant,2010,Not Calculated
2014,Italy,Education,87327.14,4.04454,21586.03,Major Spender,Moderate,2010,Not Calculated
2014,Italy,Social protection,456592.44,21.14702,21590.316,Mega Spender,Critical,2010,Not Calculated
2014,Italy,General public services,204195.89,9.45731,21589.045,Mega Spender,Significant,2010,Not Calculated
2014,Italy,Defence,25695.861,1.1901,21573.219,Moderate Spender,Minimal,2010,Not Calculated
2014,Italy,Public order and safety,40051.64,1.85499,21579.664,Moderate Spender,Minimal,2010,Not Calculated
2014,Japan,Total function,1.9580096e+06,39.98391,48968.715,Mega Spender,Critical,2010,Not Calculated
2014,Japan,"Agriculture, forestry, fishing and hunting",44069.184,0.89992,48915.758,Moderate Spender,Minimal,2010,Not Calculated
2014,Japan,Transport,70754.78,1.44486,48936.12,Major Spender,Minimal,2010,Not Calculated
2014,Japan,Environment protection,56900.395,1.16195,48927.633,Major Spender,Minimal,2010,Not Calculated
2014,Japan,Housing and community amenities,36137.69,0.73796,48903.45,Moderate Spender,Minimal,2010,Not Calculated
2014,Japan,Health,373807.0,7.6334,48963.508,Mega Spender,Significant,2010,Not Calculated
2014,Japan,Education,175784.97,3.58965,48956.31,Mega Spender,Moderate,2010,Not Calculated
2014,Japan,Social protection,792973.44,16.19306,48966.934,Mega Spender,Critical,2010,Not Calculated
2014,Japan,General public services,206231.97,4.2114,48958.305,Mega Spender,Moderate,2010,Not Calculated
2014,Japan,Defence,45568.08,0.93053,48917.457,Moderate Spender,Minimal,2010,Not Calculated
2014,Japan,Public order and safety,63152.71,1.28962,48932.07,Major Spender,Minimal,2010,Not Calculated
2014,Japan,Other industries,23988.912,0.48987,48870.195,Moderate Spender,Minimal,2010,Not Calculated
2014,Kazakhstan,Total function,43729.562,19.74999,2214.0442,Moderate Spender,Critical,2010,Not Calculated
2014,"Korea, Republic of",Total function,451596.9,30.42454,14842.692,Mega Spender,Critical,2010,Not Calculated
2014,"Korea, Republic of",Health,58507.94,3.94174,14839.412,Major Spender,Moderate,2010,Not Calculated
2014,"Korea, Republic of",Education,70198.7,4.72936,14840.034,Major Spender,Moderate,2010,Not Calculated
2014,"Korea, Republic of",Social protection,97230.35,6.55051,14840.907,Major Spender,Significant,2010,Not Calculated
2014,"Korea, Republic of",General public services,66425.1,4.47513,14839.851,Major Spender,Moderate,2010,Not Calculated
2014,"Korea, Republic of",Defence,35998.062,2.42523,14837.036,Moderate Spender,Moderate,2010,Not Calculated
2014,Luxembourg,Total function,27939.01,40.66027,687.116,Moderate Spender,Critical,2010,Not Calculated
2014,Malaysia,Total function,78589.76,23.24685,3380.5176,Major Spender,Critical,2010,Not Calculated
2014,Malaysia,General public services,29282.42,8.66174,3380.272,Moderate Spender,Significant,2010,Not Calculated
2014,Netherlands (Kingdom of the),Total function,411156.38,46.14647,8909.619,Mega Spender,Critical,2010,Not Calculated
2014,Netherlands (Kingdom of the),Transport,21614.707,2.42594,8906.156,Moderate Spender,Moderate,2010,Not Calculated
2014,Netherlands (Kingdom of the),Health,71040.25,7.97326,8908.695,Major Spender,Significant,2010,Not Calculated
2014,Netherlands (Kingdom of the),Education,48503.562,5.44384,8908.171,Moderate Spender,Significant,2010,Not Calculated
2014,Netherlands (Kingdom of the),Social protection,152056.22,17.06615,8909.292,Mega Spender,Critical,2010,Not Calculated
2014,Netherlands (Kingdom of the),General public services,45972.77,5.15979,8908.088,Moderate Spender,Significant,2010,Not Calculated
2014,New Zealand,Total function,73991.67,36.75445,2013.0802,Major Spender,Critical,2010,Not Calculated
2014,New Zealand,Social protection,22432.281,11.14296,2012.9542,Moderate Spender,Critical,2010,Not Calculated
2014,Norway,Total function,230518.86,46.25084,4983.9937,Mega Spender,Critical,2010,Not Calculated
2014,Norway,Health,38537.582,7.7321,4983.4585,Moderate Spender,Significant,2010,Not Calculated
2014,Norway,Education,25537.848,5.12386,4983.131,Moderate Spender,Significant,2010,Not Calculated
2014,Norway,Social protection,90730.92,18.20407,4983.8276,Major Spender,Critical,2010,Not Calculated
2014,Norway,General public services,22329.33,4.48011,4982.9907,Moderate Spender,Moderate,2010,Not Calculated
2014,Peru,Total function,44055.684,21.94158,2007.7714,Moderate Spender,Critical,2010,Not Calculated
2014,Philippines,Total function,45479.336,15.28802,2974.6401,Moderate Spender,Critical,2010,Not Calculated
2014,Philippines,General public services,21040.494,7.07283,2974.4133,Moderate Spender,Significant,2010,Not Calculated
2014,Poland,Total function,231305.8,42.90747,5390.679,Mega Spender,Critical,2010,Not Calculated
2014,Poland,Health,25289.729,4.69127,5389.6577,Moderate Spender,Moderate,2010,Not Calculated
2014,Poland,Education,28659.314,5.31633,5389.7944,Moderate Spender,Significant,2010,Not Calculated
2014,Poland,Social protection,86872.08,16.11486,5390.471,Major Spender,Critical,2010,Not Calculated
2014,Poland,General public services,27515.816,5.10421,5389.7524,Moderate Spender,Significant,2010,Not Calculated
2014,Portugal,Total function,118940.195,51.80409,2295.9172,Mega Spender,Critical,2010,Not Calculated
2014,Portugal,Social protection,43693.035,19.03039,2295.8406,Moderate Spender,Critical,2010,Not Calculated
2014,Portugal,General public services,21146.943,9.21049,2295.7134,Moderate Spender,Significant,2010,Not Calculated
2014,Romania,Total function,70782.445,35.44194,1997.0817,Major Spender,Critical,2010,Not Calculated
2014,Romania,Social protection,22743.332,11.38796,1996.9629,Moderate Spender,Critical,2010,Not Calculated
2014,Russian Federation,Total function,830424.44,40.32671,20591.906,Mega Spender,Critical,2010,Not Calculated
2014,Russian Federation,Housing and community amenities,22663.8,1.10059,20573.717,Moderate Spender,Minimal,2010,Not Calculated
2014,Russian Federation,Health,64740.387,3.14389,20585.9,Major Spender,Moderate,2010,Not Calculated
2014,Russian Federation,Education,76111.945,3.69612,20586.82,Major Spender,Moderate,2010,Not Calculated
2014,Russian Federation,Social protection,226740.14,11.01086,20590.54,Mega Spender,Critical,2010,Not Calculated
2014,Russian Federation,General public services,209331.05,10.16544,20590.398,Mega Spender,Critical,2010,Not Calculated
2014,Russian Federation,Defence,49924.95,2.42443,20583.959,Moderate Spender,Moderate,2010,Not Calculated
2014,Russian Federation,Public order and safety,53408.957,2.59362,20584.5,Major Spender,Moderate,2010,Not Calculated
2014,Russian Federation,Other industries,26091.63,1.26705,20576.184,Moderate Spender,Minimal,2010,Not Calculated
2014,Russian Federation,Economic affairs n.e.c.,42753.17,2.07616,20582.514,Moderate Spender,Moderate,2010,Not Calculated
2014,Singapore,Total function,46126.99,14.64983,3148.4214,Moderate Spender,Critical,2010,Not Calculated
2014,Slovakia,Total function,43878.47,43.31446,1012.99786,Moderate Spender,Critical,2010,Not Calculated
2014,Slovenia,Total function,25419.693,50.90996,499.29706,Moderate Spender,Critical,2010,Not Calculated
2014,South Africa,Total function,164204.97,43.10873,3809.0002,Mega Spender,Critical,2010,Not Calculated
2014,South Africa,Education,26849.65,7.04884,3808.5476,Moderate Spender,Significant,2010,Not Calculated
2014,South Africa,General public services,50750.99,13.32366,3808.8018,Major Spender,Critical,2010,Not Calculated
2014,Spain,Total function,621888.5,45.39346,13699.656,Mega Spender,Critical,2010,Not Calculated
2014,Spain,Transport,22328.113,1.62979,13691.593,Moderate Spender,Minimal,2010,Not Calculated
2014,Spain,Health,84369.1,6.15835,13697.729,Major Spender,Significant,2010,Not Calculated
2014,Spain,Education,56530.363,4.12632,13696.628,Major Spender,Moderate,2010,Not Calculated
2014,Spain,Social protection,246119.39,17.96497,13699.199,Mega Spender,Critical,2010,Not Calculated
2014,Spain,General public services,97895.89,7.14571,13698.036,Major Spender,Significant,2010,Not Calculated
2014,Spain,Public order and safety,27474.725,2.00546,13693.134,Moderate Spender,Moderate,2010,Not Calculated
2014,Sweden,Total function,295070.47,50.70253,5819.5254,Mega Spender,Critical,2010,Not Calculated
2014,Sweden,Health,40226.3,6.91216,5818.801,Moderate Spender,Significant,2010,Not Calculated
2014,Sweden,Education,37862.14,6.50592,5818.75,Moderate Spender,Significant,2010,Not Calculated
2014,Sweden,Social protection,119443.914,20.52428,5819.356,Mega Spender,Critical,2010,Not Calculated
2014,Sweden,General public services,43245.78,7.43101,5818.8545,Moderate Spender,Significant,2010,Not Calculated
2014,"Switzerland, Liechtenstein",Total function,241690.48,32.61442,7410.313,Mega Spender,Critical,2010,Not Calculated
2014,"Switzerland, Liechtenstein",Education,39008.133,5.26387,7409.1353,Moderate Spender,Significant,2010,Not Calculated
2014,"Switzerland, Liechtenstein",Social protection,95593.36,12.89965,7409.9644,Major Spender,Critical,2010,Not Calculated
2014,"Switzerland, Liechtenstein",General public services,33034.49,4.45777,7408.8794,Moderate Spender,Moderate,2010,Not Calculated
2014,Thailand,Total function,89751.695,22.03366,4073.2053,Major Spender,Critical,2010,Not Calculated
2014,Thailand,General public services,32618.086,8.0076,4072.8823,Moderate Spender,Significant,2010,Not Calculated
2014,Türkiye,Total function,296423.3,31.57018,9389.048,Mega Spender,Critical,2010,Not Calculated
2014,Türkiye,Health,47760.555,5.08668,9387.492,Moderate Spender,Significant,2010,Not Calculated
2014,Türkiye,Education,35019.715,3.72973,9386.827,Moderate Spender,Moderate,2010,Not Calculated
2014,Türkiye,Social protection,84313.195,8.97967,9388.297,Major Spender,Significant,2010,Not Calculated
2014,Türkiye,General public services,45397.08,4.83496,9387.397,Moderate Spender,Moderate,2010,Not Calculated
2014,Ukraine,Total function,59780.293,44.77795,1335.0088,Major Spender,Critical,2010,Not Calculated
2014,Ukraine,Social protection,27416.365,20.53601,1334.9735,Moderate Spender,Critical,2010,Not Calculated
2014,United Kingdom,Total function,1.3203718e+06,43.07587,30651.525,Mega Spender,Critical,2010,Not Calculated
2014,United Kingdom,Transport,52636.895,1.71723,30634.371,Major Spender,Minimal,2010,Not Calculated
2014,United Kingdom,Environment protection,24617.855,0.80313,30614.275,Moderate Spender,Minimal,2010,Not Calculated
2014,United Kingdom,Health,228748.11,7.46269,30648.127,Mega Spender,Significant,2010,Not Calculated
2014,United Kingdom,Education,163218.97,5.32486,30646.5,Mega Spender,Significant,2010,Not Calculated
2014,United Kingdom,Social protection,493582.97,16.10268,30650.322,Mega Spender,Critical,2010,Not Calculated
2014,United Kingdom,General public services,156169.78,5.09489,30646.223,Mega Spender,Significant,2010,Not Calculated
2014,United Kingdom,Defence,64607.68,2.10776,30637.76,Major Spender,Moderate,2010,Not Calculated
2014,United Kingdom,Public order and safety,58845.246,1.91977,30636.28,Major Spender,Minimal,2010,Not Calculated
2014,United Kingdom,"Recreation, culture and religion",21567.156,0.70361,30608.645,Moderate Spender,Minimal,2010,Not Calculated
2014,United States of America,Total function,6.7212925e+06,38.07422,176526.7,Mega Spender,Critical,2010,Not Calculated
2014,United States of America,Housing and community amenities,92460.37,0.52376,176195.53,Major Spender,Minimal,2010,Not Calculated
2014,United States of America,Health,1.5599729e+06,8.8368,176511.45,Mega Spender,Significant,2010,Not Calculated
2014,United States of America,Education,1.075717e+06,6.09363,176502.44,Mega Spender,Significant,2010,Not Calculated
2014,United States of America,Social protection,1.3697115e+06,7.75903,176508.53,Mega Spender,Significant,2010,Not Calculated
2014,United States of America,General public services,1.00704725e+06,5.70464,176500.31,Mega Spender,Significant,2010,Not Calculated
2014,United States of America,Defence,610009.06,3.45553,176480.19,Mega Spender,Moderate,2010,Not Calculated
2014,United States of America,Public order and safety,355260.8,2.01245,176443.83,Mega Spender,Moderate,2010,Not Calculated
2014,United States of America,"Recreation, culture and religion",46810.03,0.26517,175865.17,Moderate Spender,Minimal,2010,Not Calculated
2015,Australia,Total function,491934.34,39.50492,12452.168,Mega Spender,Critical,2010,Not Calculated
2015,Australia,Transport,34344.027,2.75801,12447.954,Moderate Spender,Moderate,2010,Not Calculated
2015,Australia,Health,93110.89,7.47729,12450.826,Major Spender,Significant,2010,Not Calculated
2015,Australia,Education,72929.69,5.85664,12450.354,Major Spender,Significant,2010,Not Calculated
2015,Australia,Social protection,131441.12,10.55541,12451.309,Mega Spender,Critical,2010,Not Calculated
2015,Australia,General public services,57358.242,4.60617,12449.777,Major Spender,Moderate,2010,Not Calculated
2015,Australia,Defence,27358.023,2.19699,12446.838,Moderate Spender,Moderate,2010,Not Calculated
2015,Australia,Public order and safety,23816.566,1.9126,12445.947,Moderate Spender,Minimal,2010,Not Calculated
2015,Austria,Total function,195307.52,51.15205,3818.101,Mega Spender,Critical,2010,Not Calculated
2015,Austria,Health,31327.053,8.20472,3817.7092,Moderate Spender,Significant,2010,Not Calculated
2015,Austria,Social protection,80924.52,21.19455,3817.996,Major Spender,Critical,2010,Not Calculated
2015,Austria,General public services,25950.33,6.79653,3817.6118,Moderate Spender,Significant,2010,Not Calculated
2015,Belarus,Total function,22372.186,39.62851,564.5335,Moderate Spender,Critical,2010,Not Calculated
2015,Belgium,Total function,248364.8,53.7412,4621.411,Mega Spender,Critical,2010,Not Calculated
2015,Belgium,Health,36213.836,7.83595,4620.9097,Moderate Spender,Significant,2010,Not Calculated
2015,Belgium,Education,29160.44,6.30974,4620.7637,Moderate Spender,Significant,2010,Not Calculated
2015,Belgium,Social protection,89646.53,19.39773,4621.258,Major Spender,Critical,2010,Not Calculated
2015,Belgium,General public services,37082.363,8.02389,4620.9185,Moderate Spender,Significant,2010,Not Calculated
2015,Brazil,Total function,686961.9,38.11771,18021.646,Mega Spender,Critical,2010,Not Calculated
2015,Brazil,Health,89868.57,4.98657,18018.508,Major Spender,Moderate,2010,Not Calculated
2015,Brazil,Education,94846.01,5.26276,18018.68,Major Spender,Significant,2010,Not Calculated
2015,Brazil,Social protection,258781.12,14.35908,18020.87,Mega Spender,Critical,2010,Not Calculated
2015,Brazil,General public services,116885.16,6.48565,18019.34,Mega Spender,Significant,2010,Not Calculated
2015,Brazil,Public order and safety,49933.06,2.77065,18015.645,Moderate Spender,Moderate,2010,Not Calculated
2015,Bulgaria,Total function,20501.695,40.37195,507.80774,Moderate Spender,Critical,2010,Not Calculated
2015,Canada,Total function,563039.4,36.18206,15560.855,Mega Spender,Critical,2010,Not Calculated
2015,Canada,Health,129048.16,8.2929,15559.405,Mega Spender,Significant,2010,Not Calculated
2015,Canada,Education,71757.11,4.61126,15557.907,Major Spender,Moderate,2010,Not Calculated
2015,Canada,Social protection,167388.42,10.75672,15559.842,Mega Spender,Critical,2010,Not Calculated
2015,Canada,General public services,82766.766,5.31876,15558.365,Major Spender,Significant,2010,Not Calculated
2015,Canada,Public order and safety,26442.262,1.69923,15552.167,Moderate Spender,Minimal,2010,Not Calculated
2015,Chile,Total function,62581.31,25.65659,2439.0955,Major Spender,Critical,2010,Not Calculated
2015,China,Total function,3.4672402e+06,31.34492,110612.17,Mega Spender,Critical,2010,Not Calculated
2015,China,"Agriculture, forestry, fishing and hunting",296952.78,2.68454,110574.7,Mega Spender,Moderate,2010,Not Calculated
2015,China,"Mining, manufacturing and construction",22247.01,0.20112,110068.32,Moderate Spender,Minimal,2010,Not Calculated
2015,China,Transport,242415.53,2.19151,110565.305,Mega Spender,Moderate,2010,Not Calculated
2015,China,Environment protection,79106.37,0.71515,110460.62,Major Spender,Minimal,2010,Not Calculated
2015,China,Housing and community amenities,285906.6,2.58468,110573.08,Mega Spender,Moderate,2010,Not Calculated
2015,China,Health,309114.97,2.79449,110576.31,Mega Spender,Moderate,2010,Not Calculated
2015,China,Education,425078.25,3.84284,110586.875,Mega Spender,Moderate,2010,Not Calculated
2015,China,Social protection,762297.6,6.89141,110599.58,Mega Spender,Significant,2010,Not Calculated
2015,China,General public services,296999.34,2.68497,110574.34,Mega Spender,Moderate,2010,Not Calculated
2015,China,Defence,146476.7,1.32419,110532.6,Mega Spender,Minimal,2010,Not Calculated
2015,China,Public order and safety,150622.03,1.36167,110534.484,Mega Spender,Minimal,2010,Not Calculated
2015,China,"Recreation, culture and religion",50743.086,0.45873,110375.84,Major Spender,Minimal,2010,Not Calculated
2015,China,"General economic, commercial and labour affairs",125407.695,1.13372,110518.62,Mega Spender,Minimal,2010,Not Calculated
2015,China,RandD Economic affairs,75938.64,0.68651,110454.59,Major Spender,Minimal,2010,Not Calculated
2015,China,Economic affairs n.e.c.,169578.8,1.53304,110543.914,Mega Spender,Minimal,2010,Not Calculated
2015,"China, Hong Kong SAR",Total function,62798.723,20.29788,3093.7039,Major Spender,Critical,2010,Not Calculated
2015,Colombia,Total function,93335.2,31.80273,2934.725,Major Spender,Critical,2010,Not Calculated
2015,Colombia,Social protection,27088.703,9.23012,2934.498,Moderate Spender,Significant,2010,Not Calculated
2015,Czechia,Total function,78850.02,41.93413,1880.2856,Major Spender,Critical,2010,Not Calculated
2015,Czechia,Social protection,24249.77,12.89655,1880.1841,Moderate Spender,Critical,2010,Not Calculated
2015,Denmark,Total function,165040.48,54.52764,3026.6753,Mega Spender,Critical,2010,Not Calculated
2015,Denmark,Health,25800.299,8.52415,3026.3748,Moderate Spender,Significant,2010,Not Calculated
2015,Denmark,Education,21218.635,7.01041,3026.3008,Moderate Spender,Significant,2010,Not Calculated
2015,Denmark,Social protection,71081.99,23.48474,3026.6023,Major Spender,Critical,2010,Not Calculated
2015,Denmark,General public services,22295.195,7.3661,3026.319,Moderate Spender,Significant,2010,Not Calculated
2015,Egypt,Total function,104085.695,32.75767,3177.348,Mega Spender,Critical,2010,Not Calculated
2015,Egypt,Social protection,30184.918,9.49974,3177.1123,Moderate Spender,Significant,2010,Not Calculated
2015,Egypt,General public services,30184.918,9.49974,3177.1123,Moderate Spender,Significant,2010,Not Calculated
2015,Finland,Total function,132492.48,56.51443,2344.3594,Mega Spender,Critical,2010,Not Calculated
2015,Finland,Social protection,59262.41,25.27828,2344.3076,Major Spender,Critical,2010,Not Calculated
2015,France,Total function,1.3853999e+06,56.67493,24444.236,Mega Spender,Critical,2010,Not Calculated
2015,France,Transport,46859.168,1.91695,24431.902,Moderate Spender,Minimal,2010,Not Calculated
2015,France,Environment protection,24501.373,1.00232,24420.295,Moderate Spender,Minimal,2010,Not Calculated
2015,France,Housing and community amenities,27350.602,1.11888,24422.795,Moderate Spender,Minimal,2010,Not Calculated
2015,France,Health,197056.14,8.06131,24441.646,Mega Spender,Significant,2010,Not Calculated
2015,France,Education,132848.64,5.43467,24440.16,Mega Spender,Significant,2010,Not Calculated
2015,France,Social protection,593798.0,24.29151,24443.666,Mega Spender,Critical,2010,Not Calculated
2015,France,General public services,153199.33,6.26719,24440.76,Mega Spender,Significant,2010,Not Calculated
2015,France,Defence,42715.137,1.74742,24430.707,Moderate Spender,Minimal,2010,Not Calculated
2015,France,Public order and safety,39575.215,1.61897,24429.596,Moderate Spender,Minimal,2010,Not Calculated
2015,France,"Recreation, culture and religion",35007.35,1.43211,24427.54,Moderate Spender,Minimal,2010,Not Calculated
2015,France,"General economic, commercial and labour affairs",46211.21,1.89044,24431.762,Moderate Spender,Minimal,2010,Not Calculated
2015,France,RandD Economic affairs,19927.96,0.81523,24414.639,Moderate Spender,Minimal,2010,Not Calculated
2015,Germany,Total function,1.4820751e+06,44.15885,33561.598,Mega Spender,Critical,2010,Not Calculated
2015,Germany,Transport,51731.04,1.54134,33540.617,Major Spender,Minimal,2010,Not Calculated
2015,Germany,Health,241617.52,7.19906,33557.71,Mega Spender,Significant,2010,Not Calculated
2015,Germany,Education,142589.05,4.24848,33554.473,Mega Spender,Moderate,2010,Not Calculated
2015,Germany,Social protection,641100.94,19.10179,33560.594,Mega Spender,Critical,2010,Not Calculated
2015,Germany,General public services,199490.42,5.94387,33556.734,Mega Spender,Significant,2010,Not Calculated
2015,Germany,Defence,32338.973,0.96355,33527.523,Moderate Spender,Minimal,2010,Not Calculated
2015,Germany,Public order and safety,51703.3,1.54051,33540.684,Major Spender,Minimal,2010,Not Calculated
2015,Germany,"Recreation, culture and religion",34703.344,1.034,33529.797,Moderate Spender,Minimal,2010,Not Calculated
2015,Greece,Total function,105776.52,54.07663,1956.0126,Mega Spender,Critical,2010,Not Calculated
2015,Greece,Social protection,39855.92,20.37573,1955.9528,Moderate Spender,Critical,2010,Not Calculated
2015,Hungary,Total function,63062.38,50.37971,1251.7168,Major Spender,Critical,2010,Not Calculated
2015,India,Total function,528547.4,24.62072,21466.713,Mega Spender,Critical,2010,Not Calculated
2015,India,Housing and community amenities,39685.156,1.84861,21455.957,Moderate Spender,Minimal,2010,Not Calculated
2015,India,Health,25471.246,1.1865,21449.47,Moderate Spender,Minimal,2010,Not Calculated
2015,India,Education,94791.67,4.41557,21462.736,Major Spender,Moderate,2010,Not Calculated
2015,India,Social protection,37609.305,1.75191,21455.354,Moderate Spender,Minimal,2010,Not Calculated
2015,India,General public services,72342.0,3.36982,21461.246,Major Spender,Moderate,2010,Not Calculated
2015,India,Defence,50885.91,2.37036,21458.535,Major Spender,Moderate,2010,Not Calculated
2015,India,Public order and safety,30412.484,1.41667,21452.443,Moderate Spender,Minimal,2010,Not Calculated
2015,Indonesia,Total function,153106.05,17.78536,8608.06,Mega Spender,Critical,2010,Not Calculated
2015,Indonesia,Education,25637.793,2.97818,8605.654,Moderate Spender,Moderate,2010,Not Calculated
2015,Indonesia,General public services,73166.914,8.49934,8607.527,Major Spender,Significant,2010,Not Calculated
2015,Ireland,Total function,84785.42,29.07017,2916.478,Major Spender,Critical,2010,Not Calculated
2015,Ireland,Social protection,29654.916,10.16771,2916.2908,Moderate Spender,Critical,2010,Not Calculated
2015,Israel,Total function,115694.48,38.55477,3000.7046,Mega Spender,Critical,2010,Not Calculated
2015,Israel,Education,20586.559,6.8604,3000.3438,Moderate Spender,Significant,2010,Not Calculated
2015,Israel,Social protection,31820.648,10.60412,3000.4985,Moderate Spender,Critical,2010,Not Calculated
2015,Italy,Total function,924143.25,50.33736,18358.629,Mega Spender,Critical,2010,Not Calculated
2015,Italy,Transport,33541.574,1.82698,18348.982,Moderate Spender,Minimal,2010,Not Calculated
2015,Italy,Health,129148.41,7.03461,18356.39,Mega Spender,Significant,2010,Not Calculated
2015,Italy,Education,73426.34,3.99948,18354.383,Major Spender,Moderate,2010,Not Calculated
2015,Italy,Social protection,390832.56,21.28835,18358.127,Mega Spender,Critical,2010,Not Calculated
2015,Italy,General public services,157844.84,8.59769,18356.848,Mega Spender,Significant,2010,Not Calculated
2015,Italy,Defence,21868.498,1.19116,18343.594,Moderate Spender,Minimal,2010,Not Calculated
2015,Italy,Public order and safety,34011.008,1.85255,18349.117,Moderate Spender,Minimal,2010,Not Calculated
2015,Japan,Total function,1.7354536e+06,39.04344,44448.16,Mega Spender,Critical,2010,Not Calculated
2015,Japan,"Agriculture, forestry, fishing and hunting",38604.137,0.8685,44398.09,Moderate Spender,Minimal,2010,Not Calculated
2015,Japan,Transport,59209.035,1.33206,44415.88,Major Spender,Minimal,2010,Not Calculated
2015,Japan,Environment protection,50518.81,1.13655,44410.188,Major Spender,Minimal,2010,Not Calculated
2015,Japan,Housing and community amenities,29509.098,0.66388,44382.594,Moderate Spender,Minimal,2010,Not Calculated
2015,Japan,Health,337986.94,7.60387,44443.49,Mega Spender,Significant,2010,Not Calculated
2015,Japan,Education,152891.48,3.43968,44436.414,Mega Spender,Moderate,2010,Not Calculated
2015,Japan,Social protection,707151.0,15.90916,44446.504,Mega Spender,Critical,2010,Not Calculated
2015,Japan,General public services,181829.7,4.09072,44438.45,Mega Spender,Moderate,2010,Not Calculated
2015,Japan,Defence,39922.664,0.89816,44399.957,Moderate Spender,Minimal,2010,Not Calculated
2015,Japan,Public order and safety,55599.605,1.25085,44413.953,Major Spender,Minimal,2010,Not Calculated
2015,Japan,Other industries,20384.318,0.4586,44352.3,Moderate Spender,Minimal,2010,Not Calculated
2015,Kazakhstan,Total function,36594.49,19.84641,1843.7916,Moderate Spender,Critical,2010,Not Calculated
2015,Kenya,Total function,19782.14,28.21162,701.18054,Moderate Spender,Critical,2010,Not Calculated
2015,"Korea, Republic of",Total function,445649.4,30.40371,14657.25,Mega Spender,Critical,2010,Not Calculated
2015,"Korea, Republic of",Health,58648.617,4.00121,14654.058,Major Spender,Moderate,2010,Not Calculated
2015,"Korea, Republic of",Education,68985.66,4.70643,14654.633,Major Spender,Moderate,2010,Not Calculated
2015,"Korea, Republic of",Social protection,98248.16,6.70282,14655.549,Major Spender,Significant,2010,Not Calculated
2015,"Korea, Republic of",General public services,62496.258,4.26371,14654.281,Major Spender,Moderate,2010,Not Calculated
2015,"Korea, Republic of",Defence,35195.38,2.40115,14651.616,Moderate Spender,Moderate,2010,Not Calculated
2015,Luxembourg,Total function,24255.473,40.39385,600.45953,Moderate Spender,Critical,2010,Not Calculated
2015,Malaysia,Total function,65444.215,21.71667,3013.409,Major Spender,Critical,2010,Not Calculated
2015,Malaysia,General public services,22908.562,7.60186,3013.1506,Moderate Spender,Significant,2010,Not Calculated
2015,Netherlands (Kingdom of the),Total function,343355.4,44.86752,7652.479,Mega Spender,Critical,2010,Not Calculated
2015,Netherlands (Kingdom of the),Health,59100.42,7.72287,7651.6597,Major Spender,Significant,2010,Not Calculated
2015,Netherlands (Kingdom of the),Education,40584.87,5.30338,7651.1997,Moderate Spender,Significant,2010,Not Calculated
2015,Netherlands (Kingdom of the),Social protection,128990.86,16.85571,7652.1973,Mega Spender,Critical,2010,Not Calculated
2015,Netherlands (Kingdom of the),General public services,37517.07,4.90249,7651.095,Moderate Spender,Moderate,2010,Not Calculated
2015,New Zealand,Total function,64315.78,36.11938,1780.5953,Major Spender,Critical,2010,Not Calculated
2015,Norway,Total function,190124.3,49.28033,3857.9375,Mega Spender,Critical,2010,Not Calculated
2015,Norway,Health,31773.896,8.23581,3857.5486,Moderate Spender,Significant,2010,Not Calculated
2015,Norway,Education,21093.686,5.4675,3857.3074,Moderate Spender,Significant,2010,Not Calculated
2015,Norway,Social protection,75350.13,19.5308,3857.8184,Major Spender,Critical,2010,Not Calculated
2015,Peru,Total function,41126.555,21.66803,1897.9418,Moderate Spender,Critical,2010,Not Calculated
2015,Philippines,Total function,53076.594,17.32005,3064.283,Major Spender,Critical,2010,Not Calculated
2015,Philippines,General public services,22257.209,7.26301,3064.0388,Moderate Spender,Significant,2010,Not Calculated
2015,Poland,Total function,199130.47,41.73669,4770.999,Mega Spender,Critical,2010,Not Calculated
2015,Poland,Health,22305.574,4.67513,4770.0933,Moderate Spender,Moderate,2010,Not Calculated
2015,Poland,Education,25200.89,5.28197,4770.213,Moderate Spender,Significant,2010,Not Calculated
2015,Poland,Social protection,75045.92,15.72923,4770.8086,Major Spender,Critical,2010,Not Calculated
2015,Poland,General public services,23407.346,4.90606,4770.136,Moderate Spender,Moderate,2010,Not Calculated
2015,Portugal,Total function,96202.97,48.26706,1993.0979,Major Spender,Critical,2010,Not Calculated
2015,Portugal,Social protection,36883.19,18.50508,1993.0311,Moderate Spender,Critical,2010,Not Calculated
2015,Romania,Total function,64052.508,36.00804,1778.7897,Major Spender,Critical,2010,Not Calculated
2015,Romania,Social protection,20365.475,11.44875,1778.6829,Moderate Spender,Critical,2010,Not Calculated
2015,Russian Federation,Total function,539517.0,39.56906,13634.475,Mega Spender,Critical,2010,Not Calculated
2015,Russian Federation,Health,37177.016,2.72662,13629.838,Moderate Spender,Moderate,2010,Not Calculated
2015,Russian Federation,Social protection,169159.78,12.40645,13633.726,Mega Spender,Critical,2010,Not Calculated
2015,Russian Federation,General public services,208275.17,15.27524,13633.929,Mega Spender,Critical,2010,Not Calculated
2015,Russian Federation,Defence,28857.201,2.11643,13628.409,Moderate Spender,Moderate,2010,Not Calculated
2015,Russian Federation,Public order and safety,31858.629,2.33656,13629.011,Moderate Spender,Moderate,2010,Not Calculated
2015,Singapore,Total function,53804.664,17.46913,3079.809,Major Spender,Critical,2010,Not Calculated
2015,Slovakia,Total function,40506.363,45.58184,888.63184,Moderate Spender,Critical,2010,Not Calculated
2015,Slovenia,Total function,20997.863,48.73005,430.8929,Moderate Spender,Critical,2010,Not Calculated
2015,South Africa,Total function,141532.23,40.84788,3464.7764,Mega Spender,Critical,2010,Not Calculated
2015,South Africa,Education,26728.572,7.71418,3464.4133,Moderate Spender,Significant,2010,Not Calculated
2015,South Africa,General public services,31898.049,9.20615,3464.4866,Moderate Spender,Significant,2010,Not Calculated
2015,Spain,Total function,526886.56,44.066,11956.487,Mega Spender,Critical,2010,Not Calculated
2015,Spain,Transport,20624.734,1.72494,11949.856,Moderate Spender,Minimal,2010,Not Calculated
2015,Spain,Health,73770.41,6.16977,11954.814,Major Spender,Significant,2010,Not Calculated
2015,Spain,Education,49251.277,4.11912,11953.846,Moderate Spender,Moderate,2010,Not Calculated
2015,Spain,Social protection,205353.08,17.17464,11956.065,Mega Spender,Critical,2010,Not Calculated
2015,Spain,General public services,77908.88,6.51589,11954.918,Major Spender,Significant,2010,Not Calculated
2015,Spain,Public order and safety,24144.11,2.01929,11950.814,Moderate Spender,Moderate,2010,Not Calculated
2015,Sweden,Total function,249214.42,49.33925,5050.9355,Mega Spender,Critical,2010,Not Calculated
2015,Sweden,Health,34494.426,6.82918,5050.2954,Moderate Spender,Significant,2010,Not Calculated
2015,Sweden,Education,32433.926,6.42124,5050.2515,Moderate Spender,Significant,2010,Not Calculated
2015,Sweden,Social protection,101646.375,20.12386,5050.787,Mega Spender,Critical,2010,Not Calculated
2015,Sweden,General public services,35450.105,7.01838,5050.3184,Moderate Spender,Significant,2010,Not Calculated
2015,"Switzerland, Liechtenstein",Total function,233319.23,32.93525,7083.965,Mega Spender,Critical,2010,Not Calculated
2015,"Switzerland, Liechtenstein",Education,37918.93,5.35262,7082.858,Moderate Spender,Significant,2010,Not Calculated
2015,"Switzerland, Liechtenstein",Social protection,92053.805,12.99428,7083.634,Major Spender,Critical,2010,Not Calculated
2015,"Switzerland, Liechtenstein",General public services,31861.03,4.49749,7082.6055,Moderate Spender,Moderate,2010,Not Calculated
2015,Thailand,Total function,88448.81,22.04078,4012.7803,Major Spender,Critical,2010,Not Calculated
2015,Thailand,General public services,29793.227,7.42425,4012.4207,Moderate Spender,Significant,2010,Not Calculated
2015,Türkiye,Total function,270450.62,31.29078,8642.865,Mega Spender,Critical,2010,Not Calculated
2015,Türkiye,Health,44836.258,5.1875,8641.469,Moderate Spender,Significant,2010,Not Calculated
2015,Türkiye,Education,32044.455,3.7075,8640.813,Moderate Spender,Moderate,2010,Not Calculated
2015,Türkiye,Social protection,78890.195,9.12749,8642.195,Major Spender,Significant,2010,Not Calculated
2015,Türkiye,General public services,40635.902,4.70152,8641.304,Moderate Spender,Moderate,2010,Not Calculated
2015,Ukraine,Total function,38779.523,42.60036,910.2884,Moderate Spender,Critical,2010,Not Calculated
2015,United Kingdom,Total function,1.2404592e+06,42.26642,29347.883,Mega Spender,Critical,2010,Not Calculated
2015,United Kingdom,Transport,51744.305,1.76309,29332.008,Major Spender,Minimal,2010,Not Calculated
2015,United Kingdom,Environment protection,22736.389,0.7747,29310.803,Moderate Spender,Minimal,2010,Not Calculated
2015,United Kingdom,Health,220557.62,7.5151,29344.69,Mega Spender,Significant,2010,Not Calculated
2015,United Kingdom,Education,152513.47,5.19662,29342.943,Mega Spender,Significant,2010,Not Calculated
2015,United Kingdom,Social protection,468311.22,15.95686,29346.744,Mega Spender,Critical,2010,Not Calculated
2015,United Kingdom,General public services,134786.66,4.59261,29342.209,Mega Spender,Moderate,2010,Not Calculated
2015,United Kingdom,Defence,58478.746,1.99256,29333.826,Major Spender,Minimal,2010,Not Calculated
2015,United Kingdom,Public order and safety,54906.805,1.87085,29332.908,Major Spender,Minimal,2010,Not Calculated
2015,United Kingdom,"Recreation, culture and religion",19992.498,0.68121,29305.49,Moderate Spender,Minimal,2010,Not Calculated
2015,United States of America,Total function,6.9105215e+06,37.74303,183089.12,Mega Spender,Critical,2010,Not Calculated
2015,United States of America,Housing and community amenities,93033.36,0.50812,182733.66,Major Spender,Minimal,2010,Not Calculated
2015,United States of America,Health,1.6648212e+06,9.09271,183073.94,Mega Spender,Significant,2010,Not Calculated
2015,United States of America,Education,1.109309e+06,6.05869,183063.66,Mega Spender,Significant,2010,Not Calculated
2015,United States of America,Social protection,1.4196482e+06,7.75366,183070.34,Mega Spender,Significant,2010,Not Calculated
2015,United States of America,General public services,1.01034975e+06,5.5182,183060.9,Mega Spender,Significant,2010,Not Calculated
2015,United States of America,Defence,598357.94,3.26804,183037.83,Mega Spender,Moderate,2010,Not Calculated
2015,United States of America,Public order and safety,366805.97,2.00338,183002.2,Mega Spender,Moderate,2010,Not Calculated
2015,United States of America,"Recreation, culture and religion",49096.64,0.26815,182413.69,Moderate Spender,Minimal,2010,Not Calculated
2016,Australia,Total function,507644.16,38.82642,13074.373,Mega Spender,Critical,2010,Not Calculated
2016,Australia,Transport,38668.94,2.95754,13070.278,Moderate Spender,Moderate,2010,Not Calculated
2016,Australia,Health,100048.02,7.65203,13072.995,Mega Spender,Significant,2010,Not Calculated
2016,Australia,Education,75031.93,5.73871,13072.426,Major Spender,Significant,2010,Not Calculated
2016,Australia,Social protection,131543.39,10.0609,13073.414,Mega Spender,Critical,2010,Not Calculated
2016,Australia,General public services,57546.98,4.4014,13071.7295,Major Spender,Moderate,2010,Not Calculated
2016,Australia,Defence,29101.69,2.2258,13068.839,Moderate Spender,Moderate,2010,Not Calculated
2016,Australia,Public order and safety,24871.137,1.90223,13067.856,Moderate Spender,Minimal,2010,Not Calculated
2016,Austria,Total function,198201.0,50.10534,3955.6074,Mega Spender,Critical,2010,Not Calculated
2016,Austria,Health,32347.883,8.17756,3955.205,Moderate Spender,Significant,2010,Not Calculated
2016,Austria,Social protection,83097.45,21.00709,3955.498,Major Spender,Critical,2010,Not Calculated
2016,Austria,General public services,25579.9,6.46661,3955.078,Moderate Spender,Significant,2010,Not Calculated
2016,Belgium,Total function,252873.78,53.15382,4757.3066,Mega Spender,Critical,2010,Not Calculated
2016,Belgium,Health,36294.023,7.62897,4756.7715,Moderate Spender,Significant,2010,Not Calculated
2016,Belgium,Education,29585.527,6.21885,4756.6304,Moderate Spender,Significant,2010,Not Calculated
2016,Belgium,Social protection,92397.41,19.42185,4757.15,Major Spender,Critical,2010,Not Calculated
2016,Belgium,General public services,37740.97,7.93311,4756.7993,Moderate Spender,Significant,2010,Not Calculated
2016,Brazil,Total function,694884.56,38.69729,17956.469,Mega Spender,Critical,2010,Not Calculated
2016,Brazil,Health,89956.7,5.00958,17953.352,Major Spender,Significant,2010,Not Calculated
2016,Brazil,Education,93317.1,5.19672,17953.469,Major Spender,Significant,2010,Not Calculated
2016,Brazil,Social protection,273587.47,15.23576,17955.75,Mega Spender,Critical,2010,Not Calculated
2016,Brazil,General public services,108825.44,6.06036,17953.965,Mega Spender,Significant,2010,Not Calculated
2016,Brazil,Public order and safety,50512.96,2.81301,17950.527,Major Spender,Moderate,2010,Not Calculated
2016,Canada,Total function,562736.5,36.82241,15282.031,Mega Spender,Critical,2010,Not Calculated
2016,Canada,Health,128282.33,8.3941,15280.618,Mega Spender,Significant,2010,Not Calculated
2016,Canada,Education,71258.99,4.6628,15279.171,Major Spender,Moderate,2010,Not Calculated
2016,Canada,Social protection,170779.58,11.17488,15281.085,Mega Spender,Critical,2010,Not Calculated
2016,Canada,General public services,80451.7,5.26432,15279.547,Major Spender,Significant,2010,Not Calculated
2016,Canada,Public order and safety,26178.035,1.71295,15273.512,Moderate Spender,Minimal,2010,Not Calculated
2016,Chile,Total function,65449.133,26.13364,2504.306,Major Spender,Critical,2010,Not Calculated
2016,China,Total function,3.4713038e+06,30.90187,112329.49,Mega Spender,Critical,2010,Not Calculated
2016,China,"Agriculture, forestry, fishing and hunting",294801.2,2.62435,112290.24,Mega Spender,Moderate,2010,Not Calculated
2016,China,Transport,192594.52,1.71449,112267.93,Mega Spender,Minimal,2010,Not Calculated
2016,China,Environment protection,74792.18,0.66581,112164.16,Major Spender,Minimal,2010,Not Calculated
2016,China,Housing and community amenities,297254.34,2.64619,112290.52,Mega Spender,Moderate,2010,Not Calculated
2016,China,Health,335490.62,2.98657,112295.49,Mega Spender,Moderate,2010,Not Calculated
2016,China,Education,425913.06,3.79152,112303.445,Mega Spender,Moderate,2010,Not Calculated
2016,China,Social protection,794917.25,7.07643,112317.22,Mega Spender,Significant,2010,Not Calculated
2016,China,General public services,310022.84,2.75985,112292.54,Mega Spender,Moderate,2010,Not Calculated
2016,China,Defence,147776.25,1.31552,112247.625,Mega Spender,Minimal,2010,Not Calculated
2016,China,Public order and safety,166032.61,1.47804,112257.01,Mega Spender,Minimal,2010,Not Calculated
2016,China,"Recreation, culture and religion",48574.02,0.43241,112074.06,Moderate Spender,Minimal,2010,Not Calculated
2016,China,"General economic, commercial and labour affairs",117237.2,1.04366,112225.21,Mega Spender,Minimal,2010,Not Calculated
2016,China,RandD Economic affairs,82153.03,0.73133,112180.35,Major Spender,Minimal,2010,Not Calculated
2016,China,Economic affairs n.e.c.,140297.7,1.24894,112243.55,Mega Spender,Minimal,2010,Not Calculated
2016,"China, Hong Kong SAR",Total function,63860.35,19.90285,3208.4424,Major Spender,Critical,2010,Not Calculated
2016,Colombia,Total function,89489.234,31.6412,2828.1611,Major Spender,Critical,2010,Not Calculated
2016,Colombia,Social protection,25986.195,9.18808,2827.943,Moderate Spender,Significant,2010,Not Calculated
2016,Czechia,Total function,78020.15,39.75102,1962.6714,Major Spender,Critical,2010,Not Calculated
2016,Czechia,Social protection,24930.404,12.70196,1962.5665,Moderate Spender,Critical,2010,Not Calculated
2016,Denmark,Total function,164318.97,52.47864,3131.0994,Mega Spender,Critical,2010,Not Calculated
2016,Denmark,Health,26415.246,8.43625,3130.7886,Moderate Spender,Significant,2010,Not Calculated
2016,Denmark,Education,21277.033,6.79526,3130.6975,Moderate Spender,Significant,2010,Not Calculated
2016,Denmark,Social protection,71679.02,22.89217,3131.0222,Major Spender,Critical,2010,Not Calculated
2016,Denmark,General public services,20643.912,6.59306,3130.683,Moderate Spender,Significant,2010,Not Calculated
2016,Finland,Total function,133983.98,55.68561,2406.036,Mega Spender,Critical,2010,Not Calculated
2016,Finland,Social protection,61351.21,25.49842,2405.9846,Major Spender,Critical,2010,Not Calculated
2016,France,Total function,1.4018209e+06,56.57627,24777.104,Mega Spender,Critical,2010,Not Calculated
2016,France,Transport,48643.965,1.96323,24764.902,Moderate Spender,Minimal,2010,Not Calculated
2016,France,Environment protection,23370.045,0.94319,24751.422,Moderate Spender,Minimal,2010,Not Calculated
2016,France,Housing and community amenities,26833.545,1.08298,24754.648,Moderate Spender,Minimal,2010,Not Calculated
2016,France,Health,200932.8,8.10947,24774.492,Mega Spender,Significant,2010,Not Calculated
2016,France,Education,133739.36,5.3976,24772.97,Mega Spender,Significant,2010,Not Calculated
2016,France,Social protection,604433.3,24.3944,24776.53,Mega Spender,Critical,2010,Not Calculated
2016,France,General public services,152047.53,6.13651,24773.488,Mega Spender,Significant,2010,Not Calculated
2016,France,Defence,47294.65,1.90877,24764.578,Moderate Spender,Minimal,2010,Not Calculated
2016,France,Public order and safety,40290.164,1.62608,24762.25,Moderate Spender,Minimal,2010,Not Calculated
2016,France,"Recreation, culture and religion",34823.17,1.40543,24759.975,Moderate Spender,Minimal,2010,Not Calculated
2016,France,"General economic, commercial and labour affairs",42710.965,1.72378,24763.137,Moderate Spender,Minimal,2010,Not Calculated
2016,France,RandD Economic affairs,19897.69,0.80305,24746.832,Moderate Spender,Minimal,2010,Not Calculated
2016,Germany,Total function,1.5390092e+06,44.38386,34674.19,Mega Spender,Critical,2010,Not Calculated
2016,Germany,Transport,52636.562,1.518,34652.113,Major Spender,Minimal,2010,Not Calculated
2016,Germany,Health,249932.08,7.20785,34670.17,Mega Spender,Significant,2010,Not Calculated
2016,Germany,Education,145625.28,4.19972,34666.746,Mega Spender,Moderate,2010,Not Calculated
2016,Germany,Social protection,676835.8,19.51943,34673.203,Mega Spender,Critical,2010,Not Calculated
2016,Germany,General public services,200561.98,5.78405,34669.016,Mega Spender,Significant,2010,Not Calculated
2016,Germany,Defence,33857.953,0.97644,34639.418,Moderate Spender,Minimal,2010,Not Calculated
2016,Germany,Public order and safety,53776.676,1.55088,34652.598,Major Spender,Minimal,2010,Not Calculated
2016,Germany,"Recreation, culture and religion",35335.668,1.01905,34641.113,Moderate Spender,Minimal,2010,Not Calculated
2016,Germany,"General economic, commercial and labour affairs",20398.012,0.58826,34616.32,Moderate Spender,Minimal,2010,Not Calculated
2016,Greece,Total function,96471.03,49.98058,1930.1317,Major Spender,Critical,2010,Not Calculated
2016,Greece,Social protection,39931.53,20.68808,1930.0778,Moderate Spender,Critical,2010,Not Calculated
2016,Hungary,Total function,60186.316,46.79761,1286.0706,Major Spender,Critical,2010,Not Calculated
2016,India,Total function,553112.25,24.14714,22904.963,Mega Spender,Critical,2010,Not Calculated
2016,India,Housing and community amenities,47288.27,2.06446,22894.79,Moderate Spender,Moderate,2010,Not Calculated
2016,India,Health,27046.678,1.18077,22886.582,Moderate Spender,Minimal,2010,Not Calculated
2016,India,Education,100978.766,4.40842,22900.691,Mega Spender,Moderate,2010,Not Calculated
2016,India,Social protection,39173.715,1.7102,22892.541,Moderate Spender,Minimal,2010,Not Calculated
2016,India,General public services,71038.29,3.10131,22898.514,Major Spender,Moderate,2010,Not Calculated
2016,India,Defence,56359.438,2.46048,22896.566,Major Spender,Moderate,2010,Not Calculated
2016,India,Public order and safety,33235.055,1.45094,22890.102,Moderate Spender,Minimal,2010,Not Calculated
2016,Indonesia,Total function,157795.94,16.93312,9318.225,Mega Spender,Critical,2010,Not Calculated
2016,Indonesia,Education,33267.742,3.56997,9316.164,Moderate Spender,Moderate,2010,Not Calculated
2016,Indonesia,General public services,35263.188,3.7841,9316.316,Moderate Spender,Moderate,2010,Not Calculated
2016,Ireland,Total function,83992.3,28.10159,2988.7744,Major Spender,Critical,2010,Not Calculated
2016,Ireland,Social protection,29678.264,9.92956,2988.579,Moderate Spender,Significant,2010,Not Calculated
2016,Israel,Total function,123769.766,38.7963,3190.1646,Mega Spender,Critical,2010,Not Calculated
2016,Israel,Education,21946.434,6.87923,3189.782,Moderate Spender,Significant,2010,Not Calculated
2016,Israel,Social protection,33668.52,10.55358,3189.9438,Moderate Spender,Critical,2010,Not Calculated
2016,Italy,Total function,921236.75,49.11174,18757.592,Mega Spender,Critical,2010,Not Calculated
2016,Italy,Transport,32811.816,1.74922,18747.252,Moderate Spender,Minimal,2010,Not Calculated
2016,Italy,Health,129719.086,6.91541,18755.264,Mega Spender,Significant,2010,Not Calculated
2016,Italy,Education,72426.11,3.86108,18753.137,Major Spender,Moderate,2010,Not Calculated
2016,Italy,Social protection,391878.03,20.89128,18757.074,Mega Spender,Critical,2010,Not Calculated
2016,Italy,General public services,154998.53,8.26307,18755.713,Mega Spender,Significant,2010,Not Calculated
2016,Italy,Defence,24324.195,1.29674,18743.502,Moderate Spender,Minimal,2010,Not Calculated
2016,Italy,Public order and safety,34016.24,1.81343,18747.617,Moderate Spender,Minimal,2010,Not Calculated
2016,Japan,Total function,1.9338459e+06,38.64849,50035.48,Mega Spender,Critical,2010,Not Calculated
2016,Japan,"Agriculture, forestry, fishing and hunting",41205.812,0.82351,49976.125,Moderate Spender,Minimal,2010,Not Calculated
2016,Japan,Transport,68581.68,1.37063,50000.13,Major Spender,Minimal,2010,Not Calculated
2016,Japan,Environment protection,58001.027,1.15917,49993.555,Major Spender,Minimal,2010,Not Calculated
2016,Japan,Housing and community amenities,33518.73,0.66988,49962.336,Moderate Spender,Minimal,2010,Not Calculated
2016,Japan,Health,375126.5,7.49702,50030.08,Mega Spender,Significant,2010,Not Calculated
2016,Japan,Education,166897.84,3.3355,50021.832,Mega Spender,Moderate,2010,Not Calculated
2016,Japan,Social protection,801093.6,16.0101,50033.645,Mega Spender,Critical,2010,Not Calculated
2016,Japan,General public services,197576.31,3.94862,50024.133,Mega Spender,Moderate,2010,Not Calculated
2016,Japan,Defence,41567.97,0.83075,49976.52,Moderate Spender,Minimal,2010,Not Calculated
2016,Japan,Public order and safety,61410.258,1.2273,49996.137,Major Spender,Minimal,2010,Not Calculated
2016,Japan,Other industries,23132.023,0.4623,49928.824,Moderate Spender,Minimal,2010,Not Calculated
2016,Kazakhstan,Total function,28079.613,20.45451,1372.7164,Moderate Spender,Critical,2010,Not Calculated
2016,"Korea, Republic of",Total function,454342.84,30.28727,15000.621,Mega Spender,Critical,2010,Not Calculated
2016,"Korea, Republic of",Health,63361.266,4.22377,14997.565,Major Spender,Moderate,2010,Not Calculated
2016,"Korea, Republic of",Education,68685.24,4.57868,14997.826,Major Spender,Moderate,2010,Not Calculated
2016,"Korea, Republic of",Social protection,101008.43,6.73339,14998.898,Mega Spender,Significant,2010,Not Calculated
2016,"Korea, Republic of",General public services,61391.71,4.09248,14997.4375,Major Spender,Moderate,2010,Not Calculated
2016,"Korea, Republic of",Defence,35046.12,2.33623,14994.726,Moderate Spender,Moderate,2010,Not Calculated
2016,Luxembourg,Total function,24915.98,40.07418,621.73096,Moderate Spender,Critical,2010,Not Calculated
2016,Malaysia,Total function,60319.938,20.02286,3012.4033,Major Spender,Critical,2010,Not Calculated
2016,Malaysia,General public services,21260.803,7.0574,3012.1277,Moderate Spender,Significant,2010,Not Calculated
2016,Netherlands (Kingdom of the),Total function,342217.9,43.67653,7835.1025,Mega Spender,Critical,2010,Not Calculated
2016,Netherlands (Kingdom of the),Health,56841.688,7.25458,7834.203,Major Spender,Significant,2010,Not Calculated
2016,Netherlands (Kingdom of the),Education,41373.824,5.28045,7833.8003,Moderate Spender,Significant,2010,Not Calculated
2016,Netherlands (Kingdom of the),Social protection,131810.02,16.82263,7834.8145,Mega Spender,Critical,2010,Not Calculated
2016,Netherlands (Kingdom of the),General public services,33741.727,4.30638,7833.469,Moderate Spender,Moderate,2010,Not Calculated
2016,New Zealand,Total function,66232.1,35.07344,1888.3296,Major Spender,Critical,2010,Not Calculated
2016,New Zealand,Social protection,19971.975,10.57623,1888.2046,Moderate Spender,Critical,2010,Not Calculated
2016,Norway,Total function,190070.72,51.53483,3688.1277,Mega Spender,Critical,2010,Not Calculated
2016,Norway,Health,31763.096,8.61209,3687.7698,Moderate Spender,Significant,2010,Not Calculated
2016,Norway,Education,20846.31,5.65216,3687.55,Moderate Spender,Significant,2010,Not Calculated
2016,Norway,Social protection,75720.95,20.5306,3688.0203,Major Spender,Critical,2010,Not Calculated
2016,Peru,Total function,39294.117,20.47655,1918.8877,Moderate Spender,Critical,2010,Not Calculated
2016,Philippines,Total function,56489.273,17.72897,3186.0898,Major Spender,Critical,2010,Not Calculated
2016,Philippines,General public services,23762.348,7.45773,3185.8438,Moderate Spender,Significant,2010,Not Calculated
2016,Poland,Total function,194280.78,41.33418,4700.132,Mega Spender,Critical,2010,Not Calculated
2016,Poland,Health,21862.188,4.65129,4699.2314,Moderate Spender,Moderate,2010,Not Calculated
2016,Poland,Education,23453.422,4.98983,4699.3027,Moderate Spender,Moderate,2010,Not Calculated
2016,Poland,Social protection,78539.08,16.70957,4699.9644,Major Spender,Critical,2010,Not Calculated
2016,Poland,General public services,22092.688,4.70033,4699.242,Moderate Spender,Moderate,2010,Not Calculated
2016,Portugal,Total function,92554.7,44.86717,2062.8145,Major Spender,Critical,2010,Not Calculated
2016,Portugal,Social protection,37268.03,18.06619,2062.7463,Moderate Spender,Critical,2010,Not Calculated
2016,Romania,Total function,64846.023,34.9975,1852.8229,Major Spender,Critical,2010,Not Calculated
2016,Romania,Social protection,21673.35,11.69714,1852.7175,Moderate Spender,Critical,2010,Not Calculated
2016,Russian Federation,Total function,482883.44,37.82022,12767.526,Mega Spender,Critical,2010,Not Calculated
2016,Russian Federation,Health,46274.652,3.62431,12764.33,Moderate Spender,Moderate,2010,Not Calculated
2016,Russian Federation,Education,46328.637,3.62853,12764.362,Moderate Spender,Moderate,2010,Not Calculated
2016,Russian Federation,Social protection,161356.34,12.63769,12766.856,Mega Spender,Critical,2010,Not Calculated
2016,Russian Federation,General public services,100320.43,7.85726,12766.239,Mega Spender,Significant,2010,Not Calculated
2016,Russian Federation,Defence,29574.117,2.31629,12762.373,Moderate Spender,Moderate,2010,Not Calculated
2016,Russian Federation,Public order and safety,28900.5,2.26353,12762.251,Moderate Spender,Moderate,2010,Not Calculated
2016,Singapore,Total function,51899.883,16.27865,3188.022,Major Spender,Critical,2010,Not Calculated
2016,Slovakia,Total function,38271.043,42.57464,898.8953,Moderate Spender,Critical,2010,Not Calculated
2016,Slovenia,Total function,20665.527,46.19406,447.3536,Moderate Spender,Critical,2010,Not Calculated
2016,South Africa,Total function,126560.79,39.11416,3235.5945,Mega Spender,Critical,2010,Not Calculated
2016,South Africa,Education,20401.764,6.30525,3235.1655,Moderate Spender,Significant,2010,Not Calculated
2016,South Africa,General public services,43373.14,13.40466,3235.4348,Moderate Spender,Critical,2010,Not Calculated
2016,Spain,Total function,523795.4,42.49111,12326.886,Mega Spender,Critical,2010,Not Calculated
2016,Spain,Health,74963.91,6.08119,12325.15,Major Spender,Significant,2010,Not Calculated
2016,Spain,Education,50179.24,4.07062,12324.1455,Major Spender,Moderate,2010,Not Calculated
2016,Spain,Social protection,209481.4,16.99346,12326.453,Mega Spender,Critical,2010,Not Calculated
2016,Spain,General public services,75561.63,6.12968,12325.163,Major Spender,Significant,2010,Not Calculated
2016,Spain,Public order and safety,23470.773,1.90399,12320.68,Moderate Spender,Minimal,2010,Not Calculated
2016,Sweden,Total function,256341.88,49.71193,5156.443,Mega Spender,Critical,2010,Not Calculated
2016,Sweden,Health,35404.027,6.86584,5155.7964,Moderate Spender,Significant,2010,Not Calculated
2016,Sweden,Education,34181.414,6.62874,5155.77,Moderate Spender,Significant,2010,Not Calculated
2016,Sweden,Social protection,105967.05,20.55,5156.297,Mega Spender,Critical,2010,Not Calculated
2016,Sweden,General public services,34397.37,6.67062,5155.775,Moderate Spender,Significant,2010,Not Calculated
2016,"Switzerland, Liechtenstein",Total function,231628.2,33.00309,7018.167,Mega Spender,Critical,2010,Not Calculated
2016,"Switzerland, Liechtenstein",Education,37737.69,5.37698,7017.0757,Moderate Spender,Significant,2010,Not Calculated
2016,"Switzerland, Liechtenstein",Social protection,92122.055,13.12583,7017.8447,Major Spender,Critical,2010,Not Calculated
2016,"Switzerland, Liechtenstein",General public services,30768.127,4.38394,7016.7725,Moderate Spender,Moderate,2010,Not Calculated
2016,Thailand,Total function,86858.48,21.01247,4133.467,Major Spender,Critical,2010,Not Calculated
2016,Thailand,General public services,31424.184,7.60202,4133.1187,Moderate Spender,Significant,2010,Not Calculated
2016,Türkiye,Total function,295842.75,34.01731,8696.574,Mega Spender,Critical,2010,Not Calculated
2016,Türkiye,Health,46135.027,5.30481,8695.19,Moderate Spender,Significant,2010,Not Calculated
2016,Türkiye,Education,33748.164,3.88051,8694.597,Moderate Spender,Moderate,2010,Not Calculated
2016,Türkiye,Social protection,89852.61,10.33165,8695.988,Major Spender,Critical,2010,Not Calculated
2016,Türkiye,General public services,40083.973,4.60903,8694.949,Moderate Spender,Moderate,2010,Not Calculated
2016,Ukraine,Total function,37715.527,40.39974,933.5356,Moderate Spender,Critical,2010,Not Calculated
2016,United Kingdom,Total function,1.117928e+06,41.40996,26995.943,Mega Spender,Critical,2010,Not Calculated
2016,United Kingdom,Transport,44102.727,1.63364,26980.084,Moderate Spender,Minimal,2010,Not Calculated
2016,United Kingdom,Environment protection,20131.389,0.7457,26960.479,Moderate Spender,Minimal,2010,Not Calculated
2016,United Kingdom,Health,203297.31,7.53048,26993.01,Mega Spender,Significant,2010,Not Calculated
2016,United Kingdom,Education,136894.8,5.07082,26991.258,Mega Spender,Significant,2010,Not Calculated
2016,United Kingdom,Social protection,419827.88,15.55114,26994.861,Mega Spender,Critical,2010,Not Calculated
2016,United Kingdom,General public services,124001.79,4.59324,26990.709,Mega Spender,Moderate,2010,Not Calculated
2016,United Kingdom,Defence,51068.38,1.89166,26982.33,Major Spender,Minimal,2010,Not Calculated
2016,United Kingdom,Public order and safety,48571.867,1.79918,26981.672,Moderate Spender,Minimal,2010,Not Calculated
2016,United States of America,Total function,7.1611e+06,38.09209,187989.47,Mega Spender,Critical,2010,Not Calculated
2016,United States of America,Housing and community amenities,96201.16,0.51172,187629.03,Major Spender,Minimal,2010,Not Calculated
2016,United States of America,Health,1.7482822e+06,9.29965,187974.19,Mega Spender,Significant,2010,Not Calculated
2016,United States of America,Education,1.143901e+06,6.08476,187963.53,Mega Spender,Significant,2010,Not Calculated
2016,United States of America,Social protection,1.4448984e+06,7.68586,187969.9,Mega Spender,Significant,2010,Not Calculated
2016,United States of America,General public services,1.0593495e+06,5.63501,187960.9,Mega Spender,Significant,2010,Not Calculated
2016,United States of America,Defence,598568.6,3.18397,187935.4,Mega Spender,Moderate,2010,Not Calculated
2016,United States of America,Public order and safety,376322.06,2.00177,187900.8,Mega Spender,Moderate,2010,Not Calculated
2016,United States of America,"Recreation, culture and religion",52098.44,0.27713,187316.88,Major Spender,Minimal,2010,Not Calculated
2017,Australia,Total function,549332.5,38.89788,14122.064,Mega Spender,Critical,2010,Not Calculated
2017,Australia,Transport,44489.473,3.15027,14117.95,Moderate Spender,Moderate,2010,Not Calculated
2017,Australia,Health,106476.445,7.53953,14120.553,Mega Spender,Significant,2010,Not Calculated
2017,Australia,Education,82537.91,5.84446,14120.002,Major Spender,Significant,2010,Not Calculated
2017,Australia,Social protection,138565.92,9.81176,14120.993,Mega Spender,Significant,2010,Not Calculated
2017,Australia,General public services,58557.98,4.14645,14119.032,Major Spender,Moderate,2010,Not Calculated
2017,Australia,Defence,31910.896,2.25959,14116.182,Moderate Spender,Moderate,2010,Not Calculated
2017,Australia,Public order and safety,27986.797,1.98173,14115.284,Moderate Spender,Minimal,2010,Not Calculated
2017,Austria,Total function,205705.1,49.29888,4172.5273,Mega Spender,Critical,2010,Not Calculated
2017,Austria,Health,34160.586,8.18686,4172.1016,Moderate Spender,Significant,2010,Not Calculated
2017,Austria,Education,20179.121,4.83609,4171.748,Moderate Spender,Moderate,2010,Not Calculated
2017,Austria,Social protection,85941.84,20.59665,4172.4106,Major Spender,Critical,2010,Not Calculated
2017,Austria,General public services,25048.33,6.00303,4171.92,Moderate Spender,Significant,2010,Not Calculated
2017,Belarus,Total function,22651.629,41.39142,547.241,Moderate Spender,Critical,2010,Not Calculated
2017,Belgium,Total function,261590.11,52.03032,5027.551,Mega Spender,Critical,2010,Not Calculated
2017,Belgium,Health,38169.33,7.59189,5026.983,Moderate Spender,Significant,2010,Not Calculated
2017,Belgium,Education,31340.406,6.23361,5026.8433,Moderate Spender,Significant,2010,Not Calculated
2017,Belgium,Social protection,97115.64,19.31632,5027.3867,Major Spender,Critical,2010,Not Calculated
2017,Belgium,General public services,36042.254,7.16881,5026.947,Moderate Spender,Significant,2010,Not Calculated
2017,Brazil,Total function,806607.9,39.08903,20634.62,Mega Spender,Critical,2010,Not Calculated
2017,Brazil,Health,106799.266,5.1756,20631.16,Mega Spender,Significant,2010,Not Calculated
2017,Brazil,Education,109723.93,5.31733,20631.275,Mega Spender,Significant,2010,Not Calculated
2017,Brazil,Social protection,323061.34,15.65588,20633.826,Mega Spender,Critical,2010,Not Calculated
2017,Brazil,General public services,121621.016,5.89388,20631.637,Mega Spender,Significant,2010,Not Calculated
2017,Brazil,Defence,21361.266,1.03519,20615.201,Moderate Spender,Minimal,2010,Not Calculated
2017,Brazil,Public order and safety,57951.586,2.80839,20627.82,Major Spender,Moderate,2010,Not Calculated
2017,Bulgaria,Total function,20584.734,34.77102,591.99133,Moderate Spender,Critical,2010,Not Calculated
2017,Canada,Total function,603558.3,36.58996,16494.74,Mega Spender,Critical,2010,Not Calculated
2017,Canada,Health,135558.31,8.21805,16493.184,Mega Spender,Significant,2010,Not Calculated
2017,Canada,Education,78103.24,4.73491,16491.707,Major Spender,Moderate,2010,Not Calculated
2017,Canada,Social protection,182780.22,11.08082,16493.7,Mega Spender,Critical,2010,Not Calculated
2017,Canada,General public services,86893.35,5.2678,16492.059,Major Spender,Significant,2010,Not Calculated
2017,Canada,Public order and safety,28001.385,1.69755,16485.463,Moderate Spender,Minimal,2010,Not Calculated
2017,Chile,Total function,72258.08,26.08268,2770.241,Major Spender,Critical,2010,Not Calculated
2017,Chile,Social protection,19979.307,7.21184,2769.9639,Moderate Spender,Significant,2010,Not Calculated
2017,China,Total function,3.700652e+06,30.06096,123100.82,Mega Spender,Critical,2010,Not Calculated
2017,China,"Agriculture, forestry, fishing and hunting",296776.56,2.41076,123053.945,Mega Spender,Moderate,2010,Not Calculated
2017,China,Transport,199965.81,1.62435,123029.38,Mega Spender,Minimal,2010,Not Calculated
2017,China,Environment protection,88394.53,0.71804,122934.1,Major Spender,Minimal,2010,Not Calculated
2017,China,Housing and community amenities,333336.53,2.70774,123059.625,Mega Spender,Moderate,2010,Not Calculated
2017,China,Health,359107.56,2.91709,123062.55,Mega Spender,Moderate,2010,Not Calculated
2017,China,Education,449823.97,3.65399,123071.195,Mega Spender,Moderate,2010,Not Calculated
2017,China,Social protection,870302.3,7.0696,123087.48,Mega Spender,Significant,2010,Not Calculated
2017,China,General public services,354599.3,2.88046,123062.375,Mega Spender,Moderate,2010,Not Calculated
2017,China,Defence,155189.83,1.26063,123007.4,Mega Spender,Minimal,2010,Not Calculated
2017,China,Public order and safety,184372.72,1.49769,123022.586,Mega Spender,Minimal,2010,Not Calculated
2017,China,"Recreation, culture and religion",51207.805,0.41597,122809.33,Major Spender,Minimal,2010,Not Calculated
2017,China,"General economic, commercial and labour affairs",114216.3,0.9278,122971.9,Mega Spender,Minimal,2010,Not Calculated
2017,China,RandD Economic affairs,87667.03,0.71213,122932.75,Major Spender,Minimal,2010,Not Calculated
2017,China,Economic affairs n.e.c.,110538.555,0.89792,122968.18,Mega Spender,Minimal,2010,Not Calculated
2017,"China, Hong Kong SAR",Total function,66544.766,19.49909,3412.5364,Major Spender,Critical,2010,Not Calculated
2017,Colombia,Total function,99171.305,31.79753,3118.7388,Major Spender,Critical,2010,Not Calculated
2017,Colombia,Social protection,28860.912,9.25374,3118.5002,Moderate Spender,Significant,2010,Not Calculated
2017,Costa Rica,Total function,19853.438,32.8069,605.14197,Moderate Spender,Critical,2010,Not Calculated
2017,Czechia,Total function,85221.75,38.98009,2186.2332,Major Spender,Critical,2010,Not Calculated
2017,Czechia,Social protection,26955.896,12.32952,2186.1118,Moderate Spender,Critical,2010,Not Calculated
2017,Denmark,Total function,167885.64,50.54953,3321.145,Mega Spender,Critical,2010,Not Calculated
2017,Denmark,Health,27643.184,8.32323,3320.8096,Moderate Spender,Significant,2010,Not Calculated
2017,Denmark,Education,21382.443,6.43815,3320.6936,Moderate Spender,Significant,2010,Not Calculated
2017,Denmark,Social protection,73827.33,22.22904,3321.0615,Major Spender,Critical,2010,Not Calculated
2017,Finland,Total function,137115.05,53.63432,2556.4321,Mega Spender,Critical,2010,Not Calculated
2017,Finland,Social protection,62749.27,24.54519,2556.375,Major Spender,Critical,2010,Not Calculated
2017,Finland,General public services,19856.406,7.76709,2556.1504,Moderate Spender,Significant,2010,Not Calculated
2017,France,Total function,1.4663521e+06,56.36386,26015.36,Mega Spender,Critical,2010,Not Calculated
2017,France,Transport,51371.12,1.97461,26002.662,Major Spender,Minimal,2010,Not Calculated
2017,France,Environment protection,24262.162,0.93259,25988.027,Moderate Spender,Minimal,2010,Not Calculated
2017,France,Housing and community amenities,26579.139,1.02165,25990.455,Moderate Spender,Minimal,2010,Not Calculated
2017,France,Health,210509.31,8.09159,26012.6,Mega Spender,Significant,2010,Not Calculated
2017,France,Education,139974.28,5.38035,26010.998,Mega Spender,Significant,2010,Not Calculated
2017,France,Social protection,627353.75,24.11431,26014.75,Mega Spender,Critical,2010,Not Calculated
2017,France,General public services,159922.19,6.14711,26011.602,Mega Spender,Significant,2010,Not Calculated
2017,France,Defence,46051.453,1.77013,26001.17,Moderate Spender,Minimal,2010,Not Calculated
2017,France,Public order and safety,42395.805,1.62962,25999.807,Moderate Spender,Minimal,2010,Not Calculated
2017,France,"Recreation, culture and religion",36646.855,1.40864,25997.314,Moderate Spender,Minimal,2010,Not Calculated
2017,France,"General economic, commercial and labour affairs",44950.016,1.7278,26000.703,Moderate Spender,Minimal,2010,Not Calculated
2017,France,RandD Economic affairs,21094.537,0.81083,25983.934,Moderate Spender,Minimal,2010,Not Calculated
2017,Germany,Total function,1.6304384e+06,44.17516,36907.652,Mega Spender,Critical,2010,Not Calculated
2017,Germany,Transport,58387.57,1.58195,36885.29,Major Spender,Minimal,2010,Not Calculated
2017,Germany,Environment protection,20226.941,0.54803,36841.23,Moderate Spender,Minimal,2010,Not Calculated
2017,Germany,Health,262879.06,7.12245,36903.336,Mega Spender,Significant,2010,Not Calculated
2017,Germany,Education,154369.8,4.1825,36899.68,Mega Spender,Moderate,2010,Not Calculated
2017,Germany,Social protection,717344.2,19.43575,36906.594,Mega Spender,Critical,2010,Not Calculated
2017,Germany,General public services,211746.31,5.73706,36902.074,Mega Spender,Significant,2010,Not Calculated
2017,Germany,Defence,37529.137,1.01682,36872.08,Moderate Spender,Minimal,2010,Not Calculated
2017,Germany,Public order and safety,57473.66,1.55719,36884.887,Major Spender,Minimal,2010,Not Calculated
2017,Germany,"Recreation, culture and religion",37889.508,1.02658,36872.562,Moderate Spender,Minimal,2010,Not Calculated
2017,Greece,Total function,97006.85,48.54119,1998.4028,Major Spender,Critical,2010,Not Calculated
2017,Greece,Social protection,39986.195,20.00866,1998.3447,Moderate Spender,Critical,2010,Not Calculated
2017,Hungary,Total function,66858.77,46.71773,1431.0914,Major Spender,Critical,2010,Not Calculated
2017,India,Total function,640441.7,24.40402,26242.21,Mega Spender,Critical,2010,Not Calculated
2017,India,Housing and community amenities,62247.996,2.37196,26232.217,Major Spender,Moderate,2010,Not Calculated
2017,India,Health,32563.617,1.24084,26222.072,Moderate Spender,Minimal,2010,Not Calculated
2017,India,Education,116285.734,4.43107,26237.344,Mega Spender,Moderate,2010,Not Calculated
2017,India,Social protection,41380.7,1.57681,26226.668,Moderate Spender,Minimal,2010,Not Calculated
2017,India,General public services,74587.35,2.84215,26234.055,Major Spender,Moderate,2010,Not Calculated
2017,India,Defence,64788.094,2.46875,26232.654,Major Spender,Moderate,2010,Not Calculated
2017,India,Public order and safety,39481.586,1.50444,26225.945,Moderate Spender,Minimal,2010,Not Calculated
2017,Indonesia,Total function,168150.95,16.5565,10155.577,Mega Spender,Critical,2010,Not Calculated
2017,Indonesia,Education,27116.77,2.66998,10152.367,Moderate Spender,Moderate,2010,Not Calculated
2017,Indonesia,General public services,49553.79,4.87917,10154.111,Moderate Spender,Moderate,2010,Not Calculated
2017,Ireland,Total function,87982.05,26.15575,3363.646,Major Spender,Critical,2010,Not Calculated
2017,Ireland,Social protection,31533.627,9.37448,3363.4146,Moderate Spender,Significant,2010,Not Calculated
2017,Israel,Total function,139641.47,39.30491,3552.6838,Mega Spender,Critical,2010,Not Calculated
2017,Israel,Education,24989.498,7.0338,3552.2683,Moderate Spender,Significant,2010,Not Calculated
2017,Israel,Social protection,38879.965,10.94355,3552.4497,Moderate Spender,Critical,2010,Not Calculated
2017,Italy,Total function,956637.75,48.76336,19617.56,Mega Spender,Critical,2010,Not Calculated
2017,Italy,Transport,33902.863,1.72815,19606.664,Moderate Spender,Minimal,2010,Not Calculated
2017,Italy,Health,133740.69,6.81726,19615.076,Mega Spender,Significant,2010,Not Calculated
2017,Italy,Education,75736.195,3.86055,19612.9,Major Spender,Moderate,2010,Not Calculated
2017,Italy,Social protection,405877.5,20.68908,19617.012,Mega Spender,Critical,2010,Not Calculated
2017,Italy,General public services,157993.81,8.05353,19615.521,Mega Spender,Significant,2010,Not Calculated
2017,Italy,Defence,25169.297,1.28297,19602.715,Moderate Spender,Minimal,2010,Not Calculated
2017,Italy,Public order and safety,35512.656,1.81021,19607.145,Moderate Spender,Minimal,2010,Not Calculated
2017,Japan,Total function,1.8906882e+06,38.34416,49307.094,Mega Spender,Critical,2010,Not Calculated
2017,Japan,"Agriculture, forestry, fishing and hunting",42067.062,0.85314,49250.78,Moderate Spender,Minimal,2010,Not Calculated
2017,Japan,Transport,68819.34,1.39569,49273.168,Major Spender,Minimal,2010,Not Calculated
2017,Japan,Environment protection,56098.035,1.1377,49264.98,Major Spender,Minimal,2010,Not Calculated
2017,Japan,Housing and community amenities,31399.85,0.63681,49230.727,Moderate Spender,Minimal,2010,Not Calculated
2017,Japan,Health,371360.72,7.53139,49301.844,Mega Spender,Significant,2010,Not Calculated
2017,Japan,Education,162077.44,3.28702,49293.33,Mega Spender,Moderate,2010,Not Calculated
2017,Japan,Social protection,786184.7,15.94424,49305.29,Mega Spender,Critical,2010,Not Calculated
2017,Japan,General public services,185747.67,3.76706,49295.31,Mega Spender,Moderate,2010,Not Calculated
2017,Japan,Defence,44769.305,0.90795,49253.87,Moderate Spender,Minimal,2010,Not Calculated
2017,Japan,Public order and safety,58959.86,1.19574,49267.06,Major Spender,Minimal,2010,Not Calculated
2017,Japan,Other industries,21806.938,0.44226,49196.72,Moderate Spender,Minimal,2010,Not Calculated
2017,Kazakhstan,Total function,38160.58,22.87725,1667.985,Moderate Spender,Critical,2010,Not Calculated
2017,"Korea, Republic of",Total function,491316.34,30.25531,16238.476,Mega Spender,Critical,2010,Not Calculated
2017,"Korea, Republic of",Health,70052.47,4.31384,16235.242,Major Spender,Moderate,2010,Not Calculated
2017,"Korea, Republic of",Education,74331.95,4.57737,16235.462,Major Spender,Moderate,2010,Not Calculated
2017,"Korea, Republic of",Social protection,109368.18,6.7349,16236.61,Mega Spender,Significant,2010,Not Calculated
2017,"Korea, Republic of",General public services,64767.594,3.98839,16234.962,Major Spender,Moderate,2010,Not Calculated
2017,"Korea, Republic of",Defence,36296.17,2.23512,16231.764,Moderate Spender,Moderate,2010,Not Calculated
2017,Luxembourg,Total function,27124.277,41.2774,657.10583,Moderate Spender,Critical,2010,Not Calculated
2017,Malaysia,Total function,60452.316,18.94409,3190.9229,Major Spender,Critical,2010,Not Calculated
2017,Malaysia,General public services,20999.535,6.58068,3190.6042,Moderate Spender,Significant,2010,Not Calculated
2017,Netherlands (Kingdom of the),Total function,354053.38,42.45908,8338.5,Mega Spender,Critical,2010,Not Calculated
2017,Netherlands (Kingdom of the),Health,60767.81,7.28745,8337.549,Major Spender,Significant,2010,Not Calculated
2017,Netherlands (Kingdom of the),Education,42753.914,5.12717,8337.07,Moderate Spender,Significant,2010,Not Calculated
2017,Netherlands (Kingdom of the),Social protection,135984.23,16.30761,8338.1875,Mega Spender,Critical,2010,Not Calculated
2017,Netherlands (Kingdom of the),General public services,33598.977,4.02928,8336.636,Moderate Spender,Moderate,2010,Not Calculated
2017,New Zealand,Total function,70531.87,34.13541,2066.177,Major Spender,Critical,2010,Not Calculated
2017,New Zealand,Social protection,21314.61,10.31566,2066.0376,Moderate Spender,Critical,2010,Not Calculated
2017,Norway,Total function,201098.77,50.47736,3983.861,Mega Spender,Critical,2010,Not Calculated
2017,Norway,Health,33506.066,8.41028,3983.468,Moderate Spender,Significant,2010,Not Calculated
2017,Norway,Education,22227.928,5.57938,3983.2283,Moderate Spender,Significant,2010,Not Calculated
2017,Norway,Social protection,79322.95,19.91068,3983.7397,Major Spender,Critical,2010,Not Calculated
2017,Peru,Total function,45125.344,21.38561,2109.9812,Moderate Spender,Critical,2010,Not Calculated
2017,Philippines,Total function,65775.4,20.02413,3284.6428,Major Spender,Critical,2010,Not Calculated
2017,Philippines,General public services,24065.834,7.32641,3284.3577,Moderate Spender,Significant,2010,Not Calculated
2017,Poland,Total function,217301.48,41.41906,5246.286,Mega Spender,Critical,2010,Not Calculated
2017,Poland,Health,24654.973,4.6994,5245.2925,Moderate Spender,Moderate,2010,Not Calculated
2017,Poland,Education,25790.951,4.91592,5245.347,Moderate Spender,Moderate,2010,Not Calculated
2017,Poland,Social protection,86490.07,16.48557,5246.0923,Major Spender,Critical,2010,Not Calculated
2017,Poland,General public services,23265.07,4.43447,5245.232,Moderate Spender,Moderate,2010,Not Calculated
2017,Portugal,Total function,100425.69,45.36802,2213.53,Mega Spender,Critical,2010,Not Calculated
2017,Portugal,Social protection,38076.086,17.20114,2213.4507,Moderate Spender,Critical,2010,Not Calculated
2017,Romania,Total function,70614.36,33.60233,2101.4097,Major Spender,Critical,2010,Not Calculated
2017,Romania,Social protection,24677.387,11.74291,2101.292,Moderate Spender,Critical,2010,Not Calculated
2017,Russian Federation,Total function,576686.4,36.63363,15741.564,Mega Spender,Critical,2010,Not Calculated
2017,Russian Federation,Health,47577.594,3.02234,15736.766,Moderate Spender,Moderate,2010,Not Calculated
2017,Russian Federation,Education,54792.535,3.48066,15737.475,Major Spender,Moderate,2010,Not Calculated
2017,Russian Federation,Social protection,207202.94,13.16243,15740.801,Mega Spender,Critical,2010,Not Calculated
2017,Russian Federation,General public services,104805.734,6.65772,15739.622,Mega Spender,Significant,2010,Not Calculated
2017,Russian Federation,Defence,32215.113,2.04644,15734.34,Moderate Spender,Moderate,2010,Not Calculated
2017,Russian Federation,Public order and safety,36650.28,2.32819,15735.204,Moderate Spender,Moderate,2010,Not Calculated
2017,Russian Federation,Other industries,22742.48,1.4447,15731.12,Moderate Spender,Minimal,2010,Not Calculated
2017,Singapore,Total function,54816.57,15.97279,3431.657,Major Spender,Critical,2010,Not Calculated
2017,Slovakia,Total function,37776.855,39.4949,956.4754,Moderate Spender,Critical,2010,Not Calculated
2017,Slovenia,Total function,21413.197,44.06996,485.87997,Moderate Spender,Critical,2010,Not Calculated
2017,South Africa,Total function,151122.03,39.68005,3808.4182,Mega Spender,Critical,2010,Not Calculated
2017,South Africa,Education,28531.871,7.4916,3808.0068,Moderate Spender,Significant,2010,Not Calculated
2017,South Africa,Social protection,20391.854,5.35428,3807.8035,Moderate Spender,Significant,2010,Not Calculated
2017,South Africa,General public services,33069.84,8.68313,3808.0771,Moderate Spender,Significant,2010,Not Calculated
2017,Spain,Total function,542546.3,41.3134,13132.136,Mega Spender,Critical,2010,Not Calculated
2017,Spain,Health,78300.46,5.96236,13130.26,Major Spender,Significant,2010,Not Calculated
2017,Spain,Education,52472.562,3.99564,13129.169,Major Spender,Moderate,2010,Not Calculated
2017,Spain,Social protection,218841.84,16.6642,13131.667,Mega Spender,Critical,2010,Not Calculated
2017,Spain,General public services,72984.18,5.55754,13130.1,Major Spender,Significant,2010,Not Calculated
2017,Spain,Public order and safety,24006.855,1.82806,13125.241,Moderate Spender,Minimal,2010,Not Calculated
2017,Sweden,Total function,266368.47,49.23461,5410.0776,Mega Spender,Critical,2010,Not Calculated
2017,Sweden,Health,37039.086,6.84617,5409.401,Moderate Spender,Significant,2010,Not Calculated
2017,Sweden,Education,36253.836,6.70103,5409.3813,Moderate Spender,Significant,2010,Not Calculated
2017,Sweden,Social protection,108084.81,19.97802,5409.916,Mega Spender,Critical,2010,Not Calculated
2017,Sweden,General public services,36622.54,6.76918,5409.3896,Moderate Spender,Significant,2010,Not Calculated
2017,"Switzerland, Liechtenstein",Total function,234327.44,32.95963,7109.3135,Mega Spender,Critical,2010,Not Calculated
2017,"Switzerland, Liechtenstein",Education,38219.223,5.37577,7108.2124,Moderate Spender,Significant,2010,Not Calculated
2017,"Switzerland, Liechtenstein",Social protection,92849.23,13.05983,7108.9834,Major Spender,Critical,2010,Not Calculated
2017,"Switzerland, Liechtenstein",General public services,31980.193,4.49822,7107.942,Moderate Spender,Moderate,2010,Not Calculated
2017,Thailand,Total function,96548.86,21.15644,4563.3525,Major Spender,Critical,2010,Not Calculated
2017,Thailand,General public services,32312.201,7.08047,4562.923,Moderate Spender,Significant,2010,Not Calculated
2017,Türkiye,Total function,289833.22,33.74122,8589.632,Mega Spender,Critical,2010,Not Calculated
2017,Türkiye,Health,45124.73,5.25324,8588.251,Moderate Spender,Significant,2010,Not Calculated
2017,Türkiye,Education,31328.63,3.64715,8587.539,Moderate Spender,Moderate,2010,Not Calculated
2017,Türkiye,Social protection,85369.43,9.93837,8589.018,Major Spender,Significant,2010,Not Calculated
2017,Türkiye,General public services,45633.484,5.31247,8588.265,Moderate Spender,Significant,2010,Not Calculated
2017,Ukraine,Total function,46466.832,41.45474,1120.8782,Moderate Spender,Critical,2010,Not Calculated
2017,United Kingdom,Total function,1.1023612e+06,41.08078,26833.338,Mega Spender,Critical,2010,Not Calculated
2017,United Kingdom,Transport,45581.805,1.69866,26818.19,Moderate Spender,Minimal,2010,Not Calculated
2017,United Kingdom,Health,198469.28,7.39619,26830.361,Mega Spender,Significant,2010,Not Calculated
2017,United Kingdom,Education,135385.02,5.04528,26828.678,Mega Spender,Significant,2010,Not Calculated
2017,United Kingdom,Social protection,402156.22,14.98682,26832.201,Mega Spender,Critical,2010,Not Calculated
2017,United Kingdom,General public services,127812.07,4.76307,26828.336,Mega Spender,Moderate,2010,Not Calculated
2017,United Kingdom,Defence,49993.777,1.86308,26819.543,Moderate Spender,Minimal,2010,Not Calculated
2017,United Kingdom,Public order and safety,48445.47,1.80538,26819.09,Moderate Spender,Minimal,2010,Not Calculated
2017,United States of America,Total function,7.412758e+06,37.85731,195802.66,Mega Spender,Critical,2010,Not Calculated
2017,United States of America,Housing and community amenities,109242.96,0.55791,195457.16,Mega Spender,Minimal,2010,Not Calculated
2017,United States of America,Health,1.8235456e+06,9.31294,195786.7,Mega Spender,Significant,2010,Not Calculated
2017,United States of America,Education,1.1778254e+06,6.01521,195775.31,Mega Spender,Significant,2010,Not Calculated
2017,United States of America,Social protection,1.4838745e+06,7.57822,195781.95,Mega Spender,Significant,2010,Not Calculated
2017,United States of America,General public services,1.0969965e+06,5.60241,195773.03,Mega Spender,Significant,2010,Not Calculated
2017,United States of America,Defence,616152.0,3.14672,195745.5,Mega Spender,Moderate,2010,Not Calculated
2017,United States of America,Public order and safety,385381.28,1.96816,195708.45,Mega Spender,Minimal,2010,Not Calculated
2017,United States of America,"Recreation, culture and religion",53564.23,0.27356,195091.19,Major Spender,Minimal,2010,Not Calculated
2018,Australia,Total function,565556.75,38.88539,14543.822,Mega Spender,Critical,2010,Not Calculated
2018,Australia,Transport,46033.652,3.16509,14539.591,Moderate Spender,Moderate,2010,Not Calculated
2018,Australia,Health,108474.06,7.45824,14542.24,Mega Spender,Significant,2010,Not Calculated
2018,Australia,Education,86086.336,5.91895,14541.733,Major Spender,Significant,2010,Not Calculated
2018,Australia,Social protection,142450.14,9.79429,14542.718,Mega Spender,Significant,2010,Not Calculated
2018,Australia,General public services,59282.934,4.07605,14540.6455,Major Spender,Moderate,2010,Not Calculated
2018,Australia,Defence,33567.387,2.30796,14537.882,Moderate Spender,Moderate,2010,Not Calculated
2018,Australia,Public order and safety,29283.207,2.01339,14537.01,Moderate Spender,Moderate,2010,Not Calculated
2018,Austria,Total function,221842.98,48.75764,4549.819,Mega Spender,Critical,2010,Not Calculated
2018,Austria,Health,37519.125,8.24612,4549.3604,Moderate Spender,Significant,2010,Not Calculated
2018,Austria,Education,21741.572,4.77846,4548.96,Moderate Spender,Moderate,2010,Not Calculated
2018,Austria,Social protection,91775.836,20.1709,4549.6875,Major Spender,Critical,2010,Not Calculated
2018,Austria,General public services,26894.055,5.9109,4549.139,Moderate Spender,Significant,2010,Not Calculated
2018,Belarus,Total function,24354.096,40.56917,600.2956,Moderate Spender,Critical,2010,Not Calculated
2018,Belgium,Total function,283956.03,52.26514,5432.887,Mega Spender,Critical,2010,Not Calculated
2018,Belgium,Health,41471.105,7.6332,5432.2793,Moderate Spender,Significant,2010,Not Calculated
2018,Belgium,Education,33740.695,6.21034,5432.1123,Moderate Spender,Significant,2010,Not Calculated
2018,Belgium,Social protection,104692.8,19.26983,5432.708,Mega Spender,Critical,2010,Not Calculated
2018,Belgium,General public services,38453.06,7.0777,5432.22,Moderate Spender,Significant,2010,Not Calculated
2018,Brazil,Total function,770782.9,40.20916,19168.86,Mega Spender,Critical,2010,Not Calculated
2018,Brazil,Health,100067.45,5.22018,19165.678,Mega Spender,Significant,2010,Not Calculated
2018,Brazil,Education,100975.82,5.26757,19165.697,Mega Spender,Significant,2010,Not Calculated
2018,Brazil,Social protection,298874.72,15.59129,19168.107,Mega Spender,Critical,2010,Not Calculated
2018,Brazil,General public services,133766.38,6.97814,19166.6,Mega Spender,Significant,2010,Not Calculated
2018,Brazil,Defence,20901.93,1.09038,19151.836,Moderate Spender,Minimal,2010,Not Calculated
2018,Brazil,Public order and safety,54508.9,2.84355,19162.574,Major Spender,Moderate,2010,Not Calculated
2018,Bulgaria,Total function,24515.088,36.94152,663.6008,Moderate Spender,Critical,2010,Not Calculated
2018,Canada,Total function,635881.75,36.92896,17218.588,Mega Spender,Critical,2010,Not Calculated
2018,Canada,Transport,21637.299,1.25659,17205.367,Moderate Spender,Minimal,2010,Not Calculated
2018,Canada,Health,139366.03,8.09371,17216.926,Mega Spender,Significant,2010,Not Calculated
2018,Canada,Education,82246.125,4.77646,17215.45,Major Spender,Moderate,2010,Not Calculated
2018,Canada,Social protection,191852.56,11.14187,17217.518,Mega Spender,Critical,2010,Not Calculated
2018,Canada,General public services,93364.195,5.42214,17215.893,Major Spender,Significant,2010,Not Calculated
2018,Canada,Public order and safety,29027.227,1.68576,17208.865,Moderate Spender,Minimal,2010,Not Calculated
2018,Chile,Total function,76825.88,26.00718,2953.9124,Major Spender,Critical,2010,Not Calculated
2018,Chile,Social protection,20618.34,6.97974,2953.6038,Moderate Spender,Significant,2010,Not Calculated
2018,China,Total function,4.2822675e+06,30.81898,138944.53,Mega Spender,Critical,2010,Not Calculated
2018,China,"Agriculture, forestry, fishing and hunting",332425.06,2.39242,138891.23,Mega Spender,Moderate,2010,Not Calculated
2018,China,Transport,226286.23,1.62856,138863.39,Mega Spender,Minimal,2010,Not Calculated
2018,China,Environment protection,100990.52,0.72682,138757.56,Mega Spender,Minimal,2010,Not Calculated
2018,China,Housing and community amenities,367596.1,2.64555,138896.34,Mega Spender,Moderate,2010,Not Calculated
2018,China,Health,397206.3,2.85865,138900.33,Mega Spender,Moderate,2010,Not Calculated
2018,China,Education,490349.3,3.52899,138909.55,Mega Spender,Moderate,2010,Not Calculated
2018,China,Social protection,1.1224831e+06,8.07838,138931.84,Mega Spender,Significant,2010,Not Calculated
2018,China,General public services,397614.44,2.86158,138900.73,Mega Spender,Moderate,2010,Not Calculated
2018,China,Defence,171143.8,1.2317,138836.53,Mega Spender,Minimal,2010,Not Calculated
2018,China,Public order and safety,208299.4,1.49911,138856.08,Mega Spender,Minimal,2010,Not Calculated
2018,China,"Recreation, culture and religion",54652.863,0.39333,138596.77,Major Spender,Minimal,2010,Not Calculated
2018,China,"General economic, commercial and labour affairs",128109.35,0.92199,138798.2,Mega Spender,Minimal,2010,Not Calculated
2018,China,RandD Economic affairs,103226.03,0.74291,138761.45,Mega Spender,Minimal,2010,Not Calculated
2018,China,Economic affairs n.e.c.,133041.83,0.95749,138803.56,Mega Spender,Minimal,2010,Not Calculated
2018,"China, Hong Kong SAR",Total function,73381.39,20.28617,3617.1333,Major Spender,Critical,2010,Not Calculated
2018,Colombia,Total function,111840.36,33.46528,3341.8823,Mega Spender,Critical,2010,Not Calculated
2018,Colombia,Social protection,32364.54,9.68423,3341.6387,Moderate Spender,Significant,2010,Not Calculated
2018,Costa Rica,Total function,20708.473,33.17593,624.1829,Moderate Spender,Critical,2010,Not Calculated
2018,Czechia,Total function,101080.83,40.59462,2489.9443,Mega Spender,Critical,2010,Not Calculated
2018,Czechia,Social protection,30816.96,12.37626,2489.8047,Moderate Spender,Critical,2010,Not Calculated
2018,Denmark,Total function,180377.16,50.5483,3568.3413,Mega Spender,Critical,2010,Not Calculated
2018,Denmark,Health,29597.035,8.29418,3567.9797,Moderate Spender,Significant,2010,Not Calculated
2018,Denmark,Education,22814.838,6.39355,3567.8567,Moderate Spender,Significant,2010,Not Calculated
2018,Denmark,Social protection,78036.06,21.86857,3568.2485,Major Spender,Critical,2010,Not Calculated
2018,Denmark,General public services,22608.174,6.33564,3567.8489,Moderate Spender,Significant,2010,Not Calculated
2018,Finland,Total function,147177.64,53.38171,2757.0283,Mega Spender,Critical,2010,Not Calculated
2018,Finland,Social protection,66863.28,24.25148,2756.9668,Major Spender,Critical,2010,Not Calculated
2018,Finland,General public services,22068.496,8.0043,2756.7356,Moderate Spender,Significant,2010,Not Calculated
2018,France,Total function,1.5530154e+06,55.50148,27981.01,Mega Spender,Critical,2010,Not Calculated
2018,France,Transport,55468.254,1.98232,27967.375,Major Spender,Minimal,2010,Not Calculated
2018,France,Environment protection,26889.152,0.96096,27952.465,Moderate Spender,Minimal,2010,Not Calculated
2018,France,Housing and community amenities,28863.709,1.03153,27954.352,Moderate Spender,Minimal,2010,Not Calculated
2018,France,Health,224024.7,8.00617,27978.01,Mega Spender,Significant,2010,Not Calculated
2018,France,Education,148536.92,5.30839,27976.268,Mega Spender,Significant,2010,Not Calculated
2018,France,Social protection,667133.0,23.84192,27980.34,Mega Spender,Critical,2010,Not Calculated
2018,France,General public services,162855.98,5.82013,27976.697,Mega Spender,Significant,2010,Not Calculated
2018,France,Defence,49097.004,1.75462,27965.621,Moderate Spender,Minimal,2010,Not Calculated
2018,France,Public order and safety,45301.414,1.61898,27964.18,Moderate Spender,Minimal,2010,Not Calculated
2018,France,"Recreation, culture and religion",39125.023,1.39825,27961.424,Moderate Spender,Minimal,2010,Not Calculated
2018,France,"General economic, commercial and labour affairs",49926.03,1.78425,27965.848,Moderate Spender,Minimal,2010,Not Calculated
2018,France,RandD Economic affairs,22082.668,0.78919,27946.023,Moderate Spender,Minimal,2010,Not Calculated
2018,Germany,Total function,1.7615129e+06,44.321,39743.535,Mega Spender,Critical,2010,Not Calculated
2018,Germany,Transport,62809.066,1.58032,39719.39,Major Spender,Minimal,2010,Not Calculated
2018,Germany,Environment protection,22898.707,0.57615,39675.49,Moderate Spender,Minimal,2010,Not Calculated
2018,Germany,Health,285149.72,7.17458,39738.91,Mega Spender,Significant,2010,Not Calculated
2018,Germany,Education,169580.34,4.26677,39735.12,Mega Spender,Moderate,2010,Not Calculated
2018,Germany,Social protection,765980.06,19.27264,39742.367,Mega Spender,Critical,2010,Not Calculated
2018,Germany,General public services,226616.9,5.70185,39737.484,Mega Spender,Significant,2010,Not Calculated
2018,Germany,Defence,41812.875,1.05204,39706.824,Moderate Spender,Minimal,2010,Not Calculated
2018,Germany,Public order and safety,62902.36,1.58267,39719.36,Major Spender,Minimal,2010,Not Calculated
2018,Germany,"Recreation, culture and religion",41007.465,1.03178,39705.902,Moderate Spender,Minimal,2010,Not Calculated
2018,Germany,"General economic, commercial and labour affairs",24485.91,0.61608,39680.285,Moderate Spender,Minimal,2010,Not Calculated
2018,Greece,Total function,102898.93,48.52591,2120.451,Mega Spender,Critical,2010,Not Calculated
2018,Greece,Social protection,41974.664,19.79475,2120.3877,Moderate Spender,Critical,2010,Not Calculated
2018,Hungary,Total function,74103.125,46.15159,1605.6115,Major Spender,Critical,2010,Not Calculated
2018,Hungary,Social protection,21018.434,13.09033,1605.5231,Moderate Spender,Critical,2010,Not Calculated
2018,India,Total function,668676.75,24.19939,27630.826,Mega Spender,Critical,2010,Not Calculated
2018,India,Housing and community amenities,56741.355,2.05347,27618.49,Major Spender,Moderate,2010,Not Calculated
2018,India,Health,34778.047,1.25862,27609.95,Moderate Spender,Minimal,2010,Not Calculated
2018,India,Education,120685.266,4.3676,27625.617,Mega Spender,Moderate,2010,Not Calculated
2018,India,Social protection,47362.383,1.71404,27615.904,Moderate Spender,Minimal,2010,Not Calculated
2018,India,General public services,84162.27,3.04583,27622.898,Major Spender,Moderate,2010,Not Calculated
2018,India,Defence,66511.336,2.40704,27620.527,Major Spender,Moderate,2010,Not Calculated
2018,India,Public order and safety,43183.566,1.56281,27614.33,Moderate Spender,Minimal,2010,Not Calculated
2018,Indonesia,Total function,170682.77,16.37604,10422.077,Mega Spender,Critical,2010,Not Calculated
2018,Indonesia,Education,28706.521,2.75423,10418.92,Moderate Spender,Moderate,2010,Not Calculated
2018,Indonesia,General public services,45831.69,4.39729,10420.343,Moderate Spender,Moderate,2010,Not Calculated
2018,Ireland,Total function,97773.82,25.3473,3857.2144,Major Spender,Critical,2010,Not Calculated
2018,Ireland,Social protection,34113.324,8.84368,3856.9312,Moderate Spender,Significant,2010,Not Calculated
2018,Israel,Total function,149765.05,40.08258,3736.319,Mega Spender,Critical,2010,Not Calculated
2018,Israel,Health,20009.736,5.35533,3735.7178,Moderate Spender,Significant,2010,Not Calculated
2018,Israel,Education,26644.758,7.13111,3735.887,Moderate Spender,Significant,2010,Not Calculated
2018,Israel,Social protection,40799.54,10.91944,3736.0708,Moderate Spender,Critical,2010,Not Calculated
2018,Israel,Defence,20474.945,5.47984,3735.7314,Moderate Spender,Significant,2010,Not Calculated
2018,Italy,Total function,1.0123674e+06,48.39388,20918.895,Mega Spender,Critical,2010,Not Calculated
2018,Italy,Transport,36569.91,1.74814,20907.365,Moderate Spender,Minimal,2010,Not Calculated
2018,Italy,Health,142509.33,6.81233,20916.254,Mega Spender,Significant,2010,Not Calculated
2018,Italy,Education,82116.26,3.92538,20913.986,Major Spender,Moderate,2010,Not Calculated
2018,Italy,Social protection,432130.16,20.65698,20918.316,Mega Spender,Critical,2010,Not Calculated
2018,Italy,General public services,162583.19,7.77191,20916.643,Mega Spender,Significant,2010,Not Calculated
2018,Italy,Defence,26208.924,1.25286,20902.592,Moderate Spender,Minimal,2010,Not Calculated
2018,Italy,Public order and safety,38658.547,1.84798,20908.04,Moderate Spender,Minimal,2010,Not Calculated
2018,Japan,Total function,1.9304162e+06,38.31837,50377.035,Mega Spender,Critical,2010,Not Calculated
2018,Japan,"Agriculture, forestry, fishing and hunting",42503.758,0.84369,50318.766,Moderate Spender,Minimal,2010,Not Calculated
2018,Japan,Transport,71129.086,1.4119,50342.617,Major Spender,Minimal,2010,Not Calculated
2018,Japan,Environment protection,56152.16,1.11461,50333.145,Major Spender,Minimal,2010,Not Calculated
2018,Japan,Housing and community amenities,31966.115,0.63452,50299.152,Moderate Spender,Minimal,2010,Not Calculated
2018,Japan,Health,380618.47,7.5552,50371.676,Mega Spender,Significant,2010,Not Calculated
2018,Japan,Education,165149.2,3.27818,50362.96,Mega Spender,Moderate,2010,Not Calculated
2018,Japan,Social protection,799503.3,15.86998,50375.168,Mega Spender,Critical,2010,Not Calculated
2018,Japan,General public services,188804.56,3.74773,50364.94,Mega Spender,Moderate,2010,Not Calculated
2018,Japan,Defence,45792.92,0.90898,50323.0,Moderate Spender,Minimal,2010,Not Calculated
2018,Japan,Public order and safety,61373.89,1.21826,50336.996,Major Spender,Minimal,2010,Not Calculated
2018,Japan,Other industries,23476.955,0.46601,50270.777,Moderate Spender,Minimal,2010,Not Calculated
2018,Kazakhstan,Total function,32597.93,18.17661,1793.3011,Moderate Spender,Critical,2010,Not Calculated
2018,"Korea, Republic of",Total function,537406.3,31.1584,17247.006,Mega Spender,Critical,2010,Not Calculated
2018,"Korea, Republic of",Health,80912.35,4.69124,17243.865,Major Spender,Moderate,2010,Not Calculated
2018,"Korea, Republic of",Education,82498.12,4.78318,17243.94,Major Spender,Moderate,2010,Not Calculated
2018,"Korea, Republic of",Social protection,119182.58,6.91011,17245.07,Mega Spender,Significant,2010,Not Calculated
2018,"Korea, Republic of",General public services,69608.12,4.03583,17243.262,Major Spender,Moderate,2010,Not Calculated
2018,"Korea, Republic of",Defence,42011.58,2.4358,17240.47,Moderate Spender,Moderate,2010,Not Calculated
2018,"Korea, Republic of",Public order and safety,20375.793,1.18137,17233.008,Moderate Spender,Minimal,2010,Not Calculated
2018,Luxembourg,Total function,30032.879,42.29961,709.9869,Moderate Spender,Critical,2010,Not Calculated
2018,Malaysia,Total function,70720.46,19.71088,3587.7075,Major Spender,Critical,2010,Not Calculated
2018,Malaysia,General public services,25216.436,7.02821,3587.3782,Moderate Spender,Significant,2010,Not Calculated
2018,Netherlands (Kingdom of the),Total function,386454.38,42.27965,9140.218,Mega Spender,Critical,2010,Not Calculated
2018,Netherlands (Kingdom of the),Health,67145.53,7.34599,9139.189,Major Spender,Significant,2010,Not Calculated
2018,Netherlands (Kingdom of the),Education,46220.2,5.05667,9138.635,Moderate Spender,Significant,2010,Not Calculated
2018,Netherlands (Kingdom of the),Social protection,145571.53,15.92611,9139.858,Mega Spender,Critical,2010,Not Calculated
2018,Netherlands (Kingdom of the),General public services,36955.61,4.04309,9138.178,Moderate Spender,Moderate,2010,Not Calculated
2018,New Zealand,Total function,72470.78,34.19189,2119.4692,Major Spender,Critical,2010,Not Calculated
2018,New Zealand,Social protection,21133.896,9.97102,2119.3196,Moderate Spender,Significant,2010,Not Calculated
2018,Norway,Total function,213354.56,48.82259,4369.907,Mega Spender,Critical,2010,Not Calculated
2018,Norway,Health,35763.418,8.18385,4369.465,Moderate Spender,Significant,2010,Not Calculated
2018,Norway,Education,23576.514,5.39509,4369.1846,Moderate Spender,Significant,2010,Not Calculated
2018,Norway,Social protection,83079.87,19.01142,4369.7686,Major Spender,Critical,2010,Not Calculated
2018,Peru,Total function,47432.137,21.30852,2225.8662,Moderate Spender,Critical,2010,Not Calculated
2018,Philippines,Total function,67065.5,19.33604,3468.2402,Major Spender,Critical,2010,Not Calculated
2018,Philippines,General public services,25296.637,7.29342,3467.9436,Moderate Spender,Significant,2010,Not Calculated
2018,Poland,Total function,244031.52,41.44699,5887.6562,Mega Spender,Critical,2010,Not Calculated
2018,Poland,Transport,20897.496,3.54929,5886.138,Moderate Spender,Moderate,2010,Not Calculated
2018,Poland,Health,28225.092,4.79383,5886.568,Moderate Spender,Moderate,2010,Not Calculated
2018,Poland,Education,29350.693,4.985,5886.621,Moderate Spender,Moderate,2010,Not Calculated
2018,Poland,Social protection,95074.16,16.14766,5887.4336,Major Spender,Critical,2010,Not Calculated
2018,Poland,General public services,25635.592,4.35402,5886.4463,Moderate Spender,Moderate,2010,Not Calculated
2018,Portugal,Total function,104777.2,43.24042,2423.075,Mega Spender,Critical,2010,Not Calculated
2018,Portugal,Social protection,41028.117,16.93186,2422.988,Moderate Spender,Critical,2010,Not Calculated
2018,Romania,Total function,83900.805,34.48223,2433.09,Major Spender,Critical,2010,Not Calculated
2018,Romania,Social protection,28121.684,11.55768,2432.9492,Moderate Spender,Critical,2010,Not Calculated
2018,Russian Federation,Total function,568793.06,34.31987,16572.805,Mega Spender,Critical,2010,Not Calculated
2018,Russian Federation,Health,52607.12,3.17421,16568.076,Major Spender,Moderate,2010,Not Calculated
2018,Russian Federation,Education,57163.023,3.44911,16568.465,Major Spender,Moderate,2010,Not Calculated
2018,Russian Federation,Social protection,191334.89,11.54478,16571.846,Mega Spender,Critical,2010,Not Calculated
2018,Russian Federation,General public services,93780.68,5.65854,16570.373,Major Spender,Significant,2010,Not Calculated
2018,Russian Federation,Defence,29554.414,1.78326,16563.96,Moderate Spender,Minimal,2010,Not Calculated
2018,Russian Federation,Public order and safety,36520.156,2.20356,16565.734,Moderate Spender,Moderate,2010,Not Calculated
2018,Russian Federation,Other industries,28458.164,1.71711,16563.645,Moderate Spender,Minimal,2010,Not Calculated
2018,Russian Federation,Economic affairs n.e.c.,19964.533,1.20462,16559.557,Moderate Spender,Minimal,2010,Not Calculated
2018,Singapore,Total function,61366.27,16.27811,3769.633,Major Spender,Critical,2010,Not Calculated
2018,Slovakia,Total function,42104.465,39.66958,1061.3524,Moderate Spender,Critical,2010,Not Calculated
2018,Slovenia,Total function,23550.725,43.46926,541.76636,Moderate Spender,Critical,2010,Not Calculated
2018,South Africa,Total function,162836.03,40.31137,4039.3564,Mega Spender,Critical,2010,Not Calculated
2018,South Africa,Education,33045.52,8.18068,4038.9646,Moderate Spender,Significant,2010,Not Calculated
2018,South Africa,Social protection,24712.998,6.1179,4038.7976,Moderate Spender,Significant,2010,Not Calculated
2018,South Africa,General public services,34533.29,8.54899,4038.9856,Moderate Spender,Significant,2010,Not Calculated
2018,Spain,Total function,594450.0,41.81254,14216.6875,Mega Spender,Critical,2010,Not Calculated
2018,Spain,Transport,23035.7,1.62029,14208.253,Moderate Spender,Minimal,2010,Not Calculated
2018,Spain,Health,85214.13,5.99381,14214.651,Major Spender,Significant,2010,Not Calculated
2018,Spain,Education,56409.473,3.96774,14213.446,Major Spender,Moderate,2010,Not Calculated
2018,Spain,Social protection,240128.2,16.89018,14216.188,Mega Spender,Critical,2010,Not Calculated
2018,Spain,General public services,79843.16,5.61602,14214.504,Major Spender,Significant,2010,Not Calculated
2018,Spain,Public order and safety,25431.855,1.78883,14209.089,Moderate Spender,Minimal,2010,Not Calculated
2018,Sweden,Total function,276901.0,49.85117,5554.4424,Mega Spender,Critical,2010,Not Calculated
2018,Sweden,Health,38889.996,7.00146,5553.762,Moderate Spender,Significant,2010,Not Calculated
2018,Sweden,Education,38267.16,6.88933,5553.7485,Moderate Spender,Significant,2010,Not Calculated
2018,Sweden,Social protection,108628.36,19.55663,5554.2705,Mega Spender,Critical,2010,Not Calculated
2018,Sweden,General public services,39156.203,7.04939,5553.764,Moderate Spender,Significant,2010,Not Calculated
2018,"Switzerland, Liechtenstein",Total function,239364.1,32.24923,7422.09,Mega Spender,Critical,2010,Not Calculated
2018,"Switzerland, Liechtenstein",Education,39276.855,5.29172,7420.921,Moderate Spender,Significant,2010,Not Calculated
2018,"Switzerland, Liechtenstein",Social protection,94531.92,12.73617,7421.7363,Major Spender,Critical,2010,Not Calculated
2018,"Switzerland, Liechtenstein",General public services,32037.803,4.31641,7420.607,Moderate Spender,Moderate,2010,Not Calculated
2018,Thailand,Total function,106565.336,21.029,5067.3013,Mega Spender,Critical,2010,Not Calculated
2018,Thailand,General public services,34104.062,6.7299,5066.791,Moderate Spender,Significant,2010,Not Calculated
2018,Türkiye,Total function,266783.6,34.26995,7784.5405,Mega Spender,Critical,2010,Not Calculated
2018,Türkiye,Health,39669.492,5.09578,7783.246,Moderate Spender,Significant,2010,Not Calculated
2018,Türkiye,Education,28659.982,3.68155,7782.646,Moderate Spender,Moderate,2010,Not Calculated
2018,Türkiye,Social protection,76904.625,9.87886,7783.9785,Major Spender,Significant,2010,Not Calculated
2018,Türkiye,General public services,44780.742,5.75235,7783.421,Moderate Spender,Significant,2010,Not Calculated
2018,Ukraine,Total function,54264.46,41.45772,1308.8793,Major Spender,Critical,2010,Not Calculated
2018,Ukraine,Social protection,20193.898,15.42802,1308.8257,Moderate Spender,Critical,2010,Not Calculated
2018,United Kingdom,Total function,1.1747138e+06,40.81486,28780.814,Mega Spender,Critical,2010,Not Calculated
2018,United Kingdom,Transport,45330.98,1.575,28763.31,Moderate Spender,Minimal,2010,Not Calculated
2018,United Kingdom,Health,215780.11,7.49718,28777.664,Mega Spender,Significant,2010,Not Calculated
2018,United Kingdom,Education,142276.88,4.94334,28775.707,Mega Spender,Moderate,2010,Not Calculated
2018,United Kingdom,Social protection,428511.66,14.88843,28779.588,Mega Spender,Critical,2010,Not Calculated
2018,United Kingdom,General public services,135392.56,4.70415,28775.396,Mega Spender,Moderate,2010,Not Calculated
2018,United Kingdom,Defence,52887.7,1.83756,28765.826,Major Spender,Minimal,2010,Not Calculated
2018,United Kingdom,Public order and safety,51700.293,1.7963,28765.531,Major Spender,Minimal,2010,Not Calculated
2018,United States of America,Total function,7.7946345e+06,37.77565,206334.72,Mega Spender,Critical,2010,Not Calculated
2018,United States of America,Housing and community amenities,103192.95,0.50011,205928.77,Mega Spender,Minimal,2010,Not Calculated
2018,United States of America,Health,1.9219682e+06,9.31456,206318.05,Mega Spender,Significant,2010,Not Calculated
2018,United States of America,Education,1.2232878e+06,5.9285,206305.38,Mega Spender,Significant,2010,Not Calculated
2018,United States of America,Social protection,1.5417399e+06,7.47184,206312.45,Mega Spender,Significant,2010,Not Calculated
2018,United States of America,General public services,1.1761406e+06,5.70001,206303.9,Mega Spender,Significant,2010,Not Calculated
2018,United States of America,Defence,660548.44,3.20126,206275.7,Mega Spender,Moderate,2010,Not Calculated
2018,United States of America,Public order and safety,407283.6,1.97385,206235.2,Mega Spender,Minimal,2010,Not Calculated
2018,United States of America,"Recreation, culture and religion",56462.73,0.27364,205588.16,Major Spender,Minimal,2010,Not Calculated
2019,Australia,Total function,606215.5,44.05445,13760.284,Mega Spender,Critical,2010,Not Calculated
2019,Australia,Transport,44262.57,3.21662,13756.308,Moderate Spender,Moderate,2010,Not Calculated
2019,Australia,Health,108333.19,7.87271,13758.849,Mega Spender,Significant,2010,Not Calculated
2019,Australia,Education,87527.58,6.36074,13758.434,Major Spender,Significant,2010,Not Calculated
2019,Australia,Social protection,151800.48,11.03153,13759.353,Mega Spender,Critical,2010,Not Calculated
2019,Australia,General public services,55504.785,4.0336,13757.197,Major Spender,Moderate,2010,Not Calculated
2019,Australia,Defence,34566.406,2.51198,13755.1455,Moderate Spender,Moderate,2010,Not Calculated
2019,Australia,Public order and safety,29125.346,2.11658,13754.071,Moderate Spender,Moderate,2010,Not Calculated
2019,Australia,"General economic, commercial and labour affairs",41301.863,3.00146,13756.008,Moderate Spender,Moderate,2010,Not Calculated
2019,Austria,Total function,216211.52,48.62825,4446.1206,Mega Spender,Critical,2010,Not Calculated
2019,Austria,Health,36910.72,8.30161,4445.6763,Moderate Spender,Significant,2010,Not Calculated
2019,Austria,Education,21364.98,4.80521,4445.2866,Moderate Spender,Moderate,2010,Not Calculated
2019,Austria,Social protection,89688.42,20.17187,4445.9927,Major Spender,Critical,2010,Not Calculated
2019,Austria,General public services,25581.549,5.75356,4445.4395,Moderate Spender,Significant,2010,Not Calculated
2019,Belarus,Total function,26216.535,40.70248,644.0858,Moderate Spender,Critical,2010,Not Calculated
2019,Belgium,Total function,277855.7,51.85511,5358.2056,Mega Spender,Critical,2010,Not Calculated
2019,Belgium,Health,40616.996,7.58019,5357.6016,Moderate Spender,Significant,2010,Not Calculated
2019,Belgium,Education,32843.816,6.12951,5357.4365,Moderate Spender,Significant,2010,Not Calculated
2019,Belgium,Social protection,103115.805,19.2441,5358.029,Mega Spender,Critical,2010,Not Calculated
2019,Belgium,General public services,36745.52,6.85767,5357.529,Moderate Spender,Significant,2010,Not Calculated
2019,Brazil,Total function,738667.2,39.26035,18814.105,Mega Spender,Critical,2010,Not Calculated
2019,Brazil,Health,94924.01,5.04524,18810.84,Major Spender,Significant,2010,Not Calculated
2019,Brazil,Education,95011.73,5.0499,18810.852,Major Spender,Significant,2010,Not Calculated
2019,Brazil,Social protection,294226.53,15.63821,18813.387,Mega Spender,Critical,2010,Not Calculated
2019,Brazil,General public services,124973.26,6.64236,18811.754,Mega Spender,Significant,2010,Not Calculated
2019,Brazil,Defence,21261.152,1.13004,18797.877,Moderate Spender,Minimal,2010,Not Calculated
2019,Brazil,Public order and safety,52508.94,2.79086,18807.871,Major Spender,Moderate,2010,Not Calculated
2019,Bulgaria,Total function,25013.701,36.29687,689.1231,Moderate Spender,Critical,2010,Not Calculated
2019,Canada,Total function,653145.44,37.50483,17414.504,Mega Spender,Critical,2010,Not Calculated
2019,Canada,Transport,20922.625,1.20142,17400.43,Moderate Spender,Minimal,2010,Not Calculated
2019,Canada,Health,141835.95,8.14449,17412.818,Mega Spender,Significant,2010,Not Calculated
2019,Canada,Education,82639.09,4.74529,17411.305,Major Spender,Moderate,2010,Not Calculated
2019,Canada,Social protection,195429.83,11.22195,17413.41,Mega Spender,Critical,2010,Not Calculated
2019,Canada,General public services,96145.34,5.52085,17411.799,Major Spender,Significant,2010,Not Calculated
2019,Canada,Public order and safety,30537.535,1.75352,17405.064,Moderate Spender,Minimal,2010,Not Calculated
2019,Chile,Total function,76946.45,27.62048,2785.747,Major Spender,Critical,2010,Not Calculated
2019,Chile,Social protection,20957.967,7.52301,2785.4785,Moderate Spender,Significant,2010,Not Calculated
2019,China,Total function,4.5232715e+06,31.67565,142795.14,Mega Spender,Critical,2010,Not Calculated
2019,China,"Agriculture, forestry, fishing and hunting",343143.88,2.40297,142740.5,Mega Spender,Moderate,2010,Not Calculated
2019,China,Transport,231355.08,1.62014,142711.34,Mega Spender,Minimal,2010,Not Calculated
2019,China,Environment protection,113354.71,0.7938,142620.42,Mega Spender,Minimal,2010,Not Calculated
2019,China,Housing and community amenities,394801.38,2.76472,142748.14,Mega Spender,Moderate,2010,Not Calculated
2019,China,Health,382798.6,2.68067,142746.34,Mega Spender,Moderate,2010,Not Calculated
2019,China,Education,507810.44,3.5561,142759.69,Mega Spender,Moderate,2010,Not Calculated
2019,China,Social protection,1.2037632e+06,8.42973,142782.78,Mega Spender,Significant,2010,Not Calculated
2019,China,General public services,444525.03,3.11293,142753.7,Mega Spender,Moderate,2010,Not Calculated
2019,China,Defence,176326.31,1.23478,142684.22,Mega Spender,Minimal,2010,Not Calculated
2019,China,Public order and safety,201232.27,1.40919,142698.67,Mega Spender,Minimal,2010,Not Calculated
2019,China,"Recreation, culture and religion",59548.797,0.41701,142457.83,Major Spender,Minimal,2010,Not Calculated
2019,China,"General economic, commercial and labour affairs",108802.85,0.76193,142611.84,Mega Spender,Minimal,2010,Not Calculated
2019,China,RandD Economic affairs,111356.56,0.77981,142616.72,Mega Spender,Minimal,2010,Not Calculated
2019,China,Economic affairs n.e.c.,200673.53,1.40528,142698.12,Mega Spender,Minimal,2010,Not Calculated
2019,"China, Hong Kong SAR",Total function,77655.24,21.38958,3630.348,Major Spender,Critical,2010,Not Calculated
2019,Colombia,Total function,108937.93,33.71548,3230.9995,Mega Spender,Critical,2010,Not Calculated
2019,Colombia,Social protection,31223.791,9.66353,3230.7612,Moderate Spender,Significant,2010,Not Calculated
2019,Costa Rica,Total function,22149.47,34.38415,644.158,Moderate Spender,Critical,2010,Not Calculated
2019,Czechia,Total function,103680.88,41.0539,2525.4204,Mega Spender,Critical,2010,Not Calculated
2019,Czechia,Social protection,31610.637,12.51668,2525.279,Moderate Spender,Critical,2010,Not Calculated
2019,Denmark,Total function,172098.23,49.66778,3464.9175,Mega Spender,Critical,2010,Not Calculated
2019,Denmark,Health,29031.344,8.37848,3464.5757,Moderate Spender,Significant,2010,Not Calculated
2019,Denmark,Education,21930.305,6.32912,3464.4375,Moderate Spender,Significant,2010,Not Calculated
2019,Denmark,Social protection,75095.586,21.67269,3464.8271,Major Spender,Critical,2010,Not Calculated
2019,Denmark,General public services,20457.469,5.90405,3464.4023,Moderate Spender,Significant,2010,Not Calculated
2019,Finland,Total function,143231.17,53.34198,2685.0989,Mega Spender,Critical,2010,Not Calculated
2019,Finland,Social protection,64616.07,24.06424,2685.0376,Major Spender,Critical,2010,Not Calculated
2019,Finland,General public services,21472.64,7.99681,2684.8152,Moderate Spender,Significant,2010,Not Calculated
2019,France,Total function,1.5104846e+06,55.20264,27362.047,Mega Spender,Critical,2010,Not Calculated
2019,France,Transport,54907.984,2.00668,27348.973,Major Spender,Moderate,2010,Not Calculated
2019,France,Environment protection,27165.168,0.99279,27334.918,Moderate Spender,Minimal,2010,Not Calculated
2019,France,Housing and community amenities,28858.934,1.05469,27336.559,Moderate Spender,Minimal,2010,Not Calculated
2019,France,Health,217197.1,7.93775,27359.105,Mega Spender,Significant,2010,Not Calculated
2019,France,Education,143209.89,5.23379,27357.334,Mega Spender,Significant,2010,Not Calculated
2019,France,Social protection,650039.7,23.75655,27361.395,Mega Spender,Critical,2010,Not Calculated
2019,France,General public services,151933.97,5.55263,27357.598,Mega Spender,Significant,2010,Not Calculated
2019,France,Defence,47481.39,1.73527,27346.777,Moderate Spender,Minimal,2010,Not Calculated
2019,France,Public order and safety,44678.227,1.63282,27345.867,Moderate Spender,Minimal,2010,Not Calculated
2019,France,"Recreation, culture and religion",39023.76,1.42617,27343.457,Moderate Spender,Minimal,2010,Not Calculated
2019,France,"General economic, commercial and labour affairs",51439.855,1.87994,27347.95,Major Spender,Minimal,2010,Not Calculated
2019,France,RandD Economic affairs,21164.785,0.77349,27327.383,Moderate Spender,Minimal,2010,Not Calculated
2019,Germany,Total function,1.7493435e+06,44.99079,38881.395,Mega Spender,Critical,2010,Not Calculated
2019,Germany,Transport,62561.832,1.60901,38858.04,Major Spender,Minimal,2010,Not Calculated
2019,Germany,Environment protection,23123.865,0.59472,38816.668,Moderate Spender,Minimal,2010,Not Calculated
2019,Germany,Health,283426.3,7.28935,38876.914,Mega Spender,Significant,2010,Not Calculated
2019,Germany,Education,169856.75,4.36849,38873.355,Mega Spender,Moderate,2010,Not Calculated
2019,Germany,Social protection,761025.5,19.57256,38880.28,Mega Spender,Critical,2010,Not Calculated
2019,Germany,General public services,225105.05,5.7894,38875.56,Mega Spender,Significant,2010,Not Calculated
2019,Germany,Defence,41267.188,1.06134,38845.555,Moderate Spender,Minimal,2010,Not Calculated
2019,Germany,Public order and safety,63068.953,1.62205,38858.293,Major Spender,Minimal,2010,Not Calculated
2019,Germany,"Recreation, culture and religion",40630.207,1.04495,38845.266,Moderate Spender,Minimal,2010,Not Calculated
2019,Greece,Total function,98152.164,47.81915,2052.5273,Major Spender,Critical,2010,Not Calculated
2019,Greece,Social protection,40617.895,19.7888,2052.4663,Moderate Spender,Critical,2010,Not Calculated
2019,Hungary,Total function,75522.72,46.05364,1639.8505,Major Spender,Critical,2010,Not Calculated
2019,Hungary,Social protection,20754.246,12.65591,1639.7561,Moderate Spender,Critical,2010,Not Calculated
2019,India,Total function,710571.0,24.9259,28506.193,Mega Spender,Critical,2010,Not Calculated
2019,India,Housing and community amenities,51969.8,1.82303,28491.746,Major Spender,Minimal,2010,Not Calculated
2019,India,Health,37052.547,1.29975,28485.525,Moderate Spender,Minimal,2010,Not Calculated
2019,India,Education,128899.98,4.52164,28501.049,Mega Spender,Moderate,2010,Not Calculated
2019,India,Social protection,53925.086,1.89162,28492.293,Major Spender,Minimal,2010,Not Calculated
2019,India,General public services,94793.06,3.32522,28498.734,Major Spender,Moderate,2010,Not Calculated
2019,India,Defence,71225.445,2.4985,28495.877,Major Spender,Moderate,2010,Not Calculated
2019,India,Public order and safety,45743.418,1.60462,28489.566,Moderate Spender,Minimal,2010,Not Calculated
2019,Indonesia,Total function,183775.83,16.42175,11190.321,Mega Spender,Critical,2010,Not Calculated
2019,Indonesia,Education,31805.658,2.84208,11187.043,Moderate Spender,Moderate,2010,Not Calculated
2019,Indonesia,General public services,52053.09,4.65134,11188.583,Major Spender,Moderate,2010,Not Calculated
2019,Ireland,Total function,96846.12,24.25266,3993.0515,Major Spender,Critical,2010,Not Calculated
2019,Ireland,Social protection,34642.24,8.67527,3992.7568,Moderate Spender,Significant,2010,Not Calculated
2019,Israel,Total function,157568.2,39.59651,3979.245,Mega Spender,Critical,2010,Not Calculated
2019,Israel,Health,21412.86,5.381,3978.6064,Moderate Spender,Significant,2010,Not Calculated
2019,Israel,Education,28037.002,7.04563,3978.7817,Moderate Spender,Significant,2010,Not Calculated
2019,Israel,Social protection,43790.113,11.00435,3978.9841,Moderate Spender,Critical,2010,Not Calculated
2019,Israel,Defence,20834.117,5.23556,3978.5886,Moderate Spender,Significant,2010,Not Calculated
2019,Italy,Total function,974905.56,48.47136,20112.607,Mega Spender,Critical,2010,Not Calculated
2019,Italy,Transport,36619.02,1.82066,20102.006,Moderate Spender,Minimal,2010,Not Calculated
2019,Italy,Health,136915.1,6.80729,20110.057,Mega Spender,Significant,2010,Not Calculated
2019,Italy,Education,78445.72,3.90025,20107.842,Major Spender,Moderate,2010,Not Calculated
2019,Italy,Social protection,423389.75,21.05053,20112.066,Mega Spender,Critical,2010,Not Calculated
2019,Italy,General public services,147393.38,7.32826,20110.268,Mega Spender,Significant,2010,Not Calculated
2019,Italy,Defence,25386.322,1.26218,20097.152,Moderate Spender,Minimal,2010,Not Calculated
2019,Italy,Public order and safety,36733.316,1.82634,20102.07,Moderate Spender,Minimal,2010,Not Calculated
2019,Japan,Total function,1.9929994e+06,38.90056,51231.867,Mega Spender,Critical,2010,Not Calculated
2019,Japan,"Agriculture, forestry, fishing and hunting",44228.188,0.86327,51174.043,Moderate Spender,Minimal,2010,Not Calculated
2019,Japan,Transport,72029.39,1.40591,51196.87,Major Spender,Minimal,2010,Not Calculated
2019,Japan,Environment protection,57485.727,1.12204,51187.6,Major Spender,Minimal,2010,Not Calculated
2019,Japan,Housing and community amenities,32080.64,0.62617,51151.43,Moderate Spender,Minimal,2010,Not Calculated
2019,Japan,Health,394921.88,7.70832,51226.55,Mega Spender,Significant,2010,Not Calculated
2019,Japan,Education,170936.22,3.33644,51217.766,Mega Spender,Moderate,2010,Not Calculated
2019,Japan,Social protection,823585.7,16.07524,51230.0,Mega Spender,Critical,2010,Not Calculated
2019,Japan,General public services,191201.39,3.73198,51219.504,Mega Spender,Moderate,2010,Not Calculated
2019,Japan,Defence,47160.04,0.9205,51177.473,Moderate Spender,Minimal,2010,Not Calculated
2019,Japan,Public order and safety,63845.715,1.24618,51192.06,Major Spender,Minimal,2010,Not Calculated
2019,Japan,"Recreation, culture and religion",21592.58,0.42146,51111.54,Moderate Spender,Minimal,2010,Not Calculated
2019,Japan,Other industries,27476.463,0.5363,51138.03,Moderate Spender,Minimal,2010,Not Calculated
2019,Kazakhstan,Total function,35498.75,19.54054,1816.579,Moderate Spender,Critical,2010,Not Calculated
2019,"Korea, Republic of",Total function,559355.75,33.87525,16511.736,Mega Spender,Critical,2010,Not Calculated
2019,"Korea, Republic of",Health,85670.36,5.1883,16509.04,Major Spender,Significant,2010,Not Calculated
2019,"Korea, Republic of",Education,84698.305,5.12943,16509.008,Major Spender,Significant,2010,Not Calculated
2019,"Korea, Republic of",Social protection,125902.91,7.62483,16510.06,Mega Spender,Significant,2010,Not Calculated
2019,"Korea, Republic of",General public services,69029.55,4.18051,16508.283,Major Spender,Moderate,2010,Not Calculated
2019,"Korea, Republic of",Defence,42234.508,2.55777,16505.785,Moderate Spender,Moderate,2010,Not Calculated
2019,"Korea, Republic of",Public order and safety,21133.258,1.27986,16499.271,Moderate Spender,Minimal,2010,Not Calculated
2019,Luxembourg,Total function,30115.309,43.1293,698.24023,Moderate Spender,Critical,2010,Not Calculated
2019,Malaysia,Total function,76138.4,20.84391,3652.6135,Major Spender,Critical,2010,Not Calculated
2019,Malaysia,General public services,32463.785,8.8874,3652.3767,Moderate Spender,Significant,2010,Not Calculated
2019,Netherlands (Kingdom of the),Total function,383412.2,42.12421,9101.728,Mega Spender,Critical,2010,Not Calculated
2019,Netherlands (Kingdom of the),Health,66985.99,7.35953,9100.702,Major Spender,Significant,2010,Not Calculated
2019,Netherlands (Kingdom of the),Education,45382.38,4.98601,9100.118,Moderate Spender,Moderate,2010,Not Calculated
2019,Netherlands (Kingdom of the),Social protection,144287.95,15.85243,9101.371,Mega Spender,Critical,2010,Not Calculated
2019,Netherlands (Kingdom of the),General public services,36166.863,3.97353,9099.658,Moderate Spender,Moderate,2010,Not Calculated
2019,New Zealand,Total function,73804.49,34.57945,2134.284,Major Spender,Critical,2010,Not Calculated
2019,New Zealand,Social protection,21624.568,10.13171,2134.1345,Moderate Spender,Critical,2010,Not Calculated
2019,Norway,Total function,208757.16,51.55244,4049.3352,Mega Spender,Critical,2010,Not Calculated
2019,Norway,Health,35248.75,8.70466,4048.946,Moderate Spender,Significant,2010,Not Calculated
2019,Norway,Education,22701.023,5.606,4048.6934,Moderate Spender,Significant,2010,Not Calculated
2019,Norway,Social protection,79851.93,19.71938,4049.2087,Major Spender,Critical,2010,Not Calculated
2019,Peru,Total function,47406.664,20.76272,2283.149,Moderate Spender,Critical,2010,Not Calculated
2019,Philippines,Total function,69706.5,18.49845,3768.0312,Major Spender,Critical,2010,Not Calculated
2019,Philippines,General public services,28953.635,7.68361,3767.743,Moderate Spender,Significant,2010,Not Calculated
2019,Poland,Total function,249604.67,41.87587,5960.4424,Mega Spender,Critical,2010,Not Calculated
2019,Poland,Transport,20070.3,3.36717,5958.8145,Moderate Spender,Moderate,2010,Not Calculated
2019,Poland,Health,29142.84,4.88926,5959.3643,Moderate Spender,Moderate,2010,Not Calculated
2019,Poland,Education,29922.123,5.02,5959.395,Moderate Spender,Significant,2010,Not Calculated
2019,Poland,Social protection,99626.82,16.71427,5960.2285,Major Spender,Critical,2010,Not Calculated
2019,Poland,General public services,25225.627,4.23207,5959.18,Moderate Spender,Moderate,2010,Not Calculated
2019,Portugal,Total function,101876.85,42.451,2399.8127,Mega Spender,Critical,2010,Not Calculated
2019,Portugal,Social protection,40478.418,16.86693,2399.7266,Moderate Spender,Critical,2010,Not Calculated
2019,Romania,Total function,90277.67,35.96465,2510.1082,Major Spender,Critical,2010,Not Calculated
2019,Romania,Social protection,29595.451,11.79018,2509.965,Moderate Spender,Critical,2010,Not Calculated
2019,Russian Federation,Total function,639876.4,37.79285,16930.701,Mega Spender,Critical,2010,Not Calculated
2019,Russian Federation,Housing and community amenities,20448.84,1.20776,16917.203,Moderate Spender,Minimal,2010,Not Calculated
2019,Russian Federation,Health,56697.45,3.34871,16926.076,Major Spender,Moderate,2010,Not Calculated
2019,Russian Federation,Education,59416.887,3.50932,16926.346,Major Spender,Moderate,2010,Not Calculated
2019,Russian Federation,Social protection,201910.3,11.92537,16929.734,Mega Spender,Critical,2010,Not Calculated
2019,Russian Federation,General public services,139734.73,8.25312,16929.088,Mega Spender,Significant,2010,Not Calculated
2019,Russian Federation,Defence,31576.365,1.86499,16922.043,Moderate Spender,Minimal,2010,Not Calculated
2019,Russian Federation,Public order and safety,36804.7,2.17379,16923.336,Moderate Spender,Moderate,2010,Not Calculated
2019,Russian Federation,Other industries,26001.559,1.53572,16920.166,Moderate Spender,Minimal,2010,Not Calculated
2019,Russian Federation,Economic affairs n.e.c.,22819.33,1.34777,16918.621,Moderate Spender,Minimal,2010,Not Calculated
2019,Singapore,Total function,59423.36,15.82579,3754.6057,Major Spender,Critical,2010,Not Calculated
2019,Slovakia,Total function,42847.91,40.52948,1057.1775,Moderate Spender,Critical,2010,Not Calculated
2019,Slovenia,Total function,23459.562,43.1785,543.3032,Moderate Spender,Critical,2010,Not Calculated
2019,South Africa,Total function,159818.78,41.13409,3885.2178,Mega Spender,Critical,2010,Not Calculated
2019,South Africa,Education,29877.37,7.68982,3884.8093,Moderate Spender,Significant,2010,Not Calculated
2019,South Africa,Social protection,20193.824,5.19748,3884.5632,Moderate Spender,Significant,2010,Not Calculated
2019,South Africa,General public services,33818.145,8.7041,3884.8657,Moderate Spender,Significant,2010,Not Calculated
2019,Spain,Total function,589573.5,42.28394,13942.872,Mega Spender,Critical,2010,Not Calculated
2019,Spain,Transport,20691.246,1.48397,13933.779,Moderate Spender,Minimal,2010,Not Calculated
2019,Spain,Health,85000.58,6.0962,13940.92,Major Spender,Significant,2010,Not Calculated
2019,Spain,Education,56034.176,4.01875,13939.716,Major Spender,Moderate,2010,Not Calculated
2019,Spain,Social protection,242475.94,17.39026,13942.401,Mega Spender,Critical,2010,Not Calculated
2019,Spain,General public services,75864.55,5.44097,13940.641,Major Spender,Significant,2010,Not Calculated
2019,Spain,Public order and safety,25384.086,1.82053,13935.584,Moderate Spender,Minimal,2010,Not Calculated
2019,Sweden,Total function,262326.66,49.13592,5338.6875,Mega Spender,Critical,2010,Not Calculated
2019,Sweden,Health,37174.984,6.96318,5338.0273,Moderate Spender,Significant,2010,Not Calculated
2019,Sweden,Education,36918.387,6.91512,5338.02,Moderate Spender,Significant,2010,Not Calculated
2019,Sweden,Social protection,101198.52,18.95531,5338.5137,Mega Spender,Critical,2010,Not Calculated
2019,Sweden,General public services,36756.31,6.88476,5338.0176,Moderate Spender,Significant,2010,Not Calculated
2019,"Switzerland, Liechtenstein",Total function,239927.14,32.50405,7381.2266,Mega Spender,Critical,2010,Not Calculated
2019,"Switzerland, Liechtenstein",Education,39967.54,5.41459,7380.09,Moderate Spender,Significant,2010,Not Calculated
2019,"Switzerland, Liechtenstein",Social protection,94203.37,12.76217,7380.875,Major Spender,Critical,2010,Not Calculated
2019,"Switzerland, Liechtenstein",General public services,31257.234,4.23456,7379.7173,Moderate Spender,Moderate,2010,Not Calculated
2019,Thailand,Total function,111302.625,20.457,5440.543,Mega Spender,Critical,2010,Not Calculated
2019,Thailand,General public services,36292.977,6.67051,5439.9946,Moderate Spender,Significant,2010,Not Calculated
2019,Türkiye,Total function,264622.47,34.82173,7599.1304,Mega Spender,Critical,2010,Not Calculated
2019,Türkiye,Health,41960.625,5.52161,7597.97,Moderate Spender,Significant,2010,Not Calculated
2019,Türkiye,Education,29566.15,3.89062,7597.389,Moderate Spender,Moderate,2010,Not Calculated
2019,Türkiye,Social protection,80931.555,10.6498,7598.6357,Major Spender,Critical,2010,Not Calculated
2019,Türkiye,General public services,37549.84,4.94119,7597.8145,Moderate Spender,Moderate,2010,Not Calculated
2019,Ukraine,Total function,63455.316,41.23607,1538.7931,Major Spender,Critical,2010,Not Calculated
2019,Ukraine,Social protection,23114.969,15.02113,1538.7278,Moderate Spender,Critical,2010,Not Calculated
2019,United Kingdom,Total function,1.1656554e+06,40.79915,28569.88,Mega Spender,Critical,2010,Not Calculated
2019,United Kingdom,Transport,46877.566,1.64076,28553.24,Moderate Spender,Minimal,2010,Not Calculated
2019,United Kingdom,Housing and community amenities,22346.174,0.78214,28534.072,Moderate Spender,Minimal,2010,Not Calculated
2019,United Kingdom,Health,217702.55,7.61982,28566.814,Mega Spender,Significant,2010,Not Calculated
2019,United Kingdom,Education,140094.05,4.90344,28564.738,Mega Spender,Moderate,2010,Not Calculated
2019,United Kingdom,Social protection,422177.62,14.77666,28568.637,Mega Spender,Critical,2010,Not Calculated
2019,United Kingdom,General public services,124454.16,4.35603,28563.99,Mega Spender,Moderate,2010,Not Calculated
2019,United Kingdom,Defence,56351.11,1.97235,28556.064,Major Spender,Minimal,2010,Not Calculated
2019,United Kingdom,Public order and safety,50921.246,1.7823,28554.502,Major Spender,Minimal,2010,Not Calculated
2019,United Kingdom,"General economic, commercial and labour affairs",20228.604,0.70802,28530.373,Moderate Spender,Minimal,2010,Not Calculated
2019,United States of America,Total function,8.2216335e+06,38.26489,214855.42,Mega Spender,Critical,2010,Not Calculated
2019,United States of America,Housing and community amenities,104714.84,0.48736,214421.42,Mega Spender,Minimal,2010,Not Calculated
2019,United States of America,Health,2.0405194e+06,9.49693,214838.31,Mega Spender,Significant,2010,Not Calculated
2019,United States of America,Education,1.2612775e+06,5.8702,214824.48,Mega Spender,Significant,2010,Not Calculated
2019,United States of America,Social protection,1.628514e+06,7.57938,214832.77,Mega Spender,Significant,2010,Not Calculated
2019,United States of America,General public services,1.2534705e+06,5.83387,214824.08,Mega Spender,Significant,2010,Not Calculated
2019,United States of America,Defence,714237.6,3.32418,214796.69,Mega Spender,Moderate,2010,Not Calculated
2019,United States of America,Public order and safety,424401.75,1.97524,214752.12,Mega Spender,Minimal,2010,Not Calculated
2019,United States of America,"Recreation, culture and religion",59035.35,0.27476,214082.36,Major Spender,Minimal,2010,Not Calculated
2020,Australia,Total function,660774.06,46.15229,14316.944,Mega Spender,Critical,2020,Not Calculated
2020,Australia,Transport,49158.164,3.43349,14313.09,Moderate Spender,Moderate,2020,Not Calculated
2020,Australia,Health,117574.67,8.2121,14315.504,Mega Spender,Significant,2020,Not Calculated
2020,Australia,Education,87142.18,6.08651,14314.913,Major Spender,Significant,2020,Not Calculated
2020,Australia,Social protection,168763.0,11.78739,14316.034,Mega Spender,Critical,2020,Not Calculated
2020,Australia,General public services,52395.418,3.6596,14313.342,Major Spender,Moderate,2020,Not Calculated
2020,Australia,Defence,35494.137,2.47912,14311.46,Moderate Spender,Moderate,2020,Not Calculated
2020,Australia,Public order and safety,30687.81,2.14341,14310.608,Moderate Spender,Moderate,2020,Not Calculated
2020,Australia,"General economic, commercial and labour affairs",60814.742,4.24765,14313.897,Major Spender,Moderate,2020,Not Calculated
2020,Austria,Total function,246951.34,56.74104,4352.1763,Mega Spender,Critical,2020,Not Calculated
2020,Austria,Health,39691.258,9.1197,4351.7773,Moderate Spender,Significant,2020,Not Calculated
2020,Austria,Education,22129.363,5.08458,4351.3945,Moderate Spender,Significant,2020,Not Calculated
2020,Austria,Social protection,99082.07,22.7657,4352.0615,Major Spender,Critical,2020,Not Calculated
2020,Austria,General public services,26749.49,6.14613,4351.5415,Moderate Spender,Significant,2020,Not Calculated
2020,Austria,"General economic, commercial and labour affairs",21307.727,4.89579,4351.366,Moderate Spender,Moderate,2020,Not Calculated
2020,Belarus,Total function,25552.107,41.63502,613.70197,Moderate Spender,Critical,2020,Not Calculated
2020,Belgium,Total function,309357.06,58.90139,5252.0293,Mega Spender,Critical,2020,Not Calculated
2020,Belgium,Health,46319.938,8.81929,5251.5205,Moderate Spender,Significant,2020,Not Calculated
2020,Belgium,Education,34496.723,6.56815,5251.3223,Moderate Spender,Significant,2020,Not Calculated
2020,Belgium,Social protection,118675.664,22.59577,5251.886,Mega Spender,Critical,2020,Not Calculated
2020,Belgium,General public services,38573.445,7.34436,5251.4033,Moderate Spender,Significant,2020,Not Calculated
2020,Belgium,"General economic, commercial and labour affairs",21519.432,4.09729,5250.832,Moderate Spender,Moderate,2020,Not Calculated
2020,Brazil,Total function,677023.25,46.73749,14485.347,Mega Spender,Critical,2020,Not Calculated
2020,Brazil,Health,90948.734,6.27854,14483.344,Major Spender,Significant,2020,Not Calculated
2020,Brazil,Education,71581.61,4.94155,14482.7295,Major Spender,Moderate,2020,Not Calculated
2020,Brazil,Social protection,301640.16,20.82337,14484.96,Mega Spender,Critical,2020,Not Calculated
2020,Brazil,General public services,107109.96,7.39421,14483.694,Mega Spender,Significant,2020,Not Calculated
2020,Brazil,Public order and safety,41124.86,2.83901,14480.533,Moderate Spender,Moderate,2020,Not Calculated
2020,Bulgaria,Total function,29141.332,41.48887,702.37225,Moderate Spender,Critical,2020,Not Calculated
2020,Canada,Total function,837220.1,50.88174,16453.912,Mega Spender,Critical,2020,Not Calculated
2020,Canada,Transport,22664.086,1.3774,16442.312,Moderate Spender,Minimal,2020,Not Calculated
2020,Canada,Health,160176.39,9.73466,16452.545,Mega Spender,Significant,2020,Not Calculated
2020,Canada,Education,82696.77,5.02587,16450.947,Major Spender,Significant,2020,Not Calculated
2020,Canada,Social protection,294121.62,17.87513,16453.316,Mega Spender,Critical,2020,Not Calculated
2020,Canada,General public services,97560.11,5.92918,16451.459,Major Spender,Significant,2020,Not Calculated
2020,Canada,Public order and safety,30218.781,1.83654,16445.236,Moderate Spender,Minimal,2020,Not Calculated
2020,Canada,"General economic, commercial and labour affairs",74474.0,4.52613,16450.598,Major Spender,Moderate,2020,Not Calculated
2020,Chile,Total function,77279.86,30.57837,2527.1895,Major Spender,Critical,2020,Not Calculated
2020,Chile,Social protection,25668.578,10.15664,2527.0217,Moderate Spender,Critical,2020,Not Calculated
2020,China,Total function,5.041628e+06,34.32541,146873.16,Mega Spender,Critical,2020,Not Calculated
2020,China,"Agriculture, forestry, fishing and hunting",357503.72,2.43403,146816.97,Mega Spender,Moderate,2020,Not Calculated
2020,China,"Mining, manufacturing and construction",23000.63,0.1566,145943.1,Moderate Spender,Minimal,2020,Not Calculated
2020,China,Transport,245540.81,1.67174,146789.58,Mega Spender,Minimal,2020,Not Calculated
2020,China,Environment protection,108872.53,0.74125,146679.06,Mega Spender,Minimal,2020,Not Calculated
2020,China,Housing and community amenities,327588.22,2.23035,146811.67,Mega Spender,Moderate,2020,Not Calculated
2020,China,Health,425225.2,2.8951,146826.83,Mega Spender,Moderate,2020,Not Calculated
2020,China,Education,531032.25,3.61548,146836.78,Mega Spender,Moderate,2020,Not Calculated
2020,China,Social protection,1.298786e+06,8.84265,146860.84,Mega Spender,Significant,2020,Not Calculated
2020,China,General public services,459289.5,3.12703,146830.28,Mega Spender,Moderate,2020,Not Calculated
2020,China,Defence,188189.22,1.28127,146762.55,Mega Spender,Minimal,2020,Not Calculated
2020,China,Public order and safety,200889.25,1.36773,146770.55,Mega Spender,Minimal,2020,Not Calculated
2020,China,"Recreation, culture and religion",61683.574,0.41997,146527.25,Major Spender,Minimal,2020,Not Calculated
2020,China,"General economic, commercial and labour affairs",132218.34,0.9002,146713.66,Mega Spender,Minimal,2020,Not Calculated
2020,China,RandD Economic affairs,103895.26,0.70736,146670.14,Mega Spender,Minimal,2020,Not Calculated
2020,China,Economic affairs n.e.c.,548426.0,3.7339,146838.2,Mega Spender,Moderate,2020,Not Calculated
2020,"China, Hong Kong SAR",Total function,111199.2,32.2382,3449.1924,Mega Spender,Critical,2020,Not Calculated
2020,"China, Hong Kong SAR","General economic, commercial and labour affairs",28321.893,8.21091,3448.88,Moderate Spender,Significant,2020,Not Calculated
2020,Colombia,Total function,99370.09,36.76289,2702.9265,Major Spender,Critical,2020,Not Calculated
2020,Colombia,Social protection,30148.146,11.15359,2702.7568,Moderate Spender,Critical,2020,Not Calculated
2020,Costa Rica,Total function,23044.729,37.07443,621.56335,Moderate Spender,Critical,2020,Not Calculated
2020,Czechia,Total function,116146.19,47.21878,2459.6936,Mega Spender,Critical,2020,Not Calculated
2020,Czechia,Health,22969.033,9.33797,2459.4824,Moderate Spender,Significant,2020,Not Calculated
2020,Czechia,Social protection,35240.766,14.327,2459.5732,Moderate Spender,Critical,2020,Not Calculated
2020,Denmark,Total function,190172.28,53.53611,3552.1582,Mega Spender,Critical,2020,Not Calculated
2020,Denmark,Health,31853.738,8.96726,3551.83,Moderate Spender,Significant,2020,Not Calculated
2020,Denmark,Education,22660.127,6.37914,3551.6663,Moderate Spender,Significant,2020,Not Calculated
2020,Denmark,Social protection,79765.34,22.45504,3552.0664,Major Spender,Critical,2020,Not Calculated
2020,Denmark,General public services,22425.494,6.31308,3551.6648,Moderate Spender,Significant,2020,Not Calculated
2020,Finland,Total function,155484.88,57.18631,2718.8704,Mega Spender,Critical,2020,Not Calculated
2020,Finland,Health,20735.428,7.62635,2718.5625,Moderate Spender,Significant,2020,Not Calculated
2020,Finland,Social protection,69343.87,25.50422,2718.811,Major Spender,Critical,2020,Not Calculated
2020,Finland,General public services,22823.363,8.39428,2718.5945,Moderate Spender,Significant,2020,Not Calculated
2020,France,Total function,1.6228905e+06,61.33956,26457.053,Mega Spender,Critical,2020,Not Calculated
2020,France,Transport,57325.68,2.16671,26445.273,Major Spender,Moderate,2020,Not Calculated
2020,France,Environment protection,27381.867,1.03494,26431.902,Moderate Spender,Minimal,2020,Not Calculated
2020,France,Housing and community amenities,31489.205,1.19018,26435.305,Moderate Spender,Minimal,2020,Not Calculated
2020,France,Health,235197.6,8.88964,26454.518,Mega Spender,Significant,2020,Not Calculated
2020,France,Education,143177.7,5.41161,26452.617,Mega Spender,Significant,2020,Not Calculated
2020,France,Social protection,716872.0,27.09524,26456.514,Mega Spender,Critical,2020,Not Calculated
2020,France,General public services,151907.52,5.74157,26452.88,Mega Spender,Significant,2020,Not Calculated
2020,France,Defence,50575.3,1.91157,26443.635,Major Spender,Minimal,2020,Not Calculated
2020,France,Public order and safety,46740.95,1.76664,26442.572,Moderate Spender,Minimal,2020,Not Calculated
2020,France,"Recreation, culture and religion",37530.28,1.41851,26438.898,Moderate Spender,Minimal,2020,Not Calculated
2020,France,"General economic, commercial and labour affairs",64879.023,2.4522,26446.693,Major Spender,Moderate,2020,Not Calculated
2020,France,RandD Economic affairs,22872.477,0.8645,26426.895,Moderate Spender,Minimal,2020,Not Calculated
2020,Germany,Total function,1.960711e+06,50.40817,38895.92,Mega Spender,Critical,2020,Not Calculated
2020,Germany,Transport,68591.164,1.76342,38874.625,Major Spender,Minimal,2020,Not Calculated
2020,Germany,Environment protection,26392.725,0.67853,38839.676,Moderate Spender,Minimal,2020,Not Calculated
2020,Germany,Health,325455.06,8.36717,38892.02,Mega Spender,Significant,2020,Not Calculated
2020,Germany,Education,180188.28,4.63248,38888.324,Mega Spender,Moderate,2020,Not Calculated
2020,Germany,Social protection,841656.9,21.63827,38894.887,Mega Spender,Critical,2020,Not Calculated
2020,Germany,General public services,236509.98,6.08047,38890.266,Mega Spender,Significant,2020,Not Calculated
2020,Germany,Defence,43807.79,1.12626,38862.184,Moderate Spender,Minimal,2020,Not Calculated
2020,Germany,Public order and safety,66311.336,1.70481,38873.81,Major Spender,Minimal,2020,Not Calculated
2020,Germany,"Recreation, culture and religion",44237.254,1.1373,38862.56,Moderate Spender,Minimal,2020,Not Calculated
2020,Germany,"General economic, commercial and labour affairs",56032.715,1.44055,38869.77,Major Spender,Minimal,2020,Not Calculated
2020,Greece,Total function,112772.445,59.69133,1889.2284,Mega Spender,Critical,2020,Not Calculated
2020,Greece,Social protection,42569.65,22.53245,1889.1759,Moderate Spender,Critical,2020,Not Calculated
2020,Hungary,Total function,80293.31,51.08301,1571.7896,Major Spender,Critical,2020,Not Calculated
2020,Hungary,Social protection,21198.928,13.48686,1571.7042,Moderate Spender,Critical,2020,Not Calculated
2020,India,Total function,850750.56,31.83704,26721.2,Mega Spender,Critical,2020,Not Calculated
2020,India,Housing and community amenities,64816.64,2.42559,26710.998,Major Spender,Moderate,2020,Not Calculated
2020,India,Health,42594.016,1.59397,26705.215,Moderate Spender,Minimal,2020,Not Calculated
2020,India,Education,131101.5,4.90612,26716.588,Mega Spender,Moderate,2020,Not Calculated
2020,India,Social protection,62045.91,2.3219,26710.541,Major Spender,Moderate,2020,Not Calculated
2020,India,General public services,130710.82,4.8915,26716.57,Mega Spender,Moderate,2020,Not Calculated
2020,India,Defence,73508.74,2.75087,26712.29,Major Spender,Moderate,2020,Not Calculated
2020,India,Public order and safety,47179.535,1.76557,26706.857,Moderate Spender,Minimal,2020,Not Calculated
2020,Indonesia,Total function,205730.22,19.43255,10586.343,Mega Spender,Critical,2020,Not Calculated
2020,Indonesia,Health,21670.799,2.04695,10581.703,Moderate Spender,Moderate,2020,Not Calculated
2020,Indonesia,Education,36959.094,3.49102,10583.873,Moderate Spender,Moderate,2020,Not Calculated
2020,Indonesia,Social protection,21565.465,2.037,10581.682,Moderate Spender,Moderate,2020,Not Calculated
2020,Indonesia,General public services,52930.613,4.99964,10584.768,Major Spender,Moderate,2020,Not Calculated
2020,Ireland,Total function,116449.8,27.34511,4258.368,Mega Spender,Critical,2020,Not Calculated
2020,Ireland,Health,23581.93,5.53758,4257.7573,Moderate Spender,Significant,2020,Not Calculated
2020,Ireland,Social protection,42311.387,9.9357,4258.0923,Moderate Spender,Significant,2020,Not Calculated
2020,Israel,Total function,187612.05,46.08491,4070.92,Mega Spender,Critical,2020,Not Calculated
2020,Israel,Health,25731.225,6.3206,4070.366,Moderate Spender,Significant,2020,Not Calculated
2020,Israel,Education,28999.625,7.12345,4070.4373,Moderate Spender,Significant,2020,Not Calculated
2020,Israel,Social protection,53043.984,13.02969,4070.6965,Major Spender,Critical,2020,Not Calculated
2020,Israel,Defence,21523.154,5.28693,4070.242,Moderate Spender,Significant,2020,Not Calculated
2020,Italy,Total function,1.0776551e+06,56.81572,18967.219,Mega Spender,Critical,2020,Not Calculated
2020,Italy,Transport,38225.19,2.01529,18958.182,Moderate Spender,Moderate,2020,Not Calculated
2020,Italy,Health,149262.19,7.86934,18965.152,Mega Spender,Significant,2020,Not Calculated
2020,Italy,Education,80755.55,4.25756,18963.113,Major Spender,Moderate,2020,Not Calculated
2020,Italy,Social protection,475917.72,25.09115,18966.797,Mega Spender,Critical,2020,Not Calculated
2020,Italy,General public services,151201.64,7.97159,18965.186,Mega Spender,Significant,2020,Not Calculated
2020,Italy,Defence,25791.93,1.35979,18953.645,Moderate Spender,Minimal,2020,Not Calculated
2020,Italy,Public order and safety,37935.758,2.00003,18958.115,Moderate Spender,Moderate,2020,Not Calculated
2020,Italy,"General economic, commercial and labour affairs",20575.521,1.08477,18950.166,Moderate Spender,Minimal,2020,Not Calculated
2020,Japan,Total function,2.38062e+06,47.23351,50400.016,Mega Spender,Critical,2020,Not Calculated
2020,Japan,"Agriculture, forestry, fishing and hunting",48987.312,0.97195,50349.26,Moderate Spender,Minimal,2020,Not Calculated
2020,Japan,Transport,81848.13,1.62394,50369.94,Major Spender,Minimal,2020,Not Calculated
2020,Japan,Environment protection,63854.15,1.26692,50361.34,Major Spender,Minimal,2020,Not Calculated
2020,Japan,Housing and community amenities,34906.246,0.69257,50328.37,Moderate Spender,Minimal,2020,Not Calculated
2020,Japan,Health,432408.16,8.57934,50395.223,Mega Spender,Significant,2020,Not Calculated
2020,Japan,Education,181697.73,3.60504,50387.055,Mega Spender,Moderate,2020,Not Calculated
2020,Japan,Social protection,898263.44,17.82231,50398.242,Mega Spender,Critical,2020,Not Calculated
2020,Japan,General public services,194039.62,3.84991,50387.992,Mega Spender,Moderate,2020,Not Calculated
2020,Japan,Defence,46282.55,0.91828,50346.523,Moderate Spender,Minimal,2020,Not Calculated
2020,Japan,Public order and safety,65225.26,1.29412,50362.332,Major Spender,Minimal,2020,Not Calculated
2020,Japan,"Recreation, culture and religion",20757.748,0.41185,50279.152,Moderate Spender,Minimal,2020,Not Calculated
2020,Japan,"General economic, commercial and labour affairs",216056.11,4.28674,50389.277,Mega Spender,Moderate,2020,Not Calculated
2020,Japan,Other industries,56690.457,1.12479,50356.156,Major Spender,Minimal,2020,Not Calculated
2020,Kazakhstan,Total function,41570.78,24.29869,1710.7535,Moderate Spender,Critical,2020,Not Calculated
2020,Kenya,Total function,25996.99,25.82485,1006.6267,Moderate Spender,Critical,2020,Not Calculated
2020,"Korea, Republic of",Total function,627011.3,38.13212,16442.697,Mega Spender,Critical,2020,Not Calculated
2020,"Korea, Republic of",Health,92016.555,5.59605,16440.19,Major Spender,Significant,2020,Not Calculated
2020,"Korea, Republic of",Education,85456.26,5.19708,16439.965,Major Spender,Significant,2020,Not Calculated
2020,"Korea, Republic of",Social protection,152705.94,9.28692,16441.35,Mega Spender,Significant,2020,Not Calculated
2020,"Korea, Republic of",General public services,77746.805,4.72822,16439.668,Major Spender,Moderate,2020,Not Calculated
2020,"Korea, Republic of",Defence,45963.63,2.79531,16437.244,Moderate Spender,Moderate,2020,Not Calculated
2020,"Korea, Republic of",Public order and safety,22385.38,1.36138,16431.084,Moderate Spender,Minimal,2020,Not Calculated
2020,Lithuania,Total function,24260.543,42.67719,568.45294,Moderate Spender,Critical,2020,Not Calculated
2020,Luxembourg,Total function,34577.84,46.73149,739.91003,Moderate Spender,Critical,2020,Not Calculated
2020,Malaysia,Total function,74212.12,22.02091,3369.9219,Major Spender,Critical,2020,Not Calculated
2020,Malaysia,General public services,22165.312,6.5771,3369.5615,Moderate Spender,Significant,2020,Not Calculated
2020,Netherlands (Kingdom of the),Total function,435166.44,47.83134,9097.745,Mega Spender,Critical,2020,Not Calculated
2020,Netherlands (Kingdom of the),Transport,21504.127,2.36363,9094.077,Moderate Spender,Moderate,2020,Not Calculated
2020,Netherlands (Kingdom of the),Health,75856.67,8.33779,9096.844,Major Spender,Significant,2020,Not Calculated
2020,Netherlands (Kingdom of the),Education,47630.72,5.23533,9096.202,Moderate Spender,Significant,2020,Not Calculated
2020,Netherlands (Kingdom of the),Social protection,156693.31,17.22295,9097.409,Mega Spender,Critical,2020,Not Calculated
2020,Netherlands (Kingdom of the),General public services,37828.395,4.15791,9095.748,Moderate Spender,Moderate,2020,Not Calculated
2020,Netherlands (Kingdom of the),"General economic, commercial and labour affairs",22742.268,2.49972,9094.288,Moderate Spender,Moderate,2020,Not Calculated
2020,New Zealand,Total function,86446.8,40.73572,2122.0852,Major Spender,Critical,2020,Not Calculated
2020,New Zealand,Social protection,23142.03,10.90506,2121.9421,Moderate Spender,Critical,2020,Not Calculated
2020,Norway,Total function,211816.52,58.48081,3621.9214,Mega Spender,Critical,2020,Not Calculated
2020,Norway,Health,34900.47,9.63573,3621.609,Moderate Spender,Significant,2020,Not Calculated
2020,Norway,Education,21441.225,5.91975,3621.3696,Moderate Spender,Significant,2020,Not Calculated
2020,Norway,Social protection,80602.21,22.25361,3621.8208,Major Spender,Critical,2020,Not Calculated
2020,Peru,Total function,51658.16,25.61104,2016.9484,Major Spender,Critical,2020,Not Calculated
2020,Philippines,Total function,86832.81,24.00347,3617.3604,Major Spender,Critical,2020,Not Calculated
2020,Philippines,General public services,33814.22,9.34737,3617.1243,Moderate Spender,Significant,2020,Not Calculated
2020,Poland,Total function,289215.53,48.24739,5994.304,Mega Spender,Critical,2020,Not Calculated
2020,Poland,Transport,21881.803,3.65036,5992.7812,Moderate Spender,Moderate,2020,Not Calculated
2020,Poland,Health,32150.95,5.36347,5993.3135,Moderate Spender,Significant,2020,Not Calculated
2020,Poland,Education,30669.72,5.11637,5993.2583,Moderate Spender,Significant,2020,Not Calculated
2020,Poland,Social protection,108341.13,18.07364,5994.096,Mega Spender,Critical,2020,Not Calculated
2020,Poland,General public services,26351.1,4.39593,5993.0684,Moderate Spender,Moderate,2020,Not Calculated
2020,Poland,"General economic, commercial and labour affairs",25186.28,4.20162,5992.9946,Moderate Spender,Moderate,2020,Not Calculated
2020,Portugal,Total function,112784.164,49.24388,2290.272,Mega Spender,Critical,2020,Not Calculated
2020,Portugal,Social protection,43333.492,18.92029,2290.1975,Moderate Spender,Critical,2020,Not Calculated
2020,Romania,Total function,104393.77,41.53116,2513.565,Mega Spender,Critical,2020,Not Calculated
2020,Romania,Social protection,34415.88,13.69173,2513.4417,Moderate Spender,Critical,2020,Not Calculated
2020,Russian Federation,Total function,616988.5,41.42637,14893.259,Mega Spender,Critical,2020,Not Calculated
2020,Russian Federation,Transport,32869.605,2.20696,14886.867,Moderate Spender,Moderate,2020,Not Calculated
2020,Russian Federation,Health,32869.33,2.20694,14886.877,Moderate Spender,Moderate,2020,Not Calculated
2020,Russian Federation,Education,55128.285,3.70147,14889.598,Major Spender,Moderate,2020,Not Calculated
2020,Russian Federation,Social protection,210573.73,14.13852,14892.565,Mega Spender,Critical,2020,Not Calculated
2020,Russian Federation,General public services,148023.2,9.9387,14892.119,Mega Spender,Significant,2020,Not Calculated
2020,Russian Federation,Defence,29050.865,1.95056,14885.971,Moderate Spender,Minimal,2020,Not Calculated
2020,Russian Federation,Public order and safety,34612.348,2.32397,14887.224,Moderate Spender,Moderate,2020,Not Calculated
2020,Russian Federation,Economic affairs n.e.c.,23154.041,1.55463,14884.027,Moderate Spender,Minimal,2020,Not Calculated
2020,Singapore,Total function,95872.3,27.76609,3452.7312,Major Spender,Critical,2020,Not Calculated
2020,Singapore,Social protection,27133.621,7.85831,3452.4177,Moderate Spender,Significant,2020,Not Calculated
2020,Slovakia,Total function,47763.03,44.76518,1066.9446,Moderate Spender,Critical,2020,Not Calculated
2020,Slovenia,Total function,27476.305,51.15982,537.05756,Moderate Spender,Critical,2020,Not Calculated
2020,South Africa,Total function,147595.5,43.71651,3376.1187,Mega Spender,Critical,2020,Not Calculated
2020,South Africa,Education,27281.738,8.08062,3375.776,Moderate Spender,Significant,2020,Not Calculated
2020,South Africa,Social protection,23013.523,6.81641,3375.699,Moderate Spender,Significant,2020,Not Calculated
2020,South Africa,General public services,30530.336,9.04282,3375.823,Moderate Spender,Significant,2020,Not Calculated
2020,Spain,Total function,663354.4,51.94783,12769.381,Mega Spender,Critical,2020,Not Calculated
2020,Spain,Transport,24052.365,1.88356,12762.8545,Moderate Spender,Minimal,2020,Not Calculated
2020,Spain,Health,97661.195,7.64793,12767.955,Major Spender,Significant,2020,Not Calculated
2020,Spain,Education,59391.914,4.65103,12766.881,Major Spender,Moderate,2020,Not Calculated
2020,Spain,Social protection,283292.06,22.18483,12769.055,Mega Spender,Critical,2020,Not Calculated
2020,Spain,General public services,75405.5,5.90507,12767.458,Major Spender,Significant,2020,Not Calculated
2020,Spain,Public order and safety,26849.604,2.10261,12763.584,Moderate Spender,Moderate,2020,Not Calculated
2020,Spain,"General economic, commercial and labour affairs",28355.018,2.2205,12763.906,Moderate Spender,Moderate,2020,Not Calculated
2020,Sweden,Total function,284850.7,52.06993,5470.436,Mega Spender,Critical,2020,Not Calculated
2020,Sweden,Health,40039.37,7.31909,5469.7925,Moderate Spender,Significant,2020,Not Calculated
2020,Sweden,Education,38283.406,6.9981,5469.7617,Moderate Spender,Significant,2020,Not Calculated
2020,Sweden,Social protection,107457.52,19.64294,5470.263,Mega Spender,Critical,2020,Not Calculated
2020,Sweden,General public services,38546.59,7.04621,5469.766,Moderate Spender,Significant,2020,Not Calculated
2020,"Switzerland, Liechtenstein",Total function,284479.44,37.5123,7583.429,Mega Spender,Critical,2020,Not Calculated
2020,"Switzerland, Liechtenstein",Transport,20108.662,2.65159,7580.765,Moderate Spender,Moderate,2020,Not Calculated
2020,"Switzerland, Liechtenstein",Education,43293.605,5.70882,7582.3066,Moderate Spender,Significant,2020,Not Calculated
2020,"Switzerland, Liechtenstein",Social protection,122827.09,16.19634,7583.1646,Mega Spender,Critical,2020,Not Calculated
2020,"Switzerland, Liechtenstein",General public services,33817.586,4.45929,7581.9253,Moderate Spender,Moderate,2020,Not Calculated
2020,Thailand,Total function,126287.19,25.24607,5002.053,Mega Spender,Critical,2020,Not Calculated
2020,Thailand,Social protection,28262.008,5.64986,5001.3643,Moderate Spender,Significant,2020,Not Calculated
2020,Thailand,General public services,39371.855,7.87083,5001.6143,Moderate Spender,Significant,2020,Not Calculated
2020,Türkiye,Total function,257574.78,35.75993,7202.687,Mega Spender,Critical,2020,Not Calculated
2020,Türkiye,Health,42811.227,5.94362,7201.676,Moderate Spender,Significant,2020,Not Calculated
2020,Türkiye,Education,23983.373,3.32969,7200.722,Moderate Spender,Moderate,2020,Not Calculated
2020,Türkiye,Social protection,76102.16,10.56551,7202.2036,Major Spender,Critical,2020,Not Calculated
2020,Türkiye,General public services,39260.31,5.45063,7201.5723,Moderate Spender,Significant,2020,Not Calculated
2020,Ukraine,Total function,70508.33,45.01938,1566.1425,Major Spender,Critical,2020,Not Calculated
2020,Ukraine,Social protection,24457.81,15.61625,1566.0767,Moderate Spender,Critical,2020,Not Calculated
2020,United Kingdom,Total function,1.4171431e+06,52.39733,27045.578,Mega Spender,Critical,2020,Not Calculated
2020,United Kingdom,Transport,60291.06,2.2292,27033.928,Major Spender,Moderate,2020,Not Calculated
2020,United Kingdom,Housing and community amenities,20692.318,0.76508,27010.65,Moderate Spender,Minimal,2020,Not Calculated
2020,United Kingdom,Health,267961.7,9.90759,27043.371,Mega Spender,Significant,2020,Not Calculated
2020,United Kingdom,Education,152051.36,5.62193,27041.305,Mega Spender,Significant,2020,Not Calculated
2020,United Kingdom,Social protection,456711.78,16.88642,27044.5,Mega Spender,Critical,2020,Not Calculated
2020,United Kingdom,General public services,144678.28,5.34932,27041.053,Mega Spender,Significant,2020,Not Calculated
2020,United Kingdom,Defence,58414.133,2.1598,27033.568,Major Spender,Moderate,2020,Not Calculated
2020,United Kingdom,Public order and safety,55417.98,2.04902,27032.898,Major Spender,Moderate,2020,Not Calculated
2020,United Kingdom,"General economic, commercial and labour affairs",104432.11,3.86126,27039.121,Mega Spender,Moderate,2020,Not Calculated
2020,United Kingdom,RandD Economic affairs,21057.703,0.77859,27011.254,Moderate Spender,Minimal,2020,Not Calculated
2020,United Kingdom,Economic affairs n.e.c.,20102.574,0.74327,27009.79,Moderate Spender,Minimal,2020,Not Calculated
2020,United States of America,Total function,9.964038e+06,47.08125,211630.47,Mega Spender,Critical,2020,Not Calculated
2020,United States of America,Housing and community amenities,109364.1,0.51676,211225.48,Mega Spender,Minimal,2020,Not Calculated
2020,United States of America,Health,2.2210815e+06,10.49487,211614.8,Mega Spender,Critical,2020,Not Calculated
2020,United States of America,Education,1.2637785e+06,5.9715,211599.6,Mega Spender,Significant,2020,Not Calculated
2020,United States of America,Social protection,2.5684032e+06,12.13601,211617.45,Mega Spender,Critical,2020,Not Calculated
2020,United States of America,General public services,1.216072e+06,5.74608,211598.25,Mega Spender,Significant,2020,Not Calculated
2020,United States of America,Defence,745124.25,3.5208,211574.83,Mega Spender,Moderate,2020,Not Calculated
2020,United States of America,Public order and safety,433328.88,2.04753,211531.64,Mega Spender,Moderate,2020,Not Calculated
2020,United States of America,"Recreation, culture and religion",59250.07,0.27996,210884.36,Major Spender,Minimal,2020,Not Calculated
2021,Australia,Total function,719633.8,41.48865,17344.898,Mega Spender,Critical,2020,Not Calculated
2021,Australia,Transport,58754.188,3.38732,17340.213,Major Spender,Moderate,2020,Not Calculated
2021,Australia,Health,142628.11,8.22286,17343.205,Mega Spender,Significant,2020,Not Calculated
2021,Australia,Education,100478.94,5.79286,17342.314,Mega Spender,Significant,2020,Not Calculated
2021,Australia,Social protection,186628.2,10.75957,17343.709,Mega Spender,Critical,2020,Not Calculated
2021,Australia,General public services,66185.695,3.81577,17340.762,Major Spender,Moderate,2020,Not Calculated
2021,Australia,Defence,41667.66,2.40224,17338.12,Moderate Spender,Moderate,2020,Not Calculated
2021,Australia,Public order and safety,35559.75,2.05011,17336.832,Moderate Spender,Moderate,2020,Not Calculated
2021,Australia,"General economic, commercial and labour affairs",20410.535,1.17672,17330.549,Moderate Spender,Minimal,2020,Not Calculated
2021,Austria,Total function,268791.5,55.95528,4803.5986,Mega Spender,Critical,2020,Not Calculated
2021,Austria,Health,48408.613,10.07739,4803.209,Moderate Spender,Critical,2020,Not Calculated
2021,Austria,Education,23773.99,4.94912,4802.71,Moderate Spender,Moderate,2020,Not Calculated
2021,Austria,Social protection,105227.97,21.90568,4803.4653,Mega Spender,Critical,2020,Not Calculated
2021,Austria,General public services,27797.72,5.78675,4802.8545,Moderate Spender,Significant,2020,Not Calculated
2021,Austria,"General economic, commercial and labour affairs",21934.559,4.56619,4802.638,Moderate Spender,Moderate,2020,Not Calculated
2021,Belgium,Total function,329680.1,55.49197,5940.9346,Mega Spender,Critical,2020,Not Calculated
2021,Belgium,Health,51207.688,8.61931,5940.353,Major Spender,Significant,2020,Not Calculated
2021,Belgium,Education,37324.918,6.28255,5940.1006,Moderate Spender,Significant,2020,Not Calculated
2021,Belgium,Social protection,124890.99,21.02173,5940.76,Mega Spender,Critical,2020,Not Calculated
2021,Belgium,General public services,41368.59,6.96319,5940.187,Moderate Spender,Significant,2020,Not Calculated
2021,Belgium,"General economic, commercial and labour affairs",20833.852,3.50677,5939.3438,Moderate Spender,Moderate,2020,Not Calculated
2021,Bulgaria,Total function,34143.586,40.61929,840.555,Moderate Spender,Critical,2020,Not Calculated
2021,Canada,Total function,831756.3,41.83177,19882.889,Mega Spender,Critical,2020,Not Calculated
2021,Canada,Transport,26686.83,1.34217,19868.541,Moderate Spender,Minimal,2020,Not Calculated
2021,Canada,Health,182441.36,9.17558,19881.191,Mega Spender,Significant,2020,Not Calculated
2021,Canada,Education,91948.42,4.62439,19879.062,Major Spender,Moderate,2020,Not Calculated
2021,Canada,Social protection,266985.53,13.42758,19881.889,Mega Spender,Critical,2020,Not Calculated
2021,Canada,General public services,114240.08,5.74551,19879.906,Mega Spender,Significant,2020,Not Calculated
2021,Canada,Public order and safety,34619.824,1.74115,19871.896,Moderate Spender,Minimal,2020,Not Calculated
2021,Canada,"General economic, commercial and labour affairs",31680.143,1.5933,19870.879,Moderate Spender,Minimal,2020,Not Calculated
2021,Chile,Total function,108119.04,34.10066,3170.4922,Mega Spender,Critical,2020,Not Calculated
2021,Chile,Social protection,50607.008,15.96141,3170.3865,Major Spender,Critical,2020,Not Calculated
2021,Colombia,Total function,108132.57,34.3863,3144.5498,Mega Spender,Critical,2020,Not Calculated
2021,Colombia,Social protection,31169.547,9.91196,3144.3228,Moderate Spender,Significant,2020,Not Calculated
2021,Czechia,Total function,131071.51,46.5159,2817.718,Mega Spender,Critical,2020,Not Calculated
2021,Czechia,Health,27699.852,9.83039,2817.4907,Moderate Spender,Significant,2020,Not Calculated
2021,Czechia,Social protection,38426.45,13.63714,2817.5725,Moderate Spender,Critical,2020,Not Calculated
2021,Denmark,Total function,202353.12,50.80378,3982.9546,Mega Spender,Critical,2020,Not Calculated
2021,Denmark,Health,36804.97,9.24044,3982.6008,Moderate Spender,Significant,2020,Not Calculated
2021,Denmark,Education,24056.51,6.03975,3982.3713,Moderate Spender,Significant,2020,Not Calculated
2021,Denmark,Social protection,84174.086,21.13316,3982.8452,Major Spender,Critical,2020,Not Calculated
2021,Denmark,General public services,24093.889,6.04913,3982.3755,Moderate Spender,Significant,2020,Not Calculated
2021,Finland,Total function,165498.48,55.66681,2972.9656,Mega Spender,Critical,2020,Not Calculated
2021,Finland,Health,22917.959,7.70865,2972.6328,Moderate Spender,Significant,2020,Not Calculated
2021,Finland,Social protection,73300.33,24.65519,2972.8977,Major Spender,Critical,2020,Not Calculated
2021,Finland,General public services,24055.756,8.09136,2972.6501,Moderate Spender,Significant,2020,Not Calculated
2021,France,Total function,1.7465219e+06,58.87531,29664.256,Mega Spender,Critical,2020,Not Calculated
2021,France,Transport,62276.008,2.09933,29650.584,Major Spender,Moderate,2020,Not Calculated
2021,France,Environment protection,30766.623,1.03714,29636.293,Moderate Spender,Minimal,2020,Not Calculated
2021,France,Housing and community amenities,37147.508,1.25224,29641.176,Moderate Spender,Minimal,2020,Not Calculated
2021,France,Health,272600.34,9.18937,29661.518,Mega Spender,Significant,2020,Not Calculated
2021,France,Education,155014.67,5.22555,29659.08,Mega Spender,Significant,2020,Not Calculated
2021,France,Social protection,732100.9,24.67914,29663.562,Mega Spender,Critical,2020,Not Calculated
2021,France,General public services,171494.98,5.7811,29659.639,Mega Spender,Significant,2020,Not Calculated
2021,France,Defence,51874.99,1.74871,29647.762,Major Spender,Minimal,2020,Not Calculated
2021,France,Public order and safety,50545.59,1.70389,29647.42,Major Spender,Minimal,2020,Not Calculated
2021,France,"Recreation, culture and religion",41658.48,1.40431,29643.623,Moderate Spender,Minimal,2020,Not Calculated
2021,France,"General economic, commercial and labour affairs",77729.695,2.62027,29653.45,Major Spender,Moderate,2020,Not Calculated
2021,France,RandD Economic affairs,24910.877,0.83975,29629.352,Moderate Spender,Minimal,2020,Not Calculated
2021,Germany,Total function,2.1833375e+06,51.25284,42598.516,Mega Spender,Critical,2020,Not Calculated
2021,Germany,Transport,87176.24,2.04642,42578.582,Major Spender,Moderate,2020,Not Calculated
2021,Germany,Environment protection,24530.033,0.57583,42525.586,Moderate Spender,Minimal,2020,Not Calculated
2021,Germany,Health,368161.03,8.64241,42594.418,Mega Spender,Significant,2020,Not Calculated
2021,Germany,Education,193016.12,4.53096,42589.99,Mega Spender,Moderate,2020,Not Calculated
2021,Germany,Social protection,890466.25,20.90328,42597.316,Mega Spender,Critical,2020,Not Calculated
2021,Germany,General public services,265178.66,6.22495,42592.484,Mega Spender,Significant,2020,Not Calculated
2021,Germany,Defence,47261.12,1.10943,42561.098,Moderate Spender,Minimal,2020,Not Calculated
2021,Germany,Public order and safety,71314.51,1.67408,42573.79,Major Spender,Minimal,2020,Not Calculated
2021,Germany,"Recreation, culture and religion",47219.723,1.10846,42560.996,Moderate Spender,Minimal,2020,Not Calculated
2021,Germany,"General economic, commercial and labour affairs",99921.45,2.34561,42581.195,Major Spender,Moderate,2020,Not Calculated
2021,Greece,Total function,123440.24,57.44776,2148.7017,Mega Spender,Critical,2020,Not Calculated
2021,Greece,Social protection,44294.81,20.61433,2148.6345,Moderate Spender,Critical,2020,Not Calculated
2021,Hungary,Total function,88047.85,48.41837,1818.4427,Major Spender,Critical,2020,Not Calculated
2021,Hungary,Social protection,23859.365,13.1205,1818.3413,Moderate Spender,Critical,2020,Not Calculated
2021,Indonesia,Total function,225046.66,18.97378,11860.305,Mega Spender,Critical,2020,Not Calculated
2021,Indonesia,Health,27857.492,2.34868,11855.866,Moderate Spender,Moderate,2020,Not Calculated
2021,Indonesia,Education,36147.105,3.04758,11857.03,Moderate Spender,Moderate,2020,Not Calculated
2021,Indonesia,Social protection,20477.498,1.72647,11854.039,Moderate Spender,Minimal,2020,Not Calculated
2021,Indonesia,General public services,65133.746,5.49145,11858.778,Major Spender,Significant,2020,Not Calculated
2021,Ireland,Total function,125150.78,24.82251,5041.623,Mega Spender,Critical,2020,Not Calculated
2021,Ireland,Health,26535.275,5.26303,5040.867,Moderate Spender,Significant,2020,Not Calculated
2021,Ireland,Social protection,44011.043,8.72919,5041.2466,Moderate Spender,Significant,2020,Not Calculated
2021,Israel,Total function,199550.47,41.43565,4815.7964,Mega Spender,Critical,2020,Not Calculated
2021,Israel,Health,28244.053,5.86473,4815.096,Moderate Spender,Significant,2020,Not Calculated
2021,Israel,Education,36228.59,7.52268,4815.2754,Moderate Spender,Significant,2020,Not Calculated
2021,Israel,Social protection,52008.07,10.79921,4815.4683,Major Spender,Critical,2020,Not Calculated
2021,Israel,General public services,22408.672,4.65305,4814.876,Moderate Spender,Moderate,2020,Not Calculated
2021,Israel,Defence,24705.434,5.12996,4814.973,Moderate Spender,Significant,2020,Not Calculated
2021,Italy,Total function,1.1663795e+06,55.3389,21076.646,Mega Spender,Critical,2020,Not Calculated
2021,Italy,Transport,46125.81,2.18844,21067.4,Moderate Spender,Moderate,2020,Not Calculated
2021,Italy,Environment protection,20068.738,0.95216,21054.953,Moderate Spender,Minimal,2020,Not Calculated
2021,Italy,Health,160242.39,7.6027,21074.266,Mega Spender,Significant,2020,Not Calculated
2021,Italy,Education,86743.59,4.11555,21071.916,Major Spender,Moderate,2020,Not Calculated
2021,Italy,Social protection,492677.56,23.3751,21076.125,Mega Spender,Critical,2020,Not Calculated
2021,Italy,General public services,170832.64,8.10516,21074.422,Mega Spender,Significant,2020,Not Calculated
2021,Italy,Defence,29324.863,1.39132,21061.87,Moderate Spender,Minimal,2020,Not Calculated
2021,Italy,Public order and safety,39841.79,1.89029,21065.932,Moderate Spender,Minimal,2020,Not Calculated
2021,Italy,"General economic, commercial and labour affairs",19893.691,0.94386,21054.645,Moderate Spender,Minimal,2020,Not Calculated
2021,Japan,Total function,2.2256345e+06,45.04532,49407.69,Mega Spender,Critical,2020,Not Calculated
2021,Japan,"Agriculture, forestry, fishing and hunting",45979.055,0.93058,49355.992,Moderate Spender,Minimal,2020,Not Calculated
2021,Japan,Transport,77510.38,1.56876,49377.215,Major Spender,Minimal,2020,Not Calculated
2021,Japan,Environment protection,57769.023,1.16921,49366.37,Major Spender,Minimal,2020,Not Calculated
2021,Japan,Housing and community amenities,31720.846,0.64201,49331.812,Moderate Spender,Minimal,2020,Not Calculated
2021,Japan,Health,460314.44,9.31645,49403.477,Mega Spender,Significant,2020,Not Calculated
2021,Japan,Education,173146.7,3.50437,49394.703,Mega Spender,Moderate,2020,Not Calculated
2021,Japan,Social protection,897587.44,18.16656,49406.06,Mega Spender,Critical,2020,Not Calculated
2021,Japan,General public services,188490.98,3.81493,49395.82,Mega Spender,Moderate,2020,Not Calculated
2021,Japan,Defence,50474.55,1.02157,49360.484,Major Spender,Minimal,2020,Not Calculated
2021,Japan,Public order and safety,61752.465,1.24983,49369.188,Major Spender,Minimal,2020,Not Calculated
2021,Japan,"Recreation, culture and religion",22525.764,0.45591,49300.223,Moderate Spender,Minimal,2020,Not Calculated
2021,Japan,"General economic, commercial and labour affairs",27435.82,0.55528,49320.16,Moderate Spender,Minimal,2020,Not Calculated
2021,Japan,Other industries,89532.69,1.81208,49381.54,Major Spender,Minimal,2020,Not Calculated
2021,Lithuania,Total function,24916.979,37.50001,664.4349,Moderate Spender,Critical,2020,Not Calculated
2021,Luxembourg,Total function,36672.28,42.88843,855.04236,Moderate Spender,Critical,2020,Not Calculated
2021,Netherlands (Kingdom of the),Total function,471999.72,46.6013,10128.25,Mega Spender,Critical,2020,Not Calculated
2021,Netherlands (Kingdom of the),Transport,23470.299,2.31726,10124.102,Moderate Spender,Moderate,2020,Not Calculated
2021,Netherlands (Kingdom of the),Health,88012.44,8.68961,10127.303,Major Spender,Significant,2020,Not Calculated
2021,Netherlands (Kingdom of the),Education,52018.1,5.13583,10126.499,Major Spender,Significant,2020,Not Calculated
2021,Netherlands (Kingdom of the),Social protection,168478.98,16.6342,10127.861,Mega Spender,Critical,2020,Not Calculated
2021,Netherlands (Kingdom of the),General public services,39531.91,3.90305,10125.872,Moderate Spender,Moderate,2020,Not Calculated
2021,Netherlands (Kingdom of the),Public order and safety,19795.525,1.95444,10123.31,Moderate Spender,Minimal,2020,Not Calculated
2021,Netherlands (Kingdom of the),"General economic, commercial and labour affairs",20382.164,2.01236,10123.457,Moderate Spender,Moderate,2020,Not Calculated
2021,New Zealand,Total function,96016.41,38.33736,2504.4475,Major Spender,Critical,2020,Not Calculated
2021,New Zealand,Social protection,28641.637,11.43601,2504.294,Moderate Spender,Critical,2020,Not Calculated
2021,Norway,Total function,236777.42,49.10613,4821.651,Mega Spender,Critical,2020,Not Calculated
2021,Norway,Health,42112.805,8.73393,4821.1953,Moderate Spender,Significant,2020,Not Calculated
2021,Norway,Education,24309.78,5.04169,4820.796,Moderate Spender,Significant,2020,Not Calculated
2021,Norway,Social protection,91162.164,18.90645,4821.4946,Major Spender,Critical,2020,Not Calculated
2021,Norway,General public services,20389.057,4.22856,4820.6094,Moderate Spender,Moderate,2020,Not Calculated
2021,Philippines,Total function,91483.84,23.21416,3940.694,Major Spender,Critical,2020,Not Calculated
2021,Philippines,General public services,38581.17,9.79003,3940.461,Moderate Spender,Significant,2020,Not Calculated
2021,Poland,Total function,300389.97,44.21128,6794.2656,Mega Spender,Critical,2020,Not Calculated
2021,Poland,Transport,24718.688,3.63809,6792.547,Moderate Spender,Moderate,2020,Not Calculated
2021,Poland,Health,39208.195,5.77065,6793.239,Moderate Spender,Significant,2020,Not Calculated
2021,Poland,Education,33551.375,4.93808,6793.0415,Moderate Spender,Moderate,2020,Not Calculated
2021,Poland,Social protection,117787.086,17.33586,6794.027,Mega Spender,Critical,2020,Not Calculated
2021,Poland,General public services,28211.537,4.15216,6792.788,Moderate Spender,Moderate,2020,Not Calculated
2021,Portugal,Total function,121274.586,47.8093,2536.5786,Mega Spender,Critical,2020,Not Calculated
2021,Portugal,Social protection,46371.57,18.28077,2536.4924,Moderate Spender,Critical,2020,Not Calculated
2021,Romania,Total function,113576.94,39.97971,2840.7935,Mega Spender,Critical,2020,Not Calculated
2021,Romania,Social protection,38119.31,13.41821,2840.652,Moderate Spender,Critical,2020,Not Calculated
2021,Russian Federation,Total function,647701.06,36.41262,17787.33,Mega Spender,Critical,2020,Not Calculated
2021,Singapore,Total function,77194.11,19.44476,3969.7144,Major Spender,Critical,2020,Not Calculated
2021,Slovakia,Total function,53999.63,46.34083,1165.2458,Major Spender,Critical,2020,Not Calculated
2021,Slovenia,Total function,30437.904,49.29328,617.4733,Moderate Spender,Critical,2020,Not Calculated
2021,South Africa,Total function,168264.7,40.15714,4190.0522,Mega Spender,Critical,2020,Not Calculated
2021,South Africa,Health,21617.766,5.15918,4189.3433,Moderate Spender,Significant,2020,Not Calculated
2021,South Africa,Education,31105.42,7.42345,4189.593,Moderate Spender,Significant,2020,Not Calculated
2021,South Africa,Social protection,26723.297,6.37764,4189.4976,Moderate Spender,Significant,2020,Not Calculated
2021,South Africa,General public services,34789.445,8.30266,4189.652,Moderate Spender,Significant,2020,Not Calculated
2021,Spain,Total function,722493.5,50.61673,14273.526,Mega Spender,Critical,2020,Not Calculated
2021,Spain,Transport,29084.768,2.03763,14266.82,Moderate Spender,Moderate,2020,Not Calculated
2021,Spain,Health,104820.36,7.34355,14271.855,Mega Spender,Significant,2020,Not Calculated
2021,Spain,Education,65804.125,4.61013,14270.717,Major Spender,Moderate,2020,Not Calculated
2021,Spain,Social protection,293880.22,20.58878,14273.112,Mega Spender,Critical,2020,Not Calculated
2021,Spain,General public services,83986.39,5.88395,14271.385,Major Spender,Significant,2020,Not Calculated
2021,Spain,Public order and safety,29120.248,2.04012,14266.8,Moderate Spender,Moderate,2020,Not Calculated
2021,Spain,"General economic, commercial and labour affairs",36708.71,2.57175,14268.278,Moderate Spender,Moderate,2020,Not Calculated
2021,Sweden,Total function,314766.88,49.51782,6356.5103,Mega Spender,Critical,2020,Not Calculated
2021,Sweden,Health,47675.836,7.50017,6355.7866,Moderate Spender,Significant,2020,Not Calculated
2021,Sweden,Education,42462.098,6.67996,6355.6885,Moderate Spender,Significant,2020,Not Calculated
2021,Sweden,Social protection,118174.56,18.59073,6356.2974,Mega Spender,Critical,2020,Not Calculated
2021,Sweden,General public services,42330.926,6.65933,6355.68,Moderate Spender,Significant,2020,Not Calculated
2021,"Switzerland, Liechtenstein",Total function,291968.38,35.62872,8194.519,Mega Spender,Critical,2020,Not Calculated
2021,"Switzerland, Liechtenstein",Transport,20914.982,2.55224,8191.5464,Moderate Spender,Moderate,2020,Not Calculated
2021,"Switzerland, Liechtenstein",Health,22616.463,2.75987,8191.7886,Moderate Spender,Moderate,2020,Not Calculated
2021,"Switzerland, Liechtenstein",Education,45628.266,5.56799,8193.275,Moderate Spender,Significant,2020,Not Calculated
2021,"Switzerland, Liechtenstein",Social protection,114973.484,14.03014,8194.165,Mega Spender,Critical,2020,Not Calculated
2021,"Switzerland, Liechtenstein",General public services,34694.1,4.2337,8192.8125,Moderate Spender,Moderate,2020,Not Calculated
2021,Thailand,Total function,133983.4,26.47989,5059.626,Mega Spender,Critical,2020,Not Calculated
2021,Thailand,Social protection,26379.945,5.21362,5058.8433,Moderate Spender,Significant,2020,Not Calculated
2021,Thailand,General public services,44525.934,8.79991,5059.242,Moderate Spender,Significant,2020,Not Calculated
2021,Türkiye,Total function,264520.03,32.29657,8190.091,Mega Spender,Critical,2020,Not Calculated
2021,Türkiye,Health,42763.004,5.22115,8188.774,Moderate Spender,Significant,2020,Not Calculated
2021,Türkiye,Education,23303.898,2.84529,8187.465,Moderate Spender,Moderate,2020,Not Calculated
2021,Türkiye,Social protection,72330.45,8.83119,8189.4126,Major Spender,Significant,2020,Not Calculated
2021,Türkiye,General public services,47209.125,5.764,8188.9204,Moderate Spender,Significant,2020,Not Calculated
2021,Ukraine,Total function,80466.71,40.21614,2000.8064,Major Spender,Critical,2020,Not Calculated
2021,Ukraine,Social protection,26808.8,13.39866,2000.7075,Moderate Spender,Critical,2020,Not Calculated
2021,United Kingdom,Total function,1.511473e+06,48.26862,31313.133,Mega Spender,Critical,2020,Not Calculated
2021,United Kingdom,Transport,68248.375,2.1795,31299.414,Major Spender,Moderate,2020,Not Calculated
2021,United Kingdom,Environment protection,22793.012,0.72789,31270.852,Moderate Spender,Minimal,2020,Not Calculated
2021,United Kingdom,Housing and community amenities,26048.566,0.83186,31276.045,Moderate Spender,Minimal,2020,Not Calculated
2021,United Kingdom,Health,309913.16,9.89702,31310.62,Mega Spender,Significant,2020,Not Calculated
2021,United Kingdom,Education,169775.75,5.42176,31307.996,Mega Spender,Significant,2020,Not Calculated
2021,United Kingdom,Social protection,502978.44,16.06253,31311.824,Mega Spender,Critical,2020,Not Calculated
2021,United Kingdom,General public services,147063.89,4.69646,31307.111,Mega Spender,Moderate,2020,Not Calculated
2021,United Kingdom,Defence,67601.94,2.15886,31299.223,Major Spender,Moderate,2020,Not Calculated
2021,United Kingdom,Public order and safety,65012.074,2.07615,31298.691,Major Spender,Moderate,2020,Not Calculated
2021,United Kingdom,"General economic, commercial and labour affairs",59535.258,1.90125,31297.283,Major Spender,Minimal,2020,Not Calculated
2021,United Kingdom,RandD Economic affairs,24623.66,0.78635,31274.098,Moderate Spender,Minimal,2020,Not Calculated
2021,United States of America,Total function,1.0476082e+07,44.72828,234210.84,Mega Spender,Critical,2020,Not Calculated
2021,United States of America,Housing and community amenities,178497.72,0.76211,233908.25,Mega Spender,Minimal,2020,Not Calculated
2021,United States of America,Health,2.3995302e+06,10.24494,234193.27,Mega Spender,Critical,2020,Not Calculated
2021,United States of America,Education,1.3110288e+06,5.59752,234174.17,Mega Spender,Significant,2020,Not Calculated
2021,United States of America,Social protection,2.827585e+06,12.07255,234196.66,Mega Spender,Critical,2020,Not Calculated
2021,United States of America,General public services,1.2916402e+06,5.51474,234173.52,Mega Spender,Significant,2020,Not Calculated
2021,United States of America,Defence,759322.0,3.24197,234144.02,Mega Spender,Moderate,2020,Not Calculated
2021,United States of America,Public order and safety,459973.2,1.96388,234097.34,Mega Spender,Minimal,2020,Not Calculated
2021,United States of America,"Recreation, culture and religion",62528.78,0.26697,233342.47,Major Spender,Minimal,2020,Not Calculated
2000,Australia,Total function,153122.64,37.36193,4098.2505,Mega Spender,Critical,2000,Not Calculated
2000,Australia,Social protection,43606.7,10.64004,4097.973,Moderate Spender,Critical,2000,Not Calculated
2000,Austria,Total function,100682.79,51.16005,1967.9579,Mega Spender,Critical,2000,Not Calculated
2000,Austria,Social protection,40996.27,20.83148,1967.9016,Moderate Spender,Critical,2000,Not Calculated
2000,Belgium,Total function,116971.375,49.52126,2361.9958,Mega Spender,Critical,2000,Not Calculated
2000,Belgium,Social protection,38899.234,16.46847,2361.8997,Moderate Spender,Critical,2000,Not Calculated
2000,Belgium,General public services,27018.346,11.43855,2361.8364,Moderate Spender,Critical,2000,Not Calculated
2000,Bolivia (Plurinational State of),Total function,2409.121,28.68733,83.97565,Low Spender,Critical,2000,Not Calculated
2000,Brazil,Total function,244151.94,37.24962,6554.3057,Mega Spender,Critical,2000,Not Calculated
2000,Brazil,Social protection,71893.03,10.96853,6553.8843,Major Spender,Critical,2000,Not Calculated
2000,Brazil,General public services,69447.3,10.59539,6553.8633,Major Spender,Critical,2000,Not Calculated
2000,Bulgaria,Total function,5693.389,42.98195,132.45692,Low Spender,Critical,2000,Not Calculated
2000,Bulgaria,Social protection,1677.79,12.66639,132.44954,Low Spender,Critical,2000,Not Calculated
2000,Bulgaria,General public services,1434.388,10.82884,132.44774,Low Spender,Critical,2000,Not Calculated
2000,"China, Macao SAR",Total function,1116.206,16.47732,67.73786,Low Spender,Critical,2000,Not Calculated
2000,Cyprus,Total function,3369.616,33.82175,99.625725,Low Spender,Critical,2000,Not Calculated
2000,Czechia,Total function,25253.031,40.84698,618.21985,Moderate Spender,Critical,2000,Not Calculated
2000,Czechia,Social protection,7588.291,12.27412,618.18463,Low Spender,Critical,2000,Not Calculated
2000,Denmark,Total function,86489.484,52.68678,1641.5474,Major Spender,Critical,2000,Not Calculated
2000,Denmark,Social protection,36687.086,22.34866,1641.5054,Moderate Spender,Critical,2000,Not Calculated
2000,Estonia,Total function,2072.956,36.42639,56.90652,Low Spender,Critical,2000,Not Calculated
2000,Estonia,Social protection,599.055,10.52671,56.902687,Low Spender,Critical,2000,Not Calculated
2000,Finland,Total function,60419.96,48.06429,1257.0394,Major Spender,Critical,2000,Not Calculated
2000,Finland,Social protection,24613.352,19.58001,1257.0012,Moderate Spender,Critical,2000,Not Calculated
2000,France,Total function,705385.06,51.68205,13648.287,Mega Spender,Critical,2000,Not Calculated
2000,France,Social protection,278338.03,20.39323,13647.882,Mega Spender,Critical,2000,Not Calculated
2000,Georgia,Total function,489.331,15.21118,32.167053,Low Spender,Critical,2000,Not Calculated
2000,Germany,Total function,930312.44,47.87666,19431.035,Mega Spender,Critical,2000,Not Calculated
2000,Germany,Social protection,392654.47,20.20717,19430.48,Mega Spender,Critical,2000,Not Calculated
2000,Greece,Total function,60565.895,45.98106,1317.1636,Major Spender,Critical,2000,Not Calculated
2000,Greece,Social protection,17703.805,13.44056,1317.0945,Moderate Spender,Critical,2000,Not Calculated
2000,Greece,General public services,15720.809,11.93509,1317.0819,Moderate Spender,Critical,2000,Not Calculated
2000,Hungary,Total function,22356.51,47.34702,472.17413,Moderate Spender,Critical,2000,Not Calculated
2000,Hungary,Social protection,6887.39,14.58624,472.1517,Low Spender,Critical,2000,Not Calculated
2000,Hungary,General public services,4612.367,9.76815,472.13596,Low Spender,Significant,2000,Not Calculated
2000,Iceland,Total function,4045.82,44.82572,90.254654,Low Spender,Critical,2000,Not Calculated
2000,Iceland,General public services,883.302,9.78656,90.24741,Low Spender,Significant,2000,Not Calculated
2000,Ireland,Total function,30631.314,30.64396,999.5547,Moderate Spender,Critical,2000,Not Calculated
2000,Ireland,Social protection,9573.678,9.57763,999.483,Low Spender,Significant,2000,Not Calculated
2000,Israel,Total function,60264.45,45.49822,1324.5161,Major Spender,Critical,2000,Not Calculated
2000,Israel,Social protection,15065.096,11.37379,1324.4285,Moderate Spender,Critical,2000,Not Calculated
2000,Italy,Total function,533613.44,46.65151,11438.044,Mega Spender,Critical,2000,Not Calculated
2000,Italy,Social protection,192438.38,16.82405,11437.61,Mega Spender,Critical,2000,Not Calculated
2000,Italy,General public services,121155.8,10.59213,11437.205,Mega Spender,Critical,2000,Not Calculated
2000,Kazakhstan,Total function,4053.815,22.16169,182.9117,Low Spender,Critical,2000,Not Calculated
2000,"Korea, Republic of",Total function,135860.05,23.57947,5761.55,Mega Spender,Critical,2000,Not Calculated
2000,Latvia,Total function,2354.852,29.58686,79.588455,Low Spender,Critical,2000,Not Calculated
2000,Latvia,Social protection,826.033,10.37845,79.583496,Low Spender,Critical,2000,Not Calculated
2000,Lithuania,Total function,4864.067,42.20458,115.24702,Low Spender,Critical,2000,Not Calculated
2000,Lithuania,Social protection,1546.663,13.4201,115.24114,Low Spender,Critical,2000,Not Calculated
2000,Luxembourg,Total function,8063.572,38.07621,211.76898,Low Spender,Critical,2000,Not Calculated
2000,Luxembourg,Social protection,3144.347,14.84761,211.76035,Low Spender,Critical,2000,Not Calculated
2000,Malaysia,Total function,20260.422,21.60196,937.854,Moderate Spender,Critical,2000,Not Calculated
2000,Maldives,Total function,232.787,26.26706,8.8619795,Low Spender,Critical,2000,Not Calculated
2000,Malta,Total function,1536.429,37.75559,40.693005,Low Spender,Critical,2000,Not Calculated
2000,Malta,Social protection,473.444,11.63421,40.690628,Low Spender,Critical,2000,Not Calculated
2000,Mongolia,Total function,279.188,21.17903,13.181663,Low Spender,Critical,2000,Not Calculated
2000,Netherlands (Kingdom of the),Total function,176899.52,42.47874,4164.3267,Mega Spender,Critical,2000,Not Calculated
2000,Netherlands (Kingdom of the),Social protection,61744.42,14.82664,4164.1436,Major Spender,Critical,2000,Not Calculated
2000,Norway,Total function,72649.91,42.42422,1712.4226,Major Spender,Critical,2000,Not Calculated
2000,Norway,Social protection,26662.828,15.56987,1712.3531,Moderate Spender,Critical,2000,Not Calculated
2000,Panama,Total function,2329.32,19.72662,118.07406,Low Spender,Critical,2000,Not Calculated
2000,Peru,Total function,10764.278,20.80324,517.4079,Moderate Spender,Critical,2000,Not Calculated
2000,Philippines,Total function,15442.979,18.45706,836.65234,Moderate Spender,Critical,2000,Not Calculated
2000,Poland,Total function,74126.66,43.04173,1722.1644,Major Spender,Critical,2000,Not Calculated
2000,Poland,Social protection,30442.64,17.67655,1722.1075,Moderate Spender,Critical,2000,Not Calculated
2000,Portugal,Total function,50598.535,42.76753,1183.0787,Major Spender,Critical,2000,Not Calculated
2000,Portugal,Social protection,14689.762,12.41627,1183.0105,Moderate Spender,Critical,2000,Not Calculated
2000,Romania,Total function,14354.554,38.53185,372.5277,Moderate Spender,Critical,2000,Not Calculated
2000,Romania,Social protection,3874.756,10.40099,372.50143,Low Spender,Critical,2000,Not Calculated
2000,Russian Federation,Total function,91127.125,34.8389,2615.5964,Major Spender,Critical,2000,Not Calculated
2000,Seychelles,Total function,335.975,44.98568,7.468322,Low Spender,Critical,2000,Not Calculated
2000,Seychelles,General public services,99.146,13.27519,7.4679556,Low Spender,Critical,2000,Not Calculated
2000,Singapore,Total function,17471.95,18.18545,960.7125,Moderate Spender,Critical,2000,Not Calculated
2000,Slovakia,Total function,15432.023,74.48101,207.19128,Moderate Spender,Critical,2000,Not Calculated
2000,Slovakia,Social protection,4159.461,20.0752,207.18369,Low Spender,Critical,2000,Not Calculated
2000,Slovakia,General public services,3261.22,15.73993,207.1809,Low Spender,Critical,2000,Not Calculated
2000,Slovenia,Total function,8277.009,40.7911,202.90715,Low Spender,Critical,2000,Not Calculated
2000,Slovenia,Social protection,3106.488,15.30952,202.89893,Low Spender,Critical,2000,Not Calculated
2000,South Africa,Total function,46108.49,30.38396,1517.4773,Moderate Spender,Critical,2000,Not Calculated
2000,South Africa,General public services,15405.424,10.15166,1517.378,Moderate Spender,Critical,2000,Not Calculated
2000,Spain,Total function,234000.02,39.20405,5968.6196,Mega Spender,Critical,2000,Not Calculated
2000,Spain,Social protection,75964.36,12.72697,5968.3013,Major Spender,Critical,2000,Not Calculated
2000,Sri Lanka,Total function,4182.164,21.85975,191.30927,Low Spender,Critical,2000,Not Calculated
2000,Sweden,Total function,139436.9,53.05128,2628.2925,Mega Spender,Critical,2000,Not Calculated
2000,Sweden,Social protection,57304.19,21.80241,2628.2217,Major Spender,Critical,2000,Not Calculated
2000,Sweden,General public services,25530.1,9.71339,2628.07,Moderate Spender,Significant,2000,Not Calculated
2000,"Switzerland, Liechtenstein",Total function,92973.23,32.90141,2825.727,Major Spender,Critical,2000,Not Calculated
2000,"Switzerland, Liechtenstein",Social protection,37872.832,13.40246,2825.601,Moderate Spender,Critical,2000,Not Calculated
2000,Thailand,Total function,23515.373,18.60508,1263.8542,Moderate Spender,Critical,2000,Not Calculated
2000,United Kingdom,Total function,586783.06,35.22004,16660.016,Mega Spender,Critical,2000,Not Calculated
2000,United Kingdom,Social protection,219537.34,13.17713,16659.219,Mega Spender,Critical,2000,Not Calculated
2000,United States of America,Total function,3.515795e+06,34.08918,103132.195,Mega Spender,Critical,2000,Not Calculated
2001,Australia,Total function,145149.39,37.11976,3910.1946,Mega Spender,Critical,2000,Not Calculated
2001,Australia,Social protection,40553.57,10.37096,3909.9233,Moderate Spender,Critical,2000,Not Calculated
2001,Austria,Total function,101432.03,51.40064,1973.3229,Mega Spender,Critical,2000,Not Calculated
2001,Austria,Social protection,40720.74,20.63522,1973.2655,Moderate Spender,Critical,2000,Not Calculated
2001,Belgium,Total function,116904.016,49.42269,2365.3438,Mega Spender,Critical,2000,Not Calculated
2001,Belgium,Social protection,39486.426,16.6934,2365.25,Moderate Spender,Critical,2000,Not Calculated
2001,Belgium,General public services,26041.145,11.00923,2365.1772,Moderate Spender,Critical,2000,Not Calculated
2001,Bolivia (Plurinational State of),Total function,2580.045,31.68997,81.41262,Low Spender,Critical,2000,Not Calculated
2001,Brazil,Total function,217987.75,38.92753,5599.6914,Mega Spender,Critical,2000,Not Calculated
2001,Brazil,Social protection,60794.086,10.85641,5599.3174,Major Spender,Critical,2000,Not Calculated
2001,Bulgaria,Total function,5762.765,40.63021,141.831,Low Spender,Critical,2000,Not Calculated
2001,Bulgaria,Social protection,1781.162,12.55803,141.82321,Low Spender,Critical,2000,Not Calculated
2001,"China, Macao SAR",Total function,1159.147,16.89652,68.59865,Low Spender,Critical,2000,Not Calculated
2001,Cyprus,Total function,3608.312,34.72801,103.89908,Low Spender,Critical,2000,Not Calculated
2001,Czechia,Total function,29367.855,43.30987,678.0712,Moderate Spender,Critical,2000,Not Calculated
2001,Czechia,Social protection,8262.66,12.18525,678.0314,Low Spender,Critical,2000,Not Calculated
2001,Denmark,Total function,87071.35,52.83742,1647.8795,Major Spender,Critical,2000,Not Calculated
2001,Denmark,Social protection,37340.84,22.6595,1647.8384,Moderate Spender,Critical,2000,Not Calculated
2001,Estonia,Total function,2188.112,34.98228,62.547367,Low Spender,Critical,2000,Not Calculated
2001,Estonia,Social protection,625.597,10.00169,62.542873,Low Spender,Critical,2000,Not Calculated
2001,Finland,Total function,61239.566,47.31852,1294.1714,Major Spender,Critical,2000,Not Calculated
2001,Finland,Social protection,24853.719,19.20394,1294.1316,Moderate Spender,Critical,2000,Not Calculated
2001,France,Total function,712501.94,51.66474,13790.607,Mega Spender,Critical,2000,Not Calculated
2001,France,Social protection,281522.34,20.41367,13790.199,Mega Spender,Critical,2000,Not Calculated
2001,Georgia,Total function,550.647,16.2586,33.865963,Low Spender,Critical,2000,Not Calculated
2001,Germany,Total function,922621.1,47.45774,19440.488,Mega Spender,Critical,2000,Not Calculated
2001,Germany,Social protection,391671.34,20.14677,19439.936,Mega Spender,Critical,2000,Not Calculated
2001,Greece,Total function,62683.32,46.02633,1361.8718,Major Spender,Critical,2000,Not Calculated
2001,Greece,Social protection,18501.914,13.58536,1361.8007,Moderate Spender,Critical,2000,Not Calculated
2001,Greece,General public services,15732.628,11.55196,1361.7832,Moderate Spender,Critical,2000,Not Calculated
2001,Hungary,Total function,25397.916,47.25236,537.4838,Moderate Spender,Critical,2000,Not Calculated
2001,Hungary,Social protection,7701.215,14.32797,537.4577,Low Spender,Critical,2000,Not Calculated
2001,Hungary,General public services,5622.514,10.46058,537.44403,Low Spender,Critical,2000,Not Calculated
2001,Iceland,Total function,3904.893,47.41914,82.346725,Low Spender,Critical,2000,Not Calculated
2001,Iceland,General public services,1023.033,12.42322,82.34183,Low Spender,Critical,2000,Not Calculated
2001,Iran (Islamic Republic of),Total function,27101.6,22.30196,1215.1571,Moderate Spender,Critical,2000,Not Calculated
2001,Ireland,Total function,35180.094,32.20114,1092.4768,Moderate Spender,Critical,2000,Not Calculated
2001,Ireland,Social protection,11262.631,10.30894,1092.405,Moderate Spender,Critical,2000,Not Calculated
2001,Israel,Total function,63320.34,48.40349,1308.1501,Major Spender,Critical,2000,Not Calculated
2001,Israel,Social protection,16239.197,12.41361,1308.0714,Moderate Spender,Critical,2000,Not Calculated
2001,Italy,Total function,552936.56,47.38093,11669.776,Mega Spender,Critical,2000,Not Calculated
2001,Italy,Social protection,193719.3,16.59973,11669.324,Mega Spender,Critical,2000,Not Calculated
2001,Italy,General public services,124394.88,10.65935,11668.93,Mega Spender,Critical,2000,Not Calculated
2001,Kazakhstan,Total function,4948.994,22.34038,221.51695,Low Spender,Critical,2000,Not Calculated
2001,"Korea, Republic of",Total function,137907.64,25.18142,5476.346,Mega Spender,Critical,2000,Not Calculated
2001,Kuwait,Total function,16577.45,47.51402,348.8886,Moderate Spender,Critical,2000,Not Calculated
2001,Kuwait,Social protection,3290.056,9.42991,348.8588,Low Spender,Significant,2000,Not Calculated
2001,Latvia,Total function,2319.698,27.74102,83.61677,Low Spender,Critical,2000,Not Calculated
2001,Latvia,Social protection,792.489,9.47729,83.61096,Low Spender,Significant,2000,Not Calculated
2001,Lithuania,Total function,4715.445,38.53243,122.37283,Low Spender,Critical,2000,Not Calculated
2001,Lithuania,Social protection,1475.478,12.05692,122.365875,Low Spender,Critical,2000,Not Calculated
2001,Luxembourg,Total function,8155.952,38.1675,213.68282,Low Spender,Critical,2000,Not Calculated
2001,Luxembourg,Social protection,3311.76,15.49808,213.6746,Low Spender,Critical,2000,Not Calculated
2001,Malaysia,Total function,24283.08,26.17164,927.804,Moderate Spender,Critical,2000,Not Calculated
2001,Maldives,Total function,237.876,26.81446,8.870853,Low Spender,Critical,2000,Not Calculated
2001,Malta,Total function,1592.877,38.96208,40.881702,Low Spender,Critical,2000,Not Calculated
2001,Malta,Social protection,497.074,12.15853,40.879375,Low Spender,Critical,2000,Not Calculated
2001,Mongolia,Total function,322.467,21.93297,14.701717,Low Spender,Critical,2000,Not Calculated
2001,Netherlands (Kingdom of the),Total function,185968.52,43.12718,4311.9956,Mega Spender,Critical,2000,Not Calculated
2001,Netherlands (Kingdom of the),Social protection,64211.26,14.89096,4311.807,Major Spender,Critical,2000,Not Calculated
2001,Norway,Total function,76869.945,44.18496,1739.6917,Major Spender,Critical,2000,Not Calculated
2001,Norway,Social protection,28610.197,16.44518,1739.6256,Moderate Spender,Critical,2000,Not Calculated
2001,Panama,Total function,2411.75,20.10124,119.9742,Low Spender,Critical,2000,Not Calculated
2001,Peru,Total function,9424.717,18.10741,520.46075,Low Spender,Critical,2000,Not Calculated
2001,Philippines,Total function,13866.567,17.57015,789.16675,Moderate Spender,Critical,2000,Not Calculated
2001,Poland,Total function,85607.125,44.84267,1909.0125,Major Spender,Critical,2000,Not Calculated
2001,Poland,Social protection,35425.39,18.55651,1908.9517,Moderate Spender,Critical,2000,Not Calculated
2001,Portugal,Total function,53664.258,44.16891,1214.9506,Major Spender,Critical,2000,Not Calculated
2001,Portugal,Social protection,15577.389,12.82113,1214.883,Moderate Spender,Critical,2000,Not Calculated
2001,Romania,Total function,14676.235,36.33171,403.94,Moderate Spender,Critical,2000,Not Calculated
2001,Romania,Social protection,4337.322,10.73724,403.91364,Low Spender,Critical,2000,Not Calculated
2001,Russian Federation,Total function,115418.93,37.3765,3087.9255,Mega Spender,Critical,2000,Not Calculated
2001,Russian Federation,Social protection,29164.553,9.44445,3087.6824,Moderate Spender,Significant,2000,Not Calculated
2001,Russian Federation,General public services,29083.3,9.41814,3087.681,Moderate Spender,Significant,2000,Not Calculated
2001,Singapore,Total function,18881.83,21.02799,897.89526,Moderate Spender,Critical,2000,Not Calculated
2001,Slovakia,Total function,13944.826,65.13111,214.10063,Moderate Spender,Critical,2000,Not Calculated
2001,Slovakia,Social protection,4403.336,20.56635,214.09349,Low Spender,Critical,2000,Not Calculated
2001,Slovakia,General public services,2451.078,11.44808,214.08513,Low Spender,Critical,2000,Not Calculated
2001,Slovenia,Total function,9226.211,44.19346,208.76398,Low Spender,Critical,2000,Not Calculated
2001,Slovenia,Social protection,3347.899,16.0364,208.75572,Low Spender,Critical,2000,Not Calculated
2001,South Africa,Total function,40131.227,29.63247,1354.2534,Moderate Spender,Critical,2000,Not Calculated
2001,Spain,Total function,241169.75,38.44683,6272.649,Mega Spender,Critical,2000,Not Calculated
2001,Spain,Social protection,78276.23,12.47865,6272.309,Major Spender,Critical,2000,Not Calculated
2001,Sri Lanka,Total function,4153.63,22.61807,183.63399,Low Spender,Critical,2000,Not Calculated
2001,Sweden,Total function,127310.94,52.5221,2423.9038,Mega Spender,Critical,2000,Not Calculated
2001,Sweden,Social protection,52479.703,21.65049,2423.8381,Major Spender,Critical,2000,Not Calculated
2001,"Switzerland, Liechtenstein",Total function,93432.125,32.22021,2899.7087,Major Spender,Critical,2000,Not Calculated
2001,"Switzerland, Liechtenstein",Social protection,35607.605,12.27934,2899.5618,Moderate Spender,Critical,2000,Not Calculated
2001,Thailand,Total function,23911.648,19.87726,1202.9045,Moderate Spender,Critical,2000,Not Calculated
2001,Ukraine,Total function,13798.644,35.10288,393.08032,Moderate Spender,Critical,2000,Not Calculated
2001,Ukraine,Social protection,5700.279,14.50115,393.0644,Low Spender,Critical,2000,Not Calculated
2001,United Kingdom,Total function,597924.1,36.26497,16487.195,Mega Spender,Critical,2000,Not Calculated
2001,United Kingdom,Social protection,223945.7,13.58263,16486.44,Mega Spender,Critical,2000,Not Calculated
2001,United States of America,Total function,3.7682438e+06,35.37556,106518.09,Mega Spender,Critical,2000,Not Calculated
2002,Australia,Total function,159275.22,36.52151,4361.015,Mega Spender,Critical,2000,Not Calculated
2002,Australia,Social protection,43771.402,10.0367,4360.7,Moderate Spender,Critical,2000,Not Calculated
2002,Austria,Total function,109457.805,51.29533,2133.833,Mega Spender,Critical,2000,Not Calculated
2002,Austria,Social protection,44749.21,20.97087,2133.7732,Moderate Spender,Critical,2000,Not Calculated
2002,Belgium,Total function,128942.41,50.13907,2571.644,Mega Spender,Critical,2000,Not Calculated
2002,Belgium,Social protection,44189.402,17.18299,2571.5452,Moderate Spender,Critical,2000,Not Calculated
2002,Belgium,General public services,27209.262,10.58028,2571.4526,Moderate Spender,Critical,2000,Not Calculated
2002,Bolivia (Plurinational State of),Total function,2762.646,34.94593,79.05261,Low Spender,Critical,2000,Not Calculated
2002,Brazil,Total function,185350.86,36.35791,5097.811,Mega Spender,Critical,2000,Not Calculated
2002,Brazil,Social protection,61914.758,12.14503,5097.5303,Major Spender,Critical,2000,Not Calculated
2002,Bulgaria,Total function,6414.901,39.10801,164.02617,Low Spender,Critical,2000,Not Calculated
2002,Bulgaria,Social protection,2080.454,12.68334,164.01752,Low Spender,Critical,2000,Not Calculated
2002,"China, Hong Kong SAR",Total function,35552.887,21.37248,1663.4113,Moderate Spender,Critical,2000,Not Calculated
2002,"China, Macao SAR",Total function,1284.443,17.42399,73.7127,Low Spender,Critical,2000,Not Calculated
2002,Cyprus,Total function,4149.839,36.45564,113.829445,Low Spender,Critical,2000,Not Calculated
2002,Czechia,Total function,36707.344,44.6582,821.9436,Moderate Spender,Critical,2000,Not Calculated
2002,Czechia,Social protection,10792.486,13.13015,821.89954,Moderate Spender,Critical,2000,Not Calculated
2002,Denmark,Total function,95059.3,53.21431,1786.3148,Major Spender,Critical,2000,Not Calculated
2002,Denmark,Social protection,41063.17,22.98721,1786.271,Moderate Spender,Critical,2000,Not Calculated
2002,Egypt,Total function,26987.777,31.19191,865.1895,Moderate Spender,Critical,2000,Not Calculated
2002,El Salvador,Total function,3061.8,24.17683,126.63668,Low Spender,Critical,2000,Not Calculated
2002,Estonia,Total function,2653.564,36.01438,73.678635,Low Spender,Critical,2000,Not Calculated
2002,Estonia,Social protection,722.702,9.80857,73.67316,Low Spender,Significant,2000,Not Calculated
2002,Finland,Total function,68053.89,48.69871,1397.4188,Major Spender,Critical,2000,Not Calculated
2002,Finland,Social protection,27993.71,20.03203,1397.3778,Moderate Spender,Critical,2000,Not Calculated
2002,France,Total function,792671.6,52.94309,14971.863,Mega Spender,Critical,2000,Not Calculated
2002,France,Social protection,310715.53,20.7529,14971.43,Mega Spender,Critical,2000,Not Calculated
2002,Georgia,Total function,568.495,15.91404,35.720615,Low Spender,Critical,2000,Not Calculated
2002,Germany,Total function,995002.6,48.09754,20686.752,Mega Spender,Critical,2000,Not Calculated
2002,Germany,Social protection,428325.03,20.70485,20686.186,Mega Spender,Critical,2000,Not Calculated
2002,Greece,Total function,70785.65,46.01313,1538.346,Major Spender,Critical,2000,Not Calculated
2002,Greece,Social protection,21227.186,13.79841,1538.2676,Moderate Spender,Critical,2000,Not Calculated
2002,Greece,General public services,17055.312,11.08655,1538.24,Moderate Spender,Critical,2000,Not Calculated
2002,Hungary,Total function,34473.92,50.99482,676.01465,Moderate Spender,Critical,2000,Not Calculated
2002,Hungary,Social protection,10298.536,15.23389,675.98364,Moderate Spender,Critical,2000,Not Calculated
2002,Hungary,General public services,6585.385,9.74129,675.95856,Low Spender,Significant,2000,Not Calculated
2002,Iceland,Total function,4235.895,45.45733,93.18194,Low Spender,Critical,2000,Not Calculated
2002,Iran (Islamic Republic of),Total function,36796.98,24.52313,1500.4398,Moderate Spender,Critical,2000,Not Calculated
2002,Ireland,Total function,42282.066,33.03506,1279.8762,Moderate Spender,Critical,2000,Not Calculated
2002,Ireland,Social protection,13984.931,10.92646,1279.7969,Moderate Spender,Critical,2000,Not Calculated
2002,Israel,Total function,63691.465,52.5734,1211.454,Major Spender,Critical,2000,Not Calculated
2002,Israel,Social protection,14863.698,12.26907,1211.3784,Moderate Spender,Critical,2000,Not Calculated
2002,Israel,General public services,13898.464,11.47233,1211.3713,Moderate Spender,Critical,2000,Not Calculated
2002,Italy,Total function,596248.56,46.92025,12707.432,Mega Spender,Critical,2000,Not Calculated
2002,Italy,Social protection,207389.84,16.32001,12706.926,Mega Spender,Critical,2000,Not Calculated
2002,Italy,General public services,130420.15,10.26308,12706.463,Mega Spender,Critical,2000,Not Calculated
2002,Kazakhstan,Total function,5226.216,21.21322,246.35437,Low Spender,Critical,2000,Not Calculated
2002,"Korea, Republic of",Total function,155766.39,24.83334,6272.2183,Mega Spender,Critical,2000,Not Calculated
2002,Kuwait,Total function,17304.223,45.37532,381.34918,Moderate Spender,Critical,2000,Not Calculated
2002,Latvia,Total function,2782.436,29.11426,95.566246,Low Spender,Critical,2000,Not Calculated
2002,Latvia,Social protection,893.208,9.34616,95.55929,Low Spender,Significant,2000,Not Calculated
2002,Lithuania,Total function,5052.304,35.43779,142.56424,Low Spender,Critical,2000,Not Calculated
2002,Lithuania,Social protection,1523.896,10.68889,142.55487,Low Spender,Critical,2000,Not Calculated
2002,Luxembourg,Total function,9876.158,41.95709,235.38152,Low Spender,Critical,2000,Not Calculated
2002,Luxembourg,Social protection,3890.941,16.52997,235.37282,Low Spender,Critical,2000,Not Calculated
2002,Malaysia,Total function,26920.264,26.69455,1008.41766,Moderate Spender,Critical,2000,Not Calculated
2002,Maldives,Total function,244.961,26.82077,9.132917,Low Spender,Critical,2000,Not Calculated
2002,Malta,Total function,1766.615,39.51621,44.704956,Low Spender,Critical,2000,Not Calculated
2002,Malta,Social protection,560.725,12.54248,44.702503,Low Spender,Critical,2000,Not Calculated
2002,Mauritius,Total function,1133.109,22.41517,50.548733,Low Spender,Critical,2000,Not Calculated
2002,"Moldova, Republic of",Total function,534.792,26.80871,19.947699,Low Spender,Critical,2000,Not Calculated
2002,Mongolia,Total function,565.421,34.91761,16.192541,Low Spender,Critical,2000,Not Calculated
2002,Mongolia,General public services,204.108,12.60468,16.191748,Low Spender,Critical,2000,Not Calculated
2002,Netherlands (Kingdom of the),Total function,206968.12,43.88307,4716.247,Mega Spender,Critical,2000,Not Calculated
2002,Netherlands (Kingdom of the),Social protection,71908.99,15.24673,4716.046,Major Spender,Critical,2000,Not Calculated
2002,Norway,Total function,92245.29,47.17833,1955.2056,Major Spender,Critical,2000,Not Calculated
2002,Norway,Social protection,34601.91,17.69695,1955.1366,Moderate Spender,Critical,2000,Not Calculated
2002,Panama,Total function,2368.96,18.9968,124.69655,Low Spender,Critical,2000,Not Calculated
2002,Peru,Total function,9604.886,17.52836,547.93134,Low Spender,Critical,2000,Not Calculated
2002,Philippines,Total function,14379.277,17.05578,843.0242,Moderate Spender,Critical,2000,Not Calculated
2002,Poland,Total function,89997.8,45.20902,1990.6605,Major Spender,Critical,2000,Not Calculated
2002,Poland,Social protection,36840.875,18.50645,1990.597,Moderate Spender,Critical,2000,Not Calculated
2002,Portugal,Total function,58951.645,43.94058,1341.5914,Major Spender,Critical,2000,Not Calculated
2002,Portugal,Social protection,18068.344,13.46754,1341.5221,Moderate Spender,Critical,2000,Not Calculated
2002,Romania,Total function,16071.096,34.88749,460.64178,Moderate Spender,Critical,2000,Not Calculated
2002,Romania,Social protection,4661.11,10.11844,460.60947,Low Spender,Critical,2000,Not Calculated
2002,Russian Federation,Total function,149335.77,42.91895,3479.4023,Mega Spender,Critical,2000,Not Calculated
2002,Russian Federation,Social protection,34778.715,9.99537,3479.1343,Moderate Spender,Significant,2000,Not Calculated
2002,Russian Federation,General public services,46843.414,13.46275,3479.2246,Moderate Spender,Critical,2000,Not Calculated
2002,San Marino,Total function,403.631,31.11803,12.970552,Low Spender,Critical,2000,Not Calculated
2002,San Marino,Social protection,132.383,10.20608,12.969722,Low Spender,Critical,2000,Not Calculated
2002,Singapore,Total function,16609.625,17.94891,925.332,Moderate Spender,Critical,2000,Not Calculated
2002,Slovakia,Total function,16041.81,64.65681,248.10321,Moderate Spender,Critical,2000,Not Calculated
2002,Slovakia,Social protection,5157.547,20.78759,248.09508,Low Spender,Critical,2000,Not Calculated
2002,Slovakia,General public services,2789.197,11.24191,248.08496,Low Spender,Critical,2000,Not Calculated
2002,Slovenia,Total function,10523.64,44.80242,234.88474,Moderate Spender,Critical,2000,Not Calculated
2002,Slovenia,Social protection,3943.648,16.78934,234.87602,Low Spender,Critical,2000,Not Calculated
2002,South Africa,Total function,38295.105,29.66599,1290.8322,Moderate Spender,Critical,2000,Not Calculated
2002,Spain,Total function,273844.78,38.81975,7054.0825,Mega Spender,Critical,2000,Not Calculated
2002,Spain,Social protection,89455.055,12.68099,7053.7075,Major Spender,Critical,2000,Not Calculated
2002,Sri Lanka,Total function,4064.945,20.7683,195.71893,Low Spender,Critical,2000,Not Calculated
2002,Sweden,Total function,143076.23,53.61705,2668.434,Mega Spender,Critical,2000,Not Calculated
2002,Sweden,Social protection,58361.387,21.87061,2668.3628,Major Spender,Critical,2000,Not Calculated
2002,"Switzerland, Liechtenstein",Total function,108422.73,34.62349,3131.3884,Mega Spender,Critical,2000,Not Calculated
2002,"Switzerland, Liechtenstein",Social protection,44228.64,14.12388,3131.2576,Moderate Spender,Critical,2000,Not Calculated
2002,Thailand,Total function,31998.076,23.82566,1342.9526,Moderate Spender,Critical,2000,Not Calculated
2002,Ukraine,Total function,15962.401,36.31436,439.54956,Moderate Spender,Critical,2000,Not Calculated
2002,Ukraine,Social protection,6594.159,15.00167,439.53238,Low Spender,Critical,2000,Not Calculated
2002,United Kingdom,Total function,672344.56,37.64988,17857.34,Mega Spender,Critical,2000,Not Calculated
2002,United Kingdom,Social protection,247900.5,13.88191,17856.521,Mega Spender,Critical,2000,Not Calculated
2002,United States of America,Total function,4.0149282e+06,36.49358,110014.375,Mega Spender,Critical,2000,Not Calculated
2002,Yemen,Total function,3133.347,25.58442,122.46612,Low Spender,Critical,2000,Not Calculated
2003,Australia,Total function,203412.75,36.31748,5600.806,Mega Spender,Critical,2000,Not Calculated
2003,Australia,Social protection,58197.145,10.39057,5600.419,Major Spender,Critical,2000,Not Calculated
2003,Austria,Total function,134470.3,51.38619,2616.806,Mega Spender,Critical,2000,Not Calculated
2003,Austria,Social protection,55004.496,21.0193,2616.7322,Major Spender,Critical,2000,Not Calculated
2003,Belarus,Total function,8326.518,45.18307,184.27994,Low Spender,Critical,2000,Not Calculated
2003,Belarus,Social protection,2368.44,12.85211,184.26979,Low Spender,Critical,2000,Not Calculated
2003,Belgium,Total function,162372.77,51.16206,3173.6328,Mega Spender,Critical,2000,Not Calculated
2003,Belgium,Social protection,55409.1,17.45886,3173.5134,Major Spender,Critical,2000,Not Calculated
2003,Belgium,General public services,32658.41,10.29034,3173.3872,Moderate Spender,Critical,2000,Not Calculated
2003,Bolivia (Plurinational State of),Total function,2779.507,34.38963,80.82164,Low Spender,Critical,2000,Not Calculated
2003,Brazil,Total function,195800.23,35.07496,5582.1777,Mega Spender,Critical,2000,Not Calculated
2003,Brazil,Social protection,63538.848,11.38213,5581.8433,Major Spender,Critical,2000,Not Calculated
2003,Bulgaria,Total function,8155.813,38.57096,211.44409,Low Spender,Critical,2000,Not Calculated
2003,Bulgaria,Social protection,2580.894,12.20572,211.43222,Low Spender,Critical,2000,Not Calculated
2003,"China, Hong Kong SAR",Total function,35551.93,22.02919,1613.7823,Moderate Spender,Critical,2000,Not Calculated
2003,"China, Macao SAR",Total function,1510.31,18.3146,82.46031,Low Spender,Critical,2000,Not Calculated
2003,Cyprus,Total function,5887.464,40.52168,145.28812,Low Spender,Critical,2000,Not Calculated
2003,Cyprus,Social protection,1430.013,9.84236,145.27692,Low Spender,Significant,2000,Not Calculated
2003,Czechia,Total function,49163.742,49.11931,1000.8842,Moderate Spender,Critical,2000,Not Calculated
2003,Czechia,Social protection,12974.264,12.96254,1000.8272,Moderate Spender,Critical,2000,Not Calculated
2003,Denmark,Total function,116985.766,53.63935,2180.9285,Mega Spender,Critical,2000,Not Calculated
2003,Denmark,Social protection,51770.176,23.73723,2180.8777,Major Spender,Critical,2000,Not Calculated
2003,Egypt,Total function,22741.557,30.70012,740.7403,Moderate Spender,Critical,2000,Not Calculated
2003,El Salvador,Total function,2784.3,21.02328,132.4326,Low Spender,Critical,2000,Not Calculated
2003,Estonia,Total function,3465.536,35.09699,98.73888,Low Spender,Critical,2000,Not Calculated
2003,Estonia,Social protection,964.54,9.76832,98.73153,Low Spender,Significant,2000,Not Calculated
2003,Finland,Total function,84693.375,49.45088,1712.6422,Major Spender,Critical,2000,Not Calculated
2003,Finland,Social protection,34916.66,20.38719,1712.5925,Moderate Spender,Critical,2000,Not Calculated
2003,France,Total function,982599.44,53.28827,18438.975,Mega Spender,Critical,2000,Not Calculated
2003,France,Social protection,392562.44,21.28942,18438.455,Mega Spender,Critical,2000,Not Calculated
2003,Georgia,Total function,661.944,15.76493,41.98572,Low Spender,Critical,2000,Not Calculated
2003,Germany,Total function,1.2083971e+06,48.41272,24959.809,Mega Spender,Critical,2000,Not Calculated
2003,Germany,Social protection,526641.1,21.09913,24959.14,Mega Spender,Critical,2000,Not Calculated
2003,Greece,Total function,94287.875,46.69651,2019.12,Major Spender,Critical,2000,Not Calculated
2003,Greece,Social protection,28928.297,14.32687,2019.0228,Moderate Spender,Critical,2000,Not Calculated
2003,Greece,General public services,20382.379,10.09447,2018.9628,Moderate Spender,Critical,2000,Not Calculated
2003,Hungary,Total function,41893.426,49.12164,852.8334,Moderate Spender,Critical,2000,Not Calculated
2003,Hungary,Social protection,13384.685,15.69405,852.7966,Moderate Spender,Critical,2000,Not Calculated
2003,Hungary,General public services,7718.888,9.05069,852.7566,Low Spender,Significant,2000,Not Calculated
2003,Iceland,Total function,5462.313,47.79205,114.29095,Low Spender,Critical,2000,Not Calculated
2003,Iceland,Social protection,1073.397,9.39159,114.28125,Low Spender,Significant,2000,Not Calculated
2003,Iceland,General public services,1083.792,9.48254,114.28137,Low Spender,Significant,2000,Not Calculated
2003,Iran (Islamic Republic of),Total function,36854.547,23.75324,1551.4934,Moderate Spender,Critical,2000,Not Calculated
2003,Ireland,Total function,53789.164,32.73815,1642.9614,Major Spender,Critical,2000,Not Calculated
2003,Ireland,Social protection,18001.797,10.95659,1642.861,Moderate Spender,Critical,2000,Not Calculated
2003,Israel,Total function,60752.523,47.81947,1270.4293,Major Spender,Critical,2000,Not Calculated
2003,Israel,Social protection,15265.607,12.01585,1270.3501,Moderate Spender,Critical,2000,Not Calculated
2003,Italy,Total function,744234.56,47.28045,15740.52,Mega Spender,Critical,2000,Not Calculated
2003,Italy,Social protection,269103.06,17.09584,15739.93,Mega Spender,Critical,2000,Not Calculated
2003,Italy,General public services,154001.83,9.78358,15739.237,Mega Spender,Significant,2000,Not Calculated
2003,Kazakhstan,Total function,6865.904,22.26754,308.32303,Low Spender,Critical,2000,Not Calculated
2003,"Korea, Republic of",Total function,218615.97,31.11019,7026.9243,Mega Spender,Critical,2000,Not Calculated
2003,Kuwait,Total function,20012.648,41.80276,478.72842,Moderate Spender,Critical,2000,Not Calculated
2003,Latvia,Total function,3657.743,31.07298,117.71079,Low Spender,Critical,2000,Not Calculated
2003,Latvia,Social protection,1123.672,9.54573,117.70229,Low Spender,Significant,2000,Not Calculated
2003,Lithuania,Total function,6331.173,33.70878,187.81413,Low Spender,Critical,2000,Not Calculated
2003,Lithuania,Social protection,1925.982,10.25442,187.80138,Low Spender,Critical,2000,Not Calculated
2003,Luxembourg,Total function,12857.108,43.43506,296.00082,Moderate Spender,Critical,2000,Not Calculated
2003,Luxembourg,Social protection,5143.997,17.37792,295.9906,Low Spender,Critical,2000,Not Calculated
2003,Malaysia,Total function,29718.422,26.96713,1101.983,Moderate Spender,Critical,2000,Not Calculated
2003,Maldives,Total function,277.492,26.37455,10.520804,Low Spender,Critical,2000,Not Calculated
2003,Malta,Total function,2432.674,44.65028,54.48162,Low Spender,Critical,2000,Not Calculated
2003,Malta,Social protection,704.939,12.93874,54.478607,Low Spender,Critical,2000,Not Calculated
2003,Mauritius,Total function,1385.869,22.81851,60.731762,Low Spender,Critical,2000,Not Calculated
2003,"Moldova, Republic of",Total function,627.019,26.37806,23.769573,Low Spender,Critical,2000,Not Calculated
2003,Mongolia,Total function,567.768,30.69459,18.496729,Low Spender,Critical,2000,Not Calculated
2003,Mongolia,General public services,174.91,9.45593,18.495432,Low Spender,Significant,2000,Not Calculated
2003,Netherlands (Kingdom of the),Total function,259271.02,44.7969,5787.571,Mega Spender,Critical,2000,Not Calculated
2003,Netherlands (Kingdom of the),Social protection,90938.51,15.71237,5787.333,Major Spender,Critical,2000,Not Calculated
2003,Norway,Total function,110573.45,48.31532,2288.5322,Mega Spender,Critical,2000,Not Calculated
2003,Norway,Social protection,41672.17,18.20875,2288.4539,Moderate Spender,Critical,2000,Not Calculated
2003,Panama,Total function,2283.16,17.37331,131.41011,Low Spender,Critical,2000,Not Calculated
2003,Paraguay,Total function,1121.709,13.1537,85.270584,Low Spender,Critical,2000,Not Calculated
2003,Peru,Total function,11011.207,18.74458,587.4029,Moderate Spender,Critical,2000,Not Calculated
2003,Philippines,Total function,15222.553,17.48933,870.34106,Moderate Spender,Critical,2000,Not Calculated
2003,Poland,Total function,99364.24,45.61578,2178.2388,Major Spender,Critical,2000,Not Calculated
2003,Poland,Social protection,41129.832,18.88174,2178.1707,Moderate Spender,Critical,2000,Not Calculated
2003,Portugal,Total function,74958.914,45.46938,1648.5219,Major Spender,Critical,2000,Not Calculated
2003,Portugal,Social protection,23801.277,14.43764,1648.4431,Moderate Spender,Critical,2000,Not Calculated
2003,Romania,Total function,19843.633,34.32775,578.04706,Moderate Spender,Critical,2000,Not Calculated
2003,Romania,Social protection,5594.054,9.67723,578.00385,Low Spender,Significant,2000,Not Calculated
2003,Russian Federation,Total function,165288.55,38.03581,4345.4893,Mega Spender,Critical,2000,Not Calculated
2003,Russian Federation,Social protection,45285.38,10.42096,4345.188,Moderate Spender,Critical,2000,Not Calculated
2003,San Marino,Total function,472.758,28.55977,16.552706,Low Spender,Critical,2000,Not Calculated
2003,San Marino,Social protection,156.89,9.47789,16.551516,Low Spender,Significant,2000,Not Calculated
2003,Singapore,Total function,17205.422,17.62013,976.40857,Moderate Spender,Critical,2000,Not Calculated
2003,Slovakia,Total function,18945.975,55.75324,339.8123,Moderate Spender,Critical,2000,Not Calculated
2003,Slovakia,Social protection,6404.822,18.84778,339.80035,Low Spender,Critical,2000,Not Calculated
2003,Slovenia,Total function,13661.997,46.09974,296.35095,Moderate Spender,Critical,2000,Not Calculated
2003,Slovenia,Social protection,5106.488,17.23085,296.3401,Low Spender,Critical,2000,Not Calculated
2003,South Africa,Total function,59913.156,30.40984,1970.1251,Major Spender,Critical,2000,Not Calculated
2003,Spain,Total function,348251.47,38.4614,9054.336,Mega Spender,Critical,2000,Not Calculated
2003,Spain,Social protection,115334.24,12.73768,9053.86,Mega Spender,Critical,2000,Not Calculated
2003,Sri Lanka,Total function,4245.524,19.64684,216.08096,Low Spender,Critical,2000,Not Calculated
2003,Sweden,Total function,179825.53,53.78571,3343.3079,Mega Spender,Critical,2000,Not Calculated
2003,Sweden,Social protection,75883.12,22.69659,3343.2236,Major Spender,Critical,2000,Not Calculated
2003,"Switzerland, Liechtenstein",Total function,123859.41,33.7977,3664.6206,Mega Spender,Critical,2000,Not Calculated
2003,"Switzerland, Liechtenstein",Social protection,48239.95,13.16331,3664.4495,Moderate Spender,Critical,2000,Not Calculated
2003,Thailand,Total function,27189.115,17.85461,1522.7212,Moderate Spender,Critical,2000,Not Calculated
2003,Ukraine,Total function,19402.408,37.3049,520.08954,Moderate Spender,Critical,2000,Not Calculated
2003,Ukraine,Social protection,7398.189,14.22446,520.0668,Low Spender,Critical,2000,Not Calculated
2003,United Kingdom,Total function,798938.75,38.84558,20566.514,Mega Spender,Critical,2000,Not Calculated
2003,United Kingdom,Social protection,294135.66,14.30131,20565.605,Mega Spender,Critical,2000,Not Calculated
2003,United States of America,Total function,4.2695215e+06,37.0222,115320.164,Mega Spender,Critical,2000,Not Calculated
2003,Yemen,Total function,3905.361,28.81018,135.5502,Low Spender,Critical,2000,Not Calculated
2004,Armenia,Total function,728.279,19.094,38.139774,Low Spender,Critical,2000,Not Calculated
2004,Australia,Total function,247286.17,36.35404,6801.978,Mega Spender,Critical,2000,Not Calculated
2004,Australia,Social protection,68848.56,10.12157,6801.49,Major Spender,Critical,2000,Not Calculated
2004,Austria,Total function,161898.12,53.80154,3009.1167,Mega Spender,Critical,2000,Not Calculated
2004,Austria,Social protection,61983.777,20.59828,3009.0264,Major Spender,Critical,2000,Not Calculated
2004,Belarus,Total function,10858.676,45.38748,239.23859,Moderate Spender,Critical,2000,Not Calculated
2004,Belarus,Social protection,3032.057,12.6735,239.22496,Low Spender,Critical,2000,Not Calculated
2004,Belgium,Total function,182092.75,49.40748,3685.4556,Mega Spender,Critical,2000,Not Calculated
2004,Belgium,Social protection,63759.945,17.30007,3685.318,Major Spender,Critical,2000,Not Calculated
2004,Belgium,General public services,35165.117,9.5414,3685.1438,Moderate Spender,Significant,2000,Not Calculated
2004,Bolivia (Plurinational State of),Total function,3051.019,34.77675,87.72906,Low Spender,Critical,2000,Not Calculated
2004,Brazil,Total function,258597.36,38.63761,6692.7188,Mega Spender,Critical,2000,Not Calculated
2004,Brazil,Social protection,78045.664,11.66098,6692.3164,Major Spender,Critical,2000,Not Calculated
2004,Brazil,General public services,76458.1,11.42378,6692.3037,Major Spender,Critical,2000,Not Calculated
2004,Bulgaria,Total function,9893.233,37.82143,261.57053,Low Spender,Critical,2000,Not Calculated
2004,Bulgaria,Social protection,2889.184,11.04523,261.55386,Low Spender,Critical,2000,Not Calculated
2004,"China, Hong Kong SAR",Total function,33309.707,19.69826,1690.9117,Moderate Spender,Critical,2000,Not Calculated
2004,"China, Macao SAR",Total function,1694.141,15.91752,106.42579,Low Spender,Critical,2000,Not Calculated
2004,Cyprus,Total function,6642.936,38.38426,173.05957,Low Spender,Critical,2000,Not Calculated
2004,Cyprus,Social protection,1790.224,10.34429,173.04724,Low Spender,Critical,2000,Not Calculated
2004,Czechia,Total function,50710.414,42.32405,1198.1182,Major Spender,Critical,2000,Not Calculated
2004,Czechia,Social protection,14213.134,11.8626,1198.0455,Moderate Spender,Critical,2000,Not Calculated
2004,Denmark,Total function,133222.08,52.99738,2513.701,Mega Spender,Critical,2000,Not Calculated
2004,Denmark,Social protection,58941.188,23.44753,2513.641,Major Spender,Critical,2000,Not Calculated
2004,Egypt,Total function,24334.59,30.73038,791.8483,Moderate Spender,Critical,2000,Not Calculated
2004,El Salvador,Total function,3120.6,22.73693,137.24205,Low Spender,Critical,2000,Not Calculated
2004,Estonia,Total function,4142.443,34.1058,121.45504,Low Spender,Critical,2000,Not Calculated
2004,Estonia,Social protection,1216.412,10.01503,121.44652,Low Spender,Critical,2000,Not Calculated
2004,Finland,Total function,97008.21,49.21139,1971.2152,Major Spender,Critical,2000,Not Calculated
2004,Finland,Social protection,40061.117,20.32264,1971.1587,Moderate Spender,Critical,2000,Not Calculated
2004,France,Total function,1.1230859e+06,52.97865,21198.44,Mega Spender,Critical,2000,Not Calculated
2004,France,Social protection,450256.56,21.23968,21197.842,Mega Spender,Critical,2000,Not Calculated
2004,Georgia,Total function,1141.888,21.1767,53.919357,Low Spender,Critical,2000,Not Calculated
2004,Germany,Total function,1.3168784e+06,46.87551,28092.5,Mega Spender,Critical,2000,Not Calculated
2004,Germany,Social protection,582300.5,20.72753,28091.742,Mega Spender,Critical,2000,Not Calculated
2004,Greece,Total function,114733.82,47.70008,2405.2666,Mega Spender,Critical,2000,Not Calculated
2004,Greece,Social protection,33805.53,14.0545,2405.146,Moderate Spender,Critical,2000,Not Calculated
2004,Greece,General public services,27725.34,11.52669,2405.1082,Moderate Spender,Critical,2000,Not Calculated
2004,Hungary,Total function,50729.445,48.72172,1041.1866,Major Spender,Critical,2000,Not Calculated
2004,Hungary,Social protection,16351.391,15.70425,1041.1416,Moderate Spender,Critical,2000,Not Calculated
2004,Hungary,General public services,10153.967,9.7521,1041.1014,Moderate Spender,Significant,2000,Not Calculated
2004,Iceland,Total function,6454.527,46.68631,138.25014,Low Spender,Critical,2000,Not Calculated
2004,Iceland,Social protection,1258.666,9.10407,138.23793,Low Spender,Significant,2000,Not Calculated
2004,Iceland,General public services,1296.124,9.37501,138.23834,Low Spender,Significant,2000,Not Calculated
2004,Iran (Islamic Republic of),Total function,42651.664,22.44312,1900.3492,Moderate Spender,Critical,2000,Not Calculated
2004,Ireland,Total function,63796.094,32.88048,1940.1831,Major Spender,Critical,2000,Not Calculated
2004,Ireland,Social protection,21283.43,10.96947,1940.0653,Moderate Spender,Critical,2000,Not Calculated
2004,Israel,Total function,61257.59,45.18464,1355.6871,Major Spender,Critical,2000,Not Calculated
2004,Israel,Social protection,14925.288,11.00915,1355.5935,Moderate Spender,Critical,2000,Not Calculated
2004,Italy,Total function,846900.94,46.96381,18032.67,Mega Spender,Critical,2000,Not Calculated
2004,Italy,Social protection,309189.34,17.1457,18032.004,Mega Spender,Critical,2000,Not Calculated
2004,Italy,General public services,171071.39,9.48655,18031.145,Mega Spender,Significant,2000,Not Calculated
2004,Kazakhstan,Total function,9467.634,21.94038,431.49673,Low Spender,Critical,2000,Not Calculated
2004,"Korea, Republic of",Total function,223036.06,28.11938,7931.4736,Mega Spender,Critical,2000,Not Calculated
2004,Kuwait,Total function,23220.225,39.06714,594.352,Moderate Spender,Critical,2000,Not Calculated
2004,Latvia,Total function,4838.059,33.51379,144.35594,Low Spender,Critical,2000,Not Calculated
2004,Latvia,Social protection,1388.469,9.61808,144.34529,Low Spender,Significant,2000,Not Calculated
2004,Lithuania,Total function,7721.374,34.12871,226.23615,Low Spender,Critical,2000,Not Calculated
2004,Lithuania,Social protection,2318.223,10.24662,226.2206,Low Spender,Critical,2000,Not Calculated
2004,Luxembourg,Total function,15314.863,43.75425,350.01202,Moderate Spender,Critical,2000,Not Calculated
2004,Luxembourg,Social protection,6010.996,17.17329,349.9997,Low Spender,Critical,2000,Not Calculated
2004,Malaysia,Total function,31302.367,25.09218,1247.4452,Moderate Spender,Critical,2000,Not Calculated
2004,Maldives,Total function,295.242,24.06546,12.267778,Low Spender,Critical,2000,Not Calculated
2004,Malta,Total function,2550.124,41.82137,60.97512,Low Spender,Critical,2000,Not Calculated
2004,Malta,Social protection,796.097,13.05579,60.971874,Low Spender,Critical,2000,Not Calculated
2004,Mauritius,Total function,1562.721,22.74915,68.69058,Low Spender,Critical,2000,Not Calculated
2004,"Moldova, Republic of",Total function,909.737,29.17711,31.17875,Low Spender,Critical,2000,Not Calculated
2004,"Moldova, Republic of",Social protection,300.753,9.64576,31.17658,Low Spender,Significant,2000,Not Calculated
2004,Mongolia,Total function,673.676,29.16646,23.096836,Low Spender,Critical,2000,Not Calculated
2004,Netherlands (Kingdom of the),Total function,287387.47,43.72906,6571.8516,Mega Spender,Critical,2000,Not Calculated
2004,Netherlands (Kingdom of the),Social protection,102243.8,15.55748,6571.58,Mega Spender,Critical,2000,Not Calculated
2004,Norway,Total function,120179.35,45.43466,2645.0447,Mega Spender,Critical,2000,Not Calculated
2004,Norway,Social protection,46171.74,17.45555,2644.9524,Moderate Spender,Critical,2000,Not Calculated
2004,Panama,Total function,3009.92,20.89067,144.07272,Low Spender,Critical,2000,Not Calculated
2004,Paraguay,Total function,1363.503,13.11169,103.983475,Low Spender,Critical,2000,Not Calculated
2004,Peru,Total function,12064.107,18.0652,667.7723,Moderate Spender,Critical,2000,Not Calculated
2004,Philippines,Total function,15471.29,16.28523,949.9614,Moderate Spender,Critical,2000,Not Calculated
2004,Poland,Total function,110860.51,43.45643,2551.014,Mega Spender,Critical,2000,Not Calculated
2004,Poland,Social protection,44850.484,17.58103,2550.9277,Moderate Spender,Critical,2000,Not Calculated
2004,Portugal,Total function,87556.13,46.31553,1890.3864,Major Spender,Critical,2000,Not Calculated
2004,Portugal,Social protection,27857.316,14.73599,1890.299,Moderate Spender,Critical,2000,Not Calculated
2004,Romania,Total function,25342.4,33.80174,749.7144,Moderate Spender,Critical,2000,Not Calculated
2004,Romania,Social protection,7426.026,9.90485,749.6606,Low Spender,Significant,2000,Not Calculated
2004,Russian Federation,Total function,200825.02,33.65453,5967.0737,Mega Spender,Critical,2000,Not Calculated
2004,Russian Federation,Social protection,57819.285,9.68944,5966.6313,Major Spender,Significant,2000,Not Calculated
2004,San Marino,Total function,588.41,30.30026,19.418663,Low Spender,Critical,2000,Not Calculated
2004,San Marino,Social protection,218.071,11.22959,19.41759,Low Spender,Critical,2000,Not Calculated
2004,Singapore,Total function,18405.797,16.00037,1150.2638,Moderate Spender,Critical,2000,Not Calculated
2004,Slovakia,Total function,21781.451,50.50791,431.23978,Moderate Spender,Critical,2000,Not Calculated
2004,Slovakia,Social protection,7973.016,18.48822,431.22513,Low Spender,Critical,2000,Not Calculated
2004,Slovenia,Total function,16024.285,46.56176,344.1438,Moderate Spender,Critical,2000,Not Calculated
2004,Slovenia,Social protection,6009.902,17.46297,344.13147,Low Spender,Critical,2000,Not Calculated
2004,South Africa,Total function,79899.16,31.23417,2557.9868,Major Spender,Critical,2000,Not Calculated
2004,Spain,Total function,415134.97,38.90165,10671.123,Mega Spender,Critical,2000,Not Calculated
2004,Spain,Social protection,136600.38,12.80061,10670.5625,Mega Spender,Critical,2000,Not Calculated
2004,Sri Lanka,Total function,4678.962,19.78723,236.45178,Low Spender,Critical,2000,Not Calculated
2004,Sweden,Total function,202035.36,52.46054,3851.1138,Mega Spender,Critical,2000,Not Calculated
2004,Sweden,Social protection,85806.06,22.28042,3851.0142,Major Spender,Critical,2000,Not Calculated
2004,"Switzerland, Liechtenstein",Total function,137043.78,33.47813,4093.4092,Mega Spender,Critical,2000,Not Calculated
2004,"Switzerland, Liechtenstein",Social protection,55052.184,13.44858,4093.2268,Major Spender,Critical,2000,Not Calculated
2004,Thailand,Total function,31559.02,18.25322,1728.8617,Moderate Spender,Critical,2000,Not Calculated
2004,Ukraine,Total function,26661.625,39.66449,672.16174,Moderate Spender,Critical,2000,Not Calculated
2004,Ukraine,Social protection,10754.495,15.99946,672.13666,Moderate Spender,Critical,2000,Not Calculated
2004,United Kingdom,Total function,970672.7,40.06,24229.865,Mega Spender,Critical,2000,Not Calculated
2004,United Kingdom,Social protection,352750.0,14.55811,24228.814,Mega Spender,Critical,2000,Not Calculated
2004,United States of America,Total function,4.5043935e+06,36.62848,122971.82,Mega Spender,Critical,2000,Not Calculated
2004,Yemen,Total function,4474.016,28.64901,156.16107,Low Spender,Critical,2000,Not Calculated
2005,Albania,Total function,2323.625,28.85745,80.51801,Low Spender,Critical,2000,Not Calculated
2005,Armenia,Total function,1040.67,19.91342,52.257114,Low Spender,Critical,2000,Not Calculated
2005,Australia,Total function,274650.12,36.00416,7628.0767,Mega Spender,Critical,2000,Not Calculated
2005,Australia,Social protection,74894.99,9.81806,7627.511,Major Spender,Significant,2000,Not Calculated
2005,Austria,Total function,161698.66,51.17588,3159.6038,Mega Spender,Critical,2000,Not Calculated
2005,Austria,Social protection,63952.36,20.24023,3159.5095,Major Spender,Critical,2000,Not Calculated
2005,Belarus,Total function,14670.047,46.97123,312.3132,Moderate Spender,Critical,2000,Not Calculated
2005,Belarus,Social protection,4067.449,13.02335,312.29575,Low Spender,Critical,2000,Not Calculated
2005,Belgium,Total function,200039.27,51.8826,3855.5396,Mega Spender,Critical,2000,Not Calculated
2005,Belgium,Social protection,65924.97,17.09844,3855.3877,Major Spender,Critical,2000,Not Calculated
2005,Belgium,General public services,35830.17,9.29299,3855.198,Moderate Spender,Significant,2000,Not Calculated
2005,Bolivia (Plurinational State of),Total function,3382.89,35.4262,95.48849,Low Spender,Critical,2000,Not Calculated
2005,Brazil,Total function,338923.2,38.01147,8916.105,Mega Spender,Critical,2000,Not Calculated
2005,Brazil,Social protection,106408.48,11.9341,8915.591,Mega Spender,Critical,2000,Not Calculated
2005,Brazil,General public services,92519.13,10.37636,8915.479,Major Spender,Critical,2000,Not Calculated
2005,Bulgaria,Total function,10975.748,36.74674,298.6782,Moderate Spender,Critical,2000,Not Calculated
2005,Bulgaria,Social protection,3155.794,10.56558,298.65802,Low Spender,Critical,2000,Not Calculated
2005,China,Total function,576818.06,25.23305,22858.72,Mega Spender,Critical,2000,Not Calculated
2005,"China, Hong Kong SAR",Total function,33135.652,18.24959,1815.5935,Moderate Spender,Critical,2000,Not Calculated
2005,"China, Macao SAR",Total function,1961.912,16.13407,121.59303,Low Spender,Critical,2000,Not Calculated
2005,Cyprus,Total function,7240.605,38.73326,186.93025,Low Spender,Critical,2000,Not Calculated
2005,Cyprus,Social protection,2038.815,10.90654,186.91794,Low Spender,Critical,2000,Not Calculated
2005,Czechia,Total function,58107.35,42.36978,1371.4015,Major Spender,Critical,2000,Not Calculated
2005,Czechia,Social protection,16301.758,11.88665,1371.3187,Moderate Spender,Critical,2000,Not Calculated
2005,Denmark,Total function,135516.8,51.2415,2644.6172,Mega Spender,Critical,2000,Not Calculated
2005,Denmark,Social protection,60137.805,22.73926,2644.5522,Major Spender,Critical,2000,Not Calculated
2005,Egypt,Total function,28873.303,30.56789,944.5323,Moderate Spender,Critical,2000,Not Calculated
2005,El Salvador,Total function,3636.8,24.7435,146.97408,Low Spender,Critical,2000,Not Calculated
2005,Estonia,Total function,4758.272,33.73668,141.03732,Low Spender,Critical,2000,Not Calculated
2005,Estonia,Social protection,1356.307,9.61637,141.0268,Low Spender,Significant,2000,Not Calculated
2005,Fiji,Total function,822.248,27.58712,29.804422,Low Spender,Critical,2000,Not Calculated
2005,Finland,Total function,100434.164,49.03916,2047.9983,Mega Spender,Critical,2000,Not Calculated
2005,Finland,Social protection,41123.402,20.07939,2047.9385,Moderate Spender,Critical,2000,Not Calculated
2005,France,Total function,1.170842e+06,53.21345,22002.332,Mega Spender,Critical,2000,Not Calculated
2005,France,Social protection,468698.56,21.30182,22001.715,Mega Spender,Critical,2000,Not Calculated
2005,Georgia,Total function,1460.935,21.6622,67.43856,Low Spender,Critical,2000,Not Calculated
2005,Germany,Total function,1.3329245e+06,46.83943,28456.709,Mega Spender,Critical,2000,Not Calculated
2005,Germany,Social protection,591654.5,20.79094,28455.957,Mega Spender,Critical,2000,Not Calculated
2005,Greece,Total function,112936.02,45.57974,2477.7139,Mega Spender,Critical,2000,Not Calculated
2005,Greece,Social protection,36946.992,14.9114,2477.602,Moderate Spender,Critical,2000,Not Calculated
2005,Greece,General public services,24742.467,9.98579,2477.5193,Moderate Spender,Significant,2000,Not Calculated
2005,Hungary,Total function,55834.242,49.31868,1132.0885,Major Spender,Critical,2000,Not Calculated
2005,Hungary,Social protection,18755.377,16.56672,1132.0435,Moderate Spender,Critical,2000,Not Calculated
2005,Hungary,General public services,10670.62,9.42541,1131.9918,Moderate Spender,Significant,2000,Not Calculated
2005,Iceland,Total function,7583.611,44.99866,168.52596,Low Spender,Critical,2000,Not Calculated
2005,Iran (Islamic Republic of),Total function,61352.8,26.80349,2288.9001,Major Spender,Critical,2000,Not Calculated
2005,Ireland,Total function,69965.52,33.0349,2117.8633,Major Spender,Critical,2000,Not Calculated
2005,Ireland,Social protection,24992.418,11.80041,2117.7483,Moderate Spender,Critical,2000,Not Calculated
2005,Israel,Total function,63455.152,44.48096,1426.5367,Major Spender,Critical,2000,Not Calculated
2005,Israel,Social protection,15461.862,10.8385,1426.4368,Moderate Spender,Critical,2000,Not Calculated
2005,Italy,Total function,877855.0,47.26058,18574.39,Mega Spender,Critical,2000,Not Calculated
2005,Italy,Social protection,319216.16,17.18546,18573.701,Mega Spender,Critical,2000,Not Calculated
2005,Italy,General public services,174009.66,9.36806,18572.797,Mega Spender,Significant,2000,Not Calculated
2005,Japan,Total function,1.691499e+06,35.01005,48313.29,Mega Spender,Critical,2000,Not Calculated
2005,Japan,Social protection,621553.4,12.86469,48310.92,Mega Spender,Critical,2000,Not Calculated
2005,Kazakhstan,Total function,17440.836,30.53171,571.2181,Moderate Spender,Critical,2000,Not Calculated
2005,Kazakhstan,General public services,6059.174,10.60712,571.1826,Low Spender,Critical,2000,Not Calculated
2005,"Korea, Republic of",Total function,260759.45,27.89166,9348.677,Mega Spender,Critical,2000,Not Calculated
2005,Kuwait,Total function,24914.385,30.83542,807.9532,Moderate Spender,Critical,2000,Not Calculated
2005,Latvia,Total function,5913.808,34.78087,170.0256,Low Spender,Critical,2000,Not Calculated
2005,Latvia,Social protection,1572.045,9.24566,170.0122,Low Spender,Significant,2000,Not Calculated
2005,Lithuania,Total function,8904.439,34.099,261.12726,Low Spender,Critical,2000,Not Calculated
2005,Lithuania,Social protection,2586.352,9.90427,261.10867,Low Spender,Significant,2000,Not Calculated
2005,Luxembourg,Total function,16365.0,43.45771,376.56433,Moderate Spender,Critical,2000,Not Calculated
2005,Luxembourg,Social protection,6465.251,17.16865,376.55115,Low Spender,Critical,2000,Not Calculated
2005,Malaysia,Total function,33467.9,23.31698,1435.283,Moderate Spender,Critical,2000,Not Calculated
2005,Maldives,Total function,451.203,38.7844,11.633321,Low Spender,Critical,2000,Not Calculated
2005,Malta,Total function,2721.945,42.49367,64.053795,Low Spender,Critical,2000,Not Calculated
2005,Malta,Social protection,842.498,13.15267,64.05041,Low Spender,Critical,2000,Not Calculated
2005,Mauritius,Total function,1489.505,21.98442,67.74967,Low Spender,Critical,2000,Not Calculated
2005,"Moldova, Republic of",Total function,1110.7,30.96863,35.864166,Low Spender,Critical,2000,Not Calculated
2005,"Moldova, Republic of",Social protection,339.256,9.45917,35.86151,Low Spender,Significant,2000,Not Calculated
2005,Mongolia,Total function,592.686,20.25614,29.258127,Low Spender,Critical,2000,Not Calculated
2005,Netherlands (Kingdom of the),Total function,291854.88,42.60185,6850.595,Mega Spender,Critical,2000,Not Calculated
2005,Netherlands (Kingdom of the),Social protection,103553.1,15.11557,6850.3037,Mega Spender,Critical,2000,Not Calculated
2005,Norway,Total function,131236.78,42.48736,3088.7705,Mega Spender,Critical,2000,Not Calculated
2005,Norway,Social protection,49900.66,16.15513,3088.6519,Moderate Spender,Critical,2000,Not Calculated
2005,Panama,Total function,2816.33,17.92232,157.13217,Low Spender,Critical,2000,Not Calculated
2005,Paraguay,Total function,1522.101,13.4625,113.05389,Low Spender,Critical,2000,Not Calculated
2005,Peru,Total function,14139.308,18.58469,760.7631,Moderate Spender,Critical,2000,Not Calculated
2005,Philippines,Total function,17201.512,16.01333,1074.1324,Moderate Spender,Critical,2000,Not Calculated
2005,Poland,Total function,135426.28,44.23586,3061.3901,Mega Spender,Critical,2000,Not Calculated
2005,Poland,Social protection,52310.887,17.08691,3061.2805,Major Spender,Critical,2000,Not Calculated
2005,Portugal,Total function,92242.984,46.78219,1971.7123,Major Spender,Critical,2000,Not Calculated
2005,Portugal,Social protection,29754.832,15.09054,1971.6233,Moderate Spender,Critical,2000,Not Calculated
2005,Romania,Total function,32982.58,33.50037,984.51434,Moderate Spender,Critical,2000,Not Calculated
2005,Romania,Social protection,9955.886,10.11218,984.4466,Low Spender,Critical,2000,Not Calculated
2005,Russian Federation,Total function,242670.16,31.45452,7714.7085,Mega Spender,Critical,2000,Not Calculated
2005,San Marino,Total function,553.923,27.32144,20.273556,Low Spender,Critical,2000,Not Calculated
2005,Singapore,Total function,18484.166,14.46247,1277.9896,Moderate Spender,Critical,2000,Not Calculated
2005,Slovakia,Total function,24951.412,50.88654,490.3246,Moderate Spender,Critical,2000,Not Calculated
2005,Slovakia,Social protection,8971.844,18.2974,490.3076,Low Spender,Critical,2000,Not Calculated
2005,Slovenia,Total function,16803.754,46.41364,362.03564,Moderate Spender,Critical,2000,Not Calculated
2005,Slovenia,Social protection,6406.916,17.69654,362.02298,Low Spender,Critical,2000,Not Calculated
2005,South Africa,Total function,90105.74,31.19279,2888.5796,Major Spender,Critical,2000,Not Calculated
2005,Spain,Total function,443962.3,38.49639,11532.2705,Mega Spender,Critical,2000,Not Calculated
2005,Spain,Social protection,146737.95,12.72379,11531.659,Mega Spender,Critical,2000,Not Calculated
2005,Sri Lanka,Total function,5804.52,20.78092,279.30624,Low Spender,Critical,2000,Not Calculated
2005,Sweden,Total function,205120.16,52.29739,3922.1123,Mega Spender,Critical,2000,Not Calculated
2005,Sweden,Social protection,85925.52,21.90755,3922.0085,Major Spender,Critical,2000,Not Calculated
2005,"Switzerland, Liechtenstein",Total function,139083.47,32.75643,4245.86,Mega Spender,Critical,2000,Not Calculated
2005,"Switzerland, Liechtenstein",Social protection,55088.93,12.97434,4245.6636,Major Spender,Critical,2000,Not Calculated
2005,Thailand,Total function,34875.074,18.42138,1893.082,Moderate Spender,Critical,2000,Not Calculated
2005,Ukraine,Total function,37487.25,42.00776,892.3675,Moderate Spender,Critical,2000,Not Calculated
2005,Ukraine,Social protection,17345.56,19.43723,892.34265,Moderate Spender,Critical,2000,Not Calculated
2005,United Kingdom,Total function,1.0489505e+06,41.21915,25447.518,Mega Spender,Critical,2000,Not Calculated
2005,United Kingdom,Social protection,367412.03,14.43768,25446.371,Mega Spender,Critical,2000,Not Calculated
2005,United States of America,Total function,4.818588e+06,36.71834,131227.52,Mega Spender,Critical,2000,Not Calculated
2005,Yemen,Total function,5760.455,30.25264,190.40536,Low Spender,Critical,2000,Not Calculated
2006,Afghanistan,Total function,2228.828,31.37113,71.04484,Low Spender,Critical,2000,Not Calculated
2006,Albania,Total function,2636.678,29.63866,88.95777,Low Spender,Critical,2000,Not Calculated
2006,Armenia,Total function,1357.589,19.93955,68.081825,Low Spender,Critical,2000,Not Calculated
2006,Australia,Total function,293914.75,35.86481,8194.845,Mega Spender,Critical,2000,Not Calculated
2006,Australia,Social protection,79408.97,9.68984,8194.2295,Major Spender,Significant,2000,Not Calculated
2006,Austria,Total function,169417.67,50.42473,3359.7466,Mega Spender,Critical,2000,Not Calculated
2006,Austria,Social protection,66778.336,19.87561,3359.644,Major Spender,Critical,2000,Not Calculated
2006,Belarus,Total function,17739.586,46.42401,382.1127,Moderate Spender,Critical,2000,Not Calculated
2006,Belarus,Social protection,4981.782,13.03719,382.09152,Low Spender,Critical,2000,Not Calculated
2006,Belgium,Total function,199187.95,48.83288,4078.8887,Mega Spender,Critical,2000,Not Calculated
2006,Belgium,Social protection,69655.6,17.07675,4078.7344,Major Spender,Critical,2000,Not Calculated
2006,Bolivia (Plurinational State of),Total function,3932.145,34.33634,114.51513,Low Spender,Critical,2000,Not Calculated
2006,Brazil,Total function,482676.12,43.57751,11076.013,Mega Spender,Critical,2000,Not Calculated
2006,Brazil,Social protection,138051.55,12.46372,11075.382,Mega Spender,Critical,2000,Not Calculated
2006,Brazil,General public services,163653.94,14.77519,11075.516,Mega Spender,Critical,2000,Not Calculated
2006,Bulgaria,Total function,11572.799,33.66092,343.79498,Moderate Spender,Critical,2000,Not Calculated
2006,Bulgaria,Social protection,3719.216,10.8178,343.77344,Low Spender,Critical,2000,Not Calculated
2006,China,Total function,721113.0,26.20216,27520.078,Mega Spender,Critical,2000,Not Calculated
2006,"China, Hong Kong SAR",Total function,31949.836,16.50852,1935.2372,Moderate Spender,Critical,2000,Not Calculated
2006,"China, Macao SAR",Total function,2184.736,14.68819,148.73087,Low Spender,Critical,2000,Not Calculated
2006,Cyprus,Total function,7774.166,38.09849,204.04907,Low Spender,Critical,2000,Not Calculated
2006,Cyprus,Social protection,2129.998,10.43838,204.03491,Low Spender,Critical,2000,Not Calculated
2006,Czechia,Total function,64787.926,41.4605,1562.6045,Major Spender,Critical,2000,Not Calculated
2006,Czechia,Social protection,18587.395,11.89485,1562.5109,Moderate Spender,Critical,2000,Not Calculated
2006,Denmark,Total function,140961.36,49.82975,2828.8027,Mega Spender,Critical,2000,Not Calculated
2006,Denmark,Social protection,61296.383,21.66823,2828.7292,Major Spender,Critical,2000,Not Calculated
2006,Egypt,Total function,38309.195,35.55658,1077.3848,Moderate Spender,Critical,2000,Not Calculated
2006,Egypt,Social protection,14725.893,13.6678,1077.3362,Moderate Spender,Critical,2000,Not Calculated
2006,El Salvador,Total function,3973.2,24.83268,159.9924,Low Spender,Critical,2000,Not Calculated
2006,Estonia,Total function,5696.652,33.44747,170.31128,Low Spender,Critical,2000,Not Calculated
2006,Estonia,Social protection,1568.62,9.21003,170.298,Low Spender,Significant,2000,Not Calculated
2006,Fiji,Total function,883.585,28.72211,30.762163,Low Spender,Critical,2000,Not Calculated
2006,Finland,Total function,104354.07,48.1124,2168.9192,Mega Spender,Critical,2000,Not Calculated
2006,Finland,Social protection,42591.168,19.63664,2168.8538,Moderate Spender,Critical,2000,Not Calculated
2006,France,Total function,1.2270012e+06,52.81838,23230.135,Mega Spender,Critical,2000,Not Calculated
2006,France,Social protection,501049.22,21.56852,23229.504,Mega Spender,Critical,2000,Not Calculated
2006,Georgia,Total function,1943.572,23.85382,81.47502,Low Spender,Critical,2000,Not Calculated
2006,Germany,Total function,1.354663e+06,45.27551,29919.775,Mega Spender,Critical,2000,Not Calculated
2006,Germany,Social protection,597254.44,19.96142,29918.94,Mega Spender,Critical,2000,Not Calculated
2006,Greece,Total function,123415.32,45.15684,2732.9766,Mega Spender,Critical,2000,Not Calculated
2006,Greece,Social protection,41368.215,15.13635,2732.8572,Moderate Spender,Critical,2000,Not Calculated
2006,Greece,General public services,30217.24,11.05629,2732.789,Moderate Spender,Critical,2000,Not Calculated
2006,Hungary,Total function,59428.81,51.35764,1157.1337,Major Spender,Critical,2000,Not Calculated
2006,Hungary,Social protection,19896.93,17.19468,1157.089,Moderate Spender,Critical,2000,Not Calculated
2006,Hungary,General public services,11071.99,9.56828,1157.0348,Moderate Spender,Significant,2000,Not Calculated
2006,Iceland,Total function,7831.173,44.83842,174.64929,Low Spender,Critical,2000,Not Calculated
2006,Iceland,General public services,1659.351,9.50084,174.63469,Low Spender,Significant,2000,Not Calculated
2006,Iran (Islamic Republic of),Total function,76289.21,28.03887,2720.7407,Major Spender,Critical,2000,Not Calculated
2006,Ireland,Total function,77925.914,33.59247,2319.6746,Major Spender,Critical,2000,Not Calculated
2006,Ireland,Social protection,27912.176,12.03244,2319.5508,Moderate Spender,Critical,2000,Not Calculated
2006,Israel,Total function,67204.5,43.59818,1541.4166,Major Spender,Critical,2000,Not Calculated
2006,Israel,Social protection,16367.757,10.6184,1541.3071,Moderate Spender,Critical,2000,Not Calculated
2006,Italy,Total function,931761.06,47.8361,19477.791,Mega Spender,Critical,2000,Not Calculated
2006,Italy,Social protection,336371.16,17.26911,19477.072,Mega Spender,Critical,2000,Not Calculated
2006,Italy,General public services,178639.06,9.17123,19476.076,Mega Spender,Significant,2000,Not Calculated
2006,Japan,Total function,1.5902089e+06,34.55727,46015.293,Mega Spender,Critical,2000,Not Calculated
2006,Japan,Social protection,593490.2,12.8973,46013.055,Mega Spender,Critical,2000,Not Calculated
2006,Kazakhstan,Total function,21277.113,26.26679,810.00775,Moderate Spender,Critical,2000,Not Calculated
2006,"Korea, Republic of",Total function,300535.03,28.53496,10531.801,Mega Spender,Critical,2000,Not Calculated
2006,Kuwait,Total function,40819.355,40.19276,1015.5645,Moderate Spender,Critical,2000,Not Calculated
2006,Kuwait,Social protection,10279.96,10.12216,1015.4892,Moderate Spender,Critical,2000,Not Calculated
2006,Latvia,Total function,7878.167,36.5231,215.69777,Low Spender,Critical,2000,Not Calculated
2006,Lithuania,Total function,10373.368,34.37619,301.7515,Moderate Spender,Critical,2000,Not Calculated
2006,Lithuania,Social protection,3197.219,10.59523,301.73172,Low Spender,Critical,2000,Not Calculated
2006,Luxembourg,Total function,16903.186,39.42707,428.70944,Moderate Spender,Critical,2000,Not Calculated
2006,Luxembourg,Social protection,6903.973,16.10368,428.6936,Low Spender,Critical,2000,Not Calculated
2006,Malaysia,Total function,38495.453,23.66152,1626.8535,Moderate Spender,Critical,2000,Not Calculated
2006,Maldives,Total function,552.047,35.04614,15.751557,Low Spender,Critical,2000,Not Calculated
2006,Malta,Total function,2862.263,42.06616,68.04032,Low Spender,Critical,2000,Not Calculated
2006,Malta,Social protection,897.125,13.18489,68.03674,Low Spender,Critical,2000,Not Calculated
2006,Mauritius,Total function,1551.835,22.07821,70.2849,Low Spender,Critical,2000,Not Calculated
2006,"Moldova, Republic of",Total function,1374.984,33.6137,40.904247,Low Spender,Critical,2000,Not Calculated
2006,"Moldova, Republic of",Social protection,447.055,10.92897,40.901756,Low Spender,Critical,2000,Not Calculated
2006,Mongolia,Total function,982.113,24.8097,39.58425,Low Spender,Critical,2000,Not Calculated
2006,Netherlands (Kingdom of the),Total function,318456.28,43.42763,7332.8647,Mega Spender,Critical,2000,Not Calculated
2006,Netherlands (Kingdom of the),Social protection,108107.06,14.74248,7332.533,Mega Spender,Critical,2000,Not Calculated
2006,Norway,Total function,142354.98,41.19311,3455.712,Mega Spender,Critical,2000,Not Calculated
2006,Norway,Social protection,53021.57,15.3428,3455.5696,Major Spender,Critical,2000,Not Calculated
2006,Panama,Total function,3401.34,19.53293,174.12473,Low Spender,Critical,2000,Not Calculated
2006,Paraguay,Total function,1895.914,13.75784,137.79605,Low Spender,Critical,2000,Not Calculated
2006,Peru,Total function,16260.425,18.3405,886.53735,Moderate Spender,Critical,2000,Not Calculated
2006,Philippines,Total function,20361.41,15.9506,1276.4493,Moderate Spender,Critical,2000,Not Calculated
2006,Poland,Total function,153191.34,44.4514,3446.1882,Mega Spender,Critical,2000,Not Calculated
2006,Poland,Social protection,57962.24,16.81885,3446.0618,Major Spender,Critical,2000,Not Calculated
2006,Portugal,Total function,94453.45,45.28599,2085.664,Major Spender,Critical,2000,Not Calculated
2006,Portugal,Social protection,31549.908,15.1267,2085.572,Moderate Spender,Critical,2000,Not Calculated
2006,Romania,Total function,43492.39,35.64257,1220.203,Moderate Spender,Critical,2000,Not Calculated
2006,Romania,Social protection,12165.54,9.96982,1220.1143,Moderate Spender,Significant,2000,Not Calculated
2006,Russian Federation,Total function,313707.22,31.38255,9995.913,Mega Spender,Critical,2000,Not Calculated
2006,San Marino,Total function,581.097,26.83583,21.652967,Low Spender,Critical,2000,Not Calculated
2006,Seychelles,Total function,399.981,39.35241,10.16382,Low Spender,Critical,2000,Not Calculated
2006,Seychelles,General public services,133.105,13.09567,10.16327,Low Spender,Critical,2000,Not Calculated
2006,Singapore,Total function,21457.162,14.4369,1486.1692,Moderate Spender,Critical,2000,Not Calculated
2006,Slovakia,Total function,27472.414,48.04958,571.7395,Moderate Spender,Critical,2000,Not Calculated
2006,Slovakia,Social protection,9200.564,16.0919,571.71576,Low Spender,Critical,2000,Not Calculated
2006,Slovenia,Total function,17994.377,45.57993,394.77863,Moderate Spender,Critical,2000,Not Calculated
2006,Slovenia,Social protection,6776.517,17.16498,394.76437,Low Spender,Critical,2000,Not Calculated
2006,South Africa,Total function,92876.68,30.56575,3038.4873,Major Spender,Critical,2000,Not Calculated
2006,Spain,Total function,484443.94,38.46993,12592.468,Mega Spender,Critical,2000,Not Calculated
2006,Spain,Social protection,159837.73,12.69279,12591.805,Mega Spender,Critical,2000,Not Calculated
2006,Sri Lanka,Total function,6829.387,21.1011,323.63544,Low Spender,Critical,2000,Not Calculated
2006,Sweden,Total function,216194.92,51.09896,4230.8237,Mega Spender,Critical,2000,Not Calculated
2006,Sweden,Social protection,89323.49,21.11214,4230.706,Major Spender,Critical,2000,Not Calculated
2006,"Switzerland, Liechtenstein",Total function,138626.06,30.92877,4481.9624,Mega Spender,Critical,2000,Not Calculated
2006,"Switzerland, Liechtenstein",Social protection,54453.406,12.14907,4481.736,Major Spender,Critical,2000,Not Calculated
2006,Thailand,Total function,40501.047,18.26359,2217.463,Moderate Spender,Critical,2000,Not Calculated
2006,Ukraine,Total function,48139.01,43.02553,1118.8215,Moderate Spender,Critical,2000,Not Calculated
2006,Ukraine,Social protection,21513.861,19.22859,1118.7894,Moderate Spender,Critical,2000,Not Calculated
2006,United Kingdom,Total function,1.1069674e+06,40.84783,27099.12,Mega Spender,Critical,2000,Not Calculated
2006,United Kingdom,Social protection,382815.28,14.12614,27097.861,Mega Spender,Critical,2000,Not Calculated
2006,United States of America,Total function,5.066252e+06,36.44036,139024.78,Mega Spender,Critical,2000,Not Calculated
2006,Yemen,Total function,6766.991,29.66355,228.11711,Low Spender,Critical,2000,Not Calculated
2007,Afghanistan,Total function,3303.109,35.09405,94.118935,Low Spender,Critical,2000,Not Calculated
2007,Albania,Total function,3158.251,29.57906,106.7696,Low Spender,Critical,2000,Not Calculated
2007,Armenia,Total function,2162.029,22.02151,98.17361,Low Spender,Critical,2000,Not Calculated
2007,Australia,Total function,351380.34,35.61243,9866.513,Mega Spender,Critical,2000,Not Calculated
2007,Australia,Social protection,93793.48,9.50598,9865.749,Major Spender,Significant,2000,Not Calculated
2007,Austria,Total function,191651.02,49.30926,3886.6355,Mega Spender,Critical,2000,Not Calculated
2007,Austria,Social protection,75523.33,19.43115,3886.5144,Major Spender,Critical,2000,Not Calculated
2007,Belarus,Total function,22601.28,48.28586,468.06274,Moderate Spender,Critical,2000,Not Calculated
2007,Belarus,Social protection,6085.547,13.00129,468.03653,Low Spender,Critical,2000,Not Calculated
2007,Belgium,Total function,228694.4,48.62733,4702.905,Mega Spender,Critical,2000,Not Calculated
2007,Belgium,Social protection,79131.81,16.82581,4702.7227,Major Spender,Critical,2000,Not Calculated
2007,Bolivia (Plurinational State of),Total function,4555.349,34.72042,131.19708,Low Spender,Critical,2000,Not Calculated
2007,Brazil,Total function,566648.56,40.5585,13970.798,Mega Spender,Critical,2000,Not Calculated
2007,Brazil,Social protection,171922.48,12.30554,13970.009,Mega Spender,Critical,2000,Not Calculated
2007,Brazil,General public services,154210.2,11.03777,13969.871,Mega Spender,Critical,2000,Not Calculated
2007,Bulgaria,Total function,16748.295,37.71836,444.02383,Moderate Spender,Critical,2000,Not Calculated
2007,Bulgaria,Social protection,4495.196,10.12351,443.9914,Low Spender,Critical,2000,Not Calculated
2007,China,Total function,1.1411519e+06,32.1422,35502.125,Mega Spender,Critical,2000,Not Calculated
2007,"China, Hong Kong SAR",Total function,33418.547,15.79349,2115.8357,Moderate Spender,Critical,2000,Not Calculated
2007,"China, Macao SAR",Total function,2322.389,12.59431,184.38521,Low Spender,Critical,2000,Not Calculated
2007,Cyprus,Total function,9024.05,37.51919,240.51183,Low Spender,Critical,2000,Not Calculated
2007,Cyprus,Social protection,2398.611,9.97268,240.49408,Low Spender,Significant,2000,Not Calculated
2007,Czechia,Total function,76908.28,40.43886,1901.794,Major Spender,Critical,2000,Not Calculated
2007,Czechia,Social protection,22923.062,12.05309,1901.6833,Moderate Spender,Critical,2000,Not Calculated
2007,Denmark,Total function,158406.58,49.59142,3194.1692,Mega Spender,Critical,2000,Not Calculated
2007,Denmark,Social protection,68557.22,21.46281,3194.0842,Major Spender,Critical,2000,Not Calculated
2007,Egypt,Total function,42441.633,32.11253,1321.6122,Moderate Spender,Critical,2000,Not Calculated
2007,Egypt,Social protection,15207.462,11.50639,1321.5388,Moderate Spender,Critical,2000,Not Calculated
2007,El Salvador,Total function,3934.05,23.12549,170.11012,Low Spender,Critical,2000,Not Calculated
2007,Estonia,Total function,7583.403,33.78762,224.4366,Low Spender,Critical,2000,Not Calculated
2007,Estonia,Social protection,2028.033,9.03584,224.41837,Low Spender,Significant,2000,Not Calculated
2007,Finland,Total function,119394.68,46.63137,2560.339,Mega Spender,Critical,2000,Not Calculated
2007,Finland,Social protection,48806.836,19.06223,2560.2607,Moderate Spender,Critical,2000,Not Calculated
2007,France,Total function,1.3985509e+06,52.51896,26628.941,Mega Spender,Critical,2000,Not Calculated
2007,France,Social protection,576451.8,21.64716,26628.215,Mega Spender,Critical,2000,Not Calculated
2007,Georgia,Total function,2945.241,27.52126,107.013054,Low Spender,Critical,2000,Not Calculated
2007,Germany,Total function,1.4866232e+06,43.45513,34209.746,Mega Spender,Critical,2000,Not Calculated
2007,Germany,Social protection,647565.94,18.92885,34208.72,Mega Spender,Critical,2000,Not Calculated
2007,Greece,Total function,150105.72,47.13168,3184.7483,Mega Spender,Critical,2000,Not Calculated
2007,Greece,Social protection,50101.938,15.7315,3184.6138,Major Spender,Critical,2000,Not Calculated
2007,Greece,General public services,37107.062,11.65124,3184.543,Moderate Spender,Critical,2000,Not Calculated
2007,Hungary,Total function,69898.77,49.86121,1401.8386,Major Spender,Critical,2000,Not Calculated
2007,Hungary,Social protection,24090.592,17.18465,1401.7853,Moderate Spender,Critical,2000,Not Calculated
2007,Hungary,General public services,13327.319,9.50684,1401.7189,Moderate Spender,Significant,2000,Not Calculated
2007,Iceland,Total function,9688.861,44.74707,216.5202,Low Spender,Critical,2000,Not Calculated
2007,Iceland,General public services,2159.371,9.97285,216.50327,Low Spender,Significant,2000,Not Calculated
2007,Iran (Islamic Republic of),Total function,82572.4,22.85146,3613.283,Major Spender,Critical,2000,Not Calculated
2007,Ireland,Total function,96257.23,35.6875,2697.1497,Major Spender,Critical,2000,Not Calculated
2007,Ireland,Social protection,34577.613,12.8197,2697.0144,Moderate Spender,Critical,2000,Not Calculated
2007,Israel,Total function,75263.61,42.00855,1791.5834,Major Spender,Critical,2000,Not Calculated
2007,Israel,Social protection,18660.65,10.41548,1791.4546,Moderate Spender,Critical,2000,Not Calculated
2007,Italy,Total function,1.0353701e+06,46.84553,22101.318,Mega Spender,Critical,2000,Not Calculated
2007,Italy,Social protection,385067.3,17.42245,22100.521,Mega Spender,Critical,2000,Not Calculated
2007,Italy,General public services,202484.02,9.16143,22099.377,Mega Spender,Significant,2000,Not Calculated
2007,Japan,Total function,1.5881418e+06,34.67748,45796.176,Mega Spender,Critical,2000,Not Calculated
2007,Japan,Social protection,604935.56,13.20892,45794.035,Mega Spender,Critical,2000,Not Calculated
2007,Kazakhstan,Total function,28879.64,27.54379,1048.461,Moderate Spender,Critical,2000,Not Calculated
2007,"Korea, Republic of",Total function,328737.84,28.03461,11725.725,Mega Spender,Critical,2000,Not Calculated
2007,Latvia,Total function,10746.85,34.60468,310.55164,Moderate Spender,Critical,2000,Not Calculated
2007,Lithuania,Total function,14031.653,35.35196,396.90182,Moderate Spender,Critical,2000,Not Calculated
2007,Lithuania,Social protection,4566.967,11.50622,396.87836,Low Spender,Critical,2000,Not Calculated
2007,Luxembourg,Total function,19286.162,37.43486,515.17883,Moderate Spender,Critical,2000,Not Calculated
2007,Luxembourg,Social protection,7768.993,15.07978,515.15857,Low Spender,Critical,2000,Not Calculated
2007,Malaysia,Total function,46837.42,24.19919,1935.4155,Moderate Spender,Critical,2000,Not Calculated
2007,Maldives,Total function,650.414,34.81159,18.6833,Low Spender,Critical,2000,Not Calculated
2007,Malta,Total function,3248.307,40.72838,79.75341,Low Spender,Critical,2000,Not Calculated
2007,Malta,Social protection,1055.816,13.23818,79.74935,Low Spender,Critical,2000,Not Calculated
2007,Mauritius,Total function,1650.414,20.25011,81.49745,Low Spender,Critical,2000,Not Calculated
2007,"Moldova, Republic of",Total function,1843.534,34.90121,52.81998,Low Spender,Critical,2000,Not Calculated
2007,"Moldova, Republic of",Social protection,552.622,10.46207,52.816425,Low Spender,Critical,2000,Not Calculated
2007,Mongolia,Total function,1425.963,29.03925,49.10299,Low Spender,Critical,2000,Not Calculated
2007,Netherlands (Kingdom of the),Total function,362314.66,42.75412,8474.182,Mega Spender,Critical,2000,Not Calculated
2007,Netherlands (Kingdom of the),Social protection,122681.086,14.4767,8473.797,Mega Spender,Critical,2000,Not Calculated
2007,Norway,Total function,167351.55,41.73986,4009.298,Mega Spender,Critical,2000,Not Calculated
2007,Norway,Social protection,61970.258,15.45627,4009.1333,Major Spender,Critical,2000,Not Calculated
2007,Panama,Total function,3840.16,18.03232,212.94803,Low Spender,Critical,2000,Not Calculated
2007,Paraguay,Total function,2351.869,13.17104,178.5501,Low Spender,Critical,2000,Not Calculated
2007,Peru,Total function,17137.938,16.76866,1021.961,Moderate Spender,Critical,2000,Not Calculated
2007,Philippines,Total function,25038.988,16.05265,1559.7069,Moderate Spender,Critical,2000,Not Calculated
2007,Poland,Total function,184051.38,42.90034,4290.108,Mega Spender,Critical,2000,Not Calculated
2007,Poland,Social protection,66916.67,15.59754,4289.9316,Major Spender,Critical,2000,Not Calculated
2007,Portugal,Total function,107051.98,44.57184,2401.7312,Mega Spender,Critical,2000,Not Calculated
2007,Portugal,Social protection,35767.05,14.89186,2401.624,Moderate Spender,Critical,2000,Not Calculated
2007,Romania,Total function,65514.61,37.5251,1745.8412,Major Spender,Critical,2000,Not Calculated
2007,Romania,Social protection,17503.25,10.02542,1745.7128,Moderate Spender,Critical,2000,Not Calculated
2007,Russian Federation,Total function,524986.56,40.0012,13123.941,Mega Spender,Critical,2000,Not Calculated
2007,San Marino,Total function,691.674,27.80537,24.87466,Low Spender,Critical,2000,Not Calculated
2007,Serbia and Montenegro,Total function,18066.64,35.28352,512.0274,Moderate Spender,Critical,2000,Not Calculated
2007,Serbia and Montenegro,Social protection,6286.833,12.27797,512.0,Low Spender,Critical,2000,Not Calculated
2007,Seychelles,Total function,376.975,36.32104,10.378685,Low Spender,Critical,2000,Not Calculated
2007,Seychelles,General public services,168.241,16.20977,10.378347,Low Spender,Critical,2000,Not Calculated
2007,Singapore,Total function,24492.707,13.53624,1809.2837,Moderate Spender,Critical,2000,Not Calculated
2007,Slovakia,Total function,31492.545,40.86941,770.5463,Moderate Spender,Critical,2000,Not Calculated
2007,Slovakia,Social protection,11219.857,14.56056,770.512,Moderate Spender,Critical,2000,Not Calculated
2007,Slovenia,Total function,20865.98,43.46725,480.02808,Moderate Spender,Critical,2000,Not Calculated
2007,Slovenia,Social protection,7798.075,16.24467,480.00943,Low Spender,Critical,2000,Not Calculated
2007,South Africa,Total function,108548.24,32.58952,3330.6694,Mega Spender,Critical,2000,Not Calculated
2007,South Africa,General public services,51222.895,15.37869,3330.5544,Major Spender,Critical,2000,Not Calculated
2007,Spain,Total function,578621.3,39.30703,14720.182,Mega Spender,Critical,2000,Not Calculated
2007,Spain,Social protection,189283.58,12.85845,14719.414,Mega Spender,Critical,2000,Not Calculated
2007,Sri Lanka,Total function,7703.002,20.8057,370.21738,Low Spender,Critical,2000,Not Calculated
2007,Sweden,Total function,242319.39,49.32662,4912.4487,Mega Spender,Critical,2000,Not Calculated
2007,Sweden,Social protection,98237.84,19.99733,4912.3027,Major Spender,Critical,2000,Not Calculated
2007,"Switzerland, Liechtenstein",Total function,148520.39,29.78506,4986.2383,Mega Spender,Critical,2000,Not Calculated
2007,"Switzerland, Liechtenstein",Social protection,58439.133,11.71969,4985.9805,Major Spender,Critical,2000,Not Calculated
2007,Thailand,Total function,51254.44,19.49263,2629.2917,Major Spender,Critical,2000,Not Calculated
2007,Ukraine,Total function,61744.555,41.51345,1487.3027,Major Spender,Critical,2000,Not Calculated
2007,Ukraine,Social protection,26483.168,17.80574,1487.2552,Moderate Spender,Critical,2000,Not Calculated
2007,United Kingdom,Total function,1.2706902e+06,41.08282,30929.213,Mega Spender,Critical,2000,Not Calculated
2007,United Kingdom,Social protection,440293.06,14.23516,30927.797,Mega Spender,Critical,2000,Not Calculated
2007,United States of America,Total function,5.409336e+06,37.14246,145633.61,Mega Spender,Critical,2000,Not Calculated
2007,Yemen,Total function,8714.405,33.99593,256.3292,Low Spender,Critical,2000,Not Calculated
2008,Afghanistan,Total function,9288.27,90.73322,102.367874,Low Spender,Critical,2000,Not Calculated
2008,Afghanistan,Defence,4441.825,43.39033,102.36665,Low Spender,Critical,2000,Not Calculated
2008,Afghanistan,Public order and safety,2193.728,21.42961,102.36424,Low Spender,Critical,2000,Not Calculated
2008,Albania,Total function,4189.125,32.52085,128.80956,Low Spender,Critical,2000,Not Calculated
2008,Armenia,Total function,2852.661,22.93751,124.36121,Low Spender,Critical,2000,Not Calculated
2008,Australia,Total function,404272.56,38.21295,10579.1875,Mega Spender,Critical,2000,Not Calculated
2008,Australia,Social protection,118889.93,11.2378,10578.525,Mega Spender,Critical,2000,Not Calculated
2008,Austria,Total function,215481.52,50.07585,4303.0166,Mega Spender,Critical,2000,Not Calculated
2008,Austria,Social protection,84605.09,19.66142,4302.883,Major Spender,Critical,2000,Not Calculated
2008,Azerbaijan,Total function,14648.142,29.98515,488.49692,Moderate Spender,Critical,2000,Not Calculated
2008,Azerbaijan,"Mining, manufacturing and construction",5866.462,12.00881,488.47247,Low Spender,Critical,2000,Not Calculated
2008,Belarus,Total function,29592.865,47.11701,628.0585,Moderate Spender,Critical,2000,Not Calculated
2008,Belarus,Social protection,7591.577,12.08712,628.01965,Low Spender,Critical,2000,Not Calculated
2008,Belgium,Total function,262675.9,50.98101,5152.325,Mega Spender,Critical,2000,Not Calculated
2008,Belgium,Social protection,90582.945,17.58064,5152.133,Major Spender,Critical,2000,Not Calculated
2008,Brazil,Total function,690499.7,40.7169,16958.137,Mega Spender,Critical,2000,Not Calculated
2008,Brazil,Social protection,208788.67,12.3117,16957.18,Mega Spender,Critical,2000,Not Calculated
2008,Brazil,General public services,184392.92,10.87315,16956.996,Mega Spender,Critical,2000,Not Calculated
2008,Bulgaria,Total function,20188.059,37.08432,544.3679,Moderate Spender,Critical,2000,Not Calculated
2008,Bulgaria,Social protection,5803.181,10.66012,544.33124,Low Spender,Critical,2000,Not Calculated
2008,Canada,Total function,542470.3,34.932,15528.879,Mega Spender,Critical,2000,Not Calculated
2008,Canada,Social protection,152640.8,9.8292,15527.74,Mega Spender,Significant,2000,Not Calculated
2008,China,Total function,1.1628265e+06,25.30997,45941.6,Mega Spender,Critical,2000,Not Calculated
2008,"China, Hong Kong SAR",Total function,41043.0,18.71727,2192.6707,Moderate Spender,Critical,2000,Not Calculated
2008,"China, Macao SAR",Total function,3298.473,15.68683,210.2568,Low Spender,Critical,2000,Not Calculated
2008,Cyprus,Total function,10736.662,38.55761,278.45044,Moderate Spender,Critical,2000,Not Calculated
2008,Cyprus,Social protection,2858.707,10.26622,278.43048,Low Spender,Critical,2000,Not Calculated
2008,Czechia,Total function,96783.76,40.86859,2368.1118,Major Spender,Critical,2000,Not Calculated
2008,Czechia,Social protection,28926.643,12.21477,2367.9753,Moderate Spender,Critical,2000,Not Calculated
2008,Denmark,Total function,178130.97,50.41078,3533.5186,Mega Spender,Critical,2000,Not Calculated
2008,Denmark,Social protection,76320.125,21.59847,3533.4258,Major Spender,Critical,2000,Not Calculated
2008,Egypt,Total function,56290.29,34.14761,1648.3918,Major Spender,Critical,2000,Not Calculated
2008,Egypt,Social protection,21929.682,13.30329,1648.3165,Moderate Spender,Critical,2000,Not Calculated
2008,El Salvador,Total function,4586.7,25.50024,179.86185,Low Spender,Critical,2000,Not Calculated
2008,Estonia,Total function,9642.126,39.65798,243.12592,Low Spender,Critical,2000,Not Calculated
2008,Estonia,Social protection,2754.284,11.32834,243.11072,Low Spender,Critical,2000,Not Calculated
2008,Finland,Total function,136789.08,48.06962,2845.586,Mega Spender,Critical,2000,Not Calculated
2008,Finland,Social protection,55118.03,19.36926,2845.4978,Major Spender,Critical,2000,Not Calculated
2008,France,Total function,1.5617438e+06,53.39354,29249.129,Mega Spender,Critical,2000,Not Calculated
2008,France,Social protection,640193.4,21.88719,29248.348,Mega Spender,Critical,2000,Not Calculated
2008,Georgia,Total function,4184.086,31.08491,134.5975,Low Spender,Critical,2000,Not Calculated
2008,Germany,Total function,1.6553882e+06,44.37841,37300.816,Mega Spender,Critical,2000,Not Calculated
2008,Germany,Social protection,704378.6,18.8833,37299.695,Mega Spender,Critical,2000,Not Calculated
2008,Greece,Total function,180963.22,51.05121,3544.6697,Mega Spender,Critical,2000,Not Calculated
2008,Greece,Social protection,60653.957,17.11098,3544.532,Major Spender,Critical,2000,Not Calculated
2008,Greece,General public services,40676.684,11.47523,3544.429,Moderate Spender,Critical,2000,Not Calculated
2008,Hungary,Total function,77175.93,48.74508,1583.2234,Major Spender,Critical,2000,Not Calculated
2008,Hungary,Social protection,27501.953,17.37051,1583.1643,Moderate Spender,Critical,2000,Not Calculated
2008,Hungary,General public services,14994.19,9.47048,1583.0884,Moderate Spender,Significant,2000,Not Calculated
2008,Iceland,Total function,11456.783,63.38603,180.74335,Moderate Spender,Critical,2000,Not Calculated
2008,Iceland,General public services,2749.207,15.21031,180.7344,Low Spender,Critical,2000,Not Calculated
2008,Iceland,"General economic, commercial and labour affairs",2284.344,12.63841,180.73186,Low Spender,Critical,2000,Not Calculated
2008,Indonesia,Total function,108259.0,19.92788,5432.2676,Mega Spender,Critical,2000,Not Calculated
2008,Indonesia,General public services,66411.02,12.22468,5432.0923,Major Spender,Critical,2000,Not Calculated
2008,Iran (Islamic Republic of),Total function,106061.09,24.63986,4304.2773,Mega Spender,Critical,2000,Not Calculated
2008,Ireland,Total function,114468.55,41.72551,2743.3052,Mega Spender,Critical,2000,Not Calculated
2008,Ireland,Social protection,41685.52,15.195,2743.1902,Moderate Spender,Critical,2000,Not Calculated
2008,Israel,Total function,92710.87,42.78105,2167.0505,Major Spender,Critical,2000,Not Calculated
2008,Israel,Social protection,22668.943,10.46049,2166.8943,Moderate Spender,Critical,2000,Not Calculated
2008,Italy,Total function,1.1521471e+06,48.02724,23988.951,Mega Spender,Critical,2000,Not Calculated
2008,Italy,Social protection,432940.4,18.04711,23988.13,Mega Spender,Critical,2000,Not Calculated
2008,Italy,General public services,228258.31,9.51494,23986.941,Mega Spender,Significant,2000,Not Calculated
2008,Japan,Total function,1.8526919e+06,36.27978,51065.38,Mega Spender,Critical,2000,Not Calculated
2008,Japan,Social protection,707090.3,13.84638,51063.11,Mega Spender,Critical,2000,Not Calculated
2008,Kazakhstan,Total function,36378.91,27.26204,1334.3674,Moderate Spender,Critical,2000,Not Calculated
2008,"Korea, Republic of",Total function,312764.03,29.86273,10473.04,Mega Spender,Critical,2000,Not Calculated
2008,Latvia,Total function,13809.673,38.51839,358.51224,Moderate Spender,Critical,2000,Not Calculated
2008,Latvia,Social protection,3247.075,9.05685,358.48184,Low Spender,Significant,2000,Not Calculated
2008,Lithuania,Total function,18317.26,38.28648,478.41382,Moderate Spender,Critical,2000,Not Calculated
2008,Lithuania,Social protection,6204.323,12.96819,478.3894,Low Spender,Critical,2000,Not Calculated
2008,Luxembourg,Total function,22315.95,38.07724,586.0552,Moderate Spender,Critical,2000,Not Calculated
2008,Luxembourg,Social protection,9118.934,15.55945,586.0328,Low Spender,Critical,2000,Not Calculated
2008,Malaysia,Total function,58078.2,25.1626,2308.0244,Major Spender,Critical,2000,Not Calculated
2008,Maldives,Total function,808.0,35.56892,22.715822,Low Spender,Critical,2000,Not Calculated
2008,Malta,Total function,3849.555,42.34602,90.90498,Low Spender,Critical,2000,Not Calculated
2008,Malta,Social protection,1199.695,13.19693,90.90023,Low Spender,Critical,2000,Not Calculated
2008,Mauritius,Total function,2002.057,20.03989,99.898605,Low Spender,Critical,2000,Not Calculated
2008,"Moldova, Republic of",Total function,2505.628,34.48042,72.66603,Low Spender,Critical,2000,Not Calculated
2008,"Moldova, Republic of",Social protection,759.62,10.45327,72.66122,Low Spender,Critical,2000,Not Calculated
2008,Mongolia,Total function,2191.596,33.61294,65.19902,Low Spender,Critical,2000,Not Calculated
2008,Mongolia,Social protection,624.773,9.58227,65.19414,Low Spender,Significant,2000,Not Calculated
2008,Netherlands (Kingdom of the),Total function,413689.7,43.63664,9480.111,Mega Spender,Critical,2000,Not Calculated
2008,Netherlands (Kingdom of the),Social protection,140601.28,14.83085,9479.686,Mega Spender,Critical,2000,Not Calculated
2008,Norway,Total function,187557.98,40.57501,4622.386,Mega Spender,Critical,2000,Not Calculated
2008,Norway,Social protection,70303.19,15.20891,4622.196,Major Spender,Critical,2000,Not Calculated
2008,Panama,Total function,4662.34,18.53379,251.54533,Low Spender,Critical,2000,Not Calculated
2008,Paraguay,Total function,2966.541,12.05149,246.13512,Low Spender,Critical,2000,Not Calculated
2008,Peru,Total function,22554.553,18.70008,1206.0562,Moderate Spender,Critical,2000,Not Calculated
2008,Philippines,Total function,29659.646,16.33019,1816.135,Moderate Spender,Critical,2000,Not Calculated
2008,Poland,Total function,235701.14,44.17189,5335.878,Mega Spender,Critical,2000,Not Calculated
2008,Poland,Social protection,82753.42,15.50852,5335.6533,Major Spender,Critical,2000,Not Calculated
2008,Portugal,Total function,119434.86,45.52423,2623.4873,Mega Spender,Critical,2000,Not Calculated
2008,Portugal,Social protection,40038.832,15.26135,2623.3726,Moderate Spender,Critical,2000,Not Calculated
2008,Romania,Total function,80881.88,37.73934,2143.1147,Major Spender,Critical,2000,Not Calculated
2008,Romania,Social protection,23522.164,10.9754,2142.976,Moderate Spender,Critical,2000,Not Calculated
2008,Russian Federation,Total function,718436.0,42.83781,16770.68,Mega Spender,Critical,2000,Not Calculated
2008,Russian Federation,General public services,224408.64,13.3807,16769.814,Mega Spender,Critical,2000,Not Calculated
2008,Serbia,Total function,22332.078,38.9222,573.74725,Moderate Spender,Critical,2000,Not Calculated
2008,Serbia,Social protection,8334.6,14.52623,573.72253,Low Spender,Critical,2000,Not Calculated
2008,Seychelles,Total function,266.552,27.3352,9.75088,Low Spender,Critical,2000,Not Calculated
2008,Seychelles,General public services,154.303,15.82394,9.750621,Low Spender,Critical,2000,Not Calculated
2008,Singapore,Total function,31620.07,16.33122,1936.0547,Moderate Spender,Critical,2000,Not Calculated
2008,Slovakia,Total function,37319.86,38.58019,967.3071,Moderate Spender,Critical,2000,Not Calculated
2008,Slovakia,Social protection,12544.544,12.96819,967.25726,Moderate Spender,Critical,2000,Not Calculated
2008,Slovenia,Total function,25130.062,45.23492,555.5334,Moderate Spender,Critical,2000,Not Calculated
2008,Slovenia,Social protection,9193.913,16.54934,555.5121,Low Spender,Critical,2000,Not Calculated
2008,South Africa,Total function,104011.23,32.90128,3161.2166,Mega Spender,Critical,2000,Not Calculated
2008,Spain,Total function,676287.2,41.61037,16252.462,Mega Spender,Critical,2000,Not Calculated
2008,Spain,Social protection,225256.5,13.85951,16251.674,Mega Spender,Critical,2000,Not Calculated
2008,Sri Lanka,Total function,9012.121,19.34126,465.92905,Low Spender,Critical,2000,Not Calculated
2008,Sweden,Total function,258974.4,50.02343,5176.9585,Mega Spender,Critical,2000,Not Calculated
2008,Sweden,Social protection,103002.55,19.89595,5176.801,Mega Spender,Critical,2000,Not Calculated
2008,"Switzerland, Liechtenstein",Total function,174743.66,30.34115,5759.106,Mega Spender,Critical,2000,Not Calculated
2008,"Switzerland, Liechtenstein",Social protection,67225.734,11.67256,5758.803,Major Spender,Critical,2000,Not Calculated
2008,Thailand,Total function,57709.684,19.80544,2913.6829,Major Spender,Critical,2000,Not Calculated
2008,Türkiye,Total function,262747.06,34.10309,7704.269,Mega Spender,Critical,2000,Not Calculated
2008,Türkiye,Social protection,72679.47,9.43339,7703.6743,Major Spender,Significant,2000,Not Calculated
2008,Ukraine,Total function,81867.45,43.52097,1881.0604,Major Spender,Critical,2000,Not Calculated
2008,Ukraine,Social protection,36703.223,19.51154,1881.0071,Moderate Spender,Critical,2000,Not Calculated
2008,United Kingdom,Total function,1.2990732e+06,44.31151,29316.176,Mega Spender,Critical,2000,Not Calculated
2008,United Kingdom,Social protection,432453.3,14.75102,29314.852,Mega Spender,Critical,2000,Not Calculated
2008,United States of America,Total function,5.860619e+06,39.4296,148631.25,Mega Spender,Critical,2000,Not Calculated
2008,Yemen,Total function,11150.548,36.68281,303.9637,Moderate Spender,Critical,2000,Not Calculated
2009,Afghanistan,Total function,8940.447,77.10517,115.94983,Low Spender,Critical,2000,Not Calculated
2009,Afghanistan,Defence,3770.233,32.51565,115.94776,Low Spender,Critical,2000,Not Calculated
2009,Afghanistan,Public order and safety,2094.367,18.06246,115.944954,Low Spender,Critical,2000,Not Calculated
2009,Armenia,Total function,2699.425,29.27045,92.220406,Low Spender,Critical,2000,Not Calculated
2009,Australia,Total function,399484.84,39.27978,10169.982,Mega Spender,Critical,2000,Not Calculated
2009,Australia,Social protection,100736.336,9.90501,10169.214,Mega Spender,Significant,2000,Not Calculated
2009,Austria,Total function,217531.44,54.36272,4001.4082,Mega Spender,Critical,2000,Not Calculated
2009,Austria,Social protection,85316.02,21.32111,4001.2937,Major Spender,Critical,2000,Not Calculated
2009,Azerbaijan,Total function,14875.153,33.58398,442.9109,Moderate Spender,Critical,2000,Not Calculated
2009,Azerbaijan,"Mining, manufacturing and construction",4966.388,11.21273,442.88455,Low Spender,Critical,2000,Not Calculated
2009,Belarus,Total function,23502.771,46.19874,508.7209,Moderate Spender,Critical,2000,Not Calculated
2009,Belarus,Social protection,6681.969,13.13456,508.69315,Low Spender,Critical,2000,Not Calculated
2009,Belgium,Total function,264246.84,54.9008,4813.0815,Mega Spender,Critical,2000,Not Calculated
2009,Belgium,Social protection,92813.15,19.28317,4812.919,Major Spender,Critical,2000,Not Calculated
2009,Belgium,General public services,44007.34,9.14311,4812.643,Moderate Spender,Significant,2000,Not Calculated
2009,Brazil,Total function,742467.3,44.53923,16669.588,Mega Spender,Critical,2000,Not Calculated
2009,Brazil,Social protection,221042.84,13.25995,16668.703,Mega Spender,Critical,2000,Not Calculated
2009,Brazil,General public services,207971.22,12.47581,16668.621,Mega Spender,Critical,2000,Not Calculated
2009,Bulgaria,Total function,20431.678,39.27368,520.22516,Moderate Spender,Critical,2000,Not Calculated
2009,Bulgaria,Social protection,6698.369,12.87558,520.1978,Low Spender,Critical,2000,Not Calculated
2009,Canada,Total function,534887.5,38.91154,13745.89,Mega Spender,Critical,2000,Not Calculated
2009,Canada,Social protection,154053.92,11.20698,13745.0205,Mega Spender,Critical,2000,Not Calculated
2009,China,Total function,1.4127671e+06,27.69211,51015.113,Mega Spender,Critical,2000,Not Calculated
2009,"China, Hong Kong SAR",Total function,40978.875,19.14473,2140.3665,Moderate Spender,Critical,2000,Not Calculated
2009,"China, Macao SAR",Total function,4212.82,19.51483,215.8668,Low Spender,Critical,2000,Not Calculated
2009,Cook Islands,Total function,62.992,29.2212,2.1556213,Low Spender,Critical,2000,Not Calculated
2009,Cyprus,Total function,10966.337,42.26952,259.43228,Moderate Spender,Critical,2000,Not Calculated
2009,Cyprus,Social protection,3006.454,11.58831,259.41614,Low Spender,Critical,2000,Not Calculated
2009,Cyprus,General public services,2474.065,9.53623,259.41125,Low Spender,Significant,2000,Not Calculated
2009,Czechia,Total function,92012.484,44.35741,2074.2964,Major Spender,Critical,2000,Not Calculated
2009,Czechia,Social protection,27763.521,13.38425,2074.1877,Moderate Spender,Critical,2000,Not Calculated
2009,Denmark,Total function,181619.14,56.53632,3212.3762,Mega Spender,Critical,2000,Not Calculated
2009,Denmark,Social protection,77975.83,24.27314,3212.3005,Major Spender,Critical,2000,Not Calculated
2009,Egypt,Total function,64377.414,34.25124,1879.5096,Major Spender,Critical,2000,Not Calculated
2009,Egypt,Social protection,23869.191,12.69932,1879.4165,Moderate Spender,Critical,2000,Not Calculated
2009,El Salvador,Total function,4977.8,28.28036,176.00992,Low Spender,Critical,2000,Not Calculated
2009,Estonia,Total function,9037.911,46.01381,196.4131,Low Spender,Critical,2000,Not Calculated
2009,Estonia,Social protection,2960.426,15.07212,196.40433,Low Spender,Critical,2000,Not Calculated
2009,Finland,Total function,137121.06,54.30939,2524.7666,Mega Spender,Critical,2000,Not Calculated
2009,Finland,Social protection,57102.39,22.61648,2524.702,Major Spender,Critical,2000,Not Calculated
2009,France,Total function,1.5436085e+06,57.26586,26954.656,Mega Spender,Critical,2000,Not Calculated
2009,France,Social protection,640245.56,23.75228,26953.986,Mega Spender,Critical,2000,Not Calculated
2009,Georgia,Total function,3972.793,35.07509,113.262146,Low Spender,Critical,2000,Not Calculated
2009,Germany,Total function,1.6442392e+06,48.39433,33975.164,Mega Spender,Critical,2000,Not Calculated
2009,Germany,Social protection,705810.1,20.77387,33974.227,Mega Spender,Critical,2000,Not Calculated
2009,Greece,Total function,179186.3,54.30211,3299.743,Mega Spender,Critical,2000,Not Calculated
2009,Greece,Social protection,61766.547,18.71825,3299.6272,Major Spender,Critical,2000,Not Calculated
2009,Greece,General public services,40051.176,12.13744,3299.5322,Moderate Spender,Critical,2000,Not Calculated
2009,Hungary,Total function,66267.37,50.55904,1310.6669,Major Spender,Critical,2000,Not Calculated
2009,Hungary,Social protection,23662.012,18.05306,1310.62,Moderate Spender,Critical,2000,Not Calculated
2009,Hungary,General public services,13242.329,10.10331,1310.5624,Moderate Spender,Critical,2000,Not Calculated
2009,Iceland,Total function,7047.777,53.57727,131.5417,Low Spender,Critical,2000,Not Calculated
2009,Iceland,Social protection,1408.97,10.71101,131.5318,Low Spender,Critical,2000,Not Calculated
2009,Iceland,General public services,2032.613,15.45195,131.5356,Low Spender,Critical,2000,Not Calculated
2009,Indonesia,Total function,98171.91,17.08808,5744.7163,Major Spender,Critical,2000,Not Calculated
2009,Iran (Islamic Republic of),Total function,111513.2,25.37965,4393.631,Mega Spender,Critical,2000,Not Calculated
2009,Iran (Islamic Republic of),Social protection,41479.465,9.44044,4393.341,Moderate Spender,Significant,2000,Not Calculated
2009,Ireland,Total function,110830.15,47.06258,2354.9026,Mega Spender,Critical,2000,Not Calculated
2009,Ireland,Social protection,41874.34,17.78139,2354.8208,Moderate Spender,Critical,2000,Not Calculated
2009,Israel,Total function,89596.0,43.08505,2079.4666,Major Spender,Critical,2000,Not Calculated
2009,Israel,Social protection,23238.164,11.1748,2079.3289,Moderate Spender,Critical,2000,Not Calculated
2009,Italy,Total function,1.1244039e+06,51.31663,21910.674,Mega Spender,Critical,2000,Not Calculated
2009,Italy,Social protection,433883.34,19.80199,21909.992,Mega Spender,Critical,2000,Not Calculated
2009,Italy,General public services,203652.19,9.29448,21908.73,Mega Spender,Significant,2000,Not Calculated
2009,Japan,Total function,2.133419e+06,40.33314,52893.63,Mega Spender,Critical,2000,Not Calculated
2009,Japan,Social protection,829752.3,15.6868,52891.566,Mega Spender,Critical,2000,Not Calculated
2009,Kazakhstan,Total function,34755.91,30.14162,1153.0487,Moderate Spender,Critical,2000,Not Calculated
2009,"Korea, Republic of",Total function,304629.62,32.27207,9439.127,Mega Spender,Critical,2000,Not Calculated
2009,Latvia,Total function,11944.359,45.22087,264.12793,Moderate Spender,Critical,2000,Not Calculated
2009,Latvia,Social protection,3675.81,13.91647,264.1148,Low Spender,Critical,2000,Not Calculated
2009,Lithuania,Total function,16863.742,45.10616,373.85956,Moderate Spender,Critical,2000,Not Calculated
2009,Lithuania,Social protection,6680.171,17.86773,373.84702,Low Spender,Critical,2000,Not Calculated
2009,Luxembourg,Total function,23254.635,42.86652,542.4768,Moderate Spender,Critical,2000,Not Calculated
2009,Luxembourg,Social protection,9633.595,17.75812,542.45905,Low Spender,Critical,2000,Not Calculated
2009,Malaysia,Total function,57415.215,28.38719,2022.5035,Major Spender,Critical,2000,Not Calculated
2009,Malaysia,General public services,19400.338,9.5919,2022.3641,Moderate Spender,Significant,2000,Not Calculated
2009,Maldives,Total function,867.521,36.98985,23.452314,Low Spender,Critical,2000,Not Calculated
2009,Maldives,General public services,219.972,9.37928,23.450472,Low Spender,Significant,2000,Not Calculated
2009,Malta,Total function,3593.378,41.32324,86.955696,Low Spender,Critical,2000,Not Calculated
2009,Malta,Social protection,1214.437,13.96582,86.95157,Low Spender,Critical,2000,Not Calculated
2009,Mauritius,Total function,2010.391,22.02241,91.28428,Low Spender,Critical,2000,Not Calculated
2009,"Moldova, Republic of",Total function,2457.907,37.65008,65.28118,Low Spender,Critical,2000,Not Calculated
2009,"Moldova, Republic of",Social protection,818.285,12.53445,65.27767,Low Spender,Critical,2000,Not Calculated
2009,Mongolia,Total function,1670.721,31.43432,53.147892,Low Spender,Critical,2000,Not Calculated
2009,Mongolia,Social protection,512.793,9.64811,53.14407,Low Spender,Significant,2000,Not Calculated
2009,Netherlands (Kingdom of the),Total function,417401.2,48.08631,8680.069,Mega Spender,Critical,2000,Not Calculated
2009,Netherlands (Kingdom of the),Social protection,143117.23,16.48769,8679.722,Mega Spender,Critical,2000,Not Calculated
2009,New Zealand,Total function,47431.78,39.0788,1213.7161,Moderate Spender,Critical,2000,Not Calculated
2009,New Zealand,Social protection,14808.262,12.20045,1213.6477,Moderate Spender,Critical,2000,Not Calculated
2009,Norway,Total function,179577.8,46.50005,3861.801,Mega Spender,Critical,2000,Not Calculated
2009,Norway,Social protection,68876.914,17.83506,3861.6665,Major Spender,Critical,2000,Not Calculated
2009,Panama,Total function,4949.93,18.25422,271.15152,Low Spender,Critical,2000,Not Calculated
2009,Paraguay,Total function,3212.578,14.3669,223.5941,Low Spender,Critical,2000,Not Calculated
2009,Peru,Total function,25309.643,20.94289,1208.45,Moderate Spender,Critical,2000,Not Calculated
2009,Philippines,Total function,30078.762,17.09266,1759.6443,Moderate Spender,Critical,2000,Not Calculated
2009,Poland,Total function,197939.4,45.01368,4397.219,Mega Spender,Critical,2000,Not Calculated
2009,Poland,Social protection,70849.02,16.11188,4397.043,Major Spender,Critical,2000,Not Calculated
2009,Portugal,Total function,122879.45,50.42513,2436.821,Mega Spender,Critical,2000,Not Calculated
2009,Portugal,Social protection,42026.703,17.24619,2436.7278,Moderate Spender,Critical,2000,Not Calculated
2009,Romania,Total function,69524.96,39.9334,1740.9792,Major Spender,Critical,2000,Not Calculated
2009,Romania,Social protection,22792.06,13.09119,1740.8898,Moderate Spender,Critical,2000,Not Calculated
2009,Russian Federation,Total function,584114.4,47.31145,12345.892,Mega Spender,Critical,2000,Not Calculated
2009,Russian Federation,Social protection,145174.8,11.75871,12345.1,Mega Spender,Critical,2000,Not Calculated
2009,Russian Federation,General public services,143451.44,11.61912,12345.091,Mega Spender,Critical,2000,Not Calculated
2009,Serbia,Total function,19208.805,38.28096,501.77173,Moderate Spender,Critical,2000,Not Calculated
2009,Serbia,Social protection,7705.532,15.35625,501.75208,Low Spender,Critical,2000,Not Calculated
2009,Seychelles,Total function,249.951,29.13618,8.578422,Low Spender,Critical,2000,Not Calculated
2009,Seychelles,General public services,151.226,17.62801,8.578247,Low Spender,Critical,2000,Not Calculated
2009,Singapore,Total function,32845.098,16.91735,1941.3889,Moderate Spender,Critical,2000,Not Calculated
2009,Slovakia,Total function,39700.055,44.5863,890.3893,Moderate Spender,Critical,2000,Not Calculated
2009,Slovakia,Social protection,13474.602,15.13304,890.3505,Moderate Spender,Critical,2000,Not Calculated
2009,Slovenia,Total function,24960.719,49.55963,503.64005,Moderate Spender,Critical,2000,Not Calculated
2009,Slovenia,Social protection,9300.256,18.4657,503.62308,Low Spender,Critical,2000,Not Calculated
2009,South Africa,Total function,122579.65,37.17305,3297.4521,Mega Spender,Critical,2000,Not Calculated
2009,Spain,Total function,689517.7,46.41672,14854.622,Mega Spender,Critical,2000,Not Calculated
2009,Spain,Social protection,240869.16,16.21475,14854.025,Mega Spender,Critical,2000,Not Calculated
2009,Sri Lanka,Total function,10064.946,20.90632,481.40778,Moderate Spender,Critical,2000,Not Calculated
2009,Sweden,Total function,228686.48,52.38664,4365.276,Mega Spender,Critical,2000,Not Calculated
2009,Sweden,Social protection,93387.1,21.39276,4365.1562,Major Spender,Critical,2000,Not Calculated
2009,"Switzerland, Liechtenstein",Total function,181163.42,32.16907,5631.4277,Mega Spender,Critical,2000,Not Calculated
2009,"Switzerland, Liechtenstein",Social protection,69523.97,12.34532,5631.149,Major Spender,Critical,2000,Not Calculated
2009,Thailand,Total function,61947.266,21.98969,2816.9768,Major Spender,Critical,2000,Not Calculated
2009,Türkiye,Total function,251289.11,38.70217,6492.7266,Mega Spender,Critical,2000,Not Calculated
2009,Türkiye,Social protection,69735.36,10.74026,6492.288,Major Spender,Critical,2000,Not Calculated
2009,Ukraine,Total function,56660.297,46.61398,1215.4955,Major Spender,Critical,2000,Not Calculated
2009,Ukraine,Social protection,27009.178,22.22024,1215.4668,Moderate Spender,Critical,2000,Not Calculated
2009,United Kingdom,Total function,1.1408911e+06,47.19173,24175.146,Mega Spender,Critical,2000,Not Calculated
2009,United Kingdom,Social protection,401894.78,16.62394,24174.21,Mega Spender,Critical,2000,Not Calculated
2009,United States of America,Total function,6.2536265e+06,42.90814,145741.14,Mega Spender,Critical,2000,Not Calculated
2009,Yemen,Total function,9002.564,31.63289,284.58606,Low Spender,Critical,2000,Not Calculated
2010,Afghanistan,Total function,12897.96,87.74785,146.98723,Moderate Spender,Critical,2010,Not Calculated
2010,Afghanistan,Defence,4192.953,28.52565,146.98372,Low Spender,Critical,2010,Not Calculated
2010,Afghanistan,Public order and safety,3401.8,23.14325,146.98251,Low Spender,Critical,2010,Not Calculated
2010,Albania,Total function,3544.178,29.71571,119.265495,Low Spender,Critical,2010,Not Calculated
2010,Armenia,Total function,2698.573,27.32627,98.75019,Low Spender,Critical,2010,Not Calculated
2010,Australia,Total function,491923.44,37.80837,13010.623,Mega Spender,Critical,2010,Not Calculated
2010,Australia,Social protection,124987.22,9.6063,13009.608,Mega Spender,Significant,2010,Not Calculated
2010,Austria,Total function,207277.33,52.89134,3918.8535,Mega Spender,Critical,2010,Not Calculated
2010,Austria,Social protection,83948.58,21.42132,3918.7437,Major Spender,Critical,2010,Not Calculated
2010,Azerbaijan,Total function,16697.191,31.56011,529.0432,Moderate Spender,Critical,2010,Not Calculated
2010,Azerbaijan,"Mining, manufacturing and construction",5797.795,10.95867,529.01184,Low Spender,Critical,2010,Not Calculated
2010,Belarus,Total function,24855.36,43.4292,572.3059,Moderate Spender,Critical,2010,Not Calculated
2010,Belarus,Social protection,7816.992,13.65845,572.2772,Low Spender,Critical,2010,Not Calculated
2010,Belgium,Total function,259380.97,53.93078,4809.4272,Mega Spender,Critical,2010,Not Calculated
2010,Belgium,Social protection,90770.76,18.87316,4809.261,Major Spender,Critical,2010,Not Calculated
2010,Brazil,Total function,876924.8,39.70073,22087.824,Mega Spender,Critical,2010,Not Calculated
2010,Brazil,Social protection,280625.84,12.70468,22086.643,Mega Spender,Critical,2010,Not Calculated
2010,Brazil,General public services,200361.56,9.0709,22085.953,Mega Spender,Significant,2010,Not Calculated
2010,Bulgaria,Total function,18309.146,36.12528,506.80966,Moderate Spender,Critical,2010,Not Calculated
2010,Bulgaria,Social protection,6517.96,12.86041,506.78424,Low Spender,Critical,2010,Not Calculated
2010,Canada,Total function,616462.6,38.11756,16172.243,Mega Spender,Critical,2010,Not Calculated
2010,Canada,Social protection,174715.83,10.80315,16171.177,Mega Spender,Critical,2010,Not Calculated
2010,China,Total function,1.6716914e+06,27.46246,60869.66,Mega Spender,Critical,2010,Not Calculated
2010,"China, Hong Kong SAR",Total function,41488.105,18.14571,2286.2605,Moderate Spender,Critical,2010,Not Calculated
2010,"China, Macao SAR",Total function,4837.227,17.1279,282.40152,Low Spender,Critical,2010,Not Calculated
2010,Colombia,Total function,84565.24,29.51016,2865.5344,Major Spender,Critical,2010,Not Calculated
2010,Cook Islands,Total function,81.711,33.93468,2.4078197,Low Spender,Critical,2010,Not Calculated
2010,Cook Islands,General public services,23.778,9.87509,2.407633,Low Spender,Significant,2010,Not Calculated
2010,Cyprus,Total function,10757.528,41.73668,257.74142,Moderate Spender,Critical,2010,Not Calculated
2010,Cyprus,Social protection,3124.979,12.12419,257.72617,Low Spender,Critical,2010,Not Calculated
2010,Czechia,Total function,91217.2,43.63,2090.6511,Major Spender,Critical,2010,Not Calculated
2010,Czechia,Social protection,28198.92,13.48779,2090.5447,Moderate Spender,Critical,2010,Not Calculated
2010,Denmark,Total function,182485.12,56.67323,3219.896,Mega Spender,Critical,2010,Not Calculated
2010,Denmark,Social protection,79972.44,24.83653,3219.8225,Major Spender,Critical,2010,Not Calculated
2010,Egypt,Total function,70561.37,32.87576,2146.2385,Major Spender,Critical,2010,Not Calculated
2010,Egypt,Social protection,23892.63,11.13199,2146.1106,Moderate Spender,Critical,2010,Not Calculated
2010,El Salvador,Total function,4862.6,26.35852,184.47226,Low Spender,Critical,2010,Not Calculated
2010,Estonia,Total function,7870.647,40.28974,195.3463,Low Spender,Critical,2010,Not Calculated
2010,Estonia,Social protection,2695.977,13.80067,195.33702,Low Spender,Critical,2010,Not Calculated
2010,Fiji,Total function,846.421,26.95184,31.40378,Low Spender,Critical,2010,Not Calculated
2010,Finland,Total function,134456.84,53.95946,2491.766,Mega Spender,Critical,2010,Not Calculated
2010,Finland,Social protection,56358.867,22.61762,2491.7024,Major Spender,Critical,2010,Not Calculated
2010,France,Total function,1.5046314e+06,56.82203,26479.254,Mega Spender,Critical,2010,Not Calculated
2010,France,Social protection,626230.1,23.64942,26478.605,Mega Spender,Critical,2010,Not Calculated
2010,Georgia,Total function,3815.879,31.16733,122.428085,Low Spender,Critical,2010,Not Calculated
2010,Germany,Total function,1.6366555e+06,48.1886,33962.836,Mega Spender,Critical,2010,Not Calculated
2010,Germany,Social protection,682030.9,20.08126,33961.86,Mega Spender,Critical,2010,Not Calculated
2010,Greece,Total function,157349.31,53.00895,2968.2979,Mega Spender,Critical,2010,Not Calculated
2010,Greece,Social protection,56352.24,18.98434,2968.1975,Major Spender,Critical,2010,Not Calculated
2010,Greece,General public services,36645.46,12.34538,2968.1138,Moderate Spender,Critical,2010,Not Calculated
2010,Hungary,Total function,64518.72,48.81297,1321.7266,Major Spender,Critical,2010,Not Calculated
2010,Hungary,Social protection,22764.707,17.22311,1321.6769,Moderate Spender,Critical,2010,Not Calculated
2010,Hungary,General public services,12297.186,9.30369,1321.6115,Moderate Spender,Significant,2010,Not Calculated
2010,Iceland,Total function,6709.992,48.79582,137.5088,Low Spender,Critical,2010,Not Calculated
2010,Iceland,Social protection,1426.78,10.3757,137.49843,Low Spender,Critical,2010,Not Calculated
2010,Iceland,General public services,1617.789,11.76474,137.49997,Low Spender,Critical,2010,Not Calculated
2010,Indonesia,Total function,121006.336,16.02533,7550.471,Mega Spender,Critical,2010,Not Calculated
2010,Ireland,Total function,144009.69,64.95781,2216.9385,Mega Spender,Critical,2010,Not Calculated
2010,Ireland,Social protection,38806.684,17.50436,2216.846,Moderate Spender,Critical,2010,Not Calculated
2010,Ireland,"General economic, commercial and labour affairs",42486.023,19.16398,2216.8572,Moderate Spender,Critical,2010,Not Calculated
2010,Israel,Total function,96606.52,41.16966,2346.4897,Major Spender,Critical,2010,Not Calculated
2010,Israel,Social protection,25556.73,10.89121,2346.331,Moderate Spender,Critical,2010,Not Calculated
2010,Italy,Total function,1.0665072e+06,49.97649,21339.752,Mega Spender,Critical,2010,Not Calculated
2010,Italy,Social protection,420570.34,19.70791,21339.098,Mega Spender,Critical,2010,Not Calculated
2010,Japan,Total function,2.2585748e+06,39.21769,57589.246,Mega Spender,Critical,2010,Not Calculated
2010,Japan,Social protection,909109.3,15.78569,57587.074,Mega Spender,Critical,2010,Not Calculated
2010,Kazakhstan,Total function,30273.967,20.44884,1480.4012,Moderate Spender,Critical,2010,Not Calculated
2010,"Korea, Republic of",Total function,338523.7,29.5895,11440.283,Mega Spender,Critical,2010,Not Calculated
2010,Latvia,Total function,10989.25,45.85732,239.63483,Moderate Spender,Critical,2010,Not Calculated
2010,Latvia,Social protection,3378.92,14.09998,239.62305,Low Spender,Critical,2010,Not Calculated
2010,Lithuania,Total function,15751.37,42.41255,371.3759,Moderate Spender,Critical,2010,Not Calculated
2010,Lithuania,Social protection,5900.685,15.88834,371.36124,Low Spender,Critical,2010,Not Calculated
2010,Luxembourg,Total function,23620.412,42.05974,561.5787,Moderate Spender,Critical,2010,Not Calculated
2010,Luxembourg,Social protection,9637.801,17.16157,561.5593,Low Spender,Critical,2010,Not Calculated
2010,Malaysia,Total function,62317.26,24.43645,2550.0723,Major Spender,Critical,2010,Not Calculated
2010,Maldives,Total function,859.091,33.1929,25.88099,Low Spender,Critical,2010,Not Calculated
2010,Maldives,General public services,316.123,12.21414,25.879602,Low Spender,Critical,2010,Not Calculated
2010,Malta,Total function,3628.619,40.19734,90.26788,Low Spender,Critical,2010,Not Calculated
2010,Malta,Social protection,1201.232,13.30708,90.26336,Low Spender,Critical,2010,Not Calculated
2010,Marshall Islands,Total function,84.298,52.53186,1.6046717,Low Spender,Critical,2010,Not Calculated
2010,Marshall Islands,Education,33.023,20.57889,1.6046247,Low Spender,Critical,2010,Not Calculated
2010,Marshall Islands,General public services,17.504,10.90794,1.6045555,Low Spender,Critical,2010,Not Calculated
2010,Mauritius,Total function,2379.01,23.78137,100.03251,Low Spender,Critical,2010,Not Calculated
2010,"Moldova, Republic of",Total function,2372.81,34.01886,69.747795,Low Spender,Critical,2010,Not Calculated
2010,"Moldova, Republic of",Social protection,832.087,11.92959,69.74399,Low Spender,Critical,2010,Not Calculated
2010,Mongolia,Total function,2366.443,32.91534,71.892654,Low Spender,Critical,2010,Not Calculated
2010,Mongolia,Social protection,796.871,11.08384,71.88836,Low Spender,Critical,2010,Not Calculated
2010,Netherlands (Kingdom of the),Total function,408159.0,48.21412,8465.374,Mega Spender,Critical,2010,Not Calculated
2010,Netherlands (Kingdom of the),Social protection,142229.52,16.80098,8465.045,Mega Spender,Critical,2010,Not Calculated
2010,New Zealand,Total function,57147.8,39.00407,1465.1378,Major Spender,Critical,2010,Not Calculated
2010,New Zealand,Social protection,17687.436,12.07189,1465.054,Moderate Spender,Critical,2010,Not Calculated
2010,Norway,Total function,194614.42,45.39037,4287.4766,Mega Spender,Critical,2010,Not Calculated
2010,Norway,Social protection,75631.44,17.6397,4287.3267,Major Spender,Critical,2010,Not Calculated
2010,Panama,Total function,5920.69,20.11084,294.38828,Low Spender,Critical,2010,Not Calculated
2010,Paraguay,Total function,3686.45,13.52285,272.58878,Low Spender,Critical,2010,Not Calculated
2010,Peru,Total function,29879.24,20.25332,1475.2034,Moderate Spender,Critical,2010,Not Calculated
2010,Philippines,Total function,32653.246,15.67088,2083.5564,Moderate Spender,Critical,2010,Not Calculated
2010,Poland,Total function,219984.08,46.24462,4756.863,Mega Spender,Critical,2010,Not Calculated
2010,Poland,Social protection,78225.055,16.44432,4756.676,Major Spender,Critical,2010,Not Calculated
2010,Portugal,Total function,123577.42,51.94928,2378.7634,Mega Spender,Critical,2010,Not Calculated
2010,Portugal,Social protection,41343.824,17.38005,2378.6724,Moderate Spender,Critical,2010,Not Calculated
2010,Romania,Total function,67143.586,39.48941,1700.2504,Major Spender,Critical,2010,Not Calculated
2010,Romania,Social protection,23111.143,13.59244,1700.1688,Moderate Spender,Critical,2010,Not Calculated
2010,Russian Federation,Total function,643346.75,41.77997,15398.082,Mega Spender,Critical,2010,Not Calculated
2010,Russian Federation,Social protection,203046.53,13.18617,15397.278,Mega Spender,Critical,2010,Not Calculated
2010,Samoa,Total function,204.198,29.22401,6.9870977,Low Spender,Critical,2010,Not Calculated
2010,Serbia,Total function,18179.727,38.55051,471.56976,Moderate Spender,Critical,2010,Not Calculated
2010,Serbia,Social protection,6887.628,14.60537,471.5496,Low Spender,Critical,2010,Not Calculated
2010,Seychelles,Total function,316.789,32.13046,9.859154,Low Spender,Critical,2010,Not Calculated
2010,Seychelles,General public services,131.725,13.36029,9.858705,Low Spender,Critical,2010,Not Calculated
2010,Singapore,Total function,34293.37,14.30035,2397.9114,Moderate Spender,Critical,2010,Not Calculated
2010,Slovakia,Total function,38416.19,42.18131,910.7181,Moderate Spender,Critical,2010,Not Calculated
2010,Slovakia,Social protection,13666.482,15.00591,910.67926,Moderate Spender,Critical,2010,Not Calculated
2010,Slovenia,Total function,24188.947,50.22491,481.60297,Moderate Spender,Critical,2010,Not Calculated
2010,Slovenia,Social protection,9252.309,19.21111,481.58734,Low Spender,Critical,2010,Not Calculated
2010,South Africa,Total function,147290.98,35.29079,4173.52,Mega Spender,Critical,2010,Not Calculated
2010,Spain,Total function,654658.75,46.0793,14206.912,Mega Spender,Critical,2010,Not Calculated
2010,Spain,Social protection,238168.97,16.76394,14206.371,Mega Spender,Critical,2010,Not Calculated
2010,Sri Lanka,Total function,10957.818,19.31718,567.2283,Moderate Spender,Critical,2010,Not Calculated
2010,Sweden,Total function,250103.78,50.44321,4958.0273,Mega Spender,Critical,2010,Not Calculated
2010,Sweden,Social protection,100713.64,20.31285,4957.8804,Mega Spender,Critical,2010,Not Calculated
2010,"Switzerland, Liechtenstein",Total function,193807.94,31.82106,6090.3643,Mega Spender,Critical,2010,Not Calculated
2010,"Switzerland, Liechtenstein",Social protection,75487.5,12.39419,6090.064,Major Spender,Critical,2010,Not Calculated
2010,Thailand,Total function,72700.61,21.31328,3410.8875,Major Spender,Critical,2010,Not Calculated
2010,Timor-Leste,Total function,1020.214,115.69306,8.818205,Low Spender,Critical,2010,Not Calculated
2010,Türkiye,Total function,277893.6,35.76644,7769.457,Mega Spender,Critical,2010,Not Calculated
2010,Türkiye,Social protection,74335.5,9.56739,7768.8613,Major Spender,Significant,2010,Not Calculated
2010,Ukraine,Total function,66042.945,48.55653,1360.0969,Major Spender,Critical,2010,Not Calculated
2010,Ukraine,Social protection,31165.73,22.91388,1360.0653,Moderate Spender,Critical,2010,Not Calculated
2010,United Kingdom,Total function,1.174475e+06,47.14122,24913.443,Mega Spender,Critical,2010,Not Calculated
2010,United Kingdom,Social protection,414738.22,16.64681,24912.479,Mega Spender,Critical,2010,Not Calculated
2010,United States of America,Total function,6.4739885e+06,42.74007,151469.97,Mega Spender,Critical,2010,Not Calculated
2010,Yemen,Total function,9519.331,30.80017,309.05743,Low Spender,Critical,2010,Not Calculated
2011,Afghanistan,Total function,17211.969,99.20045,173.50522,Moderate Spender,Critical,2010,Not Calculated
2011,Afghanistan,Defence,6648.083,38.31595,173.50241,Low Spender,Critical,2010,Not Calculated
2011,Afghanistan,Public order and safety,4467.366,25.74748,173.5002,Low Spender,Critical,2010,Not Calculated
2011,Albania,Total function,3760.403,29.17105,128.90431,Low Spender,Critical,2010,Not Calculated
2011,Armenia,Total function,2881.55,26.6421,108.15371,Low Spender,Critical,2010,Not Calculated
2011,Australia,Total function,592950.8,38.31844,15473.891,Mega Spender,Critical,2010,Not Calculated
2011,Australia,Social protection,151534.38,9.79265,15472.716,Mega Spender,Significant,2010,Not Calculated
2011,Austria,Total function,219714.45,50.96361,4311.118,Mega Spender,Critical,2010,Not Calculated
2011,Austria,Social protection,89334.336,20.72144,4310.995,Major Spender,Critical,2010,Not Calculated
2011,Azerbaijan,Total function,21613.617,32.77136,659.50757,Moderate Spender,Critical,2010,Not Calculated
2011,Azerbaijan,"Mining, manufacturing and construction",8240.36,12.49434,659.4747,Low Spender,Critical,2010,Not Calculated
2011,Belarus,Total function,21984.031,35.59456,617.606,Moderate Spender,Critical,2010,Not Calculated
2011,Belarus,Social protection,7046.911,11.40972,617.56934,Low Spender,Critical,2010,Not Calculated
2011,Belgium,Total function,289425.22,55.37696,5226.3613,Mega Spender,Critical,2010,Not Calculated
2011,Belgium,Social protection,99990.83,19.13167,5226.1826,Major Spender,Critical,2010,Not Calculated
2011,Brazil,Total function,1.0020078e+06,38.30076,26160.883,Mega Spender,Critical,2010,Not Calculated
2011,Brazil,Social protection,329559.84,12.5971,26159.486,Mega Spender,Critical,2010,Not Calculated
2011,Bulgaria,Total function,19437.846,33.6995,576.7821,Moderate Spender,Critical,2010,Not Calculated
2011,Bulgaria,Social protection,7013.212,12.15884,576.75195,Low Spender,Critical,2010,Not Calculated
2011,Canada,Total function,665609.9,37.12616,17927.844,Mega Spender,Critical,2010,Not Calculated
2011,Canada,Social protection,188029.78,10.48786,17926.617,Mega Spender,Critical,2010,Not Calculated
2011,China,Total function,2.017686e+06,26.71886,75512.59,Mega Spender,Critical,2010,Not Calculated
2011,"China, Hong Kong SAR",Total function,49694.117,19.99654,2485.0115,Moderate Spender,Critical,2010,Not Calculated
2011,"China, Macao SAR",Total function,5594.146,15.18255,368.43463,Low Spender,Critical,2010,Not Calculated
2011,Colombia,Total function,97989.36,29.25546,3349.3237,Major Spender,Critical,2010,Not Calculated
2011,Cook Islands,Total function,97.34,35.79062,2.719631,Low Spender,Critical,2010,Not Calculated
2011,Cook Islands,General public services,33.645,12.37076,2.7194998,Low Spender,Critical,2010,Not Calculated
2011,Cyprus,Total function,11630.204,42.13015,276.04764,Moderate Spender,Critical,2010,Not Calculated
2011,Cyprus,Social protection,3482.394,12.61489,276.03235,Low Spender,Critical,2010,Not Calculated
2011,Czechia,Total function,99142.76,43.18765,2295.5745,Major Spender,Critical,2010,Not Calculated
2011,Czechia,Social protection,31033.996,13.51874,2295.458,Moderate Spender,Critical,2010,Not Calculated
2011,Denmark,Total function,194118.64,56.42932,3439.9705,Mega Spender,Critical,2010,Not Calculated
2011,Denmark,Social protection,84943.66,24.6927,3439.8918,Major Spender,Critical,2010,Not Calculated
2011,Egypt,Total function,74205.59,32.10969,2310.9312,Major Spender,Critical,2010,Not Calculated
2011,Egypt,Social protection,27102.086,11.72741,2310.8064,Moderate Spender,Critical,2010,Not Calculated
2011,El Salvador,Total function,5634.18,27.77677,202.83055,Low Spender,Critical,2010,Not Calculated
2011,Estonia,Total function,8687.75,37.47366,231.83,Low Spender,Critical,2010,Not Calculated
2011,Estonia,Social protection,2842.233,12.25966,231.81728,Low Spender,Critical,2010,Not Calculated
2011,Fiji,Total function,1031.127,27.31794,37.744034,Low Spender,Critical,2010,Not Calculated
2011,Finland,Total function,147882.72,53.72792,2752.3857,Mega Spender,Critical,2010,Not Calculated
2011,Finland,Social protection,61930.87,22.50038,2752.3145,Major Spender,Critical,2010,Not Calculated
2011,France,Total function,1.6128181e+06,56.24497,28674.377,Mega Spender,Critical,2010,Not Calculated
2011,France,Social protection,679040.3,23.68066,28673.68,Mega Spender,Critical,2010,Not Calculated
2011,Georgia,Total function,4200.782,27.80594,151.06956,Low Spender,Critical,2010,Not Calculated
2011,Germany,Total function,1.6961309e+06,45.2977,37443.258,Mega Spender,Critical,2010,Not Calculated
2011,Germany,Social protection,707722.94,18.90079,37442.113,Mega Spender,Critical,2010,Not Calculated
2011,Greece,Total function,155988.08,55.19248,2826.2048,Mega Spender,Critical,2010,Not Calculated
2011,Greece,Social protection,58247.76,20.60951,2826.1194,Major Spender,Critical,2010,Not Calculated
2011,Greece,General public services,37042.715,13.10664,2826.04,Moderate Spender,Critical,2010,Not Calculated
2011,Hungary,Total function,69637.734,49.0606,1419.3939,Major Spender,Critical,2010,Not Calculated
2011,Hungary,Social protection,23923.484,16.85438,1419.3383,Moderate Spender,Critical,2010,Not Calculated
2011,Iceland,Total function,7692.361,50.53575,152.21321,Low Spender,Critical,2010,Not Calculated
2011,Iceland,Social protection,1642.2,10.7886,152.20212,Low Spender,Critical,2010,Not Calculated
2011,Iceland,General public services,1907.854,12.53384,152.20409,Low Spender,Critical,2010,Not Calculated
2011,India,Total function,469224.38,25.0665,18718.436,Mega Spender,Critical,2010,Not Calculated
2011,Indonesia,Total function,156206.66,17.49295,8929.182,Mega Spender,Critical,2010,Not Calculated
2011,Ireland,Total function,112907.16,47.30277,2386.8533,Mega Spender,Critical,2010,Not Calculated
2011,Ireland,Social protection,38063.184,15.94668,2386.7537,Moderate Spender,Critical,2010,Not Calculated
2011,Israel,Total function,106997.125,40.79286,2622.8735,Mega Spender,Critical,2010,Not Calculated
2011,Israel,Social protection,27947.664,10.6551,2622.6917,Moderate Spender,Critical,2010,Not Calculated
2011,Italy,Total function,1.12855e+06,49.23885,22919.445,Mega Spender,Critical,2010,Not Calculated
2011,Italy,Social protection,448493.56,19.56786,22918.738,Mega Spender,Critical,2010,Not Calculated
2011,Italy,General public services,209123.19,9.12408,22917.408,Mega Spender,Significant,2010,Not Calculated
2011,Japan,Total function,2.52357e+06,40.48629,62329.934,Mega Spender,Critical,2010,Not Calculated
2011,Japan,Social protection,1.027679e+06,16.48732,62327.7,Mega Spender,Critical,2010,Not Calculated
2011,Kazakhstan,Total function,37169.863,19.29634,1926.165,Moderate Spender,Critical,2010,Not Calculated
2011,Kiribati,Total function,129.481,71.6658,1.8067082,Low Spender,Critical,2010,Not Calculated
2011,Kiribati,Health,17.255,9.55068,1.8064883,Low Spender,Significant,2010,Not Calculated
2011,Kiribati,Education,23.568,13.0446,1.8065861,Low Spender,Critical,2010,Not Calculated
2011,Kiribati,General public services,43.803,24.24415,1.8066707,Low Spender,Critical,2010,Not Calculated
2011,"Korea, Republic of",Total function,380804.28,30.38599,12531.82,Mega Spender,Critical,2010,Not Calculated
2011,Latvia,Total function,11631.289,41.97225,277.11194,Moderate Spender,Critical,2010,Not Calculated
2011,Latvia,Social protection,3458.939,12.4818,277.0964,Low Spender,Critical,2010,Not Calculated
2011,Lithuania,Total function,18540.385,42.54114,435.81223,Moderate Spender,Critical,2010,Not Calculated
2011,Lithuania,Social protection,6108.15,14.01522,435.79153,Low Spender,Critical,2010,Not Calculated
2011,Luxembourg,Total function,25603.082,41.55296,616.1406,Moderate Spender,Critical,2010,Not Calculated
2011,Luxembourg,Social protection,10513.591,17.06321,616.11945,Moderate Spender,Critical,2010,Not Calculated
2011,Malaysia,Total function,74349.95,24.9537,2979.397,Major Spender,Critical,2010,Not Calculated
2011,Malaysia,General public services,27158.17,9.11496,2979.1892,Moderate Spender,Significant,2010,Not Calculated
2011,Maldives,Total function,867.26,31.25995,27.7426,Low Spender,Critical,2010,Not Calculated
2011,Maldives,General public services,283.536,10.21992,27.740751,Low Spender,Critical,2010,Not Calculated
2011,Malta,Total function,4043.63,42.00685,96.25891,Low Spender,Critical,2010,Not Calculated
2011,Malta,Social protection,1314.284,13.65331,96.25415,Low Spender,Critical,2010,Not Calculated
2011,Marshall Islands,Total function,88.97,51.70488,1.7206941,Low Spender,Critical,2010,Not Calculated
2011,Marshall Islands,Education,33.939,19.72364,1.7206397,Low Spender,Critical,2010,Not Calculated
2011,Marshall Islands,General public services,22.877,13.29496,1.7205979,Low Spender,Critical,2010,Not Calculated
2011,Mauritius,Total function,2598.726,22.56149,115.179054,Low Spender,Critical,2010,Not Calculated
2011,"Moldova, Republic of",Total function,2734.318,32.49589,84.140915,Low Spender,Critical,2010,Not Calculated
2011,"Moldova, Republic of",Social protection,942.667,11.20308,84.13604,Low Spender,Critical,2010,Not Calculated
2011,Mongolia,Total function,3986.337,38.29398,104.09555,Low Spender,Critical,2010,Not Calculated
2011,Mongolia,Social protection,1370.322,13.16373,104.0904,Low Spender,Critical,2010,Not Calculated
2011,Netherlands (Kingdom of the),Total function,426816.62,47.20974,9040.668,Mega Spender,Critical,2010,Not Calculated
2011,Netherlands (Kingdom of the),Social protection,151986.2,16.81103,9040.325,Mega Spender,Critical,2010,Not Calculated
2011,New Zealand,Total function,74332.836,44.16914,1682.8752,Major Spender,Critical,2010,Not Calculated
2011,New Zealand,Social protection,27651.188,16.43055,1682.8108,Moderate Spender,Critical,2010,Not Calculated
2011,Norway,Total function,220157.27,44.18314,4982.7217,Mega Spender,Critical,2010,Not Calculated
2011,Norway,Social protection,86584.836,17.37662,4982.549,Major Spender,Critical,2010,Not Calculated
2011,Panama,Total function,6671.04,19.23253,346.8443,Low Spender,Critical,2010,Not Calculated
2011,Paraguay,Total function,5020.222,14.87198,337.53976,Low Spender,Critical,2010,Not Calculated
2011,Peru,Total function,32896.8,19.15258,1717.5276,Moderate Spender,Critical,2010,Not Calculated
2011,Philippines,Total function,36478.934,15.57486,2342.0173,Moderate Spender,Critical,2010,Not Calculated
2011,Poland,Total function,232901.94,44.41522,5243.624,Mega Spender,Critical,2010,Not Calculated
2011,Poland,Social protection,82009.95,15.63958,5243.4087,Major Spender,Critical,2010,Not Calculated
2011,Portugal,Total function,122614.9,50.08835,2447.9236,Mega Spender,Critical,2010,Not Calculated
2011,Portugal,Social protection,43999.316,17.97378,2447.8362,Moderate Spender,Critical,2010,Not Calculated
2011,Romania,Total function,73389.62,38.102,1926.085,Major Spender,Critical,2010,Not Calculated
2011,Romania,Social protection,23763.27,12.33728,1925.979,Moderate Spender,Critical,2010,Not Calculated
2011,Russian Federation,Total function,800463.75,39.12483,20458.705,Mega Spender,Critical,2010,Not Calculated
2011,Russian Federation,Social protection,228089.38,11.14848,20457.398,Mega Spender,Critical,2010,Not Calculated
2011,Samoa,Total function,257.97,33.122,7.788244,Low Spender,Critical,2010,Not Calculated
2011,Serbia,Total function,20743.385,37.31398,555.89966,Moderate Spender,Critical,2010,Not Calculated
2011,Serbia,Social protection,7675.328,13.80667,555.8742,Low Spender,Critical,2010,Not Calculated
2011,Seychelles,Total function,330.884,31.8311,10.394665,Low Spender,Critical,2010,Not Calculated
2011,Seychelles,General public services,98.715,9.49642,10.393875,Low Spender,Significant,2010,Not Calculated
2011,Singapore,Total function,40375.156,14.45291,2793.3726,Moderate Spender,Critical,2010,Not Calculated
2011,Slovakia,Total function,41322.504,41.40866,997.89526,Moderate Spender,Critical,2010,Not Calculated
2011,Slovakia,Social protection,14501.237,14.53147,997.85077,Moderate Spender,Critical,2010,Not Calculated
2011,Slovenia,Total function,26233.72,50.92308,515.15356,Moderate Spender,Critical,2010,Not Calculated
2011,Slovenia,Social protection,10088.377,19.58286,515.1373,Moderate Spender,Critical,2010,Not Calculated
2011,South Africa,Total function,171177.16,37.35865,4581.8726,Mega Spender,Critical,2010,Not Calculated
2011,Spain,Total function,683416.6,46.21512,14787.409,Mega Spender,Critical,2010,Not Calculated
2011,Spain,Social protection,251540.23,17.01007,14786.855,Mega Spender,Critical,2010,Not Calculated
2011,Sri Lanka,Total function,12382.919,18.96523,652.893,Moderate Spender,Critical,2010,Not Calculated
2011,Sweden,Total function,285841.3,49.78998,5740.825,Mega Spender,Critical,2010,Not Calculated
2011,Sweden,Social protection,112649.28,19.62209,5740.65,Mega Spender,Critical,2010,Not Calculated
2011,"Switzerland, Liechtenstein",Total function,231691.88,31.80893,7283.634,Mega Spender,Critical,2010,Not Calculated
2011,"Switzerland, Liechtenstein",Social protection,89942.71,12.34822,7283.2705,Major Spender,Critical,2010,Not Calculated
2011,Thailand,Total function,83318.32,22.46874,3708.0234,Major Spender,Critical,2010,Not Calculated
2011,Timor-Leste,Total function,1369.488,131.37695,10.424032,Low Spender,Critical,2010,Not Calculated
2011,Türkiye,Total function,276149.6,32.92255,8387.601,Mega Spender,Critical,2010,Not Calculated
2011,Ukraine,Total function,73969.05,45.33516,1631.5685,Major Spender,Critical,2010,Not Calculated
2011,Ukraine,Social protection,22217.584,13.61702,1631.4841,Moderate Spender,Critical,2010,Not Calculated
2011,Ukraine,General public services,18704.59,11.46393,1631.4613,Moderate Spender,Critical,2010,Not Calculated
2011,United Kingdom,Total function,1.2169e+06,45.63826,26663.447,Mega Spender,Critical,2010,Not Calculated
2011,United Kingdom,Social protection,439852.66,16.49611,26662.406,Mega Spender,Critical,2010,Not Calculated
2011,United States of America,Total function,6.5363345e+06,41.63248,156997.08,Mega Spender,Critical,2010,Not Calculated
2011,Vanuatu,Total function,198.962,25.11676,7.9211683,Low Spender,Critical,2010,Not Calculated
2011,Yemen,Total function,8416.417,27.08084,310.77716,Low Spender,Critical,2010,Not Calculated
2012,Afghanistan,Total function,13683.088,71.50257,191.3623,Moderate Spender,Critical,2010,Not Calculated
2012,Afghanistan,Defence,5527.558,28.8849,191.35835,Low Spender,Critical,2010,Not Calculated
2012,Afghanistan,Public order and safety,2895.345,15.12996,191.35236,Low Spender,Critical,2010,Not Calculated
2012,Albania,Total function,3506.243,28.46028,123.19344,Low Spender,Critical,2010,Not Calculated
2012,Armenia,Total function,2715.375,25.57014,106.18905,Low Spender,Critical,2010,Not Calculated
2012,Australia,Total function,607321.75,38.1746,15908.638,Mega Spender,Critical,2010,Not Calculated
2012,Australia,Social protection,157874.14,9.92354,15907.451,Mega Spender,Significant,2010,Not Calculated
2012,Austria,Total function,209667.08,51.2101,4094.1726,Mega Spender,Critical,2010,Not Calculated
2012,Austria,Social protection,85610.05,20.90981,4094.0571,Major Spender,Critical,2010,Not Calculated
2012,Azerbaijan,Total function,24905.768,35.74311,696.7796,Moderate Spender,Critical,2010,Not Calculated
2012,Azerbaijan,"Mining, manufacturing and construction",8421.484,12.08596,696.7413,Low Spender,Critical,2010,Not Calculated
2012,Belarus,Total function,26220.062,39.91733,656.84265,Moderate Spender,Critical,2010,Not Calculated
2012,Belarus,Social protection,8272.477,12.59399,656.8069,Low Spender,Critical,2010,Not Calculated
2012,Belgium,Total function,280215.25,56.47437,4961.725,Mega Spender,Critical,2010,Not Calculated
2012,Belgium,Social protection,97138.24,19.57717,4961.559,Major Spender,Critical,2010,Not Calculated
2012,Brazil,Total function,996627.1,40.42738,24651.672,Mega Spender,Critical,2010,Not Calculated
2012,Brazil,Social protection,320928.84,13.01822,24650.389,Mega Spender,Critical,2010,Not Calculated
2012,Brazil,General public services,264746.88,10.73924,24649.996,Mega Spender,Critical,2010,Not Calculated
2012,Bulgaria,Total function,18600.895,34.25638,542.97485,Moderate Spender,Critical,2010,Not Calculated
2012,Bulgaria,Social protection,6677.645,12.2979,542.9465,Low Spender,Critical,2010,Not Calculated
2012,Canada,Total function,667273.9,36.48927,18286.352,Mega Spender,Critical,2010,Not Calculated
2012,Canada,Social protection,189877.62,10.38329,18285.084,Mega Spender,Critical,2010,Not Calculated
2012,China,Total function,2.4167928e+06,28.3256,85318.84,Mega Spender,Critical,2010,Not Calculated
2012,"China, Hong Kong SAR",Total function,52579.434,20.02043,2626.158,Major Spender,Critical,2010,Not Calculated
2012,"China, Macao SAR",Total function,6455.768,14.94746,431.8684,Low Spender,Critical,2010,Not Calculated
2012,Colombia,Total function,112611.42,30.35992,3709.0913,Mega Spender,Critical,2010,Not Calculated
2012,Cook Islands,Total function,101.601,33.93717,2.993709,Low Spender,Critical,2010,Not Calculated
2012,Cook Islands,General public services,27.728,9.26172,2.9935052,Low Spender,Significant,2010,Not Calculated
2012,Costa Rica,Total function,14526.249,30.75532,472.3013,Moderate Spender,Critical,2010,Not Calculated
2012,Cyprus,Total function,10542.205,42.0865,250.48306,Moderate Spender,Critical,2010,Not Calculated
2012,Cyprus,Social protection,3253.599,12.98899,250.46971,Low Spender,Critical,2010,Not Calculated
2012,Cyprus,General public services,2522.169,10.06898,250.46413,Low Spender,Critical,2010,Not Calculated
2012,Czechia,Total function,93307.37,44.67509,2088.5303,Major Spender,Critical,2010,Not Calculated
2012,Czechia,Social protection,28605.133,13.69599,2088.4248,Moderate Spender,Critical,2010,Not Calculated
2012,Denmark,Total function,189598.9,57.95492,3271.4329,Mega Spender,Critical,2010,Not Calculated
2012,Denmark,Social protection,80414.67,24.58045,3271.356,Major Spender,Critical,2010,Not Calculated
2012,Denmark,General public services,29994.084,9.16833,3271.1313,Moderate Spender,Significant,2010,Not Calculated
2012,Egypt,Total function,85273.62,30.83632,2765.2732,Major Spender,Critical,2010,Not Calculated
2012,Egypt,Social protection,29134.133,10.53537,2765.1016,Moderate Spender,Critical,2010,Not Calculated
2012,El Salvador,Total function,5362.572,25.07497,213.85301,Low Spender,Critical,2010,Not Calculated
2012,El Salvador,General public services,2473.95,11.568,213.84302,Low Spender,Critical,2010,Not Calculated
2012,Estonia,Total function,9033.992,39.2433,230.19884,Low Spender,Critical,2010,Not Calculated
2012,Estonia,Social protection,2765.636,12.01381,230.18556,Low Spender,Critical,2010,Not Calculated
2012,Fiji,Total function,1073.543,27.0276,39.71878,Low Spender,Critical,2010,Not Calculated
2012,Finland,Total function,143197.4,55.43737,2583.0017,Mega Spender,Critical,2010,Not Calculated
2012,Finland,Social protection,60918.254,23.58386,2582.939,Major Spender,Critical,2010,Not Calculated
2012,France,Total function,1.5325718e+06,56.98207,26895.21,Mega Spender,Critical,2010,Not Calculated
2012,France,Social protection,648516.4,24.11228,26894.574,Mega Spender,Critical,2010,Not Calculated
2012,Georgia,Total function,4672.013,28.3344,164.88255,Low Spender,Critical,2010,Not Calculated
2012,Germany,Total function,1.5843218e+06,44.91542,35272.664,Mega Spender,Critical,2010,Not Calculated
2012,Germany,Social protection,666699.94,18.9009,35271.586,Mega Spender,Critical,2010,Not Calculated
2012,Greece,Total function,137271.97,56.71384,2420.389,Mega Spender,Critical,2010,Not Calculated
2012,Greece,Social protection,51608.676,21.3221,2420.3179,Major Spender,Critical,2010,Not Calculated
2012,Greece,General public services,26965.145,11.14064,2420.2131,Moderate Spender,Critical,2010,Not Calculated
2012,Hungary,Total function,63268.21,49.11584,1288.1165,Major Spender,Critical,2010,Not Calculated
2012,Hungary,Social protection,21354.977,16.57811,1288.0654,Moderate Spender,Critical,2010,Not Calculated
2012,Hungary,General public services,12271.154,9.52624,1288.0072,Moderate Spender,Significant,2010,Not Calculated
2012,Iceland,Total function,7041.214,47.73216,147.51201,Low Spender,Critical,2010,Not Calculated
2012,Iceland,Social protection,1515.863,10.27599,147.50069,Low Spender,Critical,2010,Not Calculated
2012,Iceland,General public services,1895.318,12.8483,147.5036,Low Spender,Critical,2010,Not Calculated
2012,India,Total function,443032.47,23.80772,18607.992,Mega Spender,Critical,2010,Not Calculated
2012,Indonesia,Total function,169389.88,18.45467,9178.203,Mega Spender,Critical,2010,Not Calculated
2012,Indonesia,General public services,89399.82,9.73992,9177.76,Major Spender,Significant,2010,Not Calculated
2012,Ireland,Total function,95929.914,42.51428,2256.3633,Major Spender,Critical,2010,Not Calculated
2012,Ireland,Social protection,35548.816,15.75455,2256.2727,Moderate Spender,Critical,2010,Not Calculated
2012,Israel,Total function,105738.58,40.91778,2584.1086,Mega Spender,Critical,2010,Not Calculated
2012,Israel,Social protection,28098.666,10.87337,2583.9348,Moderate Spender,Critical,2010,Not Calculated
2012,Italy,Total function,1.0557931e+06,50.58716,20870.361,Mega Spender,Critical,2010,Not Calculated
2012,Italy,Social protection,422691.62,20.2528,20869.744,Mega Spender,Critical,2010,Not Calculated
2012,Italy,General public services,206483.53,9.89343,20868.664,Mega Spender,Significant,2010,Not Calculated
2012,Japan,Total function,2.5278612e+06,40.30158,62722.074,Mega Spender,Critical,2010,Not Calculated
2012,Japan,Social protection,1.0344809e+06,16.49268,62719.836,Mega Spender,Critical,2010,Not Calculated
2012,Kazakhstan,Total function,42151.906,20.26548,2079.883,Moderate Spender,Critical,2010,Not Calculated
2012,Kiribati,Total function,141.578,74.66016,1.896274,Low Spender,Critical,2010,Not Calculated
2012,Kiribati,Health,17.236,9.08944,1.8960577,Low Spender,Significant,2010,Not Calculated
2012,Kiribati,Education,25.463,13.42767,1.8961669,Low Spender,Critical,2010,Not Calculated
2012,Kiribati,General public services,53.344,28.13082,1.8962159,Low Spender,Critical,2010,Not Calculated
2012,"Korea, Republic of",Total function,393670.72,30.79335,12783.862,Mega Spender,Critical,2010,Not Calculated
2012,Latvia,Total function,10932.382,38.80073,281.74985,Moderate Spender,Critical,2010,Not Calculated
2012,Latvia,Social protection,3199.419,11.35524,281.73224,Low Spender,Critical,2010,Not Calculated
2012,Lithuania,Total function,15531.155,36.16653,429.4226,Moderate Spender,Critical,2010,Not Calculated
2012,Lithuania,Social protection,5704.32,13.28333,429.40213,Low Spender,Critical,2010,Not Calculated
2012,Luxembourg,Total function,24994.021,41.81014,597.7838,Moderate Spender,Critical,2010,Not Calculated
2012,Luxembourg,Social protection,10318.587,17.26099,597.7635,Moderate Spender,Critical,2010,Not Calculated
2012,Malaysia,Total function,81104.48,25.79306,3144.3083,Major Spender,Critical,2010,Not Calculated
2012,Malaysia,General public services,32013.127,10.1809,3144.121,Moderate Spender,Critical,2010,Not Calculated
2012,Maldives,Total function,979.684,33.94414,28.860804,Low Spender,Critical,2010,Not Calculated
2012,Maldives,General public services,415.976,14.41276,28.859646,Low Spender,Critical,2010,Not Calculated
2012,Malta,Total function,3987.727,42.14302,94.62142,Low Spender,Critical,2010,Not Calculated
2012,Malta,Social protection,1290.956,13.64305,94.616776,Low Spender,Critical,2010,Not Calculated
2012,Marshall Islands,Total function,94.004,52.0667,1.8054187,Low Spender,Critical,2010,Not Calculated
2012,Marshall Islands,Education,28.14,15.58611,1.8053378,Low Spender,Critical,2010,Not Calculated
2012,Marshall Islands,General public services,32.811,18.17327,1.8053547,Low Spender,Critical,2010,Not Calculated
2012,Mauritius,Total function,2632.725,22.56229,116.68179,Low Spender,Critical,2010,Not Calculated
2012,"Moldova, Republic of",Total function,2927.456,33.61361,87.088806,Low Spender,Critical,2010,Not Calculated
2012,"Moldova, Republic of",Social protection,960.588,11.02965,87.083534,Low Spender,Critical,2010,Not Calculated
2012,Mongolia,Total function,4555.447,37.05798,122.92424,Low Spender,Critical,2010,Not Calculated
2012,Mongolia,Social protection,1657.368,13.48248,122.91841,Low Spender,Critical,2010,Not Calculated
2012,Myanmar,Total function,12217.924,18.78744,650.2895,Moderate Spender,Critical,2010,Not Calculated
2012,Netherlands (Kingdom of the),Total function,394485.38,47.02013,8389.534,Mega Spender,Critical,2010,Not Calculated
2012,Netherlands (Kingdom of the),Social protection,142495.9,16.9846,8389.219,Mega Spender,Critical,2010,Not Calculated
2012,New Zealand,Total function,68688.98,38.98205,1762.0216,Major Spender,Critical,2010,Not Calculated
2012,New Zealand,Social protection,21012.373,11.92485,1761.9181,Moderate Spender,Critical,2010,Not Calculated
2012,Norway,Total function,220671.77,43.3109,5094.9453,Mega Spender,Critical,2010,Not Calculated
2012,Norway,Social protection,87953.93,17.26258,5094.7676,Major Spender,Critical,2010,Not Calculated
2012,Panama,Total function,7929.73,19.61361,404.27673,Low Spender,Critical,2010,Not Calculated
2012,Paraguay,Total function,5944.109,17.86524,332.70062,Low Spender,Critical,2010,Not Calculated
2012,Peru,Total function,37695.938,19.56706,1926.4014,Moderate Spender,Critical,2010,Not Calculated
2012,Philippines,Total function,43311.23,16.53602,2619.0469,Moderate Spender,Critical,2010,Not Calculated
2012,Poland,Total function,215086.45,43.43158,4952.1914,Mega Spender,Critical,2010,Not Calculated
2012,Poland,Social protection,78059.19,15.76219,4951.9917,Major Spender,Critical,2010,Not Calculated
2012,Portugal,Total function,105709.55,48.88605,2162.322,Mega Spender,Critical,2010,Not Calculated
2012,Portugal,Social protection,39923.574,18.46291,2162.2493,Moderate Spender,Critical,2010,Not Calculated
2012,Portugal,General public services,20077.123,9.28479,2162.134,Moderate Spender,Significant,2010,Not Calculated
2012,Romania,Total function,64774.09,36.1598,1791.2792,Major Spender,Critical,2010,Not Calculated
2012,Romania,Social protection,21168.271,11.81708,1791.1769,Moderate Spender,Critical,2010,Not Calculated
2012,Russian Federation,Total function,843091.5,38.17839,22082.373,Mega Spender,Critical,2010,Not Calculated
2012,Russian Federation,Social protection,249868.42,11.31499,22081.004,Mega Spender,Critical,2010,Not Calculated
2012,Russian Federation,General public services,200990.08,9.10159,22080.535,Mega Spender,Significant,2010,Not Calculated
2012,Samoa,Total function,260.836,33.67059,7.7464714,Low Spender,Critical,2010,Not Calculated
2012,Serbia,Total function,19101.896,38.61068,494.7181,Moderate Spender,Critical,2010,Not Calculated
2012,Serbia,Social protection,7167.651,14.48798,494.69672,Low Spender,Critical,2010,Not Calculated
2012,Seychelles,Total function,342.996,31.5894,10.857603,Low Spender,Critical,2010,Not Calculated
2012,Seychelles,General public services,117.856,10.85433,10.856971,Low Spender,Critical,2010,Not Calculated
2012,Singapore,Total function,38285.758,12.97414,2950.701,Moderate Spender,Critical,2010,Not Calculated
2012,Slovakia,Total function,38898.74,41.10651,946.26843,Moderate Spender,Critical,2010,Not Calculated
2012,Slovakia,Social protection,14025.537,14.82158,946.2278,Moderate Spender,Critical,2010,Not Calculated
2012,Slovenia,Total function,22988.248,49.3517,465.79517,Moderate Spender,Critical,2010,Not Calculated
2012,Slovenia,Social protection,9069.709,19.47106,465.78067,Low Spender,Critical,2010,Not Calculated
2012,South Africa,Total function,158798.4,36.55606,4343.8506,Mega Spender,Critical,2010,Not Calculated
2012,Spain,Total function,655360.44,49.46764,13247.998,Mega Spender,Critical,2010,Not Calculated
2012,Spain,Social protection,236022.11,17.81532,13247.524,Mega Spender,Critical,2010,Not Calculated
2012,Sri Lanka,Total function,11992.396,17.52392,684.30536,Moderate Spender,Critical,2010,Not Calculated
2012,Sweden,Total function,281740.16,50.99519,5524.7295,Mega Spender,Critical,2010,Not Calculated
2012,Sweden,Social protection,112734.5,20.40503,5524.5684,Mega Spender,Critical,2010,Not Calculated
2012,"Switzerland, Liechtenstein",Total function,224384.55,32.14015,6981.2236,Mega Spender,Critical,2010,Not Calculated
2012,"Switzerland, Liechtenstein",Social protection,86682.695,12.41616,6980.8794,Major Spender,Critical,2010,Not Calculated
2012,Thailand,Total function,84285.055,21.20067,3975.397,Major Spender,Critical,2010,Not Calculated
2012,Timor-Leste,Total function,1456.431,125.51228,11.6038,Low Spender,Critical,2010,Not Calculated
2012,Timor-Leste,Education,108.965,9.39042,11.602611,Low Spender,Significant,2010,Not Calculated
2012,Timor-Leste,Social protection,160.498,13.8314,11.603047,Low Spender,Critical,2010,Not Calculated
2012,Timor-Leste,General public services,178.21,15.35775,11.603158,Low Spender,Critical,2010,Not Calculated
2012,Türkiye,Total function,284477.6,32.30659,8805.286,Mega Spender,Critical,2010,Not Calculated
2012,Türkiye,Social protection,81555.63,9.26184,8804.604,Major Spender,Significant,2010,Not Calculated
2012,Tuvalu,Total function,30.23,81.26041,0.3720093,Low Spender,Critical,2010,Not Calculated
2012,Tuvalu,Education,5.953,16.00103,0.37201533,Low Spender,Critical,2010,Not Calculated
2012,Tuvalu,General public services,8.404,22.59182,0.3719766,Low Spender,Critical,2010,Not Calculated
2012,Ukraine,Total function,85146.35,48.43896,1757.7709,Major Spender,Critical,2010,Not Calculated
2012,Ukraine,Social protection,39193.95,22.29707,1757.7284,Moderate Spender,Critical,2010,Not Calculated
2012,United Kingdom,Total function,1.2317901e+06,45.51496,27062.816,Mega Spender,Critical,2010,Not Calculated
2012,United Kingdom,Social protection,456869.72,16.88145,27061.814,Mega Spender,Critical,2010,Not Calculated
2012,United States of America,Total function,6.5163735e+06,39.84201,163551.23,Mega Spender,Critical,2010,Not Calculated
2012,Vanuatu,Total function,195.806,25.04868,7.816707,Low Spender,Critical,2010,Not Calculated
2012,Yemen,Total function,12281.877,38.2914,320.7393,Moderate Spender,Critical,2010,Not Calculated
2013,Afghanistan,Total function,13417.182,68.37895,196.21513,Moderate Spender,Critical,2010,Not Calculated
2013,Afghanistan,Defence,6246.327,31.83361,196.21184,Low Spender,Critical,2010,Not Calculated
2013,Afghanistan,Public order and safety,2921.132,14.88718,196.20477,Low Spender,Critical,2010,Not Calculated
2013,Albania,Total function,3715.218,29.07903,127.7584,Low Spender,Critical,2010,Not Calculated
2013,Albania,Social protection,1169.177,9.15116,127.74874,Low Spender,Significant,2010,Not Calculated
2013,Armenia,Total function,2899.452,26.07077,111.210396,Low Spender,Critical,2010,Not Calculated
2013,Australia,Total function,593808.06,38.47699,15432.409,Mega Spender,Critical,2010,Not Calculated
2013,Australia,Social protection,156208.98,10.12188,15431.279,Mega Spender,Critical,2010,Not Calculated
2013,Austria,Total function,222183.61,51.66235,4300.604,Mega Spender,Critical,2010,Not Calculated
2013,Austria,Social protection,91642.3,21.30876,4300.485,Major Spender,Critical,2010,Not Calculated
2013,Azerbaijan,Total function,26788.271,36.122,741.5849,Moderate Spender,Critical,2010,Not Calculated
2013,Azerbaijan,"Mining, manufacturing and construction",10411.947,14.03974,741.5526,Moderate Spender,Critical,2010,Not Calculated
2013,Belarus,Total function,31415.13,41.59427,755.2573,Moderate Spender,Critical,2010,Not Calculated
2013,Belarus,Social protection,10518.755,13.92705,755.22095,Moderate Spender,Critical,2010,Not Calculated
2013,Belgium,Total function,292810.3,56.13235,5216.334,Mega Spender,Critical,2010,Not Calculated
2013,Belgium,Social protection,104629.01,20.0576,5216.167,Mega Spender,Critical,2010,Not Calculated
2013,Brazil,Total function,898891.94,36.35089,24727.516,Mega Spender,Critical,2010,Not Calculated
2013,Brazil,Social protection,331477.2,13.40483,24726.346,Mega Spender,Critical,2010,Not Calculated
2013,Bulgaria,Total function,21075.85,37.76263,558.0991,Moderate Spender,Critical,2010,Not Calculated
2013,Bulgaria,Social protection,7528.278,13.48879,558.07227,Low Spender,Critical,2010,Not Calculated
2013,Canada,Total function,661005.06,35.78404,18471.549,Mega Spender,Critical,2010,Not Calculated
2013,Canada,Social protection,189953.31,10.28327,18470.275,Mega Spender,Critical,2010,Not Calculated
2013,Chile,Total function,65550.44,23.54674,2783.7253,Major Spender,Critical,2010,Not Calculated
2013,China,Total function,2.7847922e+06,29.09777,95701.375,Mega Spender,Critical,2010,Not Calculated
2013,"China, Hong Kong SAR",Total function,57305.055,20.78553,2756.8362,Major Spender,Critical,2010,Not Calculated
2013,"China, Macao SAR",Total function,5810.172,11.27388,515.32007,Low Spender,Critical,2010,Not Calculated
2013,Colombia,Total function,120143.81,31.4417,3821.04,Mega Spender,Critical,2010,Not Calculated
2013,Cook Islands,Total function,102.536,35.4548,2.891939,Low Spender,Critical,2010,Not Calculated
2013,Cook Islands,General public services,27.738,9.59125,2.8917093,Low Spender,Significant,2010,Not Calculated
2013,Costa Rica,Total function,16313.103,32.01807,509.48083,Moderate Spender,Critical,2010,Not Calculated
2013,Cyprus,Total function,10266.087,42.85958,239.52281,Moderate Spender,Critical,2010,Not Calculated
2013,Cyprus,Social protection,3237.952,13.51803,239.51065,Low Spender,Critical,2010,Not Calculated
2013,Czechia,Total function,90284.28,42.65017,2116.8066,Major Spender,Critical,2010,Not Calculated
2013,Czechia,Social protection,29279.352,13.83153,2116.7026,Moderate Spender,Critical,2010,Not Calculated
2013,Denmark,Total function,191790.11,55.82038,3435.7822,Mega Spender,Critical,2010,Not Calculated
2013,Denmark,Social protection,84260.99,24.5241,3435.7046,Major Spender,Critical,2010,Not Calculated
2013,Egypt,Total function,93027.48,34.35506,2707.7458,Major Spender,Critical,2010,Not Calculated
2013,Egypt,Social protection,26977.908,9.96295,2707.5515,Moderate Spender,Significant,2010,Not Calculated
2013,Egypt,General public services,26977.908,9.96295,2707.5515,Moderate Spender,Significant,2010,Not Calculated
2013,El Salvador,Total function,6055.5,27.53631,219.90166,Low Spender,Critical,2010,Not Calculated
2013,El Salvador,General public services,2632.9,11.97265,219.89117,Low Spender,Critical,2010,Not Calculated
2013,Estonia,Total function,9650.504,38.43503,251.07962,Low Spender,Critical,2010,Not Calculated
2013,Estonia,Social protection,2922.258,11.63847,251.06453,Low Spender,Critical,2010,Not Calculated
2013,Fiji,Total function,1128.823,26.93979,41.900143,Low Spender,Critical,2010,Not Calculated
2013,Finland,Total function,154197.16,56.83949,2712.805,Mega Spender,Critical,2010,Not Calculated
2013,Finland,Social protection,66753.87,24.60652,2712.7427,Major Spender,Critical,2010,Not Calculated
2013,France,Total function,1.609177e+06,57.11098,28175.822,Mega Spender,Critical,2010,Not Calculated
2013,France,Social protection,687675.6,24.40616,28175.16,Mega Spender,Critical,2010,Not Calculated
2013,Georgia,Total function,4970.752,28.91647,171.89444,Low Spender,Critical,2010,Not Calculated
2013,Germany,Total function,1.6781356e+06,44.95716,37326.61,Mega Spender,Critical,2010,Not Calculated
2013,Germany,Social protection,709095.5,18.99663,37325.473,Mega Spender,Critical,2010,Not Calculated
2013,Greece,Total function,149979.06,62.79484,2388.3599,Mega Spender,Critical,2010,Not Calculated
2013,Greece,Social protection,46952.957,19.65877,2388.2761,Moderate Spender,Critical,2010,Not Calculated
2013,Greece,General public services,23632.531,9.89472,2388.1567,Moderate Spender,Significant,2010,Not Calculated
2013,Greece,"General economic, commercial and labour affairs",27235.717,11.40334,2388.1887,Moderate Spender,Critical,2010,Not Calculated
2013,Hungary,Total function,67926.09,50.06186,1356.8162,Major Spender,Critical,2010,Not Calculated
2013,Hungary,Social protection,22255.57,16.40246,1356.7607,Moderate Spender,Critical,2010,Not Calculated
2013,Hungary,General public services,13806.361,10.17536,1356.7092,Moderate Spender,Critical,2010,Not Calculated
2013,Iceland,Total function,7412.097,45.96632,161.2471,Low Spender,Critical,2010,Not Calculated
2013,Iceland,Social protection,1582.525,9.81407,161.2342,Low Spender,Significant,2010,Not Calculated
2013,Iceland,General public services,1924.889,11.93725,161.2371,Low Spender,Critical,2010,Not Calculated
2013,India,Total function,450556.3,23.50254,19169.72,Mega Spender,Critical,2010,Not Calculated
2013,Indonesia,Total function,170151.9,18.64629,9124.753,Mega Spender,Critical,2010,Not Calculated
2013,Indonesia,General public services,87121.125,9.54727,9124.283,Major Spender,Significant,2010,Not Calculated
2013,Ireland,Total function,96779.984,40.61725,2382.6726,Major Spender,Critical,2010,Not Calculated
2013,Ireland,Social protection,35673.797,14.97181,2382.5718,Moderate Spender,Critical,2010,Not Calculated
2013,Israel,Total function,120306.41,40.89727,2941.6013,Mega Spender,Critical,2010,Not Calculated
2013,Israel,Social protection,31711.285,10.78002,2941.3994,Moderate Spender,Critical,2010,Not Calculated
2013,Italy,Total function,1.0913425e+06,50.96599,21412.732,Mega Spender,Critical,2010,Not Calculated
2013,Italy,Social protection,447838.75,20.91419,21412.129,Mega Spender,Critical,2010,Not Calculated
2013,Italy,General public services,205467.83,9.5954,21410.928,Mega Spender,Significant,2010,Not Calculated
2013,Japan,Total function,2.110014e+06,40.48122,52121.992,Mega Spender,Critical,2010,Not Calculated
2013,Japan,Social protection,853346.4,16.37169,52120.11,Mega Spender,Critical,2010,Not Calculated
2013,Kazakhstan,Total function,45169.754,19.0884,2366.222,Moderate Spender,Critical,2010,Not Calculated
2013,Kiribati,Total function,133.124,72.13724,1.8454013,Low Spender,Critical,2010,Not Calculated
2013,Kiribati,Health,16.965,9.19299,1.845227,Low Spender,Significant,2010,Not Calculated
2013,Kiribati,Education,22.262,12.06323,1.8452897,Low Spender,Critical,2010,Not Calculated
2013,Kiribati,General public services,47.497,25.73739,1.8453758,Low Spender,Critical,2010,Not Calculated
2013,"Korea, Republic of",Total function,412976.0,30.12675,13707.495,Mega Spender,Critical,2010,Not Calculated
2013,Latvia,Total function,11642.123,38.54895,302.001,Moderate Spender,Critical,2010,Not Calculated
2013,Latvia,Social protection,3491.051,11.55943,301.9828,Low Spender,Critical,2010,Not Calculated
2013,Lithuania,Total function,16548.47,35.57704,465.1316,Moderate Spender,Critical,2010,Not Calculated
2013,Lithuania,Social protection,5809.295,12.48922,465.10748,Low Spender,Critical,2010,Not Calculated
2013,Luxembourg,Total function,26887.39,41.24798,651.83167,Moderate Spender,Critical,2010,Not Calculated
2013,Luxembourg,Social protection,11532.766,17.69243,651.8106,Moderate Spender,Critical,2010,Not Calculated
2013,Malaysia,Total function,79895.62,24.71435,3232.6316,Major Spender,Critical,2010,Not Calculated
2013,Malaysia,General public services,30998.36,9.58881,3232.4268,Moderate Spender,Significant,2010,Not Calculated
2013,Maldives,Total function,995.559,30.21414,32.949013,Low Spender,Critical,2010,Not Calculated
2013,Maldives,General public services,333.706,10.12761,32.94687,Low Spender,Critical,2010,Not Calculated
2013,Malta,Total function,4306.157,40.82451,105.47713,Low Spender,Critical,2010,Not Calculated
2013,Malta,Social protection,1400.102,13.27366,105.47178,Low Spender,Critical,2010,Not Calculated
2013,Marshall Islands,Total function,98.926,53.52896,1.8480493,Low Spender,Critical,2010,Not Calculated
2013,Marshall Islands,Education,29.56,15.99495,1.8479676,Low Spender,Critical,2010,Not Calculated
2013,Marshall Islands,General public services,35.187,19.03972,1.8479868,Low Spender,Critical,2010,Not Calculated
2013,Mauritius,Total function,2965.314,24.12202,122.92466,Low Spender,Critical,2010,Not Calculated
2013,"Moldova, Republic of",Total function,3076.964,32.40029,94.96424,Low Spender,Critical,2010,Not Calculated
2013,"Moldova, Republic of",Social protection,1008.711,10.62168,94.95824,Low Spender,Critical,2010,Not Calculated
2013,Mongolia,Total function,4727.416,37.57257,125.81759,Low Spender,Critical,2010,Not Calculated
2013,Mongolia,Social protection,1181.485,9.39021,125.807526,Low Spender,Significant,2010,Not Calculated
2013,Myanmar,Total function,14405.447,21.81896,660.19586,Moderate Spender,Critical,2010,Not Calculated
2013,Netherlands (Kingdom of the),Total function,410877.22,46.8544,8769.047,Mega Spender,Critical,2010,Not Calculated
2013,Netherlands (Kingdom of the),Social protection,150785.22,17.1948,8768.725,Mega Spender,Critical,2010,Not Calculated
2013,New Zealand,Total function,71271.734,37.33347,1909.0062,Major Spender,Critical,2010,Not Calculated
2013,New Zealand,Social protection,21437.492,11.22936,1908.8873,Moderate Spender,Critical,2010,Not Calculated
2013,Norway,Total function,232147.06,44.40783,5227.498,Mega Spender,Critical,2010,Not Calculated
2013,Norway,Social protection,92229.79,17.6428,5227.3203,Major Spender,Critical,2010,Not Calculated
2013,Panama,Total function,9292.4,20.37807,455.97763,Low Spender,Critical,2010,Not Calculated
2013,Paraguay,Total function,6481.683,16.83505,384.98834,Low Spender,Critical,2010,Not Calculated
2013,Peru,Total function,41612.8,20.68482,2011.6583,Moderate Spender,Critical,2010,Not Calculated
2013,Philippines,Total function,47080.227,16.58322,2838.857,Moderate Spender,Critical,2010,Not Calculated
2013,Poland,Total function,223918.02,43.41499,5157.501,Mega Spender,Critical,2010,Not Calculated
2013,Poland,Social protection,84010.51,16.28862,5157.303,Major Spender,Critical,2010,Not Calculated
2013,Portugal,Total function,113039.12,49.93566,2263.65,Mega Spender,Critical,2010,Not Calculated
2013,Portugal,Social protection,43986.246,19.43117,2263.5789,Moderate Spender,Critical,2010,Not Calculated
2013,Portugal,General public services,21367.348,9.43915,2263.454,Moderate Spender,Significant,2010,Not Calculated
2013,Romania,Total function,68264.96,35.96882,1897.8401,Major Spender,Critical,2010,Not Calculated
2013,Romania,Social protection,21995.412,11.58939,1897.7284,Moderate Spender,Critical,2010,Not Calculated
2013,Russian Federation,Total function,886926.3,38.68867,22924.111,Mega Spender,Critical,2010,Not Calculated
2013,Russian Federation,Social protection,272219.78,11.87452,22922.766,Mega Spender,Critical,2010,Not Calculated
2013,Samoa,Total function,242.448,30.36992,7.982899,Low Spender,Critical,2010,Not Calculated
2013,Seychelles,Total function,422.093,30.88585,13.665783,Low Spender,Critical,2010,Not Calculated
2013,Singapore,Total function,42271.72,13.74349,3075.539,Moderate Spender,Critical,2010,Not Calculated
2013,Slovakia,Total function,42021.99,42.48632,989.0477,Moderate Spender,Critical,2010,Not Calculated
2013,Slovakia,Social protection,15043.513,15.20974,989.006,Moderate Spender,Critical,2010,Not Calculated
2013,Slovenia,Total function,29178.807,60.28443,484.01093,Moderate Spender,Critical,2010,Not Calculated
2013,Slovenia,Social protection,9450.25,19.52455,483.99408,Low Spender,Critical,2010,Not Calculated
2013,Slovenia,"General economic, commercial and labour affairs",5330.468,11.01293,483.97507,Low Spender,Critical,2010,Not Calculated
2013,South Africa,Total function,168642.22,42.08854,4006.749,Mega Spender,Critical,2010,Not Calculated
2013,South Africa,General public services,50494.477,12.60206,4006.525,Major Spender,Critical,2010,Not Calculated
2013,Spain,Total function,628817.44,46.40054,13551.65,Mega Spender,Critical,2010,Not Calculated
2013,Spain,Social protection,246126.83,18.16174,13551.195,Mega Spender,Critical,2010,Not Calculated
2013,Sri Lanka,Total function,12857.383,17.30055,743.13477,Moderate Spender,Critical,2010,Not Calculated
2013,Sweden,Total function,303158.53,51.65932,5868.305,Mega Spender,Critical,2010,Not Calculated
2013,Sweden,Social protection,123019.73,20.96301,5868.139,Mega Spender,Critical,2010,Not Calculated
2013,"Switzerland, Liechtenstein",Total function,237502.28,33.02588,7191.1816,Mega Spender,Critical,2010,Not Calculated
2013,"Switzerland, Liechtenstein",Social protection,94595.44,13.15397,7190.8516,Major Spender,Critical,2010,Not Calculated
2013,Thailand,Total function,90680.95,21.57356,4203.1426,Major Spender,Critical,2010,Not Calculated
2013,Timor-Leste,Total function,1235.8,88.55483,13.955039,Low Spender,Critical,2010,Not Calculated
2013,Türkiye,Total function,308684.62,32.22854,9577.693,Mega Spender,Critical,2010,Not Calculated
2013,Türkiye,Social protection,89205.71,9.31362,9576.956,Major Spender,Significant,2010,Not Calculated
2013,Tuvalu,Total function,32.204,85.85025,0.3751139,Low Spender,Critical,2010,Not Calculated
2013,Tuvalu,Education,5.976,15.9306,0.37510353,Low Spender,Critical,2010,Not Calculated
2013,Tuvalu,General public services,10.568,28.17323,0.37509456,Low Spender,Critical,2010,Not Calculated
2013,Ukraine,Total function,87205.43,47.57261,1833.0632,Major Spender,Critical,2010,Not Calculated
2013,Ukraine,Social protection,41841.99,22.82579,1833.0211,Moderate Spender,Critical,2010,Not Calculated
2013,United Kingdom,Total function,1.2189778e+06,43.74874,27862.514,Mega Spender,Critical,2010,Not Calculated
2013,United Kingdom,Social protection,458649.5,16.46079,27861.459,Mega Spender,Critical,2010,Not Calculated
2013,United States of America,Total function,6.547472e+06,38.63808,169452.06,Mega Spender,Critical,2010,Not Calculated
2013,Uzbekistan,Total function,15090.32,20.62081,731.76514,Moderate Spender,Critical,2010,Not Calculated
2013,Vanuatu,Total function,193.352,24.11514,8.017535,Low Spender,Critical,2010,Not Calculated
2014,Afghanistan,Total function,12257.723,62.6971,195.50389,Moderate Spender,Critical,2010,Not Calculated
2014,Afghanistan,Defence,5123.543,26.20644,195.49956,Low Spender,Critical,2010,Not Calculated
2014,Afghanistan,Public order and safety,2581.248,13.20284,195.49222,Low Spender,Critical,2010,Not Calculated
2014,Albania,Total function,3872.658,29.27569,132.27786,Low Spender,Critical,2010,Not Calculated
2014,Albania,Social protection,1220.904,9.22953,132.26802,Low Spender,Significant,2010,Not Calculated
2014,Armenia,Total function,3216.173,27.70291,116.09095,Low Spender,Critical,2010,Not Calculated
2014,Australia,Total function,571976.75,39.08877,14632.39,Mega Spender,Critical,2010,Not Calculated
2014,Australia,Social protection,153434.86,10.48571,14631.362,Mega Spender,Critical,2010,Not Calculated
2014,Austria,Total function,232051.3,52.50075,4419.8774,Mega Spender,Critical,2010,Not Calculated
2014,Austria,Social protection,94935.94,21.47891,4419.755,Major Spender,Critical,2010,Not Calculated
2014,Azerbaijan,Total function,26775.248,35.58658,752.3762,Moderate Spender,Critical,2010,Not Calculated
2014,Belarus,Total function,31027.19,39.36808,788.1106,Moderate Spender,Critical,2010,Not Calculated
2014,Belarus,Social protection,10862.763,13.78295,788.07324,Moderate Spender,Critical,2010,Not Calculated
2014,Belgium,Total function,297676.25,55.67392,5346.685,Mega Spender,Critical,2010,Not Calculated
2014,Belgium,Social protection,105841.66,19.7954,5346.5103,Mega Spender,Critical,2010,Not Calculated
2014,Brazil,Total function,886143.4,36.08011,24559.76,Mega Spender,Critical,2010,Not Calculated
2014,Brazil,Social protection,335934.1,13.67785,24558.65,Mega Spender,Critical,2010,Not Calculated
2014,Bulgaria,Total function,24643.63,43.17184,570.8133,Moderate Spender,Critical,2010,Not Calculated
2014,Bulgaria,Social protection,7599.767,13.31362,570.7836,Low Spender,Critical,2010,Not Calculated
2014,Canada,Total function,630611.25,34.96531,18034.824,Mega Spender,Critical,2010,Not Calculated
2014,Canada,Social protection,183598.58,10.17993,18033.576,Mega Spender,Critical,2010,Not Calculated
2014,Chile,Total function,63550.016,24.3915,2605.3096,Major Spender,Critical,2010,Not Calculated
2014,China,Total function,3.075446e+06,29.35812,104752.664,Mega Spender,Critical,2010,Not Calculated
2014,"China, Hong Kong SAR",Total function,56271.254,19.30668,2914.4492,Major Spender,Critical,2010,Not Calculated
2014,"China, Macao SAR",Total function,7192.164,13.09981,548.9862,Low Spender,Critical,2010,Not Calculated
2014,Colombia,Total function,120814.414,31.70049,3811.001,Mega Spender,Critical,2010,Not Calculated
2014,Cook Islands,Total function,133.245,41.71034,3.1944551,Low Spender,Critical,2010,Not Calculated
2014,Costa Rica,Total function,16569.746,31.85485,520.14764,Moderate Spender,Critical,2010,Not Calculated
2014,Cyprus,Total function,11439.986,49.32087,231.94551,Moderate Spender,Critical,2010,Not Calculated
2014,Cyprus,Social protection,3214.839,13.86004,231.93347,Low Spender,Critical,2010,Not Calculated
2014,Cyprus,General public services,2110.722,9.09989,231.92477,Low Spender,Significant,2010,Not Calculated
2014,Czechia,Total function,89233.05,42.62206,2093.5393,Major Spender,Critical,2010,Not Calculated
2014,Czechia,Social protection,28051.98,13.399,2093.4314,Moderate Spender,Critical,2010,Not Calculated
2014,Denmark,Total function,194915.02,55.21771,3529.8728,Mega Spender,Critical,2010,Not Calculated
2014,Denmark,Social protection,84711.77,23.9981,3529.7896,Major Spender,Critical,2010,Not Calculated
2014,Egypt,Total function,106620.9,35.42822,3009.406,Mega Spender,Critical,2010,Not Calculated
2014,Egypt,Social protection,30920.049,10.27418,3009.1975,Moderate Spender,Critical,2010,Not Calculated
2014,Egypt,General public services,30920.049,10.27418,3009.1975,Moderate Spender,Critical,2010,Not Calculated
2014,El Salvador,Total function,5741.842,25.41372,225.92584,Low Spender,Critical,2010,Not Calculated
2014,El Salvador,General public services,2045.842,9.05502,225.9096,Low Spender,Significant,2010,Not Calculated
2014,Estonia,Total function,10058.212,37.81474,265.97952,Moderate Spender,Critical,2010,Not Calculated
2014,Estonia,Social protection,3063.523,11.51758,265.9636,Low Spender,Critical,2010,Not Calculated
2014,Fiji,Total function,1379.116,28.39397,48.569023,Low Spender,Critical,2010,Not Calculated
2014,Finland,Total function,157432.66,57.35309,2744.9248,Mega Spender,Critical,2010,Not Calculated
2014,Finland,Social protection,69326.484,25.2558,2744.8643,Major Spender,Critical,2010,Not Calculated
2014,France,Total function,1.6340015e+06,57.14839,28591.758,Mega Spender,Critical,2010,Not Calculated
2014,France,Social protection,699838.25,24.4765,28591.084,Mega Spender,Critical,2010,Not Calculated
2014,Georgia,Total function,5384.878,30.54836,176.26811,Low Spender,Critical,2010,Not Calculated
2014,Germany,Total function,1.7229858e+06,44.36203,38838.324,Mega Spender,Critical,2010,Not Calculated
2014,Germany,Social protection,730876.06,18.818,38837.137,Mega Spender,Critical,2010,Not Calculated
2014,Greece,Total function,119449.49,50.79824,2351.403,Mega Spender,Critical,2010,Not Calculated
2014,Greece,Social protection,47905.74,20.37285,2351.3347,Moderate Spender,Critical,2010,Not Calculated
2014,Greece,General public services,23642.0,10.05422,2351.2166,Moderate Spender,Critical,2010,Not Calculated
2014,Guatemala,Total function,9799.74,16.93928,578.48755,Low Spender,Critical,2010,Not Calculated
2014,Hungary,Total function,70581.55,50.04582,1410.3104,Major Spender,Critical,2010,Not Calculated
2014,Hungary,Social protection,21572.283,15.29582,1410.2462,Moderate Spender,Critical,2010,Not Calculated
2014,Hungary,General public services,13798.504,9.78382,1410.195,Moderate Spender,Significant,2010,Not Calculated
2014,Iceland,Total function,8188.295,45.82746,178.6727,Low Spender,Critical,2010,Not Calculated
2014,Iceland,Social protection,1751.997,9.80541,178.65833,Low Spender,Significant,2010,Not Calculated
2014,Iceland,General public services,1803.98,10.09634,178.65892,Low Spender,Critical,2010,Not Calculated
2014,India,Total function,483490.5,23.66642,20428.525,Mega Spender,Critical,2010,Not Calculated
2014,Indonesia,Total function,165188.8,18.54356,8907.669,Mega Spender,Critical,2010,Not Calculated
2014,Indonesia,General public services,87651.195,9.83944,8907.243,Major Spender,Significant,2010,Not Calculated
2014,Ireland,Total function,97399.03,37.63106,2588.1929,Major Spender,Critical,2010,Not Calculated
2014,Ireland,Social protection,35066.535,13.5483,2588.0698,Moderate Spender,Critical,2010,Not Calculated
2014,Israel,Total function,122444.36,39.37813,3109.3718,Mega Spender,Critical,2010,Not Calculated
2014,Israel,Social protection,32846.76,10.56353,3109.155,Moderate Spender,Critical,2010,Not Calculated
2014,Italy,Total function,1.0995005e+06,50.92322,21590.914,Mega Spender,Critical,2010,Not Calculated
2014,Italy,Social protection,456592.44,21.14702,21590.316,Mega Spender,Critical,2010,Not Calculated
2014,Italy,General public services,204195.89,9.45731,21589.045,Mega Spender,Significant,2010,Not Calculated
2014,Japan,Total function,1.9580096e+06,39.98391,48968.715,Mega Spender,Critical,2010,Not Calculated
2014,Japan,Social protection,792973.44,16.19306,48966.934,Mega Spender,Critical,2010,Not Calculated
2014,Kazakhstan,Total function,43729.562,19.74999,2214.0442,Moderate Spender,Critical,2010,Not Calculated
2014,Kenya,Total function,16456.488,24.09942,682.82996,Moderate Spender,Critical,2010,Not Calculated
2014,Kiribati,Total function,121.125,68.09804,1.7786595,Low Spender,Critical,2010,Not Calculated
2014,Kiribati,Health,18.433,10.36342,1.7784884,Low Spender,Critical,2010,Not Calculated
2014,Kiribati,Education,20.186,11.34864,1.7785586,Low Spender,Critical,2010,Not Calculated
2014,Kiribati,General public services,30.192,16.97461,1.7785518,Low Spender,Critical,2010,Not Calculated
2014,Kiribati,Public order and safety,24.117,13.55919,1.7785149,Low Spender,Critical,2010,Not Calculated
2014,"Korea, Republic of",Total function,451596.9,30.42454,14842.692,Mega Spender,Critical,2010,Not Calculated
2014,Kyrgyzstan,Total function,2645.299,35.42129,74.67894,Low Spender,Critical,2010,Not Calculated
2014,Kyrgyzstan,Social protection,789.818,10.57589,74.673935,Low Spender,Critical,2010,Not Calculated
2014,Latvia,Total function,12216.641,38.97458,313.44348,Moderate Spender,Critical,2010,Not Calculated
2014,Latvia,Social protection,3588.121,11.44713,313.4242,Low Spender,Critical,2010,Not Calculated
2014,Lithuania,Total function,16885.855,34.76278,485.7313,Moderate Spender,Critical,2010,Not Calculated
2014,Lithuania,Social protection,6106.321,12.57103,485.70682,Low Spender,Critical,2010,Not Calculated
2014,Luxembourg,Total function,27939.01,40.66027,687.116,Moderate Spender,Critical,2010,Not Calculated
2014,Luxembourg,Social protection,12033.839,17.51312,687.09357,Moderate Spender,Critical,2010,Not Calculated
2014,Malaysia,Total function,78589.76,23.24685,3380.5176,Major Spender,Critical,2010,Not Calculated
2014,Maldives,Total function,1167.609,31.58001,36.97187,Low Spender,Critical,2010,Not Calculated
2014,Maldives,General public services,363.261,9.82503,36.96925,Low Spender,Significant,2010,Not Calculated
2014,Malta,Total function,4680.973,40.31714,116.10092,Low Spender,Critical,2010,Not Calculated
2014,Malta,Social protection,1475.167,12.70559,116.094635,Low Spender,Critical,2010,Not Calculated
2014,Marshall Islands,Total function,91.076,49.90831,1.8248298,Low Spender,Critical,2010,Not Calculated
2014,Marshall Islands,Education,28.536,15.63731,1.8247495,Low Spender,Critical,2010,Not Calculated
2014,Marshall Islands,General public services,24.25,13.28864,1.8247296,Low Spender,Critical,2010,Not Calculated
2014,Mauritius,Total function,3057.794,23.38813,130.73569,Low Spender,Critical,2010,Not Calculated
2014,"Moldova, Republic of",Total function,3169.092,33.32309,95.09914,Low Spender,Critical,2010,Not Calculated
2014,"Moldova, Republic of",Social protection,1007.792,10.59696,95.09301,Low Spender,Critical,2010,Not Calculated
2014,Mongolia,Total function,4169.112,34.09887,122.26181,Low Spender,Critical,2010,Not Calculated
2014,Mongolia,Social protection,1171.603,9.58246,122.2526,Low Spender,Significant,2010,Not Calculated
2014,Myanmar,Total function,16714.451,23.8488,700.8214,Moderate Spender,Critical,2010,Not Calculated
2014,Nauru,Total function,89.273,67.20976,1.3282546,Low Spender,Critical,2010,Not Calculated
2014,Nauru,General public services,38.12,28.69878,1.3282331,Low Spender,Critical,2010,Not Calculated
2014,Netherlands (Kingdom of the),Total function,411156.38,46.14647,8909.619,Mega Spender,Critical,2010,Not Calculated
2014,Netherlands (Kingdom of the),Social protection,152056.22,17.06615,8909.292,Mega Spender,Critical,2010,Not Calculated
2014,New Zealand,Total function,73991.67,36.75445,2013.0802,Major Spender,Critical,2010,Not Calculated
2014,New Zealand,Social protection,22432.281,11.14296,2012.9542,Moderate Spender,Critical,2010,Not Calculated
2014,Norway,Total function,230518.86,46.25084,4983.9937,Mega Spender,Critical,2010,Not Calculated
2014,Norway,Social protection,90730.92,18.20407,4983.8276,Major Spender,Critical,2010,Not Calculated
2014,Panama,Total function,9200.4,18.42975,499.18753,Low Spender,Critical,2010,Not Calculated
2014,Paraguay,Total function,7001.784,17.34062,403.75607,Low Spender,Critical,2010,Not Calculated
2014,Peru,Total function,44055.684,21.94158,2007.7714,Moderate Spender,Critical,2010,Not Calculated
2014,Philippines,Total function,45479.336,15.28802,2974.6401,Moderate Spender,Critical,2010,Not Calculated
2014,Poland,Total function,231305.8,42.90747,5390.679,Mega Spender,Critical,2010,Not Calculated
2014,Poland,Social protection,86872.08,16.11486,5390.471,Major Spender,Critical,2010,Not Calculated
2014,Portugal,Total function,118940.195,51.80409,2295.9172,Mega Spender,Critical,2010,Not Calculated
2014,Portugal,Social protection,43693.035,19.03039,2295.8406,Moderate Spender,Critical,2010,Not Calculated
2014,Portugal,General public services,21146.943,9.21049,2295.7134,Moderate Spender,Significant,2010,Not Calculated
2014,Romania,Total function,70782.445,35.44194,1997.0817,Major Spender,Critical,2010,Not Calculated
2014,Romania,Social protection,22743.332,11.38796,1996.9629,Moderate Spender,Critical,2010,Not Calculated
2014,Russian Federation,Total function,830424.44,40.32671,20591.906,Mega Spender,Critical,2010,Not Calculated
2014,Russian Federation,Social protection,226740.14,11.01086,20590.54,Mega Spender,Critical,2010,Not Calculated
2014,Russian Federation,General public services,209331.05,10.16544,20590.398,Mega Spender,Critical,2010,Not Calculated
2014,Samoa,Total function,280.521,34.29186,8.180158,Low Spender,Critical,2010,Not Calculated
2014,Seychelles,Total function,444.952,32.06589,13.875745,Low Spender,Critical,2010,Not Calculated
2014,Seychelles,General public services,130.432,9.39973,13.874668,Low Spender,Significant,2010,Not Calculated
2014,Singapore,Total function,46126.99,14.64983,3148.4214,Moderate Spender,Critical,2010,Not Calculated
2014,Slovakia,Total function,43878.47,43.31446,1012.99786,Moderate Spender,Critical,2010,Not Calculated
2014,Slovakia,Social protection,15182.306,14.98716,1012.95325,Moderate Spender,Critical,2010,Not Calculated
2014,Slovenia,Total function,25419.693,50.90996,499.29706,Moderate Spender,Critical,2010,Not Calculated
2014,Slovenia,Social protection,9373.516,18.77306,499.28018,Low Spender,Critical,2010,Not Calculated
2014,South Africa,Total function,164204.97,43.10873,3809.0002,Mega Spender,Critical,2010,Not Calculated
2014,South Africa,General public services,50750.99,13.32366,3808.8018,Major Spender,Critical,2010,Not Calculated
2014,Spain,Total function,621888.5,45.39346,13699.656,Mega Spender,Critical,2010,Not Calculated
2014,Spain,Social protection,246119.39,17.96497,13699.199,Mega Spender,Critical,2010,Not Calculated
2014,Sri Lanka,Total function,13519.337,17.03622,793.51776,Moderate Spender,Critical,2010,Not Calculated
2014,Sweden,Total function,295070.47,50.70253,5819.5254,Mega Spender,Critical,2010,Not Calculated
2014,Sweden,Social protection,119443.914,20.52428,5819.356,Mega Spender,Critical,2010,Not Calculated
2014,"Switzerland, Liechtenstein",Total function,241690.48,32.61442,7410.313,Mega Spender,Critical,2010,Not Calculated
2014,"Switzerland, Liechtenstein",Social protection,95593.36,12.89965,7409.9644,Major Spender,Critical,2010,Not Calculated
2014,Thailand,Total function,89751.695,22.03366,4073.2053,Major Spender,Critical,2010,Not Calculated
2014,Türkiye,Total function,296423.3,31.57018,9389.048,Mega Spender,Critical,2010,Not Calculated
2014,Tuvalu,Total function,37.659,100.18992,0.3758724,Low Spender,Critical,2010,Not Calculated
2014,Tuvalu,Health,3.486,9.27387,0.37585428,Low Spender,Significant,2010,Not Calculated
2014,Tuvalu,Education,6.171,16.41813,0.37584206,Low Spender,Critical,2010,Not Calculated
2014,Tuvalu,General public services,14.15,37.64467,0.37587324,Low Spender,Critical,2010,Not Calculated
2014,Ukraine,Total function,59780.293,44.77795,1335.0088,Major Spender,Critical,2010,Not Calculated
2014,Ukraine,Social protection,27416.365,20.53601,1334.9735,Moderate Spender,Critical,2010,Not Calculated
2014,United Kingdom,Total function,1.3203718e+06,43.07587,30651.525,Mega Spender,Critical,2010,Not Calculated
2014,United Kingdom,Social protection,493582.97,16.10268,30650.322,Mega Spender,Critical,2010,Not Calculated
2014,United States of America,Total function,6.7212925e+06,38.07422,176526.7,Mega Spender,Critical,2010,Not Calculated
2014,Uzbekistan,Total function,16317.621,20.18374,808.41376,Moderate Spender,Critical,2010,Not Calculated
2014,Vanuatu,Total function,202.86,24.89236,8.149161,Low Spender,Critical,2010,Not Calculated
2015,Afghanistan,Total function,11105.914,59.3485,187.12735,Moderate Spender,Critical,2010,Not Calculated
2015,Afghanistan,Defence,5121.643,27.36937,187.12364,Low Spender,Critical,2010,Not Calculated
2015,Afghanistan,Public order and safety,2546.912,13.61035,187.11679,Low Spender,Critical,2010,Not Calculated
2015,Albania,Total function,3374.693,29.63656,113.86542,Low Spender,Critical,2010,Not Calculated
2015,Albania,Social protection,1040.999,9.14206,113.856735,Low Spender,Significant,2010,Not Calculated
2015,Armenia,Total function,3124.028,29.60227,105.52983,Low Spender,Critical,2010,Not Calculated
2015,Australia,Total function,491934.34,39.50492,12452.168,Mega Spender,Critical,2010,Not Calculated
2015,Australia,Social protection,131441.12,10.55541,12451.309,Mega Spender,Critical,2010,Not Calculated
2015,Austria,Total function,195307.52,51.15205,3818.101,Mega Spender,Critical,2010,Not Calculated
2015,Austria,Social protection,80924.52,21.19455,3817.996,Major Spender,Critical,2010,Not Calculated
2015,Azerbaijan,Total function,19724.102,37.16182,530.7483,Moderate Spender,Critical,2010,Not Calculated
2015,Azerbaijan,Economic affairs n.e.c.,5979.325,11.26554,530.7153,Low Spender,Critical,2010,Not Calculated
2015,Belarus,Total function,22372.186,39.62851,564.5335,Moderate Spender,Critical,2010,Not Calculated
2015,Belarus,Social protection,8157.351,14.44935,564.50885,Low Spender,Critical,2010,Not Calculated
2015,Belgium,Total function,248364.8,53.7412,4621.411,Mega Spender,Critical,2010,Not Calculated
2015,Belgium,Social protection,89646.53,19.39773,4621.258,Major Spender,Critical,2010,Not Calculated
2015,Brazil,Total function,686961.9,38.11771,18021.646,Mega Spender,Critical,2010,Not Calculated
2015,Brazil,Social protection,258781.12,14.35908,18020.87,Mega Spender,Critical,2010,Not Calculated
2015,Bulgaria,Total function,20501.695,40.37195,507.80774,Moderate Spender,Critical,2010,Not Calculated
2015,Bulgaria,Social protection,6594.548,12.98599,507.7811,Low Spender,Critical,2010,Not Calculated
2015,Canada,Total function,563039.4,36.18206,15560.855,Mega Spender,Critical,2010,Not Calculated
2015,Canada,Social protection,167388.42,10.75672,15559.842,Mega Spender,Critical,2010,Not Calculated
2015,Chile,Total function,62581.31,25.65659,2439.0955,Major Spender,Critical,2010,Not Calculated
2015,China,Total function,3.4672402e+06,31.34492,110612.17,Mega Spender,Critical,2010,Not Calculated
2015,"China, Hong Kong SAR",Total function,62798.723,20.29788,3093.7039,Major Spender,Critical,2010,Not Calculated
2015,"China, Macao SAR",Total function,8079.782,17.93586,450.4569,Low Spender,Critical,2010,Not Calculated
2015,Colombia,Total function,93335.2,31.80273,2934.725,Major Spender,Critical,2010,Not Calculated
2015,Colombia,Social protection,27088.703,9.23012,2934.498,Moderate Spender,Significant,2010,Not Calculated
2015,Cook Islands,Total function,143.485,47.48443,3.021664,Low Spender,Critical,2010,Not Calculated
2015,Costa Rica,Total function,18019.8,31.92627,564.40155,Moderate Spender,Critical,2010,Not Calculated
2015,Cyprus,Total function,8051.291,40.45607,199.00826,Low Spender,Critical,2010,Not Calculated
2015,Cyprus,Social protection,2688.461,13.50896,198.99843,Low Spender,Critical,2010,Not Calculated
2015,Cyprus,General public services,1801.627,9.0528,198.99124,Low Spender,Significant,2010,Not Calculated
2015,Czechia,Total function,78850.02,41.93413,1880.2856,Major Spender,Critical,2010,Not Calculated
2015,Czechia,Social protection,24249.77,12.89655,1880.1841,Moderate Spender,Critical,2010,Not Calculated
2015,Denmark,Total function,165040.48,54.52764,3026.6753,Mega Spender,Critical,2010,Not Calculated
2015,Denmark,Social protection,71081.99,23.48474,3026.6023,Major Spender,Critical,2010,Not Calculated
2015,Egypt,Total function,104085.695,32.75767,3177.348,Mega Spender,Critical,2010,Not Calculated
2015,Egypt,Social protection,30184.918,9.49974,3177.1123,Moderate Spender,Significant,2010,Not Calculated
2015,Egypt,General public services,30184.918,9.49974,3177.1123,Moderate Spender,Significant,2010,Not Calculated
2015,El Salvador,Total function,5560.6,23.72448,234.37251,Low Spender,Critical,2010,Not Calculated
2015,Estonia,Total function,9047.523,39.54068,228.8098,Low Spender,Critical,2010,Not Calculated
2015,Estonia,Social protection,2854.444,12.47487,228.7972,Low Spender,Critical,2010,Not Calculated
2015,Fiji,Total function,1376.236,29.39142,46.82282,Low Spender,Critical,2010,Not Calculated
2015,Finland,Total function,132492.48,56.51443,2344.3594,Mega Spender,Critical,2010,Not Calculated
2015,Finland,Social protection,59262.41,25.27828,2344.3076,Major Spender,Critical,2010,Not Calculated
2015,France,Total function,1.3853999e+06,56.67493,24444.236,Mega Spender,Critical,2010,Not Calculated
2015,France,Social protection,593798.0,24.29151,24443.666,Mega Spender,Critical,2010,Not Calculated
2015,Georgia,Total function,4701.099,31.43775,149.532,Low Spender,Critical,2010,Not Calculated
2015,Germany,Total function,1.4820751e+06,44.15885,33561.598,Mega Spender,Critical,2010,Not Calculated
2015,Germany,Social protection,641100.94,19.10179,33560.594,Mega Spender,Critical,2010,Not Calculated
2015,Greece,Total function,105776.52,54.07663,1956.0126,Mega Spender,Critical,2010,Not Calculated
2015,Greece,Social protection,39855.92,20.37573,1955.9528,Moderate Spender,Critical,2010,Not Calculated
2015,Greece,General public services,19714.936,10.07896,1955.8544,Moderate Spender,Critical,2010,Not Calculated
2015,Guatemala,Total function,9830.268,15.80783,621.8213,Low Spender,Critical,2010,Not Calculated
2015,Hungary,Total function,63062.38,50.37971,1251.7168,Major Spender,Critical,2010,Not Calculated
2015,Hungary,Social protection,18240.727,14.57228,1251.6555,Moderate Spender,Critical,2010,Not Calculated
2015,Iceland,Total function,7615.385,43.47373,175.16809,Low Spender,Critical,2010,Not Calculated
2015,Iceland,Social protection,1595.87,9.1103,175.15282,Low Spender,Significant,2010,Not Calculated
2015,Iceland,General public services,1706.333,9.7409,175.15402,Low Spender,Significant,2010,Not Calculated
2015,India,Total function,528547.4,24.62072,21466.713,Mega Spender,Critical,2010,Not Calculated
2015,Indonesia,Total function,153106.05,17.78536,8608.06,Mega Spender,Critical,2010,Not Calculated
2015,Ireland,Total function,84785.42,29.07017,2916.478,Major Spender,Critical,2010,Not Calculated
2015,Ireland,Social protection,29654.916,10.16771,2916.2908,Moderate Spender,Critical,2010,Not Calculated
2015,Israel,Total function,115694.48,38.55477,3000.7046,Mega Spender,Critical,2010,Not Calculated
2015,Israel,Social protection,31820.648,10.60412,3000.4985,Moderate Spender,Critical,2010,Not Calculated
2015,Italy,Total function,924143.25,50.33736,18358.629,Mega Spender,Critical,2010,Not Calculated
2015,Italy,Social protection,390832.56,21.28835,18358.127,Mega Spender,Critical,2010,Not Calculated
2015,Japan,Total function,1.7354536e+06,39.04344,44448.16,Mega Spender,Critical,2010,Not Calculated
2015,Japan,Social protection,707151.0,15.90916,44446.504,Mega Spender,Critical,2010,Not Calculated
2015,Kazakhstan,Total function,36594.49,19.84641,1843.7916,Moderate Spender,Critical,2010,Not Calculated
2015,Kenya,Total function,19782.14,28.21162,701.18054,Moderate Spender,Critical,2010,Not Calculated
2015,Kiribati,Total function,122.765,72.09072,1.7029002,Low Spender,Critical,2010,Not Calculated
2015,Kiribati,Health,16.95,9.95332,1.7027783,Low Spender,Significant,2010,Not Calculated
2015,Kiribati,Education,16.877,9.91085,1.7027094,Low Spender,Significant,2010,Not Calculated
2015,Kiribati,General public services,41.272,24.23614,1.7028413,Low Spender,Critical,2010,Not Calculated
2015,"Korea, Republic of",Total function,445649.4,30.40371,14657.25,Mega Spender,Critical,2010,Not Calculated
2015,Kyrgyzstan,Total function,2439.247,36.52564,66.77995,Low Spender,Critical,2010,Not Calculated
2015,Kyrgyzstan,Social protection,718.18,10.75413,66.77557,Low Spender,Critical,2010,Not Calculated
2015,Latvia,Total function,10533.505,38.65204,272.51428,Moderate Spender,Critical,2010,Not Calculated
2015,Latvia,Social protection,3211.13,11.78304,272.4982,Low Spender,Critical,2010,Not Calculated
2015,Lithuania,Total function,14571.222,35.18015,414.17697,Moderate Spender,Critical,2010,Not Calculated
2015,Lithuania,Social protection,5078.618,12.2616,414.1551,Low Spender,Critical,2010,Not Calculated
2015,Luxembourg,Total function,24255.473,40.39385,600.45953,Moderate Spender,Critical,2010,Not Calculated
2015,Luxembourg,Social protection,10505.534,17.49539,600.4401,Moderate Spender,Critical,2010,Not Calculated
2015,Malaysia,Total function,65444.215,21.71667,3013.409,Major Spender,Critical,2010,Not Calculated
2015,Maldives,Total function,1475.165,35.89718,41.093033,Low Spender,Critical,2010,Not Calculated
2015,Maldives,General public services,403.356,9.81541,41.08997,Low Spender,Significant,2010,Not Calculated
2015,Malta,Total function,4272.179,38.5332,110.86721,Low Spender,Critical,2010,Not Calculated
2015,Malta,Social protection,1279.046,11.53644,110.860466,Low Spender,Critical,2010,Not Calculated
2015,Marshall Islands,Total function,97.615,52.98037,1.8424401,Low Spender,Critical,2010,Not Calculated
2015,Marshall Islands,Education,30.338,16.4659,1.8423625,Low Spender,Critical,2010,Not Calculated
2015,Marshall Islands,General public services,26.658,14.46858,1.8423479,Low Spender,Critical,2010,Not Calculated
2015,Mauritius,Total function,1346.825,11.21673,120.06216,Low Spender,Critical,2010,Not Calculated
2015,"Moldova, Republic of",Total function,2473.107,31.93066,77.45,Low Spender,Critical,2010,Not Calculated
2015,"Moldova, Republic of",Social protection,835.169,10.78299,77.44526,Low Spender,Critical,2010,Not Calculated
2015,Mongolia,Total function,2734.46,23.53257,116.194016,Low Spender,Critical,2010,Not Calculated
2015,Myanmar,Total function,15256.293,23.89951,638.325,Moderate Spender,Critical,2010,Not Calculated
2015,Nauru,Total function,77.201,73.98066,1.0435153,Low Spender,Critical,2010,Not Calculated
2015,Nauru,General public services,33.034,31.65589,1.0435011,Low Spender,Critical,2010,Not Calculated
2015,Netherlands (Kingdom of the),Total function,343355.4,44.86752,7652.479,Mega Spender,Critical,2010,Not Calculated
2015,Netherlands (Kingdom of the),Social protection,128990.86,16.85571,7652.1973,Mega Spender,Critical,2010,Not Calculated
2015,New Zealand,Total function,64315.78,36.11938,1780.5953,Major Spender,Critical,2010,Not Calculated
2015,New Zealand,Social protection,19638.521,11.02888,1780.4836,Moderate Spender,Critical,2010,Not Calculated
2015,Norway,Total function,190124.3,49.28033,3857.9375,Mega Spender,Critical,2010,Not Calculated
2015,Norway,Social protection,75350.13,19.5308,3857.8184,Major Spender,Critical,2010,Not Calculated
2015,Panama,Total function,15005.63,27.74109,540.8976,Moderate Spender,Critical,2010,Not Calculated
2015,Paraguay,Total function,6589.461,18.19718,362.0945,Low Spender,Critical,2010,Not Calculated
2015,Peru,Total function,41126.555,21.66803,1897.9418,Moderate Spender,Critical,2010,Not Calculated
2015,Philippines,Total function,53076.594,17.32005,3064.283,Major Spender,Critical,2010,Not Calculated
2015,Poland,Total function,199130.47,41.73669,4770.999,Mega Spender,Critical,2010,Not Calculated
2015,Poland,Social protection,75045.92,15.72923,4770.8086,Major Spender,Critical,2010,Not Calculated
2015,Portugal,Total function,96202.97,48.26706,1993.0979,Major Spender,Critical,2010,Not Calculated
2015,Portugal,Social protection,36883.19,18.50508,1993.0311,Moderate Spender,Critical,2010,Not Calculated
2015,Romania,Total function,64052.508,36.00804,1778.7897,Major Spender,Critical,2010,Not Calculated
2015,Romania,Social protection,20365.475,11.44875,1778.6829,Moderate Spender,Critical,2010,Not Calculated
2015,Russian Federation,Total function,539517.0,39.56906,13634.475,Mega Spender,Critical,2010,Not Calculated
2015,Russian Federation,Social protection,169159.78,12.40645,13633.726,Mega Spender,Critical,2010,Not Calculated
2015,Russian Federation,General public services,208275.17,15.27524,13633.929,Mega Spender,Critical,2010,Not Calculated
2015,Samoa,Total function,238.206,28.85366,8.255373,Low Spender,Critical,2010,Not Calculated
2015,Seychelles,Total function,462.146,33.21443,13.913593,Low Spender,Critical,2010,Not Calculated
2015,Seychelles,General public services,143.123,10.28626,13.912645,Low Spender,Critical,2010,Not Calculated
2015,Singapore,Total function,53804.664,17.46913,3079.809,Major Spender,Critical,2010,Not Calculated
2015,Slovakia,Total function,40506.363,45.58184,888.63184,Moderate Spender,Critical,2010,Not Calculated
2015,Slovakia,Social protection,13007.397,14.63723,888.5908,Moderate Spender,Critical,2010,Not Calculated
2015,Slovenia,Total function,20997.863,48.73005,430.8929,Moderate Spender,Critical,2010,Not Calculated
2015,Slovenia,Social protection,7881.303,18.29026,430.8781,Low Spender,Critical,2010,Not Calculated
2015,South Africa,Total function,141532.23,40.84788,3464.7764,Mega Spender,Critical,2010,Not Calculated
2015,South Africa,General public services,31898.049,9.20615,3464.4866,Moderate Spender,Significant,2010,Not Calculated
2015,Spain,Total function,526886.56,44.066,11956.487,Mega Spender,Critical,2010,Not Calculated
2015,Spain,Social protection,205353.08,17.17464,11956.065,Mega Spender,Critical,2010,Not Calculated
2015,Sri Lanka,Total function,16854.02,20.90964,806.00214,Moderate Spender,Critical,2010,Not Calculated
2015,Sweden,Total function,249214.42,49.33925,5050.9355,Mega Spender,Critical,2010,Not Calculated
2015,Sweden,Social protection,101646.375,20.12386,5050.787,Mega Spender,Critical,2010,Not Calculated
2015,"Switzerland, Liechtenstein",Total function,233319.23,32.93525,7083.965,Mega Spender,Critical,2010,Not Calculated
2015,"Switzerland, Liechtenstein",Social protection,92053.805,12.99428,7083.634,Major Spender,Critical,2010,Not Calculated
2015,Thailand,Total function,88448.81,22.04078,4012.7803,Major Spender,Critical,2010,Not Calculated
2015,Türkiye,Total function,270450.62,31.29078,8642.865,Mega Spender,Critical,2010,Not Calculated
2015,Türkiye,Social protection,78890.195,9.12749,8642.195,Major Spender,Significant,2010,Not Calculated
2015,Tuvalu,Total function,43.591,120.43864,0.36193234,Low Spender,Critical,2010,Not Calculated
2015,Tuvalu,Health,3.294,9.09973,0.36194897,Low Spender,Significant,2010,Not Calculated
2015,Tuvalu,Education,8.121,22.43799,0.3619147,Low Spender,Critical,2010,Not Calculated
2015,Tuvalu,Social protection,6.424,17.74905,0.36191446,Low Spender,Critical,2010,Not Calculated
2015,Tuvalu,General public services,11.673,32.25175,0.36192262,Low Spender,Critical,2010,Not Calculated
2015,Ukraine,Total function,38779.523,42.60036,910.2884,Moderate Spender,Critical,2010,Not Calculated
2015,Ukraine,Social protection,16871.6,18.53391,910.2607,Moderate Spender,Critical,2010,Not Calculated
2015,United Kingdom,Total function,1.2404592e+06,42.26642,29347.883,Mega Spender,Critical,2010,Not Calculated
2015,United Kingdom,Social protection,468311.22,15.95686,29346.744,Mega Spender,Critical,2010,Not Calculated
2015,United States of America,Total function,6.9105215e+06,37.74303,183089.12,Mega Spender,Critical,2010,Not Calculated
2015,United States of America,Health,1.6648212e+06,9.09271,183073.94,Mega Spender,Significant,2010,Not Calculated
2015,Uzbekistan,Total function,17018.016,19.74333,861.9191,Moderate Spender,Critical,2010,Not Calculated
2015,Vanuatu,Total function,166.76,21.95104,7.5965605,Low Spender,Critical,2010,Not Calculated
2016,Afghanistan,Total function,9299.092,51.60555,180.1921,Low Spender,Critical,2010,Not Calculated
2016,Afghanistan,Defence,3468.89,19.2507,180.18617,Low Spender,Critical,2010,Not Calculated
2016,Afghanistan,Public order and safety,1740.663,9.65986,180.17682,Low Spender,Significant,2010,Not Calculated
2016,Albania,Total function,3427.4,28.89551,118.60948,Low Spender,Critical,2010,Not Calculated
2016,Albania,Social protection,1121.534,9.45536,118.60102,Low Spender,Significant,2010,Not Calculated
2016,Armenia,Total function,3198.705,30.33059,105.45788,Low Spender,Critical,2010,Not Calculated
2016,Australia,Total function,507644.16,38.82642,13074.373,Mega Spender,Critical,2010,Not Calculated
2016,Australia,Social protection,131543.39,10.0609,13073.414,Mega Spender,Critical,2010,Not Calculated
2016,Austria,Total function,198201.0,50.10534,3955.6074,Mega Spender,Critical,2010,Not Calculated
2016,Austria,Social protection,83097.45,21.00709,3955.498,Major Spender,Critical,2010,Not Calculated
2016,Azerbaijan,Total function,12412.835,32.78008,378.65854,Moderate Spender,Critical,2010,Not Calculated
2016,Belarus,Total function,19309.273,40.46068,477.22375,Moderate Spender,Critical,2010,Not Calculated
2016,Belarus,Social protection,7022.564,14.71509,477.2031,Low Spender,Critical,2010,Not Calculated
2016,Belgium,Total function,252873.78,53.15382,4757.3066,Mega Spender,Critical,2010,Not Calculated
2016,Belgium,Social protection,92397.41,19.42185,4757.15,Major Spender,Critical,2010,Not Calculated
2016,Brazil,Total function,694884.56,38.69729,17956.469,Mega Spender,Critical,2010,Not Calculated
2016,Brazil,Social protection,273587.47,15.23576,17955.75,Mega Spender,Critical,2010,Not Calculated
2016,Bulgaria,Total function,18752.67,34.75765,539.5109,Moderate Spender,Critical,2010,Not Calculated
2016,Bulgaria,Social protection,6649.775,12.32521,539.48254,Low Spender,Critical,2010,Not Calculated
2016,Canada,Total function,562736.5,36.82241,15282.031,Mega Spender,Critical,2010,Not Calculated
2016,Canada,Social protection,170779.58,11.17488,15281.085,Mega Spender,Critical,2010,Not Calculated
2016,Chile,Total function,65449.133,26.13364,2504.306,Major Spender,Critical,2010,Not Calculated
2016,China,Total function,3.4713038e+06,30.90187,112329.49,Mega Spender,Critical,2010,Not Calculated
2016,"China, Hong Kong SAR",Total function,63860.35,19.90285,3208.4424,Major Spender,Critical,2010,Not Calculated
2016,"China, Macao SAR",Total function,8482.282,18.8199,450.6842,Low Spender,Critical,2010,Not Calculated
2016,Colombia,Total function,89489.234,31.6412,2828.1611,Major Spender,Critical,2010,Not Calculated
2016,Colombia,Social protection,25986.195,9.18808,2827.943,Moderate Spender,Significant,2010,Not Calculated
2016,Cook Islands,Total function,117.136,37.80306,3.0985034,Low Spender,Critical,2010,Not Calculated
2016,Costa Rica,Total function,19080.877,32.42454,588.4521,Moderate Spender,Critical,2010,Not Calculated
2016,Cyprus,Total function,7847.39,37.3114,210.31587,Low Spender,Critical,2010,Not Calculated
2016,Cyprus,Social protection,2775.56,13.19675,210.30554,Low Spender,Critical,2010,Not Calculated
2016,Czechia,Total function,78020.15,39.75102,1962.6714,Major Spender,Critical,2010,Not Calculated
2016,Czechia,Social protection,24930.404,12.70196,1962.5665,Moderate Spender,Critical,2010,Not Calculated
2016,Denmark,Total function,164318.97,52.47864,3131.0994,Mega Spender,Critical,2010,Not Calculated
2016,Denmark,Social protection,71679.02,22.89217,3131.0222,Major Spender,Critical,2010,Not Calculated
2016,El Salvador,Total function,6078.8,25.12791,241.90463,Low Spender,Critical,2010,Not Calculated
2016,Estonia,Total function,9484.057,39.42411,240.55879,Low Spender,Critical,2010,Not Calculated
2016,Estonia,Social protection,3082.725,12.81453,240.54604,Low Spender,Critical,2010,Not Calculated
2016,Fiji,Total function,1327.675,26.9292,49.300602,Low Spender,Critical,2010,Not Calculated
2016,Finland,Total function,133983.98,55.68561,2406.036,Mega Spender,Critical,2010,Not Calculated
2016,Finland,Social protection,61351.21,25.49842,2405.9846,Major Spender,Critical,2010,Not Calculated
2016,France,Total function,1.4018209e+06,56.57627,24777.104,Mega Spender,Critical,2010,Not Calculated
2016,France,Social protection,604433.3,24.3944,24776.53,Mega Spender,Critical,2010,Not Calculated
2016,Georgia,Total function,4891.443,32.30467,151.41129,Low Spender,Critical,2010,Not Calculated
2016,Germany,Total function,1.5390092e+06,44.38386,34674.19,Mega Spender,Critical,2010,Not Calculated
2016,Germany,Social protection,676835.8,19.51943,34673.203,Mega Spender,Critical,2010,Not Calculated
2016,Greece,Total function,96471.03,49.98058,1930.1317,Major Spender,Critical,2010,Not Calculated
2016,Greece,Social protection,39931.53,20.68808,1930.0778,Moderate Spender,Critical,2010,Not Calculated
2016,Guatemala,Total function,10054.447,15.22169,660.4908,Moderate Spender,Critical,2010,Not Calculated
2016,Hungary,Total function,60186.316,46.79761,1286.0706,Major Spender,Critical,2010,Not Calculated
2016,Hungary,Social protection,18262.434,14.19987,1286.008,Moderate Spender,Critical,2010,Not Calculated
2016,Iceland,Total function,9655.779,46.43727,207.9272,Low Spender,Critical,2010,Not Calculated
2016,Iceland,Social protection,2734.744,13.15213,207.91582,Low Spender,Critical,2010,Not Calculated
2016,India,Total function,553112.25,24.14714,22904.963,Mega Spender,Critical,2010,Not Calculated
2016,Indonesia,Total function,157795.94,16.93312,9318.225,Mega Spender,Critical,2010,Not Calculated
2016,Ireland,Total function,83992.3,28.10159,2988.7744,Major Spender,Critical,2010,Not Calculated
2016,Ireland,Social protection,29678.264,9.92956,2988.579,Moderate Spender,Significant,2010,Not Calculated
2016,Israel,Total function,123769.766,38.7963,3190.1646,Mega Spender,Critical,2010,Not Calculated
2016,Israel,Social protection,33668.52,10.55358,3189.9438,Moderate Spender,Critical,2010,Not Calculated
2016,Italy,Total function,921236.75,49.11174,18757.592,Mega Spender,Critical,2010,Not Calculated
2016,Italy,Social protection,391878.03,20.89128,18757.074,Mega Spender,Critical,2010,Not Calculated
2016,Japan,Total function,1.9338459e+06,38.64849,50035.48,Mega Spender,Critical,2010,Not Calculated
2016,Japan,Social protection,801093.6,16.0101,50033.645,Mega Spender,Critical,2010,Not Calculated
2016,Kazakhstan,Total function,28079.613,20.45451,1372.7164,Moderate Spender,Critical,2010,Not Calculated
2016,Kiribati,Total function,139.661,78.24308,1.7849401,Low Spender,Critical,2010,Not Calculated
2016,Kiribati,Health,20.463,11.46425,1.7847844,Low Spender,Critical,2010,Not Calculated
2016,Kiribati,Education,18.0,10.08401,1.7848271,Low Spender,Critical,2010,Not Calculated
2016,Kiribati,General public services,46.412,26.00181,1.784884,Low Spender,Critical,2010,Not Calculated
2016,"Korea, Republic of",Total function,454342.84,30.28727,15000.621,Mega Spender,Critical,2010,Not Calculated
2016,Kyrgyzstan,Total function,2511.841,36.86783,68.12913,Low Spender,Critical,2010,Not Calculated
2016,Kyrgyzstan,Social protection,684.463,10.04629,68.12414,Low Spender,Critical,2010,Not Calculated
2016,Latvia,Total function,10529.15,37.51764,280.63785,Moderate Spender,Critical,2010,Not Calculated
2016,Latvia,Social protection,3316.868,11.81872,280.62152,Low Spender,Critical,2010,Not Calculated
2016,Lithuania,Total function,14738.869,34.26203,430.16827,Moderate Spender,Critical,2010,Not Calculated
2016,Lithuania,Social protection,5278.334,12.27003,430.14594,Low Spender,Critical,2010,Not Calculated
2016,Luxembourg,Total function,24915.98,40.07418,621.73096,Moderate Spender,Critical,2010,Not Calculated
2016,Luxembourg,Social protection,10668.067,17.15823,621.71014,Moderate Spender,Critical,2010,Not Calculated
2016,Malaysia,Total function,60319.938,20.02286,3012.4033,Major Spender,Critical,2010,Not Calculated
2016,Maldives,Total function,1744.01,39.82545,43.790245,Low Spender,Critical,2010,Not Calculated
2016,Maldives,General public services,417.055,9.52369,43.786724,Low Spender,Significant,2010,Not Calculated
2016,Malta,Total function,4243.977,36.39757,116.59735,Low Spender,Critical,2010,Not Calculated
2016,Malta,Social protection,1328.837,11.39649,116.59032,Low Spender,Critical,2010,Not Calculated
2016,Marshall Islands,Total function,113.275,56.16067,2.0169451,Low Spender,Critical,2010,Not Calculated
2016,Marshall Islands,Education,30.784,15.26242,2.016848,Low Spender,Critical,2010,Not Calculated
2016,Marshall Islands,General public services,30.575,15.1588,2.0168471,Low Spender,Critical,2010,Not Calculated
2016,Mauritius,Total function,2823.345,22.4179,125.93593,Low Spender,Critical,2010,Not Calculated
2016,"Moldova, Republic of",Total function,2432.394,30.1357,80.71202,Low Spender,Critical,2010,Not Calculated
2016,"Moldova, Republic of",Social protection,866.686,10.73765,80.70716,Low Spender,Critical,2010,Not Calculated
2016,Mongolia,Total function,3458.499,30.93096,111.80989,Low Spender,Critical,2010,Not Calculated
2016,Mongolia,General public services,1176.493,10.52192,111.8029,Low Spender,Critical,2010,Not Calculated
2016,Myanmar,Total function,13393.48,19.99903,669.6731,Moderate Spender,Critical,2010,Not Calculated
2016,Nauru,Total function,91.877,77.75078,1.1816707,Low Spender,Critical,2010,Not Calculated
2016,Nauru,Health,11.699,9.90049,1.1815393,Low Spender,Significant,2010,Not Calculated
2016,Nauru,General public services,21.522,18.21265,1.1816412,Low Spender,Critical,2010,Not Calculated
2016,Nauru,Public order and safety,13.778,11.65968,1.1815777,Low Spender,Critical,2010,Not Calculated
2016,Netherlands (Kingdom of the),Total function,342217.9,43.67653,7835.1025,Mega Spender,Critical,2010,Not Calculated
2016,Netherlands (Kingdom of the),Social protection,131810.02,16.82263,7834.8145,Mega Spender,Critical,2010,Not Calculated
2016,New Zealand,Total function,66232.1,35.07344,1888.3296,Major Spender,Critical,2010,Not Calculated
2016,New Zealand,Social protection,19971.975,10.57623,1888.2046,Moderate Spender,Critical,2010,Not Calculated
2016,Norway,Total function,190070.72,51.53483,3688.1277,Mega Spender,Critical,2010,Not Calculated
2016,Norway,Social protection,75720.95,20.5306,3688.0203,Major Spender,Critical,2010,Not Calculated
2016,Panama,Total function,15444.87,26.67153,579.0553,Moderate Spender,Critical,2010,Not Calculated
2016,Paraguay,Total function,6511.48,18.04249,360.87698,Low Spender,Critical,2010,Not Calculated
2016,Peru,Total function,39294.117,20.47655,1918.8877,Moderate Spender,Critical,2010,Not Calculated
2016,Philippines,Total function,56489.273,17.72897,3186.0898,Major Spender,Critical,2010,Not Calculated
2016,Poland,Total function,194280.78,41.33418,4700.132,Mega Spender,Critical,2010,Not Calculated
2016,Poland,Social protection,78539.08,16.70957,4699.9644,Major Spender,Critical,2010,Not Calculated
2016,Portugal,Total function,92554.7,44.86717,2062.8145,Major Spender,Critical,2010,Not Calculated
2016,Portugal,Social protection,37268.03,18.06619,2062.7463,Moderate Spender,Critical,2010,Not Calculated
2016,Romania,Total function,64846.023,34.9975,1852.8229,Major Spender,Critical,2010,Not Calculated
2016,Romania,Social protection,21673.35,11.69714,1852.7175,Moderate Spender,Critical,2010,Not Calculated
2016,Russian Federation,Total function,482883.44,37.82022,12767.526,Mega Spender,Critical,2010,Not Calculated
2016,Russian Federation,Social protection,161356.34,12.63769,12766.856,Mega Spender,Critical,2010,Not Calculated
2016,Samoa,Total function,235.495,27.06254,8.701559,Low Spender,Critical,2010,Not Calculated
2016,Seychelles,Total function,543.802,37.27338,14.589163,Low Spender,Critical,2010,Not Calculated
2016,Seychelles,General public services,156.622,10.73524,14.5881605,Low Spender,Critical,2010,Not Calculated
2016,Singapore,Total function,51899.883,16.27865,3188.022,Major Spender,Critical,2010,Not Calculated
2016,Slovakia,Total function,38271.043,42.57464,898.8953,Moderate Spender,Critical,2010,Not Calculated
2016,Slovakia,Social protection,13384.761,14.88988,898.8562,Moderate Spender,Critical,2010,Not Calculated
2016,Slovenia,Total function,20665.527,46.19406,447.3536,Moderate Spender,Critical,2010,Not Calculated
2016,Slovenia,Social protection,7894.776,17.64735,447.33792,Low Spender,Critical,2010,Not Calculated
2016,South Africa,Total function,126560.79,39.11416,3235.5945,Mega Spender,Critical,2010,Not Calculated
2016,South Africa,General public services,43373.14,13.40466,3235.4348,Moderate Spender,Critical,2010,Not Calculated
2016,Spain,Total function,523795.4,42.49111,12326.886,Mega Spender,Critical,2010,Not Calculated
2016,Spain,Social protection,209481.4,16.99346,12326.453,Mega Spender,Critical,2010,Not Calculated
2016,Sri Lanka,Total function,16154.469,19.60469,823.9684,Moderate Spender,Critical,2010,Not Calculated
2016,Sweden,Total function,256341.88,49.71193,5156.443,Mega Spender,Critical,2010,Not Calculated
2016,Sweden,Social protection,105967.05,20.55,5156.297,Mega Spender,Critical,2010,Not Calculated
2016,"Switzerland, Liechtenstein",Total function,231628.2,33.00309,7018.167,Mega Spender,Critical,2010,Not Calculated
2016,"Switzerland, Liechtenstein",Social protection,92122.055,13.12583,7017.8447,Major Spender,Critical,2010,Not Calculated
2016,Thailand,Total function,86858.48,21.01247,4133.467,Major Spender,Critical,2010,Not Calculated
2016,Türkiye,Total function,295842.75,34.01731,8696.574,Mega Spender,Critical,2010,Not Calculated
2016,Türkiye,Social protection,89852.61,10.33165,8695.988,Major Spender,Critical,2010,Not Calculated
2016,Tuvalu,Total function,52.856,128.11171,0.41257417,Low Spender,Critical,2010,Not Calculated
2016,Tuvalu,Environment protection,6.425,15.57297,0.41254735,Low Spender,Critical,2010,Not Calculated
2016,Tuvalu,Health,3.805,9.22342,0.41249204,Low Spender,Significant,2010,Not Calculated
2016,Tuvalu,Education,8.068,19.55495,0.41255984,Low Spender,Critical,2010,Not Calculated
2016,Tuvalu,General public services,18.048,43.74414,0.41257155,Low Spender,Critical,2010,Not Calculated
2016,Ukraine,Total function,37715.527,40.39974,933.5356,Moderate Spender,Critical,2010,Not Calculated
2016,Ukraine,Social protection,15313.917,16.40381,933.50165,Moderate Spender,Critical,2010,Not Calculated
2016,United Kingdom,Total function,1.117928e+06,41.40996,26995.943,Mega Spender,Critical,2010,Not Calculated
2016,United Kingdom,Social protection,419827.88,15.55114,26994.861,Mega Spender,Critical,2010,Not Calculated
2016,United States of America,Total function,7.1611e+06,38.09209,187989.47,Mega Spender,Critical,2010,Not Calculated
2016,United States of America,Health,1.7482822e+06,9.29965,187974.19,Mega Spender,Significant,2010,Not Calculated
2016,Uzbekistan,Total function,16434.133,19.07878,861.3377,Moderate Spender,Critical,2010,Not Calculated
2016,Vanuatu,Total function,193.307,24.03338,8.042937,Low Spender,Critical,2010,Not Calculated
2017,Afghanistan,Total function,9095.504,48.13365,188.9596,Low Spender,Critical,2010,Not Calculated
2017,Afghanistan,Defence,3303.017,17.47965,188.95276,Low Spender,Critical,2010,Not Calculated
2017,Afghanistan,Public order and safety,1781.06,9.42542,188.94342,Low Spender,Significant,2010,Not Calculated
2017,Albania,Total function,3805.978,29.23239,130.19284,Low Spender,Critical,2010,Not Calculated
2017,Albania,Social protection,1209.622,9.29069,130.1832,Low Spender,Significant,2010,Not Calculated
2017,Armenia,Total function,3177.124,27.56136,115.27039,Low Spender,Critical,2010,Not Calculated
2017,Australia,Total function,549332.5,38.89788,14122.064,Mega Spender,Critical,2010,Not Calculated
2017,Australia,Social protection,138565.92,9.81176,14120.993,Mega Spender,Significant,2010,Not Calculated
2017,Austria,Total function,205705.1,49.29888,4172.5273,Mega Spender,Critical,2010,Not Calculated
2017,Austria,Social protection,85941.84,20.59665,4172.4106,Major Spender,Critical,2010,Not Calculated
2017,Azerbaijan,Total function,13682.987,33.48205,408.65414,Moderate Spender,Critical,2010,Not Calculated
2017,Azerbaijan,Economic affairs n.e.c.,3841.665,9.40049,408.623,Low Spender,Significant,2010,Not Calculated
2017,Belarus,Total function,22651.629,41.39142,547.241,Moderate Spender,Critical,2010,Not Calculated
2017,Belarus,Social protection,7579.723,13.85046,547.2147,Low Spender,Critical,2010,Not Calculated
2017,Belgium,Total function,261590.11,52.03032,5027.551,Mega Spender,Critical,2010,Not Calculated
2017,Belgium,Social protection,97115.64,19.31632,5027.3867,Major Spender,Critical,2010,Not Calculated
2017,Brazil,Total function,806607.9,39.08903,20634.62,Mega Spender,Critical,2010,Not Calculated
2017,Brazil,Social protection,323061.34,15.65588,20633.826,Mega Spender,Critical,2010,Not Calculated
2017,Bulgaria,Total function,20584.734,34.77102,591.99133,Moderate Spender,Critical,2010,Not Calculated
2017,Bulgaria,Social protection,7253.807,12.25288,591.96,Low Spender,Critical,2010,Not Calculated
2017,Canada,Total function,603558.3,36.58996,16494.74,Mega Spender,Critical,2010,Not Calculated
2017,Canada,Social protection,182780.22,11.08082,16493.7,Mega Spender,Critical,2010,Not Calculated
2017,Chile,Total function,72258.08,26.08268,2770.241,Major Spender,Critical,2010,Not Calculated
2017,China,Total function,3.700652e+06,30.06096,123100.82,Mega Spender,Critical,2010,Not Calculated
2017,"China, Hong Kong SAR",Total function,66544.766,19.49909,3412.5364,Major Spender,Critical,2010,Not Calculated
2017,"China, Macao SAR",Total function,9395.202,18.62615,504.38217,Low Spender,Critical,2010,Not Calculated
2017,Colombia,Total function,99171.305,31.79753,3118.7388,Major Spender,Critical,2010,Not Calculated
2017,Colombia,Social protection,28860.912,9.25374,3118.5002,Moderate Spender,Significant,2010,Not Calculated
2017,Cook Islands,Total function,103.754,30.02068,3.455969,Low Spender,Critical,2010,Not Calculated
2017,Costa Rica,Total function,19853.438,32.8069,605.14197,Moderate Spender,Critical,2010,Not Calculated
2017,Cyprus,Total function,8355.009,36.41076,229.45909,Low Spender,Critical,2010,Not Calculated
2017,Cyprus,Social protection,2891.306,12.60019,229.44704,Low Spender,Critical,2010,Not Calculated
2017,Czechia,Total function,85221.75,38.98009,2186.2332,Major Spender,Critical,2010,Not Calculated
2017,Czechia,Social protection,26955.896,12.32952,2186.1118,Moderate Spender,Critical,2010,Not Calculated
2017,Denmark,Total function,167885.64,50.54953,3321.145,Mega Spender,Critical,2010,Not Calculated
2017,Denmark,Social protection,73827.33,22.22904,3321.0615,Major Spender,Critical,2010,Not Calculated
2017,El Salvador,Total function,6741.4,26.98806,249.78268,Low Spender,Critical,2010,Not Calculated
2017,Estonia,Total function,10564.101,39.23618,269.237,Moderate Spender,Critical,2010,Not Calculated
2017,Estonia,Social protection,3391.19,12.59524,269.2224,Low Spender,Critical,2010,Not Calculated
2017,Fiji,Total function,1757.019,32.82006,53.53328,Low Spender,Critical,2010,Not Calculated
2017,Finland,Total function,137115.05,53.63432,2556.4321,Mega Spender,Critical,2010,Not Calculated
2017,Finland,Social protection,62749.27,24.54519,2556.375,Major Spender,Critical,2010,Not Calculated
2017,France,Total function,1.4663521e+06,56.36386,26015.36,Mega Spender,Critical,2010,Not Calculated
2017,France,Social protection,627353.75,24.11431,26014.75,Mega Spender,Critical,2010,Not Calculated
2017,Georgia,Total function,5066.065,31.18982,162.42168,Low Spender,Critical,2010,Not Calculated
2017,Germany,Total function,1.6304384e+06,44.17516,36907.652,Mega Spender,Critical,2010,Not Calculated
2017,Germany,Social protection,717344.2,19.43575,36906.594,Mega Spender,Critical,2010,Not Calculated
2017,Greece,Total function,97006.85,48.54119,1998.4028,Major Spender,Critical,2010,Not Calculated
2017,Greece,Social protection,39986.195,20.00866,1998.3447,Moderate Spender,Critical,2010,Not Calculated
2017,Guatemala,Total function,11142.471,15.55044,716.4912,Moderate Spender,Critical,2010,Not Calculated
2017,Hungary,Total function,66858.77,46.71773,1431.0914,Major Spender,Critical,2010,Not Calculated
2017,Hungary,Social protection,19601.555,13.69663,1431.018,Moderate Spender,Critical,2010,Not Calculated
2017,Iceland,Total function,10981.644,44.40924,247.27728,Moderate Spender,Critical,2010,Not Calculated
2017,Iceland,Social protection,2392.551,9.67536,247.25734,Low Spender,Significant,2010,Not Calculated
2017,Iceland,General public services,2438.771,9.86227,247.25784,Low Spender,Significant,2010,Not Calculated
2017,India,Total function,640441.7,24.40402,26242.21,Mega Spender,Critical,2010,Not Calculated
2017,Indonesia,Total function,168150.95,16.5565,10155.577,Mega Spender,Critical,2010,Not Calculated
2017,Ireland,Total function,87982.05,26.15575,3363.646,Major Spender,Critical,2010,Not Calculated
2017,Ireland,Social protection,31533.627,9.37448,3363.4146,Moderate Spender,Significant,2010,Not Calculated
2017,Israel,Total function,139641.47,39.30491,3552.6838,Mega Spender,Critical,2010,Not Calculated
2017,Israel,Social protection,38879.965,10.94355,3552.4497,Moderate Spender,Critical,2010,Not Calculated
2017,Italy,Total function,956637.75,48.76336,19617.56,Mega Spender,Critical,2010,Not Calculated
2017,Italy,Social protection,405877.5,20.68908,19617.012,Mega Spender,Critical,2010,Not Calculated
2017,Japan,Total function,1.8906882e+06,38.34416,49307.094,Mega Spender,Critical,2010,Not Calculated
2017,Japan,Social protection,786184.7,15.94424,49305.29,Mega Spender,Critical,2010,Not Calculated
2017,Kazakhstan,Total function,38160.58,22.87725,1667.985,Moderate Spender,Critical,2010,Not Calculated
2017,Kiribati,Total function,162.124,86.15279,1.8817977,Low Spender,Critical,2010,Not Calculated
2017,Kiribati,Health,20.723,11.01231,1.8816322,Low Spender,Critical,2010,Not Calculated
2017,Kiribati,Education,20.345,10.81121,1.8816689,Low Spender,Critical,2010,Not Calculated
2017,Kiribati,General public services,39.741,21.11848,1.8817225,Low Spender,Critical,2010,Not Calculated
2017,"Korea, Republic of",Total function,491316.34,30.25531,16238.476,Mega Spender,Critical,2010,Not Calculated
2017,Kyrgyzstan,Total function,2759.172,35.81974,77.02722,Low Spender,Critical,2010,Not Calculated
2017,Kyrgyzstan,Social protection,753.93,9.78756,77.02154,Low Spender,Significant,2010,Not Calculated
2017,Latvia,Total function,11788.573,38.67159,304.8302,Moderate Spender,Critical,2010,Not Calculated
2017,Latvia,Social protection,3559.874,11.67792,304.8119,Low Spender,Critical,2010,Not Calculated
2017,Lithuania,Total function,15869.23,33.22791,477.57303,Moderate Spender,Critical,2010,Not Calculated
2017,Lithuania,Social protection,5865.463,12.28144,477.54868,Low Spender,Critical,2010,Not Calculated
2017,Luxembourg,Total function,27124.277,41.2774,657.10583,Moderate Spender,Critical,2010,Not Calculated
2017,Luxembourg,Social protection,11601.148,17.65449,657.08453,Moderate Spender,Critical,2010,Not Calculated
2017,Malaysia,Total function,60452.316,18.94409,3190.9229,Major Spender,Critical,2010,Not Calculated
2017,Maldives,Total function,1462.118,30.75433,47.540314,Low Spender,Critical,2010,Not Calculated
2017,Malta,Total function,4645.814,34.45286,134.8416,Low Spender,Critical,2010,Not Calculated
2017,Malta,Social protection,1445.427,10.71913,134.83298,Low Spender,Critical,2010,Not Calculated
2017,Marshall Islands,Total function,128.938,60.51676,2.1305811,Low Spender,Critical,2010,Not Calculated
2017,Marshall Islands,Health,25.011,11.73886,2.130434,Low Spender,Critical,2010,Not Calculated
2017,Marshall Islands,Education,32.256,15.13928,2.1304758,Low Spender,Critical,2010,Not Calculated
2017,Marshall Islands,General public services,25.813,12.11527,2.1304412,Low Spender,Critical,2010,Not Calculated
2017,Mauritius,Total function,3341.076,24.3634,137.12943,Low Spender,Critical,2010,Not Calculated
2017,"Moldova, Republic of",Total function,2947.311,30.47972,96.694275,Low Spender,Critical,2010,Not Calculated
2017,"Moldova, Republic of",Social protection,1030.497,10.65692,96.68836,Low Spender,Critical,2010,Not Calculated
2017,Mongolia,Total function,2967.894,25.85082,114.80407,Low Spender,Critical,2010,Not Calculated
2017,Myanmar,Total function,15279.867,22.40148,682.06146,Moderate Spender,Critical,2010,Not Calculated
2017,Nauru,Total function,106.321,82.58339,1.2874225,Low Spender,Critical,2010,Not Calculated
2017,Nauru,Health,12.244,9.51026,1.2873163,Low Spender,Significant,2010,Not Calculated
2017,Nauru,Education,13.554,10.5277,1.2873383,Low Spender,Critical,2010,Not Calculated
2017,Nauru,General public services,25.852,20.07996,1.2873887,Low Spender,Critical,2010,Not Calculated
2017,Nauru,Public order and safety,20.876,16.2153,1.2873467,Low Spender,Critical,2010,Not Calculated
2017,Netherlands (Kingdom of the),Total function,354053.38,42.45908,8338.5,Mega Spender,Critical,2010,Not Calculated
2017,Netherlands (Kingdom of the),Social protection,135984.23,16.30761,8338.1875,Mega Spender,Critical,2010,Not Calculated
2017,New Zealand,Total function,70531.87,34.13541,2066.177,Major Spender,Critical,2010,Not Calculated
2017,New Zealand,Social protection,21314.61,10.31566,2066.0376,Moderate Spender,Critical,2010,Not Calculated
2017,Norway,Total function,201098.77,50.47736,3983.861,Mega Spender,Critical,2010,Not Calculated
2017,Norway,Social protection,79322.95,19.91068,3983.7397,Major Spender,Critical,2010,Not Calculated
2017,Panama,Total function,16794.61,26.9998,622.00415,Moderate Spender,Critical,2010,Not Calculated
2017,Paraguay,Total function,7159.1,18.35802,389.95,Low Spender,Critical,2010,Not Calculated
2017,Peru,Total function,45125.344,21.38561,2109.9812,Moderate Spender,Critical,2010,Not Calculated
2017,Philippines,Total function,65775.4,20.02413,3284.6428,Major Spender,Critical,2010,Not Calculated
2017,Poland,Total function,217301.48,41.41906,5246.286,Mega Spender,Critical,2010,Not Calculated
2017,Poland,Social protection,86490.07,16.48557,5246.0923,Major Spender,Critical,2010,Not Calculated
2017,Portugal,Total function,100425.69,45.36802,2213.53,Mega Spender,Critical,2010,Not Calculated
2017,Portugal,Social protection,38076.086,17.20114,2213.4507,Moderate Spender,Critical,2010,Not Calculated
2017,Romania,Total function,70614.36,33.60233,2101.4097,Major Spender,Critical,2010,Not Calculated
2017,Romania,Social protection,24677.387,11.74291,2101.292,Moderate Spender,Critical,2010,Not Calculated
2017,Russian Federation,Total function,576686.4,36.63363,15741.564,Mega Spender,Critical,2010,Not Calculated
2017,Russian Federation,Social protection,207202.94,13.16243,15740.801,Mega Spender,Critical,2010,Not Calculated
2017,Samoa,Total function,250.525,28.41407,8.816625,Low Spender,Critical,2010,Not Calculated
2017,Singapore,Total function,54816.57,15.97279,3431.657,Major Spender,Critical,2010,Not Calculated
2017,Slovakia,Total function,37776.855,39.4949,956.4754,Moderate Spender,Critical,2010,Not Calculated
2017,Slovakia,Social protection,13908.149,14.54067,956.4341,Moderate Spender,Critical,2010,Not Calculated
2017,Slovenia,Total function,21413.197,44.06996,485.87997,Moderate Spender,Critical,2010,Not Calculated
2017,Slovenia,Social protection,8276.79,17.03425,485.86255,Low Spender,Critical,2010,Not Calculated
2017,South Africa,Total function,151122.03,39.68005,3808.4182,Mega Spender,Critical,2010,Not Calculated
2017,Spain,Total function,542546.3,41.3134,13132.136,Mega Spender,Critical,2010,Not Calculated
2017,Spain,Social protection,218841.84,16.6642,13131.667,Mega Spender,Critical,2010,Not Calculated
2017,Sri Lanka,Total function,16943.596,19.38003,874.23615,Moderate Spender,Critical,2010,Not Calculated
2017,Sweden,Total function,266368.47,49.23461,5410.0776,Mega Spender,Critical,2010,Not Calculated
2017,Sweden,Social protection,108084.81,19.97802,5409.916,Mega Spender,Critical,2010,Not Calculated
2017,"Switzerland, Liechtenstein",Total function,234327.44,32.95963,7109.3135,Mega Spender,Critical,2010,Not Calculated
2017,"Switzerland, Liechtenstein",Social protection,92849.23,13.05983,7108.9834,Major Spender,Critical,2010,Not Calculated
2017,Thailand,Total function,96548.86,21.15644,4563.3525,Major Spender,Critical,2010,Not Calculated
2017,Türkiye,Total function,289833.22,33.74122,8589.632,Mega Spender,Critical,2010,Not Calculated
2017,Türkiye,Social protection,85369.43,9.93837,8589.018,Major Spender,Significant,2010,Not Calculated
2017,Ukraine,Total function,46466.832,41.45474,1120.8782,Moderate Spender,Critical,2010,Not Calculated
2017,Ukraine,Social protection,17665.45,15.75999,1120.8337,Moderate Spender,Critical,2010,Not Calculated
2017,United Kingdom,Total function,1.1023612e+06,41.08078,26833.338,Mega Spender,Critical,2010,Not Calculated
2017,United Kingdom,Social protection,402156.22,14.98682,26832.201,Mega Spender,Critical,2010,Not Calculated
2017,United States of America,Total function,7.412758e+06,37.85731,195802.66,Mega Spender,Critical,2010,Not Calculated
2017,United States of America,Health,1.8235456e+06,9.31294,195786.7,Mega Spender,Significant,2010,Not Calculated
2017,Uzbekistan,Total function,11398.78,18.36104,620.77966,Moderate Spender,Critical,2010,Not Calculated
2017,Vanuatu,Total function,209.941,23.85564,8.800107,Low Spender,Critical,2010,Not Calculated
2018,Albania,Total function,4355.909,28.73966,151.55913,Low Spender,Critical,2010,Not Calculated
2018,Albania,Social protection,1399.659,9.23475,151.54796,Low Spender,Significant,2010,Not Calculated
2018,Armenia,Total function,3126.579,25.09708,124.57443,Low Spender,Critical,2010,Not Calculated
2018,Australia,Total function,565556.75,38.88539,14543.822,Mega Spender,Critical,2010,Not Calculated
2018,Australia,Social protection,142450.14,9.79429,14542.718,Mega Spender,Significant,2010,Not Calculated
2018,Austria,Total function,221842.98,48.75764,4549.819,Mega Spender,Critical,2010,Not Calculated
2018,Austria,Social protection,91775.836,20.1709,4549.6875,Major Spender,Critical,2010,Not Calculated
2018,Azerbaijan,Total function,14256.27,30.26007,471.10922,Moderate Spender,Critical,2010,Not Calculated
2018,Belarus,Total function,24354.096,40.56917,600.2956,Moderate Spender,Critical,2010,Not Calculated
2018,Belarus,Social protection,7926.181,13.20347,600.26495,Low Spender,Critical,2010,Not Calculated
2018,Belgium,Total function,283956.03,52.26514,5432.887,Mega Spender,Critical,2010,Not Calculated
2018,Belgium,Social protection,104692.8,19.26983,5432.708,Mega Spender,Critical,2010,Not Calculated
2018,Brazil,Total function,770782.9,40.20916,19168.86,Mega Spender,Critical,2010,Not Calculated
2018,Brazil,Social protection,298874.72,15.59129,19168.107,Mega Spender,Critical,2010,Not Calculated
2018,Bulgaria,Total function,24515.088,36.94152,663.6008,Moderate Spender,Critical,2010,Not Calculated
2018,Bulgaria,Social protection,7932.305,11.9531,663.56354,Low Spender,Critical,2010,Not Calculated
2018,Canada,Total function,635881.75,36.92896,17218.588,Mega Spender,Critical,2010,Not Calculated
2018,Canada,Social protection,191852.56,11.14187,17217.518,Mega Spender,Critical,2010,Not Calculated
2018,Chile,Total function,76825.88,26.00718,2953.9124,Major Spender,Critical,2010,Not Calculated
2018,China,Total function,4.2822675e+06,30.81898,138944.53,Mega Spender,Critical,2010,Not Calculated
2018,"China, Hong Kong SAR",Total function,73381.39,20.28617,3617.1333,Major Spender,Critical,2010,Not Calculated
2018,"China, Macao SAR",Total function,9965.464,18.02584,552.81256,Low Spender,Critical,2010,Not Calculated
2018,Colombia,Total function,111840.36,33.46528,3341.8823,Mega Spender,Critical,2010,Not Calculated
2018,Colombia,Social protection,32364.54,9.68423,3341.6387,Moderate Spender,Significant,2010,Not Calculated
2018,Cook Islands,Total function,138.279,38.1233,3.627057,Low Spender,Critical,2010,Not Calculated
2018,Cook Islands,General public services,35.58,9.80941,3.6267598,Low Spender,Significant,2010,Not Calculated
2018,Costa Rica,Total function,20708.473,33.17593,624.1829,Moderate Spender,Critical,2010,Not Calculated
2018,Cyprus,Total function,10907.414,42.61157,255.96707,Moderate Spender,Critical,2010,Not Calculated
2018,Cyprus,Social protection,3119.609,12.18726,255.95195,Low Spender,Critical,2010,Not Calculated
2018,Czechia,Total function,101080.83,40.59462,2489.9443,Mega Spender,Critical,2010,Not Calculated
2018,Czechia,Social protection,30816.96,12.37626,2489.8047,Moderate Spender,Critical,2010,Not Calculated
2018,Denmark,Total function,180377.16,50.5483,3568.3413,Mega Spender,Critical,2010,Not Calculated
2018,Denmark,Social protection,78036.06,21.86857,3568.2485,Major Spender,Critical,2010,Not Calculated
2018,El Salvador,Total function,6977.5,26.81503,260.19885,Low Spender,Critical,2010,Not Calculated
2018,Estonia,Total function,12026.723,39.27129,306.2394,Moderate Spender,Critical,2010,Not Calculated
2018,Estonia,Social protection,3913.093,12.77756,306.2233,Low Spender,Critical,2010,Not Calculated
2018,Fiji,Total function,1739.76,31.17067,55.812218,Low Spender,Critical,2010,Not Calculated
2018,Finland,Total function,147177.64,53.38171,2757.0283,Mega Spender,Critical,2010,Not Calculated
2018,Finland,Social protection,66863.28,24.25148,2756.9668,Major Spender,Critical,2010,Not Calculated
2018,France,Total function,1.5530154e+06,55.50148,27981.01,Mega Spender,Critical,2010,Not Calculated
2018,France,Social protection,667133.0,23.84192,27980.34,Mega Spender,Critical,2010,Not Calculated
2018,Georgia,Total function,5181.818,29.44284,175.98988,Low Spender,Critical,2010,Not Calculated
2018,Germany,Total function,1.7615129e+06,44.321,39743.535,Mega Spender,Critical,2010,Not Calculated
2018,Germany,Social protection,765980.06,19.27264,39742.367,Mega Spender,Critical,2010,Not Calculated
2018,Greece,Total function,102898.93,48.52591,2120.451,Mega Spender,Critical,2010,Not Calculated
2018,Greece,Social protection,41974.664,19.79475,2120.3877,Moderate Spender,Critical,2010,Not Calculated
2018,Guatemala,Total function,11851.388,16.16208,733.2382,Moderate Spender,Critical,2010,Not Calculated
2018,Hungary,Total function,74103.125,46.15159,1605.6115,Major Spender,Critical,2010,Not Calculated
2018,Hungary,Social protection,21018.434,13.09033,1605.5231,Moderate Spender,Critical,2010,Not Calculated
2018,Iceland,Total function,11514.95,43.84288,262.63528,Moderate Spender,Critical,2010,Not Calculated
2018,Iceland,Social protection,2582.563,9.83304,262.61462,Low Spender,Significant,2010,Not Calculated
2018,India,Total function,668676.75,24.19939,27630.826,Mega Spender,Critical,2010,Not Calculated
2018,Indonesia,Total function,170682.77,16.37604,10422.077,Mega Spender,Critical,2010,Not Calculated
2018,Ireland,Total function,97773.82,25.3473,3857.2144,Major Spender,Critical,2010,Not Calculated
2018,Israel,Total function,149765.05,40.08258,3736.319,Mega Spender,Critical,2010,Not Calculated
2018,Israel,Social protection,40799.54,10.91944,3736.0708,Moderate Spender,Critical,2010,Not Calculated
2018,Italy,Total function,1.0123674e+06,48.39388,20918.895,Mega Spender,Critical,2010,Not Calculated
2018,Italy,Social protection,432130.16,20.65698,20918.316,Mega Spender,Critical,2010,Not Calculated
2018,Japan,Total function,1.9304162e+06,38.31837,50377.035,Mega Spender,Critical,2010,Not Calculated
2018,Japan,Social protection,799503.3,15.86998,50375.168,Mega Spender,Critical,2010,Not Calculated
2018,Kazakhstan,Total function,32597.93,18.17661,1793.3011,Moderate Spender,Critical,2010,Not Calculated
2018,Kiribati,Total function,155.524,79.25525,1.9622933,Low Spender,Critical,2010,Not Calculated
2018,Kiribati,Health,23.983,12.22177,1.9621574,Low Spender,Critical,2010,Not Calculated
2018,Kiribati,Education,23.546,11.99902,1.9621633,Low Spender,Critical,2010,Not Calculated
2018,Kiribati,General public services,42.559,21.68782,1.9622551,Low Spender,Critical,2010,Not Calculated
2018,"Korea, Republic of",Total function,537406.3,31.1584,17247.006,Mega Spender,Critical,2010,Not Calculated
2018,Kyrgyzstan,Total function,2705.522,32.71052,82.708534,Low Spender,Critical,2010,Not Calculated
2018,Kyrgyzstan,Social protection,829.72,10.03155,82.70279,Low Spender,Critical,2010,Not Calculated
2018,Latvia,Total function,13559.401,39.38363,344.28156,Moderate Spender,Critical,2010,Not Calculated
2018,Latvia,Social protection,3999.409,11.61639,344.26053,Low Spender,Critical,2010,Not Calculated
2018,Lithuania,Total function,18278.826,34.00622,537.49835,Moderate Spender,Critical,2010,Not Calculated
2018,Lithuania,Social protection,7030.376,13.07943,537.47284,Low Spender,Critical,2010,Not Calculated
2018,Luxembourg,Total function,30032.879,42.29961,709.9869,Moderate Spender,Critical,2010,Not Calculated
2018,Luxembourg,Social protection,12752.856,17.96168,709.96405,Moderate Spender,Critical,2010,Not Calculated
2018,Malaysia,Total function,70720.46,19.71088,3587.7075,Major Spender,Critical,2010,Not Calculated
2018,Maldives,Total function,1723.283,32.50895,53.007866,Low Spender,Critical,2010,Not Calculated
2018,Malta,Total function,5479.157,35.82426,152.94118,Low Spender,Critical,2010,Not Calculated
2018,Malta,Social protection,1596.414,10.4378,152.93079,Low Spender,Critical,2010,Not Calculated
2018,Marshall Islands,Total function,122.532,55.2458,2.2179022,Low Spender,Critical,2010,Not Calculated
2018,Marshall Islands,Health,22.56,10.17159,2.217724,Low Spender,Critical,2010,Not Calculated
2018,Marshall Islands,Education,31.537,14.21903,2.217787,Low Spender,Critical,2010,Not Calculated
2018,Marshall Islands,General public services,34.059,15.35612,2.2177985,Low Spender,Critical,2010,Not Calculated
2018,Mauritius,Total function,3561.661,24.17033,147.35065,Low Spender,Critical,2010,Not Calculated
2018,"Moldova, Republic of",Total function,3547.716,30.96429,114.57073,Low Spender,Critical,2010,Not Calculated
2018,"Moldova, Republic of",Social protection,1250.026,10.91016,114.56398,Low Spender,Critical,2010,Not Calculated
2018,Mongolia,Total function,3071.454,23.30727,131.7753,Low Spender,Critical,2010,Not Calculated
2018,Nauru,Total function,109.453,79.1971,1.3820156,Low Spender,Critical,2010,Not Calculated
2018,Nauru,Health,12.874,9.31553,1.3818449,Low Spender,Significant,2010,Not Calculated
2018,Nauru,General public services,37.101,26.8453,1.3819782,Low Spender,Critical,2010,Not Calculated
2018,Nauru,Public order and safety,19.816,14.33833,1.3819335,Low Spender,Critical,2010,Not Calculated
2018,Netherlands (Kingdom of the),Total function,386454.38,42.27965,9140.218,Mega Spender,Critical,2010,Not Calculated
2018,Netherlands (Kingdom of the),Social protection,145571.53,15.92611,9139.858,Mega Spender,Critical,2010,Not Calculated
2018,New Zealand,Total function,72470.78,34.19189,2119.4692,Major Spender,Critical,2010,Not Calculated
2018,New Zealand,Social protection,21133.896,9.97102,2119.3196,Moderate Spender,Significant,2010,Not Calculated
2018,Norway,Total function,213354.56,48.82259,4369.907,Mega Spender,Critical,2010,Not Calculated
2018,Norway,Social protection,83079.87,19.01142,4369.7686,Major Spender,Critical,2010,Not Calculated
2018,Paraguay,Total function,7448.402,18.51664,402.2328,Low Spender,Critical,2010,Not Calculated
2018,Peru,Total function,47432.137,21.30852,2225.8662,Moderate Spender,Critical,2010,Not Calculated
2018,Philippines,Total function,67065.5,19.33604,3468.2402,Major Spender,Critical,2010,Not Calculated
2018,Poland,Total function,244031.52,41.44699,5887.6562,Mega Spender,Critical,2010,Not Calculated
2018,Poland,Social protection,95074.16,16.14766,5887.4336,Major Spender,Critical,2010,Not Calculated
2018,Portugal,Total function,104777.2,43.24042,2423.075,Mega Spender,Critical,2010,Not Calculated
2018,Portugal,Social protection,41028.117,16.93186,2422.988,Moderate Spender,Critical,2010,Not Calculated
2018,Romania,Total function,83900.805,34.48223,2433.09,Major Spender,Critical,2010,Not Calculated
2018,Romania,Social protection,28121.684,11.55768,2432.9492,Moderate Spender,Critical,2010,Not Calculated
2018,Russian Federation,Total function,568793.06,34.31987,16572.805,Mega Spender,Critical,2010,Not Calculated
2018,Russian Federation,Social protection,191334.89,11.54478,16571.846,Mega Spender,Critical,2010,Not Calculated
2018,Samoa,Total function,251.113,28.08667,8.940329,Low Spender,Critical,2010,Not Calculated
2018,Seychelles,Total function,602.076,37.91903,15.87752,Low Spender,Critical,2010,Not Calculated
2018,Seychelles,General public services,170.405,10.73216,15.876498,Low Spender,Critical,2010,Not Calculated
2018,Singapore,Total function,61366.27,16.27811,3769.633,Major Spender,Critical,2010,Not Calculated
2018,Slovakia,Total function,42104.465,39.66958,1061.3524,Moderate Spender,Critical,2010,Not Calculated
2018,Slovakia,Social protection,15179.966,14.30211,1061.3053,Moderate Spender,Critical,2010,Not Calculated
2018,Slovenia,Total function,23550.725,43.46926,541.76636,Moderate Spender,Critical,2010,Not Calculated
2018,Slovenia,Social protection,8987.454,16.58879,541.7461,Low Spender,Critical,2010,Not Calculated
2018,South Africa,Total function,162836.03,40.31137,4039.3564,Mega Spender,Critical,2010,Not Calculated
2018,Spain,Total function,594450.0,41.81254,14216.6875,Mega Spender,Critical,2010,Not Calculated
2018,Spain,Social protection,240128.2,16.89018,14216.188,Mega Spender,Critical,2010,Not Calculated
2018,Sri Lanka,Total function,16709.354,18.99588,879.5841,Moderate Spender,Critical,2010,Not Calculated
2018,Sweden,Total function,276901.0,49.85117,5554.4424,Mega Spender,Critical,2010,Not Calculated
2018,Sweden,Social protection,108628.36,19.55663,5554.2705,Mega Spender,Critical,2010,Not Calculated
2018,"Switzerland, Liechtenstein",Total function,239364.1,32.24923,7422.09,Mega Spender,Critical,2010,Not Calculated
2018,"Switzerland, Liechtenstein",Social protection,94531.92,12.73617,7421.7363,Major Spender,Critical,2010,Not Calculated
2018,Thailand,Total function,106565.336,21.029,5067.3013,Mega Spender,Critical,2010,Not Calculated
2018,Türkiye,Total function,266783.6,34.26995,7784.5405,Mega Spender,Critical,2010,Not Calculated
2018,Türkiye,Social protection,76904.625,9.87886,7783.9785,Major Spender,Significant,2010,Not Calculated
2018,Ukraine,Total function,54264.46,41.45772,1308.8793,Major Spender,Critical,2010,Not Calculated
2018,Ukraine,Social protection,20193.898,15.42802,1308.8257,Moderate Spender,Critical,2010,Not Calculated
2018,United Kingdom,Total function,1.1747138e+06,40.81486,28780.814,Mega Spender,Critical,2010,Not Calculated
2018,United Kingdom,Social protection,428511.66,14.88843,28779.588,Mega Spender,Critical,2010,Not Calculated
2018,United States of America,Total function,7.7946345e+06,37.77565,206334.72,Mega Spender,Critical,2010,Not Calculated
2018,United States of America,Health,1.9219682e+06,9.31456,206318.05,Mega Spender,Significant,2010,Not Calculated
2018,Uzbekistan,Total function,10200.646,19.38065,526.3044,Moderate Spender,Critical,2010,Not Calculated
2018,Vanuatu,Total function,269.496,29.46271,9.14671,Low Spender,Critical,2010,Not Calculated
2019,Albania,Total function,4446.43,28.8695,154.01294,Low Spender,Critical,2010,Not Calculated
2019,Albania,Social protection,1446.999,9.39498,154.0019,Low Spender,Significant,2010,Not Calculated
2019,Armenia,Total function,3500.983,25.70606,136.1876,Low Spender,Critical,2010,Not Calculated
2019,Australia,Total function,606215.5,44.05445,13760.284,Mega Spender,Critical,2010,Not Calculated
2019,Australia,Social protection,151800.48,11.03153,13759.353,Mega Spender,Critical,2010,Not Calculated
2019,Austria,Total function,216211.52,48.62825,4446.1206,Mega Spender,Critical,2010,Not Calculated
2019,Austria,Social protection,89688.42,20.17187,4445.9927,Major Spender,Critical,2010,Not Calculated
2019,Azerbaijan,Total function,15605.447,32.39376,481.7275,Moderate Spender,Critical,2010,Not Calculated
2019,Belarus,Total function,26216.535,40.70248,644.0858,Moderate Spender,Critical,2010,Not Calculated
2019,Belarus,Social protection,8872.657,13.77524,644.05505,Low Spender,Critical,2010,Not Calculated
2019,Belgium,Total function,277855.7,51.85511,5358.2056,Mega Spender,Critical,2010,Not Calculated
2019,Belgium,Social protection,103115.805,19.2441,5358.029,Mega Spender,Critical,2010,Not Calculated
2019,Brazil,Total function,738667.2,39.26035,18814.105,Mega Spender,Critical,2010,Not Calculated
2019,Brazil,Social protection,294226.53,15.63821,18813.387,Mega Spender,Critical,2010,Not Calculated
2019,Bulgaria,Total function,25013.701,36.29687,689.1231,Moderate Spender,Critical,2010,Not Calculated
2019,Bulgaria,Social protection,7890.012,11.44903,689.0822,Low Spender,Critical,2010,Not Calculated
2019,Canada,Total function,653145.44,37.50483,17414.504,Mega Spender,Critical,2010,Not Calculated
2019,Canada,Social protection,195429.83,11.22195,17413.41,Mega Spender,Critical,2010,Not Calculated
2019,Chile,Total function,76946.45,27.62048,2785.747,Major Spender,Critical,2010,Not Calculated
2019,China,Total function,4.5232715e+06,31.67565,142795.14,Mega Spender,Critical,2010,Not Calculated
2019,"China, Hong Kong SAR",Total function,77655.24,21.38958,3630.348,Major Spender,Critical,2010,Not Calculated
2019,"China, Macao SAR",Total function,10162.528,18.40872,552.0197,Moderate Spender,Critical,2010,Not Calculated
2019,Colombia,Total function,108937.93,33.71548,3230.9995,Mega Spender,Critical,2010,Not Calculated
2019,Colombia,Social protection,31223.791,9.66353,3230.7612,Moderate Spender,Significant,2010,Not Calculated
2019,Cook Islands,Total function,118.052,33.08666,3.567856,Low Spender,Critical,2010,Not Calculated
2019,Cook Islands,General public services,35.308,9.89579,3.567621,Low Spender,Significant,2010,Not Calculated
2019,Costa Rica,Total function,22149.47,34.38415,644.158,Moderate Spender,Critical,2010,Not Calculated
2019,Costa Rica,Social protection,5885.944,9.13716,644.10596,Low Spender,Significant,2010,Not Calculated
2019,Cyprus,Total function,9889.886,38.11841,259.4449,Low Spender,Critical,2010,Not Calculated
2019,Cyprus,Social protection,3098.146,11.94113,259.42993,Low Spender,Critical,2010,Not Calculated
2019,Czechia,Total function,103680.88,41.0539,2525.4204,Mega Spender,Critical,2010,Not Calculated
2019,Czechia,Social protection,31610.637,12.51668,2525.279,Moderate Spender,Critical,2010,Not Calculated
2019,Denmark,Total function,172098.23,49.66778,3464.9175,Mega Spender,Critical,2010,Not Calculated
2019,Denmark,Social protection,75095.586,21.67269,3464.8271,Major Spender,Critical,2010,Not Calculated
2019,El Salvador,Total function,7023.9,26.12948,268.80103,Low Spender,Critical,2010,Not Calculated
2019,Estonia,Total function,12242.685,39.38847,310.8111,Moderate Spender,Critical,2010,Not Calculated
2019,Estonia,Social protection,4059.215,13.05974,310.79517,Low Spender,Critical,2010,Not Calculated
2019,Finland,Total function,143231.17,53.34198,2685.0989,Mega Spender,Critical,2010,Not Calculated
2019,Finland,Social protection,64616.07,24.06424,2685.0376,Major Spender,Critical,2010,Not Calculated
2019,France,Total function,1.5104846e+06,55.20264,27362.047,Mega Spender,Critical,2010,Not Calculated
2019,France,Social protection,650039.7,23.75655,27361.395,Mega Spender,Critical,2010,Not Calculated
2019,Georgia,Total function,5396.954,30.88037,174.76408,Low Spender,Critical,2010,Not Calculated
2019,Germany,Total function,1.7493435e+06,44.99079,38881.395,Mega Spender,Critical,2010,Not Calculated
2019,Germany,Social protection,761025.5,19.57256,38880.28,Mega Spender,Critical,2010,Not Calculated
2019,Greece,Total function,98152.164,47.81915,2052.5273,Major Spender,Critical,2010,Not Calculated
2019,Greece,Social protection,40617.895,19.7888,2052.4663,Moderate Spender,Critical,2010,Not Calculated
2019,Guatemala,Total function,12964.861,16.80029,771.65875,Moderate Spender,Critical,2010,Not Calculated
2019,Hungary,Total function,75522.72,46.05364,1639.8505,Major Spender,Critical,2010,Not Calculated
2019,Hungary,Social protection,20754.246,12.65591,1639.7561,Moderate Spender,Critical,2010,Not Calculated
2019,Iceland,Total function,10755.503,43.32337,248.25526,Moderate Spender,Critical,2010,Not Calculated
2019,Iceland,Social protection,2629.931,10.59341,248.2376,Low Spender,Critical,2010,Not Calculated
2019,India,Total function,710571.0,24.9259,28506.193,Mega Spender,Critical,2010,Not Calculated
2019,Indonesia,Total function,183775.83,16.42175,11190.321,Mega Spender,Critical,2010,Not Calculated
2019,Ireland,Total function,96846.12,24.25266,3993.0515,Major Spender,Critical,2010,Not Calculated
2019,Israel,Total function,157568.2,39.59651,3979.245,Mega Spender,Critical,2010,Not Calculated
2019,Israel,Social protection,43790.113,11.00435,3978.9841,Moderate Spender,Critical,2010,Not Calculated
2019,Italy,Total function,974905.56,48.47136,20112.607,Mega Spender,Critical,2010,Not Calculated
2019,Italy,Social protection,423389.75,21.05053,20112.066,Mega Spender,Critical,2010,Not Calculated
2019,Japan,Total function,1.9929994e+06,38.90056,51231.867,Mega Spender,Critical,2010,Not Calculated
2019,Japan,Social protection,823585.7,16.07524,51230.0,Mega Spender,Critical,2010,Not Calculated
2019,Kazakhstan,Total function,35498.75,19.54054,1816.579,Moderate Spender,Critical,2010,Not Calculated
2019,Kiribati,Total function,198.079,112.91656,1.7541913,Low Spender,Critical,2010,Not Calculated
2019,Kiribati,Health,23.681,13.4996,1.75407,Low Spender,Critical,2010,Not Calculated
2019,Kiribati,Education,24.153,13.76863,1.7540776,Low Spender,Critical,2010,Not Calculated
2019,Kiribati,General public services,40.653,23.17438,1.7541461,Low Spender,Critical,2010,Not Calculated
2019,"Korea, Republic of",Total function,559355.75,33.87525,16511.736,Mega Spender,Critical,2010,Not Calculated
2019,Kyrgyzstan,Total function,2836.407,31.97386,88.70741,Low Spender,Critical,2010,Not Calculated
2019,Kyrgyzstan,Social protection,880.17,9.92186,88.70124,Low Spender,Significant,2010,Not Calculated
2019,Latvia,Total function,13102.307,38.15025,343.4306,Moderate Spender,Critical,2010,Not Calculated
2019,Latvia,Social protection,4115.938,11.98446,343.41092,Low Spender,Critical,2010,Not Calculated
2019,Lithuania,Total function,19019.682,34.73819,547.49927,Moderate Spender,Critical,2010,Not Calculated
2019,Lithuania,Social protection,7332.76,13.3928,547.4742,Low Spender,Critical,2010,Not Calculated
2019,Luxembourg,Total function,30115.309,43.1293,698.24023,Moderate Spender,Critical,2010,Not Calculated
2019,Luxembourg,Social protection,12804.18,18.33736,698.2184,Moderate Spender,Critical,2010,Not Calculated
2019,Malaysia,Total function,76138.4,20.84391,3652.6135,Major Spender,Critical,2010,Not Calculated
2019,Maldives,Total function,1884.973,33.60391,56.092194,Low Spender,Critical,2010,Not Calculated
2019,Malta,Total function,5670.922,35.72955,158.71355,Low Spender,Critical,2010,Not Calculated
2019,Malta,Social protection,1626.037,10.24482,158.70247,Low Spender,Critical,2010,Not Calculated
2019,Marshall Islands,Total function,144.405,60.25876,2.3963754,Low Spender,Critical,2010,Not Calculated
2019,Marshall Islands,Health,25.19,10.51153,2.3961883,Low Spender,Critical,2010,Not Calculated
2019,Marshall Islands,Education,37.251,15.54447,2.3962607,Low Spender,Critical,2010,Not Calculated
2019,Marshall Islands,General public services,36.832,15.36962,2.3962598,Low Spender,Critical,2010,Not Calculated
2019,Mauritius,Total function,3622.477,25.09849,144.32474,Low Spender,Critical,2010,Not Calculated
2019,"Moldova, Republic of",Total function,3754.273,31.36049,119.70965,Low Spender,Critical,2010,Not Calculated
2019,"Moldova, Republic of",Social protection,1328.053,11.0936,119.70264,Low Spender,Critical,2010,Not Calculated
2019,Mongolia,Total function,3563.805,25.08598,142.05795,Low Spender,Critical,2010,Not Calculated
2019,Myanmar,Total function,14086.038,18.96449,742.7194,Moderate Spender,Critical,2010,Not Calculated
2019,Nepal,Total function,8851.155,25.82902,342.66934,Low Spender,Critical,2010,Not Calculated
2019,Netherlands (Kingdom of the),Total function,383412.2,42.12421,9101.728,Mega Spender,Critical,2010,Not Calculated
2019,Netherlands (Kingdom of the),Social protection,144287.95,15.85243,9101.371,Mega Spender,Critical,2010,Not Calculated
2019,New Zealand,Total function,73804.49,34.57945,2134.284,Major Spender,Critical,2010,Not Calculated
2019,New Zealand,Social protection,21624.568,10.13171,2134.1345,Moderate Spender,Critical,2010,Not Calculated
2019,Norway,Total function,208757.16,51.55244,4049.3352,Mega Spender,Critical,2010,Not Calculated
2019,Norway,Social protection,79851.93,19.71938,4049.2087,Major Spender,Critical,2010,Not Calculated
2019,Paraguay,Total function,8075.791,21.29392,379.23557,Low Spender,Critical,2010,Not Calculated
2019,Peru,Total function,47406.664,20.76272,2283.149,Moderate Spender,Critical,2010,Not Calculated
2019,Philippines,Total function,69706.5,18.49845,3768.0312,Major Spender,Critical,2010,Not Calculated
2019,Poland,Total function,249604.67,41.87587,5960.4424,Mega Spender,Critical,2010,Not Calculated
2019,Poland,Social protection,99626.82,16.71427,5960.2285,Major Spender,Critical,2010,Not Calculated
2019,Portugal,Total function,101876.85,42.451,2399.8127,Mega Spender,Critical,2010,Not Calculated
2019,Portugal,Social protection,40478.418,16.86693,2399.7266,Moderate Spender,Critical,2010,Not Calculated
2019,Romania,Total function,90277.67,35.96465,2510.1082,Major Spender,Critical,2010,Not Calculated
2019,Romania,Social protection,29595.451,11.79018,2509.965,Moderate Spender,Critical,2010,Not Calculated
2019,Russian Federation,Total function,639876.4,37.79285,16930.701,Mega Spender,Critical,2010,Not Calculated
2019,Russian Federation,Social protection,201910.3,11.92537,16929.734,Mega Spender,Critical,2010,Not Calculated
2019,Samoa,Total function,247.77,27.1513,9.125194,Low Spender,Critical,2010,Not Calculated
2019,San Marino,Total function,714.186,44.18833,16.161955,Low Spender,Critical,2010,Not Calculated
2019,San Marino,Social protection,294.36,18.21272,16.161442,Low Spender,Critical,2010,Not Calculated
2019,Singapore,Total function,59423.36,15.82579,3754.6057,Major Spender,Critical,2010,Not Calculated
2019,Slovakia,Total function,42847.91,40.52948,1057.1775,Moderate Spender,Critical,2010,Not Calculated
2019,Slovakia,Social protection,15082.221,14.26615,1057.1292,Moderate Spender,Critical,2010,Not Calculated
2019,Slovenia,Total function,23459.562,43.1785,543.3032,Moderate Spender,Critical,2010,Not Calculated
2019,Slovenia,Social protection,8919.839,16.41741,543.2828,Low Spender,Critical,2010,Not Calculated
2019,South Africa,Total function,159818.78,41.13409,3885.2178,Mega Spender,Critical,2010,Not Calculated
2019,Spain,Total function,589573.5,42.28394,13942.872,Mega Spender,Critical,2010,Not Calculated
2019,Spain,Social protection,242475.94,17.39026,13942.401,Mega Spender,Critical,2010,Not Calculated
2019,Sri Lanka,Total function,16405.447,19.55298,838.98254,Moderate Spender,Critical,2010,Not Calculated
2019,Sweden,Total function,262326.66,49.13592,5338.6875,Mega Spender,Critical,2010,Not Calculated
2019,Sweden,Social protection,101198.52,18.95531,5338.5137,Mega Spender,Critical,2010,Not Calculated
2019,"Switzerland, Liechtenstein",Total function,239927.14,32.50405,7381.2266,Mega Spender,Critical,2010,Not Calculated
2019,"Switzerland, Liechtenstein",Social protection,94203.37,12.76217,7380.875,Major Spender,Critical,2010,Not Calculated
2019,Thailand,Total function,111302.625,20.457,5440.543,Mega Spender,Critical,2010,Not Calculated
2019,Türkiye,Total function,264622.47,34.82173,7599.1304,Mega Spender,Critical,2010,Not Calculated
2019,Türkiye,Social protection,80931.555,10.6498,7598.6357,Major Spender,Critical,2010,Not Calculated
2019,Ukraine,Total function,63455.316,41.23607,1538.7931,Major Spender,Critical,2010,Not Calculated
2019,Ukraine,Social protection,23114.969,15.02113,1538.7278,Moderate Spender,Critical,2010,Not Calculated
2019,United Kingdom,Total function,1.1656554e+06,40.79915,28569.88,Mega Spender,Critical,2010,Not Calculated
2019,United Kingdom,Social protection,422177.62,14.77666,28568.637,Mega Spender,Critical,2010,Not Calculated
2019,United States of America,Total function,8.2216335e+06,38.26489,214855.42,Mega Spender,Critical,2010,Not Calculated
2019,United States of America,Health,2.0405194e+06,9.49693,214838.31,Mega Spender,Significant,2010,Not Calculated
2019,Uzbekistan,Total function,13290.952,22.18573,599.0496,Moderate Spender,Critical,2010,Not Calculated
2020,Albania,Total function,4917.828,32.49981,151.31403,Low Spender,Critical,2020,Not Calculated
2020,Albania,Social protection,1636.088,10.8122,151.3047,Low Spender,Critical,2020,Not Calculated
2020,Armenia,Total function,3936.125,31.13605,126.41291,Low Spender,Critical,2020,Not Calculated
2020,Australia,Total function,660774.06,46.15229,14316.944,Mega Spender,Critical,2020,Not Calculated
2020,Australia,Social protection,168763.0,11.78739,14316.034,Mega Spender,Critical,2020,Not Calculated
2020,Austria,Total function,246951.34,56.74104,4352.1763,Mega Spender,Critical,2020,Not Calculated
2020,Austria,Health,39691.258,9.1197,4351.7773,Moderate Spender,Significant,2020,Not Calculated
2020,Austria,Social protection,99082.07,22.7657,4352.0615,Major Spender,Critical,2020,Not Calculated
2020,Azerbaijan,Total function,17319.436,40.56739,426.91946,Moderate Spender,Critical,2020,Not Calculated
2020,Azerbaijan,Social protection,4112.018,9.6316,426.88556,Low Spender,Significant,2020,Not Calculated
2020,Belarus,Total function,25552.107,41.63502,613.70197,Moderate Spender,Critical,2020,Not Calculated
2020,Belarus,Social protection,8354.748,13.61336,613.6717,Low Spender,Critical,2020,Not Calculated
2020,Belgium,Total function,309357.06,58.90139,5252.0293,Mega Spender,Critical,2020,Not Calculated
2020,Belgium,Social protection,118675.664,22.59577,5251.886,Mega Spender,Critical,2020,Not Calculated
2020,Brazil,Total function,677023.25,46.73749,14485.347,Mega Spender,Critical,2020,Not Calculated
2020,Brazil,Social protection,301640.16,20.82337,14484.96,Mega Spender,Critical,2020,Not Calculated
2020,Bulgaria,Total function,29141.332,41.48887,702.37225,Moderate Spender,Critical,2020,Not Calculated
2020,Bulgaria,Social protection,9175.048,13.06263,702.33527,Low Spender,Critical,2020,Not Calculated
2020,Canada,Total function,837220.1,50.88174,16453.912,Mega Spender,Critical,2020,Not Calculated
2020,Canada,Health,160176.39,9.73466,16452.545,Mega Spender,Significant,2020,Not Calculated
2020,Canada,Social protection,294121.62,17.87513,16453.316,Mega Spender,Critical,2020,Not Calculated
2020,Chile,Total function,77279.86,30.57837,2527.1895,Major Spender,Critical,2020,Not Calculated
2020,Chile,Social protection,25668.578,10.15664,2527.0217,Moderate Spender,Critical,2020,Not Calculated
2020,China,Total function,5.041628e+06,34.32541,146873.16,Mega Spender,Critical,2020,Not Calculated
2020,"China, Hong Kong SAR",Total function,111199.2,32.2382,3449.1924,Mega Spender,Critical,2020,Not Calculated
2020,"China, Macao SAR",Total function,12459.771,48.69717,255.85709,Moderate Spender,Critical,2020,Not Calculated
2020,"China, Macao SAR",Social protection,3368.251,13.16431,255.84288,Low Spender,Critical,2020,Not Calculated
2020,Colombia,Total function,99370.09,36.76289,2702.9265,Major Spender,Critical,2020,Not Calculated
2020,Colombia,Social protection,30148.146,11.15359,2702.7568,Moderate Spender,Critical,2020,Not Calculated
2020,Cook Islands,Total function,107.945,38.09008,2.8338656,Low Spender,Critical,2020,Not Calculated
2020,Cook Islands,General public services,42.882,15.13165,2.8337402,Low Spender,Critical,2020,Not Calculated
2020,Costa Rica,Total function,23044.729,37.07443,621.56335,Moderate Spender,Critical,2020,Not Calculated
2020,Costa Rica,Social protection,6201.757,9.97741,621.5175,Low Spender,Significant,2020,Not Calculated
2020,Cyprus,Total function,11150.804,44.58847,250.07706,Moderate Spender,Critical,2020,Not Calculated
2020,Cyprus,Social protection,3352.688,13.40632,250.064,Low Spender,Critical,2020,Not Calculated
2020,Czechia,Total function,116146.19,47.21878,2459.6936,Mega Spender,Critical,2020,Not Calculated
2020,Czechia,Health,22969.033,9.33797,2459.4824,Moderate Spender,Significant,2020,Not Calculated
2020,Czechia,Social protection,35240.766,14.327,2459.5732,Moderate Spender,Critical,2020,Not Calculated
2020,Denmark,Total function,190172.28,53.53611,3552.1582,Mega Spender,Critical,2020,Not Calculated
2020,Denmark,Social protection,79765.34,22.45504,3552.0664,Major Spender,Critical,2020,Not Calculated
2020,El Salvador,Total function,8756.8,35.65035,245.62325,Low Spender,Critical,2020,Not Calculated
2020,El Salvador,General public services,3004.1,12.23018,245.61,Low Spender,Critical,2020,Not Calculated
2020,Estonia,Total function,14075.854,44.86986,313.697,Moderate Spender,Critical,2020,Not Calculated
2020,Estonia,Social protection,4611.046,14.69872,313.68256,Low Spender,Critical,2020,Not Calculated
2020,Finland,Total function,155484.88,57.18631,2718.8704,Mega Spender,Critical,2020,Not Calculated
2020,Finland,Social protection,69343.87,25.50422,2718.811,Major Spender,Critical,2020,Not Calculated
2020,France,Total function,1.6228905e+06,61.33956,26457.053,Mega Spender,Critical,2020,Not Calculated
2020,France,Social protection,716872.0,27.09524,26456.514,Mega Spender,Critical,2020,Not Calculated
2020,Georgia,Total function,5747.283,36.26869,158.45969,Low Spender,Critical,2020,Not Calculated
2020,Georgia,Social protection,1513.598,9.55168,158.44748,Low Spender,Significant,2020,Not Calculated
2020,Germany,Total function,1.960711e+06,50.40817,38895.92,Mega Spender,Critical,2020,Not Calculated
2020,Germany,Social protection,841656.9,21.63827,38894.887,Mega Spender,Critical,2020,Not Calculated
2020,Greece,Total function,112772.445,59.69133,1889.2284,Mega Spender,Critical,2020,Not Calculated
2020,Greece,Social protection,42569.65,22.53245,1889.1759,Moderate Spender,Critical,2020,Not Calculated
2020,Guatemala,Total function,13971.755,17.99881,776.21686,Moderate Spender,Critical,2020,Not Calculated
2020,Hungary,Total function,80293.31,51.08301,1571.7896,Major Spender,Critical,2020,Not Calculated
2020,Hungary,Social protection,21198.928,13.48686,1571.7042,Moderate Spender,Critical,2020,Not Calculated
2020,Iceland,Total function,11029.795,50.84102,216.9425,Moderate Spender,Critical,2020,Not Calculated
2020,Iceland,Social protection,3013.729,13.89156,216.93115,Low Spender,Critical,2020,Not Calculated
2020,India,Total function,850750.56,31.83704,26721.2,Mega Spender,Critical,2020,Not Calculated
2020,Indonesia,Total function,205730.22,19.43255,10586.343,Mega Spender,Critical,2020,Not Calculated
2020,Ireland,Total function,116449.8,27.34511,4258.368,Mega Spender,Critical,2020,Not Calculated
2020,Ireland,Social protection,42311.387,9.9357,4258.0923,Moderate Spender,Significant,2020,Not Calculated
2020,Israel,Total function,187612.05,46.08491,4070.92,Mega Spender,Critical,2020,Not Calculated
2020,Israel,Social protection,53043.984,13.02969,4070.6965,Major Spender,Critical,2020,Not Calculated
2020,Italy,Total function,1.0776551e+06,56.81572,18967.219,Mega Spender,Critical,2020,Not Calculated
2020,Italy,Social protection,475917.72,25.09115,18966.797,Mega Spender,Critical,2020,Not Calculated
2020,Japan,Total function,2.38062e+06,47.23351,50400.016,Mega Spender,Critical,2020,Not Calculated
2020,Japan,Social protection,898263.44,17.82231,50398.242,Mega Spender,Critical,2020,Not Calculated
2020,Kazakhstan,Total function,41570.78,24.29869,1710.7535,Moderate Spender,Critical,2020,Not Calculated
2020,Kenya,Total function,25996.99,25.82485,1006.6267,Moderate Spender,Critical,2020,Not Calculated
2020,Kiribati,Total function,179.405,100.98828,1.7764757,Low Spender,Critical,2020,Not Calculated
2020,Kiribati,Health,19.908,11.20626,1.7763486,Low Spender,Critical,2020,Not Calculated
2020,Kiribati,Education,22.347,12.57955,1.7763134,Low Spender,Critical,2020,Not Calculated
2020,Kiribati,General public services,48.442,27.2681,1.776443,Low Spender,Critical,2020,Not Calculated
2020,"Korea, Republic of",Total function,627011.3,38.13212,16442.697,Mega Spender,Critical,2020,Not Calculated
2020,"Korea, Republic of",Social protection,152705.94,9.28692,16441.35,Mega Spender,Significant,2020,Not Calculated
2020,Kyrgyzstan,Total function,2630.268,33.80428,77.80643,Low Spender,Critical,2020,Not Calculated
2020,Kyrgyzstan,Social protection,865.18,11.11932,77.80171,Low Spender,Critical,2020,Not Calculated
2020,Latvia,Total function,14585.479,42.15244,346.00922,Moderate Spender,Critical,2020,Not Calculated
2020,Latvia,Social protection,4545.004,13.13519,345.99103,Low Spender,Critical,2020,Not Calculated
2020,Lithuania,Total function,24260.543,42.67719,568.45294,Moderate Spender,Critical,2020,Not Calculated
2020,Lithuania,Social protection,9074.611,15.96332,568.4308,Low Spender,Critical,2020,Not Calculated
2020,Luxembourg,Total function,34577.84,46.73149,739.91003,Moderate Spender,Critical,2020,Not Calculated
2020,Luxembourg,Social protection,15137.16,20.45767,739.8898,Moderate Spender,Critical,2020,Not Calculated
2020,Malaysia,Total function,74212.12,22.02091,3369.9219,Major Spender,Critical,2020,Not Calculated
2020,Maldives,Total function,1869.386,49.89914,37.46254,Low Spender,Critical,2020,Not Calculated
2020,Malta,Total function,6870.766,45.69584,150.3554,Low Spender,Critical,2020,Not Calculated
2020,Malta,Social protection,1792.905,11.92419,150.34604,Low Spender,Critical,2020,Not Calculated
2020,Marshall Islands,Total function,134.631,55.07226,2.44458,Low Spender,Critical,2020,Not Calculated
2020,Marshall Islands,Education,31.159,12.74592,2.4444335,Low Spender,Critical,2020,Not Calculated
2020,Marshall Islands,General public services,42.688,17.46199,2.444484,Low Spender,Critical,2020,Not Calculated
2020,Mauritius,Total function,3822.128,33.53192,113.98136,Low Spender,Critical,2020,Not Calculated
2020,Mauritius,Social protection,1089.31,9.55663,113.97282,Low Spender,Significant,2020,Not Calculated
2020,"Moldova, Republic of",Total function,4229.91,35.66615,118.59401,Low Spender,Critical,2020,Not Calculated
2020,"Moldova, Republic of",Social protection,1502.86,12.67196,118.58792,Low Spender,Critical,2020,Not Calculated
2020,Mongolia,Total function,4229.372,31.76878,133.12564,Low Spender,Critical,2020,Not Calculated
2020,Mongolia,Social protection,1420.928,10.67325,133.11736,Low Spender,Critical,2020,Not Calculated
2020,Nepal,Total function,9091.286,27.66758,328.578,Low Spender,Critical,2020,Not Calculated
2020,Netherlands (Kingdom of the),Total function,435166.44,47.83134,9097.745,Mega Spender,Critical,2020,Not Calculated
2020,Netherlands (Kingdom of the),Social protection,156693.31,17.22295,9097.409,Mega Spender,Critical,2020,Not Calculated
2020,New Zealand,Total function,86446.8,40.73572,2122.0852,Major Spender,Critical,2020,Not Calculated
2020,New Zealand,Social protection,23142.03,10.90506,2121.9421,Moderate Spender,Critical,2020,Not Calculated
2020,Norway,Total function,211816.52,58.48081,3621.9214,Mega Spender,Critical,2020,Not Calculated
2020,Norway,Health,34900.47,9.63573,3621.609,Moderate Spender,Significant,2020,Not Calculated
2020,Norway,Social protection,80602.21,22.25361,3621.8208,Major Spender,Critical,2020,Not Calculated
2020,Paraguay,Total function,8466.604,23.89524,354.30692,Low Spender,Critical,2020,Not Calculated
2020,Peru,Total function,51658.16,25.61104,2016.9484,Major Spender,Critical,2020,Not Calculated
2020,Philippines,Total function,86832.81,24.00347,3617.3604,Major Spender,Critical,2020,Not Calculated
2020,Philippines,General public services,33814.22,9.34737,3617.1243,Moderate Spender,Significant,2020,Not Calculated
2020,Poland,Total function,289215.53,48.24739,5994.304,Mega Spender,Critical,2020,Not Calculated
2020,Poland,Social protection,108341.13,18.07364,5994.096,Mega Spender,Critical,2020,Not Calculated
2020,Portugal,Total function,112784.164,49.24388,2290.272,Mega Spender,Critical,2020,Not Calculated
2020,Portugal,Social protection,43333.492,18.92029,2290.1975,Moderate Spender,Critical,2020,Not Calculated
2020,Romania,Total function,104393.77,41.53116,2513.565,Mega Spender,Critical,2020,Not Calculated
2020,Romania,Social protection,34415.88,13.69173,2513.4417,Moderate Spender,Critical,2020,Not Calculated
2020,Russian Federation,Total function,616988.5,41.42637,14893.259,Mega Spender,Critical,2020,Not Calculated
2020,Russian Federation,Social protection,210573.73,14.13852,14892.565,Mega Spender,Critical,2020,Not Calculated
2020,Russian Federation,General public services,148023.2,9.9387,14892.119,Mega Spender,Significant,2020,Not Calculated
2020,Samoa,Total function,256.589,30.94609,8.291215,Low Spender,Critical,2020,Not Calculated
2020,Samoa,General public services,256.577,30.94465,8.291214,Low Spender,Critical,2020,Not Calculated
2020,San Marino,Total function,724.261,46.88643,15.446806,Low Spender,Critical,2020,Not Calculated
2020,San Marino,Social protection,304.441,19.70855,15.446371,Low Spender,Critical,2020,Not Calculated
2020,Singapore,Total function,95872.3,27.76609,3452.7312,Major Spender,Critical,2020,Not Calculated
2020,Slovakia,Total function,47763.03,44.76518,1066.9446,Moderate Spender,Critical,2020,Not Calculated
2020,Slovakia,Social protection,16972.51,15.90723,1066.9011,Moderate Spender,Critical,2020,Not Calculated
2020,Slovenia,Total function,27476.305,51.15982,537.05756,Moderate Spender,Critical,2020,Not Calculated
2020,Slovenia,Social protection,10010.938,18.63998,537.0393,Moderate Spender,Critical,2020,Not Calculated
2020,South Africa,Total function,147595.5,43.71651,3376.1187,Mega Spender,Critical,2020,Not Calculated
2020,South Africa,General public services,30530.336,9.04282,3375.823,Moderate Spender,Significant,2020,Not Calculated
2020,Spain,Total function,663354.4,51.94783,12769.381,Mega Spender,Critical,2020,Not Calculated
2020,Spain,Social protection,283292.06,22.18483,12769.055,Mega Spender,Critical,2020,Not Calculated
2020,Sweden,Total function,284850.7,52.06993,5470.436,Mega Spender,Critical,2020,Not Calculated
2020,Sweden,Social protection,107457.52,19.64294,5470.263,Mega Spender,Critical,2020,Not Calculated
2020,"Switzerland, Liechtenstein",Total function,284479.44,37.5123,7583.429,Mega Spender,Critical,2020,Not Calculated
2020,"Switzerland, Liechtenstein",Social protection,122827.09,16.19634,7583.1646,Mega Spender,Critical,2020,Not Calculated
2020,Thailand,Total function,126287.19,25.24607,5002.053,Mega Spender,Critical,2020,Not Calculated
2020,Türkiye,Total function,257574.78,35.75993,7202.687,Mega Spender,Critical,2020,Not Calculated
2020,Türkiye,Social protection,76102.16,10.56551,7202.2036,Major Spender,Critical,2020,Not Calculated
2020,Ukraine,Total function,70508.33,45.01938,1566.1425,Major Spender,Critical,2020,Not Calculated
2020,Ukraine,Social protection,24457.81,15.61625,1566.0767,Moderate Spender,Critical,2020,Not Calculated
2020,United Kingdom,Total function,1.4171431e+06,52.39733,27045.578,Mega Spender,Critical,2020,Not Calculated
2020,United Kingdom,Health,267961.7,9.90759,27043.371,Mega Spender,Significant,2020,Not Calculated
2020,United Kingdom,Social protection,456711.78,16.88642,27044.5,Mega Spender,Critical,2020,Not Calculated
2020,United States of America,Total function,9.964038e+06,47.08125,211630.47,Mega Spender,Critical,2020,Not Calculated
2020,United States of America,Health,2.2210815e+06,10.49487,211614.8,Mega Spender,Critical,2020,Not Calculated
2020,United States of America,Social protection,2.5684032e+06,12.13601,211617.45,Mega Spender,Critical,2020,Not Calculated
2020,Uzbekistan,Total function,14144.008,23.61495,598.9176,Moderate Spender,Critical,2020,Not Calculated
2021,Albania,Total function,5737.172,31.41927,182.59462,Low Spender,Critical,2020,Not Calculated
2021,Albania,Social protection,1745.788,9.5607,182.58131,Low Spender,Significant,2020,Not Calculated
2021,Armenia,Total function,4063.226,29.3132,138.60948,Low Spender,Critical,2020,Not Calculated
2021,Australia,Total function,719633.8,41.48865,17344.898,Mega Spender,Critical,2020,Not Calculated
2021,Australia,Social protection,186628.2,10.75957,17343.709,Mega Spender,Critical,2020,Not Calculated
2021,Austria,Total function,268791.5,55.95528,4803.5986,Mega Spender,Critical,2020,Not Calculated
2021,Austria,Health,48408.613,10.07739,4803.209,Moderate Spender,Critical,2020,Not Calculated
2021,Austria,Social protection,105227.97,21.90568,4803.4653,Mega Spender,Critical,2020,Not Calculated
2021,Azerbaijan,Total function,17487.37,32.01514,546.2048,Moderate Spender,Critical,2020,Not Calculated
2021,Belgium,Total function,329680.1,55.49197,5940.9346,Mega Spender,Critical,2020,Not Calculated
2021,Belgium,Social protection,124890.99,21.02173,5940.76,Mega Spender,Critical,2020,Not Calculated
2021,Bulgaria,Total function,34143.586,40.61929,840.555,Moderate Spender,Critical,2020,Not Calculated
2021,Bulgaria,Social protection,11232.701,13.36311,840.51245,Moderate Spender,Critical,2020,Not Calculated
2021,Canada,Total function,831756.3,41.83177,19882.889,Mega Spender,Critical,2020,Not Calculated
2021,Canada,Health,182441.36,9.17558,19881.191,Mega Spender,Significant,2020,Not Calculated
2021,Canada,Social protection,266985.53,13.42758,19881.889,Mega Spender,Critical,2020,Not Calculated
2021,Chile,Total function,108119.04,34.10066,3170.4922,Mega Spender,Critical,2020,Not Calculated
2021,Chile,Social protection,50607.008,15.96141,3170.3865,Major Spender,Critical,2020,Not Calculated
2021,"China, Macao SAR",Total function,11585.195,38.7399,299.04303,Moderate Spender,Critical,2020,Not Calculated
2021,"China, Macao SAR",Social protection,3337.308,11.15967,299.024,Low Spender,Critical,2020,Not Calculated
2021,Colombia,Total function,108132.57,34.3863,3144.5498,Mega Spender,Critical,2020,Not Calculated
2021,Colombia,Social protection,31169.547,9.91196,3144.3228,Moderate Spender,Significant,2020,Not Calculated
2021,Cyprus,Total function,12230.244,43.05193,284.07462,Moderate Spender,Critical,2020,Not Calculated
2021,Cyprus,Social protection,3561.113,12.53554,284.0587,Low Spender,Critical,2020,Not Calculated
2021,Czechia,Total function,131071.51,46.5159,2817.718,Mega Spender,Critical,2020,Not Calculated
2021,Czechia,Health,27699.852,9.83039,2817.4907,Moderate Spender,Significant,2020,Not Calculated
2021,Czechia,Social protection,38426.45,13.63714,2817.5725,Moderate Spender,Critical,2020,Not Calculated
2021,Denmark,Total function,202353.12,50.80378,3982.9546,Mega Spender,Critical,2020,Not Calculated
2021,Denmark,Health,36804.97,9.24044,3982.6008,Moderate Spender,Significant,2020,Not Calculated
2021,Denmark,Social protection,84174.086,21.13316,3982.8452,Major Spender,Critical,2020,Not Calculated
2021,El Salvador,Total function,9482.2,32.99655,287.36072,Low Spender,Critical,2020,Not Calculated
2021,Estonia,Total function,15423.643,41.47125,371.90274,Moderate Spender,Critical,2020,Not Calculated
2021,Estonia,Social protection,5012.453,13.47754,371.88397,Low Spender,Critical,2020,Not Calculated
2021,Finland,Total function,165498.48,55.66681,2972.9656,Mega Spender,Critical,2020,Not Calculated
2021,Finland,Social protection,73300.33,24.65519,2972.8977,Major Spender,Critical,2020,Not Calculated
2021,France,Total function,1.7465219e+06,58.87531,29664.256,Mega Spender,Critical,2020,Not Calculated
2021,France,Health,272600.34,9.18937,29661.518,Mega Spender,Significant,2020,Not Calculated
2021,France,Social protection,732100.9,24.67914,29663.562,Mega Spender,Critical,2020,Not Calculated
2021,Georgia,Total function,6210.162,33.21578,186.95859,Low Spender,Critical,2020,Not Calculated
2021,Germany,Total function,2.1833375e+06,51.25284,42598.516,Mega Spender,Critical,2020,Not Calculated
2021,Germany,Social protection,890466.25,20.90328,42597.316,Mega Spender,Critical,2020,Not Calculated
2021,Greece,Total function,123440.24,57.44776,2148.7017,Mega Spender,Critical,2020,Not Calculated
2021,Greece,Social protection,44294.81,20.61433,2148.6345,Moderate Spender,Critical,2020,Not Calculated
2021,Guatemala,Total function,14464.234,16.82164,859.8077,Moderate Spender,Critical,2020,Not Calculated
2021,Hungary,Total function,88047.85,48.41837,1818.4427,Major Spender,Critical,2020,Not Calculated
2021,Hungary,Social protection,23859.365,13.1205,1818.3413,Moderate Spender,Critical,2020,Not Calculated
2021,Iceland,Total function,12605.061,49.23387,256.01895,Moderate Spender,Critical,2020,Not Calculated
2021,Iceland,Social protection,3388.802,13.23626,256.0048,Low Spender,Critical,2020,Not Calculated
2021,Indonesia,Total function,225046.66,18.97378,11860.305,Mega Spender,Critical,2020,Not Calculated
2021,Ireland,Total function,125150.78,24.82251,5041.623,Mega Spender,Critical,2020,Not Calculated
2021,Israel,Total function,199550.47,41.43565,4815.7964,Mega Spender,Critical,2020,Not Calculated
2021,Israel,Social protection,52008.07,10.79921,4815.4683,Major Spender,Critical,2020,Not Calculated
2021,Italy,Total function,1.1663795e+06,55.3389,21076.646,Mega Spender,Critical,2020,Not Calculated
2021,Italy,Social protection,492677.56,23.3751,21076.125,Mega Spender,Critical,2020,Not Calculated
2021,Japan,Total function,2.2256345e+06,45.04532,49407.69,Mega Spender,Critical,2020,Not Calculated
2021,Japan,Health,460314.44,9.31645,49403.477,Mega Spender,Significant,2020,Not Calculated
2021,Japan,Social protection,897587.44,18.16656,49406.06,Mega Spender,Critical,2020,Not Calculated
2021,Kiribati,Total function,250.104,109.95777,2.2745252,Low Spender,Critical,2020,Not Calculated
2021,Kiribati,Health,25.814,11.34898,2.2743652,Low Spender,Critical,2020,Not Calculated
2021,Kiribati,Education,32.288,14.1952,2.2744112,Low Spender,Critical,2020,Not Calculated
2021,Kiribati,General public services,101.307,44.53935,2.2744994,Low Spender,Critical,2020,Not Calculated
2021,Kyrgyzstan,Total function,2896.203,33.13475,87.404175,Low Spender,Critical,2020,Not Calculated
2021,Kyrgyzstan,Social protection,815.877,9.33425,87.39744,Low Spender,Significant,2020,Not Calculated
2021,Latvia,Total function,17521.352,43.9644,398.5259,Moderate Spender,Critical,2020,Not Calculated
2021,Latvia,Social protection,5485.928,13.76523,398.5062,Low Spender,Critical,2020,Not Calculated
2021,Lithuania,Total function,24916.979,37.50001,664.4349,Moderate Spender,Critical,2020,Not Calculated
2021,Lithuania,Social protection,9523.555,14.33293,664.4064,Low Spender,Critical,2020,Not Calculated
2021,Luxembourg,Total function,36672.28,42.88843,855.04236,Moderate Spender,Critical,2020,Not Calculated
2021,Luxembourg,Social protection,15646.945,18.29918,855.016,Moderate Spender,Critical,2020,Not Calculated
2021,Maldives,Total function,2114.22,39.11183,54.054382,Low Spender,Critical,2020,Not Calculated
2021,Malta,Total function,7726.015,43.59895,177.2024,Low Spender,Critical,2020,Not Calculated
2021,Malta,Social protection,1948.446,10.99535,177.19025,Low Spender,Critical,2020,Not Calculated
2021,Mauritius,Total function,3976.793,34.50514,115.248856,Low Spender,Critical,2020,Not Calculated
2021,Mauritius,Social protection,1196.295,10.3798,115.24112,Low Spender,Critical,2020,Not Calculated
2021,Mauritius,General public services,1042.284,9.04351,115.2394,Low Spender,Significant,2020,Not Calculated
2021,"Moldova, Republic of",Total function,4638.65,33.90802,136.79694,Low Spender,Critical,2020,Not Calculated
2021,"Moldova, Republic of",Social protection,1664.283,12.16572,136.78978,Low Spender,Critical,2020,Not Calculated
2021,Mongolia,Total function,4866.378,32.23189,150.97554,Low Spender,Critical,2020,Not Calculated
2021,Mongolia,Social protection,1896.561,12.56165,150.96822,Low Spender,Critical,2020,Not Calculated
2021,Nepal,Total function,10455.239,28.87615,362.05927,Moderate Spender,Critical,2020,Not Calculated
2021,Netherlands (Kingdom of the),Total function,471999.72,46.6013,10128.25,Mega Spender,Critical,2020,Not Calculated
2021,Netherlands (Kingdom of the),Social protection,168478.98,16.6342,10127.861,Mega Spender,Critical,2020,Not Calculated
2021,New Zealand,Total function,96016.41,38.33736,2504.4475,Major Spender,Critical,2020,Not Calculated
2021,New Zealand,Social protection,28641.637,11.43601,2504.294,Moderate Spender,Critical,2020,Not Calculated
2021,Norway,Total function,236777.42,49.10613,4821.651,Mega Spender,Critical,2020,Not Calculated
2021,Norway,Social protection,91162.164,18.90645,4821.4946,Major Spender,Critical,2020,Not Calculated
2021,Philippines,Total function,91483.84,23.21416,3940.694,Major Spender,Critical,2020,Not Calculated
2021,Philippines,General public services,38581.17,9.79003,3940.461,Moderate Spender,Significant,2020,Not Calculated
2021,Poland,Total function,300389.97,44.21128,6794.2656,Mega Spender,Critical,2020,Not Calculated
2021,Poland,Social protection,117787.086,17.33586,6794.027,Mega Spender,Critical,2020,Not Calculated
2021,Portugal,Total function,121274.586,47.8093,2536.5786,Mega Spender,Critical,2020,Not Calculated
2021,Portugal,Social protection,46371.57,18.28077,2536.4924,Moderate Spender,Critical,2020,Not Calculated
2021,Romania,Total function,113576.94,39.97971,2840.7935,Mega Spender,Critical,2020,Not Calculated
2021,Romania,Social protection,38119.31,13.41821,2840.652,Moderate Spender,Critical,2020,Not Calculated
2021,Russian Federation,Total function,647701.06,36.41262,17787.33,Mega Spender,Critical,2020,Not Calculated
2021,Samoa,Total function,294.771,34.38516,8.572373,Low Spender,Critical,2020,Not Calculated
2021,Samoa,General public services,294.771,34.38516,8.572373,Low Spender,Critical,2020,Not Calculated
2021,San Marino,Total function,811.218,47.67395,17.015602,Low Spender,Critical,2020,Not Calculated
2021,San Marino,Social protection,355.518,20.89325,17.015114,Low Spender,Critical,2020,Not Calculated
2021,Singapore,Total function,77194.11,19.44476,3969.7144,Major Spender,Critical,2020,Not Calculated
2021,Slovakia,Total function,53999.63,46.34083,1165.2458,Major Spender,Critical,2020,Not Calculated
2021,Slovakia,Social protection,18883.205,16.20499,1165.1991,Moderate Spender,Critical,2020,Not Calculated
2021,Slovenia,Total function,30437.904,49.29328,617.4733,Moderate Spender,Critical,2020,Not Calculated
2021,Slovenia,Social protection,11040.289,17.87942,617.45135,Moderate Spender,Critical,2020,Not Calculated
2021,South Africa,Total function,168264.7,40.15714,4190.0522,Mega Spender,Critical,2020,Not Calculated
2021,Spain,Total function,722493.5,50.61673,14273.526,Mega Spender,Critical,2020,Not Calculated
2021,Spain,Social protection,293880.22,20.58878,14273.112,Mega Spender,Critical,2020,Not Calculated
2021,Sri Lanka,Total function,17785.125,20.84795,853.0466,Moderate Spender,Critical,2020,Not Calculated
2021,Sweden,Total function,314766.88,49.51782,6356.5103,Mega Spender,Critical,2020,Not Calculated
2021,Sweden,Social protection,118174.56,18.59073,6356.2974,Mega Spender,Critical,2020,Not Calculated
2021,"Switzerland, Liechtenstein",Total function,291968.38,35.62872,8194.519,Mega Spender,Critical,2020,Not Calculated
2021,"Switzerland, Liechtenstein",Social protection,114973.484,14.03014,8194.165,Mega Spender,Critical,2020,Not Calculated
2021,Thailand,Total function,133983.4,26.47989,5059.626,Mega Spender,Critical,2020,Not Calculated
2021,Türkiye,Total function,264520.03,32.29657,8190.091,Mega Spender,Critical,2020,Not Calculated
2021,Ukraine,Total function,80466.71,40.21614,2000.8064,Major Spender,Critical,2020,Not Calculated
2021,Ukraine,Social protection,26808.8,13.39866,2000.7075,Moderate Spender,Critical,2020,Not Calculated
2021,United Kingdom,Total function,1.511473e+06,48.26862,31313.133,Mega Spender,Critical,2020,Not Calculated
2021,United Kingdom,Health,309913.16,9.89702,31310.62,Mega Spender,Significant,2020,Not Calculated
2021,United Kingdom,Social protection,502978.44,16.06253,31311.824,Mega Spender,Critical,2020,Not Calculated
2021,United States of America,Total function,1.0476082e+07,44.72828,234210.84,Mega Spender,Critical,2020,Not Calculated
2021,United States of America,Health,2.3995302e+06,10.24494,234193.27,Mega Spender,Critical,2020,Not Calculated
2021,United States of America,Social protection,2.827585e+06,12.07255,234196.66,Mega Spender,Critical,2020,Not Calculated
