customer_id,customer_name,age,gender,country,customer_segment,signup_date
1,Customer_00001,27.0,Male,UK,Standard,2023-04-08
2,Customer_00002,19.0,Female,Saudi Arabia,Budget,2025-04-28
3,Customer_00003,48.0,Female,Pakistan,Standard,2024-12-18
4,Customer_00004,50.0,Male,Pakistan,Premium,2024-04-26
5,Customer_00005,55.0,Male,Pakistan,Standard,2024-04-19
6,Customer_00006,63.0,Male,Pakistan,Budget,2025-07-30
7,Customer_00007,41.0,Female,India,Standard,2023-04-05
8,Customer_00008,57.0,Female,Germany,VIP,2025-02-03
9,Customer_00009,52.0,Female,Pakistan,Standard,2023-08-09
10,Customer_00010,31.0,Male,Pakistan,,2023-04-14
11,Customer_00011,58.0,Male,UK,Budget,2024-07-31
12,Customer_00012,20.0,Female,UAE,Standard,2025-12-05
13,Customer_00013,46.0,Male,Pakistan,Premium,2025-03-17
14,Customer_00014,63.0,Female,Pakistan,Premium,2025-04-14
15,Customer_00015,49.0,Male,Canada,Standard,2025-02-25
16,Customer_00016,62.0,Male,Pakistan,Premium,2025-05-11
17,Customer_00017,20.0,Female,Saudi Arabia,Standard,2024-07-16
18,Customer_00018,43.0,Male,USA,Premium,2023-05-21
19,Customer_00019,55.0,Female,Pakistan,Budget,2025-07-09
20,Customer_00020,48.0,Male,UK,Standard,2024-05-08
21,Customer_00021,60.0,Female,Pakistan,Premium,2024-07-02
22,Customer_00022,40.0,Female,Pakistan,Premium,2024-02-11
23,Customer_00023,50.0,Female,Pakistan,Premium,2023-07-20
24,Customer_00024,38.0,Female,Germany,Standard,2025-10-12
25,Customer_00025,59.0,Female,Pakistan,Premium,2025-05-06
26,Customer_00026,23.0,Female,Pakistan,Standard,2024-12-06
27,Customer_00027,30.0,Male,Canada,Budget,2024-03-17
28,Customer_00028,22.0,Male,Pakistan,Standard,2025-06-20
29,Customer_00029,51.0,Female,USA,Standard,2024-08-20
30,Customer_00030,29.0,Male,Saudi Arabia,Standard,2024-04-30
31,Customer_00031,33.0,Male,UAE,Premium,2024-05-08
32,Customer_00032,58.0,Female,UK,Standard,2023-09-07
33,Customer_00033,35.0,Male,UK,,2023-04-11
34,Customer_00034,24.0,Female,Pakistan,Budget,2024-08-30
35,Customer_00035,19.0,Female,Germany,Premium,2025-08-31
36,Customer_00036,28.0,Male,Canada,Budget,2023-03-11
37,Customer_00037,61.0,Female,Canada,Premium,2025-07-29
38,Customer_00038,44.0,Male,Saudi Arabia,Budget,2025-06-26
39,Customer_00039,65.0,Female,UAE,Standard,2023-10-31
40,Customer_00040,28.0,Female,UAE,Premium,2024-11-23
41,Customer_00041,34.0,Male,Pakistan,Standard,2023-07-01
42,Customer_00042,25.0,Male,India,Premium,2025-04-10
43,Customer_00043,37.0,Male,Saudi Arabia,Budget,2025-02-06
44,Customer_00044,45.0,Male,Saudi Arabia,Standard,2024-01-24
45,Customer_00045,56.0,Male,Pakistan,Standard,2023-03-16
46,Customer_00046,35.0,Other,India,Premium,2025-11-29
47,Customer_00047,55.0,Male,Saudi Arabia,Budget,2024-05-03
48,Customer_00048,48.0,Female,India,Standard,2025-09-05
49,Customer_00049,32.0,Male,Germany,Standard,2025-01-12
50,Customer_00050,61.0,Other,Saudi Arabia,VIP,2025-05-03
51,Customer_00051,38.0,Male,Pakistan,Premium,2025-04-12
52,Customer_00052,25.0,Male,Pakistan,Premium,2023-08-02
53,Customer_00053,64.0,Female,Saudi Arabia,Standard,2024-02-03
54,Customer_00054,61.0,Male,India,Standard,2024-05-26
55,Customer_00055,20.0,Female,USA,Premium,2024-06-29
56,Customer_00056,61.0,Male,Pakistan,Premium,2023-02-18
57,Customer_00057,63.0,Female,Pakistan,Premium,2024-08-22
58,Customer_00058,57.0,Female,India,Premium,2023-06-19
59,Customer_00059,30.0,Female,UK,Premium,2025-03-25
60,Customer_00060,48.0,Male,Germany,Budget,2025-01-18
61,Customer_00061,43.0,Male,USA,Budget,2025-10-08
62,Customer_00062,47.0,Male,India,VIP,2025-03-27
63,Customer_00063,47.0,Male,USA,Standard,2024-02-06
64,Customer_00064,48.0,Male,Pakistan,Budget,2025-11-26
65,Customer_00065,42.0,Female,UAE,Standard,2024-03-26
66,Customer_00066,51.0,Female,Canada,Standard,2023-12-24
67,Customer_00067,43.0,Female,India,Premium,2025-09-19
68,Customer_00068,18.0,Male,Germany,Premium,2024-02-11
69,Customer_00069,19.0,Male,Pakistan,Budget,2023-03-25
70,Customer_00070,63.0,Female,Pakistan,Standard,2024-05-29
71,Customer_00071,61.0,Male,UAE,Budget,2025-05-22
72,Customer_00072,46.0,Male,Canada,Premium,2023-07-27
73,Customer_00073,26.0,Male,Pakistan,Budget,2024-05-22
74,Customer_00074,55.0,Female,USA,Standard,2023-05-23
75,Customer_00075,24.0,Other,Pakistan,Standard,2025-01-22
76,Customer_00076,36.0,Male,UK,Standard,2024-06-05
77,Customer_00077,33.0,Male,UAE,Standard,2023-12-28
78,Customer_00078,18.0,Male,Pakistan,Standard,2023-09-06
79,Customer_00079,56.0,Male,Saudi Arabia,Standard,2024-09-10
80,Customer_00080,42.0,Female,Saudi Arabia,Budget,2025-01-04
81,Customer_00081,33.0,Male,UAE,Standard,2025-10-27
82,Customer_00082,42.0,Female,Pakistan,Standard,2024-04-24
83,Customer_00083,18.0,Male,Pakistan,Standard,2023-06-26
84,Customer_00084,38.0,Male,Germany,Premium,2025-07-01
85,Customer_00085,42.0,Female,Saudi Arabia,Standard,2024-11-21
86,Customer_00086,34.0,Male,USA,Premium,2025-02-06
87,Customer_00087,57.0,Female,Saudi Arabia,Budget,2023-04-17
88,Customer_00088,29.0,Male,USA,Premium,2023-12-09
89,Customer_00089,24.0,Female,Pakistan,Budget,2025-04-21
90,Customer_00090,43.0,Male,India,Standard,2025-07-01
91,Customer_00091,60.0,Male, pakistan ,Standard,2024-04-21
92,Customer_00092,36.0,Female,Pakistan,Standard,2025-06-01
93,Customer_00093,20.0,Male,Pakistan,Budget,2025-07-11
94,Customer_00094,64.0,Male,Saudi Arabia,Premium,2024-02-29
95,Customer_00095,39.0,Other,USA,Standard,2025-09-11
96,Customer_00096,26.0,Female,Saudi Arabia,VIP,2023-11-13
97,Customer_00097,47.0,Female,Pakistan,Standard,2023-09-20
98,Customer_00098,33.0,Female, pakistan ,Standard,2025-01-18
99,Customer_00099,63.0,Female,Pakistan,,2024-11-28
100,Customer_00100,32.0,Female,Pakistan,Budget,2023-06-03
101,Customer_00101,,Female,Germany,Standard,2025-07-01
102,Customer_00102,44.0,Male,UK,Standard,2023-08-08
103,Customer_00103,29.0,Male,Canada,Premium,2025-06-01
104,Customer_00104,41.0,Female,USA,Budget,2023-01-09
105,Customer_00105,23.0,Female,Saudi Arabia,Standard,2025-05-23
106,Customer_00106,48.0,Male,Pakistan,Standard,2025-05-12
107,Customer_00107,54.0,Male,Pakistan,Standard,2025-05-05
108,Customer_00108,63.0,Male,Canada,Budget,2024-12-29
109,Customer_00109,33.0,Female,USA,Standard,2024-05-31
110,Customer_00110,31.0,Female,India,Premium,2025-02-11
111,Customer_00111,44.0,Male,India,Budget,2023-10-31
112,Customer_00112,51.0,Female,Pakistan,Standard,2025-05-05
113,Customer_00113,65.0,Female,Pakistan,VIP,2024-08-31
114,Customer_00114,19.0,Female,USA,Premium,2024-05-17
115,Customer_00115,29.0,Male,Pakistan,Budget,2024-07-08
116,Customer_00116,30.0,Female,India,Standard,2024-09-15
117,Customer_00117,30.0,Female,Canada,Budget,2023-02-10
118,Customer_00118,40.0,Female,UAE,Premium,2023-06-03
119,Customer_00119,59.0,Male,India,Standard,2023-09-27
120,Customer_00120,19.0,Female,Pakistan,Standard,2023-05-06
121,Customer_00121,57.0,Female,Pakistan,Budget,2024-04-26
122,Customer_00122,47.0,Male,Pakistan,Standard,2025-01-02
123,Customer_00123,47.0,Male,Pakistan,Budget,2024-12-18
124,Customer_00124,50.0,Female,Pakistan,Premium,2024-05-31
125,Customer_00125,23.0,Female,Pakistan,Standard,2025-07-26
126,Customer_00126,53.0,Male,Pakistan,Standard,2024-09-11
127,Customer_00127,29.0,Male,Pakistan,Premium,2023-03-28
128,Customer_00128,42.0,Male,Germany,Budget,2025-04-18
129,Customer_00129,50.0,Female,Pakistan,Budget,2024-09-21
130,Customer_00130,46.0,Female,India,Standard,2024-11-26
131,Customer_00131,33.0,Male,USA,Premium,2024-09-11
132,Customer_00132,37.0,Male,Pakistan,Budget,2024-08-29
133,Customer_00133,40.0,Male,India,Premium,2023-04-10
134,Customer_00134,19.0,Male,USA,Standard,2024-09-04
135,Customer_00135,52.0,Female,UAE,Standard,2025-05-21
136,Customer_00136,22.0,Female,Pakistan,Standard,2023-11-30
137,Customer_00137,40.0,Male,UK,Budget,2024-10-22
138,Customer_00138,49.0,Male,Saudi Arabia,Budget,2023-02-03
139,Customer_00139,21.0,Male,India,Premium,2024-01-16
140,Customer_00140,65.0,Female,Pakistan,Standard,2024-04-23
141,Customer_00141,36.0,Female,Pakistan,Standard,2025-12-13
142,Customer_00142,18.0,Female,USA,VIP,2023-08-24
143,Customer_00143,49.0,Male,Pakistan,Budget,2023-10-31
144,Customer_00144,44.0,Female,Pakistan,Standard,2024-03-23
145,Customer_00145,48.0,Male,UAE,Standard,2025-12-23
146,Customer_00146,54.0,Female,Canada,Budget,2025-07-24
147,Customer_00147,40.0,Female,Pakistan,VIP,2023-02-08
148,Customer_00148,57.0,Male,Pakistan,VIP,2023-09-14
149,Customer_00149,35.0,Female,India,Standard,2025-06-19
150,Customer_00150,44.0,Male,Saudi Arabia,VIP,2023-03-05
151,Customer_00151,25.0,Female,India,Budget,2025-07-26
152,Customer_00152,47.0,Male,Canada,VIP,2023-11-05
153,Customer_00153,30.0,Male,Pakistan,Premium,2025-10-02
154,Customer_00154,51.0,Male,India,Budget,2023-11-18
155,Customer_00155,56.0,Male,India,Standard,2024-04-21
156,Customer_00156,59.0,Male,India,Premium,2024-12-26
157,Customer_00157,62.0,Male,India,Standard,2023-05-19
158,Customer_00158,23.0,Female,USA,Standard,2024-09-02
159,Customer_00159,24.0,Male,Pakistan,,2024-07-07
160,Customer_00160,62.0,Male,UK,Budget,2025-05-09
161,Customer_00161,36.0,Other,Pakistan,Budget,2025-12-27
162,Customer_00162,19.0,Female,UAE,,2024-12-29
163,Customer_00163,31.0,Male,India,Premium,2024-03-24
164,Customer_00164,58.0,Male, pakistan ,Standard,2024-03-21
165,Customer_00165,35.0,Female,Pakistan,Standard,2024-04-03
166,Customer_00166,21.0,Female,Germany,Budget,2025-06-11
167,Customer_00167,52.0,Male,Canada,Budget,2023-12-19
168,Customer_00168,27.0,Female,USA,Standard,2023-07-03
169,Customer_00169,34.0,Male,Canada,Budget,2024-01-02
170,Customer_00170,18.0,Male,Pakistan,,2023-01-25
171,Customer_00171,46.0,Female,UAE,Standard,2023-04-27
172,Customer_00172,39.0,Female,Pakistan,Standard,2023-04-09
173,Customer_00173,59.0,Female,USA,Standard,2025-04-25
174,Customer_00174,34.0,Male,Pakistan,Premium,2025-03-02
175,Customer_00175,27.0,Male,Pakistan,Budget,2025-02-02
176,Customer_00176,25.0,Male,Saudi Arabia,Premium,2024-05-21
177,Customer_00177,27.0,Male,Pakistan,Budget,2025-02-24
178,Customer_00178,39.0,Male,UK,Budget,2023-06-26
179,Customer_00179,22.0,Female,Pakistan,Standard,2025-09-14
180,Customer_00180,37.0,Female,Saudi Arabia,Budget,2024-07-03
181,Customer_00181,59.0,Female,USA,Standard,2025-10-25
182,Customer_00182,54.0,Male,UAE,Premium,2023-06-16
183,Customer_00183,48.0,Male,Pakistan,Premium,2024-06-29
184,Customer_00184,60.0,Female,Pakistan,Standard,2025-02-02
185,Customer_00185,55.0,Male,Pakistan,VIP,2024-06-27
186,Customer_00186,49.0,Female,Pakistan,Standard,2024-05-03
187,Customer_00187,59.0,Male,UAE,Budget,2023-07-02
188,Customer_00188,23.0,Female,India,Premium,2024-02-22
189,Customer_00189,57.0,Female,Pakistan,Budget,2023-09-19
190,Customer_00190,32.0,Female,Pakistan,Budget,2023-11-27
191,Customer_00191,53.0,Female,Canada,Budget,2025-01-19
192,Customer_00192,61.0,Female,Pakistan,Standard,2024-11-21
193,Customer_00193,41.0,Male,Pakistan,Standard,2024-10-27
194,Customer_00194,22.0,Female,India,Standard,2024-02-01
195,Customer_00195,35.0,Female,Pakistan,Standard,2025-11-17
196,Customer_00196,37.0,Female,Canada,Premium,2023-04-07
197,Customer_00197,62.0,Male,Pakistan,Premium,2024-01-11
198,Customer_00198,63.0,Male,Saudi Arabia,Budget,2023-05-10
199,Customer_00199,45.0,Female,Saudi Arabia,Budget,2024-01-07
200,Customer_00200,63.0,Female,USA,Standard,2025-11-20
201,Customer_00201,38.0,Male,Saudi Arabia,Budget,2024-02-06
202,Customer_00202,37.0,Male,UK,Standard,2025-09-22
203,Customer_00203,58.0,Male,India,Standard,2024-06-26
204,Customer_00204,50.0,Male, pakistan ,Premium,2025-02-05
205,Customer_00205,43.0,Male,Saudi Arabia,Budget,2024-05-16
206,Customer_00206,39.0,Male,UAE,Standard,2023-10-19
207,Customer_00207,51.0,Male,UAE,Standard,2025-04-17
208,Customer_00208,54.0,Female,Pakistan,Premium,2025-11-28
209,Customer_00209,41.0,Male,Pakistan,Standard,2023-10-16
210,Customer_00210,19.0,Male,India,Premium,2025-05-03
211,Customer_00211,22.0,Male,Pakistan,Premium,2023-10-14
212,Customer_00212,24.0,Male,India,Budget,2025-02-24
213,Customer_00213,40.0,Female,Pakistan,Standard,2025-05-14
214,Customer_00214,47.0,Female,UAE,Standard,2024-05-07
215,Customer_00215,56.0,Male,Saudi Arabia,Budget,2025-03-18
216,Customer_00216,29.0,Male,UAE,Standard,2023-10-26
217,Customer_00217,55.0,Male,Saudi Arabia,Standard,2023-03-28
218,Customer_00218,49.0,Male,Pakistan,Premium,2023-04-16
219,Customer_00219,20.0,Male,Pakistan,Budget,2024-05-04
220,Customer_00220,34.0,Male,Saudi Arabia,Standard,2025-09-16
221,Customer_00221,32.0,Male,USA,Budget,2023-05-20
222,Customer_00222,60.0,Female,Saudi Arabia,Standard,2024-05-14
223,Customer_00223,62.0,Male,Saudi Arabia,Standard,2025-02-10
224,Customer_00224,57.0,Male,Saudi Arabia,Standard,2023-08-10
225,Customer_00225,43.0,Male,UK,Standard,2025-03-01
226,Customer_00226,41.0,Male,UK,Standard,2023-12-02
227,Customer_00227,32.0,Male,UK,Standard,2025-06-05
228,Customer_00228,55.0,Male,Pakistan,Premium,2024-09-26
229,Customer_00229,22.0,Male,Pakistan,Budget,2024-08-22
230,Customer_00230,31.0,Male,India,Premium,2023-07-13
231,Customer_00231,24.0,Female,UAE,Standard,2024-05-22
232,Customer_00232,41.0,Female,UK,Premium,2025-07-27
233,Customer_00233,32.0,Male,Pakistan,Budget,2023-01-22
234,Customer_00234,27.0,Male,Pakistan,,2025-04-11
235,Customer_00235,36.0,Female,UK,Budget,2024-06-24
236,Customer_00236,59.0,Female,Pakistan,Premium,2025-02-27
237,Customer_00237,44.0,Male,USA,Standard,2024-12-27
238,Customer_00238,57.0,Male,Pakistan,Standard,2024-04-18
239,Customer_00239,61.0,Male,India,Premium,2023-12-05
240,Customer_00240,61.0,Female,India,Budget,2024-11-18
241,Customer_00241,34.0,Male,Pakistan,Standard,2023-06-03
242,Customer_00242,60.0,Male,Pakistan,Premium,2024-10-02
243,Customer_00243,61.0,Male,Pakistan,Budget,2023-04-14
244,Customer_00244,64.0,Male,Pakistan,VIP,2024-12-13
245,Customer_00245,34.0,Male,Pakistan,Premium,2024-11-20
246,Customer_00246,28.0,Female,UK,VIP,2023-04-03
247,Customer_00247,46.0,Female,Pakistan,Premium,2025-04-10
248,Customer_00248,62.0,Male,India,Budget,2024-03-31
249,Customer_00249,61.0,Male,Pakistan,Standard,2025-05-12
250,Customer_00250,45.0,Female,Canada,Budget,2023-02-15
251,Customer_00251,25.0,Male,USA,Premium,2023-07-16
252,Customer_00252,38.0,Male,Germany,Budget,2024-06-25
253,Customer_00253,52.0,Male,Canada,,2023-07-26
254,Customer_00254,44.0,Female,Pakistan,Budget,2023-12-28
255,Customer_00255,34.0,Female,Saudi Arabia,Budget,2024-12-25
256,Customer_00256,34.0,Female,Pakistan,Budget,2023-06-08
257,Customer_00257,20.0,Female,USA,Standard,2025-01-12
258,Customer_00258,31.0,Male,India,Budget,2023-04-24
259,Customer_00259,50.0,Male,India,Budget,2023-07-12
260,Customer_00260,29.0,Male,Canada,Budget,2024-10-06
261,Customer_00261,65.0,Female,USA,Standard,2025-05-19
262,Customer_00262,21.0,Female,Germany,VIP,2023-07-06
263,Customer_00263,46.0,Male,Pakistan,Standard,2023-11-25
264,Customer_00264,41.0,Female,Pakistan,Budget,2025-10-10
265,Customer_00265,57.0,Male,Pakistan,Budget,2025-12-20
266,Customer_00266,60.0,Male,India,Budget,2024-09-28
267,Customer_00267,44.0,Male,India,Standard,2024-05-04
268,Customer_00268,48.0,Female,Pakistan,Budget,2024-01-16
269,Customer_00269,51.0,Female,USA,Budget,2024-11-02
270,Customer_00270,43.0,Female,Pakistan,Budget,2024-10-09
271,Customer_00271,26.0,Female,Saudi Arabia,Standard,2023-11-20
272,Customer_00272,38.0,Female,USA,Premium,2023-01-25
273,Customer_00273,29.0,Female,UAE,Budget,2023-06-16
274,Customer_00274,40.0,Female,India,Standard,2025-11-16
275,Customer_00275,47.0,Male,Pakistan,Standard,2024-04-03
276,Customer_00276,28.0,Female,Pakistan,Premium,2024-06-12
277,Customer_00277,29.0,Female,UK,Budget,2024-05-26
278,Customer_00278,57.0,Female,India,Premium,2025-05-07
279,Customer_00279,36.0,Male,Pakistan,Premium,2023-03-13
280,Customer_00280,27.0,Female,Germany,VIP,2023-04-01
281,Customer_00281,52.0,Female,Saudi Arabia,Premium,2023-10-30
282,Customer_00282,52.0,Male,USA,Budget,2024-06-17
283,Customer_00283,57.0,Other,India,VIP,2025-01-05
284,Customer_00284,54.0,Male,Germany,Premium,2024-06-21
285,Customer_00285,65.0,Male,Pakistan,Budget,2024-04-28
286,Customer_00286,45.0,Male,Pakistan,Budget,2025-10-24
287,Customer_00287,31.0,Female,Canada,Premium,2023-06-26
288,Customer_00288,59.0,Female,Canada,Budget,2024-09-18
289,Customer_00289,30.0,Male,India,Premium,2024-08-17
290,Customer_00290,31.0,Female,Pakistan,Standard,2024-06-02
291,Customer_00291,57.0,Male,Pakistan,Premium,2025-06-04
292,Customer_00292,60.0,Male,UK,Budget,2023-10-20
293,Customer_00293,34.0,Female,USA,Premium,2025-11-11
294,Customer_00294,53.0,Female,India,Standard,2023-12-30
295,Customer_00295,62.0,Female,Pakistan,Premium,2024-08-20
296,Customer_00296,56.0,Female,Saudi Arabia,Budget,2024-07-24
297,Customer_00297,18.0,Other,UK,Budget,2025-07-20
298,Customer_00298,49.0,Male,India,Budget,2024-04-26
299,Customer_00299,26.0,Male,UAE,Budget,2023-11-08
300,Customer_00300,58.0,Male,Germany,VIP,2023-01-24
301,Customer_00301,21.0,Female,Pakistan,Budget,2024-02-03
302,Customer_00302,65.0,Female,UAE,Budget,2025-06-24
303,Customer_00303,26.0,Female,UAE,Premium,2023-01-11
304,Customer_00304,38.0,Male,UAE,Budget,2025-09-09
305,Customer_00305,29.0,Male,USA,Budget,2024-08-17
306,Customer_00306,57.0,Female,UAE,Standard,2023-06-03
307,Customer_00307,36.0,Other,UAE,Standard,2023-11-28
308,Customer_00308,53.0,Male,PAKISTAN,Premium,2024-08-30
309,Customer_00309,21.0,Male,Saudi Arabia,Standard,2023-12-12
310,Customer_00310,39.0,Male,Pakistan,Budget,2023-04-29
311,Customer_00311,61.0,Male,Pakistan,Standard,2024-12-30
312,Customer_00312,62.0,Male,India,Premium,2025-01-06
313,Customer_00313,28.0,Male,UAE,Standard,2023-05-11
314,Customer_00314,36.0,Female,Germany,Premium,2023-11-05
315,Customer_00315,37.0,Male,Saudi Arabia,Standard,2023-09-25
316,Customer_00316,45.0,Male,USA,Standard,2024-12-23
317,Customer_00317,43.0,Male,India,,2025-03-11
318,Customer_00318,23.0,Female,UAE,Budget,2025-03-07
319,Customer_00319,54.0,Male,Germany,Standard,2025-10-25
320,Customer_00320,28.0,Male,India,Budget,2025-04-22
321,Customer_00321,33.0,Male,USA,Premium,2023-12-18
322,Customer_00322,58.0,Female,UAE,Standard,2023-04-29
323,Customer_00323,,Female,Pakistan,Standard,2024-11-04
324,Customer_00324,37.0,Male,UAE,Budget,2025-09-30
325,Customer_00325,61.0,Male,Pakistan,Premium,2025-12-04
326,Customer_00326,36.0,Male,Pakistan,Standard,2023-09-10
327,Customer_00327,45.0,Female,Pakistan,Budget,2023-09-17
328,Customer_00328,29.0,Female,Pakistan,Budget,2023-02-11
329,Customer_00329,26.0,Male,India,Standard,2023-06-04
330,Customer_00330,41.0,Male,USA,Budget,2024-08-31
331,Customer_00331,45.0,Female,India,Premium,2024-08-22
332,Customer_00332,56.0,Female,USA,Standard,2024-02-11
333,Customer_00333,36.0,Male,UAE,Budget,2023-12-06
334,Customer_00334,60.0,Male,Pakistan,Standard,2025-06-28
335,Customer_00335,47.0,Male,Pakistan,Budget,2024-05-19
336,Customer_00336,21.0,Female,Canada,Budget,2025-06-04
337,Customer_00337,53.0,Female,UAE,Standard,2025-11-21
338,Customer_00338,45.0,Female,Canada,Budget,2023-12-14
339,Customer_00339,36.0,Female,Pakistan,Premium,2023-08-11
340,Customer_00340,40.0,Male,Saudi Arabia,Standard,2025-11-10
341,Customer_00341,32.0,Male,UK,Budget,2024-11-26
342,Customer_00342,47.0,Male,Germany,VIP,2023-11-15
343,Customer_00343,45.0,Female,Pakistan,Standard,2024-11-12
344,Customer_00344,,Female,Germany,Budget,2024-07-18
345,Customer_00345,31.0,Male,India,Standard,2025-09-19
346,Customer_00346,37.0,Male,USA,VIP,2023-10-08
347,Customer_00347,,Female,India ,Standard,2025-12-22
348,Customer_00348,40.0,Female,UAE,Standard,2025-10-22
349,Customer_00349,32.0,Female,India,Standard,2023-07-18
350,Customer_00350,45.0,Male,India ,Budget,2023-06-30
351,Customer_00351,28.0,Female,Pakistan,Budget,2024-08-07
352,Customer_00352,42.0,Female,India,Standard,2023-02-19
353,Customer_00353,23.0,Female,UAE,Premium,2023-11-24
354,Customer_00354,40.0,Female,UK,Premium,2024-04-21
355,Customer_00355,55.0,Female,India,Budget,2025-11-28
356,Customer_00356,57.0,Female,Saudi Arabia,Standard,2025-12-23
357,Customer_00357,51.0,Female,India,Budget,2023-06-16
358,Customer_00358,53.0,Male,Saudi Arabia,Standard,2025-09-04
359,Customer_00359,21.0,Male,Saudi Arabia,Standard,2023-04-10
360,Customer_00360,34.0,Female,Saudi Arabia,Budget,2025-03-31
361,Customer_00361,49.0,Female,USA,Premium,2025-07-15
362,Customer_00362,56.0,Male,PAKISTAN,Standard,2025-09-03
363,Customer_00363,45.0,Male,Pakistan,Standard,2023-09-02
364,Customer_00364,58.0,Female,Saudi Arabia,Premium,2025-09-06
365,Customer_00365,31.0,Female,Pakistan,Standard,2023-05-08
366,Customer_00366,25.0,Female,Pakistan,Premium,2024-07-22
367,Customer_00367,22.0,Male,USA,Premium,2024-05-29
368,Customer_00368,45.0,Female,India,Standard,2023-12-13
369,Customer_00369,49.0,Female,India,Budget,2023-01-25
370,Customer_00370,31.0,Male,Germany,Budget,2025-04-26
371,Customer_00371,55.0,Male,Pakistan,Premium,2024-01-03
372,Customer_00372,53.0,Other,Pakistan,Budget,2024-12-26
373,Customer_00373,35.0,Male,Pakistan,VIP,2024-03-25
374,Customer_00374,29.0,Female,Pakistan,Standard,2024-02-14
375,Customer_00375,53.0,Female,UK,Premium,2025-08-29
376,Customer_00376,50.0,Female,UK,Standard,2023-04-14
377,Customer_00377,26.0,Male,UAE,VIP,2025-03-18
378,Customer_00378,30.0,Female,Pakistan,Budget,2025-03-29
379,Customer_00379,41.0,Male,UAE,Standard,2024-02-21
380,Customer_00380,42.0,Female,Pakistan,Premium,2023-10-15
381,Customer_00381,25.0,Male,Saudi Arabia,Budget,2023-01-06
382,Customer_00382,63.0,Female,UAE,Budget,2025-10-23
383,Customer_00383,36.0,Female,Pakistan,Premium,2025-11-04
384,Customer_00384,36.0,Male,USA,Premium,2023-09-22
385,Customer_00385,20.0,Male,UK,Budget,2023-02-04
386,Customer_00386,60.0,Female,Pakistan,Standard,2023-05-15
387,Customer_00387,29.0,Male,Saudi Arabia,Budget,2023-03-16
388,Customer_00388,65.0,Male,UAE,Budget,2025-06-29
389,Customer_00389,41.0,Male,Pakistan,Standard,2025-09-04
390,Customer_00390,59.0,Female,Pakistan,Budget,2023-06-17
391,Customer_00391,,Female,Saudi Arabia,Standard,2025-03-29
392,Customer_00392,25.0,Male,Canada,Budget,2023-07-16
393,Customer_00393,,Female,UAE,Premium,2024-02-07
394,Customer_00394,57.0,Male,UAE,Standard,2024-10-18
395,Customer_00395,44.0,Male,Saudi Arabia,Budget,2025-02-28
396,Customer_00396,19.0,Male,India,Premium,2025-08-16
397,Customer_00397,63.0,Male,Pakistan,Premium,2023-02-19
398,Customer_00398,36.0,Male,India,Budget,2023-08-04
399,Customer_00399,62.0,Female,Canada,VIP,2023-11-04
400,Customer_00400,59.0,Male,USA,Budget,2023-12-07
401,Customer_00401,58.0,Female,Canada,Budget,2025-12-29
402,Customer_00402,51.0,Male,Pakistan,Standard,2025-05-02
403,Customer_00403,50.0,Male,UAE,Budget,2023-12-18
404,Customer_00404,43.0,Male,PAKISTAN,Standard,2025-12-01
405,Customer_00405,19.0,Female,Pakistan,Standard,2024-07-01
406,Customer_00406,36.0,Female,Pakistan,Premium,2024-07-02
407,Customer_00407,53.0,Male,UK,Budget,2024-04-20
408,Customer_00408,56.0,Male,Saudi Arabia,Budget,2023-06-07
409,Customer_00409,44.0,Male, pakistan ,Standard,2025-10-21
410,Customer_00410,52.0,Female,Pakistan,,2023-01-16
411,Customer_00411,19.0,Male,UAE,VIP,2023-07-11
412,Customer_00412,40.0,Female,Pakistan,Standard,2023-09-09
413,Customer_00413,42.0,Male,Pakistan,Premium,2023-11-03
414,Customer_00414,60.0,Male,UAE,Premium,2023-05-25
415,Customer_00415,32.0,Female,Pakistan,Budget,2023-01-20
416,Customer_00416,29.0,Male,Germany,Budget,2025-01-12
417,Customer_00417,34.0,Male,India,Standard,2025-11-28
418,Customer_00418,26.0,Female,Pakistan,Premium,2023-05-14
419,Customer_00419,44.0,Male,Pakistan,Standard,2023-11-22
420,Customer_00420,48.0,Male,UK,Budget,2024-07-08
421,Customer_00421,56.0,Male,Pakistan,Standard,2025-10-13
422,Customer_00422,64.0,Male,Pakistan,Budget,2025-01-30
423,Customer_00423,21.0,Female,India,Standard,2025-04-19
424,Customer_00424,29.0,Male,Pakistan,Budget,2024-09-28
425,Customer_00425,32.0,Female,UAE,Standard,2024-04-02
426,Customer_00426,29.0,Female,India,Standard,2023-08-07
427,Customer_00427,57.0,Female,Pakistan,Premium,2025-08-05
428,Customer_00428,24.0,Female,UK,Premium,2025-05-31
429,Customer_00429,19.0,Female,India,Budget,2023-01-28
430,Customer_00430,59.0,Female,UAE,Premium,2025-02-23
431,Customer_00431,,Male,Pakistan,Premium,2023-04-03
432,Customer_00432,,Male,Saudi Arabia,Standard,2025-03-20
433,Customer_00433,33.0,Female,Pakistan,Premium,2025-06-24
434,Customer_00434,42.0,Male,India,Premium,2023-05-24
435,Customer_00435,43.0,Female,Pakistan,Budget,2024-04-20
436,Customer_00436,65.0,Male,Germany,Standard,2023-05-16
437,Customer_00437,37.0,Female,Pakistan,Standard,2024-09-13
438,Customer_00438,18.0,Male,Canada,Standard,2025-10-13
439,Customer_00439,38.0,Female,Canada,VIP,2023-03-30
440,Customer_00440,44.0,Male,India,Standard,2024-03-11
441,Customer_00441,42.0,Male,Pakistan,Standard,2025-12-02
442,Customer_00442,42.0,Female,India,VIP,2023-11-26
443,Customer_00443,62.0,Female,Germany,Standard,2023-05-25
444,Customer_00444,56.0,Female,UAE,Budget,2024-06-19
445,Customer_00445,30.0,Female,UAE,Premium,2024-07-11
446,Customer_00446,35.0,Male,Pakistan,Standard,2024-12-27
447,Customer_00447,50.0,Female,USA,Standard,2023-12-10
448,Customer_00448,37.0,Male,Pakistan,Standard,2025-11-13
449,Customer_00449,38.0,Female,Pakistan,Premium,2024-07-25
450,Customer_00450,26.0,Male,Pakistan,Budget,2023-11-10
451,Customer_00451,30.0,Male,India,Standard,2025-11-18
452,Customer_00452,53.0,Female,Canada,Standard,2025-10-10
453,Customer_00453,58.0,Female,USA,Premium,2024-07-01
454,Customer_00454,55.0,Male,Pakistan,Budget,2023-01-28
455,Customer_00455,32.0,Female,India,Budget,2024-10-16
456,Customer_00456,24.0,Female,UK,VIP,2024-08-31
457,Customer_00457,25.0,Male,UAE,Premium,2023-06-12
458,Customer_00458,36.0,Female,Pakistan,Standard,2024-11-25
459,Customer_00459,42.0,Male,India,Standard,2025-07-10
460,Customer_00460,60.0,Male,Saudi Arabia,Standard,2023-04-27
461,Customer_00461,61.0,Female,Germany,Standard,2025-03-03
462,Customer_00462,18.0,Male,Saudi Arabia,Standard,2023-06-03
463,Customer_00463,51.0,Male,Pakistan,Premium,2025-03-31
464,Customer_00464,32.0,Female,Saudi Arabia,Budget,2024-04-04
465,Customer_00465,27.0,Male,Pakistan,Premium,2023-01-08
466,Customer_00466,44.0,Female,USA,Budget,2025-11-24
467,Customer_00467,19.0,Female,India,Premium,2023-07-01
468,Customer_00468,34.0,Male,Pakistan,Budget,2024-10-15
469,Customer_00469,44.0,Female,India,Budget,2023-07-18
470,Customer_00470,31.0,Male,Pakistan,Budget,2025-10-19
471,Customer_00471,46.0,Female,Pakistan,Budget,2025-03-20
472,Customer_00472,40.0,Male,UAE,Standard,2025-05-31
473,Customer_00473,56.0,Female,UK,Standard,2024-04-18
474,Customer_00474,26.0,Male,USA,Premium,2024-05-27
475,Customer_00475,20.0,Female,India,,2024-11-26
476,Customer_00476,43.0,Male,Pakistan,Standard,2025-05-10
477,Customer_00477,30.0,Male,India,Standard,2025-07-17
478,Customer_00478,51.0,Male,India,Premium,2023-01-20
479,Customer_00479,22.0,Female,Pakistan,Budget,2024-12-28
480,Customer_00480,45.0,Other,Canada,Standard,2023-04-30
481,Customer_00481,65.0,Male, pakistan ,Budget,2023-11-12
482,Customer_00482,22.0,Male,Pakistan,,2025-06-28
483,Customer_00483,32.0,Male,USA,Standard,2023-10-02
484,Customer_00484,58.0,Male,Saudi Arabia,Budget,2025-05-23
485,Customer_00485,43.0,Female,Pakistan,Budget,2024-05-22
486,Customer_00486,26.0,Female,Saudi Arabia,Premium,2023-09-12
487,Customer_00487,28.0,Female,Pakistan,Budget,2024-01-02
488,Customer_00488,54.0,Male,Pakistan,Standard,2024-08-04
489,Customer_00489,59.0,Male,Germany,Standard,2025-04-18
490,Customer_00490,35.0,Female,Saudi Arabia,Premium,2024-10-26
491,Customer_00491,40.0,Male,Pakistan,Standard,2025-10-19
492,Customer_00492,55.0,Female,India,Budget,2025-08-09
493,Customer_00493,,Male,Germany,Premium,2025-04-05
494,Customer_00494,27.0,Male,India,Standard,2024-10-23
495,Customer_00495,55.0,Female,Canada,Budget,2023-11-14
496,Customer_00496,26.0,Male,USA,Standard,2024-03-28
497,Customer_00497,54.0,Female,India,Standard,2023-05-11
498,Customer_00498,41.0,Male,Saudi Arabia,Standard,2024-02-15
499,Customer_00499,65.0,Male,Saudi Arabia,Standard,2025-10-12
500,Customer_00500,19.0,Male,UK,Budget,2024-04-11
501,Customer_00501,63.0,Male,India,Standard,2023-05-05
502,Customer_00502,28.0,Female,Pakistan,VIP,2024-12-15
503,Customer_00503,19.0,Male,Pakistan,Standard,2025-11-21
504,Customer_00504,52.0,Female,UAE,VIP,2025-08-08
505,Customer_00505,43.0,Female,UK,Budget,2023-10-28
506,Customer_00506,58.0,Male,UK,Premium,2024-05-12
507,Customer_00507,23.0,Male,UAE,Premium,2024-08-04
508,Customer_00508,21.0,Male,Pakistan,Standard,2023-09-29
509,Customer_00509,45.0,Female,Pakistan,Budget,2023-10-22
510,Customer_00510,60.0,Female,UK,Standard,2023-09-17
511,Customer_00511,37.0,Male,UAE,Budget,2025-12-26
512,Customer_00512,56.0,Female,UK,Standard,2025-03-28
513,Customer_00513,61.0,Male,Pakistan,VIP,2025-07-10
514,Customer_00514,59.0,Male,India,Standard,2025-06-13
515,Customer_00515,42.0,Male,Canada,Budget,2025-11-17
516,Customer_00516,51.0,Other,Pakistan,Budget,2023-04-26
517,Customer_00517,43.0,Male,Pakistan,Standard,2025-08-24
518,Customer_00518,50.0,Male,Saudi Arabia,Standard,2023-03-14
519,Customer_00519,45.0,Male,UAE,Budget,2024-06-05
520,Customer_00520,43.0,Female,Germany,Premium,2024-10-13
521,Customer_00521,38.0,Male,Canada,Budget,2024-01-28
522,Customer_00522,49.0,Male,UK,Standard,2023-06-10
523,Customer_00523,54.0,Male,Pakistan,Standard,2023-07-30
524,Customer_00524,62.0,Female,India,Budget,2025-06-22
525,Customer_00525,47.0,Male,Canada,Standard,2023-12-16
526,Customer_00526,22.0,Female,India,Standard,2023-12-07
527,Customer_00527,46.0,Male,Germany,Standard,2025-10-09
528,Customer_00528,33.0,Male,Saudi Arabia,Premium,2023-06-07
529,Customer_00529,19.0,Female,Pakistan,Standard,2025-09-30
530,Customer_00530,21.0,Female,UAE,Budget,2025-10-06
531,Customer_00531,46.0,Male,Saudi Arabia,VIP,2024-10-18
532,Customer_00532,63.0,Female,Pakistan,VIP,2023-07-01
533,Customer_00533,42.0,Female,India,Budget,2023-06-20
534,Customer_00534,39.0,Male,Saudi Arabia,VIP,2023-11-09
535,Customer_00535,,Female,Pakistan,Premium,2024-09-24
536,Customer_00536,50.0,Female,India,Budget,2023-06-18
537,Customer_00537,20.0,Male,Saudi Arabia,Standard,2024-05-14
538,Customer_00538,58.0,Female,UK,Budget,2023-05-07
539,Customer_00539,57.0,Male,UAE,Standard,2024-08-15
540,Customer_00540,65.0,Male,Germany,Premium,2023-01-24
541,Customer_00541,31.0,Female,Canada,Standard,2025-02-16
542,Customer_00542,25.0,Female,India,Standard,2023-03-02
543,Customer_00543,32.0,Female,Pakistan,Budget,2023-08-02
544,Customer_00544,56.0,Female,UK,Standard,2023-07-11
545,Customer_00545,28.0,Female,Pakistan,Premium,2025-06-29
546,Customer_00546,60.0,Male,USA,Budget,2023-02-28
547,Customer_00547,25.0,Female,UAE,Standard,2024-04-15
548,Customer_00548,20.0,Female,India,Standard,2024-10-09
549,Customer_00549,28.0,Female,UAE,Premium,2024-07-19
550,Customer_00550,54.0,Male,UAE,Standard,2025-01-16
551,Customer_00551,46.0,Male,Canada,Standard,2025-05-30
552,Customer_00552,35.0,Male,Pakistan,Standard,2024-03-07
553,Customer_00553,49.0,Male,Canada,Standard,2025-06-26
554,Customer_00554,49.0,Male,Pakistan,Standard,2023-12-15
555,Customer_00555,44.0,Female,UK,Standard,2025-12-14
556,Customer_00556,42.0,Female,Canada,Standard,2024-07-06
557,Customer_00557,22.0,Male,India,Premium,2025-03-17
558,Customer_00558,30.0,Male,Pakistan,Budget,2025-08-17
559,Customer_00559,43.0,Female,USA,Budget,2025-05-18
560,Customer_00560,24.0,Male,USA,VIP,2025-07-21
561,Customer_00561,40.0,Female,Pakistan,Budget,2024-08-11
562,Customer_00562,23.0,Male,UAE,Premium,2023-02-17
563,Customer_00563,55.0,Male,USA,Standard,2024-06-24
564,Customer_00564,22.0,Male,Pakistan,Premium,2023-07-18
565,Customer_00565,22.0,Female,Saudi Arabia,Standard,2025-09-01
566,Customer_00566,48.0,Male,India,Premium,2023-09-17
567,Customer_00567,28.0,Female,Pakistan,Premium,2023-09-07
568,Customer_00568,34.0,Male,USA,,2023-10-01
569,Customer_00569,33.0,Male,Pakistan,Standard,2024-12-05
570,Customer_00570,28.0,Female,Canada,Budget,2024-09-18
571,Customer_00571,54.0,Male,UAE,Budget,2025-11-05
572,Customer_00572,51.0,Male,UAE,VIP,2024-04-01
573,Customer_00573,29.0,Female,India,Budget,2023-11-06
574,Customer_00574,50.0,Female,India,Premium,2023-02-23
575,Customer_00575,52.0,Male,USA,Standard,2023-01-08
576,Customer_00576,43.0,Male,Saudi Arabia,Standard,2024-02-14
577,Customer_00577,45.0,Other,UK,VIP,2025-10-11
578,Customer_00578,62.0,Female,India,Budget,2024-07-28
579,Customer_00579,39.0,Female,Pakistan,Standard,2025-09-06
580,Customer_00580,36.0,Female,Pakistan,Standard,2023-04-22
581,Customer_00581,43.0,Female,UK,Budget,2023-04-13
582,Customer_00582,58.0,Male,India,Budget,2025-07-02
583,Customer_00583,52.0,Male,UAE,Standard,2023-04-27
584,Customer_00584,21.0,Female,India,Budget,2023-02-26
585,Customer_00585,40.0,Female,India,Premium,2024-03-18
586,Customer_00586,53.0,Female,Saudi Arabia,Standard,2025-10-10
587,Customer_00587,28.0,Female,UAE,Budget,2025-01-25
588,Customer_00588,65.0,Male,Germany,Budget,2023-04-19
589,Customer_00589,56.0,Male,Pakistan,Budget,2025-07-06
590,Customer_00590,58.0,Female,UAE,Premium,2025-07-13
591,Customer_00591,21.0,Male,Pakistan,Standard,2025-05-27
592,Customer_00592,45.0,Female,USA,Budget,2025-09-16
593,Customer_00593,43.0,Female,UAE,Standard,2023-09-20
594,Customer_00594,48.0,Male,India,Standard,2025-12-09
595,Customer_00595,58.0,Female,USA,Standard,2023-12-18
596,Customer_00596,34.0,Female,India,Budget,2025-05-29
597,Customer_00597,43.0,Female,Pakistan,Budget,2024-09-26
598,Customer_00598,50.0,Male,India,Standard,2025-05-04
599,Customer_00599,54.0,Female,Pakistan,Standard,2024-11-19
600,Customer_00600,54.0,Male,Canada,Standard,2024-12-05
601,Customer_00601,34.0,Female,UK,Budget,2024-11-06
602,Customer_00602,65.0,Male,UK,Budget,2025-05-03
603,Customer_00603,18.0,Female, pakistan ,Standard,2025-03-20
604,Customer_00604,41.0,Female,USA,Budget,2023-05-28
605,Customer_00605,47.0,Female,India,Standard,2025-06-24
606,Customer_00606,20.0,Female,Pakistan,Standard,2024-08-10
607,Customer_00607,39.0,Male,India,Budget,2023-12-21
608,Customer_00608,46.0,Female,Canada,Standard,2024-07-17
609,Customer_00609,47.0,Male,Canada,Budget,2025-11-25
610,Customer_00610,23.0,Female,UK,Standard,2025-07-28
611,Customer_00611,31.0,Male,Pakistan,Budget,2025-07-02
612,Customer_00612,29.0,Female,Pakistan,Standard,2024-05-22
613,Customer_00613,48.0,Male,USA,Standard,2025-05-09
614,Customer_00614,33.0,Female,Pakistan,Budget,2024-02-27
615,Customer_00615,45.0,Female,UAE,,2025-01-22
616,Customer_00616,53.0,Male,India,Premium,2024-12-01
617,Customer_00617,56.0,Male,Pakistan,VIP,2023-10-01
618,Customer_00618,26.0,Female,Saudi Arabia,Budget,2023-10-20
619,Customer_00619,61.0,Female,Germany,Budget,2023-03-09
620,Customer_00620,25.0,Male,UK,Standard,2023-06-03
621,Customer_00621,19.0,Male,India,Premium,2024-04-20
622,Customer_00622,20.0,Male,India,Standard,2024-06-07
623,Customer_00623,27.0,Female,Canada,Standard,2023-06-30
624,Customer_00624,59.0,Female,UAE,Premium,2024-04-01
625,Customer_00625,27.0,Male,India,Budget,2024-10-24
626,Customer_00626,51.0,Female,Saudi Arabia,Standard,2023-09-12
627,Customer_00627,38.0,Female,Pakistan,Standard,2024-01-06
628,Customer_00628,19.0,Female,Pakistan,Standard,2024-02-07
629,Customer_00629,39.0,Male,USA,Premium,2024-07-07
630,Customer_00630,19.0,Male,UAE,Standard,2024-02-06
631,Customer_00631,40.0,Male,Pakistan,Standard,2025-03-18
632,Customer_00632,44.0,Male,Pakistan,Standard,2023-12-25
633,Customer_00633,,Male,Germany,Budget,2024-04-20
634,Customer_00634,31.0,Male,Saudi Arabia,Premium,2024-02-20
635,Customer_00635,54.0,Male,Saudi Arabia,Premium,2023-07-20
636,Customer_00636,46.0,Female,Pakistan,Premium,2025-01-21
637,Customer_00637,30.0,Male,Germany,Premium,2023-09-16
638,Customer_00638,38.0,Female,Canada,Budget,2023-11-22
639,Customer_00639,23.0,Male,UAE,Standard,2025-05-18
640,Customer_00640,62.0,Female,Pakistan,Standard,2025-11-05
641,Customer_00641,54.0,Male,Saudi Arabia,Budget,2025-01-05
642,Customer_00642,31.0,Female,USA,Standard,2025-10-01
643,Customer_00643,50.0,Female,UK,Standard,2025-07-25
644,Customer_00644,50.0,Male,PAKISTAN,Budget,2024-06-11
645,Customer_00645,47.0,Female,Saudi Arabia,Premium,2025-04-24
646,Customer_00646,20.0,Male,Pakistan,Budget,2023-12-26
647,Customer_00647,60.0,Female,India,Standard,2024-05-19
648,Customer_00648,63.0,Male,USA,Premium,2024-08-09
649,Customer_00649,,Male,Pakistan,Standard,2025-11-18
650,Customer_00650,65.0,Male,Pakistan,Budget,2025-07-19
651,Customer_00651,62.0,Female,UK,Standard,2024-06-20
652,Customer_00652,53.0,Male,India,Premium,2024-12-16
653,Customer_00653,20.0,Female,USA,Premium,2023-08-10
654,Customer_00654,,Male,Pakistan,Standard,2025-05-31
655,Customer_00655,29.0,Male,Pakistan,Budget,2024-08-29
656,Customer_00656,28.0,Male,Pakistan,Standard,2024-08-06
657,Customer_00657,57.0,Female,Saudi Arabia,Budget,2025-04-19
658,Customer_00658,57.0,Female,UK,Premium,2024-11-24
659,Customer_00659,43.0,Male,India,Standard,2023-03-21
660,Customer_00660,53.0,Female,India,Premium,2023-11-12
661,Customer_00661,24.0,Male,Pakistan,VIP,2023-07-13
662,Customer_00662,28.0,Male,Saudi Arabia,Standard,2025-03-16
663,Customer_00663,59.0,Female,Germany,Premium,2023-02-08
664,Customer_00664,39.0,Male,UK,Standard,2023-08-10
665,Customer_00665,44.0,Male,Pakistan,Budget,2024-10-16
666,Customer_00666,40.0,Female,Saudi Arabia,Premium,2025-01-31
667,Customer_00667,27.0,Male,Pakistan,Standard,2024-07-05
668,Customer_00668,57.0,Female,Pakistan,VIP,2025-08-01
669,Customer_00669,54.0,Female,Pakistan,Budget,2025-10-04
670,Customer_00670,50.0,Female,Pakistan,Standard,2023-05-25
671,Customer_00671,34.0,Female,Pakistan,Premium,2025-11-09
672,Customer_00672,48.0,Female,USA,Budget,2024-11-04
673,Customer_00673,63.0,Male,Pakistan,Standard,2024-11-28
674,Customer_00674,49.0,Female,UK,Standard,2023-04-15
675,Customer_00675,41.0,Female,Canada,Budget,2024-11-12
676,Customer_00676,30.0,Female,UAE,Budget,2025-03-06
677,Customer_00677,43.0,Male,India,Premium,2024-09-28
678,Customer_00678,35.0,Female,UK,Budget,2023-04-03
679,Customer_00679,47.0,Female,Pakistan,Premium,2024-07-27
680,Customer_00680,20.0,Male,India,Premium,2025-10-22
681,Customer_00681,27.0,Female,India,Standard,2025-03-03
682,Customer_00682,55.0,Male,USA,Standard,2023-05-31
683,Customer_00683,36.0,Male,USA,Budget,2025-11-18
684,Customer_00684,,Female,USA,Premium,2025-11-16
685,Customer_00685,44.0,Male,Saudi Arabia,Budget,2023-07-05
686,Customer_00686,39.0,Male,UAE,Budget,2025-05-27
687,Customer_00687,54.0,Male,USA,VIP,2024-03-21
688,Customer_00688,29.0,Male,USA,Standard,2024-10-12
689,Customer_00689,54.0,Female,India,Budget,2024-05-02
690,Customer_00690,28.0,Female,Germany,VIP,2025-05-07
691,Customer_00691,35.0,Female,USA,Budget,2025-12-28
692,Customer_00692,46.0,Male,UAE,Budget,2025-05-21
693,Customer_00693,60.0,Female,Pakistan,Standard,2025-10-17
694,Customer_00694,29.0,Female,Pakistan,Premium,2025-11-02
695,Customer_00695,46.0,Female,UK,Premium,2023-04-09
696,Customer_00696,21.0,Male,Pakistan,Premium,2023-10-05
697,Customer_00697,21.0,Male,India,VIP,2025-03-02
698,Customer_00698,54.0,Female,UAE,Budget,2024-10-08
699,Customer_00699,52.0,Female,USA,Standard,2023-02-24
700,Customer_00700,36.0,Male,USA,Budget,2023-04-15
701,Customer_00701,47.0,Female,UK,Premium,2024-07-24
702,Customer_00702,36.0,Male,India,Premium,2024-11-06
703,Customer_00703,31.0,Male,Pakistan,Standard,2023-07-03
704,Customer_00704,38.0,Female,Saudi Arabia,Premium,2023-07-07
705,Customer_00705,,Female,Pakistan,Standard,2023-05-22
706,Customer_00706,57.0,Male,UAE,Budget,2024-09-11
707,Customer_00707,37.0,Female,Germany,Standard,2023-01-09
708,Customer_00708,33.0,Female,UAE,VIP,2024-09-19
709,Customer_00709,43.0,Male,Saudi Arabia,Standard,2024-06-05
710,Customer_00710,54.0,Female,Saudi Arabia,Budget,2024-05-25
711,Customer_00711,31.0,Female,USA,VIP,2025-01-14
712,Customer_00712,63.0,Female,India,Standard,2024-07-26
713,Customer_00713,40.0,Other,India,Standard,2025-03-08
714,Customer_00714,49.0,Female,Pakistan,Standard,2025-04-17
715,Customer_00715,63.0,Male,UAE,Standard,2025-10-05
716,Customer_00716,38.0,Male,Pakistan,Standard,2025-05-25
717,Customer_00717,27.0,Female,UAE,Budget,2024-07-21
718,Customer_00718,53.0,Other,UK,Premium,2024-06-23
719,Customer_00719,18.0,Male,Pakistan,Standard,2023-09-16
720,Customer_00720,39.0,Male,India ,Standard,2024-10-19
721,Customer_00721,65.0,Female,Pakistan,Premium,2023-06-02
722,Customer_00722,37.0,Male,Pakistan,Budget,2025-10-17
723,Customer_00723,50.0,Male,Pakistan,Premium,2025-07-15
724,Customer_00724,43.0,Female,Pakistan,Premium,2023-05-12
725,Customer_00725,28.0,Female,Germany,VIP,2025-05-11
726,Customer_00726,33.0,Female,Germany,Budget,2023-05-09
727,Customer_00727,43.0,Female,Saudi Arabia,Standard,2025-03-01
728,Customer_00728,23.0,Male,UAE,,2023-04-07
729,Customer_00729,37.0,Female,UK,Premium,2024-06-19
730,Customer_00730,37.0,Male,Canada,VIP,2024-12-22
731,Customer_00731,58.0,Male,UAE,Standard,2025-03-09
732,Customer_00732,23.0,Female,Pakistan,Standard,2024-04-03
733,Customer_00733,58.0,Female,Saudi Arabia,Budget,2025-10-07
734,Customer_00734,37.0,Female,Germany,Standard,2025-04-28
735,Customer_00735,49.0,Male,Pakistan,Premium,2023-08-17
736,Customer_00736,44.0,Female,India,Premium,2025-01-05
737,Customer_00737,32.0,Female,India,Standard,2025-03-11
738,Customer_00738,62.0,Female,India,VIP,2024-01-01
739,Customer_00739,28.0,Female,UK,Budget,2025-03-20
740,Customer_00740,19.0,Male,India,Standard,2025-09-11
741,Customer_00741,54.0,Female,Canada,Standard,2025-06-14
742,Customer_00742,,Female,UK,Standard,2025-04-15
743,Customer_00743,60.0,Female,Pakistan,Premium,2024-11-26
744,Customer_00744,39.0,Female,USA,Standard,2023-10-24
745,Customer_00745,18.0,Female,UK,Budget,2025-05-21
746,Customer_00746,18.0,Male,UAE,Budget,2024-02-04
747,Customer_00747,38.0,Male,India,Standard,2024-08-06
748,Customer_00748,29.0,Female,USA,Standard,2023-12-11
749,Customer_00749,62.0,Female,India,Standard,2023-12-10
750,Customer_00750,,Female,Pakistan,Standard,2023-06-22
751,Customer_00751,60.0,Male,Pakistan,Budget,2025-11-19
752,Customer_00752,28.0,Male,Pakistan,Premium,2023-06-11
753,Customer_00753,23.0,Female,Saudi Arabia,Standard,2023-04-05
754,Customer_00754,31.0,Female,Pakistan,Standard,2025-10-22
755,Customer_00755,24.0,Male,Saudi Arabia,Standard,2024-08-31
756,Customer_00756,37.0,Female,India,Budget,2024-04-24
757,Customer_00757,33.0,Male,USA,Budget,2025-03-19
758,Customer_00758,43.0,Female,India,Budget,2024-02-25
759,Customer_00759,43.0,Male,Canada,Standard,2023-05-21
760,Customer_00760,18.0,Male,Canada,Budget,2025-03-10
761,Customer_00761,23.0,Male,Pakistan,Budget,2023-07-12
762,Customer_00762,25.0,Female,Saudi Arabia,VIP,2024-08-29
763,Customer_00763,27.0,Female,Pakistan,Standard,2025-11-06
764,Customer_00764,22.0,Female,USA,Standard,2025-10-23
765,Customer_00765,33.0,Male,Saudi Arabia,Standard,2024-01-31
766,Customer_00766,44.0,Male,Pakistan,Budget,2025-05-05
767,Customer_00767,32.0,Male,Pakistan,Budget,2024-11-02
768,Customer_00768,33.0,Female,India,Premium,2024-06-09
769,Customer_00769,40.0,Male,USA,,2023-06-03
770,Customer_00770,44.0,Female,USA,Standard,2024-02-17
771,Customer_00771,33.0,Female,Pakistan,VIP,2024-12-15
772,Customer_00772,28.0,Female,Pakistan,Budget,2025-12-17
773,Customer_00773,37.0,Male,India,Standard,2023-01-06
774,Customer_00774,19.0,Female,PAKISTAN,Budget,2025-02-25
775,Customer_00775,41.0,Male,Pakistan,Standard,2025-07-16
776,Customer_00776,,Male,Pakistan,Premium,2025-11-08
777,Customer_00777,37.0,Female, pakistan ,Budget,2024-04-09
778,Customer_00778,23.0,Female,India,VIP,2023-05-10
779,Customer_00779,51.0,Female,UK,Standard,2023-10-24
780,Customer_00780,24.0,Male,India,Standard,2025-07-21
781,Customer_00781,27.0,Other,India,Budget,2025-08-20
782,Customer_00782,25.0,Other,Saudi Arabia,Standard,2024-11-29
783,Customer_00783,60.0,Male,Pakistan,Standard,2023-05-15
784,Customer_00784,65.0,Female,PAKISTAN,Budget,2023-05-14
785,Customer_00785,45.0,Male,Germany,Standard,2024-06-08
786,Customer_00786,47.0,Female,USA,Budget,2024-10-06
787,Customer_00787,48.0,Female,UK,VIP,2023-02-05
788,Customer_00788,47.0,Female,Pakistan,Standard,2025-01-21
789,Customer_00789,44.0,Female,Pakistan,Standard,2024-08-19
790,Customer_00790,65.0,Male,Pakistan,Premium,2023-01-14
791,Customer_00791,53.0,Female,Canada,Standard,2023-04-15
792,Customer_00792,22.0,Female,USA,Premium,2024-05-12
793,Customer_00793,,Male,UAE,VIP,2025-03-02
794,Customer_00794,64.0,Male,Germany,Budget,2025-06-23
795,Customer_00795,37.0,Female,Pakistan,Standard,2024-04-17
796,Customer_00796,,Female,UAE,Standard,2023-11-20
797,Customer_00797,59.0,Female,Pakistan,Budget,2025-11-27
798,Customer_00798,47.0,Female,Pakistan,Standard,2024-05-17
799,Customer_00799,45.0,Female,Canada,Budget,2023-12-12
800,Customer_00800,38.0,Male,USA,Premium,2024-04-29
801,Customer_00801,23.0,Male,Pakistan,Standard,2023-01-14
802,Customer_00802,36.0,Female,Pakistan,Standard,2023-11-27
803,Customer_00803,38.0,Female,UAE,Standard,2024-07-19
804,Customer_00804,62.0,Female,Pakistan,VIP,2025-10-03
805,Customer_00805,32.0,Female,UAE,Premium,2025-03-20
806,Customer_00806,25.0,Female,UAE,Premium,2025-05-06
807,Customer_00807,38.0,Female,Pakistan,Premium,2024-08-20
808,Customer_00808,65.0,Female,Pakistan,Budget,2023-05-02
809,Customer_00809,41.0,Male,Pakistan,Budget,2024-03-04
810,Customer_00810,36.0,Female,Canada,Budget,2025-12-28
811,Customer_00811,50.0,Female,India,Standard,2023-02-18
812,Customer_00812,49.0,Male,UAE,Standard,2025-08-21
813,Customer_00813,32.0,Female,Pakistan,Standard,2025-01-20
814,Customer_00814,64.0,Female, pakistan ,VIP,2023-11-08
815,Customer_00815,46.0,Female,Pakistan,Budget,2025-05-02
816,Customer_00816,20.0,Female,Pakistan,Premium,2025-07-06
817,Customer_00817,37.0,Male,UK,Standard,2023-02-17
818,Customer_00818,62.0,Male,UK,Standard,2023-04-27
819,Customer_00819,36.0,Male,Pakistan,Budget,2024-12-30
820,Customer_00820,45.0,Male,India,Premium,2025-12-31
821,Customer_00821,47.0,Female,Germany,,2023-01-27
822,Customer_00822,51.0,Female,Pakistan,Standard,2024-12-30
823,Customer_00823,59.0,Female,Pakistan,Standard,2023-05-30
824,Customer_00824,25.0,Male,India,Standard,2024-12-13
825,Customer_00825,42.0,Male,Pakistan,Standard,2024-11-14
826,Customer_00826,43.0,Male,Saudi Arabia,Standard,2023-04-10
827,Customer_00827,25.0,Female,Saudi Arabia,Standard,2025-01-16
828,Customer_00828,50.0,Male,UAE,Premium,2025-09-10
829,Customer_00829,23.0,Female,UAE,Standard,2025-08-04
830,Customer_00830,39.0,Female,India,Budget,2023-02-01
831,Customer_00831,33.0,Female,UK,Premium,2023-09-27
832,Customer_00832,25.0,Male,Pakistan,Standard,2023-09-21
833,Customer_00833,,Male,Pakistan,Premium,2024-05-11
834,Customer_00834,29.0,Female,Saudi Arabia,Standard,2023-06-06
835,Customer_00835,30.0,Female,Pakistan,Budget,2025-07-25
836,Customer_00836,59.0,Male,Pakistan,Premium,2025-05-01
837,Customer_00837,60.0,Female,India,,2025-06-04
838,Customer_00838,19.0,Female,Saudi Arabia,Premium,2023-08-06
839,Customer_00839,31.0,Male,Pakistan,VIP,2023-01-16
840,Customer_00840,52.0,Male,UK,Standard,2025-09-25
841,Customer_00841,55.0,Male,UK,Standard,2023-11-13
842,Customer_00842,65.0,Male,Saudi Arabia,Standard,2024-12-20
843,Customer_00843,44.0,Male,Pakistan,Standard,2025-09-23
844,Customer_00844,18.0,Female,USA,Budget,2023-02-09
845,Customer_00845,59.0,Male,Pakistan,Premium,2023-01-06
846,Customer_00846,25.0,Female,Canada,Standard,2023-01-06
847,Customer_00847,23.0,Female,Saudi Arabia,Standard,2023-06-21
848,Customer_00848,50.0,Male,Pakistan,Budget,2023-02-26
849,Customer_00849,46.0,Male,USA,VIP,2025-06-17
850,Customer_00850,20.0,Female,UAE,VIP,2024-10-26
851,Customer_00851,26.0,Other,India,Standard,2025-12-10
852,Customer_00852,46.0,Female,India,Budget,2025-05-28
853,Customer_00853,30.0,Male,UAE,Premium,2025-11-21
854,Customer_00854,50.0,Male,UK,Standard,2023-09-19
855,Customer_00855,37.0,Male,Canada,VIP,2023-11-12
856,Customer_00856,46.0,Female,Pakistan,Premium,2025-07-19
857,Customer_00857,40.0,Female,Saudi Arabia,Premium,2023-09-26
858,Customer_00858,35.0,Female,Saudi Arabia,Budget,2023-03-04
859,Customer_00859,34.0,Female,Saudi Arabia,Standard,2025-01-03
860,Customer_00860,,Male,India,VIP,2025-05-27
861,Customer_00861,42.0,Female,India,Standard,2025-11-27
862,Customer_00862,46.0,Male,UK,Premium,2025-10-13
863,Customer_00863,45.0,Female,Pakistan,Standard,2023-05-12
864,Customer_00864,27.0,Female,Pakistan,VIP,2025-04-26
865,Customer_00865,61.0,Female,UAE,Standard,2025-07-16
866,Customer_00866,45.0,Male,Pakistan,Budget,2025-02-04
867,Customer_00867,52.0,Female,Pakistan,Standard,2025-06-17
868,Customer_00868,60.0,Female,Pakistan,Budget,2025-07-07
869,Customer_00869,62.0,Male,Saudi Arabia,Standard,2024-05-04
870,Customer_00870,50.0,Male,Germany,Premium,2023-02-14
871,Customer_00871,55.0,Female,India,Budget,2024-05-14
872,Customer_00872,40.0,Male,Pakistan,VIP,2023-08-10
873,Customer_00873,53.0,Male,USA,Budget,2023-05-05
874,Customer_00874,33.0,Male,Pakistan,Standard,2023-05-17
875,Customer_00875,52.0,Male,Germany,VIP,2025-02-03
876,Customer_00876,22.0,Male,UAE,Standard,2024-07-06
877,Customer_00877,61.0,Female,Pakistan,Premium,2024-08-14
878,Customer_00878,29.0,Male,India,VIP,2025-03-27
879,Customer_00879,49.0,Female,Pakistan,Standard,2024-08-23
880,Customer_00880,18.0,Male,UK,Premium,2024-11-21
881,Customer_00881,25.0,Male,Pakistan,Budget,2023-04-05
882,Customer_00882,65.0,Male,USA,Standard,2025-07-21
883,Customer_00883,58.0,Female,UK,Budget,2024-05-06
884,Customer_00884,28.0,Female,USA,Premium,2023-06-20
885,Customer_00885,24.0,Female,Canada,Standard,2025-06-10
886,Customer_00886,57.0,Male,Pakistan,Standard,2025-03-16
887,Customer_00887,65.0,Male,UAE,Premium,2023-02-28
888,Customer_00888,26.0,Male,USA,Budget,2023-07-31
889,Customer_00889,49.0,Female,India,VIP,2023-01-18
890,Customer_00890,31.0,Male,Pakistan,Budget,2023-10-24
891,Customer_00891,53.0,Female,Pakistan,Standard,2023-04-20
892,Customer_00892,38.0,Female,Pakistan,Standard,2025-02-17
893,Customer_00893,24.0,Female,USA,Standard,2024-07-26
894,Customer_00894,33.0,Female,India,Standard,2025-12-10
895,Customer_00895,43.0,Male,Saudi Arabia,Premium,2025-04-01
896,Customer_00896,56.0,Female,Germany,Premium,2024-11-01
897,Customer_00897,19.0,Male,Pakistan,Budget,2024-07-12
898,Customer_00898,63.0,Female,UK,Budget,2023-03-01
899,Customer_00899,,Female,Pakistan,Budget,2023-03-18
900,Customer_00900,60.0,Male,Pakistan,Standard,2024-11-06
901,Customer_00901,62.0,Female,Pakistan,Budget,2023-01-05
902,Customer_00902,25.0,Male,Pakistan,Standard,2023-02-16
903,Customer_00903,22.0,Male,India,Premium,2023-08-29
904,Customer_00904,55.0,Female,India,VIP,2025-08-27
905,Customer_00905,27.0,Male,Pakistan,Premium,2024-05-17
906,Customer_00906,25.0,Female,Pakistan,Budget,2025-02-16
907,Customer_00907,40.0,Female,Saudi Arabia,Standard,2024-03-27
908,Customer_00908,61.0,Female,Pakistan,Budget,2023-07-09
909,Customer_00909,56.0,Male,USA,Standard,2024-02-11
910,Customer_00910,42.0,Male,Canada,Standard,2023-04-11
911,Customer_00911,27.0,Female,Saudi Arabia,VIP,2025-04-24
912,Customer_00912,34.0,Male,UAE,Standard,2023-07-21
913,Customer_00913,51.0,Female,Saudi Arabia,Budget,2024-02-17
914,Customer_00914,25.0,Male,Saudi Arabia,Standard,2025-12-10
915,Customer_00915,43.0,Male,Canada,VIP,2024-10-10
916,Customer_00916,18.0,Female,Germany,Budget,2024-05-17
917,Customer_00917,33.0,Female,India,Premium,2024-08-18
918,Customer_00918,29.0,Female,UAE,Budget,2025-05-09
919,Customer_00919,50.0,Female,USA,Budget,2023-10-06
920,Customer_00920,61.0,Male,Pakistan,Premium,2024-11-28
921,Customer_00921,25.0,Male,UAE,Budget,2025-08-14
922,Customer_00922,56.0,Male, pakistan ,Premium,2024-09-19
923,Customer_00923,49.0,Female,Saudi Arabia,Budget,2024-05-04
924,Customer_00924,64.0,Male,India,Standard,2023-06-09
925,Customer_00925,61.0,Female,Pakistan,Standard,2023-09-30
926,Customer_00926,22.0,Male, pakistan ,Premium,2025-11-02
927,Customer_00927,53.0,Female,UAE,Premium,2024-08-16
928,Customer_00928,46.0,Female,Canada,Standard,2023-11-27
929,Customer_00929,23.0,Female,Canada,Standard,2024-04-03
930,Customer_00930,30.0,Male,India,Budget,2024-09-25
931,Customer_00931,62.0,Other,Pakistan,Standard,2024-08-12
932,Customer_00932,44.0,Male,UK,Standard,2025-02-05
933,Customer_00933,34.0,Male,UK,Budget,2023-10-10
934,Customer_00934,33.0,Male,UAE,VIP,2024-12-12
935,Customer_00935,58.0,Male,India,Standard,2024-04-30
936,Customer_00936,31.0,Female,Pakistan,Budget,2025-10-27
937,Customer_00937,25.0,Male,UK,Premium,2023-06-23
938,Customer_00938,45.0,Male,UAE,Standard,2023-06-12
939,Customer_00939,65.0,Female,India,Premium,2024-05-20
940,Customer_00940,26.0,Female,Canada,Budget,2024-07-11
941,Customer_00941,30.0,Female,Saudi Arabia,Standard,2025-01-27
942,Customer_00942,40.0,Female,Canada,Standard,2024-03-18
943,Customer_00943,27.0,Male,India,Budget,2025-09-28
944,Customer_00944,49.0,Female,India,Standard,2024-06-03
945,Customer_00945,30.0,Male,Canada,Budget,2023-05-22
946,Customer_00946,24.0,Male,Germany,Budget,2023-05-11
947,Customer_00947,30.0,Male,Germany,Budget,2025-12-02
948,Customer_00948,62.0,Female,USA,Budget,2023-05-27
949,Customer_00949,62.0,Male,India,Budget,2025-11-04
950,Customer_00950,42.0,Female,Pakistan,Premium,2023-11-01
951,Customer_00951,37.0,Male,India,Standard,2023-04-13
952,Customer_00952,57.0,Male,Canada,Budget,2023-11-30
953,Customer_00953,,Male,India,Standard,2024-11-04
954,Customer_00954,49.0,Male,UK,Budget,2024-04-13
955,Customer_00955,50.0,Male,Canada,Standard,2025-05-10
956,Customer_00956,52.0,Female,Germany,Premium,2024-10-31
957,Customer_00957,28.0,Female,Canada,Standard,2024-03-15
958,Customer_00958,52.0,Male,UAE,Standard,2024-11-26
959,Customer_00959,47.0,Female,India,Budget,2025-11-30
960,Customer_00960,60.0,Male,Germany,Budget,2024-03-27
961,Customer_00961,26.0,Male,Pakistan,Premium,2023-06-18
962,Customer_00962,47.0,Male,PAKISTAN,Standard,2024-03-24
963,Customer_00963,57.0,Female,Germany,Standard,2025-07-09
964,Customer_00964,31.0,Male,Saudi Arabia,VIP,2023-08-27
965,Customer_00965,53.0,Female,UAE,Standard,2025-11-06
966,Customer_00966,22.0,Male,Pakistan,Premium,2024-10-06
967,Customer_00967,52.0,Female,UAE,Standard,2024-10-21
968,Customer_00968,47.0,Male,Canada,Budget,2023-12-14
969,Customer_00969,27.0,Female,UAE,Budget,2025-10-05
970,Customer_00970,,Female,India,Standard,2023-02-09
971,Customer_00971,53.0,Male,UAE,Budget,2023-11-24
972,Customer_00972,29.0,Male,USA,Standard,2024-04-03
973,Customer_00973,41.0,Female,Canada,Standard,2024-06-07
974,Customer_00974,20.0,Other,India,Standard,2024-06-03
975,Customer_00975,64.0,Female,UAE,Standard,2023-06-12
976,Customer_00976,44.0,Male,Pakistan,Standard,2023-09-05
977,Customer_00977,62.0,Female,India,Standard,2023-04-15
978,Customer_00978,25.0,Male,Pakistan,Premium,2024-09-19
979,Customer_00979,27.0,Male,UAE,Budget,2024-01-20
980,Customer_00980,47.0,Female,UAE,VIP,2024-09-12
981,Customer_00981,47.0,Female,Pakistan,Budget,2024-10-08
982,Customer_00982,55.0,Female,Pakistan,Budget,2025-02-08
983,Customer_00983,62.0,Female,Pakistan,Standard,2024-08-22
984,Customer_00984,57.0,Male,Pakistan,Budget,2024-12-11
985,Customer_00985,24.0,Female,Saudi Arabia,Budget,2024-10-05
986,Customer_00986,32.0,Male,Pakistan,Budget,2024-12-16
987,Customer_00987,61.0,Male,Pakistan,Premium,2024-11-06
988,Customer_00988,44.0,Male,Germany,Standard,2023-12-13
989,Customer_00989,59.0,Female,Pakistan,Budget,2023-09-27
990,Customer_00990,45.0,Male,Canada,Standard,2025-05-13
991,Customer_00991,20.0,Male,UAE,Budget,2024-01-11
992,Customer_00992,40.0,Female,Saudi Arabia,VIP,2024-08-24
993,Customer_00993,57.0,Female,UAE,Budget,2023-08-04
994,Customer_00994,49.0,Female,Pakistan,Standard,2024-04-17
995,Customer_00995,24.0,Female, pakistan ,Standard,2024-08-03
996,Customer_00996,28.0,Male,USA,Standard,2024-11-17
997,Customer_00997,59.0,Female,India,VIP,2024-07-30
998,Customer_00998,65.0,Female,UK,Standard,2024-01-31
999,Customer_00999,54.0,Female,UAE,Premium,2025-11-20
1000,Customer_01000,22.0,Female,Canada,Standard,2024-07-15
1001,Customer_01001,47.0,Male,USA,Standard,2025-06-04
1002,Customer_01002,57.0,Male,Pakistan,Standard,2025-03-18
1003,Customer_01003,48.0,Female,USA,Budget,2024-09-03
1004,Customer_01004,46.0,Male,Germany,Budget,2025-08-29
1005,Customer_01005,40.0,Male,UK,Budget,2023-05-21
1006,Customer_01006,29.0,Female,Pakistan,VIP,2025-10-06
1007,Customer_01007,31.0,Female,USA,Premium,2025-07-20
1008,Customer_01008,53.0,Female,Saudi Arabia,Budget,2024-07-05
1009,Customer_01009,21.0,Female,Pakistan,Standard,2025-03-14
1010,Customer_01010,22.0,Female,USA,Standard,2024-07-24
1011,Customer_01011,37.0,Female,UAE,Standard,2023-10-22
1012,Customer_01012,55.0,Female,USA,Standard,2025-05-26
1013,Customer_01013,49.0,Male,Saudi Arabia,Standard,2023-09-27
1014,Customer_01014,46.0,Female,Pakistan,Budget,2023-12-11
1015,Customer_01015,,Male,Germany,Standard,2024-07-23
1016,Customer_01016,23.0,Male,UAE,Budget,2025-07-06
1017,Customer_01017,33.0,Male,UAE,Budget,2024-02-25
1018,Customer_01018,21.0,Female,India,Standard,2024-06-25
1019,Customer_01019,54.0,Female,Pakistan,Standard,2023-02-15
1020,Customer_01020,54.0,Female,Saudi Arabia,VIP,2023-05-07
1021,Customer_01021,30.0,Female,India,Budget,2023-03-03
1022,Customer_01022,32.0,Female,Canada,Premium,2023-03-20
1023,Customer_01023,33.0,Male,Germany,VIP,2025-08-09
1024,Customer_01024,60.0,Female,UK,Standard,2025-07-11
1025,Customer_01025,41.0,Female,Pakistan,VIP,2025-06-19
1026,Customer_01026,54.0,Female,Saudi Arabia,VIP,2023-03-02
1027,Customer_01027,39.0,Male,Pakistan,Premium,2023-03-27
1028,Customer_01028,51.0,Male,USA,VIP,2023-11-04
1029,Customer_01029,43.0,Female,India,Standard,2024-09-11
1030,Customer_01030,31.0,Male,Canada,Standard,2024-01-02
1031,Customer_01031,,Male,India,Premium,2024-06-18
1032,Customer_01032,52.0,Male,Pakistan,Premium,2023-07-09
1033,Customer_01033,54.0,Male,Germany,Budget,2025-03-11
1034,Customer_01034,63.0,Male,UAE,Standard,2023-12-11
1035,Customer_01035,29.0,Other,USA,Budget,2023-03-14
1036,Customer_01036,22.0,Female,Canada,Premium,2025-03-24
1037,Customer_01037,45.0,Female,UAE,Budget,2025-09-16
1038,Customer_01038,33.0,Male,India,Standard,2023-01-17
1039,Customer_01039,38.0,Male,UAE,Standard,2024-04-23
1040,Customer_01040,29.0,Male,USA,Budget,2025-06-25
1041,Customer_01041,37.0,Male,Germany,VIP,2025-02-12
1042,Customer_01042,36.0,Male,Pakistan,Standard,2025-07-27
1043,Customer_01043,34.0,Female,India ,Budget,2024-03-31
1044,Customer_01044,53.0,Other,Pakistan,Budget,2024-02-12
1045,Customer_01045,46.0,Female,UAE,Premium,2025-02-16
1046,Customer_01046,40.0,Male,USA,Standard,2023-06-18
1047,Customer_01047,23.0,Male,USA,Standard,2023-09-20
1048,Customer_01048,45.0,Male,India,Standard,2024-10-20
1049,Customer_01049,26.0,Male,India,Premium,2025-01-02
1050,Customer_01050,33.0,Female,Pakistan,Premium,2023-05-12
1051,Customer_01051,37.0,Male,Pakistan,Standard,2024-07-11
1052,Customer_01052,24.0,Female,India,Standard,2024-02-04
1053,Customer_01053,36.0,Female,USA,VIP,2024-07-03
1054,Customer_01054,30.0,Male,India,Standard,2025-11-16
1055,Customer_01055,58.0,Male,Pakistan,Standard,2023-03-25
1056,Customer_01056,59.0,Male,UK,VIP,2025-12-27
1057,Customer_01057,18.0,Male,Pakistan,Premium,2024-05-07
1058,Customer_01058,,Female,Pakistan,Premium,2025-04-26
1059,Customer_01059,48.0,Female,Canada,Premium,2024-04-10
1060,Customer_01060,36.0,Female,Pakistan,Standard,2023-12-07
1061,Customer_01061,40.0,Female,India,Standard,2025-04-24
1062,Customer_01062,55.0,Male,UAE,Budget,2025-01-23
1063,Customer_01063,36.0,Male,Pakistan,Standard,2023-06-07
1064,Customer_01064,21.0,Male,Pakistan,Standard,2025-02-12
1065,Customer_01065,35.0,Male,Pakistan,Standard,2025-04-05
1066,Customer_01066,30.0,Female,India,VIP,2024-03-01
1067,Customer_01067,36.0,Male,Canada,Budget,2025-10-11
1068,Customer_01068,29.0,Male,India,Premium,2024-12-03
1069,Customer_01069,25.0,Male,India,Budget,2024-01-01
1070,Customer_01070,65.0,Male,India,Budget,2023-01-12
1071,Customer_01071,24.0,Female,Germany,Budget,2025-01-09
1072,Customer_01072,51.0,Male,Pakistan,Standard,2023-08-18
1073,Customer_01073,52.0,Male,USA,Standard,2025-04-09
1074,Customer_01074,47.0,Male,Pakistan,Standard,2024-07-29
1075,Customer_01075,61.0,Female,Germany,Standard,2024-05-26
1076,Customer_01076,18.0,Female,Pakistan,Standard,2023-06-29
1077,Customer_01077,32.0,Female,Pakistan,Budget,2025-02-18
1078,Customer_01078,26.0,Male,India ,Standard,2023-07-01
1079,Customer_01079,45.0,Male,Pakistan,Budget,2024-04-02
1080,Customer_01080,48.0,Female,UK,Budget,2025-07-05
1081,Customer_01081,61.0,Male,Saudi Arabia,Budget,2025-10-05
1082,Customer_01082,36.0,Male, pakistan ,Standard,2025-12-20
1083,Customer_01083,29.0,Female,Pakistan,Standard,2025-11-15
1084,Customer_01084,62.0,Male,Saudi Arabia,Premium,2024-09-01
1085,Customer_01085,50.0,Male,Pakistan,Premium,2023-08-08
1086,Customer_01086,54.0,Female,Germany,Standard,2025-07-08
1087,Customer_01087,39.0,Female,UK,Standard,2025-05-28
1088,Customer_01088,39.0,Male,UAE,Budget,2025-12-21
1089,Customer_01089,36.0,Male,USA,Standard,2024-12-14
1090,Customer_01090,53.0,Female,UAE,Budget,2023-06-05
1091,Customer_01091,28.0,Male,UAE,Budget,2024-07-05
1092,Customer_01092,64.0,Male,Pakistan,VIP,2024-05-06
1093,Customer_01093,26.0,Female,Saudi Arabia,Budget,2025-07-12
1094,Customer_01094,40.0,Female,India,Budget,2024-03-06
1095,Customer_01095,33.0,Female,Pakistan,VIP,2023-12-27
1096,Customer_01096,48.0,Male,USA,Standard,2023-03-29
1097,Customer_01097,50.0,Male,Pakistan,Standard,2025-07-04
1098,Customer_01098,62.0,Female,Saudi Arabia,Budget,2025-04-07
1099,Customer_01099,55.0,Female,Pakistan,Standard,2023-02-15
1100,Customer_01100,29.0,Male,India,VIP,2024-04-20
1101,Customer_01101,27.0,Female,USA,Standard,2024-06-09
1102,Customer_01102,60.0,Male,Pakistan,Standard,2024-05-29
1103,Customer_01103,,Female,Saudi Arabia,Standard,2025-10-04
1104,Customer_01104,22.0,Female,UAE,Standard,2023-06-15
1105,Customer_01105,57.0,Male,USA,Standard,2023-12-02
1106,Customer_01106,49.0,Female,Pakistan,Budget,2023-07-18
1107,Customer_01107,19.0,Female,USA,Budget,2023-09-25
1108,Customer_01108,55.0,Male,India,Standard,2025-09-21
1109,Customer_01109,47.0,Male,India,Premium,2025-10-28
1110,Customer_01110,47.0,Female,India,Premium,2023-02-18
1111,Customer_01111,59.0,Male,India,Premium,2024-11-23
1112,Customer_01112,41.0,Male,UAE,Standard,2023-09-13
1113,Customer_01113,40.0,Male,Pakistan,Premium,2023-07-31
1114,Customer_01114,47.0,Female,India,Premium,2023-11-17
1115,Customer_01115,27.0,Male,Saudi Arabia,Budget,2023-08-02
1116,Customer_01116,25.0,Female,India,Standard,2024-06-21
1117,Customer_01117,58.0,Male,Pakistan,Budget,2025-12-27
1118,Customer_01118,28.0,Male,India,VIP,2024-10-04
1119,Customer_01119,42.0,Female,India,Premium,2025-03-03
1120,Customer_01120,30.0,Male,Saudi Arabia,Premium,2024-06-24
1121,Customer_01121,29.0,Male,Canada,Budget,2023-01-16
1122,Customer_01122,46.0,Male,UAE,VIP,2023-04-03
1123,Customer_01123,56.0,Female,Saudi Arabia,Budget,2023-10-22
1124,Customer_01124,39.0,Male,Pakistan,Budget,2023-09-25
1125,Customer_01125,24.0,Male,Germany,Standard,2025-07-10
1126,Customer_01126,29.0,Male,Pakistan,Premium,2025-07-13
1127,Customer_01127,25.0,Male,India,Premium,2025-07-25
1128,Customer_01128,60.0,Male,Pakistan,Standard,2024-11-29
1129,Customer_01129,33.0,Female,Pakistan,Standard,2024-09-01
1130,Customer_01130,35.0,Male,USA,Standard,2024-12-12
1131,Customer_01131,21.0,Male,Pakistan,Budget,2024-03-21
1132,Customer_01132,39.0,Female,Pakistan,Premium,2025-01-04
1133,Customer_01133,61.0,Female,Pakistan,Standard,2025-05-20
1134,Customer_01134,37.0,Male,Germany,Budget,2025-04-16
1135,Customer_01135,49.0,Male,UK,Standard,2024-11-03
1136,Customer_01136,26.0,Male,Canada,Standard,2023-03-05
1137,Customer_01137,24.0,Female,USA,Premium,2025-03-05
1138,Customer_01138,53.0,Male,Canada,Budget,2024-02-06
1139,Customer_01139,21.0,Male,India,Budget,2025-03-26
1140,Customer_01140,39.0,Male,Pakistan,VIP,2024-08-14
1141,Customer_01141,33.0,Male,Pakistan,Standard,2025-08-23
1142,Customer_01142,18.0,Male,Pakistan,Standard,2024-01-06
1143,Customer_01143,43.0,Male,Saudi Arabia,Budget,2025-10-17
1144,Customer_01144,64.0,Female,Pakistan,VIP,2025-07-14
1145,Customer_01145,21.0,Female,Pakistan,Standard,2023-12-29
1146,Customer_01146,57.0,Female,Saudi Arabia,Budget,2024-06-12
1147,Customer_01147,43.0,Female,Pakistan,Budget,2024-08-05
1148,Customer_01148,52.0,Male,Pakistan,Budget,2025-04-22
1149,Customer_01149,22.0,Female,Pakistan,Budget,2025-01-25
1150,Customer_01150,59.0,Female,Saudi Arabia,Budget,2025-07-22
1151,Customer_01151,18.0,Female,Pakistan,Budget,2024-02-10
1152,Customer_01152,61.0,Female,Pakistan,Budget,2024-07-07
1153,Customer_01153,49.0,Male,Pakistan,Standard,2024-04-17
1154,Customer_01154,34.0,Male,UK,Standard,2025-09-23
1155,Customer_01155,18.0,Male,Pakistan,Standard,2023-12-01
1156,Customer_01156,47.0,Male,Pakistan,Premium,2024-10-05
1157,Customer_01157,22.0,Male,Canada,Budget,2023-05-12
1158,Customer_01158,47.0,Male,USA,Premium,2025-07-20
1159,Customer_01159,55.0,Male,Pakistan,Premium,2024-02-26
1160,Customer_01160,30.0,Female,Pakistan,,2024-01-09
1161,Customer_01161,29.0,Female,Pakistan,Budget,2024-09-30
1162,Customer_01162,28.0,Female,Saudi Arabia,Budget,2024-06-30
1163,Customer_01163,28.0,Male,Pakistan,Standard,2025-07-18
1164,Customer_01164,23.0,Female,Canada,Budget,2024-08-05
1165,Customer_01165,29.0,Female,USA,Budget,2024-07-20
1166,Customer_01166,49.0,Female,UAE,Budget,2023-04-26
1167,Customer_01167,32.0,Female,Pakistan,Standard,2023-01-25
1168,Customer_01168,55.0,Male,USA,Premium,2024-03-12
1169,Customer_01169,57.0,Male,UK,Budget,2025-12-30
1170,Customer_01170,54.0,Female,UK,Premium,2025-10-02
1171,Customer_01171,43.0,Other,Pakistan,Premium,2024-11-20
1172,Customer_01172,,Male,Saudi Arabia,Budget,2024-11-22
1173,Customer_01173,62.0,Male,USA,,2024-03-05
1174,Customer_01174,27.0,Male,Germany,Budget,2023-07-14
1175,Customer_01175,40.0,Male,UAE,Premium,2023-01-10
1176,Customer_01176,39.0,Other,UAE,,2024-01-07
1177,Customer_01177,53.0,Female,India,Standard,2023-12-13
1178,Customer_01178,44.0,Male,Saudi Arabia,Standard,2023-07-29
1179,Customer_01179,56.0,Male,Canada,Budget,2023-10-12
1180,Customer_01180,62.0,Male,UAE,Premium,2023-01-28
1181,Customer_01181,36.0,Male,Pakistan,Premium,2024-10-28
1182,Customer_01182,59.0,Female,Pakistan,Premium,2025-10-13
1183,Customer_01183,26.0,Female,UAE,Standard,2025-01-27
1184,Customer_01184,61.0,Female,USA,Budget,2024-05-06
1185,Customer_01185,26.0,Male,Pakistan,Budget,2024-04-05
1186,Customer_01186,58.0,Female,India,Budget,2023-12-04
1187,Customer_01187,36.0,Female,Canada,Standard,2023-06-06
1188,Customer_01188,64.0,Male,UAE,Premium,2024-10-17
1189,Customer_01189,24.0,Female,Pakistan,VIP,2024-09-12
1190,Customer_01190,40.0,Female,India,Budget,2023-01-09
1191,Customer_01191,61.0,Female,India,Budget,2024-03-31
1192,Customer_01192,20.0,Male,Pakistan,Budget,2023-11-01
1193,Customer_01193,30.0,Male,Saudi Arabia,VIP,2023-07-06
1194,Customer_01194,22.0,Male,UAE,Premium,2025-02-09
1195,Customer_01195,33.0,Male,Saudi Arabia,Standard,2024-07-30
1196,Customer_01196,36.0,Male,UAE,Standard,2024-11-25
1197,Customer_01197,47.0,Female,Pakistan,Standard,2025-02-20
1198,Customer_01198,30.0,Male,Pakistan,Budget,2025-12-12
1199,Customer_01199,25.0,Male,Pakistan,Budget,2025-05-29
1200,Customer_01200,26.0,Other,India ,Budget,2024-11-10
1201,Customer_01201,63.0,Female,UK,Budget,2025-08-21
1202,Customer_01202,63.0,Female,Pakistan,Standard,2024-06-07
1203,Customer_01203,28.0,Female,Saudi Arabia,Standard,2025-12-15
1204,Customer_01204,27.0,Male,Pakistan,Premium,2025-04-14
1205,Customer_01205,20.0,Male,Pakistan,Standard,2024-12-14
1206,Customer_01206,64.0,Female,Pakistan,Standard,2025-09-17
1207,Customer_01207,51.0,Male,UAE,VIP,2024-07-18
1208,Customer_01208,54.0,Male,Saudi Arabia,Standard,2025-02-28
1209,Customer_01209,31.0,Male,USA,Standard,2023-11-09
1210,Customer_01210,48.0,Female,Pakistan,Budget,2025-11-21
1211,Customer_01211,20.0,Male,UAE,Premium,2024-11-14
1212,Customer_01212,50.0,Female,UK,Standard,2025-05-07
1213,Customer_01213,45.0,Male,Pakistan,Budget,2024-05-19
1214,Customer_01214,33.0,Female,Pakistan,Budget,2025-08-08
1215,Customer_01215,52.0,Male,Pakistan,Standard,2023-03-23
1216,Customer_01216,49.0,Male,Pakistan,Standard,2023-05-06
1217,Customer_01217,39.0,Female,USA,Standard,2024-07-09
1218,Customer_01218,26.0,Female,India,Standard,2025-03-13
1219,Customer_01219,19.0,Male,UAE,Standard,2025-06-05
1220,Customer_01220,63.0,Male,UK,Standard,2024-04-27
1221,Customer_01221,31.0,Male,India,Budget,2024-12-13
1222,Customer_01222,32.0,Male, pakistan ,Standard,2024-08-29
1223,Customer_01223,50.0,Female,Pakistan,Standard,2025-11-19
1224,Customer_01224,30.0,Male,India,Premium,2024-12-17
1225,Customer_01225,36.0,Female,Pakistan,Standard,2024-04-01
1226,Customer_01226,52.0,Male,Pakistan,Standard,2025-11-28
1227,Customer_01227,46.0,Male,Pakistan,VIP,2023-04-28
1228,Customer_01228,49.0,Male,Saudi Arabia,Premium,2025-12-15
1229,Customer_01229,18.0,Male,Saudi Arabia,Budget,2023-06-18
1230,Customer_01230,39.0,Male,UK,Premium,2023-11-12
1231,Customer_01231,40.0,Female,Pakistan,Budget,2025-06-19
1232,Customer_01232,48.0,Male,Germany,Premium,2025-03-15
1233,Customer_01233,25.0,Female,Pakistan,Budget,2025-11-29
1234,Customer_01234,25.0,Male,USA,Standard,2025-04-01
1235,Customer_01235,54.0,Male,UK,VIP,2024-11-29
1236,Customer_01236,50.0,Male,UAE,Budget,2024-01-15
1237,Customer_01237,56.0,Male,India,Premium,2023-01-06
1238,Customer_01238,30.0,Female,UK,Standard,2023-05-16
1239,Customer_01239,65.0,Female,UK,Budget,2023-11-23
1240,Customer_01240,31.0,Female,Pakistan,VIP,2023-02-14
1241,Customer_01241,49.0,Female,USA,Standard,2024-07-10
1242,Customer_01242,25.0,Male,Pakistan,Premium,2025-05-01
1243,Customer_01243,62.0,Male,UAE,Premium,2025-11-21
1244,Customer_01244,33.0,Female,Saudi Arabia,Budget,2024-06-20
1245,Customer_01245,56.0,Male,USA,Budget,2025-08-17
1246,Customer_01246,33.0,Male,India,Standard,2025-12-16
1247,Customer_01247,55.0,Female,Pakistan,Standard,2025-07-31
1248,Customer_01248,39.0,Female,India,Budget,2024-05-24
1249,Customer_01249,20.0,Female,Pakistan,Standard,2023-12-23
1250,Customer_01250,27.0,Male,UAE,Premium,2025-12-07
1251,Customer_01251,50.0,Female,India,Budget,2023-09-23
1252,Customer_01252,27.0,Male,UK,Standard,2024-03-27
1253,Customer_01253,31.0,Male,Pakistan,Standard,2023-03-23
1254,Customer_01254,44.0,Male,Pakistan,Budget,2025-05-19
1255,Customer_01255,30.0,Female,India,Budget,2024-12-13
1256,Customer_01256,24.0,Female,Pakistan,Budget,2023-04-03
1257,Customer_01257,47.0,Female,Pakistan,Standard,2023-09-01
1258,Customer_01258,51.0,Male,India,Budget,2024-08-31
1259,Customer_01259,53.0,Male,India,Premium,2024-08-15
1260,Customer_01260,63.0,Male,Pakistan,Premium,2025-05-29
1261,Customer_01261,23.0,Female,UAE,Budget,2023-10-19
1262,Customer_01262,38.0,Male,USA,Premium,2025-10-10
1263,Customer_01263,29.0,Male,UAE,VIP,2024-05-02
1264,Customer_01264,61.0,Female,Pakistan,Budget,2025-06-20
1265,Customer_01265,43.0,Male,Pakistan,VIP,2023-09-19
1266,Customer_01266,22.0,Female,Pakistan,Budget,2023-02-10
1267,Customer_01267,51.0,Male,UAE,Standard,2023-03-02
1268,Customer_01268,20.0,Female,Saudi Arabia,Budget,2024-02-13
1269,Customer_01269,31.0,Male,Pakistan,Premium,2025-11-10
1270,Customer_01270,52.0,Male,Pakistan,Premium,2023-02-23
1271,Customer_01271,42.0,Male,Pakistan,VIP,2024-02-09
1272,Customer_01272,54.0,Male,Pakistan,VIP,2023-04-30
1273,Customer_01273,,Female,Germany,Budget,2025-10-17
1274,Customer_01274,58.0,Male,Pakistan,Standard,2025-01-10
1275,Customer_01275,45.0,Male,Pakistan,Budget,2025-04-15
1276,Customer_01276,20.0,Female,India,Budget,2025-02-20
1277,Customer_01277,21.0,Male, pakistan ,Budget,2024-12-21
1278,Customer_01278,55.0,Female,Pakistan,Premium,2025-04-27
1279,Customer_01279,19.0,Female,India,Standard,2023-01-09
1280,Customer_01280,36.0,Male,Pakistan,Budget,2025-08-06
1281,Customer_01281,18.0,Female,Pakistan,VIP,2025-03-21
1282,Customer_01282,32.0,Male,UAE,Premium,2025-03-21
1283,Customer_01283,46.0,Male,UAE,Standard,2024-03-07
1284,Customer_01284,26.0,Male,Pakistan,Standard,2025-05-27
1285,Customer_01285,40.0,Female,USA,Premium,2024-02-23
1286,Customer_01286,65.0,Female,Pakistan,Standard,2023-02-23
1287,Customer_01287,21.0,Female,Germany,Standard,2025-09-21
1288,Customer_01288,21.0,Female,Canada,Standard,2023-09-15
1289,Customer_01289,31.0,Male,India,Budget,2023-04-22
1290,Customer_01290,57.0,Female,India ,Standard,2024-11-12
1291,Customer_01291,37.0,Female,USA,Standard,2023-09-14
1292,Customer_01292,48.0,Female,India,Budget,2025-07-29
1293,Customer_01293,19.0,Female,Pakistan,Budget,2024-05-01
1294,Customer_01294,53.0,Other,UAE,Standard,2023-01-05
1295,Customer_01295,21.0,Male,India,Standard,2025-11-09
1296,Customer_01296,52.0,Female,USA,Standard,2024-07-18
1297,Customer_01297,25.0,Female,UK,Budget,2023-10-16
1298,Customer_01298,59.0,Female,USA,VIP,2025-01-12
1299,Customer_01299,32.0,Male,UK,Budget,2024-08-04
1300,Customer_01300,26.0,Female,Saudi Arabia,Standard,2023-02-02
1301,Customer_01301,34.0,Male,UAE,Budget,2025-04-12
1302,Customer_01302,18.0,Female,Germany,Standard,2024-03-15
1303,Customer_01303,25.0,Female,Germany,Standard,2025-02-05
1304,Customer_01304,46.0,Male,USA,Standard,2025-09-08
1305,Customer_01305,32.0,Female,UK,Premium,2024-10-31
1306,Customer_01306,34.0,Male,UAE,Premium,2025-01-06
1307,Customer_01307,56.0,Female,Pakistan,Standard,2023-10-07
1308,Customer_01308,23.0,Female,USA,Standard,2023-09-18
1309,Customer_01309,37.0,Male,Pakistan,VIP,2024-03-30
1310,Customer_01310,26.0,Female,Pakistan,VIP,2025-07-23
1311,Customer_01311,41.0,Male,India,Standard,2024-07-28
1312,Customer_01312,33.0,Female,UAE,Premium,2024-01-17
1313,Customer_01313,20.0,Female,UAE,Premium,2025-05-04
1314,Customer_01314,21.0,Male,Pakistan,VIP,2025-07-24
1315,Customer_01315,58.0,Female,Pakistan,Budget,2025-09-16
1316,Customer_01316,20.0,Female,Pakistan,VIP,2023-11-24
1317,Customer_01317,55.0,Female,India,Standard,2025-02-16
1318,Customer_01318,61.0,Female,Pakistan,Standard,2024-10-08
1319,Customer_01319,40.0,Male,Saudi Arabia,Standard,2024-05-07
1320,Customer_01320,32.0,Female,Pakistan,,2024-03-11
1321,Customer_01321,55.0,Male,India,Premium,2023-05-06
1322,Customer_01322,65.0,Male,Pakistan,Standard,2023-10-29
1323,Customer_01323,23.0,Female,UAE,Budget,2024-08-25
1324,Customer_01324,,Male,USA,Standard,2025-08-29
1325,Customer_01325,63.0,Female, pakistan ,Budget,2025-08-07
1326,Customer_01326,24.0,Male,India,Standard,2023-07-25
1327,Customer_01327,20.0,Female,Saudi Arabia,Standard,2025-01-14
1328,Customer_01328,52.0,Female,Pakistan,Standard,2023-04-03
1329,Customer_01329,21.0,Male,USA,Budget,2025-01-09
1330,Customer_01330,46.0,Male,Germany,Budget,2024-01-10
1331,Customer_01331,21.0,Male,UAE,Budget,2024-05-08
1332,Customer_01332,51.0,Female,Germany,Standard,2025-02-25
1333,Customer_01333,29.0,Female,India,Premium,2024-04-10
1334,Customer_01334,22.0,Male,India,Premium,2025-06-03
1335,Customer_01335,21.0,Female,Pakistan,Premium,2024-08-07
1336,Customer_01336,27.0,Male,Pakistan,Standard,2025-12-30
1337,Customer_01337,43.0,Male,Pakistan,Budget,2024-11-30
1338,Customer_01338,21.0,Male,India,Premium,2023-11-21
1339,Customer_01339,56.0,Male,UAE,Standard,2025-04-29
1340,Customer_01340,46.0,Female,Pakistan,Budget,2024-03-23
1341,Customer_01341,32.0,Female,UAE,Standard,2024-08-08
1342,Customer_01342,65.0,Female,Pakistan,Standard,2023-05-30
1343,Customer_01343,49.0,Female,Pakistan,Standard,2023-05-11
1344,Customer_01344,50.0,Male,Pakistan,Budget,2024-09-22
1345,Customer_01345,26.0,Male,Saudi Arabia,Standard,2023-07-24
1346,Customer_01346,52.0,Female,UAE,Budget,2025-12-29
1347,Customer_01347,44.0,Female,UK,Standard,2025-07-26
1348,Customer_01348,65.0,Female,Pakistan,Premium,2025-02-07
1349,Customer_01349,40.0,Female,India,VIP,2025-03-16
1350,Customer_01350,50.0,Female,Germany,Standard,2024-10-14
1351,Customer_01351,34.0,Female,Pakistan,Budget,2023-03-08
1352,Customer_01352,19.0,Female,India,Standard,2024-03-06
1353,Customer_01353,24.0,Female,Pakistan,Budget,2024-06-27
1354,Customer_01354,59.0,Male,Pakistan,Premium,2025-09-30
1355,Customer_01355,53.0,Male,India,Standard,2023-08-29
1356,Customer_01356,35.0,Female,Pakistan,Standard,2024-06-28
1357,Customer_01357,51.0,Male,UAE,Premium,2024-01-13
1358,Customer_01358,18.0,Female,Canada,Standard,2023-05-28
1359,Customer_01359,19.0,Female,Pakistan,Standard,2023-04-23
1360,Customer_01360,42.0,Male,Pakistan,Premium,2024-02-05
1361,Customer_01361,47.0,Male,USA,Budget,2023-04-01
1362,Customer_01362,62.0,Female,India,Standard,2023-03-15
1363,Customer_01363,54.0,Female,PAKISTAN,Premium,2024-01-20
1364,Customer_01364,30.0,Male,Pakistan,Standard,2023-08-10
1365,Customer_01365,57.0,Female,Saudi Arabia,Standard,2024-08-31
1366,Customer_01366,41.0,Male,Canada,Budget,2023-01-20
1367,Customer_01367,57.0,Male,Pakistan,Standard,2023-11-27
1368,Customer_01368,26.0,Male, pakistan ,Standard,2024-05-11
1369,Customer_01369,19.0,Female,Saudi Arabia,Standard,2025-11-21
1370,Customer_01370,20.0,Female,USA,Budget,2024-11-26
1371,Customer_01371,65.0,Female,Pakistan,Standard,2025-08-23
1372,Customer_01372,21.0,Male,India,Standard,2024-01-12
1373,Customer_01373,63.0,Female,Pakistan,Premium,2024-05-07
1374,Customer_01374,52.0,Female,Germany,Standard,2024-04-05
1375,Customer_01375,25.0,Male,Pakistan,Standard,2025-08-30
1376,Customer_01376,59.0,Male,Pakistan,Premium,2025-11-17
1377,Customer_01377,24.0,Male,Canada,Budget,2025-11-20
1378,Customer_01378,24.0,Female,Pakistan,Standard,2025-04-04
1379,Customer_01379,45.0,Male,UAE,Budget,2024-07-05
1380,Customer_01380,31.0,Male,Pakistan,Standard,2024-08-15
1381,Customer_01381,31.0,Female,Saudi Arabia,VIP,2025-12-10
1382,Customer_01382,27.0,Female,Pakistan,Standard,2023-11-08
1383,Customer_01383,47.0,Female,India,Premium,2024-01-15
1384,Customer_01384,19.0,Female,UAE,Budget,2025-09-10
1385,Customer_01385,29.0,Male,Pakistan,Standard,2024-02-28
1386,Customer_01386,44.0,Female,Pakistan,Standard,2023-09-15
1387,Customer_01387,41.0,Male,Pakistan,,2024-09-06
1388,Customer_01388,51.0,Male,Saudi Arabia,Standard,2023-12-23
1389,Customer_01389,28.0,Female,Pakistan,Standard,2025-09-03
1390,Customer_01390,49.0,Male,Pakistan,Standard,2025-09-23
1391,Customer_01391,54.0,Male,Pakistan,Premium,2023-12-02
1392,Customer_01392,36.0,Female,India,Premium,2024-08-03
1393,Customer_01393,30.0,Male,Saudi Arabia,Standard,2025-12-14
1394,Customer_01394,44.0,Male,India,VIP,2025-03-24
1395,Customer_01395,45.0,Female,USA,Budget,2023-08-25
1396,Customer_01396,22.0,Female,Saudi Arabia,Budget,2024-10-09
1397,Customer_01397,45.0,Female,USA,Standard,2024-11-10
1398,Customer_01398,25.0,Male,PAKISTAN,Standard,2024-12-17
1399,Customer_01399,45.0,Female,Pakistan,Standard,2023-01-28
1400,Customer_01400,62.0,Female,Germany,Standard,2023-11-25
1401,Customer_01401,43.0,Male,UK,Premium,2025-07-25
1402,Customer_01402,54.0,Male,UAE,Budget,2023-09-22
1403,Customer_01403,32.0,Male,Pakistan,Premium,2023-11-25
1404,Customer_01404,62.0,Female,Pakistan,Standard,2023-12-20
1405,Customer_01405,57.0,Male,UAE,Standard,2023-07-14
1406,Customer_01406,,Female,India,Budget,2023-06-20
1407,Customer_01407,53.0,Female,Saudi Arabia,Standard,2024-01-16
1408,Customer_01408,49.0,Male,India,Standard,2025-08-16
1409,Customer_01409,43.0,Female,UAE,Premium,2023-01-02
1410,Customer_01410,,Male,Pakistan,Standard,2023-11-07
1411,Customer_01411,58.0,Male,Pakistan,Budget,2023-03-08
1412,Customer_01412,38.0,Female,Pakistan,Premium,2024-09-07
1413,Customer_01413,22.0,Male,USA,Standard,2023-10-02
1414,Customer_01414,18.0,Female,UAE,VIP,2025-05-18
1415,Customer_01415,29.0,Female,Canada,Standard,2024-10-03
1416,Customer_01416,21.0,Male,UK,Standard,2025-05-09
1417,Customer_01417,28.0,Male,UK,Standard,2024-11-26
1418,Customer_01418,23.0,Male,UAE,Standard,2024-04-25
1419,Customer_01419,65.0,Female,USA,Standard,2025-08-01
1420,Customer_01420,22.0,Female,Canada,Budget,2024-06-05
1421,Customer_01421,48.0,Male,UK,VIP,2025-11-07
1422,Customer_01422,34.0,Female,Pakistan,Premium,2025-12-26
1423,Customer_01423,26.0,Female,Saudi Arabia,Standard,2024-10-07
1424,Customer_01424,51.0,Female,Pakistan,Standard,2025-01-09
1425,Customer_01425,64.0,Male,Pakistan,Standard,2023-10-08
1426,Customer_01426,55.0,Male,Saudi Arabia,Budget,2025-06-11
1427,Customer_01427,64.0,Male,USA,Standard,2025-01-06
1428,Customer_01428,46.0,Male,Pakistan,Budget,2025-09-16
1429,Customer_01429,50.0,Male,Pakistan,Budget,2023-10-20
1430,Customer_01430,25.0,Male,USA,Budget,2025-05-13
1431,Customer_01431,58.0,Male,Pakistan,Premium,2024-05-30
1432,Customer_01432,53.0,Male,Pakistan,Budget,2023-07-22
1433,Customer_01433,30.0,Male,UK,Premium,2023-07-07
1434,Customer_01434,35.0,Female,USA,Premium,2024-09-08
1435,Customer_01435,47.0,Female,UAE,Budget,2023-12-17
1436,Customer_01436,18.0,Male,UAE,Standard,2023-04-22
1437,Customer_01437,57.0,Female,Pakistan,Standard,2024-04-13
1438,Customer_01438,31.0,Male,Pakistan,Premium,2024-12-16
1439,Customer_01439,21.0,Female,UK,Standard,2023-12-16
1440,Customer_01440,33.0,Female,USA,Standard,2025-11-13
1441,Customer_01441,58.0,Female,Pakistan,Budget,2025-05-04
1442,Customer_01442,31.0,Female,Pakistan,Premium,2024-07-15
1443,Customer_01443,43.0,Female,Pakistan,Budget,2025-10-21
1444,Customer_01444,56.0,Female,Pakistan,Premium,2024-04-19
1445,Customer_01445,19.0,Male,Pakistan,Budget,2023-06-03
1446,Customer_01446,54.0,Male,Pakistan,Standard,2023-02-09
1447,Customer_01447,31.0,Female,UK,Standard,2025-10-25
1448,Customer_01448,51.0,Male,Pakistan,Budget,2025-11-17
1449,Customer_01449,27.0,Female,Saudi Arabia,Budget,2025-03-21
1450,Customer_01450,24.0,Female,UAE,Budget,2023-04-23
1451,Customer_01451,55.0,Male,USA,Premium,2023-11-18
1452,Customer_01452,56.0,Male,Germany,Premium,2023-02-15
1453,Customer_01453,65.0,Female,India,Budget,2023-02-26
1454,Customer_01454,50.0,Male,Pakistan,Standard,2023-09-27
1455,Customer_01455,40.0,Female,UK,Budget,2024-09-19
1456,Customer_01456,27.0,Female,Pakistan,Standard,2023-03-13
1457,Customer_01457,32.0,Male,Pakistan,Premium,2025-12-15
1458,Customer_01458,49.0,Female,Pakistan,Premium,2024-05-13
1459,Customer_01459,34.0,Female,Canada,Premium,2023-10-17
1460,Customer_01460,41.0,Female,Pakistan,Standard,2024-07-19
1461,Customer_01461,26.0,Male,India,Budget,2025-05-16
1462,Customer_01462,39.0,Female,India,Premium,2023-12-09
1463,Customer_01463,29.0,Female,Saudi Arabia,Budget,2023-02-22
1464,Customer_01464,23.0,Male,India ,Budget,2023-02-25
1465,Customer_01465,24.0,Female,USA,Standard,2025-07-22
1466,Customer_01466,42.0,Female,UK,Premium,2023-05-03
1467,Customer_01467,35.0,Male,India,Standard,2024-11-27
1468,Customer_01468,22.0,Female,India,VIP,2024-02-26
1469,Customer_01469,42.0,Female,USA,Standard,2025-05-02
1470,Customer_01470,,Female,UK,Budget,2023-03-08
1471,Customer_01471,18.0,Male,India,Standard,2025-09-10
1472,Customer_01472,24.0,Female,India,Premium,2025-02-04
1473,Customer_01473,39.0,Other,Pakistan,Budget,2024-05-07
1474,Customer_01474,63.0,Female,Pakistan,VIP,2023-08-15
1475,Customer_01475,29.0,Male,Pakistan,Standard,2025-12-06
1476,Customer_01476,31.0,Male,Pakistan,Premium,2023-11-28
1477,Customer_01477,29.0,Female,Pakistan,Premium,2024-06-21
1478,Customer_01478,35.0,Male,USA,Standard,2024-03-07
1479,Customer_01479,52.0,Male,USA,,2023-09-10
1480,Customer_01480,33.0,Male,USA,Standard,2024-04-01
1481,Customer_01481,49.0,Female,Saudi Arabia,Premium,2023-06-16
1482,Customer_01482,61.0,Male,Saudi Arabia,Premium,2023-01-02
1483,Customer_01483,63.0,Female,Pakistan,Standard,2023-11-14
1484,Customer_01484,,Female,Saudi Arabia,Budget,2023-05-03
1485,Customer_01485,52.0,Female,Pakistan,VIP,2024-03-30
1486,Customer_01486,62.0,Female,UAE,VIP,2025-08-03
1487,Customer_01487,55.0,Male,Germany,Standard,2023-06-28
1488,Customer_01488,32.0,Female,USA,VIP,2023-01-02
1489,Customer_01489,24.0,Male,Pakistan,Standard,2023-05-02
1490,Customer_01490,23.0,Other,UK,Standard,2024-07-10
1491,Customer_01491,60.0,Male,Pakistan,Standard,2023-10-29
1492,Customer_01492,44.0,Female,Pakistan,Budget,2024-06-20
1493,Customer_01493,32.0,Female,Pakistan,Standard,2023-02-02
1494,Customer_01494,34.0,Male,Pakistan,Standard,2024-01-01
1495,Customer_01495,31.0,Female,Saudi Arabia,Budget,2024-03-25
1496,Customer_01496,56.0,Male,India,Budget,2024-04-17
1497,Customer_01497,47.0,Male,Pakistan,Premium,2024-08-27
1498,Customer_01498,60.0,Male,Germany,Premium,2025-05-05
1499,Customer_01499,,Male,UAE,VIP,2024-05-27
1500,Customer_01500,40.0,Female,India,Budget,2025-07-10
1501,Customer_01501,23.0,Female,UAE,Premium,2024-08-03
1502,Customer_01502,64.0,Male,UAE,Budget,2023-10-13
1503,Customer_01503,42.0,Female,India,Budget,2023-09-09
1504,Customer_01504,44.0,Female,UAE,Premium,2023-12-20
1505,Customer_01505,37.0,Female,USA,Standard,2024-10-16
1506,Customer_01506,31.0,Male,Pakistan,Premium,2023-09-23
1507,Customer_01507,,Female,India,Budget,2025-09-28
1508,Customer_01508,41.0,Male,Pakistan,Budget,2024-06-09
1509,Customer_01509,50.0,Female,USA,Standard,2025-08-04
1510,Customer_01510,19.0,Female,Pakistan,Budget,2025-01-18
1511,Customer_01511,31.0,Female,Pakistan,Budget,2024-01-01
1512,Customer_01512,56.0,Male,Germany,Budget,2023-09-08
1513,Customer_01513,22.0,Male,UAE,Standard,2025-03-26
1514,Customer_01514,22.0,Female,Pakistan,Premium,2023-12-29
1515,Customer_01515,56.0,Male,Pakistan,Budget,2023-09-28
1516,Customer_01516,32.0,Male,India,Standard,2025-10-16
1517,Customer_01517,31.0,Female,Germany,Standard,2024-06-12
1518,Customer_01518,45.0,Female,India,Standard,2023-02-23
1519,Customer_01519,27.0,Male,Pakistan,Standard,2024-06-26
1520,Customer_01520,20.0,Male,UAE,Standard,2024-05-20
1521,Customer_01521,18.0,Female,PAKISTAN,Premium,2025-08-04
1522,Customer_01522,21.0,Male,Pakistan,Budget,2025-02-18
1523,Customer_01523,25.0,Male,USA,Premium,2023-07-29
1524,Customer_01524,51.0,Male,Pakistan,Budget,2023-06-14
1525,Customer_01525,32.0,Male,Canada,Standard,2024-10-23
1526,Customer_01526,21.0,Other,USA,Standard,2023-02-21
1527,Customer_01527,18.0,Male,Pakistan,Budget,2023-12-16
1528,Customer_01528,40.0,Male,UK,Budget,2023-06-01
1529,Customer_01529,58.0,Female,UK,Budget,2023-01-23
1530,Customer_01530,34.0,Male,UAE,Budget,2025-10-04
1531,Customer_01531,21.0,Male,UAE,Standard,2023-04-09
1532,Customer_01532,28.0,Other,Pakistan,Budget,2023-01-11
1533,Customer_01533,41.0,Female,Pakistan,Premium,2025-10-19
1534,Customer_01534,27.0,Male,UK,Premium,2023-07-26
1535,Customer_01535,64.0,Male,Pakistan,Budget,2025-06-13
1536,Customer_01536,54.0,Male,Pakistan,Budget,2023-02-04
1537,Customer_01537,34.0,Male,India,Standard,2023-06-18
1538,Customer_01538,63.0,Female,Pakistan,Premium,2023-05-02
1539,Customer_01539,33.0,Female,UK,Standard,2025-02-13
1540,Customer_01540,24.0,Female,USA,Budget,2024-11-10
1541,Customer_01541,63.0,Female,USA,VIP,2024-06-05
1542,Customer_01542,64.0,Male,Pakistan,Standard,2023-09-22
1543,Customer_01543,33.0,Female,India,Standard,2023-04-08
1544,Customer_01544,46.0,Female,USA,Premium,2024-09-15
1545,Customer_01545,26.0,Male,India,Premium,2023-09-10
1546,Customer_01546,48.0,Female,Saudi Arabia,Standard,2024-10-08
1547,Customer_01547,51.0,Male,UAE,Standard,2025-01-23
1548,Customer_01548,52.0,Female,India,Standard,2025-07-19
1549,Customer_01549,45.0,Female,Pakistan,Budget,2024-06-25
1550,Customer_01550,51.0,Male,Saudi Arabia,Standard,2023-01-06
1551,Customer_01551,44.0,Female,Pakistan,Budget,2023-11-04
1552,Customer_01552,57.0,Male,USA,Standard,2025-07-24
1553,Customer_01553,26.0,Female,UAE,Premium,2024-08-07
1554,Customer_01554,41.0,Male,Pakistan,VIP,2024-11-09
1555,Customer_01555,37.0,Male,Saudi Arabia,Premium,2024-05-16
1556,Customer_01556,43.0,Male,India,Budget,2023-06-28
1557,Customer_01557,,Female,Pakistan,Budget,2025-09-09
1558,Customer_01558,33.0,Male,Germany,Standard,2025-04-27
1559,Customer_01559,63.0,Female,Saudi Arabia,Budget,2025-12-26
1560,Customer_01560,23.0,Male,UAE,Budget,2025-07-26
1561,Customer_01561,48.0,Male,USA,Premium,2023-11-16
1562,Customer_01562,49.0,Male,UAE,Standard,2023-10-06
1563,Customer_01563,40.0,Male,India,Budget,2023-09-30
1564,Customer_01564,19.0,Female,Pakistan,Standard,2025-10-03
1565,Customer_01565,19.0,Male,Pakistan,VIP,2024-09-02
1566,Customer_01566,31.0,Female,India,Standard,2024-05-13
1567,Customer_01567,22.0,Female,India,Budget,2025-11-27
1568,Customer_01568,22.0,Female,UK,Standard,2024-10-23
1569,Customer_01569,25.0,Female,India,Premium,2025-09-23
1570,Customer_01570,27.0,Female,UAE,Budget,2025-12-15
1571,Customer_01571,,Female,USA,Standard,2023-03-29
1572,Customer_01572,48.0,Female,Germany,Premium,2024-02-01
1573,Customer_01573,19.0,Female,Pakistan,Standard,2025-03-15
1574,Customer_01574,48.0,Female,Canada,Budget,2025-06-10
1575,Customer_01575,24.0,Male,USA,Premium,2023-06-12
1576,Customer_01576,38.0,Female,Pakistan,Standard,2023-12-15
1577,Customer_01577,19.0,Male,Pakistan,Budget,2024-08-23
1578,Customer_01578,22.0,Female,Pakistan,Budget,2025-05-25
1579,Customer_01579,24.0,Female, pakistan ,Standard,2023-05-04
1580,Customer_01580,38.0,Female,UAE,Budget,2024-10-20
1581,Customer_01581,40.0,Female,India,Premium,2023-11-21
1582,Customer_01582,34.0,Female,UK,Premium,2023-08-26
1583,Customer_01583,47.0,Female,Pakistan,Budget,2024-07-18
1584,Customer_01584,52.0,Male,India,Premium,2024-03-29
1585,Customer_01585,52.0,Male,USA,VIP,2024-11-27
1586,Customer_01586,45.0,Male,Germany,Budget,2023-12-15
1587,Customer_01587,44.0,Male,UK,Premium,2025-06-21
1588,Customer_01588,41.0,Female,Pakistan,VIP,2023-03-27
1589,Customer_01589,29.0,Female,Pakistan,Premium,2025-08-02
1590,Customer_01590,41.0,Female,Pakistan,Standard,2023-02-02
1591,Customer_01591,18.0,Male,India,Premium,2025-03-17
1592,Customer_01592,64.0,Female,Pakistan,Standard,2024-01-15
1593,Customer_01593,35.0,Male,Canada,Budget,2024-02-25
1594,Customer_01594,54.0,Female,Saudi Arabia,Budget,2023-01-21
1595,Customer_01595,63.0,Other,India,Standard,2025-02-08
1596,Customer_01596,41.0,Male,Pakistan,Standard,2023-07-01
1597,Customer_01597,59.0,Male,India,Standard,2024-12-23
1598,Customer_01598,41.0,Male,India,Budget,2025-03-05
1599,Customer_01599,24.0,Male,Saudi Arabia,Premium,2025-07-15
1600,Customer_01600,19.0,Male,Pakistan,Standard,2025-02-15
1601,Customer_01601,24.0,Male,USA,Standard,2023-11-27
1602,Customer_01602,63.0,Male,Pakistan,Budget,2025-03-20
1603,Customer_01603,,Male,Pakistan,Budget,2025-06-24
1604,Customer_01604,33.0,Male,Germany,Budget,2023-12-14
1605,Customer_01605,39.0,Female,Pakistan,Standard,2023-05-17
1606,Customer_01606,30.0,Male,Pakistan,,2025-09-02
1607,Customer_01607,59.0,Female,Saudi Arabia,VIP,2023-06-12
1608,Customer_01608,65.0,Male,India,Budget,2024-10-12
1609,Customer_01609,22.0,Male,Pakistan,,2023-09-16
1610,Customer_01610,52.0,Male,Pakistan,Premium,2023-05-19
1611,Customer_01611,34.0,Female,Pakistan,Standard,2025-04-30
1612,Customer_01612,20.0,Male,UAE,Standard,2023-06-07
1613,Customer_01613,62.0,Female,Pakistan,Budget,2025-01-04
1614,Customer_01614,20.0,Male,UK,Standard,2025-01-29
1615,Customer_01615,27.0,Other,USA,Standard,2023-03-08
1616,Customer_01616,19.0,Male,Pakistan,Premium,2023-07-09
1617,Customer_01617,40.0,Male,Pakistan,Standard,2025-05-20
1618,Customer_01618,46.0,Female,Pakistan,Premium,2024-07-09
1619,Customer_01619,33.0,Male,Pakistan,Standard,2023-05-14
1620,Customer_01620,21.0,Male,Pakistan,Premium,2025-12-22
1621,Customer_01621,23.0,Female,UK,Standard,2023-10-18
1622,Customer_01622,62.0,Male, pakistan ,Standard,2023-01-05
1623,Customer_01623,56.0,Male,India,Standard,2025-10-09
1624,Customer_01624,62.0,Male,Saudi Arabia,Standard,2023-01-19
1625,Customer_01625,43.0,Male,USA,Budget,2024-08-29
1626,Customer_01626,44.0,Female,Pakistan,Standard,2025-12-24
1627,Customer_01627,55.0,Female,Pakistan,Budget,2024-09-25
1628,Customer_01628,47.0,Female,Germany,Standard,2024-10-02
1629,Customer_01629,38.0,Male,Pakistan,Budget,2024-03-01
1630,Customer_01630,,Female,Saudi Arabia,Budget,2023-05-20
1631,Customer_01631,41.0,Female,Saudi Arabia,Budget,2024-09-19
1632,Customer_01632,21.0,Male,UAE,Budget,2025-09-10
1633,Customer_01633,27.0,Female,Pakistan,Budget,2023-04-10
1634,Customer_01634,53.0,Female,Pakistan,Budget,2025-08-22
1635,Customer_01635,59.0,Female,India,Standard,2024-03-30
1636,Customer_01636,,Male,UAE,Standard,2024-08-10
1637,Customer_01637,22.0,Male,UK,VIP,2023-07-01
1638,Customer_01638,22.0,Female,Saudi Arabia,Premium,2024-11-12
1639,Customer_01639,55.0,Female,Canada,Budget,2023-07-19
1640,Customer_01640,,Male,Germany,Standard,2023-10-27
1641,Customer_01641,33.0,Male,UK,Standard,2025-03-01
1642,Customer_01642,18.0,Female,Pakistan,Standard,2023-02-25
1643,Customer_01643,64.0,Male,India,Standard,2024-05-05
1644,Customer_01644,38.0,Male,UAE,Standard,2024-10-13
1645,Customer_01645,56.0,Female,UAE,Standard,2023-05-25
1646,Customer_01646,51.0,Male,Pakistan,Standard,2023-11-20
1647,Customer_01647,24.0,Male, pakistan ,Standard,2024-01-12
1648,Customer_01648,56.0,Male,India,Budget,2024-12-28
1649,Customer_01649,44.0,Female,Pakistan,Premium,2025-12-06
1650,Customer_01650,47.0,Male,USA,VIP,2025-07-05
1651,Customer_01651,27.0,Female,India,Budget,2023-07-27
1652,Customer_01652,58.0,Other,UAE,Premium,2023-01-20
1653,Customer_01653,62.0,Female,UAE,Premium,2023-02-26
1654,Customer_01654,37.0,Female,UAE,Standard,2024-10-14
1655,Customer_01655,22.0,Female,Pakistan,Budget,2023-06-21
1656,Customer_01656,58.0,Male,UAE,Premium,2023-09-11
1657,Customer_01657,60.0,Female,Pakistan,Standard,2025-07-17
1658,Customer_01658,42.0,Female,Saudi Arabia,Budget,2025-08-15
1659,Customer_01659,45.0,Female,Pakistan,Standard,2025-07-08
1660,Customer_01660,28.0,Male,Germany,Standard,2023-10-06
1661,Customer_01661,21.0,Male,UK,Budget,2024-11-10
1662,Customer_01662,63.0,Female,India,VIP,2024-10-31
1663,Customer_01663,41.0,Male,Pakistan,Budget,2023-07-23
1664,Customer_01664,31.0,Female,India,Standard,2024-08-29
1665,Customer_01665,51.0,Male,UK,Standard,2024-07-29
1666,Customer_01666,19.0,Female,Saudi Arabia,Budget,2024-03-10
1667,Customer_01667,21.0,Female,Saudi Arabia,Premium,2025-04-03
1668,Customer_01668,29.0,Male,USA,Standard,2025-01-12
1669,Customer_01669,39.0,Male,India,Standard,2024-08-06
1670,Customer_01670,35.0,Female,Saudi Arabia,Standard,2025-03-06
1671,Customer_01671,26.0,Male,India,VIP,2025-04-16
1672,Customer_01672,34.0,Male,Saudi Arabia,Premium,2024-09-13
1673,Customer_01673,34.0,Female,India,Budget,2023-10-21
1674,Customer_01674,43.0,Male,UK,Standard,2025-04-11
1675,Customer_01675,45.0,Female,Pakistan,Standard,2025-02-25
1676,Customer_01676,60.0,Male,Pakistan,Premium,2025-12-13
1677,Customer_01677,56.0,Male,Pakistan,Premium,2023-06-14
1678,Customer_01678,32.0,Female,Canada,Standard,2024-04-04
1679,Customer_01679,61.0,Male,UAE,Premium,2025-10-09
1680,Customer_01680,42.0,Male,India,Standard,2024-07-17
1681,Customer_01681,27.0,Female,India,Budget,2025-10-30
1682,Customer_01682,34.0,Female,India,Standard,2023-01-14
1683,Customer_01683,53.0,Female,USA,Standard,2023-02-08
1684,Customer_01684,57.0,Female,Germany,,2025-05-22
1685,Customer_01685,35.0,Male,USA,Standard,2024-01-28
1686,Customer_01686,25.0,Male,USA,Premium,2024-07-24
1687,Customer_01687,27.0,Female,Pakistan,VIP,2024-04-14
1688,Customer_01688,22.0,Female,Pakistan,Budget,2024-03-23
1689,Customer_01689,51.0,Female,UAE,Standard,2025-10-26
1690,Customer_01690,42.0,Male,Saudi Arabia,Premium,2023-04-14
1691,Customer_01691,39.0,Male,Pakistan,Budget,2025-04-26
1692,Customer_01692,50.0,Male,UK,Premium,2025-09-02
1693,Customer_01693,57.0,Female,Pakistan,Standard,2024-12-21
1694,Customer_01694,56.0,Female,Pakistan,Budget,2024-03-08
1695,Customer_01695,24.0,Male,Pakistan,Premium,2023-06-25
1696,Customer_01696,46.0,Male,USA,Standard,2025-01-18
1697,Customer_01697,60.0,Male,India ,Budget,2024-05-28
1698,Customer_01698,55.0,Male,UAE,Budget,2023-06-13
1699,Customer_01699,33.0,Female,USA,Premium,2024-01-30
1700,Customer_01700,36.0,Female,USA,Premium,2025-11-19
1701,Customer_01701,60.0,Male,India,Standard,2023-10-18
1702,Customer_01702,19.0,Female,UK,Budget,2023-07-15
1703,Customer_01703,43.0,Female,Pakistan,Budget,2025-01-17
1704,Customer_01704,23.0,Male, pakistan ,Standard,2023-08-07
1705,Customer_01705,60.0,Male,Pakistan,Standard,2025-10-05
1706,Customer_01706,19.0,Female,India,Standard,2025-07-30
1707,Customer_01707,19.0,Male,UAE,Standard,2025-12-13
1708,Customer_01708,33.0,Female,Pakistan,Standard,2025-09-27
1709,Customer_01709,27.0,Female,India,Standard,2023-09-25
1710,Customer_01710,,Male,Saudi Arabia,Standard,2023-08-21
1711,Customer_01711,32.0,Male,UAE,Budget,2024-01-11
1712,Customer_01712,35.0,Female,Pakistan,Standard,2024-05-29
1713,Customer_01713,45.0,Male,Pakistan,Standard,2025-08-22
1714,Customer_01714,44.0,Female,India,Standard,2025-03-14
1715,Customer_01715,62.0,Female,USA,Budget,2024-12-07
1716,Customer_01716,41.0,Female,USA,Budget,2025-08-20
1717,Customer_01717,45.0,Female,Pakistan,Standard,2024-12-08
1718,Customer_01718,50.0,Female,Saudi Arabia,Budget,2024-02-20
1719,Customer_01719,26.0,Female,UAE,Standard,2024-03-28
1720,Customer_01720,50.0,Male,Germany,Standard,2024-07-20
1721,Customer_01721,59.0,Male,Pakistan,Budget,2023-04-08
1722,Customer_01722,33.0,Male,UAE,Standard,2025-03-23
1723,Customer_01723,26.0,Male,UAE,Standard,2024-12-16
1724,Customer_01724,34.0,Male,Pakistan,Budget,2025-03-12
1725,Customer_01725,31.0,Male,Pakistan,,2024-08-08
1726,Customer_01726,46.0,Male,Pakistan,Standard,2025-05-08
1727,Customer_01727,59.0,Male,India,Premium,2025-11-06
1728,Customer_01728,46.0,Male,Saudi Arabia,Budget,2024-09-16
1729,Customer_01729,24.0,Female,Saudi Arabia,Premium,2024-05-02
1730,Customer_01730,33.0,Female,Pakistan,Premium,2023-04-25
1731,Customer_01731,51.0,Female,USA,Budget,2025-05-03
1732,Customer_01732,33.0,Female,India,Standard,2025-09-17
1733,Customer_01733,46.0,Female,Germany,Standard,2025-02-05
1734,Customer_01734,51.0,Female,Pakistan,Standard,2025-08-06
1735,Customer_01735,33.0,Male,USA,Standard,2025-08-01
1736,Customer_01736,49.0,Female,Canada,VIP,2025-05-24
1737,Customer_01737,37.0,Male,PAKISTAN,Standard,2024-07-05
1738,Customer_01738,24.0,Female,USA,VIP,2023-04-20
1739,Customer_01739,35.0,Female,India,Premium,2023-01-04
1740,Customer_01740,39.0,Male,Saudi Arabia,Premium,2023-08-13
1741,Customer_01741,18.0,Female,UAE,Premium,2024-04-17
1742,Customer_01742,60.0,Male,India,Standard,2025-03-25
1743,Customer_01743,43.0,Male,Germany,Premium,2024-05-14
1744,Customer_01744,19.0,Male,Pakistan,Standard,2023-01-26
1745,Customer_01745,59.0,Male,India,Budget,2023-08-19
1746,Customer_01746,59.0,Male,Canada,Standard,2025-12-09
1747,Customer_01747,18.0,Female,Pakistan,Budget,2025-12-18
1748,Customer_01748,25.0,Female,Pakistan,VIP,2024-02-18
1749,Customer_01749,35.0,Male,Pakistan,Standard,2025-06-01
1750,Customer_01750,,Female,UK,Standard,2025-02-27
1751,Customer_01751,52.0,Male,USA,Budget,2025-10-17
1752,Customer_01752,38.0,Male,Pakistan,Standard,2025-08-30
1753,Customer_01753,47.0,Female,Saudi Arabia,Standard,2024-11-20
1754,Customer_01754,18.0,Female,UAE,Standard,2024-03-08
1755,Customer_01755,49.0,Male,Saudi Arabia,Standard,2024-11-17
1756,Customer_01756,61.0,Male,Saudi Arabia,,2023-12-16
1757,Customer_01757,43.0,Female,Germany,Budget,2024-01-17
1758,Customer_01758,39.0,Female,India,Standard,2024-10-29
1759,Customer_01759,32.0,Male,Pakistan,Standard,2024-09-18
1760,Customer_01760,63.0,Male,UAE,Premium,2024-09-28
1761,Customer_01761,19.0,Male,India,Premium,2024-02-26
1762,Customer_01762,31.0,Female,India,Premium,2024-03-24
1763,Customer_01763,24.0,Female,Pakistan,Standard,2023-01-12
1764,Customer_01764,59.0,Female,Pakistan,Budget,2024-10-21
1765,Customer_01765,,Male,Canada,Premium,2024-09-23
1766,Customer_01766,,Female,Pakistan,VIP,2025-10-22
1767,Customer_01767,49.0,Female,UAE,Budget,2024-07-06
1768,Customer_01768,44.0,Male,UK,Standard,2024-05-27
1769,Customer_01769,42.0,Female,Pakistan,Standard,2023-03-16
1770,Customer_01770,27.0,Male,Pakistan,Budget,2023-08-04
1771,Customer_01771,44.0,Male,India,VIP,2024-01-06
1772,Customer_01772,50.0,Female,UAE,Premium,2024-02-18
1773,Customer_01773,64.0,Male,India,VIP,2024-02-02
1774,Customer_01774,44.0,Female,Saudi Arabia,Budget,2024-03-07
1775,Customer_01775,63.0,Female,Pakistan,Standard,2025-04-22
1776,Customer_01776,63.0,Male,Pakistan,Premium,2023-05-24
1777,Customer_01777,43.0,Male,Pakistan,Standard,2023-12-31
1778,Customer_01778,39.0,Female,India ,Standard,2023-06-28
1779,Customer_01779,24.0,Male,India,Standard,2023-12-04
1780,Customer_01780,30.0,Female,Canada,Budget,2025-01-20
1781,Customer_01781,60.0,Male,Pakistan,Standard,2023-02-21
1782,Customer_01782,24.0,Male,UAE,Premium,2024-01-08
1783,Customer_01783,37.0,Female,UAE,Budget,2023-01-26
1784,Customer_01784,51.0,Male,Saudi Arabia,Budget,2025-11-12
1785,Customer_01785,29.0,Female,Saudi Arabia,Standard,2025-03-08
1786,Customer_01786,64.0,Female,Pakistan,Standard,2023-09-24
1787,Customer_01787,49.0,Male,Saudi Arabia,Standard,2023-08-06
1788,Customer_01788,19.0,Female,Pakistan,Budget,2023-04-19
1789,Customer_01789,29.0,Female,UK,Premium,2024-06-02
1790,Customer_01790,53.0,Female,Pakistan,Budget,2025-04-05
1791,Customer_01791,59.0,Male,Saudi Arabia,Standard,2024-10-02
1792,Customer_01792,62.0,Male,Saudi Arabia,Standard,2025-08-23
1793,Customer_01793,58.0,Female,Saudi Arabia,Standard,2024-01-12
1794,Customer_01794,21.0,Female,Pakistan,Standard,2023-11-01
1795,Customer_01795,53.0,Female,Saudi Arabia,Standard,2024-06-07
1796,Customer_01796,23.0,Female,UK,Standard,2023-08-10
1797,Customer_01797,21.0,Female,India,Standard,2025-12-05
1798,Customer_01798,51.0,Male,India,Standard,2023-07-23
1799,Customer_01799,40.0,Female,Pakistan,Standard,2024-06-08
1800,Customer_01800,49.0,Male,Pakistan,Standard,2024-07-26
1801,Customer_01801,58.0,Male,UK,Standard,2023-03-04
1802,Customer_01802,21.0,Female,India,Standard,2024-05-28
1803,Customer_01803,43.0,Female,Saudi Arabia,Budget,2024-05-13
1804,Customer_01804,58.0,Male,UK,Premium,2023-10-12
1805,Customer_01805,39.0,Female,Saudi Arabia,,2023-05-21
1806,Customer_01806,43.0,Female,Saudi Arabia,Premium,2023-02-19
1807,Customer_01807,41.0,Female,UAE,Standard,2023-01-10
1808,Customer_01808,61.0,Female,UAE,Budget,2024-06-11
1809,Customer_01809,20.0,Male,Pakistan,Standard,2023-04-09
1810,Customer_01810,60.0,Female,USA,Standard,2025-11-17
1811,Customer_01811,57.0,Male,Germany,Premium,2023-09-26
1812,Customer_01812,57.0,Male,India,Premium,2024-12-16
1813,Customer_01813,37.0,Male,Canada,Premium,2025-01-08
1814,Customer_01814,42.0,Male,Germany,Standard,2024-06-27
1815,Customer_01815,35.0,Female,India,Premium,2025-08-26
1816,Customer_01816,30.0,Male,UK,Standard,2023-05-02
1817,Customer_01817,60.0,Female,Saudi Arabia,Premium,2023-09-14
1818,Customer_01818,42.0,Male,Pakistan,Budget,2023-10-04
1819,Customer_01819,52.0,Male,Pakistan,Premium,2023-05-29
1820,Customer_01820,22.0,Female,India,Standard,2023-11-20
1821,Customer_01821,55.0,Female,UK,Standard,2023-12-09
1822,Customer_01822,49.0,Female,Pakistan,VIP,2025-04-18
1823,Customer_01823,65.0,Male,UK,Standard,2023-11-27
1824,Customer_01824,24.0,Male,Saudi Arabia,Premium,2025-08-18
1825,Customer_01825,43.0,Female,Saudi Arabia,Budget,2025-04-26
1826,Customer_01826,42.0,Female,Pakistan,Standard,2025-09-15
1827,Customer_01827,43.0,Male,India,Standard,2023-04-26
1828,Customer_01828,20.0,Female,Pakistan,Budget,2025-12-15
1829,Customer_01829,40.0,Female,Pakistan,Premium,2024-11-03
1830,Customer_01830,32.0,Female, pakistan ,Standard,2025-12-12
1831,Customer_01831,47.0,Female,Pakistan,Budget,2024-01-24
1832,Customer_01832,29.0,Female,Pakistan,Standard,2025-11-10
1833,Customer_01833,38.0,Male,UAE,Budget,2024-10-07
1834,Customer_01834,47.0,Female,India,Premium,2023-03-20
1835,Customer_01835,21.0,Male,Pakistan,Premium,2024-03-25
1836,Customer_01836,55.0,Male,USA,Standard,2023-06-01
1837,Customer_01837,52.0,Male,UAE,,2025-10-28
1838,Customer_01838,20.0,Female,Canada,Standard,2023-11-30
1839,Customer_01839,21.0,Other,Saudi Arabia,Standard,2023-09-01
1840,Customer_01840,58.0,Female,Pakistan,Premium,2024-08-28
1841,Customer_01841,31.0,Female,Canada,Standard,2024-04-10
1842,Customer_01842,59.0,Other,USA,Standard,2023-04-17
1843,Customer_01843,41.0,Female,Saudi Arabia,Budget,2025-06-13
1844,Customer_01844,34.0,Male,UAE,Standard,2025-07-15
1845,Customer_01845,31.0,Female,India,Premium,2025-03-25
1846,Customer_01846,49.0,Male,India,Budget,2024-11-06
1847,Customer_01847,23.0,Male,UK,Budget,2024-03-17
1848,Customer_01848,37.0,Male,UAE,Budget,2024-08-17
1849,Customer_01849,34.0,Male,PAKISTAN,Budget,2024-07-25
1850,Customer_01850,25.0,Female,Pakistan,Standard,2023-07-01
1851,Customer_01851,34.0,Other,Pakistan,Premium,2023-03-31
1852,Customer_01852,43.0,Male,Pakistan,Standard,2023-10-05
1853,Customer_01853,50.0,Female,India,Budget,2024-05-12
1854,Customer_01854,22.0,Male,Canada,Standard,2023-06-25
1855,Customer_01855,59.0,Male,Pakistan,,2023-04-27
1856,Customer_01856,60.0,Male,Pakistan,Standard,2025-07-22
1857,Customer_01857,51.0,Male,Pakistan,Budget,2024-02-15
1858,Customer_01858,62.0,Male,UAE,Premium,2024-10-02
1859,Customer_01859,38.0,Male,UAE,Budget,2024-07-28
1860,Customer_01860,57.0,Male,UAE,Premium,2025-03-16
1861,Customer_01861,52.0,Male,Germany,Premium,2025-03-21
1862,Customer_01862,45.0,Female,PAKISTAN,Premium,2023-11-21
1863,Customer_01863,26.0,Male,USA,Budget,2025-07-18
1864,Customer_01864,44.0,Male,USA,Budget,2024-02-11
1865,Customer_01865,61.0,Female,India,Premium,2025-07-04
1866,Customer_01866,65.0,Male,UAE,Standard,2024-03-19
1867,Customer_01867,39.0,Female,India,Standard,2023-05-02
1868,Customer_01868,29.0,Male,UK,Standard,2025-04-12
1869,Customer_01869,53.0,Female,Pakistan,Budget,2023-02-03
1870,Customer_01870,21.0,Female,Pakistan,Standard,2025-04-26
1871,Customer_01871,25.0,Female,Pakistan,VIP,2023-02-17
1872,Customer_01872,44.0,Female,UAE,Standard,2023-08-15
1873,Customer_01873,65.0,Male,Saudi Arabia,Standard,2024-10-23
1874,Customer_01874,33.0,Male,Pakistan,VIP,2025-10-28
1875,Customer_01875,39.0,Male,UAE,Standard,2024-03-23
1876,Customer_01876,33.0,Female,India,Budget,2023-05-13
1877,Customer_01877,39.0,Male,USA,Standard,2023-09-13
1878,Customer_01878,18.0,Male,Pakistan,Budget,2025-09-09
1879,Customer_01879,46.0,Female,Pakistan,Standard,2025-03-07
1880,Customer_01880,46.0,Male,Saudi Arabia,Standard,2023-04-21
1881,Customer_01881,33.0,Male,UAE,Budget,2024-02-26
1882,Customer_01882,,Female,USA,Budget,2023-10-17
1883,Customer_01883,54.0,Male,UAE,Standard,2023-07-14
1884,Customer_01884,27.0,Female,Canada,Budget,2025-07-16
1885,Customer_01885,20.0,Female,Pakistan,Standard,2024-11-08
1886,Customer_01886,19.0,Female,India,Budget,2023-07-16
1887,Customer_01887,60.0,Male,Germany,Standard,2024-12-14
1888,Customer_01888,35.0,Male,Pakistan,Premium,2024-03-29
1889,Customer_01889,22.0,Female,USA,Budget,2023-03-09
1890,Customer_01890,60.0,Female,Pakistan,Premium,2024-05-08
1891,Customer_01891,25.0,Female,India,Budget,2023-07-23
1892,Customer_01892,34.0,Male,Pakistan,Standard,2023-09-26
1893,Customer_01893,18.0,Male,UAE,Standard,2025-08-21
1894,Customer_01894,50.0,Male,USA,Budget,2025-02-17
1895,Customer_01895,51.0,Male,Pakistan,Budget,2023-05-27
1896,Customer_01896,54.0,Male,Pakistan,Premium,2025-07-22
1897,Customer_01897,30.0,Female,India,Premium,2024-09-21
1898,Customer_01898,33.0,Male,Pakistan,VIP,2025-08-16
1899,Customer_01899,63.0,Female,India,Premium,2025-03-29
1900,Customer_01900,57.0,Female,Germany,Standard,2024-01-07
1901,Customer_01901,19.0,Male,Pakistan,Budget,2024-08-09
1902,Customer_01902,51.0,Female,India,Budget,2024-08-04
1903,Customer_01903,57.0,Female,India,Standard,2025-02-28
1904,Customer_01904,44.0,Male,Pakistan,Premium,2023-09-30
1905,Customer_01905,48.0,Male,Pakistan,Budget,2024-01-01
1906,Customer_01906,18.0,Female,Saudi Arabia,Budget,2023-09-26
1907,Customer_01907,19.0,Female,UAE,Standard,2023-11-21
1908,Customer_01908,19.0,Female,USA,Premium,2023-06-26
1909,Customer_01909,25.0,Other,India,Standard,2023-02-10
1910,Customer_01910,65.0,Male,UAE,Premium,2025-10-27
1911,Customer_01911,48.0,Female,Canada,Standard,2023-03-23
1912,Customer_01912,55.0,Female,USA,Standard,2025-08-31
1913,Customer_01913,32.0,Female,Canada,Standard,2023-01-04
1914,Customer_01914,63.0,Female,Pakistan,Premium,2025-05-01
1915,Customer_01915,27.0,Female,Germany,Premium,2023-12-26
1916,Customer_01916,61.0,Female,USA,Standard,2024-07-21
1917,Customer_01917,19.0,Male,USA,Budget,2023-11-06
1918,Customer_01918,18.0,Female,Saudi Arabia,Budget,2024-06-21
1919,Customer_01919,21.0,Male,Germany,Budget,2024-05-09
1920,Customer_01920,56.0,Female,India,Budget,2024-08-03
1921,Customer_01921,30.0,Female,UK,Budget,2024-03-07
1922,Customer_01922,39.0,Female,Saudi Arabia,Standard,2024-08-11
1923,Customer_01923,40.0,Male,UK,Premium,2025-06-23
1924,Customer_01924,55.0,Female,UK,Premium,2024-04-21
1925,Customer_01925,34.0,Male,Pakistan,Premium,2024-02-01
1926,Customer_01926,18.0,Male,India,VIP,2023-05-25
1927,Customer_01927,36.0,Male,India,VIP,2024-01-30
1928,Customer_01928,31.0,Female,UK,Budget,2023-05-18
1929,Customer_01929,53.0,Male,Saudi Arabia,Budget,2023-07-20
1930,Customer_01930,,Female,USA,Budget,2025-11-09
1931,Customer_01931,22.0,Male,UK,Premium,2023-04-08
1932,Customer_01932,56.0,Female,UAE,Budget,2024-06-12
1933,Customer_01933,21.0,Female,Pakistan,Standard,2025-07-03
1934,Customer_01934,47.0,Female,Saudi Arabia,Standard,2025-11-10
1935,Customer_01935,36.0,Female,USA,Standard,2023-06-10
1936,Customer_01936,32.0,Female,Saudi Arabia,Standard,2023-06-29
1937,Customer_01937,41.0,Female,Canada,Premium,2024-02-13
1938,Customer_01938,32.0,Female,Germany,Standard,2024-08-30
1939,Customer_01939,56.0,Male,India,Premium,2025-11-17
1940,Customer_01940,64.0,Male,UK,Budget,2023-08-16
1941,Customer_01941,57.0,Female,UAE,Premium,2023-06-30
1942,Customer_01942,39.0,Female,India,Standard,2023-10-05
1943,Customer_01943,42.0,Female,Pakistan,Budget,2025-08-16
1944,Customer_01944,39.0,Female,Pakistan,VIP,2023-02-02
1945,Customer_01945,56.0,Male,Pakistan,Premium,2024-02-21
1946,Customer_01946,44.0,Female,Saudi Arabia,Premium,2023-05-11
1947,Customer_01947,40.0,Female,Pakistan,Premium,2023-06-22
1948,Customer_01948,37.0,Female,India ,Standard,2025-10-01
1949,Customer_01949,36.0,Female,UAE,,2023-01-02
1950,Customer_01950,44.0,Female,India,Budget,2023-12-19
1951,Customer_01951,51.0,Female,USA,Premium,2025-09-30
1952,Customer_01952,38.0,Female,India,,2024-10-28
1953,Customer_01953,56.0,Male,Pakistan,VIP,2023-03-20
1954,Customer_01954,57.0,Female,Germany,Premium,2024-05-24
1955,Customer_01955,38.0,Female,USA,Standard,2025-11-30
1956,Customer_01956,61.0,Male,Saudi Arabia,Budget,2024-03-14
1957,Customer_01957,26.0,Male,UK,Budget,2024-08-02
1958,Customer_01958,62.0,Female,Pakistan,Standard,2024-08-05
1959,Customer_01959,32.0,Male,UK,Premium,2024-12-24
1960,Customer_01960,45.0,Female,Pakistan,Budget,2023-07-25
1961,Customer_01961,31.0,Male,India,Premium,2025-07-09
1962,Customer_01962,39.0,Male,Pakistan,Standard,2025-12-19
1963,Customer_01963,34.0,Female,UK,Standard,2023-06-06
1964,Customer_01964,51.0,Male,Pakistan,Premium,2025-06-15
1965,Customer_01965,21.0,Male,Pakistan,Standard,2025-06-14
1966,Customer_01966,58.0,Female,Pakistan,Premium,2025-03-23
1967,Customer_01967,61.0,Female,UK,Standard,2024-02-11
1968,Customer_01968,45.0,Male,Pakistan,Standard,2024-05-28
1969,Customer_01969,44.0,Female,UAE,Budget,2025-07-08
1970,Customer_01970,51.0,Female,Pakistan,Standard,2023-06-17
1971,Customer_01971,27.0,Female,UK,Premium,2025-06-27
1972,Customer_01972,53.0,Male,Pakistan,VIP,2025-10-06
1973,Customer_01973,28.0,Male,Canada,Premium,2025-01-17
1974,Customer_01974,50.0,Female,Pakistan,Budget,2024-01-10
1975,Customer_01975,32.0,Female,Pakistan,VIP,2024-09-04
1976,Customer_01976,53.0,Male,Pakistan,Budget,2023-02-24
1977,Customer_01977,55.0,Female,Pakistan,Budget,2025-10-18
1978,Customer_01978,28.0,Male,India,Premium,2024-01-11
1979,Customer_01979,47.0,Female,Pakistan,Premium,2023-03-04
1980,Customer_01980,41.0,Female,USA,VIP,2025-05-20
1981,Customer_01981,32.0,Female,UAE,Premium,2024-12-21
1982,Customer_01982,46.0,Female,Pakistan,Budget,2024-11-13
1983,Customer_01983,65.0,Male,India,Budget,2023-03-01
1984,Customer_01984,18.0,Female,Pakistan,Budget,2025-04-02
1985,Customer_01985,63.0,Male,Pakistan,Standard,2024-11-29
1986,Customer_01986,59.0,Female,Pakistan,Standard,2025-05-19
1987,Customer_01987,43.0,Female,Pakistan,Budget,2025-06-25
1988,Customer_01988,47.0,Male,Pakistan,Standard,2023-08-21
1989,Customer_01989,35.0,Male,Canada,Standard,2023-08-19
1990,Customer_01990,24.0,Male,Saudi Arabia,Premium,2025-10-09
1991,Customer_01991,45.0,Male,Canada,Standard,2024-08-05
1992,Customer_01992,57.0,Male,Pakistan,Standard,2024-04-25
1993,Customer_01993,29.0,Female,USA,Standard,2023-11-11
1994,Customer_01994,52.0,Female,India,Standard,2024-12-01
1995,Customer_01995,53.0,Female,Pakistan,Budget,2025-04-06
1996,Customer_01996,54.0,Female,USA,Budget,2023-01-03
1997,Customer_01997,34.0,Female,Pakistan,VIP,2024-08-28
1998,Customer_01998,36.0,Male,India,Premium,2025-12-24
1999,Customer_01999,37.0,Female,USA,Budget,2023-11-04
2000,Customer_02000,59.0,Female,UAE,Standard,2023-11-04
2001,Customer_02001,61.0,Female,UAE,Standard,2025-08-20
2002,Customer_02002,37.0,Female,India,Budget,2023-03-10
2003,Customer_02003,64.0,Female,Pakistan,Budget,2024-03-11
2004,Customer_02004,45.0,Female,Germany,VIP,2024-05-17
2005,Customer_02005,36.0,Female,Pakistan,Standard,2025-05-24
2006,Customer_02006,18.0,Male,Pakistan,Budget,2023-05-22
2007,Customer_02007,47.0,Female,Pakistan,Premium,2024-04-20
2008,Customer_02008,48.0,Male,Canada,Standard,2023-06-16
2009,Customer_02009,64.0,Male,UK,Standard,2025-05-13
2010,Customer_02010,52.0,Female,India,Budget,2024-11-23
2011,Customer_02011,19.0,Male,Germany,Budget,2024-06-28
2012,Customer_02012,45.0,Female,Pakistan,Budget,2024-03-06
2013,Customer_02013,53.0,Male,Canada,VIP,2023-06-17
2014,Customer_02014,41.0,Female,Pakistan,Standard,2025-10-07
2015,Customer_02015,38.0,Male,India,Premium,2024-12-10
2016,Customer_02016,56.0,Female,Pakistan,Budget,2023-12-16
2017,Customer_02017,47.0,Male,Germany,Premium,2024-03-29
2018,Customer_02018,50.0,Male,Canada,Standard,2025-03-06
2019,Customer_02019,40.0,Male,UAE,Standard,2025-02-27
2020,Customer_02020,,Female,Pakistan,Standard,2024-05-20
2021,Customer_02021,42.0,Other,Pakistan,Standard,2023-11-28
2022,Customer_02022,64.0,Female,India,Budget,2024-12-24
2023,Customer_02023,46.0,Male,Pakistan,Budget,2024-12-22
2024,Customer_02024,51.0,Male,Pakistan,Premium,2024-10-19
2025,Customer_02025,,Male,Saudi Arabia,Budget,2023-03-21
2026,Customer_02026,65.0,Female,UAE,Budget,2024-06-02
2027,Customer_02027,29.0,Female,Canada,Premium,2024-11-03
2028,Customer_02028,64.0,Male,India,Budget,2025-11-07
2029,Customer_02029,39.0,Female,India,Standard,2024-07-30
2030,Customer_02030,62.0,Female,UAE,Premium,2024-01-11
2031,Customer_02031,60.0,Male,Pakistan,Premium,2024-09-01
2032,Customer_02032,54.0,Male,Saudi Arabia,Budget,2023-07-14
2033,Customer_02033,61.0,Male,UK,Standard,2023-04-10
2034,Customer_02034,47.0,Male,Pakistan,Standard,2025-01-13
2035,Customer_02035,58.0,Male,Pakistan,Standard,2025-12-16
2036,Customer_02036,26.0,Female,USA,Premium,2025-07-16
2037,Customer_02037,21.0,Male,UAE,VIP,2024-10-01
2038,Customer_02038,44.0,Female,UAE,Budget,2023-02-14
2039,Customer_02039,56.0,Female,UK,Budget,2025-12-18
2040,Customer_02040,54.0,Female,UAE,Premium,2024-05-07
2041,Customer_02041,43.0,Female,Pakistan,Standard,2023-11-14
2042,Customer_02042,43.0,Male,USA,Premium,2025-09-05
2043,Customer_02043,47.0,Male,Canada,Budget,2025-03-29
2044,Customer_02044,59.0,Male,Pakistan,Budget,2025-04-01
2045,Customer_02045,,Female,Pakistan,Standard,2023-11-01
2046,Customer_02046,23.0,Female,Saudi Arabia,VIP,2025-12-23
2047,Customer_02047,46.0,Male,UAE,Budget,2024-05-11
2048,Customer_02048,36.0,Male,India,Premium,2024-08-05
2049,Customer_02049,56.0,Female,UAE,Standard,2025-04-03
2050,Customer_02050,42.0,Male,Saudi Arabia,Budget,2024-12-24
2051,Customer_02051,65.0,Female,UAE,Standard,2023-07-08
2052,Customer_02052,38.0,Male,Pakistan,Budget,2023-11-28
2053,Customer_02053,50.0,Male,Pakistan,Standard,2024-01-31
2054,Customer_02054,23.0,Male,India,Budget,2025-11-04
2055,Customer_02055,62.0,Male,Canada,Standard,2025-02-22
2056,Customer_02056,,Male,UAE,Budget,2024-02-06
2057,Customer_02057,36.0,Female,India,Premium,2025-03-16
2058,Customer_02058,58.0,Male,Canada,Premium,2025-03-20
2059,Customer_02059,64.0,Female,India,Standard,2024-03-08
2060,Customer_02060,41.0,Male,UAE,Standard,2024-03-17
2061,Customer_02061,41.0,Male,Pakistan,VIP,2025-09-07
2062,Customer_02062,20.0,Male,UK,Budget,2024-09-07
2063,Customer_02063,64.0,Male,Saudi Arabia,Premium,2023-06-13
2064,Customer_02064,18.0,Male,USA,Standard,2025-02-27
2065,Customer_02065,19.0,Male,Pakistan,Premium,2024-10-08
2066,Customer_02066,40.0,Female,India,Budget,2024-07-11
2067,Customer_02067,18.0,Female,Pakistan,Budget,2025-03-05
2068,Customer_02068,25.0,Female,Germany,Standard,2025-09-21
2069,Customer_02069,48.0,Male,Pakistan,Budget,2023-12-29
2070,Customer_02070,51.0,Female,Saudi Arabia,Budget,2024-04-04
2071,Customer_02071,32.0,Female,Saudi Arabia,VIP,2023-07-27
2072,Customer_02072,56.0,Male,Pakistan,Budget,2024-12-10
2073,Customer_02073,47.0,Male,India,Budget,2024-03-17
2074,Customer_02074,28.0,Female,Pakistan,Budget,2024-01-11
2075,Customer_02075,52.0,Female,UAE,Standard,2025-02-02
2076,Customer_02076,46.0,Male,Germany,Standard,2024-03-23
2077,Customer_02077,56.0,Male,India,Budget,2024-05-23
2078,Customer_02078,25.0,Other,Germany,Premium,2024-04-27
2079,Customer_02079,29.0,Male,Pakistan,Premium,2023-10-11
2080,Customer_02080,32.0,Female,India,Budget,2023-05-18
2081,Customer_02081,34.0,Female,Canada,Premium,2025-06-25
2082,Customer_02082,60.0,Female,USA,Standard,2023-04-11
2083,Customer_02083,53.0,Female,Pakistan,Standard,2023-12-23
2084,Customer_02084,44.0,Male,Saudi Arabia,Premium,2025-01-01
2085,Customer_02085,43.0,Female,USA,Premium,2023-05-24
2086,Customer_02086,60.0,Female,UK,Standard,2024-12-19
2087,Customer_02087,39.0,Female,Saudi Arabia,Standard,2025-03-14
2088,Customer_02088,28.0,Male,Pakistan,Budget,2024-12-27
2089,Customer_02089,24.0,Male,Pakistan,Standard,2023-12-01
2090,Customer_02090,33.0,Male,UAE,Standard,2023-01-22
2091,Customer_02091,49.0,Male,UAE,Budget,2025-08-30
2092,Customer_02092,40.0,Female,Pakistan,Premium,2023-12-24
2093,Customer_02093,38.0,Female,Pakistan,Standard,2025-06-01
2094,Customer_02094,41.0,Female,India,Budget,2023-08-05
2095,Customer_02095,64.0,Female,India,Premium,2023-06-28
2096,Customer_02096,65.0,Male,India,Premium,2025-05-02
2097,Customer_02097,25.0,Male,India,Standard,2025-10-26
2098,Customer_02098,23.0,Male,Pakistan,Standard,2025-08-01
2099,Customer_02099,29.0,Male,USA,Premium,2025-04-03
2100,Customer_02100,58.0,Male, pakistan ,VIP,2023-09-28
2101,Customer_02101,40.0,Male,Pakistan,Budget,2025-09-27
2102,Customer_02102,59.0,Male,India,Standard,2025-01-01
2103,Customer_02103,49.0,Female,India,Premium,2023-07-08
2104,Customer_02104,44.0,Male,UAE,VIP,2023-05-22
2105,Customer_02105,31.0,Male,UAE,Budget,2025-08-12
2106,Customer_02106,34.0,Male,Saudi Arabia,Standard,2023-10-29
2107,Customer_02107,25.0,Female,Saudi Arabia,Premium,2025-04-19
2108,Customer_02108,42.0,Female,Pakistan,Budget,2023-06-01
2109,Customer_02109,31.0,Male,Pakistan,Standard,2023-11-04
2110,Customer_02110,32.0,Male,Pakistan,Standard,2023-11-07
2111,Customer_02111,19.0,Female,India,Standard,2023-11-05
2112,Customer_02112,56.0,Female,India,Premium,2025-01-09
2113,Customer_02113,63.0,Female,UK,Budget,2025-09-29
2114,Customer_02114,41.0,Female,Pakistan,Premium,2025-09-24
2115,Customer_02115,43.0,Female,Saudi Arabia,Budget,2025-03-23
2116,Customer_02116,62.0,Female,Pakistan,Premium,2023-08-10
2117,Customer_02117,42.0,Male,India,,2025-11-18
2118,Customer_02118,47.0,Female,Saudi Arabia,Budget,2024-08-17
2119,Customer_02119,38.0,Male,Pakistan,VIP,2024-08-21
2120,Customer_02120,42.0,Female,India,Premium,2025-02-07
2121,Customer_02121,43.0,Male,India,Standard,2025-04-22
2122,Customer_02122,52.0,Male,Saudi Arabia,Budget,2025-11-10
2123,Customer_02123,47.0,Female,Pakistan,Standard,2024-09-30
2124,Customer_02124,42.0,Female,Canada,VIP,2024-10-30
2125,Customer_02125,21.0,Male,Germany,Budget,2025-03-28
2126,Customer_02126,61.0,Other,USA,VIP,2023-10-07
2127,Customer_02127,60.0,Male,Pakistan,Standard,2023-12-04
2128,Customer_02128,26.0,Male,Saudi Arabia,Standard,2024-11-16
2129,Customer_02129,32.0,Female,Pakistan,Standard,2023-03-12
2130,Customer_02130,64.0,Male,USA,Budget,2023-12-18
2131,Customer_02131,33.0,Male,UAE,Premium,2025-02-25
2132,Customer_02132,56.0,Female,Pakistan,Budget,2025-12-05
2133,Customer_02133,55.0,Male,Pakistan,VIP,2024-07-23
2134,Customer_02134,59.0,Male,USA,Budget,2024-03-14
2135,Customer_02135,18.0,Male,USA,Budget,2024-04-27
2136,Customer_02136,41.0,Female,UAE,Premium,2025-01-21
2137,Customer_02137,45.0,Male,India,Standard,2024-08-19
2138,Customer_02138,58.0,Male,UK,Budget,2023-01-26
2139,Customer_02139,28.0,Female,USA,Standard,2024-08-14
2140,Customer_02140,32.0,Male,UK,Budget,2024-03-14
2141,Customer_02141,26.0,Male,India,Premium,2025-02-07
2142,Customer_02142,54.0,Female,Saudi Arabia,Budget,2025-08-17
2143,Customer_02143,65.0,Female,USA,Standard,2025-11-20
2144,Customer_02144,24.0,Male,Pakistan,Budget,2024-10-30
2145,Customer_02145,29.0,Female,India,Standard,2024-02-02
2146,Customer_02146,32.0,Female,Pakistan,Premium,2024-05-01
2147,Customer_02147,60.0,Male,India,Premium,2023-07-13
2148,Customer_02148,39.0,Female,UK,Standard,2025-10-22
2149,Customer_02149,31.0,Female,Pakistan,Budget,2025-07-17
2150,Customer_02150,33.0,Female,UAE,Budget,2025-07-24
2151,Customer_02151,,Female,Pakistan,Premium,2023-12-26
2152,Customer_02152,36.0,Female,Canada,Budget,2023-12-20
2153,Customer_02153,24.0,Other,USA,Standard,2025-07-27
2154,Customer_02154,57.0,Female,UAE,Standard,2024-08-19
2155,Customer_02155,38.0,Female,Saudi Arabia,VIP,2025-02-11
2156,Customer_02156,30.0,Female,Pakistan,Standard,2024-06-20
2157,Customer_02157,52.0,Female,USA,Standard,2024-04-30
2158,Customer_02158,53.0,Female,Saudi Arabia,Premium,2024-11-23
2159,Customer_02159,25.0,Male,Pakistan,VIP,2025-06-10
2160,Customer_02160,21.0,Male,Germany,Standard,2024-01-02
2161,Customer_02161,20.0,Female,Pakistan,Premium,2025-06-05
2162,Customer_02162,54.0,Male,Saudi Arabia,Standard,2023-09-25
2163,Customer_02163,48.0,Female,Pakistan,Standard,2024-03-17
2164,Customer_02164,56.0,Female,Saudi Arabia,Budget,2025-09-27
2165,Customer_02165,48.0,Female,Pakistan,Standard,2025-11-12
2166,Customer_02166,37.0,Male,Pakistan,Standard,2025-10-09
2167,Customer_02167,46.0,Female,India,Budget,2023-12-13
2168,Customer_02168,52.0,Male,Germany,Budget,2025-07-13
2169,Customer_02169,37.0,Female,Pakistan,Premium,2025-10-22
2170,Customer_02170,61.0,Male,UAE,Budget,2025-12-08
2171,Customer_02171,61.0,Female,UAE,Standard,2023-01-23
2172,Customer_02172,56.0,Female,USA,Standard,2025-03-27
2173,Customer_02173,65.0,Female,Pakistan,Standard,2025-12-28
2174,Customer_02174,36.0,Female,UAE,Budget,2025-04-18
2175,Customer_02175,23.0,Male,Germany,Standard,2023-09-13
2176,Customer_02176,41.0,Male,Pakistan,Standard,2025-04-15
2177,Customer_02177,53.0,Male,India,Standard,2023-04-26
2178,Customer_02178,55.0,Female,USA,Premium,2024-06-10
2179,Customer_02179,36.0,Female,Pakistan,Premium,2024-11-17
2180,Customer_02180,32.0,Male,India,Budget,2024-05-15
2181,Customer_02181,39.0,Male,Pakistan,,2025-02-06
2182,Customer_02182,56.0,Male,USA,Standard,2023-09-21
2183,Customer_02183,20.0,Female,Canada,Premium,2024-10-26
2184,Customer_02184,33.0,Male,Saudi Arabia,Budget,2024-12-07
2185,Customer_02185,29.0,Male,Saudi Arabia,Standard,2024-11-25
2186,Customer_02186,56.0,Male,India,Standard,2023-11-14
2187,Customer_02187,40.0,Male,Pakistan,Standard,2023-12-01
2188,Customer_02188,22.0,Male,Pakistan,VIP,2023-10-10
2189,Customer_02189,30.0,Male,Pakistan,Budget,2024-05-21
2190,Customer_02190,20.0,Female,Pakistan,Budget,2024-10-04
2191,Customer_02191,40.0,Female,Saudi Arabia,Standard,2024-02-02
2192,Customer_02192,65.0,Male,Pakistan,Standard,2024-03-25
2193,Customer_02193,45.0,Female,Pakistan,Budget,2023-11-10
2194,Customer_02194,59.0,Female,India,Standard,2023-08-28
2195,Customer_02195,53.0,Female,Pakistan,Budget,2024-12-21
2196,Customer_02196,60.0,Female,Pakistan,Premium,2025-06-13
2197,Customer_02197,32.0,Male,Pakistan,Standard,2023-11-15
2198,Customer_02198,63.0,Female,Pakistan,Budget,2025-08-01
2199,Customer_02199,29.0,Female,UAE,Standard,2024-09-17
2200,Customer_02200,39.0,Female,UK,Premium,2023-07-03
2201,Customer_02201,50.0,Male,India ,Premium,2024-02-06
2202,Customer_02202,31.0,Male,UK,Budget,2023-01-09
2203,Customer_02203,30.0,Male,Saudi Arabia,Standard,2023-02-12
2204,Customer_02204,24.0,Other,Canada,Budget,2024-01-04
2205,Customer_02205,18.0,Female,UAE,Budget,2024-05-13
2206,Customer_02206,42.0,Male,Saudi Arabia,Premium,2025-05-24
2207,Customer_02207,65.0,Female,India,Premium,2023-05-28
2208,Customer_02208,28.0,Male,Pakistan,Budget,2025-07-08
2209,Customer_02209,39.0,Male,Pakistan,Premium,2023-09-15
2210,Customer_02210,62.0,Female,Pakistan,Premium,2023-06-01
2211,Customer_02211,55.0,Female,USA,Premium,2025-02-06
2212,Customer_02212,18.0,Female,Pakistan,Premium,2025-04-28
2213,Customer_02213,42.0,Female,Saudi Arabia,Standard,2024-10-24
2214,Customer_02214,24.0,Female,USA,VIP,2023-05-07
2215,Customer_02215,29.0,Female,India,Budget,2023-05-07
2216,Customer_02216,29.0,Male,Pakistan,Standard,2024-03-03
2217,Customer_02217,47.0,Female,India,Standard,2024-05-08
2218,Customer_02218,27.0,Female,India,Premium,2025-12-30
2219,Customer_02219,30.0,Male,Germany,Budget,2023-11-10
2220,Customer_02220,28.0,Male,Saudi Arabia,Standard,2023-07-31
2221,Customer_02221,35.0,Male,UK,Premium,2025-11-02
2222,Customer_02222,49.0,Male,UAE,Standard,2023-06-18
2223,Customer_02223,37.0,Female,Saudi Arabia,Budget,2023-01-29
2224,Customer_02224,,Male,UK,Budget,2024-04-08
2225,Customer_02225,42.0,Female,Pakistan,Standard,2024-03-15
2226,Customer_02226,47.0,Male,Pakistan,Budget,2024-11-10
2227,Customer_02227,18.0,Male,Pakistan,Standard,2025-08-19
2228,Customer_02228,60.0,Male,UAE,Standard,2025-10-19
2229,Customer_02229,61.0,Male,USA,VIP,2023-11-14
2230,Customer_02230,46.0,Other,UAE,Premium,2025-12-10
2231,Customer_02231,45.0,Male,UAE,Budget,2024-11-24
2232,Customer_02232,51.0,Male,Canada,Premium,2023-03-18
2233,Customer_02233,39.0,Male,Pakistan,Premium,2025-10-25
2234,Customer_02234,35.0,Male,Pakistan,Premium,2023-06-01
2235,Customer_02235,34.0,Female,Canada,Standard,2024-10-07
2236,Customer_02236,25.0,Female,Canada,Budget,2025-05-16
2237,Customer_02237,58.0,Male,Saudi Arabia,Standard,2023-10-01
2238,Customer_02238,33.0,Female,Pakistan,Standard,2023-10-24
2239,Customer_02239,31.0,Male,Germany,Standard,2024-06-05
2240,Customer_02240,64.0,Female,UK,Budget,2025-08-27
2241,Customer_02241,42.0,Female,Saudi Arabia,Budget,2023-09-03
2242,Customer_02242,47.0,Male,Pakistan,Standard,2024-12-28
2243,Customer_02243,29.0,Female,UAE,,2024-05-11
2244,Customer_02244,31.0,Female,USA,Standard,2023-05-03
2245,Customer_02245,52.0,Male,USA,Premium,2025-02-18
2246,Customer_02246,39.0,Other,UAE,Standard,2025-07-01
2247,Customer_02247,25.0,Female,UAE,Budget,2024-09-22
2248,Customer_02248,58.0,Male,Saudi Arabia,Budget,2023-07-13
2249,Customer_02249,37.0,Female,UAE,Standard,2023-06-20
2250,Customer_02250,50.0,Female,India,Premium,2024-04-09
2251,Customer_02251,34.0,Female,Pakistan,Standard,2024-07-09
2252,Customer_02252,44.0,Female,Pakistan,Premium,2024-08-28
2253,Customer_02253,55.0,Female,UK,VIP,2023-09-25
2254,Customer_02254,60.0,Female,Pakistan,Budget,2024-07-02
2255,Customer_02255,27.0,Female,Pakistan,Standard,2023-11-20
2256,Customer_02256,50.0,Male,Canada,Standard,2025-01-22
2257,Customer_02257,61.0,Male,Saudi Arabia,Standard,2025-05-22
2258,Customer_02258,48.0,Female,Pakistan,Standard,2024-12-16
2259,Customer_02259,24.0,Female,Pakistan,Standard,2023-01-02
2260,Customer_02260,27.0,Male,UK,Standard,2025-12-23
2261,Customer_02261,27.0,Female,India,Standard,2023-01-27
2262,Customer_02262,23.0,Female,India,Standard,2025-12-31
2263,Customer_02263,54.0,Female,India,Budget,2023-02-04
2264,Customer_02264,64.0,Male,Pakistan,Standard,2024-07-20
2265,Customer_02265,42.0,Female,UK,Premium,2023-04-27
2266,Customer_02266,46.0,Male,Pakistan,Standard,2023-04-15
2267,Customer_02267,55.0,Male,UAE,Budget,2025-01-19
2268,Customer_02268,37.0,Female,Pakistan,Budget,2025-03-08
2269,Customer_02269,40.0,Female,Pakistan,Premium,2023-05-10
2270,Customer_02270,46.0,Male,Pakistan,Premium,2025-12-06
2271,Customer_02271,32.0,Female,USA,Budget,2023-12-18
2272,Customer_02272,20.0,Female,Pakistan,Standard,2023-12-15
2273,Customer_02273,45.0,Male,Pakistan,Standard,2023-11-22
2274,Customer_02274,57.0,Male,Pakistan,Standard,2024-05-20
2275,Customer_02275,21.0,Female,UK,Budget,2023-07-14
2276,Customer_02276,,Female,India,Standard,2024-04-10
2277,Customer_02277,30.0,Male,Canada,VIP,2023-08-19
2278,Customer_02278,56.0,Female,Saudi Arabia,Standard,2023-02-26
2279,Customer_02279,42.0,Female,UAE,Standard,2024-02-09
2280,Customer_02280,43.0,Female,Saudi Arabia,Budget,2025-01-06
2281,Customer_02281,48.0,Female,Pakistan,Budget,2025-04-16
2282,Customer_02282,31.0,Male,Germany,Premium,2024-01-23
2283,Customer_02283,52.0,Male,Germany,VIP,2023-12-21
2284,Customer_02284,19.0,Male,Pakistan,Budget,2025-05-13
2285,Customer_02285,23.0,Female,Saudi Arabia,Premium,2025-01-16
2286,Customer_02286,57.0,Female,Pakistan,Budget,2025-07-01
2287,Customer_02287,49.0,Female,UAE,Standard,2025-09-20
2288,Customer_02288,26.0,Male,UK,Standard,2025-06-19
2289,Customer_02289,39.0,Female,Canada,Standard,2025-10-23
2290,Customer_02290,20.0,Male,Pakistan,Standard,2024-04-01
2291,Customer_02291,50.0,Male,Saudi Arabia,Standard,2024-03-08
2292,Customer_02292,54.0,Male,Saudi Arabia,Budget,2023-12-19
2293,Customer_02293,31.0,Female,Pakistan,VIP,2023-09-15
2294,Customer_02294,34.0,Male,Saudi Arabia,Budget,2025-03-31
2295,Customer_02295,29.0,Female,Saudi Arabia,Budget,2025-02-22
2296,Customer_02296,36.0,Other,UK,VIP,2025-05-28
2297,Customer_02297,31.0,Female,Germany,Standard,2023-07-03
2298,Customer_02298,29.0,Male,Pakistan,Standard,2024-06-22
2299,Customer_02299,38.0,Female,Pakistan,Budget,2023-09-01
2300,Customer_02300,59.0,Female,Pakistan,Budget,2025-09-05
2301,Customer_02301,54.0,Male,Pakistan,Budget,2023-10-21
2302,Customer_02302,32.0,Female,India,Standard,2023-06-07
2303,Customer_02303,63.0,Female,USA,Standard,2024-09-16
2304,Customer_02304,28.0,Male,India,Standard,2025-08-21
2305,Customer_02305,61.0,Female,Saudi Arabia,Premium,2025-09-30
2306,Customer_02306,32.0,Male,India,Premium,2023-04-16
2307,Customer_02307,43.0,Male,Pakistan,Standard,2023-12-24
2308,Customer_02308,27.0,Female,USA,VIP,2023-06-18
2309,Customer_02309,54.0,Male,Saudi Arabia,Premium,2023-12-04
2310,Customer_02310,33.0,Male,India,Premium,2024-08-08
2311,Customer_02311,59.0,Male,Canada,Standard,2023-11-04
2312,Customer_02312,21.0,Male,India,Budget,2023-03-16
2313,Customer_02313,42.0,Male,Pakistan,Budget,2024-07-12
2314,Customer_02314,25.0,Female,India,Premium,2023-02-27
2315,Customer_02315,60.0,Male,Saudi Arabia,Standard,2023-09-06
2316,Customer_02316,38.0,Male,India,Premium,2023-01-01
2317,Customer_02317,50.0,Female,USA,Premium,2023-04-06
2318,Customer_02318,,Female,UAE,Budget,2024-04-23
2319,Customer_02319,43.0,Male,India,Standard,2025-07-21
2320,Customer_02320,20.0,Male,USA,VIP,2025-04-28
2321,Customer_02321,28.0,Male,India,Budget,2023-04-19
2322,Customer_02322,28.0,Male,India,Standard,2023-02-08
2323,Customer_02323,61.0,Male,Pakistan,VIP,2024-01-06
2324,Customer_02324,61.0,Female,India,Budget,2024-12-15
2325,Customer_02325,40.0,Female,India,Budget,2025-03-29
2326,Customer_02326,60.0,Male,Pakistan,Standard,2025-06-21
2327,Customer_02327,29.0,Female,UAE,Premium,2024-01-11
2328,Customer_02328,50.0,Male,Pakistan,Standard,2023-07-04
2329,Customer_02329,36.0,Male,Pakistan,Budget,2023-01-29
2330,Customer_02330,29.0,Male,UAE,Budget,2023-06-10
2331,Customer_02331,30.0,Male,Pakistan,Standard,2023-03-13
2332,Customer_02332,38.0,Female,Saudi Arabia,Standard,2025-08-01
2333,Customer_02333,34.0,Male,Saudi Arabia,Budget,2023-10-22
2334,Customer_02334,28.0,Female,Pakistan,Premium,2025-06-21
2335,Customer_02335,34.0,Male,Pakistan,Budget,2024-08-29
2336,Customer_02336,24.0,Female,India,Premium,2024-08-13
2337,Customer_02337,64.0,Female,Pakistan,Premium,2024-05-13
2338,Customer_02338,36.0,Male,UAE,Standard,2025-06-16
2339,Customer_02339,23.0,Male,UK,Standard,2023-02-17
2340,Customer_02340,45.0,Female,Saudi Arabia,Budget,2023-04-12
2341,Customer_02341,60.0,Female,India,Standard,2024-04-09
2342,Customer_02342,35.0,Male,Canada,Standard,2024-03-08
2343,Customer_02343,58.0,Female,Pakistan,Budget,2024-08-20
2344,Customer_02344,47.0,Male,USA,Standard,2025-03-19
2345,Customer_02345,,Male,USA,Budget,2024-10-05
2346,Customer_02346,32.0,Female,India,Budget,2023-10-10
2347,Customer_02347,19.0,Male,Pakistan,Standard,2023-12-25
2348,Customer_02348,34.0,Male,Pakistan,Standard,2025-04-04
2349,Customer_02349,62.0,Male,Canada,Budget,2023-08-09
2350,Customer_02350,,Male,Pakistan,Budget,2024-07-06
2351,Customer_02351,55.0,Male,USA,Budget,2024-08-13
2352,Customer_02352,60.0,Male,UAE,Standard,2025-04-02
2353,Customer_02353,35.0,Female,India,Standard,2025-02-21
2354,Customer_02354,33.0,Female,UAE,Budget,2024-05-24
2355,Customer_02355,62.0,Male,Pakistan,Standard,2023-12-05
2356,Customer_02356,45.0,Male,PAKISTAN,VIP,2024-02-08
2357,Customer_02357,32.0,Female,Canada,Standard,2024-03-27
2358,Customer_02358,,Male,Pakistan,Standard,2023-08-29
2359,Customer_02359,60.0,Male,Canada,Standard,2024-11-16
2360,Customer_02360,20.0,Female,Germany,Premium,2023-08-17
2361,Customer_02361,20.0,Male,Pakistan,VIP,2024-12-11
2362,Customer_02362,53.0,Female,UAE,Budget,2025-04-03
2363,Customer_02363,18.0,Female,Pakistan,Budget,2025-11-20
2364,Customer_02364,26.0,Female,Saudi Arabia,Budget,2023-05-11
2365,Customer_02365,65.0,Male,Germany,Premium,2025-04-12
2366,Customer_02366,38.0,Male,Canada,Budget,2023-04-05
2367,Customer_02367,52.0,Male,Canada,Premium,2024-01-05
2368,Customer_02368,41.0,Female,Pakistan,Budget,2023-07-13
2369,Customer_02369,22.0,Female,UAE,Standard,2023-06-27
2370,Customer_02370,26.0,Female,Pakistan,Budget,2023-07-12
2371,Customer_02371,54.0,Male,Canada,Standard,2023-02-18
2372,Customer_02372,22.0,Female,Pakistan,Standard,2025-06-21
2373,Customer_02373,46.0,Female,Pakistan,Premium,2023-03-08
2374,Customer_02374,34.0,Female,Pakistan,Standard,2024-03-12
2375,Customer_02375,35.0,Female,Pakistan,Standard,2025-02-05
2376,Customer_02376,63.0,Male,Pakistan,Premium,2025-12-21
2377,Customer_02377,47.0,Male,Pakistan,Premium,2025-07-24
2378,Customer_02378,47.0,Female,USA,Premium,2023-05-31
2379,Customer_02379,34.0,Male,UK,Premium,2025-12-18
2380,Customer_02380,36.0,Male,Pakistan,Standard,2024-12-17
2381,Customer_02381,50.0,Male,UK,Premium,2023-07-16
2382,Customer_02382,19.0,Male,India,Standard,2024-05-06
2383,Customer_02383,29.0,Female,UK,Premium,2025-10-02
2384,Customer_02384,46.0,Male,Pakistan,Premium,2024-03-06
2385,Customer_02385,,Male,UAE,Budget,2023-07-21
2386,Customer_02386,22.0,Female,India,Budget,2025-08-17
2387,Customer_02387,55.0,Female,Pakistan,Premium,2025-11-10
2388,Customer_02388,44.0,Male,UAE,Standard,2025-12-05
2389,Customer_02389,29.0,Male,UK,Standard,2025-11-13
2390,Customer_02390,54.0,Male,UK,VIP,2025-08-14
2391,Customer_02391,65.0,Male,India,Standard,2024-05-13
2392,Customer_02392,38.0,Male,UAE,Standard,2023-07-30
2393,Customer_02393,31.0,Male,UK,Standard,2024-11-07
2394,Customer_02394,32.0,Female,Pakistan,Budget,2023-08-30
2395,Customer_02395,46.0,Female,Pakistan,Standard,2024-06-02
2396,Customer_02396,20.0,Female,India,Premium,2024-12-20
2397,Customer_02397,41.0,Male,Pakistan,,2025-11-03
2398,Customer_02398,19.0,Male,India,Premium,2023-11-13
2399,Customer_02399,19.0,Other,Pakistan,Premium,2023-10-04
2400,Customer_02400,38.0,Female,UAE,Budget,2025-03-16
2401,Customer_02401,53.0,Female,Saudi Arabia,Premium,2023-01-08
2402,Customer_02402,60.0,Male,USA,Premium,2024-09-12
2403,Customer_02403,22.0,Male,Saudi Arabia,Standard,2025-03-28
2404,Customer_02404,29.0,Female,India,Budget,2024-08-26
2405,Customer_02405,,Female,Canada,Budget,2024-02-25
2406,Customer_02406,45.0,Male,UK,Standard,2025-06-27
2407,Customer_02407,65.0,Female,UAE,Budget,2024-02-11
2408,Customer_02408,50.0,Female,Pakistan,Standard,2025-02-17
2409,Customer_02409,43.0,Female,India ,Premium,2024-05-23
2410,Customer_02410,20.0,Male,UAE,Premium,2023-01-30
2411,Customer_02411,21.0,Female,Saudi Arabia,Premium,2024-08-04
2412,Customer_02412,25.0,Female,UK,VIP,2023-02-24
2413,Customer_02413,49.0,Male,India ,Budget,2025-10-17
2414,Customer_02414,33.0,Female,Canada,Budget,2024-10-21
2415,Customer_02415,29.0,Female,Saudi Arabia,Standard,2024-02-12
2416,Customer_02416,,Female,Germany,,2024-06-16
2417,Customer_02417,57.0,Male,Canada,Budget,2024-11-09
2418,Customer_02418,39.0,Female,Pakistan,Premium,2023-10-13
2419,Customer_02419,60.0,Male,Saudi Arabia,Budget,2023-11-13
2420,Customer_02420,53.0,Male,Pakistan,Standard,2024-04-03
2421,Customer_02421,52.0,Male,Pakistan,Standard,2023-10-11
2422,Customer_02422,59.0,Male,Pakistan,Standard,2025-04-10
2423,Customer_02423,26.0,Male,India,Standard,2023-04-24
2424,Customer_02424,54.0,Female,Pakistan,Budget,2025-06-24
2425,Customer_02425,63.0,Female,Pakistan,Premium,2024-01-17
2426,Customer_02426,65.0,Male,Pakistan,Premium,2024-09-07
2427,Customer_02427,45.0,Other,Saudi Arabia,Standard,2023-06-22
2428,Customer_02428,54.0,Male,USA,Budget,2024-02-27
2429,Customer_02429,,Female,Germany,Standard,2025-04-07
2430,Customer_02430,58.0,Female,India,Standard,2023-10-24
2431,Customer_02431,61.0,Female,Pakistan,Budget,2023-05-25
2432,Customer_02432,57.0,Female,USA,Budget,2024-07-26
2433,Customer_02433,36.0,Female,Pakistan,Budget,2023-06-28
2434,Customer_02434,53.0,Male,Germany,Standard,2023-12-11
2435,Customer_02435,37.0,Male,Saudi Arabia,Budget,2024-05-08
2436,Customer_02436,56.0,Male,UAE,Premium,2024-09-10
2437,Customer_02437,56.0,Male,Pakistan,Standard,2024-12-01
2438,Customer_02438,62.0,Male,Pakistan,Standard,2025-01-11
2439,Customer_02439,46.0,Male,UAE,Budget,2025-07-14
2440,Customer_02440,40.0,Female,India,Premium,2023-03-14
2441,Customer_02441,25.0,Female,USA,Budget,2024-02-02
2442,Customer_02442,48.0,Female,Saudi Arabia,Budget,2023-01-02
2443,Customer_02443,45.0,Female,India,Standard,2023-01-11
2444,Customer_02444,42.0,Male,Pakistan,Standard,2023-08-21
2445,Customer_02445,50.0,Male,India,Premium,2024-10-17
2446,Customer_02446,58.0,Female,Pakistan,Standard,2025-09-07
2447,Customer_02447,25.0,Female,Saudi Arabia,Standard,2025-04-27
2448,Customer_02448,38.0,Male,UAE,Budget,2024-12-09
2449,Customer_02449,52.0,Male,USA,Standard,2025-05-02
2450,Customer_02450,57.0,Male,India,Standard,2023-07-08
2451,Customer_02451,55.0,Male,Pakistan,Standard,2025-07-09
2452,Customer_02452,56.0,Male,USA,Budget,2025-09-02
2453,Customer_02453,59.0,Male,Saudi Arabia,VIP,2023-04-15
2454,Customer_02454,,Female,Saudi Arabia,Budget,2024-05-30
2455,Customer_02455,47.0,Female,UAE,Budget,2025-06-28
2456,Customer_02456,29.0,Female,USA,Premium,2024-06-05
2457,Customer_02457,45.0,Female,Pakistan,Premium,2025-07-10
2458,Customer_02458,52.0,Female,India,Standard,2025-10-22
2459,Customer_02459,22.0,Male,USA,Standard,2024-06-04
2460,Customer_02460,,Female,Pakistan,Budget,2023-03-07
2461,Customer_02461,44.0,Male,USA,Premium,2024-01-08
2462,Customer_02462,62.0,Female,India,Budget,2023-08-24
2463,Customer_02463,28.0,Male,Pakistan,VIP,2024-06-03
2464,Customer_02464,61.0,Female,Pakistan,Budget,2024-10-04
2465,Customer_02465,39.0,Female,USA,Standard,2024-05-23
2466,Customer_02466,45.0,Male,UK,Standard,2023-08-03
2467,Customer_02467,49.0,Male,Pakistan,Budget,2023-11-27
2468,Customer_02468,,Male,Pakistan,Standard,2025-01-14
2469,Customer_02469,61.0,Female,Pakistan,Premium,2023-01-30
2470,Customer_02470,26.0,Female,Pakistan,Budget,2023-08-23
2471,Customer_02471,53.0,Male,UK,VIP,2025-09-05
2472,Customer_02472,64.0,Female,Pakistan,Budget,2023-04-19
2473,Customer_02473,28.0,Male,Pakistan,Standard,2024-03-30
2474,Customer_02474,30.0,Male,Pakistan,Standard,2023-08-15
2475,Customer_02475,40.0,Male,UAE,Standard,2023-04-25
2476,Customer_02476,52.0,Female,Saudi Arabia,Standard,2024-04-08
2477,Customer_02477,64.0,Male,Saudi Arabia,Premium,2024-07-25
2478,Customer_02478,56.0,Male,UAE,Standard,2023-07-13
2479,Customer_02479,56.0,Male,Germany,Standard,2023-03-27
2480,Customer_02480,39.0,Female,India,Standard,2023-05-28
2481,Customer_02481,,Female,USA,Standard,2024-12-15
2482,Customer_02482,28.0,Female,Saudi Arabia,Budget,2025-07-31
2483,Customer_02483,40.0,Female,Pakistan,Budget,2023-07-17
2484,Customer_02484,27.0,Female,USA,Standard,2023-12-18
2485,Customer_02485,19.0,Male,UAE,Premium,2024-01-12
2486,Customer_02486,59.0,Female,Saudi Arabia,Budget,2024-01-31
2487,Customer_02487,56.0,Male,Pakistan,Standard,2023-09-25
2488,Customer_02488,42.0,Male,India,Budget,2023-03-02
2489,Customer_02489,18.0,Male,USA,Standard,2024-07-29
2490,Customer_02490,22.0,Male,Pakistan,Premium,2024-01-27
2491,Customer_02491,23.0,Female,Pakistan,Premium,2024-01-11
2492,Customer_02492,52.0,Other,Pakistan,Premium,2023-10-18
2493,Customer_02493,27.0,Female,India,Premium,2025-10-15
2494,Customer_02494,30.0,Male,USA,Budget,2024-10-31
2495,Customer_02495,59.0,Female,Saudi Arabia,Standard,2024-04-03
2496,Customer_02496,60.0,Female,Canada,Budget,2023-08-14
2497,Customer_02497,54.0,Male,India,Premium,2025-05-28
2498,Customer_02498,32.0,Female,India,Premium,2025-08-31
2499,Customer_02499,45.0,Female,Pakistan,Budget,2023-02-05
2500,Customer_02500,27.0,Male,Pakistan,Budget,2025-10-15
2501,Customer_02501,59.0,Female,UK,Standard,2025-02-05
2502,Customer_02502,22.0,Female,Pakistan,VIP,2023-04-20
2503,Customer_02503,53.0,Male,Pakistan,,2025-04-05
2504,Customer_02504,42.0,Male,USA,Standard,2023-04-28
2505,Customer_02505,54.0,Female,UAE,Standard,2023-02-25
2506,Customer_02506,39.0,Female,Pakistan,Standard,2023-05-07
2507,Customer_02507,25.0,Female,Saudi Arabia,Standard,2024-05-18
2508,Customer_02508,54.0,Female,UAE,Budget,2024-11-10
2509,Customer_02509,48.0,Female,USA,Premium,2024-03-22
2510,Customer_02510,40.0,Female,Saudi Arabia,Budget,2023-05-14
2511,Customer_02511,35.0,Female,Pakistan,Premium,2023-08-07
2512,Customer_02512,34.0,Female,Pakistan,Budget,2025-07-23
2513,Customer_02513,41.0,Male,Pakistan,Standard,2025-11-21
2514,Customer_02514,30.0,Female,Saudi Arabia,Standard,2025-04-06
2515,Customer_02515,31.0,Female,UAE,Standard,2023-04-24
2516,Customer_02516,31.0,Female, pakistan ,Budget,2025-06-17
2517,Customer_02517,18.0,Female,UAE,Standard,2025-01-28
2518,Customer_02518,62.0,Female,Pakistan,Budget,2024-07-30
2519,Customer_02519,29.0,Male,Pakistan,Standard,2023-06-06
2520,Customer_02520,25.0,Male,Pakistan,Premium,2025-12-28
2521,Customer_02521,25.0,Male,India,Standard,2024-04-30
2522,Customer_02522,65.0,Male,UAE,Standard,2023-02-18
2523,Customer_02523,40.0,Male,Canada,Standard,2023-08-19
2524,Customer_02524,33.0,Male,Pakistan,Standard,2024-03-15
2525,Customer_02525,37.0,Male,Saudi Arabia,Premium,2023-03-10
2526,Customer_02526,22.0,Male,Pakistan,Standard,2023-12-22
2527,Customer_02527,33.0,Female,Saudi Arabia,VIP,2024-05-28
2528,Customer_02528,29.0,Female,Pakistan,Premium,2025-11-05
2529,Customer_02529,56.0,Male,Saudi Arabia,Standard,2023-04-05
2530,Customer_02530,20.0,Male, pakistan ,Standard,2024-09-24
2531,Customer_02531,38.0,Male,Pakistan,Standard,2025-09-30
2532,Customer_02532,55.0,Male,UAE,Premium,2025-06-02
2533,Customer_02533,58.0,Male,India,Budget,2025-10-10
2534,Customer_02534,42.0,Male,India,Budget,2023-07-06
2535,Customer_02535,28.0,Male,Pakistan,Budget,2025-05-28
2536,Customer_02536,34.0,Female,Germany,Premium,2025-12-08
2537,Customer_02537,28.0,Female,Pakistan,Standard,2023-12-24
2538,Customer_02538,49.0,Female,UAE,Budget,2024-06-30
2539,Customer_02539,32.0,Male,USA,Standard,2024-08-04
2540,Customer_02540,48.0,Male,Saudi Arabia,Premium,2024-06-25
2541,Customer_02541,49.0,Female,Pakistan,VIP,2023-11-14
2542,Customer_02542,63.0,Male,UAE,Budget,2025-11-30
2543,Customer_02543,35.0,Female,Pakistan,Standard,2025-11-14
2544,Customer_02544,64.0,Female,UAE,,2024-02-22
2545,Customer_02545,37.0,Female,India,Standard,2025-06-01
2546,Customer_02546,50.0,Male,UK,Budget,2024-03-11
2547,Customer_02547,49.0,Female,USA,Budget,2025-05-21
2548,Customer_02548,57.0,Male,Pakistan,Premium,2024-10-02
2549,Customer_02549,40.0,Male,Pakistan,Standard,2024-05-30
2550,Customer_02550,56.0,Male,India,Budget,2023-05-21
2551,Customer_02551,35.0,Female,UAE,Standard,2024-12-18
2552,Customer_02552,41.0,Female,India,Budget,2023-12-18
2553,Customer_02553,41.0,Male,Saudi Arabia,Standard,2023-08-26
2554,Customer_02554,51.0,Male,UAE,Standard,2023-07-31
2555,Customer_02555,47.0,Female,Canada,Budget,2025-12-12
2556,Customer_02556,21.0,Female,India,Budget,2023-04-24
2557,Customer_02557,56.0,Male,Pakistan,Premium,2025-05-25
2558,Customer_02558,54.0,Male,Pakistan,Premium,2025-08-07
2559,Customer_02559,23.0,Female,UAE,Budget,2023-02-04
2560,Customer_02560,,Female,Pakistan,Standard,2024-10-07
2561,Customer_02561,49.0,Female,Pakistan,Budget,2024-09-24
2562,Customer_02562,22.0,Male,Pakistan,Premium,2024-01-29
2563,Customer_02563,41.0,Male,UK,Premium,2024-12-31
2564,Customer_02564,58.0,Male,Canada,Standard,2024-03-23
2565,Customer_02565,31.0,Male,India,Standard,2024-04-26
2566,Customer_02566,62.0,Female,Pakistan,Standard,2024-04-17
2567,Customer_02567,38.0,Male,India,Budget,2025-05-27
2568,Customer_02568,28.0,Female,India,Standard,2024-11-24
2569,Customer_02569,35.0,Female,Germany,Budget,2024-02-20
2570,Customer_02570,43.0,Female,India,Standard,2025-10-12
2571,Customer_02571,51.0,Female,Saudi Arabia,Standard,2025-05-29
2572,Customer_02572,62.0,Female,Canada,Budget,2025-10-19
2573,Customer_02573,27.0,Male,Saudi Arabia,Standard,2025-03-11
2574,Customer_02574,64.0,Male,Pakistan,Premium,2024-03-05
2575,Customer_02575,43.0,Male,UAE,Standard,2025-04-27
2576,Customer_02576,24.0,Other,India,Standard,2023-12-27
2577,Customer_02577,62.0,Female,India,Premium,2023-10-24
2578,Customer_02578,34.0,Male,Germany,Budget,2024-05-09
2579,Customer_02579,47.0,Male,Pakistan,Standard,2025-11-28
2580,Customer_02580,51.0,Male,India,Standard,2024-09-14
2581,Customer_02581,18.0,Male,Pakistan,Budget,2024-02-25
2582,Customer_02582,28.0,Female,Pakistan,VIP,2024-05-21
2583,Customer_02583,50.0,Male,UAE,Standard,2023-11-16
2584,Customer_02584,33.0,Female,UK,Standard,2024-12-22
2585,Customer_02585,18.0,Female,Saudi Arabia,Budget,2024-01-20
2586,Customer_02586,19.0,Male,Pakistan,VIP,2024-08-30
2587,Customer_02587,57.0,Male,Pakistan,Premium,2024-02-10
2588,Customer_02588,25.0,Other,India,Budget,2023-12-18
2589,Customer_02589,22.0,Female,UAE,Standard,2025-11-29
2590,Customer_02590,44.0,Male,UK,Budget,2024-01-14
2591,Customer_02591,23.0,Male,Saudi Arabia,Standard,2023-03-19
2592,Customer_02592,49.0,Female,USA,Standard,2024-02-19
2593,Customer_02593,44.0,Female,UK,Budget,2024-08-06
2594,Customer_02594,49.0,Female,India,Standard,2023-04-14
2595,Customer_02595,41.0,Female,Saudi Arabia,Premium,2023-12-02
2596,Customer_02596,55.0,Female,UK,Standard,2023-07-02
2597,Customer_02597,48.0,Male,Germany,Budget,2024-07-02
2598,Customer_02598,37.0,Female,India,VIP,2025-03-03
2599,Customer_02599,18.0,Male,Saudi Arabia,Budget,2025-11-27
2600,Customer_02600,31.0,Female,India,Standard,2024-03-02
2601,Customer_02601,24.0,Other,UK,Standard,2025-08-04
2602,Customer_02602,18.0,Other,Canada,Budget,2023-08-24
2603,Customer_02603,31.0,Female,Canada,Budget,2025-05-05
2604,Customer_02604,27.0,Female,Pakistan,Budget,2024-09-08
2605,Customer_02605,21.0,Female,Pakistan,Budget,2025-04-10
2606,Customer_02606,32.0,Other,UK,Standard,2025-04-08
2607,Customer_02607,42.0,Female,Saudi Arabia,Premium,2024-08-06
2608,Customer_02608,26.0,Male,Canada,Budget,2023-10-10
2609,Customer_02609,31.0,Male,Pakistan,Standard,2024-07-30
2610,Customer_02610,18.0,Female,USA,Standard,2025-06-25
2611,Customer_02611,20.0,Female,Saudi Arabia,Budget,2025-11-29
2612,Customer_02612,25.0,Female,Pakistan,Standard,2025-10-13
2613,Customer_02613,39.0,Female,Pakistan,Budget,2023-07-18
2614,Customer_02614,49.0,Male,Saudi Arabia,Standard,2024-10-16
2615,Customer_02615,55.0,Male,Pakistan,Standard,2023-04-25
2616,Customer_02616,48.0,Female,USA,Standard,2025-01-03
2617,Customer_02617,47.0,Male,UAE,Premium,2025-12-23
2618,Customer_02618,62.0,Female,India,Budget,2023-02-27
2619,Customer_02619,30.0,Female,Pakistan,Premium,2024-12-20
2620,Customer_02620,56.0,Female,Germany,Budget,2025-11-02
2621,Customer_02621,62.0,Male,UK,Budget,2025-07-17
2622,Customer_02622,45.0,Female,UK,Budget,2024-03-06
2623,Customer_02623,58.0,Male,UK,Premium,2023-04-24
2624,Customer_02624,24.0,Male,UAE,Standard,2025-10-09
2625,Customer_02625,60.0,Male,Canada,VIP,2025-10-06
2626,Customer_02626,45.0,Male,UAE,Standard,2024-09-26
2627,Customer_02627,28.0,Female,UAE,Standard,2025-12-08
2628,Customer_02628,20.0,Female,Pakistan,Premium,2023-01-06
2629,Customer_02629,52.0,Male,Pakistan,VIP,2024-11-06
2630,Customer_02630,38.0,Female,UK,Premium,2023-02-12
2631,Customer_02631,32.0,Female,Pakistan,Standard,2025-10-22
2632,Customer_02632,36.0,Female,UK,Premium,2025-01-15
2633,Customer_02633,65.0,Female,Germany,Budget,2025-09-28
2634,Customer_02634,38.0,Female,India,Premium,2024-09-08
2635,Customer_02635,21.0,Male,Pakistan,VIP,2023-04-02
2636,Customer_02636,31.0,Male,Saudi Arabia,Standard,2023-01-30
2637,Customer_02637,24.0,Female,Pakistan,Budget,2024-01-03
2638,Customer_02638,50.0,Female,UK,Budget,2025-03-25
2639,Customer_02639,56.0,Female,UAE,VIP,2023-06-15
2640,Customer_02640,58.0,Male,India,Premium,2025-07-22
2641,Customer_02641,48.0,Male,PAKISTAN,Premium,2023-09-20
2642,Customer_02642,54.0,Female,UAE,VIP,2024-06-28
2643,Customer_02643,38.0,Male,Pakistan,Standard,2023-08-11
2644,Customer_02644,48.0,Female,Pakistan,Premium,2024-05-25
2645,Customer_02645,23.0,Female,India,Budget,2024-05-10
2646,Customer_02646,43.0,Male,Canada,Budget,2023-01-06
2647,Customer_02647,44.0,Male,Pakistan,Standard,2024-09-14
2648,Customer_02648,19.0,Male,Pakistan,Standard,2025-05-12
2649,Customer_02649,44.0,Male,Pakistan,Standard,2025-10-23
2650,Customer_02650,52.0,Female,India,Premium,2023-12-29
2651,Customer_02651,,Female,Pakistan,Budget,2025-08-23
2652,Customer_02652,44.0,Male,UK,Premium,2025-08-21
2653,Customer_02653,31.0,Female,Pakistan,Budget,2025-12-19
2654,Customer_02654,30.0,Male,Saudi Arabia,Premium,2024-02-13
2655,Customer_02655,24.0,Male,Pakistan,Budget,2025-07-21
2656,Customer_02656,33.0,Female,India,Premium,2024-09-11
2657,Customer_02657,56.0,Female,Pakistan,Standard,2023-03-05
2658,Customer_02658,62.0,Female,UK,Standard,2023-10-24
2659,Customer_02659,48.0,Male,Canada,Budget,2025-01-06
2660,Customer_02660,47.0,Female,Pakistan,Budget,2023-06-26
2661,Customer_02661,47.0,Male,Germany,Standard,2024-04-21
2662,Customer_02662,40.0,Other,Pakistan,Budget,2025-04-29
2663,Customer_02663,38.0,Female,UAE,Budget,2023-06-14
2664,Customer_02664,47.0,Female,Saudi Arabia,Premium,2024-06-28
2665,Customer_02665,55.0,Male,Pakistan,Budget,2023-08-24
2666,Customer_02666,37.0,Male,India,Budget,2024-08-10
2667,Customer_02667,45.0,Female,Pakistan,Standard,2023-09-21
2668,Customer_02668,40.0,Male,Saudi Arabia,Standard,2025-11-24
2669,Customer_02669,31.0,Female,India,Standard,2023-03-26
2670,Customer_02670,31.0,Female,Canada,Standard,2025-11-22
2671,Customer_02671,21.0,Other,Pakistan,Standard,2025-05-17
2672,Customer_02672,39.0,Male,Canada,Standard,2025-07-26
2673,Customer_02673,52.0,Female,Pakistan,Standard,2025-07-22
2674,Customer_02674,50.0,Male,UAE,Budget,2023-07-25
2675,Customer_02675,65.0,Male,Pakistan,Standard,2025-10-17
2676,Customer_02676,19.0,Female,Pakistan,Standard,2024-10-13
2677,Customer_02677,54.0,Male,Pakistan,Premium,2025-11-20
2678,Customer_02678,56.0,Female,Saudi Arabia,Standard,2025-08-20
2679,Customer_02679,38.0,Female,Pakistan,Standard,2024-09-27
2680,Customer_02680,31.0,Female,UAE,Standard,2024-02-15
2681,Customer_02681,35.0,Other,Germany,Premium,2023-05-09
2682,Customer_02682,50.0,Female,Pakistan,Standard,2023-04-21
2683,Customer_02683,59.0,Male,Pakistan,Standard,2024-03-03
2684,Customer_02684,48.0,Female,PAKISTAN,Premium,2025-06-07
2685,Customer_02685,42.0,Male,Pakistan,Standard,2024-07-07
2686,Customer_02686,49.0,Female,India,Standard,2024-06-12
2687,Customer_02687,21.0,Female,UK,Budget,2023-09-25
2688,Customer_02688,47.0,Female,Pakistan,Budget,2024-09-10
2689,Customer_02689,20.0,Male,Pakistan,Premium,2024-11-30
2690,Customer_02690,64.0,Male,Saudi Arabia,Budget,2025-12-12
2691,Customer_02691,60.0,Male,Pakistan,Budget,2025-03-10
2692,Customer_02692,42.0,Male,UAE,Budget,2024-10-27
2693,Customer_02693,35.0,Male,Canada,VIP,2025-09-24
2694,Customer_02694,53.0,Male,Pakistan,Standard,2024-04-10
2695,Customer_02695,48.0,Male,UAE,Standard,2025-10-21
2696,Customer_02696,51.0,Female,USA,Premium,2024-02-10
2697,Customer_02697,42.0,Male,Saudi Arabia,Standard,2023-05-21
2698,Customer_02698,29.0,Female,UK,Premium,2024-04-02
2699,Customer_02699,21.0,Male,UK,Premium,2023-05-22
2700,Customer_02700,31.0,Female,UAE,Standard,2023-05-10
2701,Customer_02701,43.0,Male,UAE,Premium,2025-08-23
2702,Customer_02702,38.0,Female,Saudi Arabia,VIP,2025-05-21
2703,Customer_02703,42.0,Female,Saudi Arabia,Budget,2023-08-31
2704,Customer_02704,31.0,Female,Saudi Arabia,Budget,2025-07-07
2705,Customer_02705,63.0,Male,India,Premium,2023-03-17
2706,Customer_02706,35.0,Female,USA,Standard,2023-11-08
2707,Customer_02707,58.0,Male,Pakistan,Standard,2025-02-12
2708,Customer_02708,36.0,Male,Pakistan,Budget,2023-11-29
2709,Customer_02709,39.0,Male,India,Premium,2025-03-11
2710,Customer_02710,46.0,Female,Pakistan,Premium,2025-08-16
2711,Customer_02711,30.0,Male,Saudi Arabia,VIP,2023-03-14
2712,Customer_02712,28.0,Female,Pakistan,Standard,2023-01-27
2713,Customer_02713,36.0,Male,Saudi Arabia,VIP,2025-10-27
2714,Customer_02714,56.0,Male,UAE,Standard,2024-07-24
2715,Customer_02715,24.0,Male,Pakistan,Standard,2024-07-09
2716,Customer_02716,39.0,Male,Pakistan,Standard,2024-05-23
2717,Customer_02717,50.0,Female,UAE,Standard,2024-04-20
2718,Customer_02718,51.0,Female,UK,Standard,2025-01-26
2719,Customer_02719,38.0,Female,India,,2024-09-27
2720,Customer_02720,21.0,Male,Pakistan,Standard,2023-06-29
2721,Customer_02721,18.0,Male,Pakistan,Standard,2024-11-17
2722,Customer_02722,40.0,Female,Pakistan,Budget,2025-01-02
2723,Customer_02723,56.0,Male,Pakistan,Standard,2023-05-05
2724,Customer_02724,19.0,Male,Germany,Standard,2024-02-17
2725,Customer_02725,60.0,Female,Pakistan,Budget,2025-05-16
2726,Customer_02726,50.0,Male,Pakistan,Standard,2024-11-09
2727,Customer_02727,18.0,Male,USA,Budget,2023-05-30
2728,Customer_02728,34.0,Male,Saudi Arabia,VIP,2023-02-13
2729,Customer_02729,28.0,Female,India,VIP,2024-09-29
2730,Customer_02730,63.0,Male,Saudi Arabia,Standard,2024-05-21
2731,Customer_02731,44.0,Female,Canada,Standard,2025-11-19
2732,Customer_02732,33.0,Male,Pakistan,Budget,2024-07-26
2733,Customer_02733,31.0,Male,Pakistan,Premium,2025-10-17
2734,Customer_02734,45.0,Male,USA,Budget,2023-08-23
2735,Customer_02735,18.0,Female,UK,Premium,2024-05-05
2736,Customer_02736,30.0,Male,Germany,VIP,2023-06-03
2737,Customer_02737,25.0,Female,India ,Budget,2024-09-21
2738,Customer_02738,47.0,Male,Canada,Standard,2023-07-26
2739,Customer_02739,,Male,India,Standard,2024-06-23
2740,Customer_02740,40.0,Male,Saudi Arabia,Standard,2024-01-13
2741,Customer_02741,24.0,Female,USA,Budget,2023-07-23
2742,Customer_02742,35.0,Male,Pakistan,Premium,2023-04-17
2743,Customer_02743,58.0,Female,Pakistan,Budget,2024-07-15
2744,Customer_02744,27.0,Female,UAE,Premium,2025-11-04
2745,Customer_02745,25.0,Female,USA,Standard,2023-08-06
2746,Customer_02746,23.0,Female,Pakistan,Standard,2024-03-19
2747,Customer_02747,57.0,Female,USA,Premium,2023-09-04
2748,Customer_02748,23.0,Female,India,Premium,2025-06-05
2749,Customer_02749,45.0,Male,India,Standard,2024-03-30
2750,Customer_02750,65.0,Female,Pakistan,Standard,2025-12-03
2751,Customer_02751,48.0,Female,Canada,Standard,2023-09-26
2752,Customer_02752,37.0,Male,Pakistan,Standard,2023-03-30
2753,Customer_02753,27.0,Female,UAE,VIP,2024-09-30
2754,Customer_02754,18.0,Female,Pakistan,Budget,2024-12-15
2755,Customer_02755,25.0,Male,Canada,Standard,2025-12-21
2756,Customer_02756,63.0,Female,USA,Premium,2025-08-13
2757,Customer_02757,24.0,Male,Pakistan,Standard,2025-08-27
2758,Customer_02758,18.0,Male,Pakistan,Premium,2024-11-26
2759,Customer_02759,57.0,Male,India,Budget,2024-01-30
2760,Customer_02760,,Female,India,Budget,2024-04-15
2761,Customer_02761,35.0,Male,USA,Standard,2023-05-27
2762,Customer_02762,52.0,Female,UAE,Standard,2024-04-17
2763,Customer_02763,43.0,Male,India,Premium,2024-02-04
2764,Customer_02764,61.0,Male,Saudi Arabia,Standard,2023-02-09
2765,Customer_02765,40.0,Female,India,Budget,2023-08-13
2766,Customer_02766,52.0,Male,Pakistan,Standard,2024-08-08
2767,Customer_02767,60.0,Female,Pakistan,Standard,2024-02-09
2768,Customer_02768,40.0,Male,Pakistan,Standard,2025-12-24
2769,Customer_02769,31.0,Female,UAE,Budget,2024-06-08
2770,Customer_02770,64.0,Female,Pakistan,Standard,2025-11-16
2771,Customer_02771,28.0,Male,UAE,Premium,2024-12-25
2772,Customer_02772,19.0,Male,Pakistan,Standard,2023-02-14
2773,Customer_02773,45.0,Male,Saudi Arabia,Standard,2023-08-11
2774,Customer_02774,65.0,Female,Pakistan,Budget,2025-02-12
2775,Customer_02775,22.0,Female,India,Premium,2024-08-20
2776,Customer_02776,58.0,Male,PAKISTAN,Budget,2023-11-27
2777,Customer_02777,57.0,Male,Pakistan,Standard,2024-07-26
2778,Customer_02778,62.0,Female,Pakistan,Standard,2025-09-16
2779,Customer_02779,38.0,Male,India,Budget,2024-03-02
2780,Customer_02780,30.0,Female,UK,Standard,2023-02-19
2781,Customer_02781,42.0,Female,Pakistan,Budget,2023-12-07
2782,Customer_02782,24.0,Male,UK,Premium,2025-10-22
2783,Customer_02783,58.0,Female,UAE,Budget,2025-04-14
2784,Customer_02784,49.0,Male,UAE,VIP,2025-07-06
2785,Customer_02785,41.0,Male,UAE,Standard,2025-09-26
2786,Customer_02786,42.0,Female,Pakistan,Budget,2023-05-09
2787,Customer_02787,52.0,Female,Saudi Arabia,Standard,2023-11-06
2788,Customer_02788,43.0,Female,UK,Budget,2023-03-07
2789,Customer_02789,58.0,Female,UK,Premium,2023-01-06
2790,Customer_02790,62.0,Male,Pakistan,Budget,2025-07-03
2791,Customer_02791,63.0,Female,Saudi Arabia,Premium,2025-10-23
2792,Customer_02792,47.0,Female,Pakistan,Budget,2023-06-20
2793,Customer_02793,53.0,Male,India,Budget,2025-03-02
2794,Customer_02794,32.0,Male,Pakistan,Budget,2024-08-09
2795,Customer_02795,19.0,Female,Pakistan,Standard,2023-03-17
2796,Customer_02796,37.0,Female,Saudi Arabia,Standard,2025-09-30
2797,Customer_02797,59.0,Male,USA,Premium,2025-08-12
2798,Customer_02798,24.0,Female,Pakistan,Standard,2024-09-13
2799,Customer_02799,44.0,Male,UAE,Budget,2025-02-14
2800,Customer_02800,27.0,Male,Saudi Arabia,Premium,2024-03-11
2801,Customer_02801,38.0,Male,Canada,Standard,2025-05-18
2802,Customer_02802,24.0,Female,Saudi Arabia,Premium,2024-05-02
2803,Customer_02803,53.0,Male,Pakistan,Standard,2025-12-20
2804,Customer_02804,56.0,Male,Pakistan,Premium,2023-03-11
2805,Customer_02805,54.0,Male,Saudi Arabia,Budget,2023-07-08
2806,Customer_02806,51.0,Female,Pakistan,VIP,2025-11-27
2807,Customer_02807,29.0,Female,Canada,Budget,2023-11-13
2808,Customer_02808,43.0,Male,Canada,Premium,2023-12-07
2809,Customer_02809,23.0,Female,Canada,Budget,2025-05-17
2810,Customer_02810,35.0,Male,Pakistan,Premium,2023-07-27
2811,Customer_02811,42.0,Male,Saudi Arabia,Premium,2024-07-16
2812,Customer_02812,50.0,Female,Saudi Arabia,Premium,2023-11-10
2813,Customer_02813,22.0,Female,Pakistan,Standard,2023-08-05
2814,Customer_02814,,Male,Pakistan,Standard,2025-11-22
2815,Customer_02815,40.0,Female,Pakistan,Premium,2023-08-08
2816,Customer_02816,60.0,Male,India,Standard,2023-04-14
2817,Customer_02817,43.0,Female,Germany,Standard,2025-01-08
2818,Customer_02818,44.0,Female,USA,Budget,2025-08-08
2819,Customer_02819,51.0,Female,Pakistan,Standard,2023-05-20
2820,Customer_02820,57.0,Male,UAE,Standard,2025-02-14
2821,Customer_02821,25.0,Female,Pakistan,Standard,2024-08-15
2822,Customer_02822,42.0,Female,Pakistan,Budget,2025-06-28
2823,Customer_02823,19.0,Male,Pakistan,Standard,2023-05-20
2824,Customer_02824,40.0,Male,Saudi Arabia,Premium,2025-12-05
2825,Customer_02825,57.0,Other,Saudi Arabia,Standard,2024-11-09
2826,Customer_02826,59.0,Male,USA,Premium,2025-07-12
2827,Customer_02827,31.0,Female,USA,Budget,2024-02-01
2828,Customer_02828,36.0,Male,Pakistan,Standard,2025-10-30
2829,Customer_02829,44.0,Female,UK,Standard,2024-11-17
2830,Customer_02830,37.0,Male,Pakistan,Standard,2023-05-20
2831,Customer_02831,26.0,Female,India,Standard,2025-10-08
2832,Customer_02832,32.0,Female,UAE,Budget,2025-05-22
2833,Customer_02833,,Male,Pakistan,Standard,2023-11-26
2834,Customer_02834,42.0,Female,Pakistan,Budget,2024-08-21
2835,Customer_02835,62.0,Female,Pakistan,Standard,2024-03-01
2836,Customer_02836,44.0,Male,Pakistan,Premium,2024-08-18
2837,Customer_02837,36.0,Male,Canada,Budget,2025-11-24
2838,Customer_02838,49.0,Female,Pakistan,Standard,2025-09-12
2839,Customer_02839,55.0,Female,UAE,Standard,2023-08-25
2840,Customer_02840,38.0,Male,Germany,Premium,2025-12-01
2841,Customer_02841,41.0,Female,UAE,Budget,2024-04-24
2842,Customer_02842,28.0,Male,India,Standard,2025-02-11
2843,Customer_02843,59.0,Male,Canada,Premium,2025-04-17
2844,Customer_02844,59.0,Female,Pakistan,Standard,2024-06-13
2845,Customer_02845,26.0,Male,Pakistan,Premium,2024-05-15
2846,Customer_02846,34.0,Male,UAE,Standard,2024-05-15
2847,Customer_02847,31.0,Female,India,Premium,2025-08-03
2848,Customer_02848,62.0,Male,USA,Budget,2024-02-28
2849,Customer_02849,21.0,Male,Pakistan,Budget,2023-11-03
2850,Customer_02850,,Female,UAE,Standard,2024-02-01
2851,Customer_02851,33.0,Female,Saudi Arabia,Standard,2023-08-02
2852,Customer_02852,,Female,Germany,Standard,2024-03-05
2853,Customer_02853,29.0,Female,Pakistan,Budget,2023-05-06
2854,Customer_02854,43.0,Male,Pakistan,Budget,2023-04-09
2855,Customer_02855,53.0,Male,Canada,Premium,2025-03-04
2856,Customer_02856,57.0,Female,Saudi Arabia,Budget,2023-03-26
2857,Customer_02857,22.0,Male,Pakistan,Premium,2024-09-14
2858,Customer_02858,24.0,Male,Pakistan,Standard,2025-05-04
2859,Customer_02859,22.0,Female,UK,Budget,2025-03-05
2860,Customer_02860,61.0,Female,UAE,Standard,2024-05-03
2861,Customer_02861,49.0,Female,UAE,Premium,2023-08-01
2862,Customer_02862,43.0,Male,USA,Premium,2025-10-17
2863,Customer_02863,55.0,Male,Pakistan,Budget,2025-07-04
2864,Customer_02864,46.0,Female,Pakistan,Standard,2024-11-01
2865,Customer_02865,29.0,Female,UAE,Premium,2023-04-06
2866,Customer_02866,42.0,Male,USA,Standard,2023-02-08
2867,Customer_02867,51.0,Male,Pakistan,Budget,2023-12-12
2868,Customer_02868,19.0,Male,Saudi Arabia,Budget,2023-06-22
2869,Customer_02869,47.0,Female,Pakistan,Standard,2025-07-31
2870,Customer_02870,,Female,Pakistan,Premium,2023-08-14
2871,Customer_02871,21.0,Male,Canada,Premium,2023-11-06
2872,Customer_02872,30.0,Male,Pakistan,Premium,2025-12-05
2873,Customer_02873,39.0,Male,Pakistan,Standard,2025-06-15
2874,Customer_02874,34.0,Male,UK,Standard,2023-08-28
2875,Customer_02875,31.0,Female,India,Budget,2024-02-25
2876,Customer_02876,49.0,Male,India,Budget,2024-07-19
2877,Customer_02877,37.0,Female,USA,Budget,2024-12-29
2878,Customer_02878,41.0,Female,Pakistan,Premium,2025-10-23
2879,Customer_02879,56.0,Female,Saudi Arabia,Budget,2025-08-12
2880,Customer_02880,22.0,Female,PAKISTAN,Standard,2025-12-07
2881,Customer_02881,35.0,Male,India ,Standard,2023-02-14
2882,Customer_02882,21.0,Male,Saudi Arabia,Standard,2023-09-17
2883,Customer_02883,62.0,Male,Pakistan,Standard,2024-09-09
2884,Customer_02884,26.0,Female,USA,Budget,2023-02-23
2885,Customer_02885,57.0,Male,Canada,Standard,2024-01-25
2886,Customer_02886,27.0,Male,USA,Standard,2023-06-18
2887,Customer_02887,33.0,Male,Pakistan,Premium,2025-10-19
2888,Customer_02888,47.0,Male,Pakistan,Standard,2023-03-11
2889,Customer_02889,57.0,Female,Canada,Premium,2023-06-12
2890,Customer_02890,26.0,Female,India,Standard,2023-08-02
2891,Customer_02891,28.0,Female,Saudi Arabia,Budget,2023-06-12
2892,Customer_02892,60.0,Female,USA,Standard,2024-09-15
2893,Customer_02893,33.0,Male,Pakistan,VIP,2024-02-04
2894,Customer_02894,28.0,Male,Pakistan,Budget,2025-09-27
2895,Customer_02895,53.0,Male,Saudi Arabia,Budget,2023-10-13
2896,Customer_02896,22.0,Female,UAE,VIP,2024-08-11
2897,Customer_02897,59.0,Female,Pakistan,VIP,2024-12-24
2898,Customer_02898,60.0,Male,UAE,Budget,2024-11-17
2899,Customer_02899,59.0,Female,USA,Premium,2025-05-22
2900,Customer_02900,32.0,Male,India,Standard,2023-08-10
2901,Customer_02901,23.0,Male,Pakistan,Standard,2024-07-10
2902,Customer_02902,38.0,Female,UK,Standard,2025-05-27
2903,Customer_02903,,Female,UK,,2025-08-03
2904,Customer_02904,64.0,Female,Germany,,2024-11-08
2905,Customer_02905,48.0,Female,Pakistan,Premium,2024-12-15
2906,Customer_02906,,Male,USA,Budget,2025-08-05
2907,Customer_02907,54.0,Female,UK,Standard,2024-11-15
2908,Customer_02908,52.0,Female,Saudi Arabia,Standard,2025-11-05
2909,Customer_02909,23.0,Female,Pakistan,Premium,2023-05-20
2910,Customer_02910,21.0,Male,Pakistan,Premium,2024-01-17
2911,Customer_02911,20.0,Other,UAE,Premium,2023-05-03
2912,Customer_02912,46.0,Male,Pakistan,Premium,2023-04-10
2913,Customer_02913,27.0,Male,Pakistan,Budget,2024-06-01
2914,Customer_02914,65.0,Female,Canada,VIP,2023-09-05
2915,Customer_02915,24.0,Female,Pakistan,Standard,2024-03-22
2916,Customer_02916,63.0,Other,Canada,Standard,2024-04-24
2917,Customer_02917,50.0,Female,UAE,Standard,2024-11-11
2918,Customer_02918,23.0,Male,USA,Standard,2025-11-02
2919,Customer_02919,20.0,Female,Pakistan,Standard,2025-07-19
2920,Customer_02920,37.0,Male,Saudi Arabia,Standard,2024-02-19
2921,Customer_02921,34.0,Female,UAE,Budget,2023-12-23
2922,Customer_02922,33.0,Male,Canada,Premium,2025-04-24
2923,Customer_02923,43.0,Female,Pakistan,Premium,2023-05-16
2924,Customer_02924,24.0,Female,Pakistan,Standard,2024-08-15
2925,Customer_02925,24.0,Female,Canada,VIP,2024-04-08
2926,Customer_02926,51.0,Male,Pakistan,Standard,2023-07-20
2927,Customer_02927,65.0,Male,Saudi Arabia,Standard,2024-11-06
2928,Customer_02928,,Male,Pakistan,Premium,2023-12-18
2929,Customer_02929,62.0,Male,Pakistan,Standard,2023-07-23
2930,Customer_02930,34.0,Female,UAE,Premium,2024-12-16
2931,Customer_02931,34.0,Male,UAE,Standard,2023-07-10
2932,Customer_02932,22.0,Female,UAE,Standard,2025-01-07
2933,Customer_02933,38.0,Male,India,Budget,2023-06-27
2934,Customer_02934,41.0,Male,UK,VIP,2024-04-21
2935,Customer_02935,49.0,Female,Germany,Budget,2025-06-04
2936,Customer_02936,25.0,Male,Pakistan,Standard,2023-09-08
2937,Customer_02937,27.0,Male,Pakistan,Budget,2025-04-21
2938,Customer_02938,38.0,Male,Pakistan,Standard,2025-03-02
2939,Customer_02939,21.0,Male,UK,Standard,2025-09-16
2940,Customer_02940,24.0,Female,India,Premium,2023-07-05
2941,Customer_02941,48.0,Male,Saudi Arabia,Standard,2025-02-22
2942,Customer_02942,63.0,Male,India,Budget,2025-10-23
2943,Customer_02943,45.0,Female,UAE,Budget,2025-04-16
2944,Customer_02944,24.0,Female,India ,Budget,2023-07-25
2945,Customer_02945,65.0,Female,UAE,Premium,2025-06-20
2946,Customer_02946,43.0,Male,India,Premium,2023-04-28
2947,Customer_02947,52.0,Female,Pakistan,Standard,2024-10-07
2948,Customer_02948,27.0,Male,UAE,Standard,2024-06-29
2949,Customer_02949,45.0,Male,Pakistan,Budget,2024-08-05
2950,Customer_02950,21.0,Female,USA,,2024-07-23
2951,Customer_02951,48.0,Female,India,VIP,2023-02-04
2952,Customer_02952,27.0,Female,Pakistan,Premium,2024-07-10
2953,Customer_02953,61.0,Female,Pakistan,Budget,2025-10-23
2954,Customer_02954,20.0,Male, pakistan ,Standard,2024-04-23
2955,Customer_02955,49.0,Female,Canada,VIP,2023-10-31
2956,Customer_02956,24.0,Female,Pakistan,Budget,2025-12-26
2957,Customer_02957,50.0,Male,Pakistan,Standard,2023-04-19
2958,Customer_02958,41.0,Male,India,Premium,2024-06-16
2959,Customer_02959,64.0,Male,Germany,Premium,2024-07-15
2960,Customer_02960,49.0,Female,USA,Standard,2024-06-07
2961,Customer_02961,35.0,Male,Pakistan,Standard,2025-10-07
2962,Customer_02962,22.0,Male,UAE,Premium,2024-04-07
2963,Customer_02963,46.0,Female,USA,Standard,2025-12-02
2964,Customer_02964,39.0,Female,UK,Premium,2023-03-15
2965,Customer_02965,20.0,Male,India,Standard,2025-03-15
2966,Customer_02966,45.0,Female,UK,Premium,2024-10-11
2967,Customer_02967,28.0,Female,UAE,Premium,2023-09-21
2968,Customer_02968,29.0,Female,Pakistan,Standard,2023-09-07
2969,Customer_02969,18.0,Male,Pakistan,Standard,2025-02-27
2970,Customer_02970,35.0,Male,India,Budget,2024-11-29
2971,Customer_02971,28.0,Female,Pakistan,Premium,2024-10-31
2972,Customer_02972,21.0,Male,India,Standard,2023-02-25
2973,Customer_02973,38.0,Female,USA,Budget,2024-10-17
2974,Customer_02974,28.0,Male,USA,Premium,2025-12-11
2975,Customer_02975,24.0,Female,Pakistan,Premium,2023-01-19
2976,Customer_02976,40.0,Female,Pakistan,Premium,2024-05-29
2977,Customer_02977,21.0,Female,Saudi Arabia,Standard,2024-06-25
2978,Customer_02978,65.0,Female,India,VIP,2025-09-09
2979,Customer_02979,40.0,Female,Pakistan,Premium,2023-11-06
2980,Customer_02980,65.0,Male,USA,Budget,2024-06-05
2981,Customer_02981,60.0,Male,Pakistan,VIP,2025-02-25
2982,Customer_02982,65.0,Female,Pakistan,Standard,2023-03-08
2983,Customer_02983,44.0,Female,UK,Premium,2025-05-27
2984,Customer_02984,38.0,Female,UAE,Premium,2025-06-20
2985,Customer_02985,52.0,Female,India,Standard,2025-02-27
2986,Customer_02986,21.0,Male,Saudi Arabia,Standard,2024-12-11
2987,Customer_02987,58.0,Female,India ,Budget,2025-03-30
2988,Customer_02988,33.0,Female,Pakistan,Budget,2025-05-06
2989,Customer_02989,18.0,Female,Saudi Arabia,Standard,2025-09-17
2990,Customer_02990,29.0,Female,Pakistan,Premium,2024-04-14
2991,Customer_02991,29.0,Female,India,Budget,2024-05-14
2992,Customer_02992,18.0,Female,India,Budget,2024-11-30
2993,Customer_02993,50.0,Male,India,Standard,2023-07-31
2994,Customer_02994,22.0,Female,Pakistan,Budget,2025-07-27
2995,Customer_02995,58.0,Male,USA,Budget,2025-04-24
2996,Customer_02996,39.0,Male,India,Budget,2024-11-22
2997,Customer_02997,52.0,Male,USA,Standard,2023-11-27
2998,Customer_02998,34.0,Male,India,Standard,2024-01-17
2999,Customer_02999,24.0,Male,USA,Premium,2024-04-21
3000,Customer_03000,26.0,Female,UAE,Standard,2024-12-27
3001,Customer_03001,,Female,India,Budget,2025-05-02
3002,Customer_03002,52.0,Female,Saudi Arabia,Premium,2025-01-06
3003,Customer_03003,30.0,Male,UK,VIP,2025-10-16
3004,Customer_03004,35.0,Male,India,Standard,2025-11-18
3005,Customer_03005,63.0,Female,India,Premium,2025-02-11
3006,Customer_03006,58.0,Female,UAE,,2024-02-11
3007,Customer_03007,37.0,Female,UAE,Premium,2024-10-18
3008,Customer_03008,29.0,Female,India,Standard,2024-04-10
3009,Customer_03009,32.0,Female,UK,Budget,2024-11-20
3010,Customer_03010,43.0,Female,India,Budget,2025-06-09
3011,Customer_03011,45.0,Female,India,Premium,2024-02-09
3012,Customer_03012,26.0,Female,UAE,Premium,2024-07-08
3013,Customer_03013,,Female,Germany,Standard,2023-02-20
3014,Customer_03014,41.0,Male,Pakistan,Budget,2025-03-18
3015,Customer_03015,56.0,Male,Pakistan,Budget,2024-06-20
3016,Customer_03016,25.0,Male,Pakistan,Standard,2024-05-18
3017,Customer_03017,37.0,Female,Saudi Arabia,Premium,2024-08-06
3018,Customer_03018,25.0,Female,India,Standard,2023-08-25
3019,Customer_03019,29.0,Male,India,Standard,2024-10-17
3020,Customer_03020,47.0,Female,Pakistan,Standard,2025-03-27
3021,Customer_03021,31.0,Male,Canada,Premium,2024-01-19
3022,Customer_03022,30.0,Male,India,Premium,2023-05-24
3023,Customer_03023,65.0,Female,UAE,Budget,2024-02-28
3024,Customer_03024,26.0,Male,Pakistan,Standard,2023-08-06
3025,Customer_03025,27.0,Male,Pakistan,Premium,2024-02-14
3026,Customer_03026,62.0,Male,Pakistan,Premium,2024-11-18
3027,Customer_03027,44.0,Male,India,Standard,2023-05-05
3028,Customer_03028,20.0,Female,India,Budget,2025-03-30
3029,Customer_03029,38.0,Female,Pakistan,Standard,2023-09-04
3030,Customer_03030,45.0,Female,India,Standard,2025-09-07
3031,Customer_03031,30.0,Female,Pakistan,Budget,2025-03-13
3032,Customer_03032,44.0,Male,India,VIP,2023-10-26
3033,Customer_03033,49.0,Female,Pakistan,Budget,2024-09-09
3034,Customer_03034,30.0,Male,Pakistan,Premium,2023-05-02
3035,Customer_03035,,Male,Pakistan,Standard,2023-04-20
3036,Customer_03036,39.0,Female,Saudi Arabia,Budget,2025-11-13
3037,Customer_03037,64.0,Male,Canada,Standard,2025-05-29
3038,Customer_03038,,Female,Saudi Arabia,Standard,2023-06-19
3039,Customer_03039,33.0,Male,Pakistan,Premium,2023-11-06
3040,Customer_03040,52.0,Female,Germany,Standard,2023-08-05
3041,Customer_03041,60.0,Male,Germany,Budget,2024-03-09
3042,Customer_03042,28.0,Male,India,Premium,2023-11-16
3043,Customer_03043,65.0,Female,Pakistan,Standard,2023-12-26
3044,Customer_03044,27.0,Male,UK,Budget,2024-08-03
3045,Customer_03045,37.0,Female,Germany,Premium,2023-07-27
3046,Customer_03046,33.0,Male,UK,Budget,2025-08-25
3047,Customer_03047,38.0,Female,PAKISTAN,Budget,2025-03-08
3048,Customer_03048,61.0,Female,UAE,Standard,2025-04-13
3049,Customer_03049,53.0,Female,Germany,Standard,2023-07-05
3050,Customer_03050,56.0,Female,Pakistan,Standard,2025-02-15
3051,Customer_03051,30.0,Male,Pakistan,Premium,2025-07-05
3052,Customer_03052,63.0,Female, pakistan ,Budget,2023-07-11
3053,Customer_03053,38.0,Female,Pakistan,VIP,2025-04-03
3054,Customer_03054,49.0,Female,India,Budget,2024-01-28
3055,Customer_03055,51.0,Female,Pakistan,Budget,2025-05-13
3056,Customer_03056,49.0,Female,Pakistan,Budget,2024-06-08
3057,Customer_03057,46.0,Female,Pakistan,Budget,2025-05-29
3058,Customer_03058,41.0,Male,UAE,Standard,2023-06-11
3059,Customer_03059,,Female,India,Premium,2024-03-02
3060,Customer_03060,61.0,Female,UAE,Premium,2023-10-27
3061,Customer_03061,36.0,Female,Pakistan,Premium,2023-09-30
3062,Customer_03062,42.0,Male,Canada,Budget,2023-12-04
3063,Customer_03063,26.0,Female,UAE,Premium,2024-02-24
3064,Customer_03064,35.0,Female,Germany,Standard,2023-05-20
3065,Customer_03065,55.0,Female,India,Premium,2025-02-13
3066,Customer_03066,48.0,Male,Pakistan,Premium,2024-08-26
3067,Customer_03067,28.0,Male,UK,Budget,2025-06-27
3068,Customer_03068,44.0,Male,USA,Standard,2025-02-11
3069,Customer_03069,56.0,Male,Pakistan,Premium,2023-06-13
3070,Customer_03070,23.0,Other,Saudi Arabia,Budget,2023-03-18
3071,Customer_03071,20.0,Male,Saudi Arabia,Standard,2024-04-08
3072,Customer_03072,36.0,Female,Pakistan,VIP,2024-06-11
3073,Customer_03073,49.0,Male,UAE,Standard,2023-09-21
3074,Customer_03074,33.0,Male,Pakistan,Standard,2025-05-07
3075,Customer_03075,57.0,Other,Pakistan,Standard,2024-09-29
3076,Customer_03076,58.0,Male,USA,Premium,2025-03-30
3077,Customer_03077,43.0,Male,India,Standard,2023-04-30
3078,Customer_03078,36.0,Male, pakistan ,Standard,2025-06-12
3079,Customer_03079,20.0,Female,UK,Budget,2023-08-14
3080,Customer_03080,57.0,Other,India ,VIP,2024-05-06
3081,Customer_03081,60.0,Male,India,Premium,2024-04-26
3082,Customer_03082,39.0,Female,India,Standard,2025-06-18
3083,Customer_03083,42.0,Male,Pakistan,VIP,2023-10-31
3084,Customer_03084,54.0,Female,Saudi Arabia,Standard,2023-09-21
3085,Customer_03085,51.0,Male,India,VIP,2024-01-08
3086,Customer_03086,24.0,Female,UK,,2024-01-31
3087,Customer_03087,50.0,Female,India,Budget,2023-07-19
3088,Customer_03088,62.0,Male,Pakistan,Premium,2023-07-13
3089,Customer_03089,54.0,Male,USA,Standard,2023-09-11
3090,Customer_03090,41.0,Male,USA,Standard,2024-05-27
3091,Customer_03091,43.0,Male,India,Premium,2024-01-12
3092,Customer_03092,30.0,Male,Saudi Arabia,Standard,2024-03-05
3093,Customer_03093,49.0,Male,India,Standard,2025-02-27
3094,Customer_03094,29.0,Other,UK,Standard,2023-09-22
3095,Customer_03095,34.0,Male,India,Standard,2025-09-24
3096,Customer_03096,30.0,Female,UAE,Budget,2025-04-03
3097,Customer_03097,34.0,Male,Pakistan,Budget,2023-07-11
3098,Customer_03098,35.0,Female,Pakistan,Standard,2023-12-10
3099,Customer_03099,21.0,Male,UK,Premium,2023-07-21
3100,Customer_03100,52.0,Female,India,Standard,2023-10-26
3101,Customer_03101,39.0,Male,Pakistan,Standard,2024-02-05
3102,Customer_03102,63.0,Male,Pakistan,Standard,2023-05-24
3103,Customer_03103,26.0,Female,India,Budget,2023-01-16
3104,Customer_03104,50.0,Female,Saudi Arabia,Standard,2024-04-25
3105,Customer_03105,26.0,Female,India,Budget,2025-02-07
3106,Customer_03106,44.0,Male,UK,Standard,2023-11-29
3107,Customer_03107,41.0,Male,USA,Budget,2025-08-01
3108,Customer_03108,39.0,Female,India,Standard,2024-02-09
3109,Customer_03109,49.0,Female,USA,Standard,2025-09-14
3110,Customer_03110,57.0,Female, pakistan ,Premium,2023-09-16
3111,Customer_03111,33.0,Male,India,Premium,2024-08-14
3112,Customer_03112,58.0,Male,Pakistan,VIP,2025-04-16
3113,Customer_03113,26.0,Female,Pakistan,Standard,2023-03-06
3114,Customer_03114,32.0,Female,Pakistan,Standard,2025-10-16
3115,Customer_03115,32.0,Male,Pakistan,Budget,2024-02-04
3116,Customer_03116,63.0,Female,USA,Budget,2024-06-29
3117,Customer_03117,23.0,Female,UAE,Budget,2024-11-19
3118,Customer_03118,36.0,Male,Canada,Budget,2024-12-05
3119,Customer_03119,38.0,Male,UAE,Standard,2023-01-26
3120,Customer_03120,56.0,Female,Saudi Arabia,Standard,2025-08-08
3121,Customer_03121,41.0,Male,Pakistan,Standard,2024-11-14
3122,Customer_03122,64.0,Female,UAE,Standard,2025-12-30
3123,Customer_03123,53.0,Female,India,Standard,2024-05-31
3124,Customer_03124,51.0,Male,Canada,Budget,2024-11-03
3125,Customer_03125,54.0,Female,Canada,Standard,2024-04-28
3126,Customer_03126,25.0,Male,Pakistan,Standard,2025-09-02
3127,Customer_03127,39.0,Male,Saudi Arabia,Standard,2025-07-01
3128,Customer_03128,46.0,Female,Saudi Arabia,Budget,2025-09-22
3129,Customer_03129,28.0,Female,UAE,VIP,2024-07-06
3130,Customer_03130,23.0,Male,Pakistan,Standard,2025-05-17
3131,Customer_03131,24.0,Female,Saudi Arabia,Standard,2024-01-29
3132,Customer_03132,55.0,Female,USA,Budget,2024-05-20
3133,Customer_03133,49.0,Female,India,Budget,2025-04-13
3134,Customer_03134,31.0,Female,UAE,Standard,2023-03-30
3135,Customer_03135,53.0,Male,Pakistan,VIP,2025-02-17
3136,Customer_03136,,Male,Canada,Budget,2023-01-18
3137,Customer_03137,57.0,Female,Pakistan,Standard,2024-09-28
3138,Customer_03138,61.0,Male,Pakistan,VIP,2024-06-07
3139,Customer_03139,60.0,Female,Pakistan,Standard,2024-05-28
3140,Customer_03140,26.0,Male,USA,Standard,2024-06-25
3141,Customer_03141,54.0,Male,Saudi Arabia,Standard,2024-06-23
3142,Customer_03142,36.0,Male,Pakistan,Standard,2024-03-22
3143,Customer_03143,37.0,Male,Pakistan,VIP,2024-05-09
3144,Customer_03144,49.0,Male,UK,Budget,2024-09-14
3145,Customer_03145,46.0,Female,India,Premium,2025-04-16
3146,Customer_03146,38.0,Female,Pakistan,Budget,2024-08-28
3147,Customer_03147,65.0,Male,Germany,Premium,2024-12-05
3148,Customer_03148,26.0,Male,Pakistan,Premium,2025-07-05
3149,Customer_03149,22.0,Female,UAE,Premium,2025-12-20
3150,Customer_03150,19.0,Male,Pakistan,Premium,2023-04-30
3151,Customer_03151,57.0,Female,UK,Standard,2025-02-20
3152,Customer_03152,37.0,Female,UK,Budget,2023-09-04
3153,Customer_03153,38.0,Female,India,Budget,2023-08-04
3154,Customer_03154,49.0,Female,Saudi Arabia,Standard,2025-05-19
3155,Customer_03155,38.0,Female,Canada,Standard,2023-03-17
3156,Customer_03156,,Female,USA,Standard,2025-07-18
3157,Customer_03157,20.0,Female,India,Premium,2025-04-24
3158,Customer_03158,25.0,Male,India,Premium,2025-12-26
3159,Customer_03159,62.0,Male,USA,VIP,2025-01-02
3160,Customer_03160,39.0,Male,Pakistan,Standard,2025-08-14
3161,Customer_03161,26.0,Male,Pakistan,Premium,2023-05-10
3162,Customer_03162,35.0,Female,Pakistan,Premium,2025-09-02
3163,Customer_03163,34.0,Male,USA,VIP,2023-06-25
3164,Customer_03164,31.0,Male,Pakistan,Premium,2023-12-11
3165,Customer_03165,32.0,Male,Pakistan,Budget,2023-05-21
3166,Customer_03166,53.0,Female,Saudi Arabia,Budget,2024-03-16
3167,Customer_03167,23.0,Female,Pakistan,VIP,2025-03-31
3168,Customer_03168,32.0,Female,Pakistan,Standard,2023-10-21
3169,Customer_03169,40.0,Male,India,Premium,2025-06-20
3170,Customer_03170,43.0,Male,Pakistan,Premium,2024-10-26
3171,Customer_03171,60.0,Female,Germany,Premium,2024-11-20
3172,Customer_03172,62.0,Female,Pakistan,Premium,2025-10-25
3173,Customer_03173,32.0,Female,USA,Premium,2024-04-18
3174,Customer_03174,43.0,Female,India,Premium,2024-01-13
3175,Customer_03175,19.0,Male,Pakistan,Standard,2025-12-26
3176,Customer_03176,47.0,Female,Pakistan,Budget,2024-09-02
3177,Customer_03177,25.0,Female,UAE,Budget,2024-11-04
3178,Customer_03178,21.0,Female,India,Standard,2023-11-21
3179,Customer_03179,50.0,Female,Pakistan,Premium,2023-08-25
3180,Customer_03180,26.0,Male,Germany,,2023-07-06
3181,Customer_03181,40.0,Male,India,Standard,2023-09-03
3182,Customer_03182,22.0,Female,Canada,Standard,2023-08-02
3183,Customer_03183,53.0,Female,Pakistan,Standard,2025-03-29
3184,Customer_03184,54.0,Male,Pakistan,Premium,2023-03-05
3185,Customer_03185,45.0,Male,UAE,Standard,2024-11-20
3186,Customer_03186,58.0,Female,Pakistan,Budget,2025-11-06
3187,Customer_03187,38.0,Male,Pakistan,Standard,2025-04-19
3188,Customer_03188,26.0,Male,Pakistan,Standard,2024-03-17
3189,Customer_03189,25.0,Female,Pakistan,Standard,2023-03-07
3190,Customer_03190,28.0,Female,UK,Premium,2025-07-03
3191,Customer_03191,27.0,Female,Pakistan,Premium,2023-01-04
3192,Customer_03192,33.0,Female,Germany,Budget,2025-01-16
3193,Customer_03193,28.0,Male,Pakistan,Budget,2025-01-05
3194,Customer_03194,46.0,Female,India,Standard,2023-07-30
3195,Customer_03195,25.0,Female,India,Budget,2025-03-21
3196,Customer_03196,47.0,Female,UAE,Standard,2023-07-12
3197,Customer_03197,34.0,Female,USA,Budget,2023-09-05
3198,Customer_03198,50.0,Male,USA,Budget,2025-06-08
3199,Customer_03199,42.0,Male,Pakistan,Premium,2025-12-09
3200,Customer_03200,61.0,Male,India,Budget,2023-10-18
3201,Customer_03201,39.0,Male,USA,Premium,2025-10-06
3202,Customer_03202,32.0,Other,Pakistan,Standard,2025-09-27
3203,Customer_03203,46.0,Male,UAE,Standard,2025-04-23
3204,Customer_03204,49.0,Female,Pakistan,Budget,2023-06-03
3205,Customer_03205,39.0,Male,India,Budget,2023-11-25
3206,Customer_03206,44.0,Male,India,Standard,2025-01-12
3207,Customer_03207,40.0,Male,India,Premium,2025-12-31
3208,Customer_03208,32.0,Male,Canada,Premium,2025-06-11
3209,Customer_03209,33.0,Female,UAE,Budget,2024-04-05
3210,Customer_03210,61.0,Female,Canada,Budget,2023-09-15
3211,Customer_03211,50.0,Male,UK,Budget,2025-11-18
3212,Customer_03212,22.0,Female,India,Premium,2023-10-30
3213,Customer_03213,64.0,Female,India,Budget,2024-01-11
3214,Customer_03214,52.0,Female,India,Budget,2025-11-23
3215,Customer_03215,20.0,Male,USA,Premium,2024-09-07
3216,Customer_03216,52.0,Male,Pakistan,Premium,2023-10-17
3217,Customer_03217,46.0,Female,Canada,Standard,2023-01-06
3218,Customer_03218,61.0,Female,UAE,Budget,2024-04-16
3219,Customer_03219,41.0,Male,UAE,Standard,2025-12-16
3220,Customer_03220,42.0,Female,UAE,Budget,2024-04-19
3221,Customer_03221,33.0,Male,UAE,Standard,2025-02-05
3222,Customer_03222,33.0,Female,Saudi Arabia,Premium,2023-10-05
3223,Customer_03223,47.0,Male,Saudi Arabia,Budget,2025-04-30
3224,Customer_03224,57.0,Female,Pakistan,Premium,2025-04-30
3225,Customer_03225,60.0,Male,UAE,Standard,2024-10-28
3226,Customer_03226,54.0,Male,India,Premium,2025-04-25
3227,Customer_03227,47.0,Female,Saudi Arabia,Budget,2024-09-26
3228,Customer_03228,42.0,Male,UAE,Standard,2024-02-19
3229,Customer_03229,34.0,Female,Pakistan,Budget,2025-03-19
3230,Customer_03230,54.0,Female,UK,Standard,2025-07-04
3231,Customer_03231,33.0,Male,India,Budget,2025-07-10
3232,Customer_03232,30.0,Male,UAE,Standard,2023-08-22
3233,Customer_03233,59.0,Female,Saudi Arabia,Premium,2025-01-11
3234,Customer_03234,46.0,Female,Saudi Arabia,,2023-01-05
3235,Customer_03235,35.0,Female,UK,Standard,2024-09-18
3236,Customer_03236,59.0,Male,Pakistan,Standard,2024-09-17
3237,Customer_03237,64.0,Female,Pakistan,Standard,2024-02-03
3238,Customer_03238,33.0,Female,Saudi Arabia,Standard,2025-12-25
3239,Customer_03239,43.0,Female,Pakistan,Standard,2025-08-25
3240,Customer_03240,41.0,Male,Pakistan,Budget,2023-02-12
3241,Customer_03241,51.0,Male,Pakistan,Standard,2023-08-17
3242,Customer_03242,63.0,Female,Pakistan,Budget,2023-08-16
3243,Customer_03243,44.0,Other,Germany,Standard,2025-09-10
3244,Customer_03244,56.0,Male,Pakistan,Standard,2024-07-22
3245,Customer_03245,46.0,Female,Pakistan,Budget,2025-03-09
3246,Customer_03246,60.0,Male,Canada,Premium,2025-06-06
3247,Customer_03247,37.0,Male,Germany,Standard,2025-04-21
3248,Customer_03248,36.0,Male,Pakistan,Standard,2023-04-08
3249,Customer_03249,38.0,Male,USA,Premium,2023-06-03
3250,Customer_03250,65.0,Male,Pakistan,Budget,2024-03-09
3251,Customer_03251,47.0,Male,UK,Budget,2024-01-06
3252,Customer_03252,25.0,Male,PAKISTAN,Budget,2025-03-29
3253,Customer_03253,19.0,Female,India,Standard,2023-06-21
3254,Customer_03254,42.0,Female,Pakistan,Budget,2024-02-12
3255,Customer_03255,56.0,Female,Saudi Arabia,Premium,2023-09-17
3256,Customer_03256,41.0,Male,Pakistan,Standard,2023-07-26
3257,Customer_03257,44.0,Female,India,Standard,2023-07-09
3258,Customer_03258,56.0,Male,Saudi Arabia,Standard,2023-08-03
3259,Customer_03259,42.0,Female,Pakistan,Standard,2024-09-10
3260,Customer_03260,61.0,Female,Canada,Premium,2024-03-25
3261,Customer_03261,48.0,Male,India,Standard,2024-04-22
3262,Customer_03262,53.0,Male,Pakistan,Premium,2024-06-09
3263,Customer_03263,55.0,Female,Pakistan,Standard,2025-03-23
3264,Customer_03264,48.0,Female,Pakistan,Standard,2025-08-02
3265,Customer_03265,20.0,Female,Pakistan,Standard,2024-07-30
3266,Customer_03266,38.0,Female,UAE,Standard,2024-12-04
3267,Customer_03267,24.0,Female,Saudi Arabia,Standard,2025-03-20
3268,Customer_03268,42.0,Male,India,Standard,2025-01-26
3269,Customer_03269,24.0,Female,India,Budget,2023-05-28
3270,Customer_03270,42.0,Male,UK,,2025-12-13
3271,Customer_03271,34.0,Male,Pakistan,Budget,2023-06-30
3272,Customer_03272,18.0,Male,Saudi Arabia,VIP,2024-03-27
3273,Customer_03273,23.0,Female,Canada,Budget,2024-12-16
3274,Customer_03274,42.0,Female,Pakistan,Standard,2024-03-18
3275,Customer_03275,21.0,Male,UAE,Budget,2023-09-24
3276,Customer_03276,59.0,Male,Canada,Budget,2025-10-08
3277,Customer_03277,54.0,Male,UAE,Standard,2023-03-20
3278,Customer_03278,52.0,Female,Germany,Standard,2023-09-27
3279,Customer_03279,26.0,Female,Pakistan,Budget,2025-12-24
3280,Customer_03280,56.0,Male,UAE,Budget,2025-03-10
3281,Customer_03281,48.0,Male,Pakistan,Budget,2023-04-06
3282,Customer_03282,36.0,Female,Pakistan,Standard,2025-04-07
3283,Customer_03283,18.0,Male,Germany,VIP,2025-11-28
3284,Customer_03284,43.0,Female,Pakistan,Standard,2023-04-18
3285,Customer_03285,56.0,Male,Germany,Premium,2024-03-29
3286,Customer_03286,19.0,Male,Saudi Arabia,Standard,2024-05-28
3287,Customer_03287,,Male,Canada,Standard,2023-05-24
3288,Customer_03288,36.0,Female,Germany,Premium,2023-08-08
3289,Customer_03289,42.0,Male,UAE,Budget,2023-07-10
3290,Customer_03290,40.0,Male,Germany,,2023-07-23
3291,Customer_03291,38.0,Female,UK,Standard,2024-03-18
3292,Customer_03292,30.0,Female,UAE,Standard,2024-05-23
3293,Customer_03293,20.0,Male,Saudi Arabia,Premium,2023-09-18
3294,Customer_03294,19.0,Male,Pakistan,Standard,2023-11-14
3295,Customer_03295,22.0,Female,Pakistan,VIP,2023-07-30
3296,Customer_03296,51.0,Male,Pakistan,Premium,2025-05-22
3297,Customer_03297,55.0,Female,India,Budget,2023-08-21
3298,Customer_03298,38.0,Male,Pakistan,Standard,2025-09-21
3299,Customer_03299,21.0,Male,UAE,Premium,2024-08-13
3300,Customer_03300,37.0,Male,Saudi Arabia,Budget,2025-05-29
3301,Customer_03301,65.0,Female,Saudi Arabia,Premium,2024-11-28
3302,Customer_03302,29.0,Male,Canada,Budget,2023-10-19
3303,Customer_03303,41.0,Male,Germany,Budget,2024-10-21
3304,Customer_03304,43.0,Male,Canada,Standard,2023-10-28
3305,Customer_03305,33.0,Female,Saudi Arabia,Premium,2023-05-10
3306,Customer_03306,39.0,Male,Pakistan,Premium,2023-10-07
3307,Customer_03307,40.0,Female,Canada,Standard,2023-10-30
3308,Customer_03308,40.0,Female,Pakistan,Budget,2023-05-29
3309,Customer_03309,52.0,Male,Pakistan,Standard,2023-01-26
3310,Customer_03310,45.0,Female,Pakistan,Budget,2025-10-31
3311,Customer_03311,20.0,Female,UAE,Budget,2024-07-16
3312,Customer_03312,18.0,Male,Saudi Arabia,Standard,2024-03-16
3313,Customer_03313,37.0,Male,Pakistan,Standard,2025-10-16
3314,Customer_03314,61.0,Male,UK,Budget,2023-09-04
3315,Customer_03315,19.0,Male,Pakistan,Budget,2024-03-17
3316,Customer_03316,21.0,Female,Pakistan,Standard,2025-07-16
3317,Customer_03317,50.0,Female,Pakistan,Budget,2024-11-23
3318,Customer_03318,39.0,Female,India ,VIP,2024-03-13
3319,Customer_03319,29.0,Male,UK,Standard,2023-10-08
3320,Customer_03320,27.0,Male,Pakistan,Budget,2023-02-08
3321,Customer_03321,49.0,Male,Pakistan,Premium,2023-04-04
3322,Customer_03322,43.0,Female,Pakistan,Standard,2023-06-27
3323,Customer_03323,48.0,Male,UK,Premium,2025-05-12
3324,Customer_03324,31.0,Female,Germany,Standard,2024-12-01
3325,Customer_03325,43.0,Female,Saudi Arabia,Standard,2024-04-20
3326,Customer_03326,59.0,Male,UAE,Standard,2025-05-08
3327,Customer_03327,33.0,Female,Canada,,2023-06-26
3328,Customer_03328,37.0,Female,Pakistan,Standard,2023-08-20
3329,Customer_03329,25.0,Female,Pakistan,Budget,2024-03-06
3330,Customer_03330,48.0,Male,UAE,Standard,2025-10-02
3331,Customer_03331,19.0,Male,Pakistan,Budget,2024-11-04
3332,Customer_03332,29.0,Female,India,Premium,2025-07-21
3333,Customer_03333,52.0,Male,India,Standard,2023-09-29
3334,Customer_03334,18.0,Female,Pakistan,VIP,2025-07-18
3335,Customer_03335,65.0,Male,India,Budget,2023-03-21
3336,Customer_03336,37.0,Female,India,Standard,2023-09-07
3337,Customer_03337,37.0,Female,Pakistan,Standard,2024-07-27
3338,Customer_03338,43.0,Male,USA,Standard,2023-02-25
3339,Customer_03339,48.0,Male,Saudi Arabia,Premium,2025-07-29
3340,Customer_03340,40.0,Female,Pakistan,Standard,2025-08-08
3341,Customer_03341,60.0,Male,Pakistan,Standard,2024-08-16
3342,Customer_03342,64.0,Female,Pakistan,Premium,2023-12-02
3343,Customer_03343,27.0,Female,Pakistan,Budget,2023-04-19
3344,Customer_03344,51.0,Male,Pakistan,Standard,2024-11-09
3345,Customer_03345,32.0,Female,Pakistan,Premium,2024-08-12
3346,Customer_03346,65.0,Female,USA,Budget,2025-04-12
3347,Customer_03347,30.0,Female,USA,Standard,2024-10-22
3348,Customer_03348,32.0,Male,UK,Premium,2023-05-21
3349,Customer_03349,52.0,Male,UAE,Budget,2023-05-14
3350,Customer_03350,55.0,Male,UK,Standard,2025-05-05
3351,Customer_03351,24.0,Female,UK,Standard,2023-06-24
3352,Customer_03352,44.0,Female,USA,Premium,2025-10-25
3353,Customer_03353,34.0,Female,UK,Standard,2023-04-27
3354,Customer_03354,47.0,Male,UK,Standard,2025-03-09
3355,Customer_03355,44.0,Female,USA,Standard,2025-12-04
3356,Customer_03356,65.0,Female,UAE,Budget,2024-04-28
3357,Customer_03357,62.0,Female,Pakistan,Budget,2023-03-04
3358,Customer_03358,49.0,Male,Pakistan,Budget,2025-08-18
3359,Customer_03359,50.0,Female,India,Budget,2023-07-25
3360,Customer_03360,61.0,Male,Pakistan,Budget,2024-08-01
3361,Customer_03361,26.0,Male,Pakistan,Standard,2025-12-15
3362,Customer_03362,52.0,Female,Pakistan,Standard,2025-03-27
3363,Customer_03363,55.0,Male,Pakistan,Budget,2023-02-20
3364,Customer_03364,24.0,Male,Germany,Standard,2025-06-18
3365,Customer_03365,60.0,Female,India,Budget,2023-06-26
3366,Customer_03366,51.0,Other,Pakistan,Standard,2025-04-01
3367,Customer_03367,34.0,Male,India,VIP,2024-11-11
3368,Customer_03368,41.0,Female,Pakistan,Standard,2023-11-12
3369,Customer_03369,41.0,Male,Saudi Arabia,Budget,2024-04-09
3370,Customer_03370,62.0,Male,Saudi Arabia,Standard,2023-05-10
3371,Customer_03371,64.0,Male,PAKISTAN,Standard,2025-12-17
3372,Customer_03372,56.0,Female,UAE,Budget,2023-09-19
3373,Customer_03373,49.0,Male,Pakistan,VIP,2023-12-05
3374,Customer_03374,22.0,Male,Saudi Arabia,Standard,2024-07-05
3375,Customer_03375,61.0,Female,Canada,Budget,2025-01-06
3376,Customer_03376,24.0,Female,Canada,Standard,2024-07-07
3377,Customer_03377,26.0,Female,Pakistan,Standard,2024-07-07
3378,Customer_03378,21.0,Female,UK,Standard,2024-09-30
3379,Customer_03379,63.0,Male,USA,Premium,2025-07-29
3380,Customer_03380,41.0,Male,USA,Premium,2024-03-09
3381,Customer_03381,29.0,Female,Pakistan,Budget,2025-07-01
3382,Customer_03382,21.0,Female,PAKISTAN,Budget,2025-05-12
3383,Customer_03383,37.0,Male,Pakistan,Standard,2025-11-19
3384,Customer_03384,52.0,Male,Pakistan,Standard,2025-09-27
3385,Customer_03385,65.0,Male,Saudi Arabia,Standard,2025-05-24
3386,Customer_03386,44.0,Male,India,Budget,2023-09-28
3387,Customer_03387,47.0,Female,Pakistan,VIP,2025-04-28
3388,Customer_03388,58.0,Female,USA,Standard,2025-03-18
3389,Customer_03389,61.0,Male,India,Premium,2023-11-14
3390,Customer_03390,31.0,Female,Germany,Premium,2025-01-13
3391,Customer_03391,65.0,Female,USA,Budget,2023-10-05
3392,Customer_03392,42.0,Male,USA,Budget,2024-07-27
3393,Customer_03393,62.0,Male,UK,Budget,2025-05-23
3394,Customer_03394,23.0,Female,Pakistan,Premium,2023-07-26
3395,Customer_03395,22.0,Male,Pakistan,Standard,2024-01-05
3396,Customer_03396,60.0,Female,Canada,Premium,2025-05-21
3397,Customer_03397,50.0,Female,Pakistan,Standard,2024-05-12
3398,Customer_03398,26.0,Female,India,Standard,2025-11-18
3399,Customer_03399,60.0,Other,UAE,Premium,2023-01-09
3400,Customer_03400,22.0,Female,Pakistan,Standard,2025-03-02
3401,Customer_03401,50.0,Female,Pakistan,Premium,2025-06-11
3402,Customer_03402,27.0,Male,India,Standard,2025-10-02
3403,Customer_03403,21.0,Female,India,Budget,2023-06-21
3404,Customer_03404,56.0,Female,Saudi Arabia,Budget,2025-12-14
3405,Customer_03405,58.0,Female,Pakistan,,2024-03-05
3406,Customer_03406,23.0,Female,India,Premium,2024-01-21
3407,Customer_03407,22.0,Male,Pakistan,Standard,2024-01-25
3408,Customer_03408,47.0,Female,UAE,Standard,2024-11-30
3409,Customer_03409,19.0,Female,Pakistan,Budget,2024-12-23
3410,Customer_03410,53.0,Female,Pakistan,Standard,2024-06-03
3411,Customer_03411,61.0,Female,USA,Premium,2023-03-19
3412,Customer_03412,54.0,Female,Pakistan,Standard,2025-12-17
3413,Customer_03413,29.0,Female,UK,VIP,2023-09-01
3414,Customer_03414,27.0,Male,Pakistan,Budget,2023-04-13
3415,Customer_03415,50.0,Male,Pakistan,Budget,2024-10-16
3416,Customer_03416,20.0,Female,Pakistan,Standard,2024-03-27
3417,Customer_03417,43.0,Female, pakistan ,Budget,2024-11-05
3418,Customer_03418,39.0,Female,India,Standard,2025-08-17
3419,Customer_03419,53.0,Male,Pakistan,Premium,2023-04-17
3420,Customer_03420,27.0,Male,UAE,Budget,2023-11-08
3421,Customer_03421,54.0,Male,India,Premium,2024-07-20
3422,Customer_03422,51.0,Female,USA,Budget,2025-05-13
3423,Customer_03423,,Female,Germany,Standard,2024-10-20
3424,Customer_03424,35.0,Female,UAE,Standard,2024-02-24
3425,Customer_03425,21.0,Male,India,Standard,2024-10-30
3426,Customer_03426,39.0,Female,India,Budget,2025-12-10
3427,Customer_03427,30.0,Female,Germany,Premium,2024-06-10
3428,Customer_03428,23.0,Male,India,Premium,2025-08-26
3429,Customer_03429,44.0,Female,Pakistan,Standard,2025-05-04
3430,Customer_03430,45.0,Female,Germany,Standard,2023-11-27
3431,Customer_03431,22.0,Male,Germany,Standard,2023-10-01
3432,Customer_03432,26.0,Male,India,Standard,2025-04-24
3433,Customer_03433,21.0,Female,India,Standard,2023-08-16
3434,Customer_03434,50.0,Female,Saudi Arabia,Standard,2024-01-05
3435,Customer_03435,34.0,Female,USA,Premium,2023-09-15
3436,Customer_03436,21.0,Female,India,Standard,2024-10-26
3437,Customer_03437,27.0,Male,Pakistan,Budget,2023-11-19
3438,Customer_03438,64.0,Female,Pakistan,Premium,2024-12-22
3439,Customer_03439,30.0,Female,Pakistan,Budget,2025-10-21
3440,Customer_03440,50.0,Male,Pakistan,Budget,2025-06-28
3441,Customer_03441,40.0,Female,UK,VIP,2025-11-04
3442,Customer_03442,26.0,Male,Pakistan,Budget,2023-01-27
3443,Customer_03443,32.0,Male,India ,Budget,2024-05-14
3444,Customer_03444,18.0,Male,USA,Standard,2023-08-30
3445,Customer_03445,,Female,India,Premium,2025-10-02
3446,Customer_03446,34.0,Male,Pakistan,Budget,2025-02-19
3447,Customer_03447,41.0,Male,Canada,Standard,2023-12-17
3448,Customer_03448,25.0,Female,Pakistan,Budget,2024-09-09
3449,Customer_03449,57.0,Male,USA,Standard,2024-10-25
3450,Customer_03450,28.0,Female,Pakistan,Standard,2024-06-27
3451,Customer_03451,45.0,Female,India,Budget,2024-06-03
3452,Customer_03452,59.0,Male,Saudi Arabia,Premium,2023-03-02
3453,Customer_03453,52.0,Male,India,Standard,2024-05-10
3454,Customer_03454,46.0,Female,UAE,Premium,2024-01-17
3455,Customer_03455,60.0,Male,Pakistan,Premium,2025-06-15
3456,Customer_03456,26.0,Male,UAE,Premium,2025-08-06
3457,Customer_03457,64.0,Female,Pakistan,Premium,2025-04-02
3458,Customer_03458,44.0,Female,USA,Standard,2023-02-03
3459,Customer_03459,37.0,Female,UAE,Premium,2025-07-10
3460,Customer_03460,30.0,Female,India,Standard,2024-03-10
3461,Customer_03461,53.0,Female,Pakistan,Budget,2024-04-01
3462,Customer_03462,64.0,Female,India,Standard,2025-11-01
3463,Customer_03463,51.0,Female,UAE,Standard,2025-08-08
3464,Customer_03464,19.0,Female,Pakistan,Standard,2023-02-25
3465,Customer_03465,40.0,Female,Saudi Arabia,Premium,2024-01-30
3466,Customer_03466,53.0,Female,Pakistan,Standard,2025-04-01
3467,Customer_03467,37.0,Male,Pakistan,Budget,2024-08-13
3468,Customer_03468,55.0,Female,UK,Budget,2023-10-10
3469,Customer_03469,51.0,Female,Pakistan,Premium,2024-07-29
3470,Customer_03470,21.0,Male,Pakistan,Standard,2025-08-07
3471,Customer_03471,44.0,Male,Saudi Arabia,Standard,2023-09-02
3472,Customer_03472,26.0,Female,UK,Premium,2025-03-28
3473,Customer_03473,41.0,Male,Pakistan,Premium,2025-03-16
3474,Customer_03474,36.0,Male,Pakistan,Standard,2025-08-28
3475,Customer_03475,56.0,Male,India,Standard,2023-11-23
3476,Customer_03476,59.0,Male,UAE,Budget,2023-08-25
3477,Customer_03477,40.0,Female,India,Premium,2024-08-23
3478,Customer_03478,43.0,Male,Saudi Arabia,Standard,2024-08-05
3479,Customer_03479,48.0,Male,UK,Standard,2024-03-24
3480,Customer_03480,49.0,Female,Canada,Budget,2025-05-04
3481,Customer_03481,48.0,Male,India,Standard,2025-05-25
3482,Customer_03482,55.0,Male,Pakistan,Standard,2023-09-27
3483,Customer_03483,65.0,Female,Pakistan,Standard,2025-05-21
3484,Customer_03484,57.0,Female,Pakistan,Standard,2023-09-10
3485,Customer_03485,24.0,Female,India,Premium,2024-03-22
3486,Customer_03486,40.0,Female,USA,Standard,2023-01-30
3487,Customer_03487,40.0,Female,India,Premium,2024-01-09
3488,Customer_03488,42.0,Male,Pakistan,Budget,2025-11-16
3489,Customer_03489,43.0,Female,UAE,Standard,2024-04-30
3490,Customer_03490,52.0,Female,Germany,Budget,2025-02-17
3491,Customer_03491,38.0,Male,Pakistan,Budget,2023-04-29
3492,Customer_03492,30.0,Female,UK,Premium,2024-11-27
3493,Customer_03493,39.0,Male,USA,Budget,2024-02-12
3494,Customer_03494,59.0,Female,India,Premium,2025-03-26
3495,Customer_03495,32.0,Female,UAE,Standard,2025-10-14
3496,Customer_03496,18.0,Female,India,Standard,2024-08-05
3497,Customer_03497,64.0,Male,Pakistan,Budget,2023-04-23
3498,Customer_03498,27.0,Female,India,Standard,2024-06-05
3499,Customer_03499,46.0,Female,Pakistan,Premium,2023-05-15
3500,Customer_03500,56.0,Male,Saudi Arabia,Standard,2024-05-07
3501,Customer_03501,31.0,Male,USA,Standard,2023-03-09
3502,Customer_03502,34.0,Female,Pakistan,Premium,2024-12-02
3503,Customer_03503,31.0,Male,UAE,Standard,2023-12-07
3504,Customer_03504,25.0,Female,Pakistan,Budget,2023-08-09
3505,Customer_03505,25.0,Female,Pakistan,Standard,2023-01-19
3506,Customer_03506,26.0,Male,Saudi Arabia,Standard,2025-08-31
3507,Customer_03507,,Female,Pakistan,Premium,2025-07-06
3508,Customer_03508,43.0,Male,UK,Standard,2025-06-08
3509,Customer_03509,18.0,Female,Pakistan,Standard,2023-03-05
3510,Customer_03510,58.0,Female,USA,,2024-01-19
3511,Customer_03511,50.0,Male,India,,2025-11-30
3512,Customer_03512,21.0,Female,India,Standard,2024-09-26
3513,Customer_03513,58.0,Female,UK,VIP,2023-05-21
3514,Customer_03514,19.0,Female,UAE,Budget,2023-06-04
3515,Customer_03515,44.0,Male,Pakistan,Standard,2023-10-16
3516,Customer_03516,40.0,Female,USA,Premium,2025-12-01
3517,Customer_03517,42.0,Female,India,Standard,2023-07-05
3518,Customer_03518,63.0,Male,Pakistan,VIP,2025-09-16
3519,Customer_03519,62.0,Female,India,Standard,2025-01-13
3520,Customer_03520,31.0,Male,UAE,Standard,2025-10-07
3521,Customer_03521,45.0,Female,UAE,Standard,2025-06-24
3522,Customer_03522,64.0,Male,USA,Budget,2023-12-31
3523,Customer_03523,52.0,Female,UAE,Premium,2025-06-26
3524,Customer_03524,60.0,Male,Pakistan,Budget,2023-07-05
3525,Customer_03525,38.0,Male,Pakistan,Standard,2023-11-15
3526,Customer_03526,31.0,Female,Pakistan,Standard,2023-08-21
3527,Customer_03527,42.0,Female,UK,Budget,2023-05-26
3528,Customer_03528,57.0,Female,Pakistan,Budget,2023-04-09
3529,Customer_03529,62.0,Female,UAE,Standard,2023-07-25
3530,Customer_03530,50.0,Male,UAE,Budget,2023-05-12
3531,Customer_03531,51.0,Female,UK,VIP,2024-02-21
3532,Customer_03532,42.0,Male,Pakistan,Premium,2023-03-20
3533,Customer_03533,33.0,Male,Pakistan,Budget,2023-03-09
3534,Customer_03534,38.0,Female,Canada,Premium,2025-12-20
3535,Customer_03535,41.0,Female,UAE,Standard,2023-04-07
3536,Customer_03536,57.0,Male,India,Budget,2023-03-23
3537,Customer_03537,44.0,Male,UK,Standard,2023-02-02
3538,Customer_03538,56.0,Female,Canada,Premium,2023-05-26
3539,Customer_03539,19.0,Male,Pakistan,Standard,2024-08-01
3540,Customer_03540,54.0,Male,Canada,Budget,2025-06-25
3541,Customer_03541,42.0,Male,Pakistan,,2025-03-16
3542,Customer_03542,65.0,Male,Germany,Standard,2024-09-27
3543,Customer_03543,40.0,Male,Pakistan,Premium,2023-04-04
3544,Customer_03544,40.0,Female,Pakistan,Standard,2025-04-28
3545,Customer_03545,24.0,Male,Pakistan,Premium,2023-02-10
3546,Customer_03546,56.0,Female,USA,Standard,2024-11-22
3547,Customer_03547,51.0,Female,Germany,Budget,2024-03-24
3548,Customer_03548,59.0,Female,Pakistan,Premium,2025-08-24
3549,Customer_03549,22.0,Female,Pakistan,Standard,2023-12-04
3550,Customer_03550,28.0,Female,Pakistan,Standard,2024-11-30
3551,Customer_03551,60.0,Female,Pakistan,Standard,2024-04-27
3552,Customer_03552,20.0,Female,UK,Standard,2024-07-26
3553,Customer_03553,42.0,Female,Pakistan,Budget,2025-10-25
3554,Customer_03554,37.0,Female,Germany,Standard,2025-02-20
3555,Customer_03555,63.0,Female,Canada,Premium,2024-03-30
3556,Customer_03556,59.0,Male,Pakistan,Premium,2024-05-05
3557,Customer_03557,61.0,Female,UAE,Standard,2025-02-11
3558,Customer_03558,31.0,Female,Germany,Budget,2024-01-15
3559,Customer_03559,46.0,Male,USA,Standard,2023-07-03
3560,Customer_03560,51.0,Female,Saudi Arabia,Premium,2024-05-27
3561,Customer_03561,64.0,Male,Pakistan,Standard,2023-03-16
3562,Customer_03562,18.0,Male,Pakistan,Premium,2023-07-06
3563,Customer_03563,64.0,Female,USA,Standard,2024-04-06
3564,Customer_03564,35.0,Male,India,Budget,2025-05-23
3565,Customer_03565,24.0,Male,Saudi Arabia,Standard,2025-05-06
3566,Customer_03566,47.0,Male,UK,Standard,2023-10-13
3567,Customer_03567,55.0,Female,India,Standard,2024-04-07
3568,Customer_03568,24.0,Male,Pakistan,Budget,2023-06-18
3569,Customer_03569,19.0,Female,India,Premium,2025-04-07
3570,Customer_03570,61.0,Female,USA,Standard,2023-09-28
3571,Customer_03571,62.0,Female,Pakistan,Premium,2025-05-26
3572,Customer_03572,25.0,Female,Pakistan,Standard,2025-07-11
3573,Customer_03573,61.0,Female,Germany,Standard,2025-01-25
3574,Customer_03574,61.0,Male,Saudi Arabia,Standard,2023-12-28
3575,Customer_03575,65.0,Female,UAE,Standard,2025-11-10
3576,Customer_03576,28.0,Female,USA,Standard,2025-01-21
3577,Customer_03577,45.0,Male,India ,Standard,2024-12-08
3578,Customer_03578,65.0,Male,Germany,Budget,2025-07-27
3579,Customer_03579,61.0,Female,USA,Premium,2025-08-24
3580,Customer_03580,,Male,Pakistan,Standard,2023-03-27
3581,Customer_03581,27.0,Female,India,Budget,2025-08-24
3582,Customer_03582,22.0,Male,Pakistan,Premium,2025-04-18
3583,Customer_03583,30.0,Female,Saudi Arabia,Budget,2023-08-15
3584,Customer_03584,21.0,Male,Saudi Arabia,VIP,2023-12-04
3585,Customer_03585,27.0,Female,UAE,Standard,2025-04-04
3586,Customer_03586,21.0,Male,Germany,Budget,2023-08-26
3587,Customer_03587,54.0,Male,India,Budget,2024-05-10
3588,Customer_03588,46.0,Male,UK,Budget,2025-01-25
3589,Customer_03589,42.0,Male,Saudi Arabia,Budget,2024-12-13
3590,Customer_03590,56.0,Female,UAE,Budget,2025-09-24
3591,Customer_03591,37.0,Female,Pakistan,Standard,2023-05-03
3592,Customer_03592,37.0,Male,Saudi Arabia,,2023-11-20
3593,Customer_03593,27.0,Female,Saudi Arabia,Standard,2025-12-15
3594,Customer_03594,,Male,Pakistan,Budget,2024-09-15
3595,Customer_03595,26.0,Male,USA,Budget,2023-09-30
3596,Customer_03596,,Female,India,Budget,2023-11-14
3597,Customer_03597,65.0,Female,Pakistan,Budget,2024-01-07
3598,Customer_03598,43.0,Female,USA,Standard,2024-08-30
3599,Customer_03599,32.0,Male,India,Budget,2023-11-08
3600,Customer_03600,51.0,Male,Saudi Arabia,Standard,2024-11-12
3601,Customer_03601,57.0,Female,UAE,Premium,2024-05-03
3602,Customer_03602,40.0,Male,Pakistan,Budget,2024-10-30
3603,Customer_03603,30.0,Male,India,Budget,2023-06-20
3604,Customer_03604,52.0,Other,Pakistan,Standard,2024-11-14
3605,Customer_03605,26.0,Female,Pakistan,Standard,2025-10-10
3606,Customer_03606,65.0,Male,Saudi Arabia,Budget,2023-05-29
3607,Customer_03607,33.0,Male,Pakistan,Premium,2023-12-25
3608,Customer_03608,34.0,Female,Germany,Standard,2025-01-30
3609,Customer_03609,52.0,Male,India,VIP,2024-11-07
3610,Customer_03610,18.0,Male,Pakistan,Premium,2025-01-09
3611,Customer_03611,27.0,Male,Canada,Standard,2024-09-05
3612,Customer_03612,24.0,Female,India,Standard,2025-01-18
3613,Customer_03613,36.0,Female,India ,Standard,2024-10-29
3614,Customer_03614,44.0,Male,Saudi Arabia,Premium,2023-03-23
3615,Customer_03615,26.0,Male,USA,Standard,2025-04-03
3616,Customer_03616,34.0,Female,Pakistan,Standard,2024-05-04
3617,Customer_03617,55.0,Female,PAKISTAN,Budget,2023-02-26
3618,Customer_03618,63.0,Female,Germany,Standard,2024-03-24
3619,Customer_03619,18.0,Male,Pakistan,Standard,2024-04-21
3620,Customer_03620,48.0,Female,Saudi Arabia,Premium,2023-04-06
3621,Customer_03621,19.0,Female,UAE,Budget,2025-12-27
3622,Customer_03622,42.0,Female,UAE,Premium,2023-09-01
3623,Customer_03623,60.0,Male,UK,Budget,2023-12-29
3624,Customer_03624,56.0,Female,Germany,Standard,2024-04-28
3625,Customer_03625,29.0,Male,Pakistan,Standard,2025-07-01
3626,Customer_03626,30.0,Male,UAE,Standard,2025-03-25
3627,Customer_03627,55.0,Male,Saudi Arabia,Standard,2025-04-24
3628,Customer_03628,57.0,Female,Pakistan,Budget,2023-09-17
3629,Customer_03629,31.0,Male,Canada,Budget,2025-07-15
3630,Customer_03630,18.0,Female,India,Premium,2025-06-28
3631,Customer_03631,39.0,Female,Pakistan,Budget,2024-05-23
3632,Customer_03632,47.0,Female,USA,Premium,2024-08-21
3633,Customer_03633,39.0,Male,Canada,Standard,2023-02-10
3634,Customer_03634,62.0,Female,Pakistan,Budget,2025-04-13
3635,Customer_03635,57.0,Male,UK,Premium,2025-11-19
3636,Customer_03636,,Male,Pakistan,Premium,2024-06-01
3637,Customer_03637,18.0,Male,Pakistan,Premium,2024-08-15
3638,Customer_03638,58.0,Male,Pakistan,Premium,2024-07-01
3639,Customer_03639,54.0,Female,USA,Standard,2023-04-01
3640,Customer_03640,37.0,Male,Pakistan,VIP,2024-11-10
3641,Customer_03641,46.0,Male,Pakistan,Budget,2025-03-01
3642,Customer_03642,57.0,Other,UK,Budget,2025-10-14
3643,Customer_03643,61.0,Male,India,Standard,2025-10-16
3644,Customer_03644,44.0,Male, pakistan ,Budget,2024-06-23
3645,Customer_03645,19.0,Male,Pakistan,Standard,2025-11-17
3646,Customer_03646,47.0,Male,USA,Standard,2024-08-02
3647,Customer_03647,50.0,Female,Saudi Arabia,Standard,2024-12-04
3648,Customer_03648,20.0,Male,UK,Premium,2024-10-21
3649,Customer_03649,57.0,Male,Pakistan,Budget,2025-12-30
3650,Customer_03650,27.0,Female,India,Budget,2025-03-19
3651,Customer_03651,60.0,Male,USA,Standard,2023-05-12
3652,Customer_03652,44.0,Female,Pakistan,Premium,2023-03-20
3653,Customer_03653,33.0,Female,Pakistan,Premium,2024-03-25
3654,Customer_03654,20.0,Male,India,Budget,2024-07-19
3655,Customer_03655,,Male,Pakistan,,2025-01-02
3656,Customer_03656,53.0,Male,Pakistan,Standard,2024-06-11
3657,Customer_03657,36.0,Male,Germany,Premium,2024-07-18
3658,Customer_03658,58.0,Female,India,Budget,2025-10-07
3659,Customer_03659,,Female,UAE,Standard,2024-01-03
3660,Customer_03660,62.0,Male,Pakistan,Standard,2024-06-24
3661,Customer_03661,,Male,UAE,Standard,2024-09-02
3662,Customer_03662,22.0,Male,UAE,Budget,2024-05-28
3663,Customer_03663,49.0,Other,Canada,Standard,2025-11-27
3664,Customer_03664,63.0,Female,India,Standard,2025-11-20
3665,Customer_03665,33.0,Male,UK,Standard,2024-07-16
3666,Customer_03666,21.0,Female,Pakistan,Standard,2024-05-08
3667,Customer_03667,60.0,Male,UAE,Budget,2024-10-07
3668,Customer_03668,40.0,Female,Canada,Premium,2023-07-18
3669,Customer_03669,19.0,Female,Saudi Arabia,Standard,2024-04-11
3670,Customer_03670,58.0,Female,Saudi Arabia,Standard,2023-08-26
3671,Customer_03671,50.0,Male,USA,VIP,2023-06-07
3672,Customer_03672,21.0,Male,Canada,Standard,2023-04-15
3673,Customer_03673,,Other,Pakistan,Budget,2024-10-05
3674,Customer_03674,18.0,Male,Pakistan,Standard,2023-01-01
3675,Customer_03675,63.0,Male,UAE,VIP,2024-12-09
3676,Customer_03676,19.0,Female,Germany,Budget,2024-04-18
3677,Customer_03677,56.0,Female,India,Standard,2024-02-06
3678,Customer_03678,42.0,Female,Pakistan,Budget,2025-04-23
3679,Customer_03679,45.0,Female,UAE,Premium,2024-08-13
3680,Customer_03680,56.0,Female,Pakistan,Standard,2025-03-14
3681,Customer_03681,60.0,Male,Pakistan,Premium,2025-02-16
3682,Customer_03682,24.0,Female,Pakistan,Standard,2023-02-05
3683,Customer_03683,18.0,Female,Pakistan,Budget,2023-08-25
3684,Customer_03684,23.0,Female,UK,Standard,2024-09-16
3685,Customer_03685,50.0,Male,Pakistan,Premium,2025-12-05
3686,Customer_03686,45.0,Male,Pakistan,Budget,2023-06-19
3687,Customer_03687,22.0,Female,UAE,Budget,2023-04-26
3688,Customer_03688,29.0,Male,Pakistan,Standard,2025-10-28
3689,Customer_03689,43.0,Male,India,Standard,2025-11-25
3690,Customer_03690,53.0,Female,Pakistan,Budget,2023-07-03
3691,Customer_03691,34.0,Female,Pakistan,Budget,2024-03-16
3692,Customer_03692,63.0,Male,Saudi Arabia,Standard,2024-11-17
3693,Customer_03693,65.0,Male,Pakistan,Standard,2023-08-02
3694,Customer_03694,54.0,Male,Pakistan,Standard,2023-12-24
3695,Customer_03695,39.0,Female,Pakistan,Standard,2024-03-09
3696,Customer_03696,60.0,Male,Pakistan,Premium,2024-12-04
3697,Customer_03697,52.0,Male,Pakistan,Budget,2023-12-04
3698,Customer_03698,42.0,Male,India,Standard,2024-03-27
3699,Customer_03699,39.0,Male,Pakistan,Standard,2023-11-14
3700,Customer_03700,57.0,Male,Pakistan,Standard,2025-04-12
3701,Customer_03701,44.0,Male,USA,Standard,2023-06-17
3702,Customer_03702,26.0,Female,Pakistan,Standard,2023-09-10
3703,Customer_03703,65.0,Male,Pakistan,VIP,2023-10-01
3704,Customer_03704,21.0,Male,UAE,Budget,2025-09-19
3705,Customer_03705,51.0,Male,Pakistan,Budget,2025-11-01
3706,Customer_03706,49.0,Male,UK,Standard,2024-07-02
3707,Customer_03707,46.0,Male,Pakistan,Standard,2023-06-21
3708,Customer_03708,20.0,Male,India,Budget,2025-04-08
3709,Customer_03709,41.0,Male,Canada,Premium,2024-06-23
3710,Customer_03710,60.0,Male,Pakistan,Premium,2025-07-20
3711,Customer_03711,29.0,Female,Pakistan,Standard,2024-01-30
3712,Customer_03712,,Male,UAE,Standard,2025-12-30
3713,Customer_03713,59.0,Female,Germany,Budget,2025-06-03
3714,Customer_03714,63.0,Female,India,Standard,2023-09-03
3715,Customer_03715,42.0,Male,Saudi Arabia,Standard,2025-03-06
3716,Customer_03716,33.0,Male,Pakistan,Premium,2023-11-11
3717,Customer_03717,51.0,Male,Saudi Arabia,Standard,2024-01-19
3718,Customer_03718,41.0,Male,Pakistan,Budget,2023-10-02
3719,Customer_03719,48.0,Female,UAE,Budget,2025-01-17
3720,Customer_03720,53.0,Male,Pakistan,Budget,2023-10-16
3721,Customer_03721,52.0,Female,UAE,Premium,2024-12-01
3722,Customer_03722,29.0,Female,Pakistan,Premium,2024-09-30
3723,Customer_03723,54.0,Female,Saudi Arabia,Premium,2025-04-02
3724,Customer_03724,44.0,Female,UK,Premium,2025-12-24
3725,Customer_03725,62.0,Female,USA,Budget,2023-01-10
3726,Customer_03726,49.0,Female,Germany,Standard,2025-12-21
3727,Customer_03727,60.0,Other,India,Standard,2023-04-30
3728,Customer_03728,64.0,Male,Saudi Arabia,Budget,2024-07-31
3729,Customer_03729,65.0,Male,Pakistan,Standard,2024-01-09
3730,Customer_03730,53.0,Male,Canada,Standard,2024-12-01
3731,Customer_03731,46.0,Male,UAE,Premium,2025-03-02
3732,Customer_03732,23.0,Female,India ,Budget,2025-07-31
3733,Customer_03733,36.0,Male,India,Premium,2024-03-16
3734,Customer_03734,40.0,Male,UK,Premium,2025-10-19
3735,Customer_03735,55.0,Female,USA,Premium,2023-12-20
3736,Customer_03736,46.0,Male,USA,Budget,2023-08-12
3737,Customer_03737,39.0,Female,UAE,Budget,2024-02-20
3738,Customer_03738,25.0,Male,India,Standard,2024-08-02
3739,Customer_03739,52.0,Female,Canada,Standard,2025-01-02
3740,Customer_03740,38.0,Female,Saudi Arabia,Budget,2025-07-01
3741,Customer_03741,19.0,Male,UAE,Premium,2023-09-04
3742,Customer_03742,31.0,Female,UAE,Budget,2023-11-29
3743,Customer_03743,60.0,Male,Saudi Arabia,Standard,2025-10-25
3744,Customer_03744,23.0,Female,Saudi Arabia,VIP,2024-04-27
3745,Customer_03745,37.0,Female,UAE,Standard,2023-09-22
3746,Customer_03746,42.0,Male,USA,Premium,2025-12-16
3747,Customer_03747,22.0,Female,USA,Standard,2024-05-07
3748,Customer_03748,25.0,Female,India,Standard,2025-12-15
3749,Customer_03749,63.0,Female,Pakistan,Budget,2025-10-04
3750,Customer_03750,46.0,Female,UAE,Standard,2025-09-20
3751,Customer_03751,28.0,Female,Saudi Arabia,Standard,2024-09-29
3752,Customer_03752,26.0,Male,UAE,Premium,2025-05-25
3753,Customer_03753,38.0,Female,Canada,Premium,2025-11-18
3754,Customer_03754,52.0,Female,Pakistan,Budget,2023-10-22
3755,Customer_03755,53.0,Male,Pakistan,Budget,2023-02-11
3756,Customer_03756,27.0,Male,USA,Standard,2023-12-18
3757,Customer_03757,52.0,Male,Canada,Standard,2024-11-29
3758,Customer_03758,61.0,Male,India,Budget,2024-08-22
3759,Customer_03759,28.0,Male,Pakistan,Budget,2023-03-30
3760,Customer_03760,19.0,Male,India,Budget,2024-09-06
3761,Customer_03761,64.0,Female,India,Standard,2023-07-11
3762,Customer_03762,43.0,Male,UAE,Budget,2024-07-08
3763,Customer_03763,55.0,Male,Pakistan,Premium,2024-09-22
3764,Customer_03764,33.0,Female,Pakistan,Standard,2024-11-28
3765,Customer_03765,32.0,Male,Saudi Arabia,Standard,2024-03-28
3766,Customer_03766,28.0,Male,Saudi Arabia,Standard,2024-03-23
3767,Customer_03767,28.0,Female,Saudi Arabia,Budget,2025-01-13
3768,Customer_03768,40.0,Other,India,Premium,2025-04-01
3769,Customer_03769,23.0,Female,Pakistan,Standard,2025-06-04
3770,Customer_03770,58.0,Male,India,Premium,2024-01-01
3771,Customer_03771,42.0,Male,Germany,Standard,2024-04-09
3772,Customer_03772,61.0,Female,India,Standard,2023-12-29
3773,Customer_03773,42.0,Female,UAE,Budget,2024-08-01
3774,Customer_03774,32.0,Female,UAE,Standard,2023-05-20
3775,Customer_03775,42.0,Female,USA,Standard,2024-04-16
3776,Customer_03776,25.0,Male,India,Standard,2023-07-26
3777,Customer_03777,57.0,Male,India,Budget,2024-08-06
3778,Customer_03778,52.0,Female,USA,Budget,2025-07-21
3779,Customer_03779,25.0,Female,Pakistan,Budget,2025-12-15
3780,Customer_03780,45.0,Male,UAE,Standard,2024-05-04
3781,Customer_03781,43.0,Female,India,Standard,2023-03-03
3782,Customer_03782,27.0,Male,Germany,VIP,2023-09-07
3783,Customer_03783,23.0,Female,UK,Budget,2023-04-25
3784,Customer_03784,54.0,Male,Pakistan,Budget,2025-04-12
3785,Customer_03785,30.0,Female,USA,Budget,2025-12-15
3786,Customer_03786,42.0,Male,Saudi Arabia,Budget,2024-08-30
3787,Customer_03787,29.0,Female,UAE,Standard,2023-07-13
3788,Customer_03788,49.0,Female,Pakistan,Budget,2023-01-24
3789,Customer_03789,,Male,Pakistan,VIP,2025-12-05
3790,Customer_03790,35.0,Female,Saudi Arabia,Premium,2023-12-13
3791,Customer_03791,44.0,Female,India,Standard,2023-05-03
3792,Customer_03792,39.0,Female,USA,Premium,2023-07-13
3793,Customer_03793,47.0,Male,Pakistan,Standard,2023-10-07
3794,Customer_03794,26.0,Female,Saudi Arabia,VIP,2024-12-19
3795,Customer_03795,39.0,Female,Pakistan,Budget,2025-09-04
3796,Customer_03796,54.0,Female,Saudi Arabia,VIP,2023-10-29
3797,Customer_03797,34.0,Male,Pakistan,,2025-01-23
3798,Customer_03798,25.0,Female,India,Standard,2023-03-13
3799,Customer_03799,58.0,Male,Pakistan,Premium,2023-01-12
3800,Customer_03800,55.0,Male,UAE,Standard,2023-03-02
3801,Customer_03801,50.0,Male,Pakistan,Budget,2025-10-08
3802,Customer_03802,56.0,Male,UK,Budget,2024-09-29
3803,Customer_03803,55.0,Male,Pakistan,Budget,2025-06-01
3804,Customer_03804,53.0,Male,UAE,Standard,2023-01-24
3805,Customer_03805,42.0,Female,UAE,Standard,2023-01-25
3806,Customer_03806,18.0,Female,Pakistan,Standard,2025-07-19
3807,Customer_03807,46.0,Male,Pakistan,Premium,2023-04-23
3808,Customer_03808,31.0,Female,Pakistan,Budget,2023-06-20
3809,Customer_03809,55.0,Female,UAE,Premium,2024-07-22
3810,Customer_03810,40.0,Female,Germany,Standard,2024-10-26
3811,Customer_03811,61.0,Female,Pakistan,Premium,2023-09-08
3812,Customer_03812,46.0,Other,Saudi Arabia,Premium,2024-05-02
3813,Customer_03813,44.0,Female,Saudi Arabia,Premium,2025-01-09
3814,Customer_03814,62.0,Female,Saudi Arabia,Budget,2024-04-30
3815,Customer_03815,40.0,Female,UAE,Standard,2024-02-24
3816,Customer_03816,36.0,Male,Germany,Premium,2023-03-20
3817,Customer_03817,35.0,Female,UAE,Standard,2024-05-10
3818,Customer_03818,,Female,USA,Budget,2025-05-29
3819,Customer_03819,54.0,Female,Pakistan,Standard,2024-11-17
3820,Customer_03820,25.0,Female,USA,Premium,2025-09-05
3821,Customer_03821,41.0,Male,Germany,Budget,2023-05-19
3822,Customer_03822,35.0,Male,Canada,Standard,2023-01-13
3823,Customer_03823,49.0,Female,Pakistan,Premium,2024-08-23
3824,Customer_03824,20.0,Female,USA,Standard,2023-07-15
3825,Customer_03825,52.0,Female,Pakistan,Budget,2024-10-13
3826,Customer_03826,53.0,Female,Saudi Arabia,Standard,2025-09-17
3827,Customer_03827,28.0,Female,India,Standard,2024-01-05
3828,Customer_03828,25.0,Female,Saudi Arabia,Standard,2024-08-25
3829,Customer_03829,48.0,Male,India,Standard,2025-01-17
3830,Customer_03830,30.0,Female,Pakistan,Standard,2023-06-14
3831,Customer_03831,63.0,Male,Pakistan,Premium,2025-09-10
3832,Customer_03832,55.0,Female,Pakistan,Premium,2023-08-11
3833,Customer_03833,63.0,Male,India,Premium,2025-06-04
3834,Customer_03834,43.0,Female,USA,Standard,2024-12-24
3835,Customer_03835,63.0,Male,UK,Budget,2023-06-04
3836,Customer_03836,18.0,Male,UK,Premium,2025-03-05
3837,Customer_03837,31.0,Female,USA,,2023-08-04
3838,Customer_03838,18.0,Female,India,Standard,2024-10-18
3839,Customer_03839,50.0,Male,UAE,Budget,2025-11-17
3840,Customer_03840,42.0,Female,UAE,Standard,2025-11-10
3841,Customer_03841,31.0,Male,Pakistan,Standard,2025-08-12
3842,Customer_03842,32.0,Male,UAE,,2024-06-25
3843,Customer_03843,48.0,Male,UK,Standard,2024-09-05
3844,Customer_03844,26.0,Female,UAE,Budget,2023-11-26
3845,Customer_03845,42.0,Female,UK,Standard,2025-10-06
3846,Customer_03846,47.0,Female,Pakistan,Standard,2024-06-07
3847,Customer_03847,29.0,Female,UK,Premium,2025-04-25
3848,Customer_03848,28.0,Female,Pakistan,,2024-01-30
3849,Customer_03849,35.0,Female,USA,VIP,2025-03-22
3850,Customer_03850,46.0,Female,Pakistan,Budget,2023-09-03
3851,Customer_03851,30.0,Male,India,Budget,2025-03-15
3852,Customer_03852,36.0,Male,India,Standard,2023-02-20
3853,Customer_03853,44.0,Male,Pakistan,Standard,2023-04-25
3854,Customer_03854,26.0,Female,India,Standard,2024-01-22
3855,Customer_03855,45.0,Female,Pakistan,Premium,2024-06-12
3856,Customer_03856,24.0,Male,UAE,Standard,2025-02-18
3857,Customer_03857,24.0,Female,Canada,Standard,2024-01-29
3858,Customer_03858,29.0,Female,Pakistan,VIP,2023-01-21
3859,Customer_03859,31.0,Male,UAE,Budget,2023-12-23
3860,Customer_03860,19.0,Male,USA,,2024-04-26
3861,Customer_03861,64.0,Male,India,Standard,2024-08-18
3862,Customer_03862,32.0,Male,USA,Budget,2024-12-06
3863,Customer_03863,56.0,Female,India,Premium,2023-09-29
3864,Customer_03864,61.0,Female,India,Premium,2024-10-31
3865,Customer_03865,56.0,Male,Pakistan,Premium,2024-11-23
3866,Customer_03866,57.0,Male,Pakistan,Budget,2025-05-01
3867,Customer_03867,22.0,Male,UAE,Budget,2024-07-26
3868,Customer_03868,35.0,Male,USA,Standard,2025-06-07
3869,Customer_03869,53.0,Male,Pakistan,Budget,2023-08-31
3870,Customer_03870,45.0,Female,Canada,Budget,2025-02-19
3871,Customer_03871,18.0,Female,India,Standard,2023-02-20
3872,Customer_03872,45.0,Female,India,Budget,2023-04-23
3873,Customer_03873,56.0,Male,Canada,Premium,2025-08-05
3874,Customer_03874,57.0,Female,Canada,Standard,2024-06-04
3875,Customer_03875,36.0,Male,UAE,Budget,2024-11-11
3876,Customer_03876,29.0,Male,Pakistan,Standard,2024-10-23
3877,Customer_03877,32.0,Female,Pakistan,Budget,2025-01-31
3878,Customer_03878,32.0,Female,Pakistan,Budget,2023-09-27
3879,Customer_03879,34.0,Male,UK,Standard,2023-07-15
3880,Customer_03880,32.0,Female,Pakistan,Standard,2023-02-16
3881,Customer_03881,39.0,Female,Saudi Arabia,Standard,2025-08-05
3882,Customer_03882,19.0,Female,Pakistan,Standard,2023-09-03
3883,Customer_03883,31.0,Female,India,Standard,2024-09-22
3884,Customer_03884,33.0,Male,India,Standard,2024-05-13
3885,Customer_03885,25.0,Female,UAE,Standard,2023-06-27
3886,Customer_03886,60.0,Male,UAE,Standard,2024-03-29
3887,Customer_03887,50.0,Male,Germany,Standard,2023-04-02
3888,Customer_03888,61.0,Female,Canada,Budget,2023-07-13
3889,Customer_03889,44.0,Female,Saudi Arabia,Standard,2023-06-03
3890,Customer_03890,23.0,Male,Pakistan,Premium,2025-06-22
3891,Customer_03891,61.0,Female,Canada,Budget,2024-09-13
3892,Customer_03892,39.0,Female,Canada,Standard,2025-10-11
3893,Customer_03893,50.0,Female,USA,Premium,2024-04-22
3894,Customer_03894,36.0,Male,India,Budget,2023-08-09
3895,Customer_03895,41.0,Male,Pakistan,Premium,2024-10-29
3896,Customer_03896,41.0,Male,UK,Standard,2025-10-15
3897,Customer_03897,31.0,Male,India,Premium,2024-08-06
3898,Customer_03898,44.0,Male,India,Premium,2023-01-20
3899,Customer_03899,53.0,Male,India,VIP,2023-11-29
3900,Customer_03900,18.0,Male,UAE,Standard,2025-10-10
3901,Customer_03901,24.0,Male,Pakistan,Standard,2024-07-22
3902,Customer_03902,58.0,Female,Saudi Arabia,Budget,2025-11-09
3903,Customer_03903,45.0,Female,Saudi Arabia,Budget,2024-07-12
3904,Customer_03904,64.0,Male,UAE,Premium,2023-01-14
3905,Customer_03905,47.0,Female,Pakistan,Standard,2025-08-14
3906,Customer_03906,49.0,Male,Canada,Premium,2025-04-16
3907,Customer_03907,61.0,Male,India,Budget,2025-02-22
3908,Customer_03908,49.0,Female,India,Budget,2025-11-29
3909,Customer_03909,33.0,Male,India,Budget,2023-08-04
3910,Customer_03910,43.0,Male,India,Standard,2025-09-19
3911,Customer_03911,29.0,Male,Saudi Arabia,Budget,2023-09-12
3912,Customer_03912,34.0,Female,Pakistan,Standard,2025-11-29
3913,Customer_03913,50.0,Female,USA,VIP,2023-07-29
3914,Customer_03914,25.0,Male,Pakistan,Premium,2024-08-26
3915,Customer_03915,50.0,Male,Germany,Premium,2025-05-15
3916,Customer_03916,46.0,Male,Saudi Arabia,Budget,2023-03-27
3917,Customer_03917,32.0,Female,Pakistan,Standard,2023-03-15
3918,Customer_03918,20.0,Male,UAE,Standard,2025-07-20
3919,Customer_03919,51.0,Female,Pakistan,Budget,2023-03-08
3920,Customer_03920,57.0,Female,Germany,Standard,2024-11-03
3921,Customer_03921,53.0,Male,UK,Premium,2025-10-25
3922,Customer_03922,38.0,Female,UAE,Budget,2024-11-04
3923,Customer_03923,49.0,Male,India,Premium,2024-06-11
3924,Customer_03924,37.0,Male,Germany,Budget,2024-04-02
3925,Customer_03925,35.0,Male,Saudi Arabia,Budget,2024-11-30
3926,Customer_03926,33.0,Male,UAE,Budget,2024-09-18
3927,Customer_03927,28.0,Female,India,Premium,2024-07-03
3928,Customer_03928,64.0,Female,Pakistan,Standard,2023-06-18
3929,Customer_03929,49.0,Male,Saudi Arabia,Premium,2024-12-27
3930,Customer_03930,26.0,Male,UAE,Standard,2025-03-21
3931,Customer_03931,59.0,Female,USA,Premium,2025-02-15
3932,Customer_03932,25.0,Male,UAE,Standard,2023-03-24
3933,Customer_03933,46.0,Male,UAE,Standard,2025-02-09
3934,Customer_03934,25.0,Female,India,Premium,2025-03-10
3935,Customer_03935,35.0,Female,UK,Premium,2023-07-21
3936,Customer_03936,49.0,Female,India,Standard,2025-07-19
3937,Customer_03937,65.0,Male,USA,Budget,2024-07-28
3938,Customer_03938,65.0,Male,Pakistan,Premium,2024-06-01
3939,Customer_03939,60.0,Male,India ,Budget,2025-03-03
3940,Customer_03940,29.0,Female,Canada,VIP,2024-07-12
3941,Customer_03941,22.0,Male,UK,Standard,2024-08-20
3942,Customer_03942,61.0,Male,India,Budget,2023-12-09
3943,Customer_03943,62.0,Male,Saudi Arabia,Standard,2025-10-13
3944,Customer_03944,31.0,Female,Pakistan,Standard,2025-11-28
3945,Customer_03945,18.0,Female,Pakistan,Standard,2023-05-23
3946,Customer_03946,49.0,Female,USA,Premium,2025-03-14
3947,Customer_03947,21.0,Male,USA,Standard,2023-01-26
3948,Customer_03948,19.0,Female,Pakistan,Budget,2024-02-09
3949,Customer_03949,62.0,Male,Canada,Standard,2025-11-29
3950,Customer_03950,41.0,Male,India,,2023-07-11
3951,Customer_03951,23.0,Male,Canada,Premium,2024-02-18
3952,Customer_03952,49.0,Female,UK,Standard,2023-08-29
3953,Customer_03953,35.0,Male,Canada,Premium,2025-03-09
3954,Customer_03954,43.0,Female,PAKISTAN,Budget,2024-05-23
3955,Customer_03955,61.0,Male,Germany,Standard,2024-10-12
3956,Customer_03956,29.0,Male,Saudi Arabia,Premium,2025-10-30
3957,Customer_03957,49.0,Female,Pakistan,Standard,2024-07-25
3958,Customer_03958,57.0,Female,India,Budget,2025-03-15
3959,Customer_03959,38.0,Male,UK,Standard,2023-04-18
3960,Customer_03960,64.0,Female,Pakistan,Standard,2023-08-24
3961,Customer_03961,39.0,Male,Canada,Budget,2025-11-03
3962,Customer_03962,40.0,Male,Pakistan,Budget,2025-07-31
3963,Customer_03963,60.0,Female,USA,Premium,2024-12-20
3964,Customer_03964,48.0,Female,India,Budget,2024-02-19
3965,Customer_03965,59.0,Male, pakistan ,Standard,2023-08-07
3966,Customer_03966,55.0,Male,Germany,VIP,2025-07-22
3967,Customer_03967,52.0,Female,India,Premium,2025-05-10
3968,Customer_03968,29.0,Male,Saudi Arabia,Standard,2023-09-22
3969,Customer_03969,37.0,Female,Pakistan,Standard,2024-10-08
3970,Customer_03970,59.0,Female,USA,Budget,2024-11-09
3971,Customer_03971,47.0,Female,USA,Standard,2024-06-07
3972,Customer_03972,31.0,Male,Pakistan,Budget,2025-10-12
3973,Customer_03973,33.0,Female,Pakistan,Budget,2023-05-17
3974,Customer_03974,55.0,Male,India,Budget,2023-10-10
3975,Customer_03975,26.0,Male,Pakistan,Standard,2023-04-15
3976,Customer_03976,23.0,Male,USA,Budget,2025-01-29
3977,Customer_03977,54.0,Male,Pakistan,Budget,2024-12-06
3978,Customer_03978,31.0,Female,Canada,Premium,2025-12-18
3979,Customer_03979,54.0,Female,Germany,Budget,2024-08-17
3980,Customer_03980,43.0,Female,Canada,Standard,2023-06-15
3981,Customer_03981,65.0,Female,UAE,Standard,2024-05-09
3982,Customer_03982,43.0,Female,Pakistan,Standard,2023-04-07
3983,Customer_03983,59.0,Female,USA,Budget,2025-01-05
3984,Customer_03984,58.0,Female,Saudi Arabia,Budget,2025-01-08
3985,Customer_03985,28.0,Female,Germany,Premium,2025-07-28
3986,Customer_03986,65.0,Female,India,Standard,2024-01-08
3987,Customer_03987,53.0,Male,Pakistan,Budget,2023-12-06
3988,Customer_03988,23.0,Female,Germany,Standard,2023-03-20
3989,Customer_03989,18.0,Male,USA,Standard,2024-03-31
3990,Customer_03990,31.0,Male,Pakistan,Budget,2024-06-04
3991,Customer_03991,18.0,Female,UK,Standard,2025-04-06
3992,Customer_03992,35.0,Male,Pakistan,Standard,2025-04-06
3993,Customer_03993,65.0,Male,UAE,Standard,2023-06-03
3994,Customer_03994,40.0,Male,India,Premium,2023-11-09
3995,Customer_03995,19.0,Male,India,Standard,2024-07-14
3996,Customer_03996,41.0,Female,Pakistan,Premium,2024-01-03
3997,Customer_03997,28.0,Female, pakistan ,Standard,2023-01-28
3998,Customer_03998,59.0,Male,India,Standard,2025-07-15
3999,Customer_03999,22.0,Female,Pakistan,Standard,2025-03-12
4000,Customer_04000,54.0,Female,India,Standard,2024-07-23
4001,Customer_04001,39.0,Female,UAE,Budget,2023-12-14
4002,Customer_04002,18.0,Male,Saudi Arabia,VIP,2025-07-12
4003,Customer_04003,50.0,Male,Saudi Arabia,VIP,2023-02-08
4004,Customer_04004,39.0,Male,Pakistan,Budget,2024-05-04
4005,Customer_04005,55.0,Male,Pakistan,Standard,2025-05-27
4006,Customer_04006,47.0,Female,USA,Premium,2025-11-10
4007,Customer_04007,55.0,Male,USA,Premium,2023-10-03
4008,Customer_04008,40.0,Female,Germany,Standard,2024-12-14
4009,Customer_04009,18.0,Female,Germany,Budget,2023-07-27
4010,Customer_04010,24.0,Male,Saudi Arabia,Standard,2023-05-08
4011,Customer_04011,40.0,Male,Canada,Budget,2024-01-22
4012,Customer_04012,37.0,Female,India,Standard,2025-08-28
4013,Customer_04013,56.0,Female,UK,Standard,2025-01-25
4014,Customer_04014,37.0,Male,Germany,Standard,2024-06-20
4015,Customer_04015,59.0,Female,USA,Budget,2023-11-06
4016,Customer_04016,27.0,Female,India,Standard,2023-06-05
4017,Customer_04017,36.0,Female,India,Standard,2023-10-24
4018,Customer_04018,54.0,Male,Pakistan,Standard,2023-06-17
4019,Customer_04019,23.0,Female,India,Budget,2023-07-25
4020,Customer_04020,33.0,Female,USA,Budget,2025-01-23
4021,Customer_04021,,Male,Saudi Arabia,Premium,2023-05-26
4022,Customer_04022,46.0,Other,Pakistan,Standard,2023-02-21
4023,Customer_04023,55.0,Female,Saudi Arabia,Standard,2024-08-17
4024,Customer_04024,42.0,Male,India,Standard,2023-11-11
4025,Customer_04025,59.0,Female,UAE,Premium,2024-05-13
4026,Customer_04026,60.0,Female,India,Standard,2023-06-03
4027,Customer_04027,64.0,Female,UAE,Budget,2023-08-19
4028,Customer_04028,23.0,Female,UK,Budget,2024-04-28
4029,Customer_04029,46.0,Male,UK,Budget,2025-01-26
4030,Customer_04030,23.0,Male,UK,Premium,2024-03-30
4031,Customer_04031,28.0,Male,India,Standard,2024-08-16
4032,Customer_04032,32.0,Female,Saudi Arabia,Premium,2024-07-25
4033,Customer_04033,49.0,Male,Pakistan,Standard,2023-10-22
4034,Customer_04034,38.0,Female,India,Premium,2023-11-03
4035,Customer_04035,59.0,Male,UAE,VIP,2024-04-11
4036,Customer_04036,32.0,Male,Saudi Arabia,Standard,2023-02-05
4037,Customer_04037,47.0,Female,Canada,Budget,2025-01-21
4038,Customer_04038,54.0,Female,Pakistan,Budget,2024-11-04
4039,Customer_04039,65.0,Male,USA,Standard,2023-12-02
4040,Customer_04040,29.0,Male,Pakistan,Premium,2024-02-14
4041,Customer_04041,53.0,Male,UAE,Standard,2023-12-27
4042,Customer_04042,22.0,Male,USA,Standard,2024-12-14
4043,Customer_04043,44.0,Male,PAKISTAN,Standard,2025-04-12
4044,Customer_04044,37.0,Female,USA,Standard,2023-04-30
4045,Customer_04045,64.0,Male,USA,Budget,2024-03-28
4046,Customer_04046,55.0,Male,Pakistan,Premium,2023-01-16
4047,Customer_04047,62.0,Male,Germany,Standard,2024-05-10
4048,Customer_04048,58.0,Male,Canada,Budget,2023-09-30
4049,Customer_04049,37.0,Other,India,Standard,2024-01-04
4050,Customer_04050,53.0,Male,Pakistan,Standard,2024-05-15
4051,Customer_04051,19.0,Male,Pakistan,Standard,2023-12-21
4052,Customer_04052,44.0,Female,USA,Budget,2024-03-07
4053,Customer_04053,20.0,Female,India ,Standard,2025-04-18
4054,Customer_04054,52.0,Female,USA,Standard,2025-06-07
4055,Customer_04055,64.0,Female,India,,2023-01-07
4056,Customer_04056,50.0,Female,Pakistan,Standard,2024-02-19
4057,Customer_04057,58.0,Female,UAE,Standard,2025-07-17
4058,Customer_04058,29.0,Other,India,Standard,2024-08-04
4059,Customer_04059,65.0,Male,Pakistan,Standard,2023-08-13
4060,Customer_04060,44.0,Female,Pakistan,Standard,2024-10-12
4061,Customer_04061,50.0,Female,Pakistan,Standard,2023-06-08
4062,Customer_04062,54.0,Female,Pakistan,Premium,2023-01-24
4063,Customer_04063,48.0,Male,UK,Standard,2024-11-24
4064,Customer_04064,33.0,Female,India,VIP,2024-07-18
4065,Customer_04065,47.0,Male,India,Standard,2025-04-09
4066,Customer_04066,49.0,Female,UAE,Standard,2024-01-13
4067,Customer_04067,59.0,Male,Germany,Standard,2025-07-25
4068,Customer_04068,41.0,Female,UK,Premium,2024-04-06
4069,Customer_04069,42.0,Female,Saudi Arabia,Premium,2025-03-19
4070,Customer_04070,42.0,Male,UK,Standard,2023-04-20
4071,Customer_04071,23.0,Male,Saudi Arabia,Standard,2023-04-17
4072,Customer_04072,22.0,Male,Saudi Arabia,VIP,2025-05-07
4073,Customer_04073,18.0,Female,India,Premium,2025-07-03
4074,Customer_04074,49.0,Female,UAE,VIP,2025-10-29
4075,Customer_04075,38.0,Female,India,Budget,2023-12-22
4076,Customer_04076,59.0,Male,India,Budget,2023-01-25
4077,Customer_04077,51.0,Female,Pakistan,Standard,2025-12-09
4078,Customer_04078,24.0,Female,India,Premium,2024-10-21
4079,Customer_04079,22.0,Male,India,Budget,2023-09-28
4080,Customer_04080,35.0,Male,UAE,Standard,2025-04-17
4081,Customer_04081,62.0,Male,India,Standard,2025-09-17
4082,Customer_04082,20.0,Male,Pakistan,Budget,2023-11-09
4083,Customer_04083,26.0,Male,Pakistan,Premium,2025-04-23
4084,Customer_04084,19.0,Male,India,Budget,2025-05-13
4085,Customer_04085,37.0,Male,Saudi Arabia,Premium,2024-07-03
4086,Customer_04086,65.0,Male,Pakistan,Standard,2024-11-24
4087,Customer_04087,50.0,Male,Pakistan,Standard,2023-10-23
4088,Customer_04088,41.0,Female,Pakistan,Standard,2025-10-15
4089,Customer_04089,24.0,Female,India,Budget,2025-12-13
4090,Customer_04090,35.0,Male,Pakistan,Standard,2025-12-11
4091,Customer_04091,43.0,Female,India,Premium,2025-03-18
4092,Customer_04092,31.0,Female,UAE,Standard,2023-02-16
4093,Customer_04093,51.0,Male,Canada,Budget,2024-02-06
4094,Customer_04094,65.0,Male,Saudi Arabia,Standard,2024-05-02
4095,Customer_04095,27.0,Male,Pakistan,,2025-11-17
4096,Customer_04096,30.0,Female,India,Standard,2024-08-22
4097,Customer_04097,24.0,Male,USA,Standard,2024-08-10
4098,Customer_04098,52.0,Male,Pakistan,Standard,2023-06-10
4099,Customer_04099,40.0,Female,Canada,Budget,2025-05-19
4100,Customer_04100,31.0,Female,UAE,Budget,2024-01-04
4101,Customer_04101,28.0,Male,Pakistan,Budget,2023-04-11
4102,Customer_04102,21.0,Female,Pakistan,Standard,2025-12-18
4103,Customer_04103,40.0,Male,Canada,Standard,2023-07-28
4104,Customer_04104,50.0,Female,Germany,Standard,2023-01-18
4105,Customer_04105,29.0,Female,USA,Budget,2023-03-27
4106,Customer_04106,18.0,Female,Pakistan,Budget,2024-05-10
4107,Customer_04107,40.0,Male,UK,Standard,2023-04-23
4108,Customer_04108,50.0,Male,Pakistan,Standard,2025-07-12
4109,Customer_04109,34.0,Female,India,Premium,2024-07-15
4110,Customer_04110,30.0,Male,Saudi Arabia,Budget,2023-12-21
4111,Customer_04111,25.0,Other,Germany,Budget,2023-01-04
4112,Customer_04112,53.0,Male,India,Standard,2024-06-09
4113,Customer_04113,59.0,Female,India,Standard,2023-06-15
4114,Customer_04114,54.0,Male,Pakistan,Standard,2025-12-07
4115,Customer_04115,42.0,Male,India,Budget,2023-11-16
4116,Customer_04116,52.0,Female,Pakistan,Budget,2024-06-04
4117,Customer_04117,37.0,Male,USA,Standard,2023-01-21
4118,Customer_04118,19.0,Female,Pakistan,Budget,2023-05-24
4119,Customer_04119,35.0,Female,Saudi Arabia,Standard,2023-08-16
4120,Customer_04120,51.0,Female,Pakistan,Budget,2023-02-26
4121,Customer_04121,49.0,Female,India,Standard,2025-03-06
4122,Customer_04122,65.0,Female,Pakistan,Budget,2025-11-02
4123,Customer_04123,65.0,Female,India,VIP,2025-12-15
4124,Customer_04124,29.0,Male,UAE,Budget,2023-10-19
4125,Customer_04125,18.0,Female,Saudi Arabia,Budget,2025-05-14
4126,Customer_04126,31.0,Female,Canada,Premium,2024-07-06
4127,Customer_04127,60.0,Male,Pakistan,Budget,2023-02-20
4128,Customer_04128,57.0,Female,UAE,Budget,2023-04-10
4129,Customer_04129,22.0,Male,Canada,Budget,2024-08-23
4130,Customer_04130,25.0,Female,Pakistan,Standard,2024-04-09
4131,Customer_04131,45.0,Male,USA,Standard,2023-01-10
4132,Customer_04132,49.0,Female,Germany,Premium,2025-10-16
4133,Customer_04133,65.0,Male,USA,Premium,2025-03-11
4134,Customer_04134,54.0,Female,UAE,,2024-07-04
4135,Customer_04135,28.0,Male,UK,Budget,2025-12-17
4136,Customer_04136,19.0,Female,India,Premium,2025-11-30
4137,Customer_04137,48.0,Female,UAE,Premium,2025-12-03
4138,Customer_04138,44.0,Female,Germany,Premium,2023-10-11
4139,Customer_04139,62.0,Male,Pakistan,Budget,2025-08-23
4140,Customer_04140,45.0,Male,USA,Standard,2024-07-06
4141,Customer_04141,42.0,Male,UAE,Standard,2025-03-06
4142,Customer_04142,32.0,Female,Pakistan,VIP,2025-07-31
4143,Customer_04143,22.0,Male,Saudi Arabia,Budget,2023-06-29
4144,Customer_04144,60.0,Female,USA,Premium,2024-05-06
4145,Customer_04145,57.0,Male,UAE,Standard,2023-05-22
4146,Customer_04146,25.0,Female,USA,Premium,2023-11-03
4147,Customer_04147,51.0,Male,India,Standard,2024-03-29
4148,Customer_04148,,Male,Canada,Premium,2025-07-26
4149,Customer_04149,38.0,Male,Saudi Arabia,Standard,2025-08-03
4150,Customer_04150,58.0,Male,USA,Budget,2024-03-03
4151,Customer_04151,58.0,Male,Pakistan,Standard,2023-12-27
4152,Customer_04152,27.0,Male,India,Premium,2024-08-04
4153,Customer_04153,32.0,Female,Canada,Budget,2025-09-26
4154,Customer_04154,57.0,Female,Pakistan,Standard,2025-12-06
4155,Customer_04155,62.0,Male,India,VIP,2023-09-06
4156,Customer_04156,21.0,Female,UK,Premium,2023-07-24
4157,Customer_04157,58.0,Male,UK,Standard,2025-02-13
4158,Customer_04158,41.0,Male,USA,Premium,2023-11-27
4159,Customer_04159,46.0,Male,UK,Budget,2023-08-07
4160,Customer_04160,21.0,Male,Canada,Standard,2023-02-04
4161,Customer_04161,50.0,Male,India,Standard,2024-03-17
4162,Customer_04162,50.0,Female,Saudi Arabia,Premium,2024-03-05
4163,Customer_04163,49.0,Female,India ,Budget,2024-09-09
4164,Customer_04164,55.0,Female,Saudi Arabia,Budget,2023-08-08
4165,Customer_04165,63.0,Female,Pakistan,Standard,2025-02-21
4166,Customer_04166,58.0,Male,India,Standard,2025-01-15
4167,Customer_04167,53.0,Female,UAE,Premium,2024-05-21
4168,Customer_04168,65.0,Male,UK,Standard,2023-07-18
4169,Customer_04169,50.0,Male,UAE,Premium,2024-07-09
4170,Customer_04170,50.0,Male,UK,Standard,2025-01-09
4171,Customer_04171,44.0,Male,USA,Premium,2024-02-13
4172,Customer_04172,54.0,Female,Pakistan,Premium,2023-10-16
4173,Customer_04173,21.0,Male,UAE,Budget,2024-07-09
4174,Customer_04174,42.0,Male,UAE,Standard,2024-01-25
4175,Customer_04175,38.0,Female,Pakistan,Premium,2024-03-14
4176,Customer_04176,61.0,Other,India,Budget,2024-01-18
4177,Customer_04177,21.0,Male,UAE,Standard,2023-11-29
4178,Customer_04178,48.0,Female,USA,Budget,2025-02-24
4179,Customer_04179,26.0,Female,India,Premium,2024-05-19
4180,Customer_04180,60.0,Male,Pakistan,Budget,2024-05-26
4181,Customer_04181,58.0,Male,India,Standard,2024-12-16
4182,Customer_04182,29.0,Male,USA,Standard,2024-01-31
4183,Customer_04183,59.0,Male,UAE,Budget,2023-04-21
4184,Customer_04184,41.0,Other,India ,Standard,2025-07-23
4185,Customer_04185,64.0,Female,Canada,Premium,2023-03-03
4186,Customer_04186,53.0,Other,Pakistan,Standard,2024-09-18
4187,Customer_04187,19.0,Female,Pakistan,VIP,2023-10-19
4188,Customer_04188,27.0,Female,India,Premium,2023-08-23
4189,Customer_04189,37.0,Female,UK,Standard,2023-02-15
4190,Customer_04190,28.0,Female,USA,Standard,2025-09-13
4191,Customer_04191,24.0,Male,Pakistan,Premium,2024-04-15
4192,Customer_04192,64.0,Male,USA,Standard,2024-01-11
4193,Customer_04193,59.0,Female,UK,Standard,2025-03-23
4194,Customer_04194,38.0,Male,Canada,Premium,2023-02-12
4195,Customer_04195,28.0,Male,Canada,VIP,2024-09-10
4196,Customer_04196,26.0,Male,UK,Standard,2024-06-26
4197,Customer_04197,61.0,Female,Pakistan,Budget,2024-08-29
4198,Customer_04198,33.0,Male,Pakistan,Standard,2023-05-16
4199,Customer_04199,18.0,Male,Canada,Premium,2025-11-09
4200,Customer_04200,37.0,Female,UAE,Standard,2023-09-19
4201,Customer_04201,39.0,Male,UAE,Premium,2025-01-13
4202,Customer_04202,47.0,Female,Canada,Standard,2025-03-29
4203,Customer_04203,34.0,Male,USA,Standard,2024-01-13
4204,Customer_04204,62.0,Male,UK,Standard,2023-05-24
4205,Customer_04205,48.0,Male,USA,Standard,2023-11-22
4206,Customer_04206,65.0,Female,Pakistan,Premium,2025-06-03
4207,Customer_04207,35.0,Female,UK,Budget,2025-09-20
4208,Customer_04208,49.0,Male,Germany,Premium,2025-10-23
4209,Customer_04209,35.0,Male,Pakistan,Standard,2023-09-06
4210,Customer_04210,51.0,Female,Pakistan,VIP,2024-10-26
4211,Customer_04211,53.0,Female,USA,Premium,2023-06-15
4212,Customer_04212,33.0,Male,UAE,Budget,2025-02-17
4213,Customer_04213,63.0,Male,Pakistan,VIP,2024-03-31
4214,Customer_04214,59.0,Male,Pakistan,Standard,2025-02-21
4215,Customer_04215,60.0,Male,Pakistan,Standard,2025-01-20
4216,Customer_04216,28.0,Female,Pakistan,Premium,2025-12-24
4217,Customer_04217,52.0,Other,USA,Premium,2024-06-19
4218,Customer_04218,23.0,Other,Saudi Arabia,Standard,2024-01-10
4219,Customer_04219,23.0,Female,UK,VIP,2024-07-31
4220,Customer_04220,64.0,Male,Pakistan,Standard,2023-06-28
4221,Customer_04221,25.0,Female,India,Budget,2023-05-03
4222,Customer_04222,59.0,Male,Pakistan,Budget,2024-07-23
4223,Customer_04223,38.0,Male,USA,Standard,2025-06-23
4224,Customer_04224,32.0,Female,Germany,Standard,2024-08-07
4225,Customer_04225,21.0,Male,India,Standard,2025-05-06
4226,Customer_04226,50.0,Female,Germany,Standard,2023-07-14
4227,Customer_04227,52.0,Other,Pakistan,Budget,2024-05-07
4228,Customer_04228,40.0,Female,Pakistan,Standard,2024-11-02
4229,Customer_04229,56.0,Female,UK,Premium,2024-01-17
4230,Customer_04230,33.0,Male,India,Budget,2023-01-16
4231,Customer_04231,44.0,Male,Canada,Standard,2023-03-22
4232,Customer_04232,31.0,Female,India ,Premium,2025-10-13
4233,Customer_04233,45.0,Female,USA,Standard,2024-10-25
4234,Customer_04234,24.0,Female,Pakistan,Premium,2023-10-17
4235,Customer_04235,40.0,Male,Pakistan,VIP,2023-10-11
4236,Customer_04236,44.0,Male,India,Budget,2023-02-13
4237,Customer_04237,44.0,Male,Canada,Standard,2025-11-01
4238,Customer_04238,39.0,Female,UAE,Budget,2023-04-29
4239,Customer_04239,48.0,Female,Saudi Arabia,Standard,2025-04-12
4240,Customer_04240,42.0,Female,Pakistan,,2023-09-21
4241,Customer_04241,31.0,Male,Pakistan,Standard,2024-01-03
4242,Customer_04242,28.0,Female,Pakistan,Premium,2023-10-28
4243,Customer_04243,49.0,Male,USA,,2025-06-22
4244,Customer_04244,63.0,Male,Pakistan,Premium,2023-02-05
4245,Customer_04245,54.0,Male,Pakistan,Standard,2024-01-22
4246,Customer_04246,48.0,Female,UAE,Budget,2023-11-03
4247,Customer_04247,62.0,Male,UAE,Budget,2023-10-27
4248,Customer_04248,61.0,Male,India,Standard,2023-07-31
4249,Customer_04249,42.0,Female,Pakistan,Standard,2025-09-27
4250,Customer_04250,23.0,Female,India,Budget,2024-02-19
4251,Customer_04251,48.0,Male,UK,Standard,2024-04-03
4252,Customer_04252,47.0,Male,Pakistan,Budget,2024-02-27
4253,Customer_04253,31.0,Female,Saudi Arabia,Standard,2025-12-10
4254,Customer_04254,58.0,Female,Pakistan,Standard,2024-01-07
4255,Customer_04255,59.0,Female,Canada,Budget,2024-01-10
4256,Customer_04256,33.0,Male,Germany,Budget,2023-12-26
4257,Customer_04257,40.0,Female,Pakistan,Standard,2023-12-25
4258,Customer_04258,27.0,Female,India,Standard,2023-04-09
4259,Customer_04259,26.0,Male,India,Premium,2024-10-24
4260,Customer_04260,30.0,Male,USA,Budget,2023-01-28
4261,Customer_04261,35.0,Other,UAE,Standard,2023-09-05
4262,Customer_04262,31.0,Male,UAE,Standard,2023-08-10
4263,Customer_04263,25.0,Female,Pakistan,Standard,2023-11-16
4264,Customer_04264,39.0,Female,Pakistan,Standard,2025-04-09
4265,Customer_04265,47.0,Male,Saudi Arabia,Budget,2024-10-19
4266,Customer_04266,33.0,Female,Saudi Arabia,Premium,2025-12-21
4267,Customer_04267,43.0,Male,USA,VIP,2024-01-20
4268,Customer_04268,31.0,Female,USA,Standard,2025-10-14
4269,Customer_04269,51.0,Female,Saudi Arabia,Standard,2023-02-19
4270,Customer_04270,49.0,Female,UAE,Budget,2024-07-06
4271,Customer_04271,64.0,Male,Canada,Budget,2025-05-25
4272,Customer_04272,20.0,Female,USA,Budget,2024-08-05
4273,Customer_04273,58.0,Female,USA,Premium,2025-10-19
4274,Customer_04274,34.0,Female,Germany,Budget,2023-12-11
4275,Customer_04275,21.0,Female,India,Budget,2023-02-06
4276,Customer_04276,51.0,Male,Saudi Arabia,Budget,2025-04-28
4277,Customer_04277,26.0,Female,Saudi Arabia,Budget,2023-03-16
4278,Customer_04278,26.0,Male,Pakistan,Standard,2025-04-18
4279,Customer_04279,65.0,Male,Saudi Arabia,Standard,2025-03-14
4280,Customer_04280,28.0,Female,India,Standard,2025-07-14
4281,Customer_04281,44.0,Female,India,Standard,2024-06-08
4282,Customer_04282,27.0,Other,Pakistan,Standard,2025-09-08
4283,Customer_04283,23.0,Male,UK,Premium,2023-07-06
4284,Customer_04284,18.0,Male,Saudi Arabia,Budget,2024-04-21
4285,Customer_04285,18.0,Male,UAE,Budget,2023-05-14
4286,Customer_04286,40.0,Male,Pakistan,Premium,2025-04-20
4287,Customer_04287,38.0,Female,UAE,Standard,2025-02-21
4288,Customer_04288,19.0,Female,Pakistan,Standard,2025-06-02
4289,Customer_04289,34.0,Male,Pakistan,Budget,2025-04-17
4290,Customer_04290,31.0,Male,India,Budget,2023-12-05
4291,Customer_04291,45.0,Male,USA,Budget,2023-03-16
4292,Customer_04292,65.0,Female,India,Premium,2025-10-15
4293,Customer_04293,51.0,Female,UAE,,2024-06-24
4294,Customer_04294,62.0,Male,USA,Budget,2023-04-14
4295,Customer_04295,27.0,Male,India,Budget,2025-10-13
4296,Customer_04296,28.0,Male,USA,Budget,2025-12-25
4297,Customer_04297,54.0,Male,Pakistan,Budget,2024-05-03
4298,Customer_04298,32.0,Female,India,Standard,2025-04-24
4299,Customer_04299,58.0,Female,Pakistan,Standard,2023-02-09
4300,Customer_04300,40.0,Male,UAE,Premium,2023-04-13
4301,Customer_04301,27.0,Female,Germany,Standard,2023-10-31
4302,Customer_04302,58.0,Male,Saudi Arabia,Premium,2024-12-20
4303,Customer_04303,44.0,Male,Saudi Arabia,Premium,2023-05-27
4304,Customer_04304,56.0,Female,Pakistan,Premium,2023-02-07
4305,Customer_04305,39.0,Male,Canada,VIP,2025-01-02
4306,Customer_04306,24.0,Male,India,Standard,2025-04-24
4307,Customer_04307,50.0,Female,Pakistan,Budget,2025-03-21
4308,Customer_04308,23.0,Female,Germany,Budget,2025-05-25
4309,Customer_04309,49.0,Male,India,Standard,2025-05-29
4310,Customer_04310,38.0,Female,India,Standard,2024-10-22
4311,Customer_04311,55.0,Male,Pakistan,Budget,2024-07-23
4312,Customer_04312,59.0,Female,Pakistan,Premium,2025-07-28
4313,Customer_04313,37.0,Male,USA,Premium,2024-01-17
4314,Customer_04314,60.0,Female,India,Standard,2023-04-18
4315,Customer_04315,23.0,Male,Germany,Standard,2025-04-04
4316,Customer_04316,23.0,Female,Pakistan,Budget,2023-10-30
4317,Customer_04317,65.0,Female,UAE,Standard,2025-12-08
4318,Customer_04318,45.0,Male,PAKISTAN,Budget,2024-03-29
4319,Customer_04319,39.0,Female,Saudi Arabia,Standard,2025-07-22
4320,Customer_04320,25.0,Male,UAE,Standard,2023-02-16
4321,Customer_04321,31.0,Female,UAE,Budget,2024-12-23
4322,Customer_04322,50.0,Male,Saudi Arabia,Standard,2024-05-06
4323,Customer_04323,57.0,Male,USA,Standard,2024-05-22
4324,Customer_04324,61.0,Female,Pakistan,Standard,2023-10-18
4325,Customer_04325,37.0,Male,India,VIP,2025-11-30
4326,Customer_04326,39.0,Female,Saudi Arabia,Budget,2024-03-06
4327,Customer_04327,25.0,Female,Pakistan,Premium,2025-07-21
4328,Customer_04328,21.0,Male,Pakistan,Budget,2024-04-10
4329,Customer_04329,39.0,Male,Germany,Budget,2023-02-22
4330,Customer_04330,45.0,Female,Pakistan,VIP,2025-08-21
4331,Customer_04331,23.0,Female,Pakistan,Premium,2023-07-22
4332,Customer_04332,37.0,Male,UAE,Standard,2023-10-24
4333,Customer_04333,48.0,Male,Pakistan,Premium,2025-08-01
4334,Customer_04334,56.0,Female,Pakistan,Standard,2025-09-06
4335,Customer_04335,63.0,Female,Pakistan,Premium,2025-10-01
4336,Customer_04336,34.0,Female,Pakistan,Budget,2024-04-11
4337,Customer_04337,36.0,Male,India,Premium,2025-04-09
4338,Customer_04338,59.0,Female,USA,Premium,2023-12-26
4339,Customer_04339,51.0,Female,India,Premium,2025-03-22
4340,Customer_04340,31.0,Male,India,Premium,2024-07-04
4341,Customer_04341,50.0,Male,UAE,Standard,2023-02-26
4342,Customer_04342,25.0,Male,Pakistan,Standard,2024-04-02
4343,Customer_04343,39.0,Female,India,Standard,2024-05-27
4344,Customer_04344,32.0,Male,India,Premium,2023-10-10
4345,Customer_04345,65.0,Female,India,Standard,2024-02-15
4346,Customer_04346,19.0,Female,India,Standard,2024-07-04
4347,Customer_04347,59.0,Male,Pakistan,Premium,2023-02-24
4348,Customer_04348,31.0,Female,USA,Budget,2023-06-16
4349,Customer_04349,19.0,Female,Germany,Premium,2025-04-20
4350,Customer_04350,49.0,Male,USA,Premium,2024-01-21
4351,Customer_04351,50.0,Female,Pakistan,Budget,2024-10-28
4352,Customer_04352,24.0,Female,UK,Budget,2024-09-12
4353,Customer_04353,19.0,Male,UAE,Standard,2024-08-27
4354,Customer_04354,23.0,Female,Pakistan,Budget,2024-03-29
4355,Customer_04355,37.0,Female,Canada,VIP,2024-06-13
4356,Customer_04356,24.0,Male,UK,Budget,2025-06-22
4357,Customer_04357,51.0,Other,Pakistan,Budget,2025-11-23
4358,Customer_04358,21.0,Female,Germany,Budget,2023-10-09
4359,Customer_04359,55.0,Female,Pakistan,Premium,2025-01-03
4360,Customer_04360,59.0,Male,India,Standard,2025-11-28
4361,Customer_04361,52.0,Male,Pakistan,Premium,2023-01-09
4362,Customer_04362,63.0,Male,Pakistan,VIP,2025-05-10
4363,Customer_04363,63.0,Female,Germany,Standard,2024-06-28
4364,Customer_04364,20.0,Female,UAE,Budget,2025-11-26
4365,Customer_04365,34.0,Female,Pakistan,Budget,2024-09-25
4366,Customer_04366,54.0,Male,UK,Premium,2025-07-07
4367,Customer_04367,34.0,Female,USA,Budget,2023-07-01
4368,Customer_04368,53.0,Female,Canada,Premium,2023-06-05
4369,Customer_04369,55.0,Female,Canada,Premium,2025-10-12
4370,Customer_04370,65.0,Female,Canada,Standard,2024-07-31
4371,Customer_04371,33.0,Female,Saudi Arabia,Standard,2024-09-03
4372,Customer_04372,34.0,Male,India,VIP,2023-07-06
4373,Customer_04373,19.0,Female,Canada,Premium,2023-09-06
4374,Customer_04374,31.0,Female,Pakistan,Standard,2025-06-15
4375,Customer_04375,31.0,Female,Pakistan,Standard,2023-11-29
4376,Customer_04376,39.0,Male,India,Standard,2024-10-02
4377,Customer_04377,38.0,Other,Pakistan,Standard,2023-12-13
4378,Customer_04378,59.0,Male,UAE,VIP,2023-10-16
4379,Customer_04379,55.0,Male,Canada,Standard,2023-07-01
4380,Customer_04380,52.0,Male,India,Premium,2025-10-15
4381,Customer_04381,18.0,Male,UAE,Budget,2025-10-27
4382,Customer_04382,40.0,Male,India,Premium,2023-05-07
4383,Customer_04383,53.0,Female,Saudi Arabia,Standard,2024-01-23
4384,Customer_04384,29.0,Female,Pakistan,Premium,2024-09-09
4385,Customer_04385,38.0,Male,Pakistan,Budget,2024-02-25
4386,Customer_04386,52.0,Female,Saudi Arabia,Premium,2025-03-01
4387,Customer_04387,56.0,Female,UAE,Standard,2023-10-13
4388,Customer_04388,59.0,Female,India,Standard,2023-03-06
4389,Customer_04389,38.0,Male,Pakistan,Standard,2024-01-05
4390,Customer_04390,37.0,Male,Pakistan,Standard,2024-10-17
4391,Customer_04391,36.0,Female,Saudi Arabia,Standard,2023-07-17
4392,Customer_04392,50.0,Female,India,Budget,2025-06-13
4393,Customer_04393,38.0,Female,India,Standard,2023-01-14
4394,Customer_04394,37.0,Male,Canada,Standard,2023-03-16
4395,Customer_04395,26.0,Female,UK,Standard,2024-07-11
4396,Customer_04396,40.0,Female,Pakistan,Standard,2024-07-15
4397,Customer_04397,29.0,Female,Saudi Arabia,Standard,2023-11-20
4398,Customer_04398,43.0,Female,Pakistan,Budget,2023-10-11
4399,Customer_04399,60.0,Female,Pakistan,Premium,2023-03-18
4400,Customer_04400,55.0,Female,Saudi Arabia,Standard,2024-12-27
4401,Customer_04401,40.0,Female,Pakistan,Standard,2024-02-20
4402,Customer_04402,64.0,Female,Pakistan,Premium,2023-05-11
4403,Customer_04403,65.0,Female,Canada,Premium,2024-03-14
4404,Customer_04404,39.0,Male,UK,Standard,2025-10-24
4405,Customer_04405,54.0,Female,Canada,Standard,2023-10-14
4406,Customer_04406,34.0,Female,USA,Premium,2025-09-07
4407,Customer_04407,60.0,Male,Pakistan,Premium,2023-10-11
4408,Customer_04408,35.0,Male,Saudi Arabia,Budget,2023-07-23
4409,Customer_04409,30.0,Female,India,Standard,2023-10-13
4410,Customer_04410,24.0,Female,Saudi Arabia,Premium,2023-12-21
4411,Customer_04411,58.0,Male,India,Premium,2023-05-13
4412,Customer_04412,32.0,Male,Pakistan,Budget,2024-10-06
4413,Customer_04413,57.0,Male,Pakistan,Standard,2024-01-01
4414,Customer_04414,22.0,Female,India ,Standard,2025-02-25
4415,Customer_04415,42.0,Female,Pakistan,,2024-06-22
4416,Customer_04416,38.0,Female,UAE,Standard,2024-04-30
4417,Customer_04417,39.0,Male,USA,Standard,2024-05-31
4418,Customer_04418,26.0,Female,UK,Budget,2023-06-21
4419,Customer_04419,21.0,Female, pakistan ,Standard,2025-02-20
4420,Customer_04420,34.0,Female,Pakistan,Premium,2023-04-25
4421,Customer_04421,40.0,Male,Canada,Premium,2025-03-01
4422,Customer_04422,56.0,Male,UAE,Premium,2025-12-31
4423,Customer_04423,,Female,India,Premium,2025-04-17
4424,Customer_04424,29.0,Male,Canada,VIP,2024-05-14
4425,Customer_04425,30.0,Female,Pakistan,Standard,2023-12-11
4426,Customer_04426,47.0,Female,India,Budget,2025-08-14
4427,Customer_04427,38.0,Male,Pakistan,Premium,2023-10-09
4428,Customer_04428,61.0,Male,Pakistan,Standard,2024-06-12
4429,Customer_04429,39.0,Female,India,Standard,2025-04-24
4430,Customer_04430,45.0,Female,Saudi Arabia,VIP,2025-10-07
4431,Customer_04431,21.0,Female,Pakistan,Standard,2025-10-06
4432,Customer_04432,27.0,Male,Saudi Arabia,Premium,2023-04-07
4433,Customer_04433,58.0,Female,USA,Standard,2025-09-11
4434,Customer_04434,34.0,Male,USA,Budget,2023-05-05
4435,Customer_04435,38.0,Female,Pakistan,Premium,2024-10-02
4436,Customer_04436,46.0,Female,UK,Premium,2025-10-15
4437,Customer_04437,20.0,Male,Pakistan,Standard,2024-12-18
4438,Customer_04438,42.0,Female,Saudi Arabia,Standard,2025-11-04
4439,Customer_04439,34.0,Female,India,Budget,2024-01-13
4440,Customer_04440,25.0,Male,Saudi Arabia,Budget,2023-12-11
4441,Customer_04441,38.0,Female,Pakistan,Budget,2023-12-24
4442,Customer_04442,39.0,Female,Saudi Arabia,Budget,2024-01-25
4443,Customer_04443,,Female,Pakistan,Standard,2025-01-18
4444,Customer_04444,44.0,Male,Pakistan,Standard,2024-05-10
4445,Customer_04445,53.0,Female,UAE,Budget,2025-03-19
4446,Customer_04446,30.0,Male,Pakistan,Standard,2024-04-01
4447,Customer_04447,64.0,Female,Saudi Arabia,Budget,2023-12-04
4448,Customer_04448,47.0,Female,Saudi Arabia,Budget,2023-07-28
4449,Customer_04449,55.0,Male,Saudi Arabia,VIP,2024-08-26
4450,Customer_04450,21.0,Male,UK,VIP,2025-09-11
4451,Customer_04451,54.0,Female,USA,Premium,2025-07-30
4452,Customer_04452,34.0,Male,Canada,Budget,2023-10-05
4453,Customer_04453,,Female,Pakistan,Premium,2024-06-07
4454,Customer_04454,56.0,Female,UAE,Budget,2025-02-11
4455,Customer_04455,30.0,Female,UK,Standard,2024-11-02
4456,Customer_04456,30.0,Male,Pakistan,Premium,2023-03-15
4457,Customer_04457,20.0,Male,Pakistan,Standard,2024-10-09
4458,Customer_04458,47.0,Male,Pakistan,Premium,2023-02-12
4459,Customer_04459,55.0,Female,UAE,Standard,2023-05-08
4460,Customer_04460,37.0,Female,India,Standard,2024-12-17
4461,Customer_04461,25.0,Female,Saudi Arabia,Budget,2023-04-23
4462,Customer_04462,33.0,Male,UAE,Premium,2024-01-07
4463,Customer_04463,37.0,Male,Saudi Arabia,Standard,2024-10-06
4464,Customer_04464,61.0,Male,Pakistan,Budget,2024-12-19
4465,Customer_04465,23.0,Female,UK,Budget,2024-05-03
4466,Customer_04466,34.0,Male,Saudi Arabia,VIP,2023-04-14
4467,Customer_04467,48.0,Male,Pakistan,Budget,2025-05-25
4468,Customer_04468,29.0,Female,Pakistan,VIP,2025-11-07
4469,Customer_04469,60.0,Female,Pakistan,Standard,2025-09-01
4470,Customer_04470,61.0,Male,Canada,Standard,2025-03-31
4471,Customer_04471,36.0,Female,Pakistan,Standard,2024-03-16
4472,Customer_04472,53.0,Male,Pakistan,Premium,2025-08-18
4473,Customer_04473,54.0,Male,Pakistan,Standard,2024-06-19
4474,Customer_04474,50.0,Male,Pakistan,Budget,2023-05-30
4475,Customer_04475,26.0,Male,India,Budget,2025-07-21
4476,Customer_04476,20.0,Female,USA,Premium,2023-12-17
4477,Customer_04477,34.0,Female,India,Standard,2025-10-25
4478,Customer_04478,24.0,Female,USA,Standard,2024-02-08
4479,Customer_04479,32.0,Male,Pakistan,Budget,2025-08-10
4480,Customer_04480,48.0,Female,India,Standard,2024-08-11
4481,Customer_04481,46.0,Female,UK,Premium,2024-05-27
4482,Customer_04482,28.0,Male,Saudi Arabia,Budget,2023-11-22
4483,Customer_04483,18.0,Other,USA,VIP,2025-07-04
4484,Customer_04484,28.0,Female,Pakistan,Premium,2023-03-08
4485,Customer_04485,39.0,Female,UAE,Standard,2024-05-28
4486,Customer_04486,55.0,Male,Saudi Arabia,Premium,2024-02-09
4487,Customer_04487,35.0,Female,Pakistan,Standard,2024-08-18
4488,Customer_04488,31.0,Female,USA,Standard,2023-10-06
4489,Customer_04489,44.0,Female,Pakistan,Budget,2024-12-29
4490,Customer_04490,21.0,Female,Pakistan,Premium,2024-02-27
4491,Customer_04491,28.0,Male,UK,Standard,2023-07-26
4492,Customer_04492,19.0,Female,Saudi Arabia,Premium,2023-08-04
4493,Customer_04493,43.0,Female,USA,Budget,2025-02-02
4494,Customer_04494,39.0,Female,Canada,Standard,2023-10-15
4495,Customer_04495,45.0,Male,Pakistan,VIP,2023-12-03
4496,Customer_04496,47.0,Male,Saudi Arabia,Standard,2024-11-18
4497,Customer_04497,36.0,Male,Germany,Budget,2023-12-28
4498,Customer_04498,59.0,Male,Pakistan,Premium,2024-03-01
4499,Customer_04499,,Female,India,Budget,2023-09-25
4500,Customer_04500,23.0,Male,Canada,Premium,2024-01-14
4501,Customer_04501,62.0,Female,Pakistan,Premium,2025-01-29
4502,Customer_04502,27.0,Female,Canada,Budget,2024-08-08
4503,Customer_04503,29.0,Female,India,Standard,2025-12-29
4504,Customer_04504,43.0,Male,Canada,VIP,2025-04-25
4505,Customer_04505,19.0,Female,Saudi Arabia,Premium,2023-01-19
4506,Customer_04506,35.0,Female,Saudi Arabia,Standard,2024-02-20
4507,Customer_04507,27.0,Female,UK,Standard,2023-11-14
4508,Customer_04508,41.0,Male,Pakistan,Standard,2024-10-05
4509,Customer_04509,,Female,Saudi Arabia,Budget,2023-10-19
4510,Customer_04510,62.0,Male,Canada,Standard,2025-11-24
4511,Customer_04511,28.0,Female,Germany,Standard,2023-11-25
4512,Customer_04512,44.0,Male,Germany,Standard,2024-07-26
4513,Customer_04513,40.0,Male,Saudi Arabia,Standard,2023-05-15
4514,Customer_04514,37.0,Female,Saudi Arabia,Premium,2025-09-24
4515,Customer_04515,48.0,Male,UAE,Budget,2025-09-26
4516,Customer_04516,65.0,Female,UAE,Budget,2025-05-19
4517,Customer_04517,37.0,Female,UAE,Budget,2024-01-21
4518,Customer_04518,21.0,Male,Pakistan,Budget,2023-03-06
4519,Customer_04519,61.0,Male,Pakistan,VIP,2025-02-18
4520,Customer_04520,62.0,Male,UAE,Standard,2024-04-15
4521,Customer_04521,33.0,Female,Pakistan,Budget,2025-12-21
4522,Customer_04522,42.0,Female,Pakistan,VIP,2025-02-04
4523,Customer_04523,59.0,Male,Pakistan,Budget,2024-08-13
4524,Customer_04524,42.0,Female,USA,Standard,2025-12-17
4525,Customer_04525,41.0,Male,Germany,Premium,2025-05-27
4526,Customer_04526,62.0,Female,Saudi Arabia,Premium,2024-05-17
4527,Customer_04527,57.0,Female,Canada,Budget,2023-01-21
4528,Customer_04528,42.0,Male,USA,Standard,2023-04-12
4529,Customer_04529,25.0,Female,Pakistan,Standard,2024-05-01
4530,Customer_04530,39.0,Male,Pakistan,Standard,2024-09-07
4531,Customer_04531,50.0,Female,Pakistan,Budget,2023-02-03
4532,Customer_04532,31.0,Female,Pakistan,Premium,2023-05-19
4533,Customer_04533,43.0,Female,UAE,Standard,2025-02-10
4534,Customer_04534,49.0,Female,Pakistan,Premium,2025-04-03
4535,Customer_04535,22.0,Female,Canada,Premium,2023-02-02
4536,Customer_04536,45.0,Male,UAE,Premium,2024-07-10
4537,Customer_04537,,Female,India,,2023-03-30
4538,Customer_04538,28.0,Male,Germany,,2025-03-03
4539,Customer_04539,44.0,Female,Germany,Budget,2025-07-03
4540,Customer_04540,52.0,Male,UK,Standard,2025-08-10
4541,Customer_04541,20.0,Other,USA,Budget,2024-10-17
4542,Customer_04542,48.0,Female,Germany,Standard,2024-11-20
4543,Customer_04543,30.0,Male,UAE,Premium,2025-10-12
4544,Customer_04544,37.0,Female,USA,Standard,2024-11-02
4545,Customer_04545,49.0,Female,Pakistan,Budget,2024-05-04
4546,Customer_04546,18.0,Male,India ,Premium,2025-04-07
4547,Customer_04547,18.0,Female,UAE,Standard,2024-10-09
4548,Customer_04548,39.0,Female,Pakistan,Standard,2025-07-12
4549,Customer_04549,63.0,Female,Pakistan,Standard,2024-07-29
4550,Customer_04550,18.0,Male,Pakistan,Budget,2025-08-10
4551,Customer_04551,55.0,Female,Pakistan,Premium,2023-02-19
4552,Customer_04552,21.0,Male,Pakistan,,2023-02-09
4553,Customer_04553,41.0,Female,India,Standard,2023-04-19
4554,Customer_04554,38.0,Male,USA,Budget,2024-09-01
4555,Customer_04555,40.0,Male,UAE,Budget,2025-02-16
4556,Customer_04556,21.0,Male,Saudi Arabia,Budget,2023-08-26
4557,Customer_04557,54.0,Male,Pakistan,Budget,2023-06-20
4558,Customer_04558,31.0,Female,USA,Premium,2025-07-31
4559,Customer_04559,55.0,Female,Pakistan,Premium,2025-04-02
4560,Customer_04560,49.0,Female,Pakistan,Budget,2024-12-11
4561,Customer_04561,44.0,Female,UAE,Budget,2024-06-19
4562,Customer_04562,32.0,Male,Canada,Premium,2024-04-05
4563,Customer_04563,49.0,Male,Germany,Budget,2023-01-23
4564,Customer_04564,65.0,Female,UK,Standard,2023-07-26
4565,Customer_04565,62.0,Female,UK,Budget,2025-09-10
4566,Customer_04566,61.0,Female,UAE,Standard,2024-01-07
4567,Customer_04567,28.0,Male,Saudi Arabia,VIP,2025-02-11
4568,Customer_04568,46.0,Female,Pakistan,Budget,2025-02-10
4569,Customer_04569,37.0,Male,Pakistan,VIP,2023-12-06
4570,Customer_04570,64.0,Female,Germany,Premium,2023-08-12
4571,Customer_04571,63.0,Male,Germany,VIP,2025-01-28
4572,Customer_04572,59.0,Female,Pakistan,Premium,2023-04-13
4573,Customer_04573,25.0,Male,Pakistan,Premium,2024-06-26
4574,Customer_04574,33.0,Female,Pakistan,Standard,2025-08-31
4575,Customer_04575,,Male,India,Premium,2025-02-18
4576,Customer_04576,53.0,Female,Pakistan,Budget,2025-04-17
4577,Customer_04577,34.0,Male,Saudi Arabia,Premium,2023-04-02
4578,Customer_04578,24.0,Female,Pakistan,Standard,2023-08-07
4579,Customer_04579,24.0,Male,Pakistan,Budget,2023-10-29
4580,Customer_04580,50.0,Male,Pakistan,Budget,2023-11-17
4581,Customer_04581,39.0,Female,UK,Budget,2023-08-01
4582,Customer_04582,41.0,Male,Pakistan,Standard,2025-12-01
4583,Customer_04583,57.0,Male,India,Budget,2023-06-30
4584,Customer_04584,18.0,Female,Saudi Arabia,Budget,2025-02-15
4585,Customer_04585,54.0,Female,UK,Budget,2024-10-05
4586,Customer_04586,31.0,Female,Pakistan,Standard,2024-10-31
4587,Customer_04587,62.0,Male,UK,Budget,2023-08-24
4588,Customer_04588,63.0,Female,Pakistan,Budget,2023-12-04
4589,Customer_04589,42.0,Female,Saudi Arabia,Standard,2024-10-26
4590,Customer_04590,33.0,Male,India,Standard,2023-11-24
4591,Customer_04591,29.0,Female,Canada,Budget,2025-01-30
4592,Customer_04592,26.0,Male,Germany,VIP,2023-02-13
4593,Customer_04593,65.0,Female,UK,Standard,2023-03-21
4594,Customer_04594,27.0,Female,Canada,Budget,2025-03-09
4595,Customer_04595,39.0,Female,Pakistan,Standard,2024-11-06
4596,Customer_04596,41.0,Male,Saudi Arabia,Premium,2023-02-17
4597,Customer_04597,50.0,Male,Pakistan,Standard,2025-09-12
4598,Customer_04598,58.0,Male,Pakistan,Budget,2023-01-06
4599,Customer_04599,44.0,Female,UAE,Standard,2025-11-13
4600,Customer_04600,54.0,Female,UK,Standard,2025-03-10
4601,Customer_04601,45.0,Female,UK,Standard,2025-12-19
4602,Customer_04602,38.0,Male,USA,VIP,2025-11-05
4603,Customer_04603,25.0,Female,UAE,VIP,2023-12-10
4604,Customer_04604,28.0,Male,Canada,Standard,2025-04-09
4605,Customer_04605,38.0,Male,USA,Budget,2023-08-20
4606,Customer_04606,20.0,Female,USA,Standard,2024-05-31
4607,Customer_04607,33.0,Female,Pakistan,VIP,2023-09-21
4608,Customer_04608,40.0,Female,UAE,Premium,2024-06-16
4609,Customer_04609,40.0,Other,UK,Budget,2025-08-14
4610,Customer_04610,57.0,Male,Germany,Budget,2024-04-23
4611,Customer_04611,64.0,Female,Pakistan,,2023-04-12
4612,Customer_04612,53.0,Female,Pakistan,Premium,2023-12-22
4613,Customer_04613,21.0,Female,India,Standard,2025-05-12
4614,Customer_04614,37.0,Male,Pakistan,Standard,2024-07-25
4615,Customer_04615,53.0,Male,USA,Standard,2024-09-05
4616,Customer_04616,46.0,Male,Pakistan,Budget,2024-04-17
4617,Customer_04617,,Male,India,Premium,2023-11-17
4618,Customer_04618,38.0,Male,Saudi Arabia,Standard,2024-10-17
4619,Customer_04619,37.0,Female,India,Budget,2024-11-24
4620,Customer_04620,,Female,Pakistan,Standard,2025-09-11
4621,Customer_04621,26.0,Male,UAE,Standard,2024-11-08
4622,Customer_04622,42.0,Female,UAE,Standard,2025-12-26
4623,Customer_04623,27.0,Female,Germany,Premium,2025-06-24
4624,Customer_04624,50.0,Female,UK,Budget,2023-03-28
4625,Customer_04625,59.0,Female,Germany,Budget,2024-03-05
4626,Customer_04626,42.0,Female,Pakistan,Budget,2024-02-26
4627,Customer_04627,36.0,Male,UK,Standard,2023-01-04
4628,Customer_04628,63.0,Male,UAE,Premium,2023-07-18
4629,Customer_04629,49.0,Female,Saudi Arabia,Standard,2025-04-15
4630,Customer_04630,38.0,Female,India,Premium,2024-01-21
4631,Customer_04631,19.0,Female,Pakistan,Premium,2023-06-12
4632,Customer_04632,18.0,Female,Pakistan,VIP,2023-11-12
4633,Customer_04633,28.0,Male,USA,Standard,2023-10-29
4634,Customer_04634,29.0,Male,USA,Budget,2023-07-11
4635,Customer_04635,52.0,Female,Pakistan,Premium,2023-04-21
4636,Customer_04636,42.0,Male,Saudi Arabia,Premium,2025-04-17
4637,Customer_04637,65.0,Female,UK,Standard,2025-06-22
4638,Customer_04638,43.0,Female,UAE,Premium,2024-06-27
4639,Customer_04639,61.0,Female,PAKISTAN,Standard,2024-11-05
4640,Customer_04640,44.0,Male,USA,Standard,2025-10-04
4641,Customer_04641,35.0,Female,Saudi Arabia,Budget,2025-07-12
4642,Customer_04642,52.0,Male,UK,Standard,2023-02-05
4643,Customer_04643,39.0,Female,Saudi Arabia,Budget,2025-11-10
4644,Customer_04644,31.0,Male,UK,Budget,2023-03-15
4645,Customer_04645,40.0,Female,Pakistan,Budget,2023-01-30
4646,Customer_04646,49.0,Female,Canada,Standard,2024-03-17
4647,Customer_04647,36.0,Male,India ,Premium,2025-03-28
4648,Customer_04648,51.0,Female,USA,Standard,2023-03-29
4649,Customer_04649,65.0,Male,Canada,Standard,2023-11-18
4650,Customer_04650,,Male,Saudi Arabia,Budget,2023-10-15
4651,Customer_04651,32.0,Female,UAE,Standard,2024-03-11
4652,Customer_04652,37.0,Female,Pakistan,Budget,2025-12-16
4653,Customer_04653,58.0,Male,India,Standard,2023-12-30
4654,Customer_04654,26.0,Female,UAE,Premium,2023-08-18
4655,Customer_04655,64.0,Female,Pakistan,Standard,2023-05-15
4656,Customer_04656,37.0,Female,Pakistan,Standard,2023-08-06
4657,Customer_04657,58.0,Male,Germany,Standard,2023-05-26
4658,Customer_04658,55.0,Male,Pakistan,Budget,2024-09-20
4659,Customer_04659,55.0,Female,India,Standard,2024-04-05
4660,Customer_04660,61.0,Male,Pakistan,Budget,2024-06-29
4661,Customer_04661,26.0,Male,Saudi Arabia,Standard,2025-07-01
4662,Customer_04662,46.0,Female,India,Premium,2024-09-28
4663,Customer_04663,22.0,Male,USA,Standard,2023-06-20
4664,Customer_04664,32.0,Female,UAE,Standard,2024-02-17
4665,Customer_04665,19.0,Male,Pakistan,Budget,2023-12-09
4666,Customer_04666,50.0,Female,India,Standard,2025-06-25
4667,Customer_04667,47.0,Female,Pakistan,Premium,2023-12-03
4668,Customer_04668,53.0,Other,USA,Standard,2023-06-01
4669,Customer_04669,26.0,Female,Pakistan,Premium,2025-03-17
4670,Customer_04670,33.0,Female,Pakistan,Budget,2024-04-14
4671,Customer_04671,50.0,Male,India,Budget,2023-04-16
4672,Customer_04672,57.0,Female,Pakistan,Standard,2025-01-25
4673,Customer_04673,60.0,Female,UAE,Premium,2023-08-19
4674,Customer_04674,21.0,Female,India,Budget,2025-08-09
4675,Customer_04675,37.0,Male,Germany,Premium,2025-07-01
4676,Customer_04676,18.0,Male,Pakistan,,2024-02-10
4677,Customer_04677,57.0,Female,UAE,Standard,2024-08-31
4678,Customer_04678,23.0,Female,UK,Standard,2024-09-14
4679,Customer_04679,57.0,Male,Pakistan,Standard,2024-12-17
4680,Customer_04680,25.0,Male,Saudi Arabia,Budget,2023-03-17
4681,Customer_04681,18.0,Female,USA,Budget,2023-12-23
4682,Customer_04682,60.0,Male,UK,Premium,2023-07-06
4683,Customer_04683,39.0,Female,Canada,Standard,2025-02-03
4684,Customer_04684,38.0,Male,UK,Budget,2023-03-17
4685,Customer_04685,49.0,Male,India,Standard,2024-07-20
4686,Customer_04686,31.0,Male,Canada,Budget,2025-03-08
4687,Customer_04687,51.0,Female,Pakistan,Standard,2025-11-05
4688,Customer_04688,38.0,Female,UAE,Standard,2023-11-12
4689,Customer_04689,31.0,Male,UK,Budget,2023-01-09
4690,Customer_04690,36.0,Male,USA,Standard,2025-03-04
4691,Customer_04691,18.0,Male,Canada,Standard,2023-01-02
4692,Customer_04692,32.0,Male,Pakistan,Premium,2023-03-14
4693,Customer_04693,46.0,Female,UK,Standard,2025-12-21
4694,Customer_04694,24.0,Male,Pakistan,Standard,2025-08-03
4695,Customer_04695,23.0,Female,UK,Premium,2025-02-14
4696,Customer_04696,49.0,Male,Saudi Arabia,Budget,2025-07-04
4697,Customer_04697,38.0,Male,Pakistan,Standard,2023-03-24
4698,Customer_04698,24.0,Male,USA,Budget,2023-04-08
4699,Customer_04699,53.0,Male,India,Budget,2023-11-26
4700,Customer_04700,55.0,Male,PAKISTAN,Standard,2023-01-27
4701,Customer_04701,19.0,Male,Germany,Budget,2025-08-31
4702,Customer_04702,27.0,Male,Saudi Arabia,Standard,2023-03-03
4703,Customer_04703,35.0,Female,UAE,Standard,2024-08-19
4704,Customer_04704,53.0,Male,Pakistan,Budget,2025-07-24
4705,Customer_04705,21.0,Male,Pakistan,Standard,2025-03-16
4706,Customer_04706,56.0,Male,Pakistan,Standard,2023-09-15
4707,Customer_04707,33.0,Female,Pakistan,Standard,2024-05-30
4708,Customer_04708,24.0,Female,India,,2024-08-23
4709,Customer_04709,59.0,Female,UAE,Standard,2025-04-21
4710,Customer_04710,22.0,Female,Saudi Arabia,Premium,2024-04-12
4711,Customer_04711,24.0,Female,Pakistan,Standard,2023-11-09
4712,Customer_04712,63.0,Male,UAE,Budget,2025-05-21
4713,Customer_04713,42.0,Female,Canada,Standard,2025-08-29
4714,Customer_04714,40.0,Female,Pakistan,Budget,2024-06-19
4715,Customer_04715,50.0,Male,Saudi Arabia,Budget,2023-01-31
4716,Customer_04716,48.0,Male,Pakistan,Budget,2024-07-02
4717,Customer_04717,47.0,Male,UAE,Premium,2025-09-01
4718,Customer_04718,19.0,Male,UK,Premium,2025-12-20
4719,Customer_04719,44.0,Female,Pakistan,VIP,2024-03-15
4720,Customer_04720,31.0,Male,Pakistan,Standard,2023-06-14
4721,Customer_04721,56.0,Female,USA,Standard,2024-09-19
4722,Customer_04722,42.0,Other,Pakistan,Premium,2025-06-29
4723,Customer_04723,23.0,Male,UK,Standard,2025-11-01
4724,Customer_04724,60.0,Male,UAE,Standard,2023-02-26
4725,Customer_04725,31.0,Female,Pakistan,Budget,2023-11-15
4726,Customer_04726,31.0,Female,UK,Standard,2024-06-07
4727,Customer_04727,62.0,Male,UAE,Standard,2023-04-18
4728,Customer_04728,55.0,Male,Pakistan,Standard,2025-08-29
4729,Customer_04729,59.0,Female,Canada,Budget,2023-05-03
4730,Customer_04730,49.0,Female,India,Premium,2024-12-30
4731,Customer_04731,61.0,Male,UK,Standard,2025-10-03
4732,Customer_04732,23.0,Male,Pakistan,Budget,2025-01-20
4733,Customer_04733,,Other,Pakistan,Standard,2025-04-16
4734,Customer_04734,32.0,Male,UK,VIP,2023-10-16
4735,Customer_04735,37.0,Male,Saudi Arabia,Standard,2025-06-25
4736,Customer_04736,29.0,Female,Pakistan,Standard,2024-04-03
4737,Customer_04737,27.0,Male,UK,Standard,2023-03-09
4738,Customer_04738,39.0,Male,UAE,VIP,2024-02-06
4739,Customer_04739,62.0,Female,India,Standard,2024-01-19
4740,Customer_04740,48.0,Female,UK,Budget,2024-07-25
4741,Customer_04741,34.0,Female,UAE,Standard,2023-10-18
4742,Customer_04742,38.0,Male,UAE,Premium,2024-05-21
4743,Customer_04743,43.0,Female,UK,Budget,2024-04-14
4744,Customer_04744,29.0,Female,UAE,Budget,2023-12-25
4745,Customer_04745,43.0,Female,Canada,Budget,2025-02-02
4746,Customer_04746,51.0,Female,USA,Standard,2023-12-01
4747,Customer_04747,29.0,Female,India,Standard,2025-04-19
4748,Customer_04748,46.0,Female,India,Standard,2023-10-02
4749,Customer_04749,52.0,Female,Germany,Budget,2025-08-05
4750,Customer_04750,42.0,Male,Canada,Premium,2024-02-05
4751,Customer_04751,32.0,Female,Pakistan,Budget,2023-02-14
4752,Customer_04752,44.0,Female,Pakistan,Premium,2023-06-14
4753,Customer_04753,56.0,Male,India,Budget,2025-06-02
4754,Customer_04754,28.0,Male,USA,Premium,2025-08-13
4755,Customer_04755,45.0,Female,Canada,Standard,2023-08-21
4756,Customer_04756,50.0,Male,India ,Standard,2024-10-21
4757,Customer_04757,33.0,Female,Pakistan,Budget,2024-09-21
4758,Customer_04758,36.0,Female,USA,Budget,2023-05-27
4759,Customer_04759,60.0,Male,Pakistan,Standard,2024-05-10
4760,Customer_04760,35.0,Male,India,Standard,2025-01-30
4761,Customer_04761,46.0,Female,India,Premium,2025-11-25
4762,Customer_04762,25.0,Male,UAE,Standard,2025-07-18
4763,Customer_04763,62.0,Female,UAE,Standard,2023-04-18
4764,Customer_04764,46.0,Male,Pakistan,Premium,2023-09-18
4765,Customer_04765,54.0,Male,Pakistan,Standard,2024-04-23
4766,Customer_04766,46.0,Female,USA,Premium,2023-06-15
4767,Customer_04767,35.0,Male,Pakistan,Standard,2024-09-17
4768,Customer_04768,34.0,Female,India,Standard,2023-01-10
4769,Customer_04769,51.0,Female,Pakistan,Premium,2023-05-05
4770,Customer_04770,59.0,Male,Pakistan,Budget,2023-02-21
4771,Customer_04771,24.0,Male,Pakistan,Budget,2023-11-20
4772,Customer_04772,58.0,Female,Saudi Arabia,Budget,2025-04-15
4773,Customer_04773,57.0,Female,India,Standard,2023-07-14
4774,Customer_04774,23.0,Female,Pakistan,Standard,2025-12-17
4775,Customer_04775,23.0,Female,USA,Budget,2023-10-23
4776,Customer_04776,51.0,Male,Pakistan,Budget,2023-02-19
4777,Customer_04777,58.0,Male,UK,Standard,2024-01-03
4778,Customer_04778,36.0,Female,PAKISTAN,Budget,2025-03-30
4779,Customer_04779,48.0,Female,Canada,Budget,2023-04-27
4780,Customer_04780,65.0,Female,Pakistan,Budget,2023-03-20
4781,Customer_04781,33.0,Male,UAE,Premium,2025-07-19
4782,Customer_04782,28.0,Female,Saudi Arabia,Standard,2024-10-10
4783,Customer_04783,65.0,Female,UAE,Budget,2024-01-12
4784,Customer_04784,31.0,Male,USA,Budget,2025-04-08
4785,Customer_04785,40.0,Female,Pakistan,Budget,2025-07-14
4786,Customer_04786,39.0,Female,India,Standard,2024-01-29
4787,Customer_04787,43.0,Male,USA,Standard,2024-09-07
4788,Customer_04788,30.0,Male,USA,Premium,2023-01-12
4789,Customer_04789,50.0,Male,India,Premium,2023-12-02
4790,Customer_04790,51.0,Female,UAE,Standard,2024-10-14
4791,Customer_04791,27.0,Male,UK,Budget,2023-08-05
4792,Customer_04792,41.0,Male,UK,Standard,2025-12-22
4793,Customer_04793,20.0,Male,USA,Premium,2025-11-30
4794,Customer_04794,28.0,Male,USA,Budget,2023-10-10
4795,Customer_04795,65.0,Male,India,Premium,2024-03-10
4796,Customer_04796,42.0,Female,Saudi Arabia,Budget,2023-07-27
4797,Customer_04797,47.0,Male,India,Standard,2024-07-06
4798,Customer_04798,60.0,Male,Pakistan,Budget,2023-05-16
4799,Customer_04799,52.0,Male,USA,Standard,2024-03-04
4800,Customer_04800,56.0,Male,UAE,Budget,2024-08-31
4801,Customer_04801,52.0,Male,Pakistan,Standard,2024-11-01
4802,Customer_04802,41.0,Female,Saudi Arabia,Standard,2024-10-15
4803,Customer_04803,48.0,Female,Pakistan,Standard,2023-08-31
4804,Customer_04804,31.0,Female,Pakistan,Standard,2025-05-18
4805,Customer_04805,60.0,Male,UAE,Budget,2025-01-28
4806,Customer_04806,26.0,Female,UK,Standard,2025-04-05
4807,Customer_04807,60.0,Female,UAE,Budget,2024-05-27
4808,Customer_04808,60.0,Male,Pakistan,Standard,2025-09-05
4809,Customer_04809,24.0,Male,UAE,Budget,2024-03-03
4810,Customer_04810,52.0,Female,Pakistan,Standard,2025-06-02
4811,Customer_04811,65.0,Male,Canada,Standard,2023-08-12
4812,Customer_04812,45.0,Male,Pakistan,VIP,2023-09-29
4813,Customer_04813,34.0,Female,USA,Standard,2024-07-31
4814,Customer_04814,,Male,Pakistan,Budget,2024-09-01
4815,Customer_04815,42.0,Female,Pakistan,Standard,2025-03-28
4816,Customer_04816,23.0,Male,India,Budget,2023-11-22
4817,Customer_04817,29.0,Male,UK,Budget,2025-08-14
4818,Customer_04818,50.0,Male,Canada,Standard,2023-12-28
4819,Customer_04819,39.0,Male,UAE,Premium,2024-08-08
4820,Customer_04820,28.0,Female,India,VIP,2025-10-18
4821,Customer_04821,56.0,Female,Pakistan,Premium,2024-08-14
4822,Customer_04822,23.0,Female,UAE,Budget,2025-01-17
4823,Customer_04823,28.0,Female,India,Budget,2025-09-22
4824,Customer_04824,40.0,Male,Canada,Premium,2025-12-04
4825,Customer_04825,19.0,Male,India,Budget,2024-07-01
4826,Customer_04826,36.0,Male,UK,Standard,2024-04-01
4827,Customer_04827,61.0,Female,USA,VIP,2023-08-04
4828,Customer_04828,63.0,Female,Pakistan,Budget,2024-08-12
4829,Customer_04829,59.0,Male,India,Standard,2025-10-03
4830,Customer_04830,33.0,Female,Canada,Premium,2024-06-17
4831,Customer_04831,21.0,Female,India,Standard,2024-01-17
4832,Customer_04832,57.0,Male,UAE,Premium,2023-04-28
4833,Customer_04833,35.0,Female,USA,Standard,2024-03-03
4834,Customer_04834,53.0,Female,Pakistan,Standard,2023-09-17
4835,Customer_04835,23.0,Female,Canada,Premium,2025-12-06
4836,Customer_04836,50.0,Male,India,Premium,2024-08-01
4837,Customer_04837,46.0,Male,UAE,Premium,2023-05-31
4838,Customer_04838,62.0,Male,Pakistan,Standard,2023-03-15
4839,Customer_04839,22.0,Female,UAE,Standard,2025-07-21
4840,Customer_04840,37.0,Female,Pakistan,Standard,2025-10-17
4841,Customer_04841,65.0,Female,Pakistan,Budget,2025-04-16
4842,Customer_04842,36.0,Male,India,VIP,2023-05-16
4843,Customer_04843,49.0,Male,Pakistan,VIP,2023-04-18
4844,Customer_04844,25.0,Female,UAE,Standard,2023-08-05
4845,Customer_04845,52.0,Male,Pakistan,VIP,2025-04-03
4846,Customer_04846,31.0,Female,Pakistan,Standard,2025-04-18
4847,Customer_04847,45.0,Female,Pakistan,Premium,2025-07-07
4848,Customer_04848,60.0,Male,India,Standard,2023-04-17
4849,Customer_04849,49.0,Male,Pakistan,Standard,2023-06-17
4850,Customer_04850,40.0,Male,Pakistan,Standard,2025-09-13
4851,Customer_04851,27.0,Male,UAE,Standard,2025-10-14
4852,Customer_04852,34.0,Female,UK,Premium,2025-03-06
4853,Customer_04853,58.0,Male,Saudi Arabia,Standard,2023-04-27
4854,Customer_04854,28.0,Male,Pakistan,Premium,2023-03-17
4855,Customer_04855,49.0,Male,USA,Budget,2023-03-02
4856,Customer_04856,41.0,Male,UAE,Budget,2025-01-28
4857,Customer_04857,33.0,Female,UAE,Standard,2025-07-16
4858,Customer_04858,52.0,Female,Pakistan,Premium,2024-11-23
4859,Customer_04859,35.0,Female,Pakistan,Premium,2023-10-15
4860,Customer_04860,31.0,Female,India,Budget,2025-04-10
4861,Customer_04861,43.0,Male,Pakistan,Budget,2023-03-06
4862,Customer_04862,54.0,Female,Saudi Arabia,Standard,2025-06-26
4863,Customer_04863,59.0,Male,Pakistan,Premium,2025-09-04
4864,Customer_04864,48.0,Female,Pakistan,VIP,2025-02-26
4865,Customer_04865,49.0,Male,Pakistan,Premium,2025-08-21
4866,Customer_04866,55.0,Male,Pakistan,Standard,2024-10-04
4867,Customer_04867,30.0,Male,India,Premium,2024-05-28
4868,Customer_04868,30.0,Female,Pakistan,Budget,2023-12-20
4869,Customer_04869,41.0,Male,UAE,Premium,2025-10-07
4870,Customer_04870,48.0,Female,Pakistan,Standard,2025-02-03
4871,Customer_04871,49.0,Male,UAE,Standard,2023-07-28
4872,Customer_04872,25.0,Female,Canada,Standard,2025-11-14
4873,Customer_04873,55.0,Female,USA,Premium,2023-03-06
4874,Customer_04874,35.0,Male,UAE,Budget,2024-10-05
4875,Customer_04875,,Male,India,Budget,2023-07-28
4876,Customer_04876,52.0,Male,Saudi Arabia,Premium,2024-12-29
4877,Customer_04877,65.0,Female,Canada,VIP,2024-03-28
4878,Customer_04878,48.0,Female,India,Standard,2024-04-24
4879,Customer_04879,43.0,Male,Pakistan,Budget,2025-01-06
4880,Customer_04880,27.0,Male,UK,Standard,2025-04-08
4881,Customer_04881,37.0,Male,Pakistan,Budget,2024-02-21
4882,Customer_04882,59.0,Male,UK,Standard,2025-12-29
4883,Customer_04883,36.0,Female,India ,Budget,2024-06-30
4884,Customer_04884,20.0,Male,Pakistan,Standard,2023-06-25
4885,Customer_04885,29.0,Male,UK,Standard,2023-01-08
4886,Customer_04886,46.0,Female,Saudi Arabia,Budget,2023-08-10
4887,Customer_04887,48.0,Female,UAE,Standard,2025-01-27
4888,Customer_04888,65.0,Female,USA,Standard,2024-08-14
4889,Customer_04889,62.0,Male,USA,Budget,2024-01-06
4890,Customer_04890,43.0,Female,India,Budget,2024-06-11
4891,Customer_04891,44.0,Female,Germany,Standard,2025-07-07
4892,Customer_04892,56.0,Female,India,Premium,2024-09-18
4893,Customer_04893,20.0,Male,Pakistan,Premium,2023-03-05
4894,Customer_04894,46.0,Female,USA,Standard,2023-02-23
4895,Customer_04895,40.0,Female,India,Standard,2024-06-12
4896,Customer_04896,55.0,Female,USA,Premium,2024-03-19
4897,Customer_04897,56.0,Female,Pakistan,Standard,2025-07-21
4898,Customer_04898,49.0,Female,Pakistan,Standard,2024-09-30
4899,Customer_04899,49.0,Female,Pakistan,Budget,2025-04-09
4900,Customer_04900,51.0,Female,UAE,Budget,2024-10-03
4901,Customer_04901,45.0,Male,USA,Standard,2024-01-14
4902,Customer_04902,28.0,Male,India,Standard,2024-12-21
4903,Customer_04903,31.0,Female,Pakistan,VIP,2024-11-12
4904,Customer_04904,53.0,Female,India,Budget,2025-02-28
4905,Customer_04905,47.0,Female,India,Standard,2023-07-27
4906,Customer_04906,29.0,Female,Saudi Arabia,VIP,2024-12-04
4907,Customer_04907,60.0,Female,Saudi Arabia,Standard,2023-11-09
4908,Customer_04908,65.0,Female,Pakistan,Budget,2025-05-16
4909,Customer_04909,48.0,Male,India,VIP,2025-05-25
4910,Customer_04910,28.0,Female,Saudi Arabia,Standard,2024-11-15
4911,Customer_04911,63.0,Male,Pakistan,Budget,2025-11-03
4912,Customer_04912,29.0,Female,India,Standard,2024-08-12
4913,Customer_04913,38.0,Female,UAE,Budget,2023-01-28
4914,Customer_04914,59.0,Male,India,Premium,2024-10-26
4915,Customer_04915,42.0,Male,Pakistan,Budget,2025-05-02
4916,Customer_04916,29.0,Male,Pakistan,Premium,2023-04-21
4917,Customer_04917,21.0,Female,UK,Budget,2023-04-25
4918,Customer_04918,35.0,Male,Pakistan,Premium,2023-10-27
4919,Customer_04919,,Male,USA,Budget,2025-07-14
4920,Customer_04920,52.0,Female,India,Premium,2024-08-01
4921,Customer_04921,28.0,Male,India,Budget,2025-12-06
4922,Customer_04922,25.0,Female,UK,Premium,2025-08-14
4923,Customer_04923,51.0,Female,India,Premium,2024-08-31
4924,Customer_04924,25.0,Male,Pakistan,Standard,2025-01-14
4925,Customer_04925,21.0,Male,Pakistan,Budget,2023-12-29
4926,Customer_04926,41.0,Female,Saudi Arabia,Standard,2023-04-10
4927,Customer_04927,45.0,Female,India,Standard,2024-03-13
4928,Customer_04928,29.0,Male,USA,Standard,2024-10-11
4929,Customer_04929,,Female,India,Standard,2023-07-19
4930,Customer_04930,29.0,Female,India,VIP,2023-09-01
4931,Customer_04931,34.0,Male,Pakistan,VIP,2023-01-17
4932,Customer_04932,18.0,Female,Pakistan,Standard,2025-03-15
4933,Customer_04933,18.0,Female,USA,Budget,2025-09-12
4934,Customer_04934,35.0,Male,Pakistan,Budget,2025-06-25
4935,Customer_04935,18.0,Female,Canada,Premium,2024-02-21
4936,Customer_04936,33.0,Male,Pakistan,VIP,2024-10-12
4937,Customer_04937,45.0,Male,UAE,Standard,2025-11-19
4938,Customer_04938,19.0,Male,Pakistan,Budget,2024-10-10
4939,Customer_04939,47.0,Female,UK,Standard,2023-11-21
4940,Customer_04940,47.0,Female,Pakistan,Standard,2024-01-07
4941,Customer_04941,45.0,Female,UAE,VIP,2025-03-07
4942,Customer_04942,48.0,Male,Canada,Standard,2024-05-04
4943,Customer_04943,56.0,Female,Saudi Arabia,Budget,2025-07-06
4944,Customer_04944,21.0,Female,Pakistan,Standard,2025-08-05
4945,Customer_04945,26.0,Male,USA,Budget,2023-02-09
4946,Customer_04946,33.0,Male,India,Standard,2025-03-03
4947,Customer_04947,51.0,Female,Pakistan,Standard,2024-02-10
4948,Customer_04948,59.0,Male,India,Budget,2024-07-23
4949,Customer_04949,62.0,Female,USA,Standard,2023-10-18
4950,Customer_04950,45.0,Female,India ,Premium,2024-02-08
4951,Customer_04951,37.0,Male,UK,Premium,2023-12-29
4952,Customer_04952,37.0,Other,Saudi Arabia,Standard,2023-02-25
4953,Customer_04953,20.0,Female,India,Standard,2025-05-07
4954,Customer_04954,40.0,Male,Pakistan,,2023-06-06
4955,Customer_04955,42.0,Female,UK,,2024-02-16
4956,Customer_04956,27.0,Male,India,VIP,2023-07-31
4957,Customer_04957,54.0,Female,Pakistan,Budget,2023-06-26
4958,Customer_04958,56.0,Male,Pakistan,Budget,2024-02-14
4959,Customer_04959,32.0,Male,USA,Budget,2025-10-03
4960,Customer_04960,61.0,Male,Pakistan,Premium,2025-10-31
4961,Customer_04961,23.0,Male,Pakistan,Standard,2024-02-23
4962,Customer_04962,61.0,Male,Pakistan,Budget,2024-07-07
4963,Customer_04963,54.0,Male,Pakistan,VIP,2025-12-16
4964,Customer_04964,28.0,Female,Germany,VIP,2023-09-15
4965,Customer_04965,49.0,Male,UAE,Budget,2025-11-01
4966,Customer_04966,32.0,Male,UK,Standard,2023-04-26
4967,Customer_04967,56.0,Male,UK,Standard,2023-09-05
4968,Customer_04968,25.0,Female,India,Budget,2024-01-06
4969,Customer_04969,29.0,Male,USA,Standard,2023-02-10
4970,Customer_04970,32.0,Female,Germany,Budget,2025-06-13
4971,Customer_04971,27.0,Female,UK,Premium,2025-07-26
4972,Customer_04972,33.0,Male,PAKISTAN,Premium,2024-02-25
4973,Customer_04973,46.0,Other,India,Premium,2025-07-05
4974,Customer_04974,48.0,Male,USA,Premium,2025-04-26
4975,Customer_04975,44.0,Female,Pakistan,Budget,2025-05-28
4976,Customer_04976,27.0,Male,UK,Standard,2025-05-29
4977,Customer_04977,27.0,Female,India,Standard,2024-09-20
4978,Customer_04978,62.0,Female,UAE,Standard,2023-05-02
4979,Customer_04979,30.0,Male,Canada,Standard,2025-10-09
4980,Customer_04980,22.0,Male,UAE,Standard,2024-10-29
4981,Customer_04981,39.0,Male,Pakistan,Budget,2025-09-14
4982,Customer_04982,18.0,Male, pakistan ,Standard,2025-11-17
4983,Customer_04983,34.0,Other,Canada,Standard,2023-07-25
4984,Customer_04984,59.0,Female,Saudi Arabia,Standard,2024-03-16
4985,Customer_04985,30.0,Female,USA,,2023-07-30
4986,Customer_04986,51.0,Female,USA,Standard,2023-02-25
4987,Customer_04987,41.0,Female,USA,Premium,2025-11-25
4988,Customer_04988,35.0,Female,India,Standard,2025-10-08
4989,Customer_04989,49.0,Male,India,Standard,2025-10-18
4990,Customer_04990,46.0,Male,USA,Standard,2025-08-26
4991,Customer_04991,33.0,Male,Canada,Standard,2024-12-12
4992,Customer_04992,28.0,Male,Pakistan,Budget,2024-07-26
4993,Customer_04993,62.0,Male,Pakistan,Standard,2025-12-22
4994,Customer_04994,26.0,Male,India,Budget,2024-08-28
4995,Customer_04995,64.0,Male,UK,Premium,2024-12-05
4996,Customer_04996,40.0,Male,USA,Premium,2023-08-21
4997,Customer_04997,65.0,Male,UAE,Standard,2025-03-29
4998,Customer_04998,34.0,Male,Pakistan,Premium,2025-06-17
4999,Customer_04999,45.0,Male,Pakistan,Standard,2025-01-13
5000,Customer_05000,47.0,Male,USA,Budget,2024-06-30
1502,Customer_01502,64.0,Male,UAE,Budget,2023-10-13
2587,Customer_02587,57.0,Male,Pakistan,Premium,2024-02-10
2654,Customer_02654,30.0,Male,Saudi Arabia,Premium,2024-02-13
1056,Customer_01056,59.0,Male,UK,VIP,2025-12-27
706,Customer_00706,57.0,Male,UAE,Budget,2024-09-11
107,Customer_00107,54.0,Male,Pakistan,Standard,2025-05-05
590,Customer_00590,58.0,Female,UAE,Premium,2025-07-13
2469,Customer_02469,61.0,Female,Pakistan,Premium,2023-01-30
2414,Customer_02414,33.0,Female,Canada,Budget,2024-10-21
1601,Customer_01601,24.0,Male,USA,Standard,2023-11-27
2465,Customer_02465,39.0,Female,USA,Standard,2024-05-23
229,Customer_00229,22.0,Male,Pakistan,Budget,2024-08-22
916,Customer_00916,18.0,Female,Germany,Budget,2024-05-17
795,Customer_00795,37.0,Female,Pakistan,Standard,2024-04-17
3022,Customer_03022,30.0,Male,India,Premium,2023-05-24
